child	parent
n00000	n03429
n00001	n00515
n00002	n07753
n00002	n09675
n00002	n09682
n00003	n01483
n00003	n01985
n00004	n04926
n00004	n06783
n00004	n09705
n00005	n00925
n00005	n03205
n00006	n05021
n00006	n05368
n00006	n07366
n00006	n08842
n00007	n00925
n00007	n03099
n00007	n08377
n00008	n00005
n00009	n01248
n00010	n01849
n00010	n04184
n00010	n05289
n00011	n03431
n00011	n03627
n00011	n05394
n00011	n07075
n00012	n01030
n00013	n00609
n00013	n02041
n00013	n07464
n00014	n02822
n00014	n04576
n00014	n06874
n00014	n07446
n00015	n00349
n00015	n01518
n00016	n03828
n00016	n04521
n00017	n02626
n00017	n05967
n00018	n00007
n00019	n00231
n00020	n01439
n00021	n00446
n00021	n02246
n00021	n07171
n00022	n01399
n00022	n08829
n00023	n02063
n00023	n07397
n00024	n01096
n00024	n01360
n00025	n01173
n00025	n01206
n00025	n03486
n00026	n02134
n00026	n04779
n00026	n06310
n00026	n06311
n00026	n08460
n00026	n09094
n00026	n10015
n00027	n02506
n00027	n03487
n00027	n08828
n00028	n00186
n00028	n05343
n00029	n01519
n00029	n02248
n00029	n07590
n00030	n01247
n00030	n02666
n00030	n09677
n00031	n01428
n00031	n05738
n00031	n07889
n00031	n09851
n00032	n03679
n00033	n01204
n00033	n04188
n00033	n07185
n00033	n09064
n00034	n00233
n00035	n00980
n00035	n01673
n00035	n02226
n00035	n03076
n00036	n03209
n00036	n03994
n00036	n06856
n00036	n06885
n00037	n00101
n00037	n06197
n00038	n01587
n00038	n05815
n00038	n08023
n00038	n09678
n00039	n01429
n00039	n08644
n00040	n00008
n00040	n00232
n00041	n00020
n00042	n03948
n00042	n05460
n00042	n08970
n00043	n00021
n00044	n01259
n00044	n01631
n00045	n01474
n00045	n03584
n00045	n05321
n00045	n06926
n00045	n08018
n00045	n09348
n00045	n10463
n00046	n02088
n00046	n06148
n00047	n00309
n00047	n03185
n00047	n04256
n00048	n01601
n00048	n03959
n00049	n00961
n00049	n03319
n00050	n00805
n00050	n02802
n00050	n07312
n00051	n02014
n00051	n02762
n00051	n05658
n00051	n06034
n00051	n08184
n00052	n01257
n00052	n01462
n00052	n05563
n00052	n06311
n00053	n00271
n00053	n01159
n00053	n03590
n00054	n02393
n00054	n02632
n00054	n03109
n00054	n05828
n00054	n07322
n00054	n10025
n00055	n01031
n00055	n02045
n00055	n02316
n00055	n05769
n00056	n04691
n00056	n08377
n00056	n08829
n00057	n00012
n00057	n01192
n00058	n01270
n00058	n04528
n00058	n05116
n00058	n05833
n00058	n06252
n00058	n08309
n00058	n09819
n00059	n00022
n00059	n01731
n00060	n01268
n00060	n01659
n00060	n07050
n00060	n07267
n00060	n08071
n00061	n00107
n00061	n05018
n00062	n01720
n00063	n02015
n00063	n02449
n00063	n06752
n00063	n07689
n00063	n08455
n00063	n09965
n00064	n02565
n00064	n03447
n00064	n04026
n00064	n05292
n00064	n06638
n00064	n09444
n00064	n09915
n00065	n01737
n00065	n04377
n00065	n05086
n00065	n06240
n00065	n07681
n00066	n01023
n00066	n01260
n00066	n08297
n00066	n08649
n00066	n09909
n00067	n00636
n00067	n03216
n00067	n05541
n00067	n07543
n00068	n01072
n00068	n03547
n00068	n03964
n00068	n05103
n00068	n05543
n00068	n07079
n00068	n08568
n00068	n09407
n00068	n09414
n00069	n01791
n00069	n09680
n00069	n09754
n00070	n02276
n00070	n08829
n00071	n00019
n00071	n08829
n00072	n00272
n00072	n03688
n00072	n04260
n00073	n00110
n00073	n06320
n00073	n09068
n00074	n00034
n00075	n00784
n00075	n02539
n00075	n06649
n00076	n00031
n00077	n00049
n00078	n02974
n00078	n03465
n00078	n08088
n00078	n10300
n00079	n01537
n00079	n05060
n00079	n05666
n00080	n00032
n00080	n01675
n00081	n03364
n00081	n06007
n00081	n06438
n00082	n01881
n00083	n02017
n00083	n03055
n00083	n03904
n00083	n08787
n00083	n09526
n00084	n00319
n00084	n01098
n00085	n00070
n00086	n00071
n00087	n00207
n00087	n07338
n00087	n08829
n00088	n00639
n00088	n02673
n00088	n05721
n00088	n08829
n00089	n00077
n00089	n09678
n00090	n00127
n00090	n09946
n00091	n00063
n00091	n07879
n00092	n00208
n00092	n03036
n00093	n00286
n00093	n10625
n00094	n00166
n00095	n00214
n00096	n00515
n00097	n01545
n00097	n01894
n00097	n04631
n00098	n06756
n00098	n07065
n00098	n08967
n00099	n01381
n00099	n05023
n00099	n05469
n00100	n00006
n00100	n05493
n00101	n01382
n00101	n03145
n00101	n06302
n00101	n06338
n00101	n07395
n00102	n02217
n00102	n04518
n00102	n07071
n00102	n07447
n00102	n08917
n00103	n01092
n00103	n01517
n00103	n03953
n00104	n03530
n00104	n04576
n00104	n05136
n00104	n07466
n00104	n07831
n00104	n08921
n00104	n09049
n00105	n02453
n00105	n04697
n00106	n02449
n00106	n02922
n00106	n05787
n00106	n07551
n00106	n07552
n00107	n01570
n00107	n02312
n00108	n04251
n00109	n01158
n00109	n01296
n00110	n03153
n00110	n04592
n00110	n07169
n00110	n07170
n00110	n09779
n00111	n02140
n00111	n02314
n00111	n05037
n00111	n05964
n00111	n06916
n00111	n08424
n00112	n00312
n00113	n00023
n00114	n01461
n00114	n01657
n00114	n02201
n00114	n03788
n00114	n06822
n00115	n01384
n00115	n02718
n00115	n04371
n00116	n00574
n00116	n01400
n00116	n03902
n00116	n04874
n00117	n02012
n00117	n03323
n00118	n02274
n00118	n03844
n00118	n05656
n00118	n05820
n00119	n01993
n00119	n02087
n00119	n04030
n00119	n04348
n00119	n04360
n00119	n05284
n00120	n00025
n00121	n00027
n00121	n01475
n00121	n04835
n00122	n03404
n00122	n05203
n00122	n05796
n00122	n06449
n00122	n07725
n00122	n08141
n00123	n03589
n00123	n04375
n00123	n09568
n00123	n10710
n00124	n01115
n00124	n04593
n00124	n07882
n00124	n09149
n00124	n10513
n00124	n10611
n00125	n01402
n00125	n01473
n00125	n05398
n00125	n08781
n00125	n09763
n00126	n01464
n00126	n02867
n00126	n06429
n00126	n06465
n00126	n08089
n00127	n01052
n00127	n04747
n00127	n07467
n00127	n08029
n00127	n10008
n00128	n01117
n00128	n02198
n00128	n04083
n00128	n05667
n00129	n02326
n00129	n05170
n00129	n06934
n00129	n07625
n00130	n00381
n00130	n01332
n00130	n04103
n00131	n01619
n00131	n03374
n00131	n03554
n00131	n03558
n00131	n04039
n00131	n05709
n00132	n00767
n00132	n02043
n00133	n01651
n00133	n02265
n00134	n00116
n00134	n03203
n00135	n01335
n00136	n00763
n00136	n01692
n00136	n09674
n00137	n00524
n00137	n02259
n00137	n04747
n00138	n00577
n00138	n03717
n00139	n01356
n00140	n01058
n00140	n02342
n00140	n02498
n00140	n09145
n00140	n09861
n00141	n02686
n00141	n02914
n00141	n08296
n00141	n09836
n00142	n02971
n00142	n03835
n00142	n04792
n00142	n05397
n00143	n04603
n00143	n06892
n00143	n10083
n00143	n10436
n00144	n00310
n00145	n00142
n00145	n05995
n00146	n00447
n00146	n02112
n00146	n07186
n00147	n02670
n00147	n06207
n00147	n08230
n00147	n09347
n00147	n09369
n00147	n09443
n00148	n01250
n00148	n01571
n00148	n04198
n00148	n04350
n00148	n05805
n00148	n07561
n00148	n08108
n00149	n00197
n00149	n07734
n00149	n09765
n00150	n02079
n00150	n02714
n00150	n02831
n00150	n02832
n00150	n08582
n00150	n10320
n00151	n00576
n00151	n03111
n00152	n00198
n00152	n08830
n00152	n09674
n00153	n03175
n00153	n03447
n00153	n04807
n00153	n07213
n00154	n01738
n00154	n03926
n00154	n04623
n00154	n06473
n00154	n06684
n00154	n07303
n00155	n00995
n00155	n01283
n00155	n06199
n00155	n07279
n00155	n07737
n00155	n09565
n00155	n10130
n00156	n02375
n00156	n02538
n00156	n08143
n00157	n00996
n00157	n02959
n00157	n03188
n00157	n03782
n00158	n01063
n00158	n05861
n00159	n00903
n00159	n01131
n00160	n03856
n00160	n09674
n00161	n00449
n00162	n00730
n00162	n02163
n00163	n01227
n00163	n01617
n00163	n02604
n00163	n04362
n00164	n02350
n00164	n03368
n00164	n04254
n00164	n04366
n00164	n05428
n00164	n08636
n00165	n00764
n00165	n02574
n00166	n00766
n00166	n07728
n00166	n08891
n00167	n01076
n00167	n02528
n00167	n06714
n00168	n01313
n00168	n01959
n00168	n02312
n00168	n03801
n00169	n00981
n00169	n01401
n00170	n01727
n00170	n04598
n00170	n05157
n00170	n05994
n00170	n09611
n00171	n00238
n00171	n02890
n00171	n04678
n00172	n00782
n00172	n01507
n00173	n00118
n00173	n03282
n00173	n05226
n00173	n06248
n00174	n01212
n00174	n03591
n00174	n04028
n00174	n04479
n00174	n07680
n00174	n08063
n00174	n08190
n00174	n08624
n00174	n09511
n00174	n10779
n00175	n01314
n00175	n02919
n00175	n02937
n00175	n03653
n00175	n04874
n00175	n05756
n00175	n09594
n00176	n00908
n00176	n03127
n00177	n01561
n00177	n02012
n00178	n01744
n00178	n02439
n00178	n03033
n00179	n00746
n00179	n05700
n00179	n06214
n00179	n07242
n00179	n09245
n00180	n04967
n00180	n05367
n00180	n05481
n00180	n06987
n00180	n07933
n00180	n08465
n00181	n00547
n00181	n00613
n00182	n01051
n00183	n00057
n00184	n00158
n00184	n01235
n00184	n09673
n00185	n01135
n00185	n03427
n00186	n01668
n00186	n06737
n00186	n07050
n00187	n02003
n00187	n03710
n00187	n05344
n00187	n08262
n00188	n04440
n00188	n07034
n00188	n07769
n00188	n09678
n00189	n03142
n00189	n04220
n00190	n03139
n00190	n03293
n00191	n01751
n00191	n03713
n00191	n04330
n00191	n05139
n00192	n00900
n00192	n01624
n00192	n04175
n00192	n06750
n00193	n00187
n00194	n00760
n00194	n03479
n00195	n00097
n00196	n01441
n00196	n01460
n00196	n04456
n00196	n04796
n00197	n01143
n00197	n03767
n00197	n06581
n00197	n07500
n00197	n07974
n00198	n03451
n00198	n05523
n00198	n05583
n00198	n06622
n00198	n07457
n00198	n08519
n00198	n10033
n00198	n10238
n00199	n04967
n00199	n05371
n00199	n05999
n00199	n07491
n00199	n09267
n00200	n00015
n00201	n01488
n00201	n04811
n00201	n10569
n00202	n01442
n00202	n01923
n00202	n03548
n00202	n03612
n00202	n09968
n00203	n00102
n00203	n05324
n00203	n05387
n00203	n08135
n00204	n01064
n00204	n04112
n00204	n09194
n00204	n09868
n00205	n02928
n00205	n05206
n00205	n05309
n00205	n06182
n00205	n08207
n00205	n08613
n00206	n00033
n00207	n02673
n00207	n03852
n00208	n00782
n00208	n01992
n00208	n04036
n00209	n01046
n00209	n02634
n00209	n03503
n00209	n03689
n00209	n06956
n00209	n07240
n00209	n08160
n00210	n00380
n00210	n02066
n00210	n08819
n00211	n00905
n00211	n03121
n00211	n06790
n00211	n09470
n00211	n10427
n00212	n01271
n00212	n04675
n00212	n08438
n00212	n09477
n00213	n02187
n00213	n06398
n00213	n07202
n00214	n07323
n00214	n07659
n00214	n08519
n00215	n01146
n00215	n02188
n00215	n03325
n00215	n04317
n00215	n09644
n00216	n00147
n00216	n05511
n00217	n01227
n00217	n06210
n00217	n10604
n00218	n00114
n00218	n02093
n00218	n10777
n00219	n01543
n00219	n02619
n00220	n03546
n00220	n03657
n00220	n03671
n00220	n03753
n00220	n04820
n00220	n05559
n00220	n06476
n00220	n09498
n00221	n01884
n00221	n01910
n00221	n02620
n00222	n00638
n00222	n02401
n00222	n06472
n00223	n00051
n00223	n05858
n00224	n02242
n00224	n04592
n00224	n04919
n00224	n06858
n00224	n07545
n00224	n07652
n00224	n07962
n00224	n08075
n00224	n09035
n00224	n10396
n00224	n10563
n00225	n00240
n00225	n05332
n00225	n06854
n00225	n09232
n00226	n00206
n00226	n01563
n00227	n00548
n00227	n01709
n00228	n00239
n00229	n00250
n00229	n03092
n00230	n01019
n00230	n02789
n00230	n03137
n00231	n03713
n00231	n07057
n00231	n09714
n00232	n00005
n00233	n02662
n00233	n03008
n00234	n03520
n00234	n05520
n00234	n07488
n00234	n09195
n00234	n09794
n00234	n10163
n00235	n03580
n00236	n00902
n00236	n01991
n00236	n09608
n00237	n01520
n00237	n02200
n00237	n02508
n00237	n05927
n00237	n05959
n00237	n10120
n00238	n01975
n00238	n02030
n00238	n03849
n00239	n01086
n00239	n03727
n00240	n02563
n00240	n05073
n00240	n05752
n00240	n06662
n00240	n10385
n00241	n01647
n00241	n02090
n00241	n04105
n00241	n06651
n00241	n08196
n00241	n08420
n00241	n09555
n00242	n01208
n00242	n01736
n00242	n04560
n00242	n07621
n00242	n09419
n00242	n09657
n00242	n09665
n00242	n10544
n00243	n01701
n00243	n01958
n00243	n04626
n00243	n08536
n00244	n01365
n00244	n02253
n00244	n02423
n00244	n08745
n00244	n08771
n00245	n01503
n00245	n02122
n00245	n03026
n00246	n01074
n00246	n03893
n00246	n05972
n00246	n09480
n00246	n10191
n00247	n00452
n00247	n03648
n00247	n05443
n00247	n06032
n00248	n00983
n00248	n02893
n00248	n04267
n00248	n04317
n00248	n09634
n00248	n10720
n00249	n00906
n00249	n01724
n00249	n02987
n00249	n05619
n00250	n01197
n00250	n10227
n00250	n10754
n00251	n00146
n00251	n03802
n00252	n01387
n00252	n02334
n00252	n02894
n00253	n00948
n00253	n03597
n00253	n04376
n00253	n10505
n00254	n01351
n00254	n01836
n00254	n09674
n00254	n10664
n00255	n00733
n00256	n00352
n00256	n06716
n00256	n07729
n00257	n00750
n00257	n03051
n00258	n02300
n00258	n07682
n00258	n09531
n00258	n09674
n00258	n10009
n00259	n04607
n00259	n08828
n00260	n00692
n00260	n01784
n00261	n00785
n00261	n03320
n00261	n08345
n00261	n08568
n00261	n10274
n00262	n00420
n00262	n01742
n00262	n02165
n00263	n00030
n00264	n00048
n00264	n03475
n00265	n00423
n00265	n02130
n00266	n01796
n00266	n05487
n00266	n06331
n00266	n08786
n00267	n01222
n00268	n01821
n00268	n09842
n00269	n00779
n00270	n00544
n00271	n02715
n00271	n06133
n00272	n01050
n00272	n03776
n00272	n04019
n00272	n07503
n00272	n09101
n00273	n01921
n00273	n02421
n00273	n03565
n00273	n06102
n00273	n06751
n00273	n08049
n00274	n03360
n00274	n06112
n00274	n06646
n00274	n06937
n00274	n08454
n00275	n01773
n00275	n03268
n00275	n03686
n00275	n05560
n00275	n05837
n00276	n02374
n00276	n06445
n00276	n06717
n00276	n06977
n00276	n07670
n00276	n08802
n00277	n01440
n00277	n01523
n00277	n02203
n00277	n07406
n00278	n00029
n00278	n04760
n00278	n07736
n00279	n00104
n00279	n03758
n00279	n04738
n00279	n04957
n00279	n08482
n00279	n10417
n00280	n01957
n00280	n02834
n00280	n02976
n00280	n06239
n00280	n10707
n00281	n00690
n00281	n04661
n00281	n05292
n00281	n08645
n00281	n10185
n00282	n02332
n00282	n04372
n00282	n05086
n00282	n07543
n00282	n10199
n00283	n05007
n00283	n06171
n00283	n06221
n00283	n06682
n00283	n08364
n00284	n01739
n00284	n04912
n00284	n07727
n00285	n01147
n00286	n01092
n00286	n04839
n00286	n06965
n00287	n01269
n00287	n01741
n00287	n07282
n00287	n07573
n00288	n01045
n00288	n03551
n00288	n09392
n00288	n10606
n00289	n01061
n00289	n03231
n00289	n03369
n00289	n06914
n00289	n08701
n00289	n10743
n00290	n04824
n00291	n00231
n00291	n06453
n00291	n08829
n00292	n00045
n00292	n04768
n00293	n01160
n00293	n03338
n00293	n06888
n00293	n07939
n00294	n01111
n00294	n03595
n00294	n04767
n00294	n06194
n00294	n08122
n00295	n00236
n00295	n01722
n00295	n09582
n00296	n04509
n00296	n06017
n00296	n06593
n00296	n09090
n00296	n10386
n00296	n10644
n00297	n01196
n00297	n02606
n00297	n03283
n00297	n05685
n00298	n00909
n00298	n01648
n00298	n01996
n00298	n02512
n00298	n09673
n00299	n02019
n00299	n02741
n00300	n01963
n00300	n03377
n00300	n06182
n00300	n06808
n00300	n08815
n00300	n09486
n00301	n00379
n00301	n01606
n00301	n02432
n00301	n06700
n00302	n00528
n00302	n06474
n00303	n00713
n00303	n02734
n00303	n03375
n00304	n00809
n00304	n01392
n00304	n03240
n00304	n03417
n00304	n09681
n00304	n10593
n00305	n00844
n00305	n02212
n00305	n03697
n00305	n09679
n00306	n00047
n00307	n05469
n00307	n05757
n00307	n05925
n00307	n06106
n00307	n08411
n00308	n00269
n00309	n02969
n00309	n03619
n00309	n04239
n00309	n05890
n00309	n10041
n00310	n05076
n00311	n01534
n00311	n05938
n00312	n01486
n00312	n03905
n00312	n05312
n00313	n03312
n00313	n09252
n00314	n00484
n00314	n07504
n00315	n02829
n00315	n03521
n00315	n05920
n00315	n08972
n00316	n01552
n00316	n07977
n00316	n10025
n00317	n02476
n00317	n03546
n00318	n00014
n00319	n09612
n00320	n01145
n00320	n04163
n00321	n03139
n00321	n04089
n00321	n04370
n00321	n05284
n00321	n06678
n00322	n02396
n00322	n03909
n00322	n04812
n00322	n05414
n00322	n10054
n00323	n00747
n00323	n02579
n00324	n03644
n00324	n04027
n00324	n06042
n00325	n01333
n00325	n04476
n00325	n05681
n00325	n05996
n00325	n06933
n00325	n07280
n00325	n08115
n00325	n08795
n00326	n02694
n00326	n04088
n00326	n04910
n00326	n05689
n00327	n01776
n00327	n05014
n00327	n07639
n00328	n03464
n00328	n03497
n00328	n04104
n00328	n10502
n00329	n01650
n00329	n02692
n00329	n02726
n00329	n02934
n00329	n05110
n00330	n00710
n00330	n02892
n00330	n05787
n00331	n01251
n00331	n03195
n00331	n03700
n00331	n04430
n00331	n04920
n00331	n05113
n00332	n01097
n00332	n05811
n00332	n09537
n00333	n01637
n00334	n00843
n00334	n01879
n00334	n02075
n00334	n03857
n00335	n02096
n00335	n03013
n00335	n08823
n00335	n10257
n00336	n00200
n00336	n03866
n00337	n00320
n00337	n01509
n00337	n01809
n00337	n07774
n00338	n01000
n00338	n02704
n00338	n03607
n00339	n01255
n00339	n03426
n00339	n06030
n00339	n06466
n00339	n08608
n00340	n01562
n00340	n03025
n00340	n03458
n00340	n04264
n00340	n05444
n00340	n06195
n00340	n07161
n00340	n07173
n00340	n09888
n00340	n10643
n00341	n00421
n00341	n02767
n00341	n04680
n00341	n07521
n00342	n00039
n00342	n09456
n00342	n10505
n00343	n01680
n00344	n00278
n00345	n02618
n00345	n03821
n00345	n09519
n00346	n00280
n00346	n09675
n00346	n10515
n00347	n00050
n00347	n02132
n00348	n00579
n00348	n02670
n00349	n01327
n00350	n02222
n00350	n04083
n00350	n05213
n00350	n10526
n00351	n02458
n00351	n04255
n00351	n05101
n00351	n06961
n00351	n06962
n00351	n08643
n00352	n00024
n00352	n01939
n00353	n01114
n00353	n04420
n00353	n04598
n00353	n06022
n00353	n08104
n00353	n09497
n00354	n00612
n00354	n01524
n00355	n02290
n00355	n05914
n00355	n05994
n00356	n00026
n00356	n06917
n00357	n04883
n00357	n05515
n00357	n06626
n00357	n07113
n00357	n07213
n00357	n07616
n00357	n08095
n00357	n08163
n00357	n09381
n00357	n09507
n00357	n10125
n00357	n10130
n00358	n01829
n00358	n02047
n00358	n03036
n00359	n00808
n00359	n02463
n00359	n02768
n00359	n04155
n00360	n01877
n00360	n02864
n00360	n04016
n00360	n04505
n00360	n07241
n00360	n08487
n00360	n09367
n00361	n01904
n00361	n02378
n00361	n02680
n00361	n04618
n00361	n05986
n00361	n07608
n00361	n08169
n00361	n08830
n00361	n09732
n00362	n00930
n00362	n01962
n00362	n03288
n00363	n00881
n00363	n04198
n00363	n08773
n00364	n00385
n00364	n01284
n00365	n00325
n00366	n01958
n00366	n04048
n00366	n09568
n00367	n02067
n00367	n03354
n00367	n03506
n00367	n03855
n00367	n05809
n00368	n00525
n00368	n04722
n00369	n01141
n00369	n01300
n00369	n01676
n00370	n00237
n00370	n01555
n00371	n00419
n00371	n02335
n00371	n05332
n00371	n06458
n00372	n00731
n00372	n01834
n00372	n04578
n00372	n06248
n00373	n01246
n00374	n00284
n00374	n06136
n00375	n00066
n00375	n01457
n00376	n00167
n00377	n00317
n00377	n10199
n00378	n02218
n00378	n03064
n00379	n00634
n00379	n05960
n00380	n02798
n00380	n03102
n00380	n04194
n00380	n05831
n00381	n04027
n00382	n00901
n00383	n01308
n00383	n04029
n00384	n01805
n00384	n05340
n00385	n00518
n00385	n06005
n00385	n09599
n00386	n00545
n00386	n02196
n00386	n05722
n00387	n01897
n00387	n02295
n00387	n10649
n00388	n01297
n00388	n01489
n00388	n05549
n00389	n00103
n00389	n02353
n00390	n03330
n00390	n04707
n00390	n05915
n00390	n06218
n00390	n10712
n00391	n00964
n00391	n01416
n00391	n03428
n00392	n01273
n00392	n01779
n00392	n05812
n00392	n08052
n00392	n08799
n00392	n09190
n00393	n01132
n00393	n01635
n00393	n03864
n00393	n09445
n00393	n09674
n00394	n01945
n00394	n03698
n00394	n06573
n00394	n07251
n00394	n07662
n00394	n08758
n00394	n10530
n00394	n10723
n00395	n01214
n00395	n01777
n00395	n02701
n00395	n05210
n00395	n07245
n00395	n08027
n00396	n01440
n00396	n04116
n00396	n05056
n00396	n08828
n00396	n09832
n00397	n01665
n00397	n04157
n00397	n04513
n00398	n01082
n00398	n03379
n00398	n10705
n00399	n01137
n00399	n04119
n00399	n05853
n00399	n06959
n00399	n08812
n00400	n00527
n00400	n01277
n00400	n02213
n00400	n02238
n00400	n02730
n00401	n01862
n00401	n05566
n00401	n08174
n00401	n10438
n00402	n00788
n00402	n08806
n00402	n10156
n00403	n01929
n00403	n02052
n00403	n03340
n00403	n06442
n00403	n08503
n00403	n09674
n00404	n00666
n00404	n03850
n00404	n08962
n00405	n01480
n00405	n06624
n00406	n00862
n00406	n01201
n00407	n02736
n00408	n00053
n00408	n03287
n00409	n01643
n00409	n02849
n00410	n00489
n00410	n05933
n00410	n09580
n00410	n10543
n00411	n01252
n00411	n02036
n00411	n02875
n00411	n07316
n00411	n10317
n00412	n01245
n00412	n02679
n00412	n02876
n00412	n10703
n00413	n01025
n00413	n03813
n00413	n05559
n00414	n01080
n00415	n01035
n00415	n04411
n00415	n04565
n00415	n06485
n00416	n00042
n00417	n09107
n00418	n01059
n00418	n09677
n00419	n01309
n00419	n02160
n00419	n05073
n00419	n08215
n00419	n08640
n00419	n10587
n00420	n03971
n00420	n05231
n00421	n01367
n00421	n04218
n00422	n00979
n00422	n04932
n00422	n05810
n00422	n08934
n00422	n09990
n00423	n00765
n00423	n02254
n00423	n09626
n00424	n04031
n00424	n10545
n00425	n02033
n00425	n06718
n00426	n00861
n00427	n00446
n00427	n04095
n00427	n08646
n00428	n01849
n00428	n02731
n00428	n07260
n00428	n08192
n00428	n10574
n00429	n01065
n00429	n01167
n00429	n02764
n00429	n06233
n00430	n02125
n00430	n02678
n00430	n03651
n00430	n04913
n00430	n05705
n00430	n06674
n00430	n06690
n00430	n10655
n00430	n10678
n00431	n02190
n00431	n06935
n00431	n08657
n00431	n08816
n00431	n10635
n00432	n01725
n00432	n01759
n00432	n03933
n00432	n06960
n00432	n07023
n00432	n07306
n00433	n01710
n00433	n03598
n00433	n05014
n00434	n01045
n00434	n01782
n00434	n02809
n00434	n06712
n00434	n09458
n00435	n02232
n00435	n05399
n00435	n06186
n00435	n10653
n00436	n01244
n00436	n02096
n00436	n06994
n00437	n01780
n00437	n03168
n00437	n03988
n00437	n04913
n00438	n00668
n00438	n08260
n00439	n01172
n00439	n02724
n00439	n08118
n00439	n08686
n00440	n00967
n00440	n01983
n00441	n00159
n00441	n02705
n00442	n01395
n00442	n08645
n00443	n01667
n00444	n00515
n00445	n03525
n00446	n00230
n00446	n03666
n00446	n04645
n00447	n00663
n00447	n00979
n00448	n05293
n00448	n08368
n00449	n00009
n00450	n04455
n00450	n04895
n00450	n06826
n00450	n10015
n00451	n01207
n00451	n03846
n00451	n05089
n00451	n07516
n00452	n03495
n00452	n04530
n00452	n06000
n00452	n09344
n00453	n02567
n00453	n06966
n00454	n01452
n00454	n02480
n00454	n03266
n00454	n03636
n00455	n02229
n00455	n02255
n00455	n03352
n00455	n04215
n00455	n05212
n00455	n09464
n00455	n09601
n00456	n02730
n00456	n04683
n00456	n05444
n00457	n01176
n00457	n01812
n00457	n02529
n00458	n01200
n00458	n06847
n00458	n07102
n00458	n08997
n00458	n10299
n00459	n00736
n00459	n02438
n00459	n05846
n00459	n08042
n00459	n09674
n00460	n02263
n00460	n02740
n00460	n03604
n00461	n01338
n00461	n04371
n00461	n06590
n00461	n08175
n00461	n08828
n00462	n01055
n00462	n02841
n00462	n05816
n00462	n05924
n00462	n07130
n00462	n08092
n00462	n09256
n00462	n10349
n00463	n01178
n00463	n02903
n00463	n02946
n00463	n07280
n00464	n01138
n00464	n02927
n00464	n04719
n00464	n06098
n00464	n06265
n00464	n06730
n00464	n08659
n00465	n00246
n00465	n05325
n00466	n01142
n00466	n05796
n00466	n06148
n00467	n00044
n00467	n01861
n00468	n01978
n00468	n02127
n00468	n02280
n00469	n00735
n00469	n05784
n00469	n08057
n00470	n01014
n00470	n02784
n00470	n04541
n00470	n04894
n00471	n00382
n00471	n00910
n00471	n04697
n00472	n00331
n00472	n02649
n00472	n05721
n00472	n07361
n00472	n08112
n00472	n08538
n00472	n08829
n00472	n10472
n00473	n01304
n00473	n03612
n00474	n00102
n00474	n07339
n00474	n09676
n00474	n09677
n00475	n00578
n00475	n01706
n00475	n02070
n00475	n02435
n00475	n05244
n00476	n00717
n00476	n03032
n00477	n00069
n00477	n07372
n00477	n08139
n00478	n02103
n00479	n02411
n00479	n08263
n00480	n07417
n00481	n01434
n00481	n08405
n00481	n09996
n00482	n04635
n00482	n06317
n00482	n07852
n00483	n00191
n00483	n08829
n00484	n04291
n00484	n08978
n00485	n01144
n00485	n04722
n00486	n02859
n00486	n03265
n00486	n04850
n00486	n04977
n00486	n05259
n00486	n05624
n00486	n08282
n00487	n00575
n00487	n03828
n00487	n03968
n00487	n05521
n00487	n06396
n00488	n02803
n00488	n09677
n00489	n01193
n00489	n05195
n00489	n05398
n00489	n07257
n00489	n07714
n00489	n08790
n00489	n09493
n00490	n01721
n00490	n01941
n00490	n03847
n00490	n05234
n00490	n05641
n00490	n06712
n00490	n09315
n00491	n00145
n00491	n01705
n00492	n01605
n00492	n01880
n00492	n06019
n00493	n01467
n00493	n03498
n00493	n04562
n00494	n00016
n00495	n01210
n00495	n02865
n00495	n04363
n00495	n06412
n00495	n07296
n00495	n09305
n00495	n09439
n00495	n10472
n00496	n02319
n00496	n03366
n00496	n06318
n00496	n06694
n00496	n09928
n00496	n10684
n00497	n01663
n00497	n01944
n00497	n04118
n00497	n04766
n00498	n00486
n00498	n04830
n00498	n07133
n00498	n07540
n00498	n08137
n00498	n09755
n00499	n01909
n00499	n02095
n00499	n03467
n00499	n04668
n00499	n09262
n00499	n10141
n00499	n10778
n00500	n01721
n00500	n01781
n00500	n01940
n00500	n10531
n00501	n01404
n00501	n03929
n00501	n04733
n00501	n08403
n00501	n10761
n00502	n00984
n00502	n01371
n00502	n02205
n00502	n06257
n00502	n07601
n00503	n01693
n00503	n03280
n00503	n09066
n00504	n01376
n00504	n01539
n00504	n02979
n00504	n03279
n00504	n06816
n00504	n06943
n00504	n07699
n00505	n00615
n00505	n04618
n00505	n06862
n00505	n07054
n00505	n10198
n00506	n01761
n00506	n02693
n00506	n03192
n00506	n08566
n00506	n10778
n00507	n01593
n00507	n01706
n00507	n03202
n00507	n05697
n00507	n09003
n00507	n09418
n00508	n00121
n00508	n05629
n00509	n01088
n00509	n02323
n00509	n02815
n00510	n00786
n00510	n03074
n00510	n03652
n00510	n05666
n00510	n10683
n00511	n01171
n00511	n01184
n00512	n00117
n00513	n00042
n00514	n04699
n00514	n08829
n00514	n09673
n00514	n09677
n00515	n02706
n00515	n04770
n00516	n02491
n00516	n07032
n00516	n08829
n00516	n09688
n00517	n04135
n00518	n03209
n00518	n05079
n00518	n05745
n00518	n06840
n00518	n07820
n00518	n07825
n00519	n02452
n00519	n04444
n00519	n05942
n00520	n01094
n00520	n02220
n00520	n10241
n00521	n01630
n00521	n04730
n00521	n05639
n00521	n06186
n00521	n07019
n00521	n07172
n00522	n01411
n00522	n05337
n00523	n00141
n00523	n03006
n00523	n06314
n00524	n01024
n00524	n01632
n00524	n02251
n00524	n06392
n00525	n00196
n00525	n05821
n00525	n08245
n00526	n00928
n00526	n02459
n00526	n03646
n00526	n05406
n00526	n06927
n00527	n00962
n00527	n01873
n00527	n02086
n00527	n07161
n00528	n01369
n00528	n03798
n00528	n05865
n00528	n08632
n00528	n10671
n00529	n01211
n00529	n01486
n00529	n04427
n00530	n02543
n00530	n04110
n00530	n05176
n00531	n00982
n00531	n02219
n00531	n02400
n00531	n03861
n00531	n10393
n00532	n00384
n00532	n03053
n00533	n00351
n00533	n09961
n00534	n01743
n00534	n04028
n00534	n05414
n00534	n08624
n00534	n09422
n00535	n01783
n00535	n01904
n00535	n06106
n00535	n08847
n00535	n08944
n00535	n09449
n00535	n10771
n00536	n00525
n00536	n04821
n00537	n01151
n00537	n02209
n00537	n02874
n00538	n01119
n00538	n05553
n00538	n05777
n00538	n05812
n00538	n06955
n00539	n01129
n00539	n03131
n00539	n04841
n00540	n01530
n00540	n01982
n00540	n02994
n00541	n00046
n00542	n03133
n00542	n04056
n00542	n04930
n00543	n01173
n00543	n02408
n00543	n04054
n00543	n05038
n00543	n08262
n00544	n06755
n00544	n09062
n00545	n01655
n00545	n01850
n00545	n03900
n00545	n04958
n00545	n07407
n00545	n07976
n00546	n01656
n00546	n02141
n00547	n00013
n00548	n01062
n00548	n03707
n00549	n03013
n00549	n03588
n00549	n05193
n00549	n05680
n00549	n09474
n00550	n00316
n00550	n05456
n00550	n10764
n00551	n01600
n00551	n03797
n00551	n06236
n00551	n06309
n00551	n06643
n00551	n07162
n00551	n07568
n00551	n08054
n00551	n09536
n00551	n10251
n00552	n01719
n00552	n03397
n00552	n03684
n00553	n01363
n00553	n02460
n00553	n03216
n00553	n06648
n00554	n01169
n00554	n02091
n00554	n07027
n00554	n08029
n00555	n02272
n00555	n05808
n00555	n06137
n00555	n07128
n00555	n08006
n00555	n08187
n00555	n08490
n00555	n08764
n00555	n09273
n00555	n10103
n00556	n02646
n00556	n03054
n00556	n04366
n00556	n05236
n00556	n06011
n00556	n06968
n00556	n08193
n00556	n10573
n00557	n01492
n00557	n03908
n00557	n04538
n00557	n07252
n00557	n07464
n00557	n08181
n00557	n09292
n00557	n10446
n00557	n10488
n00557	n10744
n00558	n00846
n00558	n03423
n00558	n04801
n00558	n05544
n00558	n06647
n00558	n09674
n00559	n01883
n00559	n01885
n00559	n02728
n00559	n03091
n00559	n05320
n00559	n06037
n00559	n09515
n00559	n09677
n00560	n02844
n00560	n02988
n00560	n03236
n00560	n04129
n00560	n04355
n00560	n09669
n00561	n00273
n00561	n03408
n00561	n05718
n00562	n00008
n00562	n08829
n00563	n00152
n00563	n07376
n00563	n10680
n00564	n00751
n00564	n01001
n00564	n09405
n00565	n00065
n00565	n03273
n00566	n01757
n00566	n02992
n00566	n03125
n00566	n07424
n00566	n09473
n00567	n00153
n00567	n02475
n00567	n10326
n00568	n00277
n00568	n01579
n00568	n03099
n00568	n08828
n00569	n00205
n00569	n09677
n00570	n00259
n00570	n04835
n00571	n09708
n00572	n00978
n00572	n04180
n00573	n03385
n00573	n03823
n00573	n03877
n00574	n00858
n00574	n02919
n00574	n06416
n00574	n08514
n00575	n02134
n00575	n02821
n00575	n03151
n00575	n04013
n00575	n05085
n00575	n10240
n00576	n01672
n00576	n04893
n00576	n05984
n00576	n06191
n00576	n07967
n00576	n09136
n00577	n01361
n00577	n05665
n00577	n08601
n00578	n02293
n00578	n03579
n00578	n04423
n00578	n05950
n00579	n02595
n00579	n04728
n00579	n06796
n00580	n01478
n00580	n01740
n00580	n04216
n00580	n05411
n00580	n10610
n00581	n01133
n00581	n03733
n00581	n04473
n00581	n05658
n00581	n09164
n00581	n09499
n00582	n03193
n00582	n03932
n00582	n05108
n00582	n06719
n00582	n08717
n00583	n02978
n00583	n07321
n00583	n09675
n00584	n03050
n00584	n03891
n00584	n08563
n00584	n09329
n00585	n01118
n00585	n04348
n00585	n04667
n00585	n06820
n00586	n01077
n00586	n05329
n00587	n03585
n00587	n03737
n00587	n06551
n00587	n06732
n00587	n09349
n00587	n10496
n00588	n01370
n00588	n02634
n00589	n01942
n00589	n04678
n00589	n07446
n00590	n00275
n00590	n03976
n00590	n05452
n00591	n01505
n00591	n01594
n00591	n07262
n00592	n01554
n00592	n02431
n00592	n03460
n00592	n03496
n00592	n04679
n00592	n04842
n00592	n04909
n00592	n09336
n00592	n09674
n00593	n00487
n00593	n01386
n00593	n07294
n00594	n01555
n00594	n02208
n00595	n01253
n00595	n02166
n00595	n07575
n00595	n07669
n00595	n08749
n00595	n09263
n00595	n09394
n00596	n01278
n00596	n01375
n00596	n02357
n00596	n06938
n00596	n09574
n00597	n01368
n00597	n02000
n00597	n09947
n00598	n01016
n00598	n01394
n00598	n03165
n00598	n05242
n00598	n09674
n00599	n01122
n00599	n02402
n00599	n03699
n00599	n04124
n00599	n07275
n00599	n10698
n00600	n00202
n00600	n02148
n00600	n02404
n00600	n04360
n00600	n10632
n00601	n00790
n00601	n04418
n00601	n06619
n00601	n07687
n00601	n10400
n00601	n10494
n00602	n01230
n00602	n02808
n00602	n03851
n00602	n05117
n00603	n02068
n00603	n04307
n00603	n06433
n00603	n08074
n00603	n09307
n00603	n09470
n00604	n01305
n00604	n03660
n00604	n04689
n00604	n10555
n00605	n00353
n00605	n00879
n00605	n03175
n00606	n00355
n00606	n07028
n00606	n10225
n00606	n10286
n00607	n00478
n00608	n01346
n00608	n02879
n00609	n01598
n00609	n02446
n00610	n06557
n00611	n04017
n00611	n06609
n00611	n06822
n00612	n01535
n00612	n02392
n00612	n05067
n00613	n00013
n00613	n06997
n00614	n00313
n00615	n05120
n00615	n06201
n00615	n06417
n00615	n06438
n00615	n06676
n00615	n08139
n00615	n08814
n00615	n09567
n00615	n10437
n00615	n10523
n00615	n10601
n00615	n10623
n00616	n00860
n00616	n07323
n00616	n08641
n00617	n00842
n00617	n02204
n00617	n04052
n00617	n05561
n00617	n09197
n00618	n00281
n00618	n01315
n00618	n02995
n00618	n05173
n00619	n03690
n00619	n04041
n00619	n09190
n00619	n10590
n00620	n02434
n00620	n02437
n00620	n06579
n00620	n07152
n00620	n08098
n00621	n01388
n00621	n03686
n00621	n04126
n00621	n09569
n00621	n10350
n00622	n01354
n00622	n02095
n00622	n02653
n00622	n03602
n00622	n07326
n00622	n08088
n00622	n08805
n00623	n01275
n00623	n02516
n00623	n03240
n00623	n04373
n00623	n06179
n00624	n01455
n00624	n03237
n00624	n06907
n00624	n07022
n00624	n07289
n00624	n08776
n00624	n10229
n00624	n10782
n00625	n00985
n00625	n01405
n00625	n08861
n00626	n01420
n00626	n01456
n00626	n05867
n00626	n10232
n00627	n01221
n00627	n02617
n00627	n04042
n00628	n00115
n00628	n05427
n00629	n00787
n00629	n03752
n00630	n00691
n00630	n02053
n00630	n02091
n00631	n00318
n00631	n01015
n00632	n00126
n00632	n03869
n00633	n04448
n00634	n01108
n00635	n03633
n00635	n08404
n00636	n04303
n00636	n05260
n00636	n05593
n00637	n02457
n00637	n02533
n00637	n02884
n00638	n01329
n00638	n07656
n00639	n01385
n00639	n02155
n00639	n02930
n00640	n02923
n00640	n02936
n00640	n03316
n00640	n04517
n00640	n04736
n00640	n05515
n00640	n05582
n00640	n05702
n00640	n07228
n00640	n07449
n00640	n08176
n00641	n01874
n00641	n02713
n00641	n03550
n00641	n05239
n00641	n05852
n00641	n07005
n00641	n08561
n00642	n02675
n00642	n02725
n00642	n02935
n00643	n02807
n00643	n03401
n00643	n03405
n00643	n05707
n00643	n06471
n00643	n09478
n00643	n10350
n00643	n10552
n00644	n01789
n00644	n02272
n00644	n03114
n00644	n05480
n00644	n05880
n00645	n01248
n00645	n02560
n00645	n04473
n00646	n03411
n00646	n04115
n00646	n05851
n00646	n07612
n00646	n08637
n00646	n09660
n00646	n10363
n00647	n01352
n00647	n01860
n00647	n06962
n00648	n02513
n00648	n02700
n00648	n02944
n00648	n03365
n00648	n07288
n00648	n07747
n00648	n09342
n00648	n09416
n00648	n10540
n00649	n01416
n00649	n02607
n00649	n03273
n00650	n02211
n00650	n02322
n00651	n01745
n00651	n02055
n00651	n05323
n00651	n09631
n00652	n00209
n00652	n06730
n00652	n10595
n00653	n00810
n00653	n01792
n00653	n03691
n00653	n04974
n00653	n06677
n00653	n07702
n00653	n10440
n00654	n01679
n00654	n01864
n00654	n02939
n00654	n03699
n00654	n05317
n00654	n05561
n00654	n07251
n00654	n09571
n00654	n09674
n00654	n10445
n00654	n10723
n00654	n10724
n00655	n00450
n00655	n07015
n00656	n00549
n00656	n01262
n00656	n02013
n00656	n07462
n00656	n07567
n00656	n07917
n00656	n08517
n00657	n01794
n00657	n02776
n00657	n03929
n00658	n00982
n00658	n01560
n00658	n03981
n00659	n00387
n00659	n06439
n00659	n09572
n00660	n00552
n00660	n03110
n00660	n05556
n00660	n06432
n00661	n00213
n00661	n02047
n00662	n07770
n00663	n01767
n00664	n03258
n00664	n07071
n00664	n08245
n00665	n00195
n00665	n01753
n00665	n08497
n00666	n02669
n00666	n03542
n00666	n07325
n00666	n10785
n00667	n00105
n00667	n10788
n00668	n02976
n00668	n03277
n00668	n04619
n00668	n08226
n00668	n10515
n00669	n00143
n00669	n03552
n00669	n04843
n00670	n01858
n00670	n01995
n00671	n01616
n00671	n02897
n00671	n09658
n00672	n00637
n00672	n03923
n00672	n06013
n00673	n01269
n00673	n05964
n00673	n10336
n00674	n01492
n00674	n01508
n00674	n03934
n00675	n01977
n00675	n02676
n00675	n03331
n00676	n00806
n00676	n00822
n00676	n05670
n00677	n00860
n00677	n01445
n00677	n08615
n00678	n01375
n00678	n01711
n00678	n02616
n00679	n00353
n00679	n01378
n00680	n01581
n00680	n02816
n00680	n07680
n00680	n08136
n00681	n00288
n00682	n00043
n00682	n08828
n00683	n00166
n00684	n01033
n00684	n03064
n00684	n08673
n00684	n08738
n00685	n00242
n00685	n01793
n00686	n01276
n00686	n01764
n00686	n02441
n00686	n08828
n00687	n02553
n00687	n05343
n00688	n00004
n00689	n01968
n00689	n04070
n00690	n01093
n00690	n02593
n00690	n03719
n00690	n06738
n00691	n02425
n00691	n02765
n00691	n07220
n00692	n00017
n00693	n01831
n00693	n03581
n00693	n04096
n00693	n06211
n00693	n06432
n00694	n02847
n00695	n01242
n00696	n01912
n00696	n03859
n00696	n05724
n00696	n06641
n00696	n07169
n00696	n07340
n00696	n09676
n00696	n10036
n00697	n01510
n00697	n01916
n00697	n06729
n00698	n01103
n00698	n01708
n00698	n03072
n00698	n03419
n00698	n06416
n00699	n02022
n00699	n08246
n00699	n09566
n00699	n10069
n00699	n10764
n00700	n01609
n00700	n02705
n00700	n06472
n00700	n07656
n00700	n08789
n00701	n00199
n00701	n08457
n00702	n01220
n00702	n03196
n00702	n09446
n00703	n00864
n00703	n03805
n00703	n06695
n00703	n07645
n00703	n10780
n00704	n01068
n00704	n01211
n00704	n04131
n00704	n06142
n00704	n07461
n00704	n10706
n00705	n00577
n00705	n01481
n00705	n01601
n00706	n00977
n00707	n03716
n00707	n03940
n00707	n05252
n00707	n06066
n00708	n00193
n00708	n04863
n00709	n01071
n00709	n05307
n00709	n05594
n00710	n02419
n00710	n02420
n00710	n04711
n00711	n02668
n00711	n03015
n00711	n03217
n00712	n02331
n00712	n03796
n00712	n04472
n00712	n05567
n00713	n01116
n00713	n03814
n00713	n04614
n00713	n04685
n00713	n07641
n00713	n08074
n00713	n09240
n00713	n09656
n00714	n05684
n00714	n06933
n00714	n09187
n00714	n09460
n00715	n00307
n00715	n01110
n00715	n03853
n00715	n06590
n00716	n01573
n00716	n02120
n00716	n04457
n00716	n06016
n00716	n06442
n00716	n06723
n00716	n10144
n00717	n00611
n00717	n02379
n00717	n09578
n00718	n01577
n00718	n05791
n00719	n01075
n00719	n01635
n00719	n03229
n00719	n06463
n00720	n01318
n00720	n02143
n00720	n03416
n00720	n06638
n00721	n03583
n00721	n04974
n00721	n05509
n00721	n06969
n00721	n08462
n00721	n09589
n00722	n02652
n00722	n03702
n00722	n03987
n00722	n08653
n00722	n10524
n00723	n02164
n00723	n03160
n00723	n03418
n00723	n06596
n00723	n08812
n00723	n09267
n00723	n09319
n00724	n01527
n00724	n04980
n00724	n10645
n00725	n01032
n00725	n01261
n00725	n01765
n00726	n02743
n00726	n10129
n00727	n01950
n00727	n02589
n00727	n02749
n00727	n06779
n00728	n01798
n00728	n08870
n00729	n01551
n00729	n04956
n00729	n06367
n00729	n06796
n00729	n07129
n00730	n00378
n00730	n08829
n00731	n00804
n00731	n05315
n00731	n06196
n00731	n08476
n00732	n03267
n00732	n04411
n00732	n06436
n00733	n01938
n00733	n04620
n00733	n05835
n00733	n06970
n00733	n08517
n00734	n01431
n00734	n04674
n00734	n04881
n00734	n07263
n00734	n08312
n00735	n02481
n00735	n03011
n00735	n03914
n00735	n04617
n00735	n05411
n00735	n10656
n00736	n03052
n00736	n03793
n00736	n06615
n00736	n07236
n00736	n07634
n00736	n07735
n00736	n09514
n00737	n01209
n00737	n02984
n00737	n05863
n00737	n06206
n00737	n10763
n00738	n03235
n00738	n03237
n00738	n03402
n00738	n03683
n00738	n03706
n00738	n07229
n00738	n08675
n00738	n09516
n00738	n09672
n00739	n00732
n00739	n01136
n00739	n02470
n00740	n01642
n00740	n03169
n00740	n04811
n00740	n06043
n00741	n01433
n00741	n05119
n00741	n05422
n00741	n06672
n00741	n08131
n00742	n01321
n00742	n01778
n00743	n01499
n00743	n03062
n00743	n05367
n00743	n07079
n00743	n08862
n00744	n01700
n00744	n04568
n00744	n09865
n00745	n02886
n00745	n06912
n00745	n07327
n00745	n08492
n00746	n02501
n00746	n06373
n00746	n07225
n00746	n07513
n00747	n00100
n00748	n03219
n00748	n05138
n00748	n05661
n00748	n06878
n00748	n09673
n00749	n01900
n00749	n03967
n00749	n07302
n00749	n08380
n00749	n08604
n00750	n02804
n00750	n03362
n00750	n04478
n00750	n07716
n00750	n10635
n00751	n01660
n00751	n03592
n00751	n05111
n00751	n05800
n00752	n01979
n00752	n03242
n00752	n06208
n00752	n07570
n00752	n08730
n00753	n00863
n00753	n01303
n00753	n04921
n00753	n07482
n00753	n10651
n00754	n02648
n00754	n02737
n00754	n03472
n00754	n03983
n00754	n07717
n00754	n08625
n00755	n02074
n00755	n06256
n00755	n06986
n00755	n09648
n00756	n01283
n00756	n04318
n00756	n04676
n00756	n06834
n00756	n07305
n00756	n07489
n00756	n07972
n00756	n08227
n00756	n10144
n00757	n01120
n00757	n03159
n00757	n05701
n00757	n06668
n00758	n01526
n00758	n01899
n00758	n03281
n00758	n03695
n00758	n06574
n00758	n08036
n00758	n08130
n00758	n10536
n00759	n00154
n00759	n02173
n00760	n03254
n00760	n08258
n00760	n08280
n00760	n08296
n00761	n02178
n00762	n03480
n00762	n04084
n00762	n05927
n00762	n05940
n00762	n07098
n00763	n00141
n00763	n01934
n00764	n00234
n00764	n08836
n00764	n09041
n00764	n10206
n00765	n02395
n00765	n03313
n00765	n06942
n00766	n02043
n00766	n02800
n00767	n01174
n00767	n01487
n00767	n10731
n00768	n00709
n00769	n01175
n00769	n02723
n00769	n07597
n00770	n01878
n00770	n04192
n00770	n07688
n00770	n09441
n00770	n10644
n00771	n00523
n00771	n00763
n00771	n09674
n00772	n00807
n00772	n02393
n00772	n03412
n00773	n01393
n00773	n03337
n00773	n03880
n00774	n00326
n00774	n01903
n00774	n07731
n00774	n08734
n00775	n00968
n00775	n02654
n00775	n02838
n00775	n09889
n00776	n00200
n00777	n01482
n00777	n01999
n00777	n02384
n00777	n02468
n00777	n02613
n00778	n01163
n00778	n01506
n00778	n02940
n00778	n06691
n00778	n07530
n00779	n01654
n00779	n02365
n00780	n03708
n00780	n03820
n00780	n06738
n00780	n07792
n00781	n01500
n00781	n02268
n00781	n02342
n00781	n05754
n00782	n01732
n00782	n02313
n00782	n03578
n00782	n03671
n00782	n07954
n00783	n03074
n00783	n04358
n00783	n05060
n00783	n06389
n00783	n07133
n00783	n09326
n00784	n01899
n00784	n06419
n00785	n01501
n00785	n02822
n00785	n03773
n00786	n02376
n00786	n03176
n00786	n04094
n00786	n04312
n00786	n04693
n00786	n05503
n00786	n06894
n00786	n06914
n00786	n09390
n00786	n10181
n00787	n00522
n00787	n08829
n00787	n09522
n00788	n02186
n00788	n02189
n00788	n04596
n00788	n05328
n00788	n06671
n00788	n06711
n00788	n10225
n00789	n01690
n00789	n01718
n00789	n08237
n00790	n02162
n00790	n02277
n00790	n03854
n00790	n04911
n00790	n10028
n00790	n10310
n00790	n10491
n00790	n10560
n00791	n01662
n00791	n01925
n00791	n03692
n00791	n06972
n00792	n01176
n00792	n02840
n00792	n03163
n00792	n06706
n00792	n10636
n00793	n01597
n00793	n02810
n00793	n03582
n00793	n03646
n00794	n02073
n00794	n03812
n00794	n03926
n00794	n09670
n00794	n10676
n00794	n10745
n00795	n01334
n00795	n02298
n00795	n05251
n00795	n08281
n00796	n00712
n00796	n02236
n00796	n07230
n00796	n09587
n00797	n00526
n00797	n01602
n00797	n08126
n00798	n00113
n00798	n01053
n00799	n00582
n00799	n02785
n00799	n04046
n00799	n06946
n00799	n09062
n00799	n09373
n00800	n02053
n00800	n02699
n00800	n03129
n00800	n07027
n00800	n08564
n00801	n00114
n00801	n05870
n00801	n08281
n00802	n01123
n00802	n03413
n00802	n08543
n00802	n09600
n00802	n09648
n00802	n10671
n00803	n01915
n00803	n02815
n00804	n01548
n00804	n08354
n00805	n02116
n00805	n02329
n00805	n04452
n00805	n05498
n00805	n06868
n00805	n08571
n00806	n00963
n00806	n04973
n00806	n06596
n00806	n10426
n00807	n02009
n00807	n03450
n00807	n03903
n00807	n09496
n00808	n01310
n00808	n01775
n00808	n03400
n00808	n05838
n00808	n06679
n00808	n08410
n00809	n01603
n00809	n01790
n00809	n04167
n00809	n04412
n00809	n05230
n00809	n08637
n00809	n09239
n00810	n03583
n00810	n03975
n00810	n05977
n00810	n06165
n00810	n06893
n00810	n07655
n00811	n02231
n00811	n03693
n00811	n07454
n00811	n08667
n00811	n08721
n00812	n02895
n00812	n03056
n00812	n06466
n00813	n01069
n00813	n02577
n00813	n02950
n00813	n09369
n00814	n01139
n00814	n01421
n00814	n06421
n00815	n00199
n00815	n10358
n00816	n01067
n00816	n02051
n00816	n02261
n00816	n09330
n00817	n00354
n00817	n02102
n00817	n03282
n00818	n02411
n00818	n08263
n00819	n01345
n00820	n01613
n00820	n02916
n00821	n00483
n00821	n03631
n00821	n09714
n00822	n00963
n00822	n09319
n00823	n02858
n00823	n04367
n00823	n04990
n00823	n05055
n00823	n05976
n00823	n06481
n00823	n08562
n00823	n09868
n00824	n02672
n00824	n04258
n00824	n07310
n00825	n00378
n00825	n08164
n00825	n09380
n00826	n00783
n00826	n04758
n00827	n01022
n00827	n02542
n00827	n06262
n00827	n06698
n00827	n08217
n00828	n00322
n00828	n02221
n00828	n07671
n00829	n02122
n00829	n05013
n00829	n10182
n00830	n02380
n00830	n03637
n00830	n05998
n00830	n06727
n00830	n07317
n00830	n07490
n00830	n07890
n00831	n01541
n00831	n02871
n00831	n04921
n00831	n10492
n00832	n01258
n00832	n03231
n00832	n05074
n00832	n06209
n00832	n07271
n00833	n01292
n00833	n02262
n00833	n03035
n00833	n08096
n00833	n10265
n00834	n01784
n00834	n04768
n00835	n00076
n00835	n03611
n00836	n00327
n00837	n00424
n00837	n00449
n00838	n00212
n00838	n02384
n00839	n00263
n00839	n04207
n00840	n01188
n00840	n09702
n00841	n01869
n00841	n04960
n00841	n05313
n00841	n07564
n00841	n08076
n00841	n08370
n00841	n08697
n00842	n02064
n00842	n02544
n00842	n07664
n00842	n08061
n00842	n09652
n00843	n02596
n00843	n03544
n00843	n04740
n00843	n04970
n00843	n07649
n00844	n01522
n00844	n02065
n00844	n03228
n00844	n07020
n00844	n10589
n00845	n04753
n00845	n06364
n00845	n09564
n00845	n10097
n00845	n10517
n00846	n02482
n00846	n02926
n00846	n04037
n00846	n04909
n00846	n05127
n00846	n05241
n00846	n05242
n00846	n07021
n00847	n03957
n00847	n07342
n00847	n08312
n00847	n09544
n00848	n00611
n00848	n02641
n00848	n07284
n00848	n10725
n00849	n01859
n00849	n03051
n00849	n04093
n00849	n07571
n00849	n07696
n00849	n10265
n00850	n01574
n00850	n06652
n00850	n06725
n00850	n07975
n00850	n10503
n00850	n10536
n00851	n01334
n00851	n02896
n00851	n04529
n00851	n04839
n00851	n08219
n00852	n01639
n00852	n02048
n00852	n02837
n00852	n05562
n00852	n08709
n00853	n01087
n00853	n02320
n00853	n02764
n00853	n06233
n00853	n08246
n00853	n09679
n00853	n10790
n00854	n01578
n00854	n04045
n00854	n07212
n00854	n08242
n00854	n08739
n00854	n08828
n00854	n09435
n00854	n09517
n00854	n10576
n00854	n10736
n00855	n00642
n00855	n02991
n00855	n04124
n00855	n06225
n00856	n00911
n00856	n03056
n00856	n03754
n00857	n01286
n00857	n02722
n00857	n03608
n00857	n06713
n00857	n07313
n00857	n08191
n00857	n08771
n00858	n01614
n00858	n01626
n00858	n04862
n00859	n02083
n00859	n02311
n00860	n01870
n00860	n05638
n00860	n07965
n00860	n08616
n00861	n00105
n00861	n04983
n00862	n01362
n00862	n01832
n00863	n01618
n00863	n10398
n00864	n01636
n00864	n02164
n00864	n09502
n00864	n09503
n00865	n00321
n00865	n09406
n00865	n09483
n00866	n01099
n00866	n03555
n00866	n04040
n00866	n10606
n00867	n01814
n00867	n02569
n00867	n03270
n00867	n05243
n00867	n06123
n00867	n07183
n00867	n08482
n00868	n01403
n00868	n01756
n00868	n01778
n00868	n07677
n00869	n01926
n00869	n03362
n00869	n03509
n00869	n04565
n00869	n08146
n00869	n09680
n00870	n02087
n00870	n03129
n00870	n04089
n00870	n06971
n00870	n07003
n00870	n08571
n00870	n09332
n00870	n09484
n00870	n10354
n00870	n10532
n00871	n01232
n00871	n01928
n00871	n02356
n00871	n02952
n00871	n04792
n00871	n06885
n00871	n07567
n00871	n07740
n00871	n08488
n00871	n08584
n00872	n00712
n00872	n01390
n00872	n02810
n00872	n06394
n00872	n08231
n00873	n00318
n00873	n01274
n00874	n01497
n00874	n02408
n00874	n02943
n00875	n00238
n00875	n01965
n00876	n00586
n00876	n01372
n00876	n03243
n00876	n04625
n00876	n05871
n00876	n10738
n00877	n02494
n00878	n01629
n00878	n06413
n00878	n07361
n00878	n08261
n00879	n01114
n00879	n07192
n00880	n04554
n00880	n04735
n00880	n08641
n00880	n09874
n00880	n10602
n00881	n01937
n00881	n02464
n00881	n03576
n00881	n05015
n00881	n06013
n00882	n01479
n00882	n03647
n00882	n03997
n00882	n04939
n00882	n05298
n00882	n06044
n00882	n09920
n00882	n10625
n00883	n02637
n00883	n03363
n00883	n03493
n00883	n03920
n00883	n06690
n00883	n06990
n00883	n08498
n00884	n03083
n00884	n04424
n00884	n06519
n00884	n06981
n00885	n01128
n00885	n01501
n00885	n10417
n00886	n01134
n00886	n03161
n00886	n03803
n00886	n04026
n00886	n08236
n00887	n01199
n00887	n02729
n00887	n04044
n00887	n05322
n00887	n05630
n00887	n08086
n00887	n08125
n00887	n10607
n00887	n10701
n00888	n00580
n00888	n02733
n00888	n03743
n00888	n06483
n00888	n06730
n00888	n08831
n00888	n09558
n00889	n00285
n00890	n01837
n00890	n01927
n00890	n03469
n00890	n04214
n00890	n09622
n00890	n10099
n00891	n02210
n00891	n03194
n00891	n03558
n00891	n04255
n00891	n05410
n00891	n07201
n00891	n08173
n00891	n10704
n00892	n00934
n00892	n02894
n00893	n01622
n00893	n02653
n00893	n02904
n00893	n05560
n00893	n10681
n00894	n02465
n00894	n02549
n00894	n03595
n00894	n08683
n00895	n01708
n00895	n03931
n00895	n08245
n00895	n09149
n00896	n00452
n00896	n03269
n00896	n05562
n00896	n08826
n00897	n04130
n00897	n07338
n00898	n05023
n00898	n05466
n00898	n08837
n00899	n01090
n00899	n04638
n00900	n00542
n00900	n04845
n00901	n00268
n00901	n03896
n00901	n07944
n00902	n02885
n00902	n04591
n00902	n07522
n00902	n09022
n00903	n02157
n00903	n02629
n00903	n05793
n00904	n04025
n00904	n04457
n00904	n05649
n00904	n06904
n00904	n09673
n00904	n10120
n00904	n10121
n00904	n10411
n00905	n03545
n00905	n07259
n00905	n08020
n00905	n10082
n00906	n02927
n00906	n04253
n00906	n06826
n00907	n04051
n00907	n05864
n00908	n01258
n00908	n07270
n00908	n10126
n00909	n04684
n00909	n04903
n00909	n05118
n00909	n05991
n00909	n07919
n00909	n09549
n00910	n00901
n00910	n01699
n00910	n03232
n00911	n01463
n00911	n05308
n00911	n05407
n00911	n07114
n00912	n04113
n00912	n05223
n00912	n06439
n00912	n08130
n00912	n09040
n00912	n09674
n00913	n01013
n00913	n03270
n00913	n03331
n00913	n05683
n00913	n06025
n00914	n01329
n00914	n01462
n00914	n06470
n00914	n08722
n00914	n10217
n00915	n01608
n00915	n01927
n00915	n02877
n00915	n02947
n00915	n08736
n00916	n02407
n00916	n03746
n00916	n04609
n00916	n07009
n00916	n10292
n00916	n10373
n00917	n01423
n00917	n02364
n00917	n02872
n00917	n02945
n00917	n06253
n00917	n06949
n00918	n01312
n00918	n01911
n00918	n02677
n00919	n00641
n00919	n02682
n00919	n03959
n00919	n04990
n00920	n01263
n00920	n02846
n00920	n10572
n00921	n00453
n00921	n01447
n00922	n00789
n00922	n04373
n00922	n07221
n00922	n07278
n00922	n09239
n00923	n00161
n00924	n00585
n00924	n09968
n00925	n01039
n00925	n05258
n00926	n01890
n00926	n02023
n00927	n00195
n00927	n02664
n00928	n02247
n00929	n01411
n00929	n07122
n00929	n08966
n00930	n01477
n00930	n02424
n00930	n04542
n00931	n01557
n00931	n03103
n00931	n03641
n00932	n02197
n00932	n03157
n00932	n05447
n00932	n05846
n00932	n06004
n00932	n06656
n00932	n07679
n00932	n08772
n00933	n02727
n00933	n03497
n00933	n03638
n00933	n04374
n00933	n04558
n00933	n07579
n00933	n10638
n00933	n10639
n00933	n10640
n00934	n01590
n00934	n01646
n00934	n01905
n00934	n03594
n00934	n09629
n00935	n01067
n00935	n02539
n00935	n09085
n00936	n01359
n00936	n01444
n00936	n03593
n00936	n08059
n00937	n01317
n00937	n02207
n00937	n03197
n00937	n03752
n00937	n03855
n00938	n01677
n00939	n01121
n00939	n02359
n00939	n03058
n00939	n10733
n00940	n01424
n00940	n02938
n00940	n03604
n00941	n01483
n00941	n02215
n00941	n04487
n00942	n02004
n00942	n02495
n00943	n02879
n00943	n03619
n00943	n03625
n00944	n04009
n00945	n01426
n00945	n01628
n00945	n04507
n00945	n05144
n00946	n01398
n00946	n03521
n00946	n05339
n00946	n08972
n00947	n01430
n00947	n02720
n00948	n02297
n00948	n06666
n00948	n06993
n00948	n07963
n00949	n00964
n00949	n04978
n00949	n06996
n00949	n10693
n00950	n02980
n00950	n03371
n00950	n03784
n00950	n03919
n00950	n05328
n00950	n05714
n00950	n07286
n00950	n10299
n00951	n02601
n00951	n07618
n00951	n07682
n00951	n09336
n00951	n09337
n00951	n09409
n00952	n00451
n00952	n01538
n00952	n07331
n00953	n01215
n00953	n01556
n00953	n04687
n00953	n07308
n00954	n01840
n00954	n02874
n00954	n07531
n00954	n07586
n00954	n08897
n00954	n10752
n00955	n00981
n00955	n04900
n00956	n00880
n00956	n03930
n00956	n04104
n00956	n05281
n00956	n06622
n00956	n06984
n00957	n01396
n00957	n02487
n00957	n02979
n00957	n03659
n00957	n04528
n00957	n09588
n00958	n02518
n00958	n02846
n00958	n03285
n00958	n03407
n00958	n03985
n00958	n07695
n00958	n08203
n00958	n09586
n00959	n01152
n00959	n02430
n00959	n04796
n00960	n00847
n00960	n01272
n00960	n04683
n00960	n08559
n00960	n10292
n00961	n01846
n00961	n02881
n00962	n05140
n00962	n07328
n00962	n09898
n00963	n05933
n00963	n06604
n00963	n07193
n00963	n07857
n00963	n07933
n00963	n08457
n00963	n09961
n00964	n01801
n00964	n02826
n00965	n00708
n00965	n05003
n00966	n03226
n00966	n04522
n00966	n05331
n00966	n07203
n00966	n08202
n00967	n00109
n00968	n01198
n00968	n02868
n00968	n05012
n00968	n08209
n00969	n02975
n00969	n03241
n00969	n07222
n00969	n07534
n00969	n08235
n00969	n08680
n00969	n10329
n00969	n10413
n00970	n00748
n00970	n04173
n00970	n05005
n00970	n08830
n00970	n09674
n00971	n01453
n00971	n03852
n00971	n07597
n00971	n08620
n00971	n09473
n00972	n00823
n00972	n03678
n00972	n06934
n00973	n02298
n00973	n02405
n00973	n02840
n00973	n08091
n00974	n00643
n00974	n07703
n00974	n09569
n00974	n10351
n00975	n01528
n00975	n01886
n00975	n03456
n00975	n06149
n00975	n08811
n00976	n00907
n00976	n01216
n00976	n01301
n00977	n01425
n00977	n02908
n00977	n09674
n00977	n09705
n00978	n01408
n00978	n05136
n00979	n01767
n00979	n06337
n00979	n06548
n00979	n10239
n00980	n01450
n00980	n02883
n00981	n00010
n00982	n02011
n00982	n02266
n00982	n04539
n00982	n08542
n00983	n02225
n00983	n02561
n00983	n07138
n00983	n07198
n00983	n08809
n00983	n08938
n00983	n09003
n00984	n02507
n00984	n02530
n00984	n02562
n00984	n08468
n00984	n08555
n00984	n10079
n00985	n00904
n00985	n03466
n00985	n03921
n00985	n04315
n00985	n05236
n00986	n01228
n00986	n06936
n00986	n07097
n00986	n07413
n00986	n08058
n00987	n00951
n00987	n01491
n00987	n01856
n00987	n02518
n00987	n04915
n00988	n00709
n00988	n01476
n00988	n04320
n00989	n00111
n00990	n01468
n00990	n01597
n00990	n02520
n00990	n03422
n00990	n04044
n00990	n05128
n00990	n06667
n00991	n00734
n00991	n02948
n00992	n01607
n00992	n03193
n00992	n03358
n00992	n04996
n00992	n08686
n00993	n04010
n00994	n02152
n00994	n03262
n00994	n06511
n00994	n07383
n00994	n08302
n00994	n09744
n00995	n03395
n00995	n05502
n00995	n06361
n00995	n07463
n00996	n01871
n00996	n04462
n00996	n05628
n00996	n06284
n00997	n03461
n00997	n08650
n00997	n09622
n00998	n00350
n00998	n09002
n00998	n10191
n00999	n02252
n00999	n03535
n00999	n05412
n00999	n06591
n00999	n08612
n00999	n09402
n00999	n09944
n01000	n03023
n01000	n03492
n01001	n01099
n01001	n01660
n01001	n05907
n01001	n08177
n01002	n00201
n01002	n02038
n01003	n01736
n01003	n01882
n01003	n03984
n01003	n05682
n01004	n01574
n01004	n02732
n01004	n05688
n01004	n09225
n01004	n10548
n01005	n01694
n01005	n03283
n01005	n04123
n01005	n06977
n01005	n08492
n01005	n08745
n01006	n01118
n01006	n01673
n01006	n05333
n01006	n06045
n01006	n06660
n01006	n07275
n01006	n08648
n01006	n10686
n01007	n00968
n01007	n02055
n01007	n02683
n01008	n01512
n01008	n02957
n01008	n08860
n01009	n03142
n01009	n04220
n01010	n01107
n01010	n02107
n01011	n02060
n01012	n00481
n01012	n04286
n01012	n07761
n01013	n01806
n01013	n03263
n01013	n03786
n01014	n00665
n01014	n02697
n01014	n04813
n01015	n05249
n01016	n01620
n01016	n03158
n01016	n04254
n01016	n07203
n01016	n07605
n01016	n10178
n01017	n01366
n01017	n01691
n01017	n01944
n01017	n06255
n01017	n09625
n01018	n02505
n01018	n03030
n01018	n03412
n01018	n03986
n01018	n08529
n01018	n08722
n01018	n08821
n01018	n10739
n01019	n00941
n01019	n02077
n01019	n03563
n01020	n04392
n01020	n05069
n01021	n00634
n01021	n01852
n01022	n02532
n01022	n04301
n01022	n05951
n01022	n06177
n01022	n06834
n01023	n01804
n01023	n06500
n01023	n07475
n01023	n07772
n01024	n00781
n01024	n02828
n01025	n01734
n01025	n02687
n01026	n01054
n01027	n02202
n01027	n03272
n01027	n04766
n01027	n06255
n01027	n09517
n01027	n10576
n01028	n01893
n01028	n07805
n01029	n01028
n01029	n04142
n01030	n01397
n01030	n02475
n01030	n05157
n01030	n05914
n01031	n01825
n01031	n06617
n01032	n02330
n01032	n07644
n01033	n02294
n01033	n04763
n01033	n04914
n01033	n05147
n01033	n05565
n01033	n06697
n01033	n07999
n01033	n08502
n01033	n08584
n01034	n03403
n01034	n04557
n01035	n00143
n01035	n07968
n01035	n08752
n01036	n02397
n01036	n02427
n01036	n03233
n01036	n06441
n01036	n08239
n01036	n09627
n01036	n09633
n01036	n10719
n01037	n03407
n01037	n05862
n01037	n06986
n01037	n08153
n01037	n08201
n01037	n10488
n01037	n10572
n01038	n01536
n01038	n02941
n01038	n03859
n01038	n05816
n01038	n08762
n01039	n01984
n01039	n04431
n01040	n02553
n01040	n05343
n01041	n03572
n01041	n07408
n01042	n09124
n01043	n01824
n01043	n02755
n01043	n03184
n01043	n10228
n01044	n01516
n01044	n03954
n01044	n05072
n01045	n01954
n01045	n02346
n01045	n04355
n01045	n04464
n01045	n04661
n01045	n05401
n01046	n00418
n01046	n02456
n01046	n05677
n01047	n00109
n01047	n01311
n01048	n02250
n01048	n03239
n01048	n06477
n01048	n08227
n01048	n08232
n01048	n08435
n01048	n10614
n01049	n00000
n01050	n03009
n01050	n09740
n01050	n09905
n01051	n01585
n01051	n03448
n01052	n02689
n01052	n05105
n01052	n06079
n01052	n09974
n01053	n00023
n01053	n09653
n01054	n02509
n01055	n01536
n01055	n02299
n01055	n08121
n01055	n08165
n01056	n01417
n01056	n01491
n01056	n03560
n01057	n02553
n01057	n05343
n01058	n02707
n01058	n04282
n01059	n04337
n01059	n04788
n01060	n02024
n01061	n03102
n01061	n09915
n01062	n02142
n01062	n05400
n01062	n06569
n01063	n02888
n01063	n04208
n01063	n04474
n01063	n05176
n01063	n07542
n01063	n08090
n01064	n02326
n01064	n02597
n01064	n03678
n01064	n05225
n01064	n05653
n01065	n02757
n01065	n03841
n01065	n04908
n01065	n05915
n01065	n07752
n01065	n09082
n01065	n09678
n01065	n09679
n01066	n02633
n01066	n04426
n01066	n04470
n01066	n05511
n01066	n05983
n01066	n06475
n01067	n02638
n01067	n03680
n01067	n04543
n01067	n04995
n01068	n03154
n01068	n03508
n01069	n01525
n01069	n02933
n01069	n02985
n01069	n04035
n01069	n06963
n01069	n07700
n01070	n03020
n01070	n03278
n01070	n03502
n01070	n07691
n01071	n04400
n01071	n05168
n01071	n05278
n01071	n08970
n01072	n04976
n01072	n05104
n01072	n05655
n01072	n05904
n01072	n06156
n01072	n06877
n01072	n08345
n01072	n10274
n01073	n01755
n01073	n02347
n01073	n02763
n01073	n08530
n01074	n02631
n01074	n02855
n01074	n06116
n01074	n08536
n01075	n03781
n01075	n04021
n01075	n05531
n01075	n05783
n01075	n08603
n01076	n02161
n01076	n02315
n01076	n07739
n01076	n08424
n01077	n04419
n01077	n06231
n01078	n00311
n01078	n08467
n01079	n00545
n01079	n04653
n01079	n10598
n01080	n00927
n01080	n03222
n01080	n06454
n01081	n03596
n01081	n04971
n01081	n05334
n01081	n09307
n01082	n01166
n01082	n06036
n01082	n06223
n01082	n06641
n01082	n07487
n01082	n07672
n01082	n08875
n01082	n09748
n01083	n01951
n01083	n02005
n01084	n01484
n01084	n01567
n01084	n02788
n01084	n04060
n01084	n05473
n01085	n02592
n01086	n00664
n01087	n01167
n01087	n04053
n01087	n08245
n01087	n09524
n01088	n00035
n01089	n00745
n01089	n02571
n01089	n07011
n01089	n07525
n01090	n03711
n01091	n03038
n01091	n06065
n01092	n00608
n01093	n01084
n01093	n01986
n01094	n01155
n01094	n01438
n01095	n00728
n01095	n03943
n01096	n00482
n01096	n03717
n01096	n07151
n01097	n01111
n01097	n02028
n01097	n02121
n01097	n09139
n01097	n09447
n01098	n03876
n01099	n02667
n01099	n09628
n01099	n09780
n01099	n09920
n01099	n10498
n01100	n00783
n01101	n01707
n01101	n02599
n01101	n07262
n01102	n02983
n01102	n03327
n01102	n05547
n01102	n07337
n01102	n07741
n01102	n08079
n01102	n09278
n01102	n09426
n01102	n09616
n01103	n02806
n01103	n03274
n01103	n03902
n01103	n04818
n01104	n03159
n01104	n06192
n01104	n06915
n01104	n09242
n01104	n10076
n01105	n02981
n01105	n05527
n01105	n08818
n01105	n09399
n01105	n10565
n01106	n00546
n01106	n04564
n01107	n00001
n01107	n00096
n01107	n00444
n01108	n00188
n01108	n06737
n01109	n01670
n01109	n03528
n01110	n05469
n01110	n05757
n01110	n05925
n01110	n06106
n01110	n08411
n01111	n01568
n01111	n02010
n01111	n07420
n01111	n07473
n01111	n09988
n01112	n00269
n01113	n02758
n01113	n03393
n01113	n07482
n01113	n10447
n01114	n01696
n01114	n02500
n01114	n04531
n01114	n05604
n01114	n09057
n01115	n04877
n01115	n05387
n01115	n05798
n01115	n08056
n01116	n01630
n01116	n01990
n01116	n08828
n01117	n02292
n01117	n03214
n01117	n03457
n01117	n06296
n01118	n00514
n01118	n05534
n01119	n01249
n01119	n05552
n01119	n05811
n01120	n02317
n01120	n04553
n01120	n05854
n01120	n07480
n01120	n08681
n01121	n03908
n01121	n04369
n01121	n06198
n01121	n07748
n01121	n08166
n01122	n01575
n01122	n04608
n01122	n06982
n01122	n08085
n01122	n10512
n01122	n10741
n01123	n01559
n01123	n02769
n01123	n03798
n01123	n10107
n01124	n02500
n01124	n06747
n01125	n01769
n01125	n04509
n01125	n07802
n01125	n08331
n01126	n01010
n01126	n01513
n01126	n04935
n01127	n00572
n01127	n04053
n01127	n05343
n01128	n02371
n01128	n02756
n01128	n07183
n01128	n07412
n01129	n00106
n01129	n06293
n01130	n01780
n01130	n03234
n01130	n04156
n01131	n02157
n01131	n02920
n01131	n05772
n01132	n01549
n01132	n04791
n01132	n08387
n01132	n08469
n01133	n03306
n01133	n05426
n01133	n07554
n01133	n09033
n01133	n10102
n01133	n10301
n01133	n10366
n01134	n02223
n01134	n04636
n01134	n05296
n01134	n10597
n01135	n00026
n01136	n02377
n01136	n03267
n01136	n05455
n01136	n09391
n01136	n09541
n01137	n02568
n01137	n09106
n01138	n03367
n01138	n04862
n01138	n05706
n01138	n06392
n01138	n06640
n01138	n10603
n01139	n01553
n01139	n03116
n01139	n05859
n01139	n06382
n01140	n02873
n01140	n03328
n01140	n03784
n01140	n06385
n01140	n07292
n01140	n08779
n01140	n09611
n01141	n00314
n01141	n01808
n01141	n04793
n01142	n00230
n01143	n04775
n01143	n05288
n01143	n06081
n01143	n06776
n01144	n04587
n01145	n01350
n01145	n02796
n01145	n09043
n01145	n10044
n01146	n02801
n01146	n03218
n01146	n10324
n01147	n00635
n01147	n02529
n01147	n05322
n01147	n05421
n01147	n07230
n01148	n04202
n01148	n04485
n01148	n05698
n01148	n06041
n01149	n02275
n01149	n03456
n01149	n07277
n01149	n07301
n01149	n07699
n01150	n01443
n01150	n03491
n01150	n05660
n01151	n03501
n01151	n04199
n01151	n05011
n01151	n05113
n01151	n06251
n01151	n06944
n01151	n07263
n01151	n07629
n01151	n08112
n01152	n00485
n01152	n04101
n01153	n00106
n01153	n05029
n01154	n02387
n01154	n06740
n01154	n07346
n01155	n01410
n01155	n04848
n01156	n02287
n01156	n05376
n01156	n09675
n01156	n09912
n01157	n01041
n01157	n04075
n01157	n06343
n01157	n07147
n01157	n07905
n01158	n00688
n01159	n06133
n01160	n00520
n01160	n02932
n01160	n04020
n01160	n04534
n01161	n01900
n01161	n02977
n01161	n09613
n01162	n01573
n01162	n03504
n01162	n06626
n01162	n10735
n01163	n01195
n01163	n05343
n01163	n05526
n01163	n05723
n01164	n01498
n01164	n08246
n01165	n04135
n01166	n09026
n01167	n06755
n01167	n07238
n01168	n08064
n01168	n08228
n01168	n08796
n01169	n05310
n01169	n05403
n01169	n08712
n01169	n09097
n01170	n01661
n01170	n03732
n01170	n06644
n01170	n07704
n01171	n00947
n01171	n03324
n01171	n05016
n01171	n10407
n01172	n01243
n01172	n03082
n01172	n03498
n01173	n01867
n01173	n01889
n01173	n02386
n01173	n07343
n01173	n09679
n01174	n01546
n01174	n01895
n01175	n03156
n01175	n03359
n01176	n04210
n01176	n05488
n01176	n09488
n01177	n02184
n01177	n03310
n01177	n04764
n01177	n09448
n01177	n09532
n01178	n01383
n01178	n02355
n01178	n03979
n01178	n09619
n01179	n02869
n01179	n06133
n01180	n03875
n01181	n00417
n01181	n09075
n01182	n01401
n01182	n04900
n01183	n02183
n01183	n03924
n01184	n00947
n01184	n06937
n01185	n05221
n01185	n06457
n01185	n08585
n01185	n08636
n01185	n08739
n01186	n02429
n01186	n04402
n01186	n07326
n01186	n08825
n01186	n09415
n01186	n09489
n01186	n10357
n01186	n10783
n01187	n00516
n01187	n03993
n01188	n05354
n01189	n03616
n01190	n01684
n01190	n03519
n01190	n04637
n01190	n05369
n01191	n02556
n01191	n03299
n01192	n03541
n01192	n07192
n01193	n02861
n01193	n04466
n01193	n05391
n01193	n06122
n01193	n06378
n01193	n07200
n01193	n07201
n01193	n07256
n01193	n07548
n01194	n01043
n01194	n03726
n01194	n04159
n01194	n05392
n01195	n01157
n01195	n02348
n01195	n05084
n01195	n08218
n01195	n09623
n01195	n09640
n01196	n01600
n01196	n02860
n01196	n05215
n01196	n06309
n01196	n07162
n01196	n08438
n01197	n01226
n01197	n03537
n01197	n05663
n01198	n04102
n01198	n07320
n01198	n07975
n01198	n10567
n01199	n02602
n01199	n02754
n01199	n04170
n01199	n04261
n01199	n06012
n01199	n08635
n01200	n02689
n01200	n05227
n01200	n07491
n01201	n01832
n01201	n04470
n01201	n09273
n01202	n01592
n01202	n02375
n01202	n02679
n01202	n03470
n01202	n06976
n01203	n01223
n01203	n03761
n01204	n01715
n01204	n03994
n01205	n02447
n01205	n07772
n01205	n08297
n01205	n08871
n01205	n10002
n01206	n01800
n01206	n02386
n01207	n06871
n01207	n07062
n01207	n07113
n01207	n07964
n01207	n07988
n01208	n02478
n01208	n07160
n01209	n02628
n01209	n04987
n01209	n08199
n01209	n08233
n01210	n04024
n01210	n04806
n01210	n05263
n01210	n06658
n01210	n07407
n01210	n08576
n01211	n03154
n01211	n05491
n01211	n06283
n01211	n06333
n01212	n02598
n01212	n07584
n01212	n09011
n01212	n09167
n01213	n00689
n01213	n04988
n01213	n06661
n01213	n08599
n01213	n09641
n01214	n05676
n01215	n04477
n01215	n04548
n01215	n05201
n01215	n07653
n01215	n09395
n01216	n01688
n01216	n03225
n01217	n02089
n01217	n05610
n01217	n05716
n01217	n06461
n01217	n07601
n01217	n08468
n01217	n08597
n01218	n03676
n01218	n03969
n01218	n08026
n01218	n09256
n01218	n09401
n01218	n09480
n01219	n00234
n01219	n08794
n01220	n01168
n01220	n05445
n01220	n05693
n01220	n09668
n01220	n10295
n01221	n01182
n01221	n08204
n01222	n00036
n01223	n00002
n01224	n04135
n01225	n02389
n01225	n03710
n01225	n09918
n01226	n01644
n01226	n05264
n01226	n08493
n01227	n02079
n01227	n06164
n01227	n07462
n01227	n08917
n01227	n09725
n01227	n09861
n01228	n01807
n01228	n04899
n01228	n06400
n01228	n06556
n01228	n08563
n01228	n08656
n01228	n09329
n01229	n03777
n01229	n05318
n01229	n05636
n01229	n07253
n01230	n02863
n01230	n06232
n01231	n04257
n01231	n04656
n01231	n04831
n01231	n05121
n01231	n05203
n01231	n05800
n01231	n06447
n01231	n10788
n01232	n03977
n01232	n06227
n01232	n06838
n01232	n08673
n01232	n09730
n01232	n09933
n01232	n10059
n01232	n10304
n01233	n02450
n01233	n06990
n01233	n08158
n01234	n01774
n01234	n04541
n01234	n04894
n01234	n07428
n01235	n01063
n01236	n01344
n01236	n04053
n01236	n04565
n01236	n05343
n01236	n08245
n01236	n09683
n01237	n02341
n01237	n04772
n01238	n04926
n01238	n07041
n01239	n00707
n01239	n03390
n01240	n00573
n01240	n05306
n01240	n09210
n01240	n09865
n01241	n03098
n01241	n03822
n01241	n05052
n01241	n05752
n01242	n03490
n01242	n04883
n01242	n06479
n01242	n08473
n01242	n09642
n01243	n02454
n01243	n04073
n01243	n04833
n01243	n05099
n01243	n06624
n01243	n07080
n01244	n01940
n01244	n01960
n01244	n03119
n01244	n03361
n01244	n05641
n01244	n10378
n01245	n01901
n01245	n03500
n01245	n05683
n01245	n10641
n01246	n00055
n01246	n02644
n01247	n02177
n01247	n02853
n01248	n01916
n01248	n04776
n01248	n07811
n01249	n02080
n01250	n01953
n01250	n02138
n01250	n04354
n01250	n07960
n01251	n03452
n01251	n03455
n01251	n04892
n01251	n06047
n01251	n08035
n01251	n10374
n01251	n10650
n01252	n01362
n01252	n03785
n01252	n04172
n01252	n04563
n01253	n02455
n01253	n03586
n01253	n09260
n01253	n10616
n01253	n10617
n01254	n01662
n01254	n03692
n01255	n01022
n01255	n03410
n01256	n04854
n01256	n05582
n01256	n07858
n01257	n01702
n01257	n03212
n01257	n08284
n01257	n09869
n01258	n02008
n01258	n04527
n01258	n04937
n01258	n05780
n01258	n10071
n01259	n00943
n01259	n03449
n01260	n01804
n01260	n01971
n01260	n08509
n01260	n09024
n01261	n02691
n01262	n03588
n01263	n03189
n01263	n03322
n01263	n06446
n01263	n07583
n01264	n00321
n01264	n09108
n01265	n01531
n01266	n00479
n01266	n00818
n01267	n04460
n01268	n01689
n01268	n02797
n01268	n03832
n01268	n06301
n01268	n06858
n01268	n08997
n01268	n10321
n01269	n01586
n01269	n04247
n01269	n06896
n01270	n07039
n01270	n09219
n01270	n09678
n01270	n09746
n01271	n03391
n01271	n03396
n01271	n03842
n01271	n05202
n01272	n00962
n01272	n01898
n01273	n01735
n01273	n03078
n01273	n04825
n01273	n05834
n01273	n07533
n01273	n09216
n01273	n09311
n01274	n00014
n01275	n03728
n01275	n04401
n01275	n05987
n01275	n06702
n01275	n07612
n01275	n09394
n01276	n00546
n01276	n02296
n01277	n01873
n01277	n01898
n01277	n02889
n01277	n03974
n01277	n08129
n01277	n08185
n01277	n09388
n01278	n01073
n01278	n04694
n01278	n04754
n01278	n06001
n01278	n10787
n01279	n01689
n01279	n05968
n01279	n07102
n01279	n10687
n01279	n10688
n01280	n01504
n01280	n02483
n01281	n02284
n01281	n07343
n01281	n08829
n01282	n02040
n01282	n03992
n01282	n04269
n01282	n05572
n01283	n02113
n01283	n04086
n01284	n00518
n01284	n05509
n01285	n02721
n01285	n07273
n01285	n07749
n01286	n03271
n01286	n06224
n01286	n07525
n01286	n08110
n01286	n09424
n01287	n01143
n01287	n02748
n01288	n02635
n01288	n04555
n01288	n04997
n01288	n09546
n01289	n01772
n01289	n06002
n01289	n08068
n01290	n00030
n01290	n03257
n01290	n07882
n01291	n01556
n01291	n03028
n01291	n03610
n01292	n02570
n01292	n04171
n01292	n07571
n01292	n10533
n01293	n01366
n01293	n06263
n01293	n06687
n01293	n07013
n01294	n01282
n01294	n02308
n01295	n01156
n01295	n05378
n01296	n00688
n01297	n03783
n01297	n06657
n01298	n02348
n01298	n04471
n01299	n01267
n01299	n04161
n01299	n04750
n01300	n00314
n01300	n10069
n01301	n00747
n01301	n04051
n01302	n03024
n01302	n08949
n01303	n01618
n01303	n04079
n01303	n06035
n01303	n07715
n01303	n09288
n01303	n10398
n01304	n04152
n01304	n04226
n01304	n04866
n01304	n05498
n01304	n06316
n01304	n07155
n01304	n10532
n01304	n10630
n01304	n10631
n01305	n01403
n01306	n00120
n01306	n03248
n01306	n09675
n01307	n02499
n01307	n02558
n01307	n06089
n01307	n08859
n01308	n02084
n01308	n02968
n01309	n02026
n01309	n02627
n01310	n02345
n01310	n03104
n01310	n04185
n01310	n05738
n01311	n01296
n01311	n03492
n01312	n03453
n01312	n05425
n01312	n08623
n01312	n08663
n01312	n10283
n01313	n01922
n01313	n06136
n01314	n03794
n01314	n04350
n01314	n08679
n01314	n09462
n01314	n10054
n01315	n00690
n01315	n01924
n01315	n04612
n01316	n01955
n01316	n04483
n01316	n04622
n01316	n05708
n01316	n07574
n01316	n08659
n01317	n00929
n01317	n03978
n01317	n05114
n01318	n01956
n01318	n02207
n01318	n04588
n01319	n00274
n01319	n05533
n01319	n06246
n01319	n07945
n01319	n08522
n01320	n02120
n01320	n03439
n01320	n05978
n01320	n07712
n01320	n10721
n01321	n01443
n01321	n01615
n01322	n03084
n01322	n04778
n01323	n00276
n01323	n08860
n01324	n02216
n01325	n01347
n01326	n03478
n01326	n05365
n01326	n06271
n01326	n06488
n01326	n09722
n01327	n00727
n01328	n02343
n01328	n03255
n01328	n04494
n01328	n04501
n01328	n07387
n01329	n06577
n01329	n07986
n01329	n09790
n01329	n10293
n01330	n03183
n01330	n08384
n01331	n02222
n01331	n04191
n01331	n06126
n01331	n09254
n01332	n00760
n01332	n04595
n01332	n10468
n01333	n01383
n01333	n06153
n01333	n06167
n01333	n07235
n01333	n10085
n01334	n02719
n01334	n04582
n01334	n05819
n01334	n06556
n01334	n07660
n01334	n10529
n01335	n00038
n01336	n02478
n01336	n03112
n01336	n06957
n01337	n01995
n01337	n03875
n01337	n08832
n01338	n06930
n01339	n01385
n01339	n02352
n01340	n01487
n01340	n02292
n01340	n02461
n01340	n05325
n01340	n06404
n01341	n02251
n01341	n02399
n01341	n06640
n01342	n01902
n01342	n02575
n01342	n06935
n01342	n08703
n01343	n02605
n01343	n05692
n01343	n08178
n01344	n02408
n01345	n02076
n01345	n04054
n01345	n08831
n01346	n02105
n01346	n05890
n01346	n09770
n01347	n00607
n01348	n01256
n01348	n07840
n01349	n02133
n01349	n03147
n01349	n04505
n01349	n07388
n01350	n06843
n01350	n07448
n01350	n08344
n01351	n00748
n01351	n03791
n01351	n05237
n01352	n02228
n01352	n02596
n01352	n04206
n01352	n05432
n01353	n02295
n01353	n03022
n01353	n03115
n01353	n09417
n01354	n02974
n01354	n03916
n01354	n04696
n01354	n05224
n01354	n08671
n01354	n10742
n01355	n02034
n01355	n08064
n01355	n08768
n01355	n09674
n01356	n02656
n01357	n04565
n01357	n04567
n01357	n04768
n01357	n05723
n01357	n06485
n01357	n07338
n01357	n07339
n01357	n08830
n01357	n08831
n01358	n03887
n01359	n02963
n01359	n03524
n01360	n00482
n01361	n04519
n01361	n07379
n01362	n02154
n01362	n03105
n01362	n05788
n01362	n06137
n01362	n09701
n01363	n04715
n01363	n06722
n01363	n06774
n01363	n07569
n01363	n10270
n01363	n10435
n01364	n02390
n01364	n04305
n01364	n06857
n01364	n10547
n01365	n00745
n01365	n04410
n01365	n05645
n01366	n04352
n01366	n05208
n01367	n09396
n01368	n02448
n01368	n03970
n01369	n01974
n01369	n03048
n01369	n06950
n01370	n00418
n01370	n03439
n01370	n05691
n01370	n06730
n01370	n08831
n01370	n10031
n01371	n02530
n01371	n05699
n01371	n07723
n01371	n08555
n01371	n10079
n01372	n06231
n01372	n10661
n01373	n01415
n01373	n03019
n01373	n03795
n01373	n06664
n01373	n06992
n01374	n04359
n01374	n06150
n01374	n08469
n01375	n02835
n01375	n03738
n01376	n04528
n01376	n04624
n01376	n05622
n01376	n07140
n01376	n07967
n01376	n08388
n01376	n09353
n01377	n02463
n01377	n03792
n01377	n06650
n01377	n06707
n01378	n02290
n01378	n04420
n01378	n06711
n01378	n07012
n01378	n10733
n01379	n02932
n01379	n06198
n01379	n06888
n01379	n09556
n01380	n01866
n01380	n03250
n01381	n03766
n01382	n04279
n01382	n05036
n01383	n02111
n01383	n04236
n01383	n08976
n01383	n09966
n01384	n03150
n01384	n03956
n01384	n05501
n01384	n06178
n01385	n00878
n01385	n03626
n01385	n09100
n01386	n00575
n01386	n07624
n01386	n07782
n01387	n02044
n01387	n04907
n01388	n03224
n01388	n05452
n01388	n05703
n01388	n07703
n01389	n00729
n01389	n03972
n01389	n04814
n01390	n03796
n01390	n04906
n01390	n06212
n01390	n07214
n01390	n08820
n01391	n01168
n01391	n02891
n01392	n02094
n01392	n04994
n01392	n08214
n01392	n08829
n01393	n00731
n01393	n02419
n01394	n01620
n01394	n05221
n01394	n05544
n01394	n06482
n01394	n07028
n01394	n08894
n01395	n03092
n01395	n03185
n01396	n02123
n01396	n03279
n01396	n04695
n01397	n02588
n01398	n04866
n01398	n06144
n01398	n07416
n01398	n09821
n01399	n03392
n01399	n05139
n01399	n05606
n01399	n06301
n01399	n06320
n01399	n08370
n01399	n08893
n01399	n09714
n01400	n00858
n01400	n04698
n01400	n06131
n01400	n07359
n01400	n08250
n01400	n08854
n01401	n00010
n01402	n04604
n01402	n09844
n01402	n09974
n01403	n02273
n01404	n06205
n01404	n06715
n01404	n07722
n01404	n10396
n01405	n00904
n01405	n02269
n01405	n02929
n01405	n06968
n01405	n09674
n01406	n01953
n01406	n05662
n01406	n08773
n01406	n08774
n01406	n09595
n01407	n03787
n01407	n03865
n01407	n04121
n01407	n08734
n01407	n10516
n01408	n01471
n01408	n08856
n01409	n00543
n01410	n05884
n01410	n06073
n01411	n02793
n01411	n09233
n01411	n09939
n01412	n02345
n01412	n07839
n01413	n01042
n01414	n06125
n01414	n06837
n01415	n04302
n01415	n04405
n01415	n07917
n01415	n08488
n01416	n02826
n01416	n04345
n01416	n05209
n01417	n02531
n01417	n07881
n01418	n05419
n01418	n08156
n01418	n09674
n01419	n00197
n01419	n04985
n01420	n01811
n01420	n03734
n01420	n07442
n01421	n01553
n01421	n02978
n01421	n03117
n01421	n09054
n01422	n02430
n01422	n08540
n01422	n08778
n01423	n01194
n01423	n01815
n01423	n03462
n01424	n03332
n01424	n03800
n01424	n06725
n01424	n09631
n01425	n00897
n01425	n03991
n01426	n02286
n01426	n02492
n01427	n01934
n01427	n02177
n01428	n04632
n01428	n05382
n01428	n07088
n01428	n08991
n01428	n09979
n01429	n03629
n01429	n06531
n01429	n07923
n01429	n07940
n01429	n09875
n01429	n10246
n01430	n04964
n01430	n05169
n01431	n01703
n01431	n02391
n01431	n04609
n01431	n04655
n01431	n08664
n01432	n05217
n01432	n05979
n01432	n07628
n01433	n02354
n01433	n03093
n01433	n03513
n01434	n04928
n01434	n05022
n01434	n06730
n01434	n07752
n01434	n09678
n01435	n07405
n01436	n03040
n01436	n05030
n01436	n09674
n01437	n03138
n01437	n04442
n01438	n01410
n01438	n02524
n01438	n09017
n01439	n01359
n01440	n04856
n01440	n05955
n01440	n09990
n01441	n03303
n01442	n01533
n01442	n02659
n01442	n04667
n01442	n04800
n01442	n07154
n01443	n01413
n01443	n04672
n01443	n08034
n01444	n01803
n01444	n02963
n01444	n03960
n01444	n05997
n01444	n06363
n01445	n01368
n01445	n01870
n01445	n03348
n01445	n05638
n01446	n00145
n01447	n01299
n01447	n01726
n01447	n02145
n01448	n02748
n01448	n04325
n01448	n04490
n01449	n00098
n01449	n05343
n01450	n02370
n01450	n02525
n01450	n05759
n01451	n02325
n01452	n01239
n01452	n04407
n01453	n04480
n01453	n06368
n01453	n06918
n01453	n07587
n01453	n07636
n01454	n01830
n01454	n03079
n01454	n04686
n01454	n08393
n01454	n08976
n01455	n02016
n01455	n05228
n01455	n07266
n01456	n03734
n01456	n04263
n01456	n07307
n01457	n01023
n01457	n07508
n01457	n09674
n01458	n00997
n01458	n04709
n01459	n03160
n01459	n07645
n01459	n08689
n01459	n09340
n01459	n10722
n01460	n02557
n01460	n06519
n01460	n08314
n01461	n01987
n01461	n02008
n01461	n03720
n01462	n01702
n01462	n04725
n01462	n09790
n01463	n04015
n01463	n10254
n01464	n03779
n01464	n08073
n01465	n02333
n01465	n04805
n01465	n06189
n01465	n08443
n01466	n04810
n01466	n05827
n01466	n08188
n01466	n09221
n01467	n04425
n01467	n07805
n01467	n08118
n01467	n08441
n01468	n03238
n01468	n03980
n01468	n07697
n01468	n09553
n01469	n03052
n01469	n07992
n01469	n08002
n01469	n08857
n01469	n10485
n01470	n00179
n01470	n08306
n01471	n02243
n01471	n03251
n01472	n03947
n01472	n09681
n01472	n09860
n01473	n06882
n01473	n07471
n01473	n07866
n01474	n03394
n01474	n04242
n01474	n07806
n01474	n08503
n01475	n00633
n01476	n01071
n01476	n04193
n01476	n08605
n01477	n01854
n01478	n01550
n01478	n04240
n01478	n05408
n01478	n09678
n01479	n00994
n01479	n04022
n01479	n05654
n01479	n06121
n01480	n02528
n01480	n02724
n01480	n04980
n01480	n04996
n01480	n06217
n01480	n07272
n01481	n01361
n01481	n03046
n01481	n05557
n01482	n03842
n01482	n04756
n01482	n06423
n01482	n06468
n01482	n09281
n01482	n09479
n01482	n09506
n01483	n02471
n01484	n05468
n01484	n07786
n01484	n09727
n01485	n06521
n01485	n09675
n01486	n05479
n01486	n05491
n01486	n07459
n01487	n01895
n01487	n03309
n01487	n03893
n01487	n08458
n01488	n01733
n01488	n02795
n01488	n03536
n01488	n07139
n01488	n09890
n01489	n03783
n01489	n06229
n01490	n00745
n01491	n02921
n01491	n06928
n01491	n07618
n01491	n09336
n01491	n09337
n01492	n03848
n01492	n05842
n01493	n02422
n01493	n03259
n01493	n04217
n01493	n05843
n01493	n06219
n01493	n09677
n01493	n09858
n01494	n01479
n01494	n03406
n01495	n01800
n01495	n02399
n01495	n06247
n01495	n08180
n01496	n03858
n01496	n04810
n01496	n06226
n01496	n07709
n01496	n08194
n01496	n09285
n01496	n10202
n01497	n03326
n01497	n05246
n01497	n06437
n01497	n10620
n01498	n03878
n01498	n07349
n01498	n09676
n01499	n05895
n01499	n06093
n01500	n01868
n01500	n08854
n01500	n09849
n01501	n02371
n01501	n04580
n01501	n06113
n01502	n03489
n01502	n06152
n01503	n04923
n01503	n07489
n01504	n01754
n01504	n02085
n01504	n04737
n01504	n07657
n01505	n02534
n01505	n02595
n01506	n01157
n01506	n02349
n01506	n04097
n01506	n05526
n01506	n10590
n01507	n02313
n01507	n04820
n01507	n10546
n01508	n01974
n01508	n09361
n01509	n01145
n01509	n05850
n01509	n06208
n01509	n07600
n01509	n07638
n01509	n08732
n01509	n09179
n01510	n00383
n01510	n02031
n01510	n06999
n01510	n10545
n01511	n06612
n01511	n08144
n01511	n08183
n01511	n10461
n01512	n02585
n01512	n04570
n01512	n07352
n01513	n01107
n01513	n02107
n01514	n02245
n01515	n03141
n01515	n04439
n01516	n03346
n01516	n09054
n01517	n00608
n01517	n02109
n01518	n01327
n01519	n03444
n01519	n09027
n01520	n02825
n01520	n07465
n01520	n09903
n01521	n01826
n01521	n03355
n01521	n03534
n01521	n10430
n01522	n04533
n01522	n09366
n01523	n03186
n01523	n04653
n01523	n05955
n01524	n01535
n01525	n02630
n01525	n05751
n01525	n07897
n01525	n08114
n01525	n09287
n01525	n10663
n01526	n05675
n01526	n07445
n01526	n07566
n01527	n04428
n01527	n07199
n01528	n02540
n01528	n04145
n01528	n04594
n01528	n09181
n01528	n09241
n01528	n09959
n01529	n01502
n01529	n09463
n01530	n00059
n01531	n02521
n01532	n07899
n01533	n03721
n01533	n04944
n01533	n05487
n01534	n10236
n01535	n01970
n01536	n06610
n01536	n08618
n01537	n08258
n01537	n09399
n01537	n09643
n01537	n09755
n01538	n01207
n01538	n10621
n01539	n04624
n01540	n00612
n01540	n05000
n01541	n04551
n01541	n05450
n01541	n06450
n01542	n05010
n01542	n07010
n01542	n07232
n01542	n09280
n01542	n09281
n01542	n09982
n01542	n10383
n01542	n10552
n01543	n00946
n01544	n03616
n01545	n02410
n01545	n02817
n01546	n02960
n01547	n01008
n01547	n07385
n01548	n03177
n01548	n07061
n01549	n08432
n01549	n08448
n01550	n03067
n01550	n04235
n01550	n06861
n01550	n09111
n01551	n03215
n01552	n01328
n01552	n02504
n01552	n02882
n01552	n03949
n01553	n04467
n01553	n08038
n01553	n09674
n01554	n02029
n01554	n04249
n01554	n04801
n01555	n01520
n01555	n07098
n01555	n10356
n01556	n03723
n01556	n05201
n01556	n07124
n01557	n01955
n01557	n06090
n01557	n06534
n01558	n02592
n01558	n06228
n01558	n08541
n01558	n09955
n01559	n04033
n01559	n05199
n01559	n05867
n01559	n06426
n01559	n06688
n01559	n10175
n01560	n01803
n01560	n04539
n01560	n04828
n01560	n04916
n01560	n06606
n01561	n03685
n01561	n04098
n01561	n04665
n01561	n04819
n01562	n06925
n01562	n07607
n01562	n08618
n01562	n08691
n01562	n10497
n01563	n00033
n01564	n01681
n01565	n00443
n01566	n03383
n01567	n05468
n01567	n07786
n01567	n09727
n01568	n05265
n01568	n05918
n01568	n09674
n01569	n01084
n01569	n04061
n01569	n06731
n01570	n02556
n01570	n03149
n01571	n02221
n01571	n04354
n01571	n05186
n01572	n04970
n01572	n05181
n01572	n05513
n01572	n06175
n01572	n06601
n01572	n08050
n01573	n03961
n01573	n04802
n01573	n06865
n01573	n07449
n01573	n08580
n01574	n02717
n01574	n02759
n01574	n05198
n01574	n05524
n01574	n08036
n01575	n02249
n01575	n05860
n01576	n01719
n01576	n05551
n01577	n00313
n01577	n08751
n01578	n01633
n01578	n05436
n01578	n07287
n01579	n01523
n01579	n01850
n01579	n07816
n01579	n10178
n01580	n05959
n01580	n06012
n01580	n07650
n01580	n08132
n01581	n02398
n01581	n04479
n01581	n08782
n01582	n01389
n01583	n02351
n01583	n05200
n01583	n06451
n01583	n07485
n01583	n07961
n01583	n10312
n01584	n04269
n01584	n06059
n01585	n04954
n01585	n05932
n01585	n09155
n01586	n03068
n01586	n09009
n01587	n02149
n01587	n02754
n01587	n03673
n01587	n08831
n01588	n02080
n01588	n05396
n01588	n07028
n01589	n01988
n01589	n06539
n01589	n08246
n01589	n08828
n01590	n03485
n01590	n06905
n01591	n00519
n01591	n06194
n01591	n08013
n01591	n10079
n01592	n03661
n01592	n04829
n01592	n07476
n01592	n09088
n01592	n09468
n01593	n02833
n01593	n03484
n01593	n06631
n01594	n02534
n01594	n03081
n01594	n06024
n01594	n10255
n01595	n02564
n01595	n04307
n01595	n08212
n01595	n10685
n01596	n01549
n01596	n01635
n01596	n04791
n01596	n09445
n01596	n10784
n01597	n03980
n01597	n06929
n01597	n07754
n01597	n09681
n01598	n04002
n01598	n07787
n01599	n01426
n01599	n02587
n01599	n03207
n01600	n02324
n01600	n05271
n01600	n05276
n01600	n09765
n01600	n10051
n01601	n03046
n01602	n03582
n01602	n04243
n01602	n05406
n01602	n09385
n01603	n02716
n01603	n07984
n01604	n02824
n01604	n04668
n01604	n05078
n01604	n06183
n01604	n10356
n01605	n06405
n01605	n06754
n01605	n08039
n01605	n09024
n01606	n01021
n01607	n00544
n01607	n08161
n01608	n03365
n01608	n05554
n01608	n06459
n01608	n07264
n01609	n01312
n01609	n05856
n01609	n08662
n01610	n01039
n01610	n06734
n01611	n04857
n01611	n08247
n01611	n09679
n01612	n05912
n01612	n06500
n01612	n07360
n01613	n00517
n01613	n01165
n01613	n01224
n01613	n02412
n01614	n01933
n01614	n05474
n01614	n09679
n01614	n09963
n01615	n01042
n01616	n03211
n01616	n04804
n01616	n06600
n01616	n06665
n01616	n09213
n01616	n09955
n01617	n01190
n01617	n08053
n01617	n08829
n01618	n04672
n01618	n05660
n01618	n07582
n01618	n10562
n01619	n04782
n01619	n05536
n01619	n06131
n01620	n03223
n01620	n04975
n01620	n05775
n01620	n06851
n01620	n09237
n01620	n10594
n01621	n01050
n01621	n08159
n01622	n04606
n01622	n05402
n01622	n10253
n01622	n10300
n01623	n02442
n01624	n00542
n01624	n08831
n01625	n02151
n01626	n01933
n01626	n04332
n01626	n04565
n01626	n07340
n01627	n02108
n01627	n03715
n01627	n05145
n01627	n07856
n01627	n09750
n01628	n04189
n01629	n02005
n01629	n07093
n01629	n07901
n01630	n02137
n01630	n04658
n01630	n05081
n01630	n08246
n01630	n08981
n01631	n00943
n01631	n09721
n01632	n01500
n01632	n03349
n01632	n08929
n01633	n01658
n01633	n06718
n01633	n08442
n01633	n10399
n01634	n06387
n01635	n01828
n01635	n08432
n01635	n10414
n01636	n02690
n01636	n05690
n01636	n10375
n01637	n00311
n01637	n08498
n01638	n01826
n01638	n03355
n01638	n03534
n01638	n10430
n01639	n03682
n01639	n04546
n01639	n06033
n01639	n06401
n01640	n02090
n01640	n03073
n01640	n05335
n01640	n07102
n01640	n08456
n01640	n08817
n01640	n08997
n01640	n09545
n01641	n00029
n01642	n03021
n01642	n07167
n01642	n07168
n01642	n08369
n01643	n02211
n01644	n02622
n01644	n07824
n01645	n01820
n01645	n05484
n01645	n05614
n01645	n06504
n01645	n06793
n01646	n01973
n01646	n03485
n01646	n03962
n01647	n03955
n01647	n04506
n01647	n05985
n01647	n07233
n01647	n09183
n01647	n10011
n01647	n10155
n01648	n01855
n01648	n04684
n01648	n10325
n01649	n08106
n01650	n03314
n01650	n05424
n01650	n06181
n01651	n04521
n01652	n03021
n01652	n05813
n01652	n06991
n01652	n08589
n01652	n10773
n01653	n03990
n01653	n07338
n01653	n09673
n01654	n03712
n01654	n08249
n01655	n05263
n01655	n06322
n01655	n07049
n01655	n09935
n01656	n04397
n01657	n01987
n01657	n05066
n01657	n05478
n01657	n06746
n01657	n07862
n01657	n10186
n01658	n04393
n01658	n05071
n01658	n06329
n01658	n07859
n01658	n08830
n01658	n09674
n01658	n09675
n01658	n09676
n01659	n02797
n01659	n05065
n01659	n05080
n01660	n02667
n01660	n03430
n01660	n05648
n01660	n08828
n01660	n09766
n01661	n02289
n01661	n06166
n01661	n06327
n01661	n07985
n01662	n02758
n01662	n04079
n01662	n05686
n01662	n10365
n01663	n02479
n01663	n07599
n01663	n09063
n01664	n01431
n01664	n03458
n01664	n05438
n01664	n10292
n01665	n02182
n01665	n04214
n01665	n05102
n01665	n09136
n01666	n02696
n01666	n05123
n01666	n10176
n01666	n10654
n01667	n01356
n01667	n03756
n01668	n02149
n01668	n03381
n01668	n04053
n01668	n05723
n01668	n06266
n01668	n08830
n01668	n09674
n01669	n04382
n01669	n06744
n01669	n07359
n01670	n00190
n01671	n02413
n01672	n08548
n01673	n01450
n01674	n04882
n01674	n10158
n01674	n10187
n01675	n03679
n01676	n01808
n01676	n10069
n01677	n00665
n01677	n00927
n01678	n05058
n01678	n05233
n01678	n10328
n01679	n04545
n01679	n07708
n01679	n08142
n01679	n08526
n01680	n00052
n01681	n04844
n01681	n07029
n01682	n01949
n01683	n02493
n01683	n03384
n01684	n08935
n01685	n04392
n01686	n06557
n01687	n03709
n01687	n07752
n01687	n09680
n01687	n10050
n01688	n00006
n01689	n02310
n01689	n03005
n01689	n05902
n01689	n07399
n01689	n07902
n01690	n00762
n01690	n04547
n01690	n05095
n01691	n04870
n01691	n05208
n01692	n02686
n01692	n04207
n01693	n00112
n01694	n06395
n01694	n06643
n01694	n06723
n01694	n09943
n01694	n10364
n01695	n03874
n01695	n06027
n01695	n06971
n01695	n08725
n01696	n07807
n01697	n05042
n01697	n05578
n01697	n07037
n01697	n09759
n01698	n00188
n01699	n00268
n01699	n09707
n01700	n00573
n01701	n03889
n01701	n08993
n01702	n03066
n01703	n03722
n01703	n08500
n01704	n03963
n01704	n04544
n01704	n04748
n01704	n09859
n01704	n10336
n01704	n10369
n01705	n00142
n01706	n03155
n01706	n03579
n01706	n06629
n01707	n00729
n01707	n06613
n01707	n07586
n01708	n03274
n01708	n05912
n01708	n06533
n01708	n08077
n01709	n01062
n01709	n02511
n01710	n03677
n01710	n06676
n01710	n07713
n01710	n09382
n01710	n10074
n01710	n10695
n01711	n02835
n01711	n09343
n01711	n10372
n01712	n02567
n01713	n00636
n01714	n03519
n01714	n06279
n01715	n03136
n01715	n03520
n01715	n04136
n01715	n05729
n01715	n07048
n01715	n07798
n01716	n02004
n01716	n02495
n01717	n08922
n01717	n09708
n01718	n05940
n01719	n04459
n01719	n05781
n01719	n07862
n01720	n00140
n01720	n03072
n01720	n04593
n01721	n02830
n01721	n04197
n01721	n05204
n01721	n09259
n01722	n00902
n01722	n06420
n01722	n06680
n01723	n04605
n01723	n04744
n01723	n06424
n01723	n09345
n01723	n10478
n01723	n10658
n01723	n10729
n01724	n01414
n01724	n04253
n01724	n07627
n01725	n04613
n01725	n08710
n01725	n08740
n01725	n09331
n01726	n01267
n01726	n07648
n01727	n05329
n01727	n06336
n01728	n02674
n01728	n05433
n01728	n06469
n01728	n06994
n01728	n09315
n01729	n01814
n01729	n02416
n01729	n06730
n01729	n07925
n01729	n09679
n01730	n02766
n01730	n04928
n01730	n05911
n01730	n05992
n01730	n06443
n01730	n08818
n01731	n01399
n01732	n00779
n01732	n02966
n01732	n06070
n01733	n03445
n01734	n00192
n01734	n02344
n01735	n02887
n01735	n04670
n01735	n07936
n01736	n03107
n01736	n03768
n01736	n09008
n01736	n10214
n01737	n03894
n01737	n04537
n01737	n05611
n01737	n05790
n01737	n08344
n01737	n09999
n01738	n01330
n01738	n04248
n01738	n04351
n01738	n08625
n01739	n01266
n01739	n05650
n01740	n01550
n01740	n03668
n01740	n09001
n01741	n01586
n01741	n05435
n01741	n07685
n01741	n10390
n01741	n10480
n01742	n02351
n01742	n03971
n01742	n08290
n01742	n09877
n01743	n01616
n01743	n07637
n01743	n08374
n01743	n09167
n01744	n03862
n01744	n06584
n01744	n08062
n01744	n08578
n01744	n10649
n01745	n02938
n01745	n09225
n01745	n09523
n01745	n10548
n01746	n02124
n01746	n03974
n01747	n02799
n01747	n06418
n01747	n09078
n01747	n10438
n01748	n03806
n01748	n06038
n01748	n08582
n01748	n09590
n01748	n10387
n01749	n00807
n01749	n05250
n01749	n07322
n01749	n10343
n01750	n04271
n01751	n04434
n01751	n07753
n01751	n09682
n01752	n00189
n01752	n01009
n01753	n00097
n01754	n02139
n01754	n02270
n01755	n01896
n01756	n03491
n01756	n08668
n01757	n02639
n01757	n07457
n01757	n08688
n01758	n05048
n01758	n08684
n01758	n09995
n01758	n10245
n01759	n02982
n01759	n04265
n01759	n04304
n01759	n04982
n01759	n06451
n01759	n09228
n01759	n09331
n01759	n10626
n01759	n10691
n01760	n03922
n01760	n06243
n01760	n08554
n01760	n09461
n01761	n01604
n01761	n04757
n01761	n05308
n01761	n07114
n01761	n08614
n01761	n09262
n01762	n01175
n01762	n03860
n01762	n08186
n01763	n01365
n01763	n01490
n01763	n02253
n01764	n02296
n01764	n03372
n01765	n02330
n01765	n02691
n01765	n02808
n01765	n07644
n01766	n01785
n01766	n06048
n01767	n01610
n01767	n06087
n01767	n07361
n01767	n09833
n01768	n03000
n01768	n08282
n01769	n02590
n01769	n06076
n01769	n06495
n01769	n08335
n01769	n09752
n01770	n02445
n01770	n03519
n01770	n06279
n01770	n06282
n01771	n06127
n01772	n04344
n01772	n06350
n01772	n07499
n01772	n07994
n01772	n10161
n01773	n01060
n01773	n03308
n01773	n06348
n01773	n06607
n01773	n07990
n01773	n10005
n01774	n03539
n01774	n06344
n01774	n08497
n01774	n08634
n01775	n01412
n01775	n04357
n01775	n08947
n01775	n09840
n01776	n01044
n01776	n02224
n01776	n06421
n01777	n07514
n01777	n08606
n01778	n01615
n01778	n07730
n01779	n02975
n01779	n04825
n01779	n06390
n01779	n07534
n01779	n08680
n01779	n08811
n01779	n09311
n01779	n10413
n01779	n10619
n01780	n01994
n01780	n03461
n01780	n04244
n01780	n08082
n01781	n03637
n01781	n04087
n01781	n05204
n01781	n07250
n01781	n07889
n01781	n08535
n01781	n08824
n01781	n09333
n01781	n10628
n01782	n01954
n01782	n05336
n01782	n08743
n01782	n10184
n01783	n01414
n01783	n07895
n01783	n09505
n01783	n09605
n01784	n00017
n01785	n04325
n01785	n05874
n01786	n03291
n01786	n05884
n01786	n09698
n01787	n02149
n01787	n05908
n01788	n05059
n01788	n08418
n01788	n08472
n01788	n09114
n01789	n03894
n01789	n06563
n01789	n07128
n01789	n07911
n01789	n09161
n01790	n02291
n01790	n02716
n01790	n06357
n01790	n06550
n01791	n02408
n01791	n04192
n01791	n05295
n01791	n08247
n01791	n08581
n01791	n10320
n01792	n03975
n01792	n05004
n01792	n07745
n01792	n09475
n01793	n01208
n01793	n01736
n01793	n03561
n01793	n04560
n01793	n10544
n01794	n00841
n01794	n04836
n01794	n08683
n01794	n08893
n01794	n10239
n01795	n02933
n01795	n08959
n01795	n09472
n01795	n10255
n01796	n00119
n01796	n10632
n01797	n02356
n01797	n02536
n01797	n02639
n01797	n08735
n01798	n08928
n01799	n01282
n01799	n02308
n01800	n01357
n01800	n04144
n01800	n05344
n01800	n05362
n01801	n03147
n01802	n05293
n01802	n08368
n01803	n03837
n01803	n04294
n01803	n05299
n01804	n05083
n01805	n01449
n01805	n03101
n01806	n01687
n01806	n09163
n01807	n05077
n01808	n00484
n01808	n01697
n01808	n07388
n01808	n07774
n01809	n01350
n01809	n08589
n01810	n04978
n01810	n08633
n01810	n10183
n01811	n05107
n01811	n07556
n01812	n03936
n01813	n00761
n01813	n01267
n01813	n05314
n01813	n06701
n01814	n01901
n01814	n03357
n01814	n05719
n01815	n06230
n01815	n07721
n01815	n08728
n01816	n02573
n01816	n05558
n01817	n01806
n01817	n02676
n01818	n01592
n01818	n06237
n01818	n10703
n01819	n01774
n01819	n02119
n01819	n02159
n01819	n08012
n01820	n02787
n01821	n04566
n01821	n09744
n01822	n07066
n01823	n00899
n01823	n02656
n01824	n02061
n01824	n04781
n01824	n04942
n01824	n06082
n01824	n09803
n01825	n03771
n01825	n06789
n01825	n08964
n01826	n03481
n01826	n04234
n01826	n09074
n01827	n00004
n01828	n05783
n01828	n09112
n01829	n00269
n01829	n08474
n01830	n04158
n01830	n06430
n01830	n07565
n01830	n10245
n01831	n00945
n01831	n06540
n01831	n07510
n01832	n05197
n01832	n05966
n01832	n10029
n01833	n03911
n01834	n03177
n01834	n03593
n01835	n04316
n01835	n07471
n01835	n07684
n01835	n08154
n01835	n10514
n01836	n05237
n01836	n07664
n01837	n03278
n01837	n05822
n01837	n06955
n01837	n07640
n01837	n07691
n01838	n02318
n01838	n04905
n01838	n05247
n01838	n05420
n01838	n05431
n01838	n09248
n01838	n10422
n01839	n04165
n01839	n07695
n01840	n02831
n01840	n06398
n01840	n06614
n01840	n07234
n01840	n09464
n01841	n03740
n01841	n05006
n01841	n07281
n01842	n01504
n01842	n02801
n01842	n09618
n01843	n01688
n01843	n04051
n01844	n04852
n01845	n00479
n01845	n00818
n01846	n04220
n01846	n05155
n01846	n09838
n01847	n05029
n01847	n05739
n01847	n06293
n01848	n01644
n01848	n06095
n01849	n07059
n01849	n07860
n01849	n08942
n01849	n09703
n01849	n09911
n01850	n01935
n01851	n04077
n01851	n04507
n01851	n05256
n01852	n01108
n01852	n02857
n01853	n09922
n01853	n10047
n01854	n01126
n01854	n05178
n01855	n05941
n01855	n06358
n01855	n06552
n01855	n06588
n01856	n02921
n01856	n07157
n01856	n08922
n01857	n04298
n01857	n05090
n01858	n03627
n01859	n02600
n01859	n04201
n01859	n06134
n01859	n06685
n01859	n08047
n01859	n08096
n01859	n09466
n01860	n04206
n01860	n04615
n01860	n06932
n01860	n08822
n01861	n01259
n01861	n03705
n01862	n00614
n01863	n02123
n01863	n03275
n01863	n09255
n01864	n02542
n01864	n07947
n01864	n09490
n01865	n01270
n01865	n04053
n01865	n04528
n01865	n05833
n01865	n07140
n01866	n02408
n01866	n04054
n01866	n04768
n01866	n06730
n01866	n07028
n01866	n07341
n01866	n07752
n01866	n09678
n01866	n09679
n01867	n04567
n01867	n04768
n01867	n06730
n01867	n07752
n01867	n08831
n01867	n09678
n01867	n09680
n01868	n03094
n01868	n06098
n01868	n09673
n01868	n09674
n01868	n09675
n01869	n05056
n01869	n06077
n01869	n07753
n01870	n01205
n01870	n05049
n01871	n02663
n01871	n04141
n01872	n04666
n01872	n04721
n01872	n06060
n01872	n06808
n01872	n07838
n01872	n10139
n01873	n02062
n01873	n02195
n01873	n02973
n01873	n10284
n01874	n06088
n01874	n06375
n01874	n06900
n01875	n02860
n01875	n03477
n01876	n02027
n01876	n05343
n01877	n04524
n01877	n05813
n01877	n06411
n01877	n08011
n01877	n09101
n01878	n04573
n01878	n04682
n01878	n05986
n01878	n10052
n01879	n03544
n01879	n06175
n01880	n03454
n01880	n03730
n01880	n08039
n01881	n00028
n01882	n03907
n01882	n04917
n01882	n05434
n01882	n06015
n01882	n06978
n01882	n10282
n01883	n02227
n01883	n06187
n01883	n07334
n01883	n07674
n01883	n10161
n01884	n02230
n01884	n02803
n01884	n07206
n01884	n08677
n01885	n03918
n01885	n04361
n01885	n06260
n01885	n08244
n01885	n09676
n01886	n02540
n01886	n06066
n01886	n08388
n01886	n09561
n01887	n00980
n01887	n05938
n01887	n06045
n01887	n06660
n01888	n09754
n01888	n10265
n01888	n10533
n01890	n01356
n01890	n03708
n01891	n03135
n01891	n05133
n01891	n06493
n01892	n02242
n01892	n09677
n01893	n04497
n01894	n02817
n01894	n04064
n01894	n07761
n01895	n04643
n01896	n02823
n01896	n07956
n01897	n07397
n01897	n09165
n01898	n02195
n01898	n07063
n01898	n10189
n01899	n03044
n01900	n03948
n01900	n04461
n01900	n05357
n01900	n06891
n01901	n04233
n01901	n05963
n01901	n09673
n01902	n03221
n01902	n05055
n01902	n06863
n01902	n10260
n01903	n03843
n01903	n06579
n01903	n06732
n01903	n07398
n01904	n04897
n01904	n05091
n01904	n05619
n01904	n09324
n01904	n09352
n01905	n02288
n01905	n03962
n01905	n04468
n01905	n04822
n01906	n01552
n01906	n02199
n01907	n00928
n01907	n04306
n01908	n07748
n01908	n10241
n01908	n10446
n01909	n02693
n01909	n03399
n01909	n05238
n01910	n02723
n01910	n05674
n01910	n08677
n01910	n10397
n01911	n04237
n01911	n05710
n01911	n08949
n01912	n01364
n01912	n02256
n01912	n06193
n01913	n04032
n01913	n05601
n01913	n08720
n01913	n08721
n01914	n03232
n01914	n03592
n01915	n01078
n01915	n03885
n01916	n01891
n01916	n08857
n01917	n01668
n01917	n02961
n01918	n04703
n01918	n07763
n01919	n04147
n01919	n05923
n01920	n00191
n01920	n09714
n01921	n03103
n01921	n08273
n01921	n08319
n01922	n04639
n01922	n04713
n01922	n05395
n01923	n05475
n01923	n06331
n01923	n06535
n01923	n07154
n01924	n01093
n01925	n01113
n01925	n05214
n01925	n09335
n01926	n04517
n01926	n04837
n01926	n08246
n01926	n09675
n01926	n10004
n01927	n07693
n01927	n08569
n01927	n08660
n01927	n09242
n01927	n10501
n01928	n06162
n01928	n06467
n01928	n06853
n01928	n09632
n01928	n10071
n01929	n02640
n01929	n02805
n01929	n03787
n01930	n03399
n01930	n06415
n01930	n07726
n01930	n09250
n01931	n02805
n01931	n09753
n01932	n06958
n01932	n07601
n01932	n08468
n01932	n10504
n01933	n02586
n01933	n07365
n01933	n09756
n01934	n00899
n01934	n07031
n01935	n02057
n01935	n03436
n01935	n07049
n01936	n02752
n01936	n05150
n01936	n08396
n01937	n01225
n01937	n03014
n01938	n04663
n01938	n04809
n01939	n01096
n01939	n05170
n01940	n01936
n01940	n04087
n01940	n04657
n01940	n07490
n01940	n08807
n01941	n04197
n01941	n06151
n01941	n08051
n01941	n08810
n01942	n02890
n01942	n06856
n01942	n10629
n01943	n04923
n01943	n05013
n01943	n05701
n01943	n06964
n01944	n02636
n01944	n04314
n01945	n04266
n01945	n04365
n01946	n00636
n01947	n04751
n01947	n05442
n01947	n05790
n01947	n07570
n01947	n10044
n01947	n10268
n01948	n01903
n01948	n10647
n01949	n00514
n01949	n05723
n01949	n09674
n01950	n04274
n01950	n09753
n01951	n02409
n01951	n03522
n01951	n06047
n01951	n07753
n01951	n09673
n01952	n02058
n01952	n04380
n01953	n02711
n01953	n04151
n01953	n06135
n01953	n06335
n01954	n04641
n01954	n05347
n01954	n05507
n01954	n06141
n01954	n06829
n01955	n04311
n01955	n07951
n01955	n08464
n01956	n04968
n01957	n03899
n01957	n05181
n01957	n09114
n01958	n06126
n01958	n06568
n01958	n07959
n01958	n08040
n01959	n01922
n01959	n03299
n01959	n08102
n01959	n09269
n01959	n10217
n01960	n05555
n01960	n05678
n01960	n05998
n01960	n07490
n01960	n07663
n01960	n09370
n01961	n02182
n01961	n04157
n01961	n04513
n01961	n06522
n01962	n02424
n01962	n03459
n01962	n05453
n01962	n08213
n01963	n02572
n01963	n04556
n01963	n06011
n01963	n07743
n01963	n08168
n01963	n09060
n01964	n03736
n01964	n09739
n01964	n10234
n01965	n02030
n01965	n02184
n01965	n04991
n01965	n09097
n01966	n05343
n01966	n05894
n01966	n08246
n01966	n08829
n01966	n09673
n01966	n09676
n01966	n09677
n01967	n01847
n01967	n03171
n01967	n03881
n01968	n07134
n01968	n07861
n01968	n07904
n01969	n04513
n01969	n06110
n01969	n06798
n01970	n01714
n01970	n01770
n01970	n02153
n01970	n08505
n01971	n03772
n01971	n05030
n01972	n03148
n01972	n07380
n01973	n03179
n01973	n09354
n01974	n10667
n01975	n03838
n01975	n06621
n01975	n09923
n01976	n02181
n01976	n09432
n01976	n09825
n01977	n03315
n01977	n03786
n01977	n06237
n01978	n02462
n01978	n06435
n01978	n08107
n01978	n08595
n01978	n10412
n01979	n01141
n01979	n05326
n01980	n01086
n01980	n01880
n01980	n10740
n01981	n04822
n01981	n06704
n01981	n07165
n01982	n00022
n01982	n07753
n01982	n07962
n01983	n00109
n01984	n09675
n01984	n09682
n01985	n02959
n01985	n04629
n01986	n04636
n01986	n08280
n01987	n03825
n01987	n04277
n01987	n08350
n01988	n03617
n01988	n07771
n01989	n02555
n01989	n02823
n01989	n03001
n01989	n04390
n01989	n05166
n01990	n03822
n01990	n08253
n01990	n09953
n01991	n02885
n01991	n04237
n01991	n04297
n01991	n08529
n01992	n01732
n01992	n08024
n01992	n08474
n01993	n08238
n01993	n08564
n01993	n08972
n01993	n10138
n01994	n03958
n01995	n00011
n01996	n01855
n01996	n04903
n01996	n05991
n01997	n01181
n01997	n04923
n01997	n05013
n01997	n10182
n01998	n03328
n01998	n03789
n01998	n06219
n01998	n08172
n01998	n09251
n01999	n03396
n01999	n03553
n01999	n04050
n01999	n06423
n01999	n06468
n02000	n03649
n02000	n03970
n02000	n05853
n02000	n06974
n02000	n08615
n02000	n09575
n02001	n02013
n02001	n09827
n02001	n09864
n02001	n10377
n02002	n02408
n02002	n04054
n02002	n05456
n02002	n06730
n02002	n07028
n02002	n07752
n02002	n08247
n02002	n09679
n02003	n02408
n02003	n04054
n02003	n05456
n02003	n06730
n02003	n07028
n02003	n07752
n02003	n08247
n02003	n08831
n02003	n09678
n02003	n09679
n02003	n09680
n02004	n04571
n02004	n04925
n02005	n03522
n02005	n06047
n02005	n07753
n02005	n09682
n02006	n01223
n02006	n03761
n02007	n04783
n02007	n07394
n02008	n04277
n02008	n05154
n02008	n09809
n02009	n02526
n02009	n05750
n02009	n07043
n02009	n08960
n02010	n03770
n02010	n04149
n02011	n01683
n02011	n03350
n02012	n04665
n02012	n05593
n02013	n05193
n02013	n08375
n02014	n02003
n02014	n06576
n02014	n09690
n02015	n04188
n02015	n04671
n02015	n06143
n02015	n06806
n02016	n03482
n02016	n04469
n02016	n05171
n02016	n09293
n02017	n00519
n02017	n08122
n02017	n08167
n02018	n03049
n02018	n03217
n02019	n01229
n02019	n07289
n02019	n07315
n02019	n10032
n02020	n04321
n02020	n09492
n02020	n10726
n02021	n01724
n02021	n05564
n02022	n03370
n02022	n03949
n02022	n08044
n02022	n10709
n02023	n02621
n02024	n05272
n02024	n05357
n02024	n06321
n02024	n07346
n02025	n03950
n02026	n04395
n02026	n08908
n02026	n09141
n02026	n09720
n02027	n03182
n02027	n04012
n02027	n06730
n02027	n08247
n02027	n09680
n02028	n01568
n02028	n04886
n02029	n04880
n02029	n05343
n02030	n02328
n02030	n03838
n02031	n01308
n02031	n09620
n02032	n04304
n02032	n04945
n02032	n07578
n02032	n10382
n02033	n04092
n02033	n04522
n02033	n05229
n02033	n06989
n02033	n10595
n02034	n02891
n02034	n10657
n02035	n04549
n02035	n05123
n02035	n10734
n02036	n03785
n02036	n04611
n02036	n04690
n02036	n05696
n02036	n06952
n02036	n07330
n02037	n01602
n02037	n04552
n02037	n08682
n02038	n01488
n02038	n03317
n02038	n05659
n02038	n06043
n02039	n04769
n02040	n08833
n02040	n09692
n02040	n09710
n02041	n02446
n02041	n03178
n02041	n06735
n02042	n01918
n02042	n04510
n02042	n10013
n02043	n01174
n02043	n03889
n02044	n07165
n02044	n09354
n02045	n05219
n02045	n06406
n02045	n06617
n02045	n07208
n02046	n01085
n02047	n01112
n02047	n07432
n02048	n03269
n02048	n04546
n02048	n08708
n02049	n03055
n02049	n03904
n02049	n08182
n02049	n09069
n02049	n09526
n02050	n02929
n02050	n04146
n02050	n05987
n02051	n02426
n02051	n03118
n02051	n04995
n02051	n05016
n02051	n08208
n02052	n02640
n02052	n03351
n02052	n09314
n02052	n10287
n02053	n02765
n02053	n07248
n02053	n10627
n02054	n02427
n02054	n07007
n02054	n07139
n02055	n05012
n02055	n06021
n02056	n03759
n02057	n04932
n02058	n03294
n02058	n06271
n02058	n06488
n02059	n03944
n02060	n03097
n02060	n03768
n02060	n04232
n02061	n02309
n02061	n05873
n02061	n07773
n02062	n02136
n02062	n05140
n02062	n08312
n02062	n08974
n02062	n09680
n02062	n09898
n02063	n04296
n02063	n04584
n02063	n06340
n02064	n03897
n02065	n01449
n02065	n09174
n02066	n01061
n02066	n02798
n02066	n05074
n02067	n01956
n02067	n08157
n02067	n08416
n02067	n09178
n02068	n04160
n02068	n10082
n02069	n01417
n02069	n02721
n02069	n05556
n02070	n02158
n02070	n05122
n02070	n05825
n02070	n05950
n02070	n06629
n02070	n06724
n02071	n02397
n02071	n05125
n02071	n06040
n02071	n08726
n02071	n10568
n02072	n08540
n02072	n09436
n02073	n02495
n02073	n06918
n02073	n08828
n02074	n03741
n02075	n01572
n02076	n02408
n02076	n06730
n02076	n07028
n02076	n07752
n02076	n08247
n02076	n08832
n02076	n09678
n02076	n09679
n02077	n02215
n02078	n04329
n02079	n01684
n02079	n04637
n02079	n09674
n02079	n09677
n02080	n01187
n02080	n02958
n02081	n04067
n02082	n02965
n02082	n03208
n02083	n02856
n02083	n03144
n02083	n06747
n02084	n04346
n02085	n02270
n02086	n02062
n02086	n03830
n02086	n06341
n02086	n09209
n02087	n05377
n02087	n05475
n02087	n05504
n02087	n07434
n02087	n09785
n02088	n00139
n02088	n02559
n02088	n04487
n02089	n04200
n02089	n04227
n02089	n10034
n02090	n03955
n02090	n04650
n02090	n07560
n02091	n05403
n02091	n07220
n02091	n07248
n02091	n07467
n02092	n06431
n02092	n07055
n02093	n01657
n02093	n06163
n02093	n07378
n02094	n01790
n02094	n04826
n02095	n05224
n02095	n05402
n02095	n06359
n02095	n07943
n02095	n09320
n02096	n03361
n02096	n06572
n02096	n06876
n02096	n09941
n02097	n03118
n02097	n03324
n02098	n03266
n02098	n03735
n02098	n09119
n02099	n07750
n02099	n08348
n02100	n02924
n02100	n07709
n02100	n09096
n02100	n09285
n02100	n10058
n02101	n01830
n02101	n07673
n02101	n09089
n02102	n01524
n02102	n09554
n02103	n02956
n02104	n05351
n02105	n04178
n02105	n09712
n02105	n09721
n02106	n00898
n02107	n00001
n02107	n00096
n02107	n00444
n02108	n01785
n02108	n03995
n02108	n06048
n02108	n07371
n02109	n01346
n02109	n04582
n02109	n09921
n02110	n02496
n02110	n08861
n02111	n09115
n02112	n00663
n02112	n03205
n02112	n07057
n02113	n02415
n02113	n09926
n02114	n00743
n02114	n08421
n02115	n03670
n02116	n05281
n02116	n08989
n02117	n04009
n02118	n01550
n02118	n06120
n02118	n07855
n02119	n02115
n02119	n03539
n02119	n09304
n02120	n03961
n02120	n08902
n02120	n10452
n02121	n04149
n02121	n04886
n02121	n08587
n02122	n01181
n02122	n06642
n02122	n07024
n02123	n03729
n02123	n05868
n02123	n06185
n02123	n09647
n02124	n04755
n02124	n05001
n02124	n08558
n02125	n05115
n02125	n06006
n02126	n03973
n02126	n04032
n02126	n04908
n02126	n06670
n02126	n07752
n02126	n08591
n02126	n09675
n02126	n09679
n02126	n10682
n02127	n03463
n02127	n05222
n02127	n06435
n02128	n00310
n02129	n06898
n02129	n09551
n02129	n09609
n02130	n00765
n02130	n03804
n02131	n02695
n02131	n04551
n02131	n08778
n02131	n09518
n02132	n00805
n02133	n02442
n02133	n04276
n02133	n08263
n02134	n03765
n02134	n05580
n02134	n07043
n02134	n08886
n02135	n03616
n02136	n00819
n02137	n05044
n02138	n03622
n02138	n05744
n02139	n06824
n02139	n07775
n02140	n07437
n02140	n09810
n02141	n04397
n02141	n07885
n02142	n05376
n02142	n06360
n02142	n07175
n02142	n07869
n02143	n02333
n02143	n06190
n02144	n03113
n02144	n03586
n02144	n09393
n02144	n09513
n02145	n00761
n02145	n05970
n02146	n02457
n02146	n06201
n02146	n08653
n02147	n02479
n02147	n08594
n02147	n09804
n02147	n10416
n02148	n03521
n02148	n06144
n02148	n07125
n02148	n09901
n02150	n01049
n02150	n03663
n02151	n03665
n02151	n04328
n02152	n03430
n02152	n03946
n02152	n04384
n02152	n07368
n02152	n09766
n02153	n04053
n02153	n05343
n02153	n05723
n02153	n06268
n02153	n06282
n02153	n06485
n02153	n07028
n02153	n07338
n02153	n08246
n02153	n08828
n02153	n08830
n02153	n09673
n02153	n09674
n02153	n09675
n02153	n09677
n02153	n09703
n02154	n04288
n02155	n03626
n02155	n05922
n02156	n01041
n02156	n09937
n02157	n02082
n02158	n05184
n02159	n02115
n02159	n06344
n02159	n07428
n02160	n04729
n02161	n03075
n02162	n04733
n02162	n04746
n02162	n07184
n02162	n10026
n02162	n10403
n02163	n05341
n02164	n02690
n02164	n07857
n02165	n05098
n02165	n08593
n02165	n09446
n02166	n02250
n02166	n10454
n02167	n05003
n02167	n08753
n02168	n04194
n02168	n04884
n02168	n05932
n02168	n06467
n02168	n10341
n02169	n00732
n02169	n02918
n02170	n04827
n02170	n08035
n02170	n08693
n02170	n09135
n02170	n09510
n02170	n10558
n02171	n00842
n02171	n09081
n02172	n02380
n02172	n03400
n02172	n08100
n02172	n09491
n02173	n04623
n02173	n04625
n02174	n05253
n02174	n06052
n02174	n09675
n02175	n03204
n02175	n04486
n02176	n05142
n02176	n05887
n02177	n02583
n02177	n07760
n02178	n01109
n02179	n01156
n02179	n05378
n02179	n07941
n02180	n01988
n02180	n06539
n02180	n08246
n02180	n08828
n02181	n07112
n02181	n09034
n02182	n02007
n02182	n04808
n02182	n05494
n02182	n07477
n02183	n00781
n02183	n04979
n02184	n02328
n02184	n05792
n02184	n06939
n02184	n07576
n02184	n08101
n02184	n10273
n02185	n00859
n02185	n07404
n02186	n06946
n02186	n07205
n02186	n10633
n02187	n00308
n02187	n01112
n02188	n02085
n02188	n06462
n02188	n07138
n02188	n10324
n02188	n10420
n02189	n03549
n02189	n06351
n02189	n06946
n02189	n08067
n02189	n09098
n02189	n10582
n02190	n03535
n02190	n05295
n02190	n05695
n02190	n06245
n02190	n06863
n02190	n07732
n02190	n07752
n02190	n09556
n02190	n09944
n02190	n09983
n02190	n10266
n02191	n03079
n02191	n10622
n02192	n01858
n02192	n07461
n02192	n08832
n02192	n09942
n02193	n03757
n02193	n08254
n02194	n02523
n02194	n06765
n02194	n09891
n02195	n02136
n02195	n06494
n02195	n08312
n02195	n08397
n02196	n01655
n02196	n05740
n02196	n08441
n02197	n01889
n02197	n04403
n02197	n08463
n02198	n03214
n02198	n06296
n02198	n09002
n02198	n10086
n02199	n01328
n02200	n04246
n02200	n04887
n02200	n09182
n02201	n05066
n02201	n05301
n02201	n07174
n02201	n07800
n02202	n04014
n02203	n03186
n02203	n06548
n02203	n09990
n02204	n02064
n02204	n05106
n02204	n06899
n02204	n09334
n02205	n02537
n02205	n02562
n02206	n01363
n02206	n05939
n02206	n06460
n02206	n07843
n02206	n09680
n02207	n06190
n02207	n06924
n02207	n08070
n02207	n10585
n02208	n01604
n02208	n05109
n02208	n06241
n02208	n09577
n02208	n09800
n02209	n03276
n02209	n06251
n02210	n04959
n02210	n04998
n02210	n07297
n02210	n10514
n02210	n10539
n02210	n10600
n02211	n00108
n02212	n02065
n02212	n05342
n02213	n01272
n02213	n01873
n02213	n02086
n02213	n03974
n02213	n07161
n02213	n08129
n02214	n02002
n02214	n02657
n02215	n02471
n02215	n04566
n02216	n09702
n02217	n02368
n02217	n02853
n02218	n03256
n02218	n09913
n02219	n05275
n02219	n06318
n02220	n01155
n02220	n06799
n02220	n07787
n02221	n04007
n02221	n07893
n02221	n08844
n02222	n01008
n02223	n01084
n02223	n04082
n02224	n01516
n02225	n01627
n02225	n07843
n02225	n08313
n02226	n02370
n02226	n05956
n02227	n03261
n02228	n04627
n02228	n08019
n02228	n09188
n02229	n04085
n02229	n06003
n02229	n06911
n02230	n03227
n02230	n05674
n02230	n09677
n02231	n06655
n02231	n06726
n02231	n08151
n02231	n09429
n02231	n10476
n02231	n10555
n02232	n04821
n02232	n06981
n02232	n10469
n02233	n03264
n02233	n06353
n02233	n08544
n02233	n09360
n02233	n09597
n02234	n01906
n02234	n04922
n02234	n09654
n02235	n02119
n02235	n03081
n02236	n03409
n02236	n05247
n02236	n07942
n02237	n02376
n02237	n02566
n02237	n04094
n02237	n04693
n02237	n06894
n02237	n08713
n02237	n09390
n02238	n05840
n02238	n07161
n02238	n07328
n02238	n08185
n02239	n03085
n02239	n06726
n02240	n02579
n02240	n05864
n02241	n01367
n02241	n02373
n02241	n04680
n02241	n07701
n02242	n02149
n02242	n04053
n02242	n04173
n02242	n04565
n02242	n05343
n02242	n06485
n02242	n07339
n02242	n08246
n02242	n08828
n02242	n08830
n02242	n09676
n02243	n01281
n02243	n03562
n02243	n07752
n02243	n09680
n02244	n02997
n02245	n01237
n02246	n01142
n02247	n01472
n02247	n05944
n02247	n06833
n02248	n03351
n02248	n03444
n02249	n05971
n02249	n10203
n02250	n05409
n02250	n09260
n02250	n09904
n02250	n10261
n02251	n01868
n02251	n03349
n02251	n06265
n02251	n08929
n02251	n09678
n02252	n03951
n02252	n04409
n02253	n05645
n02254	n02395
n02254	n06590
n02254	n10466
n02255	n04293
n02255	n04992
n02255	n10483
n02256	n03640
n02256	n04827
n02256	n08765
n02256	n10618
n02257	n04321
n02257	n04738
n02257	n04957
n02257	n07412
n02257	n08482
n02258	n01855
n02258	n04212
n02258	n08162
n02258	n09451
n02259	n01024
n02259	n02183
n02259	n09249
n02260	n03858
n02260	n04765
n02261	n02638
n02261	n04117
n02261	n04935
n02262	n07617
n02263	n01723
n02263	n07751
n02263	n09584
n02263	n10011
n02263	n10387
n02264	n00038
n02265	n00016
n02266	n01683
n02267	n04496
n02267	n05909
n02267	n08310
n02267	n08862
n02268	n04708
n02269	n03476
n02269	n04500
n02269	n07877
n02270	n05375
n02271	n00480
n02272	n04768
n02272	n07028
n02272	n07341
n02272	n07773
n02272	n08831
n02273	n01028
n02274	n04143
n02274	n06084
n02274	n07875
n02274	n09889
n02275	n04972
n02275	n05622
n02275	n06532
n02275	n06603
n02275	n08723
n02275	n09376
n02276	n00018
n02277	n05216
n02277	n06407
n02277	n09229
n02278	n06620
n02278	n06923
n02278	n08546
n02278	n09032
n02278	n10116
n02279	n07268
n02279	n07367
n02279	n08354
n02280	n02462
n02280	n02931
n02280	n05100
n02280	n05222
n02281	n03913
n02281	n06028
n02281	n08700
n02282	n00200
n02283	n01356
n02283	n03708
n02284	n03709
n02284	n04055
n02284	n05727
n02285	n02283
n02286	n03883
n02287	n03341
n02287	n04782
n02288	n03831
n02289	n03210
n02289	n05492
n02290	n01124
n02290	n10156
n02291	n03260
n02291	n06288
n02291	n08551
n02292	n02591
n02293	n03531
n02293	n05185
n02293	n06380
n02294	n05192
n02294	n08021
n02294	n08470
n02294	n09312
n02294	n10344
n02295	n03047
n02296	n02141
n02296	n04901
n02297	n00689
n02297	n05211
n02298	n03314
n02298	n07660
n02299	n04368
n02299	n08246
n02299	n09678
n02300	n01856
n02300	n02536
n02300	n02761
n02300	n07740
n02300	n09413
n02301	n05979
n02301	n06976
n02301	n09579
n02301	n10727
n02302	n01521
n02302	n01638
n02302	n02635
n02302	n05119
n02302	n08131
n02303	n05190
n02303	n07292
n02303	n09229
n02304	n00447
n02304	n05810
n02305	n01902
n02305	n06592
n02305	n08755
n02305	n09868
n02306	n01203
n02307	n01154
n02307	n05026
n02307	n05460
n02308	n05458
n02308	n09710
n02309	n02658
n02310	n04001
n02310	n09799
n02311	n00942
n02311	n01716
n02311	n02856
n02311	n03144
n02312	n01191
n02313	n02966
n02313	n04071
n02313	n04652
n02314	n06901
n02314	n07437
n02314	n07835
n02315	n03152
n02316	n01825
n02316	n05751
n02316	n06815
n02316	n07208
n02317	n03108
n02317	n05594
n02317	n08031
n02318	n05630
n02318	n06669
n02318	n06872
n02319	n05232
n02319	n07124
n02319	n07333
n02319	n07617
n02319	n08084
n02319	n09245
n02319	n09543
n02320	n05915
n02320	n08060
n02320	n08234
n02320	n08591
n02320	n08831
n02320	n09082
n02320	n09200
n02320	n09524
n02321	n04752
n02321	n07646
n02322	n01853
n02323	n00035
n02323	n06456
n02324	n04855
n02324	n06811
n02324	n09866
n02324	n09951
n02325	n04394
n02325	n07163
n02325	n07873
n02326	n01237
n02326	n04447
n02326	n09023
n02326	n09802
n02327	n03479
n02327	n04287
n02328	n03181
n02328	n03943
n02328	n08956
n02329	n06847
n02329	n07107
n02329	n08456
n02329	n08988
n02329	n08989
n02330	n01920
n02331	n04292
n02331	n04882
n02331	n05607
n02332	n04943
n02332	n05161
n02332	n08025
n02333	n04588
n02334	n02044
n02334	n03962
n02335	n02160
n02335	n06693
n02335	n08638
n02336	n03499
n02336	n04610
n02336	n04762
n02336	n06029
n02336	n06975
n02336	n09887
n02337	n05327
n02337	n06538
n02337	n06983
n02337	n08672
n02338	n05529
n02338	n06023
n02338	n09299
n02338	n10437
n02338	n10659
n02339	n04904
n02339	n06589
n02339	n09457
n02340	n03241
n02341	n02175
n02342	n02707
n02342	n07360
n02342	n08277
n02342	n09674
n02342	n09678
n02343	n03342
n02343	n06766
n02344	n00900
n02345	n06091
n02345	n06326
n02346	n04391
n02346	n05058
n02346	n07115
n02346	n08969
n02346	n09058
n02347	n01896
n02347	n07955
n02348	n02156
n02348	n04075
n02348	n06343
n02348	n07147
n02348	n07905
n02349	n04075
n02349	n05516
n02349	n06343
n02349	n08547
n02350	n03895
n02350	n05296
n02350	n05779
n02350	n06800
n02350	n09674
n02351	n04986
n02351	n06516
n02351	n08471
n02351	n09228
n02351	n10311
n02352	n00878
n02352	n03911
n02353	n04529
n02353	n07153
n02354	n03790
n02354	n09389
n02355	n02111
n02355	n08123
n02355	n09679
n02356	n03977
n02356	n04299
n02356	n04815
n02356	n07999
n02356	n10059
n02356	n10327
n02357	n02763
n02357	n04754
n02357	n08707
n02357	n10787
n02358	n06309
n02358	n09749
n02358	n10154
n02358	n10252
n02358	n10775
n02359	n07252
n02359	n08166
n02359	n08803
n02359	n10502
n02360	n01512
n02360	n02461
n02360	n10191
n02361	n04203
n02361	n04484
n02361	n06365
n02361	n07285
n02361	n07310
n02362	n04429
n02362	n10026
n02362	n10234
n02363	n01557
n02363	n07574
n02363	n08659
n02363	n09294
n02364	n04159
n02364	n04759
n02364	n05569
n02364	n06985
n02364	n07237
n02364	n08117
n02364	n10487
n02365	n02786
n02365	n07755
n02366	n03138
n02367	n04632
n02367	n05041
n02368	n06298
n02368	n09674
n02368	n09675
n02369	n03565
n02369	n04140
n02369	n09801
n02370	n01188
n02370	n04936
n02371	n03061
n02371	n04443
n02371	n05904
n02372	n05477
n02372	n06494
n02373	n00193
n02374	n00744
n02375	n03106
n02375	n07949
n02376	n05804
n02376	n06285
n02376	n06777
n02377	n00993
n02377	n09321
n02377	n10535
n02378	n05091
n02378	n06730
n02378	n07028
n02378	n08247
n02378	n09680
n02379	n04017
n02379	n06184
n02379	n06566
n02379	n09757
n02380	n03687
n02380	n03792
n02380	n07518
n02381	n06637
n02381	n08549
n02381	n10528
n02382	n03694
n02382	n03724
n02382	n04418
n02383	n02149
n02383	n05723
n02383	n07338
n02383	n07339
n02383	n07340
n02383	n08245
n02383	n08246
n02383	n08828
n02383	n08829
n02383	n08830
n02383	n09533
n02383	n09673
n02383	n09675
n02383	n09677
n02384	n01271
n02384	n04756
n02384	n06166
n02384	n06468
n02384	n09257
n02385	n03647
n02385	n08179
n02386	n01357
n02387	n05348
n02388	n02787
n02388	n05259
n02389	n05270
n02389	n05581
n02389	n06283
n02389	n06490
n02390	n03003
n02390	n07436
n02390	n07806
n02390	n08831
n02390	n08901
n02390	n08923
n02391	n02372
n02391	n03623
n02391	n03890
n02391	n05774
n02392	n02153
n02393	n02009
n02393	n07878
n02393	n10171
n02394	n00609
n02395	n00307
n02395	n01110
n02396	n02688
n02396	n07893
n02397	n05829
n02397	n06353
n02397	n06883
n02397	n07483
n02398	n01085
n02398	n06425
n02398	n09131
n02399	n01868
n02399	n03349
n02399	n05362
n02400	n02011
n02400	n05275
n02400	n08727
n02401	n01329
n02401	n04269
n02402	n02249
n02402	n03912
n02402	n04545
n02402	n08085
n02402	n08171
n02402	n08648
n02402	n10741
n02403	n03499
n02403	n05046
n02403	n06244
n02403	n06839
n02403	n08021
n02403	n09512
n02403	n10755
n02404	n01442
n02404	n01923
n02405	n01428
n02405	n09570
n02405	n09945
n02405	n10553
n02406	n01723
n02406	n09585
n02406	n09679
n02406	n10730
n02407	n08192
n02407	n10759
n02409	n02242
n02409	n05723
n02409	n07340
n02410	n03037
n02411	n01584
n02412	n04135
n02413	n02962
n02413	n09740
n02414	n08278
n02415	n02387
n02415	n06740
n02416	n01127
n02416	n09673
n02417	n04081
n02418	n02081
n02418	n05935
n02419	n00804
n02420	n01548
n02420	n05349
n02420	n06809
n02421	n04849
n02421	n06534
n02421	n06756
n02421	n08319
n02421	n09844
n02422	n07070
n02422	n07393
n02422	n07536
n02422	n08534
n02423	n03839
n02423	n04410
n02423	n05634
n02424	n08592
n02425	n02114
n02426	n04117
n02426	n04195
n02426	n04540
n02427	n02783
n02428	n03227
n02428	n05320
n02428	n05539
n02428	n09677
n02429	n02032
n02429	n06220
n02429	n09481
n02430	n04101
n02430	n07719
n02431	n06026
n02432	n03049
n02432	n03230
n02433	n01857
n02433	n05514
n02433	n07535
n02433	n08126
n02433	n09843
n02433	n10424
n02434	n04088
n02434	n09411
n02434	n09412
n02434	n09539
n02434	n10634
n02435	n02293
n02435	n03155
n02435	n05122
n02435	n06420
n02436	n02510
n02436	n02891
n02436	n05568
n02437	n06441
n02437	n09412
n02437	n10634
n02437	n10793
n02438	n03650
n02438	n03793
n02438	n03868
n02438	n06634
n02438	n09514
n02439	n05112
n02439	n08718
n02439	n09515
n02439	n09598
n02440	n02199
n02440	n07977
n02440	n08044
n02440	n09519
n02440	n10580
n02441	n00546
n02442	n04628
n02443	n04058
n02444	n04855
n02444	n07796
n02445	n02104
n02446	n05723
n02446	n07028
n02446	n07338
n02446	n07339
n02446	n08246
n02446	n08829
n02446	n08830
n02446	n08904
n02446	n09673
n02446	n09674
n02446	n09675
n02446	n09676
n02446	n09677
n02447	n04005
n02447	n04502
n02447	n07865
n02448	n05916
n02448	n07040
n02448	n07760
n02448	n07772
n02448	n08252
n02448	n08297
n02449	n03065
n02449	n09928
n02450	n03759
n02450	n03990
n02450	n07106
n02450	n09902
n02451	n01225
n02452	n05917
n02452	n06736
n02452	n07983
n02453	n06575
n02453	n09842
n02454	n04785
n02454	n04952
n02454	n05740
n02454	n07087
n02454	n08427
n02454	n10167
n02455	n04173
n02455	n04875
n02456	n01059
n02456	n06623
n02457	n04451
n02457	n06862
n02457	n09253
n02458	n04402
n02458	n08028
n02458	n09038
n02459	n04243
n02459	n09752
n02460	n03677
n02460	n06722
n02461	n02591
n02461	n05972
n02461	n08696
n02461	n10259
n02462	n04654
n02462	n05753
n02462	n10290
n02463	n01310
n02463	n03400
n02463	n06708
n02464	n03014
n02464	n07632
n02464	n08339
n02465	n04660
n02465	n10592
n02465	n10677
n02466	n03641
n02466	n04745
n02466	n07028
n02466	n07526
n02466	n07596
n02466	n08777
n02466	n09294
n02467	n03110
n02467	n03397
n02467	n05556
n02468	n01661
n02468	n04050
n02468	n09506
n02469	n01634
n02469	n02691
n02470	n03552
n02470	n05455
n02470	n06436
n02471	n03515
n02472	n04378
n02472	n08255
n02472	n08258
n02473	n02077
n02473	n03563
n02474	n00662
n02475	n01425
n02475	n03175
n02476	n00192
n02476	n04381
n02476	n07872
n02477	n03296
n02477	n03437
n02477	n05047
n02478	n01011
n02479	n07585
n02480	n01239
n02481	n02418
n02481	n07178
n02481	n07855
n02481	n10551
n02482	n04413
n02482	n07197
n02482	n09119
n02483	n01754
n02484	n03919
n02484	n05866
n02484	n10297
n02485	n08103
n02485	n08146
n02485	n08715
n02485	n09346
n02486	n02980
n02486	n05190
n02486	n05866
n02486	n06385
n02486	n09438
n02487	n01539
n02488	n03027
n02488	n04115
n02488	n08705
n02489	n02663
n02489	n05009
n02489	n07006
n02489	n09086
n02490	n04120
n02490	n05722
n02491	n06736
n02492	n05345
n02493	n03517
n02493	n05343
n02493	n05579
n02494	n01164
n02494	n09674
n02495	n04130
n02495	n04272
n02495	n09673
n02496	n02057
n02496	n09676
n02497	n02851
n02497	n04385
n02497	n06069
n02498	n02707
n02498	n04282
n02499	n04631
n02499	n05743
n02500	n02854
n02500	n07807
n02501	n03818
n02501	n04630
n02501	n09737
n02502	n08922
n02502	n09708
n02503	n01485
n02503	n08338
n02504	n03431
n02504	n04336
n02504	n06319
n02504	n06766
n02505	n03212
n02506	n00633
n02506	n04347
n02507	n04662
n02507	n04795
n02507	n07961
n02508	n02825
n02508	n04246
n02509	n00310
n02510	n08008
n02510	n08678
n02510	n08796
n02511	n02142
n02511	n08127
n02512	n04903
n02512	n05118
n02512	n07880
n02512	n09380
n02513	n05218
n02513	n07593
n02513	n07594
n02513	n09358
n02513	n10665
n02514	n00007
n02515	n04235
n02515	n06346
n02515	n10700
n02516	n02925
n02516	n03728
n02516	n05851
n02516	n08748
n02517	n01618
n02517	n04834
n02517	n08210
n02517	n08668
n02518	n06455
n02518	n09337
n02518	n09531
n02519	n04477
n02519	n06030
n02519	n06418
n02519	n10438
n02520	n03816
n02521	n01565
n02521	n09686
n02522	n01786
n02522	n04848
n02523	n03999
n02524	n06073
n02525	n03885
n02526	n02909
n02526	n03942
n02527	n02006
n02528	n04951
n02528	n07835
n02529	n01125
n02529	n05488
n02529	n08968
n02530	n04662
n02530	n08017
n02530	n09896
n02531	n01628
n02531	n05134
n02532	n05486
n02532	n08355
n02533	n02451
n02533	n04451
n02533	n06142
n02534	n05179
n02534	n07210
n02534	n08590
n02535	n01203
n02535	n04805
n02536	n04299
n02536	n08552
n02536	n08980
n02537	n04795
n02537	n08078
n02537	n08792
n02538	n01128
n02538	n03562
n02538	n07949
n02539	n03680
n02540	n05277
n02540	n06801
n02541	n04251
n02542	n04090
n02543	n07119
n02543	n08831
n02544	n03017
n02544	n04155
n02544	n05518
n02545	n08128
n02545	n08737
n02545	n09563
n02546	n00746
n02547	n01772
n02547	n03261
n02548	n04204
n02548	n06020
n02549	n01588
n02549	n02028
n02549	n07799
n02549	n08225
n02549	n10592
n02550	n01879
n02551	n02422
n02551	n03259
n02551	n04217
n02551	n05843
n02551	n06219
n02552	n06967
n02552	n08505
n02553	n01344
n02553	n01623
n02554	n01356
n02554	n03708
n02554	n06264
n02554	n07765
n02555	n02910
n02556	n01845
n02556	n02791
n02557	n09954
n02558	n04631
n02558	n05743
n02559	n03100
n02559	n07393
n02560	n01891
n02560	n02968
n02560	n06795
n02561	n02108
n02561	n04798
n02561	n05183
n02561	n05496
n02561	n06897
n02562	n04795
n02563	n01344
n02563	n04199
n02564	n04902
n02564	n06542
n02564	n07421
n02565	n03708
n02565	n04673
n02565	n05385
n02566	n01645
n02566	n08573
n02566	n09282
n02566	n09749
n02567	n02836
n02568	n01971
n02568	n08297
n02569	n03315
n02569	n05719
n02570	n03070
n02570	n05981
n02570	n09355
n02571	n05210
n02571	n06434
n02571	n06912
n02572	n03494
n02572	n03587
n02572	n04773
n02573	n03781
n02573	n04520
n02573	n07485
n02573	n08602
n02574	n05520
n02574	n08138
n02574	n10206
n02575	n03221
n02575	n05316
n02575	n09194
n02576	n01476
n02576	n04482
n02576	n09563
n02577	n02630
n02577	n05751
n02577	n06686
n02577	n08114
n02577	n08629
n02577	n08842
n02577	n09287
n02578	n00635
n02578	n03936
n02579	n00100
n02580	n01295
n02580	n07646
n02581	n07319
n02581	n10691
n02582	n02149
n02582	n03339
n02583	n01090
n02583	n06269
n02583	n07031
n02584	n04174
n02584	n04176
n02585	n04630
n02585	n05891
n02586	n08304
n02587	n03883
n02587	n05134
n02588	n02999
n02588	n04504
n02589	n04274
n02589	n09753
n02590	n05597
n02591	n04078
n02591	n07352
n02591	n08332
n02592	n04515
n02592	n06352
n02593	n01569
n02593	n03620
n02593	n04636
n02593	n08259
n02594	n03068
n02594	n04154
n02595	n05179
n02595	n07867
n02595	n08398
n02596	n05782
n02596	n06780
n02596	n09674
n02597	n01237
n02597	n04778
n02597	n07414
n02597	n07469
n02597	n07495
n02597	n09023
n02598	n07100
n02598	n08541
n02599	n03215
n02599	n09283
n02600	n03070
n02600	n05388
n02600	n09675
n02601	n07591
n02601	n09224
n02602	n06397
n02602	n08868
n02602	n08884
n02602	n09377
n02603	n02223
n02603	n04353
n02603	n06733
n02603	n06800
n02603	n10328
n02604	n08053
n02604	n08829
n02604	n08917
n02604	n09861
n02605	n01451
n02605	n07247
n02606	n01600
n02606	n01875
n02606	n05215
n02606	n08422
n02606	n08438
n02607	n02864
n02607	n05209
n02607	n10409
n02608	n05849
n02608	n06637
n02608	n08550
n02609	n03403
n02609	n06904
n02610	n02600
n02610	n04171
n02610	n04201
n02610	n08047
n02610	n09466
n02610	n09680
n02610	n10237
n02610	n10662
n02611	n03502
n02611	n06603
n02612	n03225
n02613	n01661
n02613	n03553
n02613	n04756
n02613	n08221
n02613	n09479
n02614	n02575
n02614	n10715
n02615	n06972
n02615	n07253
n02616	n01073
n02616	n03599
n02616	n06710
n02617	n01182
n02618	n00054
n02619	n00315
n02619	n00946
n02619	n05720
n02620	n00488
n02620	n02428
n02621	n01356
n02621	n03708
n02622	n03340
n02622	n05585
n02623	n03140
n02624	n05142
n02624	n05887
n02625	n04221
n02625	n06485
n02625	n08253
n02626	n05924
n02626	n07472
n02627	n03516
n02627	n08908
n02628	n05172
n02628	n10115
n02629	n02965
n02629	n03882
n02629	n06342
n02629	n10153
n02630	n09222
n02630	n10166
n02631	n02501
n02631	n04387
n02631	n06541
n02631	n08891
n02632	n04532
n02632	n05768
n02632	n07498
n02632	n10170
n02633	n02750
n02633	n02912
n02633	n04008
n02633	n05088
n02633	n07980
n02633	n10118
n02633	n10404
n02634	n00418
n02634	n03439
n02634	n08831
n02634	n09678
n02634	n10031
n02635	n01826
n02635	n06480
n02635	n06909
n02635	n09040
n02635	n09309
n02636	n02862
n02636	n04870
n02636	n05319
n02636	n08224
n02637	n05830
n02637	n06410
n02637	n06884
n02637	n08072
n02637	n09341
n02637	n09442
n02638	n03780
n02638	n05778
n02638	n08522
n02638	n08639
n02639	n02149
n02639	n04173
n02639	n04815
n02639	n06485
n02639	n07338
n02639	n08829
n02639	n08980
n02639	n09674
n02640	n02915
n02640	n04308
n02640	n04589
n02640	n05797
n02641	n07255
n02642	n01897
n02642	n04099
n02643	n01043
n02643	n10395
n02644	n05219
n02644	n05983
n02645	n02349
n02645	n06243
n02645	n07530
n02645	n09461
n02647	n01590
n02648	n04322
n02648	n08195
n02648	n10168
n02648	n10393
n02648	n10751
n02648	n10758
n02649	n03455
n02649	n04430
n02649	n08466
n02649	n09439
n02650	n00027
n02650	n05629
n02651	n02981
n02651	n05440
n02651	n06443
n02651	n08162
n02651	n10565
n02652	n03739
n02652	n06342
n02652	n10153
n02652	n10559
n02653	n03916
n02653	n05402
n02654	n02868
n02654	n05206
n02654	n07665
n02655	n00613
n02657	n02408
n02657	n04054
n02657	n05456
n02657	n06730
n02657	n07028
n02657	n07752
n02657	n08247
n02657	n09679
n02658	n01750
n02658	n05732
n02658	n09718
n02659	n03174
n02659	n03389
n02659	n04226
n02659	n05475
n02660	n01951
n02660	n07093
n02661	n01358
n02662	n03718
n02663	n03996
n02663	n05767
n02664	n00097
n02664	n04707
n02665	n04714
n02665	n08828
n02666	n01427
n02667	n04794
n02668	n04241
n02668	n10133
n02668	n10428
n02669	n01771
n02669	n07454
n02670	n04728
n02670	n09137
n02671	n04240
n02671	n05302
n02671	n06346
n02671	n07855
n02671	n09678
n02672	n00349
n02672	n04203
n02673	n02155
n02673	n08939
n02674	n03740
n02674	n04749
n02675	n01451
n02675	n04182
n02675	n06895
n02676	n06414
n02676	n06730
n02676	n10360
n02677	n03321
n02677	n03453
n02677	n04832
n02677	n05643
n02678	n03910
n02678	n06006
n02678	n10615
n02679	n03500
n02679	n05832
n02679	n06721
n02679	n09468
n02680	n04732
n02680	n06730
n02680	n07028
n02680	n08247
n02680	n08828
n02680	n09675
n02680	n09680
n02681	n03050
n02681	n08831
n02682	n01844
n02682	n01874
n02682	n10459
n02683	n02732
n02683	n06021
n02683	n07975
n02684	n01720
n02685	n04386
n02685	n05461
n02685	n05737
n02686	n01823
n02687	n02344
n02687	n05161
n02688	n06132
n02689	n08273
n02689	n08477
n02690	n03532
n02690	n09215
n02691	n00483
n02691	n01920
n02692	n05093
n02692	n06181
n02692	n06393
n02692	n06394
n02693	n05205
n02693	n06564
n02693	n07181
n02693	n09083
n02694	n03585
n02694	n05097
n02695	n03845
n02695	n07101
n02695	n09436
n02696	n06659
n02697	n01753
n02697	n07028
n02698	n04319
n02698	n09452
n02699	n05546
n02699	n09785
n02699	n09901
n02700	n04962
n02700	n05545
n02700	n10216
n02700	n10224
n02701	n02722
n02701	n04984
n02701	n05676
n02701	n06014
n02701	n09217
n02702	n01046
n02702	n10679
n02703	n03236
n02703	n08831
n02704	n01311
n02704	n01827
n02705	n01131
n02706	n08257
n02707	n03094
n02707	n04700
n02707	n06265
n02707	n06742
n02707	n07340
n02708	n09780
n02709	n03476
n02709	n05886
n02710	n05142
n02710	n05887
n02711	n04335
n02711	n05898
n02711	n07366
n02712	n04231
n02713	n03826
n02714	n01190
n02714	n04867
n02715	n00099
n02716	n03260
n02716	n09962
n02717	n03769
n02717	n04516
n02718	n00481
n02718	n03956
n02719	n04723
n02719	n06864
n02719	n07515
n02719	n09721
n02720	n02794
n02720	n03574
n02721	n00945
n02721	n02531
n02721	n04077
n02722	n04599
n02722	n07496
n02722	n07996
n02723	n05405
n02723	n07206
n02723	n07207
n02724	n03443
n02725	n01451
n02725	n04245
n02726	n05424
n02726	n05652
n02726	n06143
n02726	n06393
n02726	n08091
n02726	n08392
n02726	n09064
n02727	n04252
n02727	n04669
n02727	n06881
n02727	n07519
n02727	n09206
n02728	n03642
n02728	n05207
n02728	n07626
n02728	n08111
n02729	n04999
n02729	n08635
n02729	n09140
n02730	n02086
n02730	n02889
n02730	n05840
n02731	n04318
n02731	n06902
n02731	n09667
n02732	n04550
n02732	n08241
n02733	n01740
n02733	n02118
n02733	n04663
n02733	n05784
n02733	n06699
n02733	n07276
n02733	n09316
n02734	n07641
n02734	n07643
n02734	n08247
n02734	n08831
n02734	n09680
n02735	n02118
n02736	n00103
n02736	n08219
n02737	n04053
n02737	n04173
n02737	n04565
n02737	n05343
n02737	n06485
n02737	n06919
n02737	n08246
n02737	n08829
n02737	n09673
n02737	n09674
n02737	n09675
n02738	n06781
n02738	n06793
n02738	n09398
n02739	n02422
n02739	n10537
n02740	n01723
n02740	n06235
n02741	n03965
n02741	n04415
n02742	n01647
n02742	n05335
n02743	n00037
n02744	n00352
n02745	n05441
n02745	n06900
n02746	n02124
n02746	n04264
n02746	n04421
n02746	n08129
n02746	n08220
n02746	n08559
n02747	n01564
n02747	n05252
n02748	n02554
n02748	n09685
n02749	n04274
n02749	n09753
n02750	n03039
n02750	n04059
n02750	n09777
n02751	n04641
n02752	n02367
n02752	n07380
n02753	n06792
n02754	n04511
n02754	n07422
n02754	n07802
n02755	n02658
n02755	n06082
n02755	n06105
n02755	n09803
n02756	n03301
n02756	n07340
n02756	n08921
n02757	n01307
n02757	n05601
n02757	n05893
n02758	n05764
n02758	n06099
n02758	n07401
n02758	n08320
n02758	n10012
n02759	n03769
n02759	n03833
n02759	n05583
n02760	n04352
n02761	n03353
n02761	n07157
n02761	n08409
n02761	n09971
n02762	n06576
n02762	n07991
n02763	n07955
n02763	n09091
n02764	n03182
n02764	n05915
n02764	n07187
n02764	n07238
n02764	n09082
n02764	n09678
n02765	n05404
n02765	n07549
n02766	n08014
n02766	n09383
n02766	n09650
n02767	n10256
n02768	n01310
n02768	n04357
n02768	n06679
n02768	n10637
n02769	n04033
n02769	n05773
n02769	n10233
n02769	n10673
n02770	n00013
n02771	n06940
n02771	n07604
n02771	n07741
n02771	n08079
n02771	n09426
n02772	n04096
n02772	n09459
n02773	n02766
n02773	n05440
n02773	n05911
n02773	n05992
n02774	n02084
n02774	n05682
n02775	n05446
n02775	n05672
n02775	n05951
n02775	n08195
n02776	n00841
n02776	n07298
n02776	n07764
n02776	n08683
n02776	n08893
n02777	n01053
n02777	n06705
n02778	n06399
n02778	n06677
n02778	n07658
n02778	n08703
n02778	n10351
n02778	n10716
n02779	n03371
n02780	n06984
n02780	n08491
n02781	n09291
n02781	n09934
n02781	n10753
n02782	n04682
n02782	n07372
n02782	n08246
n02782	n08247
n02782	n08831
n02782	n10052
n02782	n10573
n02783	n03317
n02783	n04417
n02783	n05829
n02783	n06440
n02783	n07993
n02784	n01774
n02784	n02410
n02785	n06719
n02785	n08337
n02786	n02954
n02787	n02472
n02787	n06274
n02788	n05468
n02788	n07786
n02788	n09727
n02789	n01483
n02789	n02708
n02789	n08843
n02790	n01822
n02791	n00479
n02791	n00818
n02792	n08846
n02792	n08915
n02792	n09748
n02793	n06300
n02793	n08416
n02794	n04068
n02795	n04512
n02796	n01697
n02796	n07448
n02797	n03005
n02798	n01952
n02798	n04449
n02798	n06842
n02799	n06562
n02799	n06807
n02799	n07914
n02799	n08355
n02800	n01701
n02801	n02085
n02802	n02329
n02803	n03227
n02803	n04164
n02803	n05320
n02803	n07501
n02804	n07254
n02805	n04739
n02805	n05528
n02806	n02586
n02806	n06931
n02806	n09249
n02807	n05989
n02807	n06165
n02807	n06399
n02807	n07246
n02807	n07613
n02807	n10520
n02808	n02863
n02809	n02346
n02809	n05336
n02809	n10185
n02810	n04906
n02810	n05567
n02811	n01064
n02811	n06628
n02811	n09327
n02811	n10519
n02812	n04997
n02812	n10329
n02813	n07754
n02813	n08251
n02813	n09681
n02814	n03321
n02814	n08574
n02815	n03190
n02815	n06456
n02816	n02046
n02817	n03037
n02817	n04222
n02817	n08830
n02818	n04438
n02818	n05143
n02819	n03173
n02819	n04770
n02820	n08835
n02821	n05040
n02821	n05580
n02822	n04580
n02822	n08324
n02822	n08870
n02823	n02910
n02824	n02685
n02824	n07069
n02824	n08298
n02825	n07354
n02825	n07355
n02825	n08829
n02826	n01349
n02827	n04292
n02827	n10158
n02828	n01500
n02828	n02342
n02828	n04708
n02828	n08267
n02828	n08831
n02829	n01398
n02829	n07987
n02830	n01936
n02830	n07890
n02830	n08333
n02830	n08829
n02831	n04404
n02831	n04867
n02831	n09148
n02832	n01190
n02832	n04404
n02833	n02139
n02833	n04341
n02833	n07453
n02834	n03899
n02834	n09308
n02835	n06402
n02835	n10474
n02836	n00761
n02836	n09108
n02837	n03682
n02837	n06940
n02837	n07741
n02838	n04102
n02838	n04259
n02838	n05627
n02839	n02422
n02839	n02559
n02839	n03789
n02840	n04422
n02840	n04840
n02840	n09488
n02841	n05162
n02841	n07846
n02841	n08121
n02841	n08165
n02842	n01085
n02842	n07100
n02842	n08541
n02842	n09934
n02843	n03271
n02843	n04621
n02843	n05634
n02844	n01415
n02844	n06870
n02844	n08770
n02844	n10554
n02845	n01313
n02845	n08116
n02846	n03917
n02846	n05671
n02846	n07008
n02847	n00485
n02847	n08791
n02848	n00235
n02848	n04250
n02849	n00108
n02849	n02541
n02849	n07711
n02850	n05254
n02850	n06730
n02851	n04924
n02852	n01750
n02852	n05873
n02852	n07773
n02852	n09718
n02853	n03095
n02854	n04275
n02854	n07419
n02855	n02998
n02855	n03945
n02856	n02004
n02856	n08828
n02857	n01698
n02858	n04183
n02858	n04934
n02858	n07105
n02858	n07414
n02859	n03708
n02859	n07922
n02859	n09835
n02859	n09836
n02860	n02324
n02860	n02444
n02861	n02369
n02861	n05632
n02861	n10150
n02862	n05188
n02862	n07111
n02863	n00483
n02863	n09714
n02864	n04524
n02864	n05268
n02865	n06595
n02865	n08939
n02866	n06173
n02867	n03493
n02867	n04166
n02867	n08073
n02868	n09290
n02869	n04106
n02869	n04692
n02869	n10420
n02870	n01889
n02870	n03157
n02870	n04600
n02870	n07679
n02870	n09674
n02871	n06204
n02871	n07845
n02871	n10479
n02872	n03462
n02872	n04759
n02872	n10395
n02873	n02278
n02873	n04259
n02873	n04416
n02873	n05675
n02873	n10162
n02874	n03276
n02874	n03501
n02874	n07497
n02875	n04563
n02875	n05451
n02875	n08780
n02876	n05832
n02876	n08753
n02876	n10641
n02877	n03645
n02877	n07602
n02877	n08136
n02877	n10620
n02878	n00104
n02878	n04957
n02878	n06250
n02878	n06730
n02878	n07412
n02878	n08482
n02878	n09678
n02879	n02285
n02879	n02953
n02880	n06498
n02880	n07350
n02881	n02880
n02882	n03431
n02882	n04336
n02882	n06319
n02882	n06766
n02883	n04231
n02883	n05759
n02884	n01225
n02884	n08339
n02885	n04779
n02885	n05165
n02885	n05928
n02885	n06545
n02885	n06774
n02885	n09122
n02886	n03096
n02886	n04190
n02886	n06313
n02887	n04145
n02887	n05050
n02887	n05291
n02888	n05155
n02889	n02062
n02889	n07063
n02890	n01095
n02891	n08678
n02891	n09425
n02892	n02420
n02892	n06363
n02892	n06606
n02893	n02561
n02893	n06444
n02893	n08030
n02893	n09651
n02893	n10450
n02894	n01646
n02894	n04907
n02895	n04169
n02895	n04757
n02895	n05109
n02896	n02719
n02896	n07661
n02897	n04804
n02897	n06580
n02897	n08736
n02897	n09291
n02897	n10224
n02897	n10541
n02897	n10753
n02898	n02317
n02898	n06192
n02898	n06915
n02898	n10501
n02899	n02149
n02899	n02656
n02899	n04173
n02899	n07338
n02899	n08245
n02899	n08829
n02899	n09673
n02900	n04154
n02900	n10578
n02900	n10670
n02901	n03694
n02901	n05717
n02902	n04426
n02902	n04690
n02902	n05848
n02902	n06138
n02902	n07293
n02902	n10583
n02903	n02355
n02903	n06837
n02903	n07541
n02903	n09378
n02903	n10495
n02904	n03224
n02904	n03308
n02904	n10005
n02905	n06153
n02905	n10240
n02906	n06427
n02906	n07635
n02907	n05620
n02907	n07718
n02907	n08044
n02907	n09654
n02908	n00897
n02908	n02149
n02908	n03756
n02908	n04053
n02908	n05343
n02908	n05723
n02908	n07340
n02908	n08245
n02908	n08828
n02908	n08829
n02908	n08830
n02908	n09673
n02908	n09675
n02908	n09677
n02909	n04219
n02910	n01238
n02911	n03882
n02912	n03039
n02912	n04059
n02912	n09777
n02913	n04334
n02914	n05588
n02914	n05730
n02914	n08259
n02914	n09797
n02915	n06785
n02916	n00517
n02916	n01165
n02916	n01224
n02916	n02412
n02917	n05159
n02917	n08838
n02918	n01752
n02919	n01614
n02919	n09774
n02920	n02082
n02920	n03388
n02921	n06129
n02921	n09972
n02922	n02219
n02922	n03065
n02923	n04879
n02923	n05763
n02923	n07067
n02924	n03393
n02924	n08359
n02924	n10090
n02925	n05755
n02925	n07194
n02925	n08698
n02926	n02972
n02926	n09119
n02927	n03775
n02927	n08903
n02927	n09774
n02928	n08828
n02928	n09060
n02928	n09674
n02928	n09676
n02928	n09828
n02929	n04025
n02929	n10195
n02930	n03071
n02930	n06413
n02930	n07563
n02930	n09306
n02931	n04654
n02931	n04971
n02932	n01094
n02933	n02630
n02933	n08941
n02933	n09303
n02934	n05093
n02934	n05607
n02934	n09323
n02934	n09636
n02935	n04205
n02935	n04245
n02935	n04310
n02936	n07610
n02937	n01614
n02937	n04698
n02937	n05235
n02937	n08250
n02938	n04475
n02938	n05823
n02938	n08694
n02939	n08142
n02939	n08759
n02939	n09485
n02939	n10096
n02940	n02349
n02940	n04097
n02940	n06689
n02940	n08218
n02940	n09440
n02940	n09640
n02940	n10590
n02941	n01364
n02941	n05839
n02941	n06610
n02942	n03731
n02942	n04686
n02942	n08596
n02942	n08976
n02942	n10622
n02943	n02881
n02943	n03326
n02943	n08385
n02944	n04918
n02944	n05545
n02944	n07480
n02944	n10099
n02944	n10542
n02944	n10665
n02945	n01194
n02945	n10395
n02946	n03979
n02946	n05937
n02947	n07693
n02947	n08423
n02947	n08570
n02947	n10419
n02947	n10689
n02947	n10694
n02948	n01703
n02948	n04421
n02948	n07123
n02949	n06695
n02949	n06959
n02949	n08689
n02950	n06963
n02951	n07669
n02951	n09581
n02952	n04109
n02952	n09730
n02953	n01356
n02953	n03708
n02954	n04845
n02955	n09741
n02956	n04057
n02957	n05891
n02958	n00516
n02958	n03993
n02959	n06284
n02960	n03292
n02960	n07352
n02961	n03381
n02962	n04565
n02962	n08314
n02963	n02623
n02963	n05901
n02964	n03993
n02965	n08400
n02965	n08940
n02966	n03434
n02966	n04388
n02967	n01671
n02968	n08433
n02969	n05264
n02970	n03098
n02970	n03822
n02970	n05052
n02970	n05752
n02971	n04716
n02971	n08391
n02972	n03347
n02972	n06325
n02972	n08409
n02973	n02136
n02973	n08312
n02973	n08397
n02973	n09680
n02973	n09898
n02974	n05053
n02974	n05070
n02974	n05910
n02974	n06114
n02974	n09909
n02975	n06801
n02975	n09056
n02976	n01788
n02977	n04461
n02977	n07196
n02977	n07539
n02978	n00610
n02978	n01686
n02978	n09674
n02979	n05374
n02979	n06366
n02979	n06890
n02979	n07051
n02979	n07537
n02980	n03898
n02980	n06632
n02980	n09098
n02981	n03540
n02982	n04613
n02982	n07249
n02982	n10579
n02983	n04204
n02983	n08585
n02983	n09171
n02983	n09223
n02984	n07168
n02985	n05751
n02985	n06303
n02985	n09222
n02986	n02227
n02986	n06002
n02986	n07598
n02987	n04253
n02988	n05845
n02988	n07746
n02988	n08150
n02988	n09059
n02989	n04952
n02989	n05827
n02989	n07678
n02990	n04561
n02990	n05982
n02990	n10176
n02990	n10652
n02991	n03912
n02991	n04205
n02991	n05002
n02991	n09617
n02992	n03178
n02992	n09596
n02993	n01633
n02993	n03272
n02993	n08202
n02994	n01399
n02994	n07753
n02994	n07962
n02995	n01093
n02995	n03719
n02995	n04612
n02995	n08645
n02995	n10185
n02996	n04376
n02997	n03134
n02998	n02150
n02998	n03818
n02999	n01696
n03000	n01820
n03000	n02388
n03001	n02910
n03002	n01714
n03002	n01770
n03003	n02408
n03003	n05160
n03003	n07752
n03003	n09679
n03004	n02149
n03004	n04053
n03004	n04173
n03004	n04565
n03004	n05723
n03004	n06485
n03004	n07028
n03004	n07339
n03004	n07752
n03004	n08246
n03004	n08247
n03004	n08828
n03004	n08830
n03004	n09674
n03004	n09675
n03004	n09676
n03005	n03567
n03005	n06530
n03005	n09719
n03006	n02914
n03006	n09694
n03007	n01626
n03008	n01325
n03008	n03718
n03009	n07047
n03009	n07131
n03010	n05144
n03010	n06794
n03011	n01437
n03011	n04228
n03012	n06138
n03012	n09134
n03013	n04950
n03013	n06572
n03014	n02389
n03015	n02857
n03015	n04241
n03016	n04342
n03017	n07947
n03017	n08947
n03017	n09047
n03017	n09840
n03017	n10006
n03017	n10458
n03018	n03580
n03018	n06382
n03019	n04405
n03019	n10288
n03020	n02887
n03020	n06149
n03021	n02628
n03021	n04816
n03021	n07241
n03021	n08832
n03022	n03047
n03022	n04153
n03022	n08062
n03023	n01827
n03024	n01991
n03024	n05537
n03025	n03890
n03025	n08691
n03026	n06642
n03026	n07463
n03027	n06215
n03027	n06216
n03027	n06833
n03027	n07910
n03028	n03395
n03028	n03723
n03029	n01571
n03030	n03212
n03031	n00197
n03032	n02379
n03032	n04761
n03032	n09459
n03033	n03683
n03033	n07229
n03033	n09516
n03034	n08489
n03034	n08581
n03034	n08628
n03034	n09355
n03034	n09508
n03034	n10746
n03035	n02570
n03035	n07675
n03035	n10556
n03036	n01992
n03037	n02408
n03037	n04565
n03038	n02442
n03038	n06270
n03038	n06730
n03038	n07752
n03038	n08247
n03038	n08832
n03038	n09678
n03038	n09679
n03039	n05021
n03039	n05459
n03040	n03172
n03040	n04053
n03040	n08245
n03040	n09675
n03040	n09677
n03041	n02149
n03041	n04173
n03041	n04565
n03041	n06485
n03041	n06760
n03041	n07339
n03041	n08246
n03041	n08830
n03041	n09675
n03041	n09676
n03042	n05882
n03042	n07774
n03042	n07861
n03043	n02660
n03043	n09682
n03044	n02706
n03044	n06536
n03045	n02149
n03045	n07810
n03045	n08245
n03045	n08829
n03045	n08830
n03045	n09675
n03045	n09677
n03046	n00445
n03046	n03826
n03046	n07379
n03046	n10040
n03047	n05765
n03047	n09160
n03047	n10009
n03048	n05773
n03048	n08415
n03049	n01852
n03050	n01807
n03050	n02252
n03050	n08655
n03051	n03635
n03051	n06134
n03051	n09674
n03052	n06920
n03052	n10306
n03053	n05340
n03054	n03895
n03054	n07611
n03054	n10192
n03055	n04328
n03055	n07983
n03056	n01463
n03056	n04169
n03057	n04692
n03057	n05288
n03057	n07606
n03058	n04369
n03058	n06027
n03058	n06997
n03059	n04961
n03059	n05682
n03059	n09620
n03059	n10525
n03059	n10713
n03060	n04432
n03060	n04698
n03060	n05255
n03061	n05471
n03061	n08865
n03062	n06079
n03063	n07402
n03064	n02656
n03064	n04000
n03064	n07341
n03064	n08831
n03065	n04066
n03066	n05602
n03067	n04489
n03067	n08955
n03068	n04074
n03069	n06119
n03070	n06305
n03070	n07141
n03071	n02660
n03071	n05922
n03071	n07957
n03071	n09100
n03072	n01058
n03072	n02498
n03072	n05912
n03072	n06533
n03072	n09674
n03073	n06092
n03073	n10124
n03074	n03000
n03074	n04445
n03074	n09070
n03075	n03152
n03075	n07891
n03075	n09128
n03076	n06154
n03077	n04789
n03077	n05795
n03077	n08953
n03077	n09033
n03077	n09176
n03078	n02887
n03079	n03731
n03079	n04158
n03080	n03532
n03080	n07509
n03080	n10072
n03081	n02115
n03081	n05467
n03081	n09236
n03082	n02454
n03082	n05953
n03083	n08657
n03083	n10534
n03084	n01360
n03084	n08283
n03084	n09723
n03084	n09758
n03085	n04018
n03085	n04469
n03085	n04689
n03085	n08113
n03086	n02766
n03086	n04718
n03086	n05427
n03087	n04742
n03087	n05801
n03087	n06216
n03087	n08521
n03088	n01250
n03088	n06980
n03088	n09272
n03088	n10482
n03089	n03915
n03089	n04891
n03089	n10346
n03090	n05711
n03090	n06611
n03090	n06681
n03091	n08200
n03091	n10161
n03092	n01226
n03092	n10227
n03093	n03355
n03093	n07177
n03094	n02149
n03094	n04173
n03094	n04565
n03094	n05723
n03094	n06485
n03094	n07028
n03094	n07338
n03094	n07339
n03094	n08828
n03094	n08830
n03095	n02174
n03095	n07028
n03095	n07031
n03095	n07035
n03095	n08246
n03095	n09674
n03096	n00926
n03096	n09728
n03097	n01866
n03097	n02078
n03098	n03998
n03098	n07809
n03099	n05258
n03099	n07406
n03100	n08843
n03100	n08943
n03101	n00098
n03101	n05343
n03102	n01952
n03102	n08390
n03103	n05885
n03103	n06090
n03103	n06534
n03103	n07338
n03103	n07340
n03103	n09763
n03104	n02149
n03104	n08299
n03104	n08829
n03105	n04288
n03105	n06538
n03105	n07089
n03105	n08953
n03106	n03301
n03106	n06123
n03106	n08449
n03107	n06768
n03107	n06848
n03107	n07055
n03107	n10282
n03108	n09186
n03109	n05620
n03109	n07486
n03109	n07498
n03109	n07878
n03109	n08000
n03110	n01851
n03110	n06540
n03110	n06746
n03110	n07881
n03110	n09743
n03110	n09757
n03111	n01672
n03111	n08808
n03112	n01011
n03112	n06599
n03113	n04536
n03114	n07773
n03114	n10267
n03115	n04153
n03116	n04467
n03116	n08109
n03116	n08622
n03117	n04467
n03117	n09674
n03118	n08733
n03119	n05150
n03119	n06745
n03119	n08396
n03119	n08510
n03120	n02392
n03120	n04202
n03120	n06967
n03120	n06998
n03120	n08083
n03121	n03545
n03121	n06464
n03121	n07555
n03122	n04424
n03122	n09495
n03122	n10460
n03123	n07630
n03123	n08381
n03123	n10561
n03124	n01570
n03124	n04912
n03125	n03538
n03125	n09528
n03125	n09674
n03125	n09956
n03126	n01554
n03126	n02972
n03126	n05550
n03126	n09371
n03127	n01461
n03127	n03543
n03127	n04177
n03127	n07270
n03128	n03368
n03129	n05475
n03129	n07002
n03129	n07706
n03129	n09785
n03129	n10262
n03129	n10627
n03130	n01194
n03130	n05687
n03130	n06018
n03131	n00106
n03132	n00711
n03133	n01380
n03133	n05456
n03133	n05880
n03133	n08247
n03133	n09680
n03134	n09735
n03135	n06051
n03136	n04847
n03136	n07785
n03136	n09699
n03136	n09709
n03137	n00941
n03138	n03134
n03138	n07791
n03139	n06060
n03140	n01531
n03140	n03171
n03141	n06063
n03141	n07045
n03142	n04573
n03142	n06275
n03142	n08247
n03143	n01265
n03143	n04063
n03144	n02004
n03144	n08828
n03145	n04279
n03145	n05036
n03146	n07376
n03146	n09676
n03147	n04276
n03147	n05900
n03147	n06270
n03148	n02367
n03148	n08829
n03149	n01266
n03149	n01845
n03149	n02791
n03150	n04286
n03150	n06730
n03150	n08362
n03150	n08405
n03150	n08840
n03150	n09678
n03151	n03765
n03151	n10197
n03152	n08381
n03153	n06047
n03153	n07487
n03153	n09733
n03154	n04336
n03154	n07075
n03154	n07077
n03154	n09978
n03155	n03531
n03155	n06146
n03155	n07453
n03155	n08938
n03155	n09949
n03156	n05405
n03157	n04173
n03157	n04403
n03157	n06485
n03157	n08246
n03157	n09675
n03158	n08685
n03159	n03108
n03159	n09342
n03160	n03080
n03160	n05430
n03160	n06692
n03160	n07742
n03160	n10599
n03161	n02223
n03161	n04888
n03161	n08280
n03161	n09677
n03162	n03265
n03162	n10342
n03163	n05669
n03163	n07754
n03163	n08455
n03164	n06991
n03164	n09529
n03164	n09641
n03164	n09875
n03165	n03223
n03165	n05221
n03165	n07605
n03165	n08894
n03165	n09696
n03166	n02715
n03166	n04106
n03166	n09680
n03167	n05102
n03167	n08133
n03167	n08746
n03167	n09471
n03167	n09561
n03168	n00997
n03168	n01994
n03168	n08747
n03169	n01209
n03170	n02283
n03170	n04569
n03171	n02521
n03171	n06496
n03172	n02149
n03172	n04173
n03172	n04565
n03172	n05343
n03172	n05723
n03172	n06485
n03172	n07028
n03172	n07338
n03172	n07339
n03172	n07340
n03172	n08246
n03172	n08828
n03172	n08829
n03172	n08830
n03172	n09673
n03172	n09676
n03173	n02193
n03173	n03938
n03174	n04273
n03174	n04929
n03175	n03991
n03176	n01820
n03176	n04850
n03176	n06285
n03176	n09755
n03177	n03143
n03178	n05723
n03178	n07028
n03178	n07338
n03178	n07339
n03178	n08246
n03178	n08829
n03178	n08830
n03178	n08932
n03178	n09673
n03178	n09675
n03178	n09676
n03179	n00517
n03179	n01165
n03179	n01224
n03179	n02412
n03180	n04393
n03180	n09676
n03180	n09814
n03181	n01798
n03181	n05760
n03181	n07435
n03182	n06803
n03183	n00942
n03183	n01716
n03184	n02061
n03185	n02969
n03186	n02110
n03186	n08934
n03187	n06570
n03188	n04462
n03188	n05628
n03188	n06645
n03189	n04538
n03189	n07623
n03189	n09214
n03190	n03076
n03191	n02530
n03191	n04450
n03191	n08555
n03191	n09247
n03191	n10079
n03192	n07114
n03192	n08614
n03193	n02790
n03193	n09238
n03193	n10500
n03194	n04998
n03194	n10600
n03195	n03071
n03195	n05712
n03195	n08939
n03195	n09177
n03196	n01168
n03196	n05568
n03197	n05114
n03197	n06189
n03197	n06190
n03198	n02671
n03198	n07300
n03198	n10475
n03199	n05240
n03199	n07615
n03199	n07707
n03199	n07988
n03199	n10443
n03200	n05240
n03200	n08565
n03200	n10263
n03201	n05009
n03201	n05855
n03201	n07580
n03201	n07668
n03201	n07951
n03202	n05245
n03202	n06728
n03203	n01400
n03203	n08246
n03204	n03518
n03204	n05128
n03204	n07036
n03205	n01610
n03206	n03664
n03207	n02492
n03207	n04701
n03208	n02911
n03209	n09892
n03210	n06518
n03210	n08912
n03211	n05747
n03211	n09673
n03212	n03066
n03212	n06289
n03212	n07894
n03213	n05360
n03213	n05598
n03213	n07876
n03214	n02585
n03214	n04078
n03215	n03302
n03215	n05153
n03215	n07415
n03215	n08307
n03215	n08959
n03216	n04715
n03216	n07752
n03217	n02857
n03217	n10133
n03218	n02661
n03219	n03016
n03219	n03538
n03220	n01717
n03220	n02502
n03221	n05785
n03221	n06101
n03221	n06776
n03222	n02664
n03222	n07028
n03223	n01344
n03223	n04081
n03223	n08537
n03223	n09202
n03223	n10055
n03224	n04896
n03224	n05272
n03225	n04051
n03226	n03180
n03226	n04659
n03226	n08229
n03226	n10105
n03227	n02149
n03227	n06636
n03227	n07338
n03228	n04533
n03228	n05343
n03229	n04021
n03229	n09112
n03230	n03015
n03230	n06737
n03231	n05338
n03231	n09998
n03232	n05799
n03233	n08658
n03233	n10449
n03234	n03958
n03234	n10609
n03235	n06953
n03235	n08729
n03235	n09212
n03235	n10462
n03236	n01415
n03236	n07746
n03237	n05228
n03237	n05673
n03237	n08729
n03237	n09639
n03237	n10489
n03238	n04364
n03239	n04676
n03239	n05124
n03239	n05409
n03239	n05723
n03240	n02925
n03240	n04412
n03240	n04741
n03241	n02149
n03241	n04173
n03241	n04565
n03241	n05343
n03241	n05723
n03241	n06485
n03241	n07028
n03241	n07338
n03241	n07339
n03241	n07340
n03241	n08246
n03241	n08828
n03241	n08829
n03241	n08830
n03241	n09673
n03241	n09676
n03241	n09677
n03242	n05326
n03243	n10661
n03244	n00451
n03244	n07615
n03245	n00996
n03245	n08206
n03246	n00994
n03246	n03997
n03246	n04939
n03246	n05298
n03246	n09768
n03246	n09920
n03247	n02092
n03247	n03112
n03247	n06261
n03247	n07015
n03248	n00025
n03249	n06864
n03249	n07544
n03249	n10201
n03249	n10624
n03250	n02408
n03250	n04768
n03250	n07028
n03250	n07341
n03251	n02284
n03251	n07752
n03252	n04133
n03252	n05131
n03252	n07369
n03253	n03060
n03253	n06744
n03254	n00780
n03254	n03566
n03254	n08909
n03255	n03342
n03255	n08858
n03256	n06096
n03256	n07341
n03256	n08831
n03257	n01247
n03257	n05723
n03258	n02656
n03258	n06754
n03259	n04786
n03259	n07393
n03259	n07425
n03259	n09674
n03260	n08905
n03260	n09899
n03261	n04148
n03261	n04344
n03262	n03946
n03262	n06786
n03263	n04233
n03263	n09673
n03264	n02820
n03264	n05736
n03264	n06328
n03264	n09890
n03265	n08451
n03265	n09156
n03266	n00707
n03266	n03390
n03267	n00993
n03268	n03483
n03268	n07990
n03268	n09203
n03269	n01685
n03269	n10361
n03270	n03357
n03271	n06174
n03271	n08583
n03272	n05071
n03272	n07166
n03272	n08246
n03272	n08830
n03272	n09674
n03272	n09675
n03272	n09676
n03273	n05651
n03273	n06563
n03274	n07135
n03275	n03729
n03275	n05672
n03276	n02408
n03276	n06614
n03277	n05059
n03277	n05818
n03277	n07654
n03277	n09688
n03278	n07227
n03279	n03318
n03279	n04398
n03279	n05868
n03279	n06366
n03279	n06757
n03279	n10347
n03280	n01486
n03280	n03952
n03281	n04168
n03281	n06652
n03281	n08257
n03281	n10177
n03282	n04143
n03283	n01875
n03283	n05980
n03283	n10364
n03284	n07720
n03284	n09301
n03284	n09469
n03285	n08674
n03285	n10464
n03286	n02656
n03287	n00271
n03288	n01854
n03288	n03459
n03288	n05126
n03289	n06732
n03290	n03289
n03291	n04433
n03291	n07788
n03292	n02150
n03293	n04495
n03293	n04773
n03294	n04177
n03294	n04488
n03295	n03664
n03296	n04439
n03297	n05889
n03297	n06508
n03298	n03341
n03298	n08245
n03298	n08828
n03298	n08829
n03298	n09673
n03299	n02411
n03299	n04639
n03300	n05370
n03300	n06798
n03300	n09676
n03301	n01281
n03301	n06315
n03302	n04173
n03302	n08941
n03302	n09675
n03303	n02557
n03304	n02527
n03304	n08966
n03305	n02685
n03305	n06499
n03306	n06813
n03306	n07440
n03306	n09852
n03307	n03574
n03308	n06160
n03308	n07338
n03308	n08829
n03309	n03945
n03309	n07352
n03310	n03773
n03310	n05063
n03310	n10095
n03311	n08031
n03311	n08245
n03312	n02271
n03312	n06875
n03313	n00307
n03313	n01110
n03314	n07479
n03315	n06379
n03315	n07492
n03316	n04879
n03316	n07494
n03317	n03290
n03317	n09890
n03317	n10289
n03318	n05374
n03318	n05633
n03319	n01846
n03319	n04890
n03320	n03310
n03321	n04966
n03321	n06594
n03321	n09021
n03321	n09207
n03322	n07623
n03323	n01356
n03323	n03708
n03324	n01430
n03324	n03307
n03324	n07937
n03324	n07945
n03324	n09104
n03325	n10420
n03326	n00448
n03326	n01802
n03326	n08374
n03327	n04209
n03327	n09218
n03328	n04416
n03328	n09032
n03328	n10162
n03328	n10402
n03329	n01093
n03329	n03719
n03329	n04535
n03329	n04612
n03329	n04817
n03330	n02408
n03330	n04173
n03330	n04565
n03330	n04768
n03330	n06730
n03330	n07028
n03330	n07752
n03330	n08246
n03330	n08247
n03330	n08830
n03330	n08831
n03330	n09674
n03330	n09675
n03330	n09678
n03330	n09679
n03330	n09680
n03331	n03786
n03332	n04475
n03332	n05688
n03333	n05961
n03333	n08798
n03333	n09325
n03333	n10346
n03334	n04215
n03334	n05067
n03334	n09554
n03335	n03969
n03335	n10349
n03336	n03642
n03336	n04993
n03337	n00710
n03338	n01094
n03338	n02522
n03338	n10241
n03339	n04053
n03339	n04565
n03339	n05343
n03340	n04924
n03341	n04574
n03342	n05355
n03343	n00001
n03343	n00096
n03343	n00444
n03344	n04383
n03344	n09674
n03344	n09675
n03344	n09677
n03345	n04635
n03345	n07379
n03345	n09758
n03346	n05919
n03347	n05252
n03347	n05746
n03347	n09970
n03348	n05049
n03349	n02149
n03349	n04565
n03349	n04933
n03349	n07028
n03349	n08903
n03349	n09673
n03350	n01847
n03351	n02915
n03351	n06095
n03352	n04143
n03352	n04293
n03352	n06084
n03352	n07875
n03353	n03616
n03353	n04053
n03354	n02793
n03354	n08429
n03355	n03481
n03356	n01499
n03357	n01127
n03357	n04233
n03357	n09673
n03358	n00544
n03359	n01344
n03359	n07931
n03360	n01126
n03360	n03343
n03360	n05595
n03360	n06304
n03361	n07380
n03361	n07558
n03361	n08396
n03362	n08525
n03362	n10003
n03363	n07209
n03363	n08588
n03363	n10067
n03363	n10408
n03364	n04876
n03364	n05975
n03364	n09325
n03365	n03939
n03365	n04962
n03365	n07667
n03366	n08084
n03367	n04700
n03367	n06417
n03367	n06509
n03367	n07930
n03367	n08854
n03367	n08903
n03367	n09756
n03367	n09774
n03367	n09913
n03368	n02149
n03368	n04053
n03368	n04565
n03368	n05343
n03368	n05723
n03368	n07338
n03368	n07339
n03368	n07340
n03368	n08245
n03368	n08246
n03368	n09673
n03368	n09674
n03369	n05624
n03369	n09637
n03370	n02197
n03370	n09274
n03370	n09431
n03371	n06422
n03371	n06941
n03371	n07929
n03371	n08461
n03372	n01325
n03372	n04901
n03373	n02200
n03374	n04752
n03374	n04878
n03374	n05657
n03374	n09204
n03374	n09580
n03374	n10456
n03375	n01116
n03375	n07643
n03376	n02599
n03376	n05844
n03376	n07335
n03377	n06242
n03377	n07216
n03377	n07743
n03378	n09365
n03379	n03905
n03380	n03815
n03380	n05875
n03381	n04565
n03381	n07028
n03381	n09680
n03382	n01682
n03383	n05470
n03383	n06743
n03384	n05579
n03385	n05260
n03386	n03384
n03387	n06071
n03388	n03208
n03389	n06772
n03390	n03716
n03391	n03210
n03391	n06523
n03392	n02149
n03392	n04053
n03392	n04173
n03392	n04565
n03392	n05343
n03392	n05723
n03392	n06485
n03392	n07028
n03392	n07339
n03392	n08246
n03392	n08828
n03392	n08830
n03392	n09674
n03392	n09675
n03392	n09676
n03392	n09677
n03393	n05764
n03393	n09907
n03394	n06730
n03394	n06850
n03394	n08831
n03394	n09679
n03395	n02149
n03395	n07338
n03395	n08829
n03395	n09673
n03395	n09926
n03396	n06347
n03396	n06869
n03396	n09982
n03397	n01599
n03397	n05781
n03397	n07881
n03397	n09757
n03398	n04565
n03398	n05343
n03398	n10060
n03399	n03213
n03399	n05075
n03399	n07181
n03399	n07943
n03399	n10253
n03400	n01412
n03400	n05413
n03400	n05738
n03401	n06630
n03401	n10210
n03402	n05064
n03402	n05196
n03402	n07557
n03402	n08485
n03402	n10223
n03403	n01718
n03403	n09673
n03404	n10358
n03405	n05989
n03405	n07544
n03405	n09404
n03405	n10210
n03406	n00994
n03407	n05671
n03407	n06921
n03407	n09292
n03407	n10062
n03408	n02421
n03408	n10330
n03409	n02042
n03409	n04905
n03410	n02532
n03410	n06834
n03410	n07074
n03411	n01857
n03411	n07400
n03412	n03450
n03412	n04727
n03412	n07894
n03412	n09338
n03412	n10521
n03413	n04100
n03413	n08415
n03413	n10175
n03413	n10372
n03414	n01309
n03414	n04729
n03414	n04799
n03414	n04902
n03414	n08640
n03415	n07106
n03415	n09370
n03416	n02333
n03416	n07529
n03416	n10584
n03417	n02925
n03417	n04412
n03417	n08214
n03417	n08637
n03417	n09239
n03418	n07239
n03418	n07742
n03418	n09215
n03419	n02806
n03419	n07031
n03419	n09676
n03419	n09677
n03420	n03313
n03420	n06590
n03421	n05251
n03422	n06894
n03422	n10527
n03423	n04037
n03423	n08245
n03424	n08349
n03425	n04889
n03425	n06969
n03425	n07001
n03425	n07514
n03425	n09191
n03425	n10341
n03426	n05951
n03426	n08140
n03426	n08750
n03426	n09255
n03426	n09813
n03427	n00026
n03428	n01801
n03428	n10183
n03429	n01356
n03429	n03708
n03430	n03515
n03430	n05728
n03431	n04494
n03431	n08250
n03432	n01344
n03432	n04053
n03432	n04565
n03432	n05343
n03432	n08245
n03433	n02149
n03433	n04053
n03433	n04173
n03433	n04565
n03433	n05723
n03433	n06485
n03433	n07028
n03433	n07339
n03433	n08246
n03433	n08828
n03433	n08830
n03433	n09674
n03433	n09675
n03433	n09676
n03434	n01654
n03435	n04703
n03435	n06072
n03436	n05592
n03436	n05897
n03436	n08934
n03437	n01515
n03438	n02133
n03438	n07037
n03439	n04337
n03439	n09680
n03439	n09855
n03440	n08376
n03441	n08341
n03442	n05482
n03442	n07067
n03443	n06817
n03443	n07087
n03443	n09830
n03444	n02915
n03444	n05585
n03445	n03290
n03445	n04512
n03445	n05929
n03446	n05464
n03446	n07338
n03447	n05385
n03447	n06738
n03447	n07429
n03448	n01326
n03448	n05932
n03449	n03625
n03449	n07910
n03449	n07970
n03450	n02526
n03450	n04579
n03450	n05495
n03450	n06567
n03450	n07043
n03451	n06589
n03452	n04186
n03452	n07753
n03452	n09674
n03452	n09675
n03453	n03632
n03453	n07958
n03453	n08574
n03454	n03258
n03454	n10294
n03455	n09135
n03455	n09177
n03455	n09673
n03455	n09677
n03456	n04594
n03456	n04972
n03456	n08388
n03457	n01547
n03457	n02591
n03457	n09002
n03458	n02391
n03458	n06386
n03459	n05640
n03459	n05758
n03460	n01239
n03460	n04880
n03460	n06161
n03461	n10332
n03462	n01043
n03463	n10412
n03464	n04020
n03464	n06010
n03465	n06415
n03465	n07408
n03465	n08566
n03465	n10613
n03466	n05649
n03466	n07506
n03466	n08829
n03466	n09150
n03466	n09189
n03466	n09751
n03466	n10121
n03467	n05679
n03467	n09320
n03467	n09471
n03468	n02455
n03468	n03113
n03468	n07651
n03468	n10425
n03469	n04107
n03469	n04553
n03469	n05723
n03469	n06192
n03469	n10501
n03470	n04829
n03470	n06247
n03470	n06721
n03470	n10612
n03471	n07587
n03471	n08699
n03472	n04322
n03472	n05112
n03472	n09677
n03473	n08831
n03473	n10558
n03474	n02351
n03474	n05200
n03474	n06257
n03474	n07485
n03475	n01601
n03475	n03959
n03475	n04519
n03476	n02656
n03476	n05356
n03476	n07355
n03477	n02444
n03478	n01356
n03478	n03708
n03479	n00780
n03479	n03566
n03479	n07053
n03480	n02709
n03480	n07338
n03480	n07768
n03480	n09863
n03481	n06860
n03482	n03440
n03483	n02149
n03483	n05908
n03483	n06321
n03484	n02106
n03484	n04341
n03485	n03179
n03486	n01800
n03486	n01867
n03486	n07343
n03486	n09679
n03487	n00633
n03487	n04714
n03488	n04712
n03488	n09151
n03489	n01109
n03490	n05589
n03490	n06819
n03490	n08489
n03491	n01042
n03491	n06188
n03492	n00004
n03493	n04173
n03493	n08072
n03493	n10067
n03494	n03674
n03494	n05596
n03495	n01685
n03495	n04349
n03495	n07952
n03496	n01239
n03497	n05305
n03498	n04463
n03498	n08963
n03498	n09830
n03498	n09935
n03499	n05988
n03499	n06633
n03499	n07143
n03499	n09041
n03499	n10518
n03500	n05963
n03500	n06730
n03500	n07925
n03500	n09673
n03501	n05311
n03501	n06854
n03501	n07142
n03501	n07234
n03502	n03078
n03502	n04825
n03502	n06234
n03502	n09216
n03503	n02456
n03504	n04162
n03504	n04802
n03504	n06395
n03504	n09116
n03505	n04988
n03505	n06372
n03506	n02535
n03506	n07529
n03506	n08429
n03507	n05547
n03507	n05779
n03507	n07604
n03508	n04922
n03508	n08119
n03508	n10581
n03509	n04173
n03509	n07752
n03509	n08246
n03509	n09675
n03510	n02981
n03510	n05440
n03510	n06443
n03510	n08818
n03511	n04830
n03511	n08436
n03511	n10743
n03512	n01442
n03512	n05546
n03513	n01521
n03513	n01638
n03514	n00025
n03515	n04268
n03516	n04270
n03516	n08245
n03517	n01565
n03517	n09686
n03518	n09685
n03519	n06050
n03519	n06268
n03520	n05257
n03520	n05877
n03520	n09709
n03521	n03382
n03522	n01892
n03523	n06503
n03523	n08248
n03523	n08260
n03524	n05343
n03524	n05901
n03525	n01844
n03525	n03877
n03525	n05128
n03526	n02214
n03526	n08831
n03526	n09678
n03526	n09680
n03527	n04781
n03527	n04942
n03528	n00190
n03529	n05877
n03529	n09686
n03529	n09699
n03530	n02284
n03530	n06836
n03530	n10100
n03531	n05372
n03531	n05608
n03531	n07775
n03532	n05481
n03532	n05616
n03532	n08366
n03532	n08948
n03532	n09005
n03532	n09908
n03533	n04787
n03534	n06512
n03534	n07092
n03534	n08274
n03535	n04647
n03535	n09679
n03535	n09798
n03536	n05156
n03536	n05929
n03537	n01848
n03538	n02149
n03538	n07338
n03538	n08245
n03538	n08829
n03539	n04064
n03539	n09138
n03540	n06886
n03541	n01030
n03542	n06584
n03542	n07454
n03543	n01987
n03543	n08378
n03544	n04869
n03544	n07966
n03545	n08511
n03546	n04590
n03547	n02149
n03547	n04173
n03547	n07338
n03547	n08245
n03547	n08829
n03547	n09673
n03547	n09677
n03548	n04800
n03548	n07155
n03548	n09080
n03549	n05637
n03549	n07339
n03549	n09676
n03550	n06900
n03550	n09121
n03550	n09723
n03550	n10151
n03550	n10459
n03551	n03847
n03551	n04464
n03551	n09313
n03552	n04603
n03552	n07017
n03553	n02289
n03553	n09257
n03554	n03341
n03554	n07620
n03554	n09205
n03554	n09265
n03554	n10456
n03555	n04602
n03555	n05429
n03555	n06176
n03555	n10498
n03556	n06431
n03557	n03841
n03557	n05530
n03557	n06433
n03557	n06670
n03558	n07620
n03558	n10279
n03558	n10539
n03559	n01522
n03559	n04616
n03560	n06129
n03560	n06928
n03560	n07332
n03560	n07881
n03561	n09657
n03562	n03758
n03563	n02215
n03564	n04173
n03564	n05881
n03564	n09675
n03565	n04849
n03565	n08245
n03565	n08273
n03565	n08829
n03566	n03708
n03566	n03820
n03566	n06738
n03566	n07792
n03567	n04498
n03567	n07769
n03568	n04704
n03569	n02852
n03570	n02522
n03571	n05151
n03571	n05571
n03572	n10038
n03573	n02149
n03573	n04053
n03573	n04173
n03573	n04565
n03573	n05723
n03573	n06485
n03573	n07028
n03573	n07339
n03573	n07752
n03573	n08246
n03573	n08247
n03573	n08828
n03573	n08830
n03573	n09674
n03573	n09675
n03573	n09676
n03574	n03343
n03574	n04068
n03574	n05595
n03574	n06304
n03575	n04706
n03575	n09783
n03576	n02711
n03576	n08339
n03577	n06553
n03577	n07042
n03577	n07362
n03577	n08246
n03578	n02786
n03578	n04652
n03579	n03531
n03579	n04341
n03579	n09927
n03580	n04868
n03581	n05182
n03581	n07191
n03581	n07510
n03582	n07511
n03583	n05770
n03583	n07150
n03583	n08515
n03584	n06850
n03584	n08579
n03585	n04726
n03585	n06369
n03585	n10019
n03586	n05973
n03587	n05343
n03587	n05723
n03587	n07339
n03587	n08506
n03587	n08830
n03587	n10001
n03588	n02656
n03589	n08838
n03589	n08851
n03590	n01381
n03591	n06292
n03591	n07100
n03591	n08541
n03591	n08878
n03591	n09955
n03592	n04794
n03592	n08610
n03592	n09158
n03593	n03524
n03593	n03960
n03594	n04468
n03594	n06597
n03594	n07324
n03595	n04660
n03595	n08225
n03596	n07244
n03596	n10427
n03597	n05419
n03597	n06993
n03598	n08124
n03598	n09310
n03598	n10074
n03599	n02347
n03599	n08484
n03599	n10372
n03600	n04108
n03600	n04895
n03600	n05857
n03601	n04555
n03601	n10329
n03602	n03906
n03602	n09423
n03603	n02229
n03603	n09465
n03604	n05323
n03604	n08149
n03605	n03638
n03605	n08711
n03605	n09521
n03605	n10511
n03606	n03275
n03606	n07812
n03606	n10347
n03607	n00688
n03607	n03023
n03608	n04984
n03608	n08110
n03608	n08583
n03609	n00518
n03609	n10668
n03610	n00995
n03611	n00031
n03612	n01533
n03612	n07155
n03612	n09901
n03613	n01733
n03613	n04211
n03613	n07007
n03614	n00666
n03615	n02181
n03615	n05263
n03615	n07780
n03615	n08576
n03615	n09432
n03617	n05025
n03617	n06489
n03618	n03252
n03618	n07350
n03619	n05353
n03620	n04061
n03620	n05347
n03620	n08880
n03621	n03387
n03621	n05262
n03622	n03063
n03623	n05477
n03623	n06494
n03624	n08924
n03624	n09675
n03624	n09754
n03625	n04940
n03625	n05353
n03625	n07886
n03626	n01083
n03626	n07361
n03626	n08261
n03626	n08895
n03627	n08858
n03628	n09065
n03629	n05152
n03629	n06730
n03629	n08831
n03629	n09678
n03630	n03441
n03630	n04646
n03631	n04330
n03631	n05139
n03632	n06578
n03633	n01125
n03633	n07456
n03633	n09862
n03634	n01347
n03634	n04268
n03635	n05786
n03636	n01239
n03637	n03148
n03637	n06565
n03637	n07518
n03637	n09851
n03637	n10007
n03638	n04669
n03639	n07028
n03639	n07376
n03639	n08828
n03639	n08829
n03639	n09673
n03639	n09675
n03639	n09676
n03640	n04305
n03641	n04238
n03641	n05723
n03641	n06090
n03641	n08464
n03641	n09697
n03641	n09763
n03642	n04148
n03642	n04356
n03642	n05283
n03642	n08295
n03643	n01094
n03643	n02522
n03643	n10241
n03644	n05303
n03645	n03939
n03645	n06437
n03645	n08961
n03645	n10419
n03646	n04309
n03646	n07511
n03647	n05654
n03647	n07614
n03648	n04530
n03648	n05668
n03649	n06155
n03649	n07619
n03649	n07912
n03650	n06615
n03650	n06730
n03651	n04156
n03651	n04244
n03651	n05115
n03652	n04094
n03652	n05503
n03652	n10181
n03653	n04818
n03653	n05235
n03653	n09109
n03653	n09462
n03654	n00841
n03654	n04319
n03655	n04989
n03655	n05250
n03655	n09615
n03656	n04762
n03656	n06244
n03656	n09363
n03657	n10258
n03658	n03322
n03658	n08669
n03658	n10550
n03659	n06366
n03659	n06890
n03659	n07051
n03660	n01893
n03660	n09132
n03661	n01471
n03661	n03106
n03662	n08609
n03663	n00000
n03664	n02149
n03664	n02656
n03664	n08829
n03665	n00516
n03666	n01019
n03667	n04182
n03668	n04228
n03668	n04283
n03669	n06791
n03670	n05290
n03670	n06303
n03670	n08307
n03670	n09989
n03671	n04071
n03672	n05274
n03672	n08246
n03673	n07422
n03674	n05476
n03674	n08911
n03674	n09016
n03675	n05753
n03676	n06291
n03676	n06844
n03676	n07908
n03677	n06571
n03677	n08452
n03678	n02858
n03678	n04447
n03679	n04381
n03679	n04776
n03679	n05617
n03679	n06070
n03679	n09826
n03680	n06559
n03681	n07176
n03681	n10131
n03682	n07520
n03682	n09674
n03683	n05064
n03683	n06585
n03684	n04459
n03684	n05957
n03684	n06162
n03685	n05976
n03685	n06818
n03686	n01060
n03686	n03483
n03686	n07971
n03687	n06608
n03688	n04019
n03688	n04406
n03688	n07981
n03689	n07188
n03689	n08055
n03689	n09677
n03690	n04471
n03690	n05084
n03691	n04889
n03691	n09191
n03691	n09997
n03692	n01113
n03692	n02924
n03692	n04079
n03693	n08151
n03693	n08719
n03694	n04823
n03694	n06619
n03694	n09437
n03695	n04168
n03695	n06536
n03695	n08412
n03695	n09457
n03696	n06667
n03696	n08573
n03696	n09476
n03697	n04316
n03697	n05343
n03697	n06605
n03698	n01872
n03698	n05317
n03698	n08094
n03698	n09483
n03699	n04545
n03700	n02865
n03700	n05841
n03700	n07093
n03700	n10650
n03701	n06995
n03701	n08050
n03701	n08738
n03702	n06342
n03702	n07958
n03702	n10101
n03702	n10559
n03703	n05704
n03703	n09621
n03703	n10701
n03705	n03449
n03705	n04742
n03706	n04688
n03706	n05673
n03706	n05715
n03706	n06709
n03706	n06949
n03706	n10462
n03707	n01295
n03707	n02179
n03707	n05400
n03709	n02149
n03709	n04173
n03709	n04565
n03709	n05723
n03709	n06485
n03709	n07028
n03709	n07339
n03709	n08246
n03709	n08247
n03709	n08828
n03709	n08830
n03709	n09677
n03710	n05872
n03710	n06490
n03711	n02174
n03712	n02954
n03713	n07764
n03713	n09682
n03714	n02997
n03715	n03995
n03715	n08837
n03716	n01189
n03716	n01544
n03716	n02135
n03716	n02656
n03716	n07029
n03716	n09673
n03717	n03345
n03718	n02103
n03719	n01986
n03719	n05347
n03719	n06731
n03719	n08259
n03720	n03825
n03720	n05154
n03720	n09726
n03721	n03521
n03721	n05267
n03721	n06535
n03722	n02372
n03722	n03623
n03722	n07063
n03722	n09995
n03723	n08481
n03723	n10010
n03724	n06528
n03724	n10027
n03725	n02216
n03725	n07180
n03725	n07517
n03725	n10203
n03726	n02755
n03726	n03527
n03726	n05508
n03726	n07120
n03727	n03258
n03727	n09235
n03727	n10109
n03728	n04741
n03728	n05974
n03729	n05506
n03729	n09275
n03730	n00664
n03731	n04526
n03731	n07779
n03731	n08406
n03731	n08828
n03731	n09679
n03731	n09680
n03732	n06518
n03732	n07224
n03732	n09079
n03733	n05426
n03733	n08531
n03733	n09012
n03734	n05107
n03734	n10368
n03735	n02029
n03735	n06647
n03735	n08553
n03736	n04085
n03736	n10511
n03737	n04751
n03737	n07152
n03737	n10465
n03738	n01073
n03738	n06402
n03738	n07283
n03739	n05643
n03739	n10549
n03740	n05532
n03740	n07179
n03740	n08334
n03740	n09258
n03740	n10441
n03741	n05449
n03741	n05847
n03741	n08543
n03742	n05080
n03742	n10586
n03743	n02671
n03743	n04216
n03743	n08057
n03743	n09316
n03744	n04257
n03744	n05836
n03744	n06031
n03744	n09405
n03745	n06249
n03745	n06709
n03745	n09672
n03746	n02149
n03746	n04053
n03746	n04173
n03746	n04565
n03746	n07339
n03746	n09504
n03746	n09676
n03746	n09680
n03747	n05672
n03747	n09275
n03747	n09813
n03748	n06254
n03748	n10481
n03749	n01175
n03750	n00902
n03751	n00316
n03751	n07932
n03752	n00929
n03752	n08070
n03752	n08829
n03753	n08211
n03754	n04169
n03754	n05308
n03754	n06241
n03754	n09262
n03755	n08460
n03757	n02149
n03757	n04053
n03757	n04173
n03757	n04565
n03757	n05343
n03757	n05723
n03757	n06485
n03757	n07028
n03757	n07338
n03757	n07339
n03757	n08245
n03757	n08246
n03757	n08828
n03757	n08829
n03757	n08830
n03757	n09673
n03757	n09674
n03757	n09675
n03757	n09676
n03758	n04055
n03758	n08247
n03759	n05725
n03759	n07338
n03759	n09673
n03760	n04437
n03761	n00002
n03762	n07371
n03763	n08300
n03764	n01324
n03765	n07789
n03765	n09693
n03766	n01448
n03766	n05570
n03767	n04771
n03767	n06081
n03767	n06510
n03768	n04329
n03768	n05020
n03768	n09885
n03769	n04860
n03770	n06784
n03770	n08829
n03771	n04176
n03771	n08303
n03771	n08842
n03772	n09947
n03773	n04225
n03773	n06113
n03773	n08324
n03773	n09085
n03773	n10048
n03774	n01126
n03775	n05766
n03775	n07930
n03775	n09679
n03776	n07131
n03777	n07928
n03778	n02560
n03779	n05384
n03779	n06754
n03779	n10242
n03780	n00001
n03780	n00096
n03780	n00444
n03781	n05631
n03781	n06330
n03781	n07073
n03781	n09318
n03782	n02039
n03782	n02663
n03782	n03515
n03782	n09699
n03783	n06618
n03783	n10570
n03784	n03898
n03784	n09296
n03784	n10162
n03785	n04288
n03785	n04789
n03785	n05795
n03785	n06370
n03786	n01687
n03786	n02416
n03786	n07476
n03787	n04589
n03787	n05969
n03787	n10490
n03788	n09726
n03788	n10186
n03789	n03100
n03789	n07536
n03789	n09676
n03790	n03534
n03790	n07177
n03790	n09674
n03791	n09197
n03791	n09673
n03792	n05413
n03793	n06558
n03793	n10486
n03794	n05662
n03794	n09272
n03795	n04302
n03795	n06859
n03795	n06887
n03796	n01674
n03797	n05271
n03797	n08838
n03797	n10432
n03798	n03048
n03798	n05199
n03798	n07442
n03799	n05099
n03799	n06663
n03800	n07581
n03800	n09162
n03801	n01191
n03801	n07258
n03801	n07727
n03801	n08714
n03802	n00447
n03803	n01924
n03803	n04817
n03804	n02395
n03805	n06654
n03806	n07588
n03807	n01922
n03807	n08116
n03807	n09433
n03808	n06109
n03808	n09299
n03808	n09310
n03808	n09895
n03808	n10074
n03808	n10601
n03809	n01309
n03809	n02564
n03809	n07318
n03810	n06803
n03810	n08060
n03810	n08247
n03810	n09082
n03810	n09410
n03810	n09680
n03811	n02425
n03812	n01453
n03812	n08626
n03813	n01734
n03813	n02476
n03814	n00521
n03815	n02656
n03815	n04173
n03815	n04768
n03815	n06485
n03815	n07341
n03815	n08246
n03815	n08828
n03816	n01356
n03816	n03708
n03817	n07033
n03818	n04927
n03819	n01984
n03819	n08261
n03820	n01356
n03821	n02909
n03821	n07342
n03821	n09693
n03822	n09720
n03823	n08838
n03823	n09824
n03824	n03146
n03824	n07028
n03824	n08828
n03824	n08829
n03824	n09675
n03825	n05134
n03826	n01844
n03826	n06088
n03826	n07783
n03827	n03764
n03828	n02821
n03829	n03523
n03829	n07073
n03829	n08290
n03830	n02136
n03830	n05039
n03831	n00517
n03831	n01165
n03831	n01224
n03831	n02412
n03832	n02310
n03832	n09678
n03833	n04860
n03833	n09010
n03834	n03667
n03835	n01715
n03835	n05603
n03835	n06806
n03835	n07906
n03835	n08371
n03835	n08392
n03835	n09933
n03836	n08975
n03837	n01967
n03837	n03140
n03838	n08480
n03839	n01256
n03839	n04072
n03840	n05500
n03840	n07404
n03841	n06803
n03841	n08247
n03841	n09680
n03842	n07817
n03842	n09095
n03843	n05280
n03844	n03352
n03845	n04859
n03846	n05958
n03846	n06871
n03847	n04011
n03847	n06151
n03848	n08003
n03848	n10215
n03849	n01095
n03849	n06621
n03850	n02194
n03851	n01634
n03852	n02149
n03852	n04053
n03852	n04173
n03852	n04565
n03852	n05343
n03852	n05723
n03852	n06485
n03852	n07028
n03852	n07339
n03852	n07340
n03852	n08245
n03852	n08246
n03852	n08828
n03852	n08830
n03852	n09673
n03852	n09674
n03852	n09675
n03852	n09676
n03852	n09677
n03853	n05757
n03854	n05216
n03854	n07184
n03855	n03304
n03855	n03630
n03855	n05418
n03855	n08829
n03856	n01249
n03856	n01588
n03857	n04740
n03857	n05513
n03858	n09028
n03858	n09096
n03858	n09286
n03859	n02390
n03859	n06857
n03859	n07915
n03859	n09053
n03860	n05923
n03860	n06683
n03861	n06947
n03861	n10394
n03862	n07683
n03863	n05065
n03863	n06651
n03863	n08666
n03863	n10586
n03864	n01549
n03864	n08387
n03864	n10784
n03865	n02656
n03866	n00015
n03866	n02672
n03867	n04408
n03867	n09500
n03867	n10648
n03868	n05952
n03868	n06615
n03868	n10306
n03868	n10756
n03869	n01464
n03869	n06706
n03870	n06238
n03870	n09681
n03871	n05192
n03871	n05993
n03872	n04749
n03872	n05006
n03873	n07324
n03873	n07710
n03874	n06039
n03874	n07286
n03875	n00011
n03875	n07461
n03875	n09942
n03876	n09612
n03877	n04327
n03878	n02149
n03878	n04053
n03878	n04173
n03878	n04565
n03878	n05343
n03878	n05723
n03878	n06485
n03878	n07028
n03878	n07338
n03878	n07339
n03878	n07340
n03878	n08245
n03878	n08828
n03878	n08829
n03878	n08830
n03878	n09673
n03878	n09675
n03878	n09677
n03879	n05575
n03880	n05349
n03881	n01531
n03881	n04702
n03882	n01282
n03882	n05731
n03883	n07378
n03884	n07403
n03885	n02056
n03886	n03040
n03886	n05030
n03886	n09674
n03887	n02106
n03888	n05356
n03888	n07381
n03889	n01546
n03890	n05048
n03891	n02656
n03891	n04642
n03892	n03295
n03892	n08336
n03892	n09673
n03893	n02855
n03894	n02408
n03894	n04768
n03894	n07028
n03894	n07341
n03894	n08831
n03895	n06117
n03895	n09071
n03895	n09673
n03896	n01821
n03897	n04597
n03897	n06286
n03897	n06821
n03897	n09924
n03897	n10006
n03897	n10148
n03898	n07095
n03899	n07474
n03900	n04435
n03900	n09825
n03900	n09935
n03901	n01988
n03901	n04069
n03901	n06522
n03902	n05389
n03902	n05756
n03902	n08854
n03903	n05495
n03903	n05750
n03904	n09246
n03905	n03952
n03905	n08246
n03905	n08828
n03905	n08875
n03905	n09748
n03906	n09317
n03907	n06180
n03907	n07396
n03907	n09852
n03908	n06773
n03908	n07788
n03909	n04698
n03909	n05872
n03909	n09680
n03909	n09690
n03910	n04157
n03910	n06522
n03911	n01629
n03912	n04295
n03912	n05423
n03912	n06308
n03912	n08475
n03913	n07514
n03913	n10340
n03913	n10431
n03914	n01437
n03914	n03668
n03914	n05935
n03914	n07855
n03915	n04961
n03916	n04606
n03917	n06158
n03917	n10464
n03918	n03261
n03918	n10161
n03919	n05826
n03919	n06632
n03919	n06941
n03919	n07528
n03920	n08588
n03920	n09368
n03921	n05649
n03921	n07506
n03921	n09305
n03921	n09751
n03922	n04156
n03922	n08082
n03923	n02533
n03924	n04979
n03924	n08523
n03925	n03569
n03925	n06945
n03925	n10229
n03926	n08626
n03927	n06988
n03927	n07631
n03928	n02179
n03928	n07646
n03929	n04960
n03929	n08829
n03929	n08893
n03929	n09467
n03930	n08444
n03930	n10602
n03931	n06259
n03932	n01649
n03932	n04213
n03932	n09450
n03932	n10499
n03932	n10596
n03933	n04265
n03933	n06703
n03933	n09331
n03933	n10626
n03934	n05842
n03934	n06683
n03934	n09361
n03935	n01267
n03935	n03489
n03935	n05314
n03935	n06701
n03936	n01125
n03937	n02930
n03938	n03757
n03938	n08254
n03939	n03380
n03940	n05883
n03941	n01668
n03941	n02961
n03942	n02408
n03942	n04054
n03942	n04768
n03942	n05457
n03942	n06730
n03942	n07028
n03942	n07341
n03942	n07752
n03942	n08247
n03942	n08831
n03942	n08832
n03942	n09678
n03942	n09679
n03942	n09680
n03943	n01798
n03944	n02176
n03944	n02624
n03944	n02710
n03944	n09795
n03945	n04387
n03946	n06771
n03946	n09769
n03947	n05906
n03947	n07411
n03948	n06056
n03948	n06489
n03948	n06740
n03948	n07756
n03949	n06319
n03950	n05485
n03951	n06543
n03952	n01166
n03953	n04582
n03953	n10088
n03954	n03346
n03954	n06109
n03954	n09895
n03955	n02149
n03955	n04053
n03955	n04173
n03955	n04565
n03955	n05343
n03955	n05723
n03955	n06485
n03955	n07028
n03955	n07339
n03955	n08245
n03955	n08246
n03955	n08830
n03955	n09673
n03955	n09674
n03955	n09675
n03955	n09676
n03955	n09677
n03955	n09680
n03956	n04286
n03956	n06730
n03956	n08362
n03956	n08405
n03956	n08840
n03956	n09678
n03957	n05039
n03958	n09243
n03959	n02713
n03959	n04327
n03959	n05128
n03960	n03143
n03960	n04294
n03960	n05901
n03961	n01356
n03962	n09354
n03963	n03675
n03963	n08990
n03964	n05655
n03965	n08594
n03965	n10032
n03965	n10053
n03966	n03296
n03966	n05782
n03967	n06891
n03967	n06913
n03967	n09251
n03968	n04013
n03968	n10343
n03969	n04586
n03969	n08609
n03969	n10439
n03970	n01205
n03970	n05949
n03970	n06155
n03971	n05098
n03971	n06516
n03971	n09228
n03971	n10311
n03972	n01551
n03972	n09732
n03973	n06803
n03973	n08037
n03974	n02973
n03974	n10189
n03975	n04889
n03976	n08661
n03977	n02656
n03977	n08246
n03977	n08828
n03978	n05418
n03978	n07122
n03978	n07532
n03978	n08009
n03978	n09233
n03979	n04236
n03979	n08301
n03979	n09916
n03979	n10415
n03980	n07215
n03980	n07274
n03980	n09146
n03981	n02011
n03981	n03837
n03981	n08059
n03981	n09227
n03982	n02149
n03982	n05723
n03982	n07338
n03982	n07339
n03982	n09673
n03982	n10410
n03983	n06582
n03983	n08246
n03983	n09482
n03984	n04917
n03984	n08798
n03985	n10464
n03985	n10571
n03986	n09338
n03986	n09542
n03987	n00903
n03988	n00997
n03989	n02565
n03990	n02656
n03990	n05725
n03991	n04130
n03991	n08828
n03992	n08833
n03992	n09692
n03992	n09710
n03993	n02491
n03994	n07048
n03995	n07370
n03996	n08328
n03997	n03430
n03997	n06267
n03997	n07368
n03997	n09766
n03998	n04575
n03998	n08245
n03999	n04499
n03999	n05892
n04000	n05147
n04000	n09673
n04001	n03567
n04002	n06773
n04002	n08932
n04003	n06299
n04004	n03388
n04005	n04003
n04005	n04053
n04006	n03567
n04006	n09678
n04007	n03063
n04007	n05465
n04007	n06085
n04008	n04865
n04009	n01485
n04009	n05386
n04009	n06334
n04009	n06525
n04010	n07903
n04010	n07921
n04011	n02751
n04012	n01344
n04012	n04565
n04013	n08022
n04014	n05282
n04014	n05490
n04015	n03305
n04015	n09072
n04016	n01460
n04017	n03010
n04018	n04649
n04018	n05287
n04018	n06354
n04019	n06529
n04019	n08875
n04019	n10070
n04020	n02220
n04021	n04454
n04021	n05610
n04021	n05631
n04022	n04656
n04023	n08440
n04024	n03533
n04024	n05899
n04024	n09676
n04025	n05297
n04025	n06179
n04025	n07381
n04025	n09046
n04026	n05173
n04026	n07429
n04027	n00194
n04028	n03211
n04028	n05131
n04028	n08374
n04028	n09167
n04029	n03778
n04029	n08999
n04029	n09164
n04030	n07838
n04030	n08829
n04030	n09673
n04030	n09677
n04031	n00009
n04032	n05343
n04032	n08037
n04033	n06635
n04033	n07121
n04034	n01412
n04035	n09303
n04036	n03578
n04036	n08024
n04037	n03353
n04037	n04413
n04038	n01260
n04039	n05536
n04039	n09265
n04040	n05429
n04040	n10498
n04041	n02156
n04041	n04471
n04041	n05723
n04041	n07339
n04041	n09525
n04042	n04053
n04042	n04565
n04042	n05343
n04042	n08245
n04043	n04671
n04043	n06814
n04044	n07754
n04044	n09553
n04044	n09681
n04045	n02408
n04045	n05436
n04045	n08152
n04046	n01649
n04046	n05108
n04046	n06719
n04046	n08337
n04046	n09238
n04047	n04481
n04047	n04483
n04047	n04768
n04047	n07338
n04047	n08831
n04048	n01331
n04048	n05667
n04048	n08783
n04049	n09678
n04050	n02289
n04051	n00006
n04052	n03017
n04052	n03897
n04052	n07664
n04052	n08061
n04052	n09652
n04054	n01889
n04055	n07028
n04055	n09676
n04056	n03250
n04056	n06491
n04057	n06739
n04058	n00898
n04058	n05462
n04058	n07358
n04059	n05021
n04059	n05459
n04060	n05468
n04060	n07786
n04060	n09727
n04061	n07822
n04062	n05343
n04062	n05894
n04062	n08246
n04062	n08829
n04062	n09673
n04062	n09676
n04062	n09677
n04063	n06287
n04064	n04222
n04065	n02494
n04066	n03386
n04067	n02244
n04067	n03714
n04067	n07409
n04068	n00001
n04068	n00096
n04068	n00444
n04069	n05025
n04069	n09684
n04069	n09734
n04070	n03042
n04070	n06730
n04070	n08831
n04070	n09678
n04071	n04388
n04071	n04941
n04072	n00926
n04072	n05582
n04072	n06488
n04072	n09722
n04073	n04785
n04074	n07427
n04074	n09859
n04075	n09937
n04076	n07868
n04077	n01599
n04078	n04630
n04078	n08268
n04079	n06099
n04079	n08346
n04080	n01344
n04080	n04053
n04080	n04565
n04080	n05343
n04080	n08245
n04081	n07938
n04082	n06804
n04082	n07339
n04082	n08322
n04082	n09676
n04083	n01547
n04084	n07126
n04084	n09863
n04085	n09061
n04086	n02415
n04087	n01972
n04087	n08334
n04088	n04399
n04088	n08486
n04088	n10169
n04089	n05377
n04089	n05948
n04090	n04301
n04090	n07972
n04090	n08526
n04090	n09924
n04091	n04515
n04091	n06157
n04092	n07752
n04092	n08465
n04093	n05388
n04093	n09674
n04093	n10003
n04094	n01645
n04094	n01768
n04094	n10280
n04095	n03666
n04096	n06540
n04096	n07191
n04097	n05516
n04097	n07340
n04097	n09676
n04098	n03676
n04098	n10348
n04099	n04153
n04099	n09165
n04100	n08621
n04101	n01144
n04102	n05383
n04102	n10316
n04103	n02327
n04103	n04595
n04104	n04735
n04104	n06203
n04104	n07939
n04105	n03832
n04105	n05968
n04105	n05985
n04106	n00099
n04106	n06730
n04106	n10433
n04107	n05822
n04107	n06139
n04107	n08031
n04108	n04297
n04108	n06310
n04108	n10207
n04109	n04610
n04109	n05735
n04109	n06839
n04109	n08586
n04109	n08867
n04110	n00448
n04110	n01802
n04110	n02881
n04110	n08385
n04111	n05529
n04111	n07341
n04111	n08832
n04111	n09819
n04112	n02597
n04112	n08148
n04112	n09758
n04113	n02503
n04113	n10295
n04114	n07268
n04115	n06215
n04116	n04053
n04116	n04315
n04116	n04565
n04116	n08861
n04116	n09674
n04117	n03780
n04117	n05533
n04117	n06009
n04118	n05319
n04118	n05814
n04118	n07599
n04118	n08494
n04118	n08797
n04119	n06960
n04119	n07189
n04119	n08222
n04119	n08524
n04119	n09454
n04119	n09947
n04119	n09960
n04120	n08005
n04121	n10287
n04121	n10490
n04122	n02668
n04123	n05306
n04123	n09736
n04123	n10364
n04123	n10775
n04124	n03912
n04124	n04608
n04124	n04838
n04124	n06639
n04124	n08704
n04125	n08434
n04125	n10718
n04126	n03483
n04126	n07495
n04126	n10251
n04127	n03687
n04127	n07016
n04128	n05146
n04128	n07264
n04128	n07594
n04128	n10022
n04128	n10541
n04130	n04173
n04130	n06485
n04130	n08246
n04131	n02408
n04131	n04054
n04131	n05254
n04131	n05456
n04131	n08247
n04131	n08250
n04131	n09679
n04132	n02149
n04132	n03339
n04133	n03380
n04133	n04326
n04134	n03516
n04135	n04931
n04136	n05257
n04136	n07785
n04136	n08308
n04137	n03253
n04138	n06068
n04139	n02851
n04139	n04385
n04139	n06069
n04140	n07832
n04140	n08286
n04141	n03996
n04142	n01893
n04143	n01714
n04143	n08897
n04144	n05343
n04144	n06520
n04144	n08831
n04144	n08856
n04144	n09674
n04145	n07076
n04145	n07340
n04146	n02709
n04146	n06277
n04146	n07338
n04147	n09013
n04148	n04278
n04149	n02964
n04149	n09674
n04150	n05381
n04151	n04335
n04151	n04864
n04151	n06085
n04152	n04572
n04152	n06535
n04152	n09051
n04153	n03220
n04153	n07481
n04154	n04074
n04154	n07455
n04154	n10113
n04155	n08410
n04155	n08947
n04155	n09840
n04156	n04069
n04157	n05266
n04157	n05494
n04158	n04526
n04158	n05399
n04158	n06100
n04158	n07829
n04158	n08406
n04158	n08828
n04158	n09067
n04158	n09820
n04158	n10243
n04159	n01824
n04159	n07120
n04160	n01241
n04160	n02970
n04160	n06111
n04160	n10179
n04161	n04460
n04161	n06152
n04162	n08518
n04163	n02796
n04163	n04793
n04164	n01344
n04164	n02149
n04164	n04053
n04164	n04565
n04164	n05343
n04164	n07338
n04164	n08245
n04164	n09676
n04165	n10230
n04166	n06587
n04166	n08072
n04167	n02716
n04167	n06550
n04168	n05082
n04168	n06859
n04168	n07508
n04169	n04015
n04169	n06377
n04170	n05978
n04170	n06356
n04170	n08968
n04170	n09300
n04171	n03070
n04171	n05981
n04171	n08097
n04171	n09408
n04172	n03105
n04172	n06370
n04172	n09364
n04174	n05459
n04174	n09689
n04175	n03133
n04175	n08831
n04176	n02002
n04176	n02657
n04176	n04846
n04176	n05872
n04177	n08293
n04178	n02953
n04178	n03170
n04179	n05895
n04180	n01408
n04180	n05136
n04181	n03296
n04181	n07339
n04181	n08829
n04181	n08830
n04182	n03764
n04183	n04778
n04184	n05905
n04184	n07338
n04184	n07340
n04184	n08245
n04184	n08828
n04184	n08829
n04184	n08830
n04184	n09674
n04184	n09675
n04184	n09676
n04184	n09677
n04185	n04289
n04185	n09673
n04186	n03522
n04187	n01918
n04187	n05729
n04187	n06752
n04188	n03136
n04188	n05269
n04188	n07064
n04188	n09794
n04189	n02286
n04189	n04338
n04190	n02023
n04191	n01008
n04192	n08407
n04192	n10052
n04193	n05278
n04193	n08971
n04194	n06842
n04195	n02794
n04195	n03307
n04196	n02794
n04197	n07946
n04197	n08396
n04197	n09159
n04198	n03576
n04198	n04137
n04198	n05744
n04198	n08844
n04199	n04053
n04199	n04565
n04199	n05175
n04199	n05343
n04199	n08245
n04200	n10249
n04200	n10504
n04201	n05388
n04201	n09675
n04201	n10056
n04202	n06282
n04202	n06873
n04202	n09703
n04203	n01327
n04203	n08575
n04204	n02149
n04204	n04053
n04204	n04173
n04204	n04565
n04204	n05343
n04204	n05723
n04204	n06485
n04204	n07028
n04204	n07338
n04204	n07339
n04204	n07340
n04204	n08245
n04204	n08246
n04204	n08828
n04204	n08829
n04204	n08830
n04204	n09674
n04204	n09675
n04204	n09676
n04204	n09677
n04205	n03667
n04205	n07873
n04206	n08019
n04206	n09674
n04206	n09676
n04207	n01823
n04207	n02666
n04208	n05194
n04208	n06498
n04209	n02149
n04209	n04053
n04209	n04173
n04209	n04565
n04209	n05343
n04209	n05723
n04209	n06485
n04209	n07028
n04209	n07338
n04209	n07339
n04209	n07340
n04209	n08245
n04209	n08246
n04209	n08828
n04209	n08829
n04209	n08830
n04209	n09674
n04209	n09675
n04209	n09676
n04209	n09677
n04210	n07754
n04211	n03445
n04211	n05659
n04212	n04718
n04212	n05992
n04213	n04408
n04214	n07640
n04215	n03002
n04215	n04143
n04215	n06911
n04215	n07148
n04215	n09386
n04215	n09889
n04216	n04240
n04216	n07752
n04216	n09001
n04216	n09678
n04216	n09679
n04217	n04885
n04217	n09339
n04218	n09396
n04218	n10256
n04219	n04324
n04219	n09680
n04220	n08847
n04221	n02408
n04221	n04173
n04221	n04768
n04221	n07752
n04221	n08246
n04221	n08831
n04222	n07373
n04222	n08246
n04223	n05252
n04223	n06497
n04224	n04436
n04225	n03173
n04225	n04770
n04226	n01682
n04226	n04273
n04226	n04572
n04226	n04929
n04227	n06503
n04227	n07356
n04227	n08248
n04227	n08260
n04228	n05587
n04229	n06512
n04229	n07086
n04229	n08274
n04230	n02408
n04230	n04768
n04230	n08831
n04231	n00840
n04232	n02408
n04232	n04054
n04232	n04768
n04232	n06730
n04232	n07028
n04232	n07752
n04232	n08247
n04232	n08831
n04232	n09678
n04232	n09679
n04232	n09680
n04233	n00572
n04234	n10039
n04235	n05482
n04236	n05464
n04236	n07907
n04236	n08828
n04236	n08919
n04237	n05165
n04237	n08833
n04238	n05051
n04239	n07347
n04240	n03067
n04240	n06561
n04240	n07067
n04241	n04440
n04242	n06730
n04242	n08246
n04242	n08247
n04242	n08831
n04242	n09678
n04242	n10122
n04243	n01472
n04244	n09607
n04245	n02325
n04245	n05945
n04246	n04664
n04247	n03068
n04248	n05548
n04248	n10168
n04249	n03347
n04250	n04868
n04251	n01853
n04251	n04465
n04251	n04596
n04251	n07929
n04251	n08403
n04251	n08420
n04251	n10269
n04252	n04963
n04252	n09700
n04253	n02866
n04254	n05775
n04254	n08830
n04255	n04959
n04255	n09038
n04255	n09184
n04256	n04239
n04257	n02152
n04257	n03997
n04257	n05019
n04257	n06739
n04257	n09768
n04257	n09900
n04258	n03836
n04258	n08575
n04259	n09032
n04259	n09858
n04259	n10116
n04259	n10316
n04260	n01050
n04260	n05664
n04260	n06427
n04260	n07981
n04260	n08010
n04261	n07422
n04261	n10522
n04262	n07572
n04263	n04100
n04263	n10367
n04264	n07607
n04265	n07577
n04266	n03494
n04266	n04666
n04266	n08094
n04267	n04798
n04267	n06295
n04267	n07493
n04267	n07856
n04267	n09750
n04268	n00139
n04269	n02408
n04269	n04054
n04269	n04768
n04269	n05457
n04269	n06730
n04269	n07028
n04269	n07341
n04269	n07752
n04269	n08247
n04269	n08831
n04269	n08832
n04269	n09678
n04269	n09679
n04269	n09680
n04270	n01344
n04270	n04053
n04270	n04565
n04270	n05343
n04270	n09683
n04271	n01344
n04271	n04053
n04271	n04565
n04271	n05343
n04271	n08245
n04272	n04571
n04273	n00514
n04273	n05723
n04273	n09674
n04274	n08287
n04275	n09818
n04276	n07826
n04276	n08869
n04277	n04223
n04277	n08291
n04277	n08907
n04278	n05358
n04279	n01356
n04280	n04053
n04280	n04138
n04280	n05035
n04280	n06058
n04280	n08828
n04281	n02584
n04281	n05741
n04281	n08842
n04281	n09777
n04282	n01966
n04282	n03094
n04282	n04062
n04282	n07389
n04283	n05587
n04283	n08323
n04284	n02149
n04284	n05908
n04285	n05358
n04285	n08278
n04286	n07338
n04286	n07752
n04286	n09837
n04287	n00780
n04287	n03566
n04288	n02750
n04288	n02912
n04288	n03526
n04288	n06104
n04289	n04577
n04290	n04863
n04291	n01091
n04291	n02553
n04291	n05578
n04291	n07037
n04292	n04510
n04293	n06279
n04293	n09889
n04294	n04063
n04294	n05739
n04294	n06544
n04295	n04947
n04295	n10080
n04296	n06823
n04297	n04324
n04297	n05928
n04297	n09693
n04298	n07127
n04300	n01752
n04300	n07903
n04301	n02149
n04301	n02656
n04301	n07338
n04301	n08245
n04301	n08829
n04301	n09673
n04302	n08412
n04302	n09127
n04303	n04715
n04304	n05390
n04304	n10275
n04305	n03003
n04305	n07436
n04305	n07915
n04305	n08247
n04305	n08831
n04305	n08901
n04305	n09678
n04305	n10362
n04306	n08550
n04307	n05052
n04307	n06542
n04308	n04739
n04308	n07854
n04309	n05944
n04310	n03667
n04310	n05945
n04310	n08434
n04311	n04238
n04311	n09084
n04312	n01768
n04312	n07386
n04312	n09755
n04313	n06919
n04314	n04870
n04314	n09063
n04314	n09893
n04315	n09751
n04315	n10121
n04316	n09174
n04316	n09675
n04317	n05496
n04317	n07138
n04317	n09003
n04317	n09949
n04318	n05934
n04319	n09374
n04320	n04193
n04320	n05307
n04321	n00104
n04322	n02656
n04322	n07559
n04323	n03833
n04323	n04550
n04323	n10566
n04324	n02408
n04324	n04054
n04324	n04768
n04324	n05457
n04324	n06730
n04324	n07028
n04324	n07341
n04324	n07752
n04324	n08247
n04324	n08831
n04324	n08832
n04324	n09678
n04324	n09679
n04325	n06264
n04325	n09679
n04326	n03815
n04327	n01356
n04327	n03708
n04328	n04053
n04328	n04173
n04328	n04565
n04328	n05343
n04328	n07338
n04328	n07339
n04328	n08246
n04328	n08830
n04328	n09676
n04329	n07055
n04330	n06280
n04330	n07046
n04330	n07753
n04331	n03821
n04331	n05574
n04331	n08833
n04331	n09692
n04332	n04700
n04332	n04768
n04332	n05723
n04332	n06485
n04332	n07339
n04332	n07341
n04332	n08828
n04332	n08830
n04332	n08831
n04332	n09676
n04332	n09677
n04332	n09756
n04333	n02656
n04333	n04173
n04333	n06730
n04333	n09679
n04334	n05742
n04335	n03253
n04335	n05581
n04336	n07387
n04336	n08250
n04337	n05366
n04338	n04701
n04338	n08890
n04338	n09681
n04339	n06092
n04339	n08829
n04340	n02584
n04340	n05741
n04340	n08842
n04340	n09777
n04341	n05363
n04342	n06748
n04342	n09881
n04343	n06788
n04344	n08327
n04345	n03438
n04345	n06787
n04345	n09999
n04346	n03135
n04346	n08999
n04347	n00003
n04348	n03174
n04348	n05163
n04348	n09785
n04349	n04392
n04350	n02138
n04350	n08844
n04351	n02495
n04351	n05762
n04351	n08384
n04352	n06797
n04353	n01569
n04354	n03622
n04354	n04007
n04354	n04151
n04355	n08399
n04355	n09025
n04355	n09058
n04355	n09059
n04355	n09761
n04355	n09827
n04356	n09986
n04356	n10314
n04357	n02345
n04357	n07839
n04357	n09673
n04358	n03000
n04358	n07386
n04358	n09755
n04359	n08448
n04359	n10034
n04360	n02659
n04360	n07125
n04360	n08946
n04360	n09968
n04361	n03261
n04362	n02079
n04362	n02714
n04363	n02181
n04363	n09825
n04364	n08016
n04364	n10129
n04365	n08094
n04366	n03895
n04366	n09674
n04367	n02175
n04367	n06362
n04368	n05220
n04369	n04002
n04369	n07787
n04370	n01872
n04370	n04743
n04371	n01012
n04371	n03150
n04372	n09865
n04372	n10200
n04373	n05095
n04373	n08099
n04374	n04252
n04375	n00744
n04376	n00689
n04377	n01789
n04377	n01889
n04377	n10046
n04378	n05878
n04379	n04433
n04380	n06271
n04380	n06488
n04381	n04175
n04382	n04224
n04382	n05872
n04382	n09680
n04383	n08899
n04384	n05261
n04384	n09707
n04385	n01356
n04385	n03708
n04386	n06053
n04386	n07338
n04386	n09673
n04387	n02150
n04387	n06763
n04388	n02954
n04388	n05456
n04388	n08247
n04388	n09680
n04389	n02149
n04389	n08245
n04389	n08319
n04389	n08830
n04389	n09675
n04390	n02910
n04391	n03620
n04391	n08883
n04392	n06094
n04393	n04706
n04394	n03764
n04394	n06083
n04395	n04581
n04395	n05037
n04395	n06508
n04396	n05047
n04396	n09896
n04397	n00478
n04398	n05374
n04399	n06788
n04399	n08326
n04400	n02818
n04400	n05359
n04401	n03480
n04402	n04945
n04403	n02408
n04403	n04768
n04403	n06730
n04403	n07028
n04403	n07752
n04403	n08247
n04403	n08831
n04403	n09679
n04403	n09680
n04404	n04053
n04404	n05369
n04404	n08828
n04405	n02656
n04405	n10110
n04406	n06529
n04407	n03390
n04408	n10131
n04409	n04647
n04409	n04720
n04409	n06543
n04410	n07327
n04411	n01752
n04412	n05755
n04412	n06550
n04412	n08513
n04412	n09962
n04413	n01189
n04413	n01544
n04413	n02135
n04413	n04053
n04414	n05393
n04415	n04734
n04415	n10032
n04415	n10053
n04416	n06620
n04416	n08943
n04416	n09858
n04417	n09211
n04417	n10289
n04418	n07184
n04419	n02311
n04419	n04523
n04420	n10732
n04421	n04881
n04421	n07173
n04421	n08558
n04422	n05669
n04422	n08991
n04423	n02158
n04423	n04724
n04424	n06611
n04424	n09678
n04425	n08963
n04426	n05966
n04426	n07935
n04426	n10118
n04426	n10404
n04427	n06653
n04428	n04981
n04428	n10787
n04429	n05416
n04429	n07290
n04429	n07291
n04429	n07686
n04430	n09100
n04430	n09177
n04430	n09673
n04430	n10318
n04431	n04053
n04431	n04173
n04431	n04565
n04431	n05343
n04431	n07339
n04431	n08245
n04431	n08246
n04431	n08830
n04431	n09674
n04431	n09675
n04431	n09676
n04432	n04131
n04432	n09690
n04433	n06735
n04434	n02409
n04434	n05724
n04434	n07028
n04434	n08245
n04434	n09673
n04434	n09674
n04434	n09675
n04434	n09677
n04435	n09696
n04436	n04131
n04436	n09690
n04437	n03289
n04438	n03617
n04438	n09684
n04439	n07045
n04439	n07340
n04439	n08828
n04439	n09677
n04440	n06751
n04440	n07752
n04440	n08247
n04440	n09807
n04441	n03061
n04441	n03757
n04442	n02244
n04442	n03714
n04443	n04053
n04443	n05343
n04443	n05727
n04443	n08829
n04443	n09673
n04443	n09674
n04444	n01625
n04445	n03176
n04446	n01671
n04446	n08245
n04447	n02341
n04447	n04183
n04448	n00003
n04449	n02058
n04449	n07029
n04449	n09681
n04450	n05047
n04450	n08417
n04450	n09896
n04451	n08984
n04451	n09879
n04451	n09918
n04452	n04710
n04452	n04848
n04452	n09698
n04453	n05571
n04453	n09908
n04454	n07103
n04454	n08290
n04455	n04514
n04456	n01344
n04456	n04053
n04456	n04565
n04456	n05343
n04457	n09093
n04458	n05384
n04459	n01564
n04459	n09958
n04460	n02178
n04461	n02149
n04461	n02656
n04461	n04173
n04461	n07338
n04461	n08245
n04461	n08829
n04461	n09673
n04462	n04583
n04462	n04953
n04463	n04073
n04463	n05953
n04463	n06054
n04464	n04011
n04464	n06829
n04464	n09036
n04465	n04506
n04465	n07338
n04466	n04717
n04467	n00610
n04467	n01686
n04468	n01613
n04468	n02916
n04468	n03831
n04469	n03440
n04469	n05189
n04469	n10112
n04470	n05966
n04470	n09701
n04470	n10029
n04471	n01041
n04471	n09937
n04472	n02025
n04472	n10187
n04473	n06795
n04473	n07811
n04473	n08531
n04474	n02408
n04474	n08385
n04474	n08831
n04475	n05187
n04476	n06167
n04476	n06168
n04476	n08976
n04476	n10084
n04477	n02799
n04477	n08245
n04478	n03635
n04479	n06292
n04479	n08878
n04479	n09351
n04480	n02149
n04480	n04053
n04480	n04173
n04480	n04565
n04480	n05343
n04480	n05723
n04480	n06485
n04480	n07028
n04480	n07338
n04480	n07340
n04480	n08245
n04480	n08246
n04480	n08828
n04480	n08829
n04480	n08830
n04480	n09673
n04480	n09674
n04480	n09675
n04480	n09676
n04480	n09677
n04481	n08630
n04481	n09673
n04482	n06627
n04482	n08605
n04483	n08630
n04483	n09400
n04483	n10092
n04484	n00727
n04484	n08033
n04484	n09270
n04485	n04082
n04485	n06800
n04485	n06873
n04485	n09372
n04485	n10326
n04486	n02520
n04486	n05128
n04487	n08843
n04488	n05024
n04489	n04771
n04490	n07765
n04490	n09679
n04491	n04846
n04491	n08831
n04491	n09678
n04492	n05576
n04493	n02851
n04494	n05577
n04494	n08858
n04495	n03817
n04495	n05343
n04495	n05723
n04495	n06273
n04495	n09676
n04496	n02149
n04496	n04053
n04496	n04173
n04496	n04565
n04496	n05343
n04496	n05723
n04496	n06485
n04496	n07028
n04496	n07338
n04496	n07339
n04496	n07340
n04496	n08245
n04496	n08246
n04496	n08828
n04496	n08829
n04496	n08830
n04496	n09673
n04496	n09674
n04496	n09675
n04496	n09676
n04496	n09677
n04497	n07374
n04498	n02149
n04498	n04053
n04498	n04173
n04498	n04565
n04498	n05723
n04498	n06485
n04498	n07028
n04498	n07339
n04498	n08246
n04498	n08828
n04498	n08830
n04498	n09674
n04498	n09675
n04498	n09676
n04498	n09680
n04499	n08340
n04500	n07354
n04500	n07381
n04500	n08829
n04501	n05577
n04501	n09831
n04502	n01436
n04502	n03886
n04503	n05148
n04504	n03884
n04505	n05268
n04505	n08869
n04506	n09922
n04507	n03207
n04507	n09681
n04508	n07779
n04508	n08944
n04508	n09820
n04509	n06495
n04509	n06515
n04509	n07778
n04509	n09752
n04510	n06072
n04510	n07754
n04511	n06078
n04512	n04858
n04513	n02007
n04514	n02078
n04515	n08933
n04516	n06812
n04516	n08951
n04516	n09010
n04517	n05763
n04518	n02149
n04518	n03257
n04519	n00445
n04520	n06330
n04521	n05040
n04521	n05731
n04521	n08426
n04521	n08887
n04521	n09750
n04521	n09759
n04522	n03180
n04522	n04173
n04522	n07028
n04522	n07339
n04522	n08830
n04522	n09674
n04522	n09675
n04523	n00942
n04523	n01716
n04523	n08828
n04524	n05900
n04524	n10068
n04525	n00001
n04525	n00096
n04525	n00444
n04526	n07470
n04526	n08246
n04526	n08367
n04527	n09998
n04528	n04398
n04528	n07039
n04528	n08246
n04528	n08828
n04529	n01517
n04530	n00877
n04530	n04065
n04531	n07028
n04531	n09818
n04532	n04727
n04532	n07043
n04532	n10020
n04533	n00098
n04533	n05177
n04534	n10241
n04535	n04353
n04535	n05347
n04535	n08279
n04536	n09152
n04537	n07028
n04537	n07037
n04537	n09678
n04537	n09679
n04538	n09870
n04539	n03350
n04540	n03307
n04540	n07937
n04541	n01894
n04541	n08634
n04542	n04525
n04542	n05178
n04543	n05778
n04543	n06559
n04544	n03675
n04544	n06903
n04545	n03725
n04545	n06879
n04545	n09198
n04546	n00877
n04546	n04065
n04547	n04084
n04547	n07575
n04548	n07914
n04548	n08481
n04549	n04356
n04549	n05982
n04550	n06906
n04551	n03845
n04552	n05406
n04553	n03311
n04554	n04452
n04555	n04234
n04555	n07603
n04556	n04495
n04556	n04885
n04556	n06835
n04557	n00762
n04557	n09263
n04558	n09206
n04559	n06082
n04559	n06381
n04560	n04232
n04560	n06848
n04560	n07055
n04560	n09008
n04560	n09885
n04560	n10102
n04560	n10214
n04561	n07598
n04561	n09279
n04562	n02196
n04562	n08005
n04563	n05788
n04563	n09230
n04563	n09364
n04564	n01656
n04566	n05019
n04567	n03562
n04568	n08838
n04569	n01356
n04569	n03708
n04570	n05888
n04571	n08866
n04572	n01949
n04573	n07372
n04573	n09680
n04574	n02149
n04574	n04053
n04574	n04173
n04574	n04565
n04574	n05343
n04574	n05723
n04574	n06485
n04574	n07338
n04574	n07339
n04574	n07340
n04574	n08246
n04574	n08830
n04574	n09676
n04575	n08882
n04576	n08865
n04577	n05138
n04577	n06286
n04578	n07061
n04579	n09853
n04580	n04441
n04580	n09786
n04581	n09810
n04582	n02105
n04583	n04384
n04583	n05576
n04584	n05921
n04585	n02917
n04586	n07909
n04587	n02413
n04587	n04080
n04587	n07101
n04588	n08431
n04589	n02497
n04589	n04139
n04589	n04651
n04590	n00900
n04590	n04943
n04591	n01785
n04591	n06545
n04591	n09950
n04592	n07821
n04593	n01612
n04593	n09674
n04594	n05277
n04595	n03254
n04595	n04287
n04596	n05926
n04597	n03892
n04597	n09881
n04598	n06336
n04598	n06537
n04598	n09057
n04599	n05286
n04599	n09722
n04599	n10159
n04600	n06558
n04601	n01124
n04601	n10285
n04602	n08447
n04603	n01752
n04604	n05962
n04604	n10008
n04604	n10204
n04605	n05174
n04605	n05723
n04605	n09678
n04606	n06114
n04606	n07998
n04607	n05629
n04608	n04295
n04608	n05423
n04608	n08520
n04609	n05774
n04610	n09289
n04610	n10304
n04611	n05647
n04611	n09689
n04612	n02593
n04612	n04353
n04613	n06159
n04614	n05639
n04614	n09187
n04615	n05410
n04615	n08019
n04615	n09205
n04616	n06605
n04617	n01356
n04617	n03708
n04618	n06730
n04618	n07028
n04618	n08247
n04618	n09324
n04618	n09680
n04619	n08472
n04620	n03011
n04620	n04809
n04621	n07329
n04622	n04311
n04622	n05776
n04622	n09400
n04622	n10092
n04623	n01330
n04623	n05807
n04624	n03318
n04624	n06673
n04624	n06890
n04624	n07051
n04624	n07537
n04625	n04419
n04625	n05017
n04626	n08065
n04627	n03437
n04627	n06780
n04627	n07339
n04627	n08829
n04627	n08830
n04628	n02408
n04628	n04768
n04628	n07341
n04629	n02471
n04630	n00000
n04631	n06272
n04632	n06745
n04633	n08276
n04634	n07814
n04635	n05128
n04635	n09685
n04636	n01484
n04636	n01567
n04636	n02788
n04636	n04060
n04637	n08935
n04639	n01584
n04640	n05903
n04641	n07078
n04641	n09760
n04641	n09827
n04643	n02960
n04643	n02998
n04644	n08833
n04644	n09692
n04644	n09710
n04645	n02789
n04645	n05907
n04646	n02006
n04646	n02306
n04647	n04642
n04648	n05600
n04648	n08853
n04649	n04499
n04650	n04498
n04650	n09673
n04650	n09799
n04651	n04385
n04651	n06069
n04652	n04941
n04652	n09826
n04653	n01935
n04653	n02496
n04654	n07081
n04655	n02408
n04656	n02152
n04657	n01972
n04657	n02752
n04658	n07362
n04658	n08425
n04659	n02582
n04659	n04132
n04659	n07859
n04659	n09724
n04660	n03770
n04660	n09674
n04661	n04391
n04661	n08399
n04661	n09036
n04662	n05379
n04662	n05609
n04662	n06115
n04662	n09834
n04663	n02997
n04663	n04228
n04663	n06120
n04663	n09001
n04664	n05936
n04664	n06805
n04664	n08909
n04665	n06818
n04665	n08343
n04666	n05062
n04666	n06324
n04666	n09828
n04667	n06316
n04667	n10045
n04668	n09083
n04668	n10142
n04669	n07452
n04669	n10049
n04670	n05291
n04670	n06549
n04671	n05269
n04672	n07851
n04673	n03006
n04673	n06314
n04673	n07053
n04673	n09835
n04674	n05048
n04674	n09995
n04675	n05271
n04676	n06349
n04677	n04789
n04677	n05647
n04677	n05795
n04677	n07502
n04678	n00728
n04678	n09923
n04679	n01239
n04680	n00193
n04681	n06594
n04682	n04173
n04682	n06730
n04682	n07752
n04682	n09674
n04682	n09675
n04682	n09678
n04682	n09679
n04682	n09680
n04683	n03830
n04683	n03957
n04683	n09105
n04684	n05941
n04684	n10070
n04685	n01630
n04685	n04730
n04685	n07172
n04685	n08828
n04686	n04526
n04686	n08032
n04686	n08828
n04687	n03723
n04687	n07914
n04688	n05196
n04688	n07562
n04688	n09212
n04688	n10319
n04689	n08041
n04690	n06370
n04690	n08046
n04690	n08496
n04691	n02112
n04692	n07218
n04693	n01768
n04693	n05614
n04693	n05804
n04693	n10152
n04694	n02347
n04694	n07550
n04695	n06185
n04695	n07812
n04696	n03906
n04696	n05070
n04697	n01699
n04698	n01889
n04698	n04768
n04698	n06730
n04698	n07028
n04698	n07341
n04698	n07752
n04698	n08831
n04698	n09678
n04698	n09679
n04699	n02149
n04699	n04053
n04699	n04173
n04699	n04565
n04699	n05343
n04699	n06485
n04699	n07028
n04699	n07338
n04699	n07339
n04699	n07340
n04699	n08245
n04699	n08246
n04699	n08828
n04699	n08830
n04699	n09675
n04699	n09676
n04700	n06049
n04701	n02747
n04702	n01565
n04702	n07766
n04703	n05033
n04703	n08281
n04703	n09726
n04704	n03879
n04704	n08832
n04705	n05589
n04705	n07796
n04706	n02582
n04706	n04132
n04706	n09724
n04707	n01545
n04708	n06742
n04708	n07360
n04708	n09849
n04709	n08351
n04710	n05573
n04710	n09775
n04710	n09910
n04711	n04578
n04712	n09746
n04712	n09906
n04713	n09984
n04714	n00003
n04715	n03715
n04715	n05483
n04715	n08887
n04716	n08371
n04717	n02267
n04717	n06505
n04717	n07390
n04718	n09015
n04719	n06533
n04719	n08277
n04720	n04642
n04720	n07423
n04721	n05062
n04721	n05343
n04721	n05723
n04721	n06324
n04721	n07339
n04721	n08830
n04721	n09674
n04722	n04446
n04723	n03170
n04723	n07097
n04723	n07874
n04723	n08395
n04723	n09712
n04724	n04341
n04724	n07775
n04724	n08360
n04725	n04644
n04725	n09867
n04726	n04399
n04727	n02526
n04728	n07867
n04728	n08831
n04728	n09678
n04728	n09680
n04729	n02627
n04729	n06551
n04729	n10081
n04730	n08981
n04731	n02039
n04731	n08302
n04732	n09006
n04732	n09678
n04732	n09679
n04733	n02149
n04733	n04053
n04733	n04173
n04733	n04565
n04733	n05343
n04733	n05723
n04733	n06485
n04733	n07028
n04733	n07338
n04733	n07339
n04733	n07340
n04733	n08245
n04733	n08246
n04733	n08828
n04733	n08829
n04733	n08830
n04733	n09673
n04733	n09674
n04733	n09675
n04733	n09676
n04733	n09677
n04734	n09724
n04735	n07948
n04735	n08444
n04736	n05763
n04736	n07494
n04737	n02139
n04738	n04053
n04738	n05136
n04739	n05943
n04739	n08936
n04740	n01515
n04740	n07299
n04741	n04871
n04741	n08829
n04742	n00943
n04743	n03817
n04743	n05948
n04744	n10165
n04744	n10296
n04745	n05723
n04745	n06090
n04745	n06266
n04745	n08464
n04745	n09763
n04746	n05510
n04747	n02268
n04747	n04053
n04748	n06371
n04748	n06903
n04749	n01356
n04749	n03708
n04750	n05970
n04750	n06152
n04751	n08326
n04752	n05771
n04752	n08874
n04752	n09675
n04753	n02327
n04754	n05644
n04755	n02408
n04755	n04054
n04755	n04768
n04755	n06730
n04755	n07028
n04755	n07752
n04755	n08247
n04755	n08831
n04755	n08832
n04755	n09678
n04755	n09679
n04755	n09680
n04756	n06518
n04756	n07817
n04756	n08383
n04757	n05078
n04757	n06377
n04757	n10141
n04758	n01768
n04758	n04358
n04759	n01824
n04760	n02248
n04761	n03010
n04761	n03581
n04762	n05988
n04762	n09289
n04762	n10092
n04763	n05046
n04763	n06383
n04763	n06839
n04763	n07143
n04763	n08021
n04764	n08101
n04764	n10095
n04764	n10467
n04765	n09028
n04765	n10058
n04766	n04314
n04766	n08676
n04766	n10575
n04767	n05918
n04767	n07420
n04767	n07473
n04767	n09988
n04769	n00139
n04770	n03757
n04770	n07340
n04770	n09677
n04771	n07345
n04772	n04486
n04773	n03817
n04773	n05343
n04773	n05723
n04773	n07339
n04773	n08830
n04773	n09675
n04773	n09676
n04774	n00514
n04775	n01356
n04775	n03708
n04775	n09695
n04776	n06493
n04776	n08863
n04777	n05467
n04778	n02175
n04778	n08256
n04779	n06758
n04779	n07813
n04779	n08284
n04780	n03763
n04780	n09675
n04781	n03569
n04782	n04173
n04782	n04565
n04782	n05723
n04782	n06485
n04782	n07028
n04782	n07338
n04782	n07339
n04782	n07340
n04782	n08246
n04782	n08830
n04782	n09676
n04782	n09677
n04783	n08321
n04784	n03822
n04785	n09871
n04786	n05879
n04786	n07339
n04786	n07340
n04787	n07112
n04788	n03004
n04788	n03433
n04788	n03573
n04788	n05366
n04789	n07089
n04790	n04444
n04791	n03523
n04791	n04227
n04791	n08290
n04792	n07048
n04792	n09933
n04793	n01697
n04793	n02553
n04793	n05343
n04794	n04566
n04794	n06511
n04794	n10075
n04795	n05609
n04795	n09133
n04796	n02967
n04796	n08479
n04797	n01627
n04798	n01766
n04798	n07371
n04798	n09789
n04799	n03297
n04799	n04395
n04799	n09715
n04800	n03382
n04800	n03389
n04800	n05267
n04800	n06331
n04801	n03347
n04801	n06325
n04802	n04872
n04802	n07450
n04803	n05613
n04804	n03380
n04804	n07982
n04805	n03304
n04806	n02181
n04806	n04787
n04806	n05897
n04806	n09676
n04806	n09825
n04807	n07922
n04808	n08246
n04808	n10127
n04809	n01437
n04809	n04228
n04810	n09028
n04811	n03536
n04812	n01669
n04812	n06085
n04812	n07893
n04812	n08844
n04813	n00195
n04814	n04956
n04814	n07531
n04814	n09732
n04815	n08246
n04815	n08828
n04816	n05172
n04817	n01084
n04817	n04636
n04818	n09110
n04819	n09919
n04820	n04071
n04820	n10258
n04821	n01441
n04821	n08487
n04822	n00820
n04822	n06597
n04823	n10027
n04823	n10401
n04824	n00232
n04825	n04670
n04826	n02716
n04826	n06550
n04827	n06485
n04827	n07915
n04827	n08246
n04827	n09679
n04828	n05299
n04829	n06730
n04829	n08449
n04829	n08856
n04830	n08282
n04830	n09637
n04831	n02956
n04832	n03632
n04832	n06594
n04833	n07087
n04833	n07898
n04833	n08329
n04833	n08427
n04833	n08963
n04833	n09792
n04833	n09830
n04833	n10167
n04834	n05660
n04835	n02665
n04835	n04347
n04836	n01869
n04836	n08245
n04837	n05763
n04837	n09346
n04838	n06170
n04838	n08475
n04839	n07153
n04839	n10529
n04840	n05669
n04841	n02922
n04841	n06293
n04842	n02029
n04842	n03636
n04842	n08553
n04842	n09201
n04843	n04300
n04843	n06892
n04843	n10083
n04844	n01356
n04845	n01380
n04845	n08831
n04846	n04054
n04846	n05456
n04846	n09689
n04847	n07044
n04848	n05884
n04849	n02149
n04849	n04053
n04849	n04173
n04849	n04565
n04849	n05343
n04849	n05723
n04849	n06485
n04849	n07028
n04849	n07339
n04849	n07340
n04849	n08246
n04849	n08828
n04849	n08830
n04849	n09673
n04849	n09675
n04849	n09676
n04850	n02472
n04850	n07367
n04851	n04134
n04852	n01356
n04852	n03708
n04853	n03880
n04854	n06488
n04854	n07382
n04854	n09722
n04854	n09728
n04855	n04568
n04855	n05137
n04855	n08294
n04856	n04431
n04856	n07816
n04857	n07774
n04857	n08317
n04858	n02820
n04858	n05736
n04859	n07845
n04860	n03824
n04860	n09673
n04861	n04500
n04861	n06277
n04862	n04332
n04862	n05474
n04863	n00187
n04863	n04698
n04863	n09690
n04864	n02850
n04864	n03253
n04864	n04436
n04864	n05465
n04865	n02584
n04865	n08842
n04866	n01682
n04866	n08353
n04867	n05369
n04868	n01409
n04868	n08828
n04869	n05047
n04869	n06780
n04870	n07111
n04871	n05755
n04872	n01356
n04873	n05047
n04874	n04054
n04874	n04698
n04874	n05474
n04874	n08250
n04874	n09109
n04875	n07884
n04875	n09635
n04875	n09940
n04876	n04150
n04877	n07035
n04877	n07912
n04878	n04574
n04878	n09673
n04878	n09674
n04878	n09675
n04878	n09738
n04879	n02656
n04880	n00707
n04880	n03390
n04880	n06325
n04881	n03722
n04882	n02042
n04882	n04187
n04883	n06819
n04883	n10042
n04884	n06271
n04884	n10159
n04885	n05343
n04885	n05723
n04885	n07425
n04886	n03628
n04886	n04328
n04886	n09688
n04887	n02149
n04887	n02656
n04887	n08829
n04888	n04082
n04889	n05770
n04889	n09076
n04890	n05155
n04891	n05381
n04892	n06849
n04892	n09177
n04893	n03300
n04893	n06816
n04894	n03539
n04895	n09706
n04895	n10207
n04896	n07149
n04897	n06275
n04897	n06485
n04897	n10219
n04898	n08607
n04899	n03891
n04899	n05077
n04899	n08408
n04900	n00010
n04901	n03634
n04902	n02026
n04903	n03446
n04903	n08246
n04903	n08828
n04904	n06870
n04904	n06887
n04904	n07445
n04905	n06602
n04906	n08557
n04906	n09726
n04906	n10158
n04907	n06478
n04908	n01876
n04909	n03347
n04909	n07197
n04910	n03843
n04910	n06369
n04910	n06579
n04911	n08045
n04912	n03149
n04912	n07159
n04913	n04244
n04914	n02656
n04914	n04768
n04914	n07338
n04914	n08246
n04914	n08828
n04914	n09673
n04915	n06928
n04915	n09674
n04916	n01967
n04916	n03140
n04916	n03350
n04916	n06287
n04917	n06180
n04917	n09930
n04918	n02656
n04918	n07338
n04918	n08828
n04919	n02149
n04919	n04053
n04919	n04173
n04919	n04565
n04919	n05343
n04919	n05723
n04919	n06485
n04919	n07028
n04919	n07339
n04919	n07340
n04919	n08245
n04919	n08246
n04919	n08247
n04919	n08828
n04919	n08829
n04919	n08830
n04919	n09674
n04919	n09675
n04919	n09676
n04919	n09677
n04920	n04892
n04920	n09100
n04921	n09356
n04921	n10479
n04921	n10562
n04922	n02504
n04922	n02882
n04922	n05456
n04923	n00417
n04923	n05364
n04923	n07830
n04924	n07347
n04925	n00897
n04925	n02149
n04925	n03756
n04925	n04053
n04925	n05343
n04925	n05723
n04925	n07340
n04925	n08245
n04925	n08829
n04925	n08830
n04925	n09673
n04925	n09675
n04925	n09677
n04926	n07344
n04926	n07351
n04927	n03663
n04928	n02408
n04928	n02656
n04928	n04173
n04928	n04768
n04928	n07341
n04928	n08831
n04929	n00514
n04929	n05723
n04929	n09674
n04930	n01866
n04930	n05456
n04930	n08247
n04930	n09680
n04931	n00571
n04932	n04053
n04932	n04565
n04932	n05343
n04932	n08245
n04933	n05723
n04933	n06509
n04933	n08830
n04933	n09676
n04933	n09677
n04934	n03518
n04934	n07036
n04935	n00001
n04935	n00096
n04935	n00444
n04936	n01653
n04936	n02056
n04936	n08275
n04937	n03294
n04937	n08291
n04938	n02149
n04938	n04053
n04938	n04173
n04938	n04565
n04938	n05343
n04938	n05723
n04938	n06485
n04938	n07028
n04938	n07338
n04938	n07339
n04938	n07340
n04938	n08245
n04938	n08246
n04938	n08828
n04938	n08829
n04938	n08830
n04938	n09673
n04938	n09677
n04939	n03430
n04939	n06511
n04939	n07068
n04940	n04640
n04941	n03712
n04942	n03569
n04943	n00542
n04943	n08831
n04944	n06316
n04945	n06107
n04946	n02492
n04946	n08890
n04947	n03827
n04947	n04182
n04948	n07345
n04948	n07841
n04949	n06278
n04949	n07883
n04950	n07834
n04951	n07891
n04952	n07898
n04952	n09871
n04953	n07441
n04954	n01326
n04954	n09728
n04955	n09975
n04956	n07439
n04956	n08307
n04957	n07466
n04958	n01935
n04959	n08446
n04959	n09993
n04960	n02149
n04960	n04053
n04960	n04173
n04960	n04565
n04960	n05343
n04960	n05723
n04960	n06485
n04960	n07028
n04960	n07339
n04960	n07340
n04960	n08245
n04960	n08246
n04960	n08828
n04960	n08830
n04960	n09673
n04960	n09674
n04960	n09675
n04960	n09676
n04960	n09677
n04961	n07478
n04961	n09930
n04962	n02656
n04962	n04173
n04962	n04768
n04962	n06485
n04962	n07338
n04962	n07341
n04962	n08246
n04962	n08828
n04962	n08831
n04962	n09673
n04963	n07099
n04963	n10049
n04963	n10278
n04964	n01107
n04964	n02107
n04964	n03574
n04965	n08222
n04965	n10014
n04965	n10073
n04966	n08940
n04966	n10208
n04967	n08270
n04967	n08316
n04967	n09717
n04968	n03630
n04969	n09125
n04970	n02477
n04970	n03966
n04970	n04076
n04970	n04396
n04971	n06345
n04972	n05277
n04973	n04717
n04973	n09883
n04974	n07150
n04974	n09997
n04975	n09202
n04975	n09971
n04976	n04184
n04976	n10157
n04977	n03708
n04977	n08451
n04978	n01801
n04979	n01500
n04979	n02342
n04979	n04708
n04980	n10140
n04981	n04053
n04981	n04565
n04981	n05343
n04981	n08245
n04982	n05390
n04983	n02453
n04983	n09268
n04984	n07524
n04984	n07995
n04984	n07996
n04984	n10159
n04985	n01143
n04985	n03767
n04985	n09685
n04986	n02149
n04986	n04053
n04986	n04173
n04986	n04565
n04986	n05343
n04986	n05723
n04986	n06485
n04986	n07028
n04986	n07338
n04986	n07339
n04986	n07340
n04986	n08245
n04986	n08246
n04986	n08828
n04986	n08829
n04986	n08830
n04986	n09673
n04986	n09675
n04986	n09676
n04986	n09677
n04987	n06732
n04987	n10115
n04988	n10323
n04989	n10333
n04990	n05128
n04990	n05304
n04991	n05792
n04991	n08870
n04992	n06003
n04992	n06279
n04992	n09889
n04993	n07164
n04993	n08295
n04994	n02291
n04995	n03780
n04995	n04196
n04996	n09373
n04997	n06909
n04998	n08081
n04999	n05420
n04999	n08504
n05000	n05723
n05000	n06485
n05000	n07028
n05000	n07338
n05000	n08246
n05000	n08505
n05000	n08828
n05000	n08830
n05000	n09673
n05000	n09674
n05000	n09675
n05000	n09677
n05000	n09703
n05001	n08813
n05001	n09388
n05002	n07873
n05002	n08475
n05003	n02373
n05003	n10256
n05004	n04889
n05004	n09191
n05004	n09997
n05005	n03219
n05006	n09258
n05006	n10352
n05006	n10441
n05007	n05791
n05008	n04153
n05009	n02039
n05009	n07784
n05009	n08617
n05010	n05148
n05010	n07817
n05010	n08383
n05010	n09357
n05011	n08245
n05011	n09175
n05011	n09674
n05011	n09675
n05011	n09676
n05012	n03639
n05012	n08951
n05013	n00417
n05014	n02224
n05015	n02884
n05016	n02720
n05016	n04195
n05016	n04196
n05016	n08454
n05017	n02311
n05017	n03183
n05017	n04523
n05017	n09674
n05018	n02312
n05019	n03515
n05020	n01866
n05020	n05456
n05020	n08247
n05020	n08831
n05020	n09680
n05021	n02002
n05021	n05872
n05021	n08831
n05021	n09678
n05021	n09680
n05022	n08840
n05022	n09679
n05023	n05570
n05023	n07030
n05023	n07752
n05023	n08831
n05023	n09678
n05024	n05256
n05025	n02149
n05025	n02656
n05025	n04053
n05025	n04173
n05025	n06485
n05025	n07338
n05025	n08245
n05025	n08829
n05025	n09673
n05026	n02149
n05026	n02656
n05026	n04173
n05026	n07338
n05026	n08245
n05026	n08829
n05026	n09673
n05027	n05874
n05027	n08266
n05028	n06741
n05029	n03517
n05029	n05343
n05030	n07357
n05031	n05873
n05032	n01356
n05032	n03708
n05033	n08251
n05033	n09681
n05034	n01356
n05034	n03708
n05035	n06068
n05036	n06281
n05036	n08255
n05037	n04134
n05037	n09810
n05038	n04055
n05038	n04565
n05038	n05723
n05038	n06730
n05038	n07752
n05038	n08247
n05038	n08831
n05038	n09678
n05038	n09680
n05039	n02076
n05040	n07789
n05040	n07836
n05040	n09773
n05041	n08872
n05042	n01091
n05043	n02149
n05043	n04173
n05043	n07338
n05043	n08245
n05043	n08829
n05043	n09673
n05044	n06485
n05044	n09762
n05045	n07369
n05045	n07790
n05046	n05735
n05046	n06294
n05046	n07338
n05046	n09673
n05047	n03141
n05047	n07340
n05047	n08828
n05047	n09677
n05048	n02408
n05048	n04768
n05048	n06730
n05048	n07028
n05048	n07341
n05048	n07752
n05048	n08247
n05048	n08831
n05048	n09678
n05048	n09679
n05048	n09680
n05049	n02448
n05049	n09788
n05050	n05723
n05050	n07339
n05050	n07770
n05050	n08982
n05051	n04173
n05051	n06485
n05051	n08246
n05051	n08828
n05052	n03998
n05052	n07421
n05053	n04280
n05054	n05360
n05054	n05910
n05054	n08245
n05054	n08246
n05054	n08828
n05055	n04934
n05055	n06101
n05056	n02149
n05056	n04173
n05056	n05723
n05056	n07339
n05056	n08246
n05056	n08830
n05057	n02656
n05057	n04173
n05057	n06485
n05057	n07338
n05057	n08246
n05057	n08828
n05057	n09673
n05058	n04061
n05058	n05347
n05058	n08279
n05059	n06486
n05059	n08248
n05059	n09153
n05059	n09674
n05059	n09677
n05060	n04445
n05061	n07433
n05062	n05476
n05063	n04225
n05063	n08956
n05063	n09786
n05063	n10048
n05064	n10065
n05065	n04006
n05065	n07752
n05066	n08556
n05067	n03002
n05068	n04640
n05068	n08986
n05069	n06094
n05070	n10106
n05071	n03575
n05071	n06769
n05071	n09804
n05072	n04704
n05072	n06109
n05072	n08309
n05072	n09819
n05072	n09895
n05073	n04581
n05074	n04449
n05075	n02656
n05075	n04053
n05075	n06485
n05075	n08245
n05075	n08828
n05075	n09746
n05076	n04585
n05076	n08422
n05076	n09943
n05077	n01356
n05077	n04720
n05078	n02685
n05079	n09099
n05079	n09695
n05079	n09892
n05080	n06530
n05080	n09035
n05081	n08253
n05081	n09720
n05081	n09953
n05082	n07445
n05082	n09674
n05082	n09675
n05082	n09677
n05083	n03772
n05084	n02156
n05084	n06554
n05085	n07043
n05085	n07836
n05085	n08839
n05085	n09077
n05086	n05611
n05086	n06750
n05087	n05613
n05088	n04281
n05088	n04340
n05088	n04865
n05088	n09894
n05089	n03767
n05089	n09196
n05090	n06775
n05090	n08251
n05091	n07969
n05092	n06542
n05092	n09039
n05092	n10082
n05093	n04187
n05093	n05946
n05094	n04872
n05095	n04146
n05095	n04401
n05096	n04004
n05096	n05615
n05097	n06788
n05097	n10019
n05098	n02149
n05098	n04053
n05098	n04173
n05098	n04565
n05098	n05343
n05098	n05723
n05098	n06485
n05098	n07028
n05098	n07338
n05098	n07340
n05098	n08245
n05098	n08246
n05098	n08828
n05098	n08829
n05098	n08830
n05098	n09673
n05098	n09675
n05098	n09676
n05098	n09677
n05099	n06817
n05099	n08427
n05099	n09792
n05100	n04654
n05101	n05195
n05102	n07477
n05103	n07546
n05104	n07546
n05104	n08311
n05104	n10094
n05105	n04179
n05105	n08477
n05106	n10772
n05108	n04408
n05109	n05078
n05109	n09072
n05110	n05652
n05110	n09323
n05111	n04731
n05111	n05019
n05112	n04053
n05112	n04565
n05112	n05343
n05112	n08245
n05113	n10318
n05114	n08009
n05114	n08966
n05114	n09178
n05114	n09233
n05115	n01988
n05115	n10250
n05116	n05054
n05116	n09250
n05117	n01634
n05118	n03446
n05118	n08246
n05118	n08828
n05119	n03355
n05119	n09675
n05119	n09676
n05120	n09917
n05121	n04769
n05122	n06380
n05123	n04993
n05123	n06659
n05124	n06902
n05124	n08246
n05125	n09173
n05126	n01126
n05126	n05640
n05126	n05758
n05127	n04413
n05127	n05749
n05127	n08409
n05128	n01356
n05128	n03708
n05129	n02149
n05129	n04053
n05129	n04173
n05129	n04565
n05129	n05343
n05129	n05723
n05129	n06485
n05129	n07028
n05129	n07338
n05129	n07339
n05129	n07340
n05129	n08245
n05129	n08246
n05129	n08828
n05129	n08829
n05129	n08830
n05129	n09673
n05129	n09676
n05129	n09677
n05130	n06267
n05131	n04326
n05131	n07338
n05131	n08831
n05132	n06487
n05133	n06051
n05133	n07755
n05134	n01564
n05134	n05252
n05134	n09681
n05135	n07364
n05136	n03251
n05136	n09674
n05137	n09736
n05138	n06748
n05139	n05463
n05140	n06494
n05141	n02955
n05142	n02582
n05142	n04132
n05142	n04173
n05142	n07339
n05142	n08246
n05143	n03617
n05143	n09684
n05144	n02492
n05144	n08890
n05145	n01785
n05145	n03762
n05146	n03939
n05146	n09673
n05147	n08906
n05148	n05034
n05149	n02656
n05150	n08334
n05151	n02149
n05151	n04053
n05151	n04173
n05151	n04565
n05151	n05343
n05151	n05723
n05151	n06485
n05151	n07028
n05151	n07338
n05151	n07339
n05151	n07340
n05151	n08245
n05151	n08246
n05151	n08828
n05151	n08829
n05151	n08830
n05151	n09673
n05151	n09674
n05151	n09675
n05151	n09676
n05151	n09677
n05152	n00687
n05152	n01040
n05152	n01057
n05152	n05882
n05152	n07774
n05153	n05590
n05154	n01681
n05154	n05252
n05154	n09681
n05155	n02408
n05155	n06513
n05156	n06086
n05157	n04504
n05158	n07834
n05158	n08279
n05158	n09761
n05159	n04705
n05160	n04173
n05160	n04565
n05160	n06730
n05160	n07028
n05160	n08830
n05160	n09674
n05160	n09675
n05161	n00542
n05161	n08958
n05162	n04173
n05162	n08831
n05163	n04273
n05163	n04929
n05163	n06276
n05164	n08946
n05164	n09880
n05165	n07418
n05166	n02910
n05167	n06525
n05167	n09677
n05168	n05359
n05168	n06118
n05169	n01107
n05169	n02107
n05169	n03343
n05169	n05595
n05169	n06304
n05170	n07852
n05170	n08283
n05170	n09758
n05171	n03440
n05172	n01344
n05172	n04053
n05172	n05343
n05172	n09683
n05173	n01986
n05174	n06730
n05174	n10057
n05175	n02408
n05176	n02881
n05176	n07119
n05176	n08368
n05177	n01917
n05177	n03941
n05177	n09675
n05178	n00001
n05178	n00096
n05178	n00444
n05179	n04777
n05179	n07428
n05179	n09689
n05179	n09732
n05180	n09133
n05180	n10231
n05181	n04076
n05181	n09674
n05182	n07451
n05183	n07341
n05183	n07775
n05183	n09789
n05184	n04341
n05185	n05372
n05185	n06295
n05185	n09022
n05186	n03622
n05186	n04137
n05186	n04864
n05187	n03769
n05187	n05583
n05188	n05646
n05189	n09132
n05190	n07095
n05190	n10117
n05191	n09073
n05191	n09676
n05192	n06828
n05192	n10076
n05193	n04950
n05193	n08279
n05193	n09761
n05194	n08246
n05194	n08828
n05194	n09117
n05195	n06122
n05196	n07438
n05196	n07927
n05197	n02154
n05197	n09701
n05198	n03833
n05199	n07121
n05200	n07145
n05200	n09014
n05201	n08245
n05201	n08481
n05202	n06523
n05202	n08912
n05203	n05019
n05204	n07946
n05204	n08334
n05204	n08829
n05204	n10007
n05205	n02149
n05205	n02656
n05205	n04173
n05205	n06485
n05205	n07338
n05205	n08829
n05205	n09673
n05206	n05497
n05206	n09858
n05207	n04148
n05207	n04344
n05208	n02059
n05208	n02862
n05208	n06948
n05209	n03038
n05209	n05268
n05209	n07826
n05209	n09999
n05210	n07109
n05211	n01968
n05211	n06372
n05212	n03002
n05213	n06541
n05213	n07352
n05214	n02758
n05215	n05276
n05215	n08294
n05215	n09951
n05215	n10209
n05216	n03724
n05217	n04173
n05217	n04565
n05217	n06730
n05217	n07028
n05217	n07339
n05217	n07752
n05217	n08247
n05217	n08830
n05217	n08831
n05217	n09674
n05217	n09675
n05217	n09676
n05217	n09678
n05217	n09679
n05217	n09680
n05218	n09291
n05218	n09673
n05218	n09934
n05219	n03012
n05219	n03387
n05219	n03771
n05220	n06730
n05220	n07752
n05220	n07806
n05220	n08830
n05220	n08831
n05220	n08923
n05221	n08537
n05221	n09675
n05222	n04654
n05222	n06345
n05223	n02149
n05223	n04053
n05223	n04565
n05223	n05343
n05223	n05723
n05223	n07338
n05223	n07339
n05223	n08245
n05223	n09673
n05223	n09676
n05224	n05053
n05225	n07136
n05225	n07495
n05225	n09023
n05225	n09854
n05226	n03844
n05227	n03073
n05227	n04339
n05228	n10309
n05229	n09674
n05229	n09795
n05230	n01356
n05231	n04780
n05231	n05098
n05231	n06486
n05231	n09674
n05231	n09688
n05232	n10281
n05233	n04535
n05234	n06145
n05234	n07890
n05234	n08333
n05235	n06391
n05236	n05817
n05236	n08829
n05236	n09428
n05236	n09673
n05237	n03016
n05237	n09081
n05237	n09197
n05238	n03488
n05238	n04280
n05238	n05205
n05238	n10253
n05239	n05304
n05240	n04948
n05240	n07820
n05241	n02761
n05242	n04975
n05243	n01127
n05243	n04233
n05244	n03484
n05244	n04724
n05244	n07453
n05245	n03155
n05246	n08063
n05247	n02025
n05247	n06602
n05248	n01010
n05248	n01513
n05248	n03343
n05248	n05595
n05248	n06304
n05249	n00014
n05250	n03903
n05250	n08220
n05251	n02719
n05252	n07029
n05253	n07340
n05254	n05726
n05255	n05872
n05255	n09680
n05255	n09690
n05256	n04844
n05257	n08850
n05257	n09686
n05257	n09699
n05258	n04431
n05259	n02472
n05260	n01356
n05261	n02039
n05261	n03515
n05261	n08873
n05262	n02657
n05262	n04491
n05263	n05899
n05263	n06054
n05263	n08841
n05264	n05141
n05265	n01187
n05265	n02958
n05265	n03665
n05266	n07828
n05267	n07391
n05268	n05900
n05268	n06270
n05269	n07785
n05270	n02408
n05270	n04054
n05270	n05456
n05270	n06730
n05270	n07028
n05270	n07752
n05270	n08247
n05270	n08831
n05270	n09678
n05270	n09679
n05270	n09680
n05271	n09866
n05272	n01787
n05272	n04284
n05272	n06501
n05273	n02911
n05274	n01409
n05274	n08828
n05275	n02266
n05275	n03386
n05276	n09977
n05277	n07431
n05278	n06118
n05279	n06308
n05280	n05361
n05281	n04710
n05281	n08931
n05282	n09893
n05283	n09031
n05284	n05377
n05285	n01627
n05286	n05365
n05287	n02523
n05288	n02554
n05289	n10064
n05290	n02408
n05290	n04173
n05290	n04768
n05290	n06730
n05290	n07028
n05290	n07752
n05290	n08247
n05290	n08831
n05290	n09674
n05290	n09675
n05290	n09678
n05290	n09679
n05290	n09680
n05291	n07340
n05291	n07767
n05291	n09676
n05291	n09811
n05291	n09929
n05292	n03719
n05292	n06738
n05293	n06825
n05294	n04185
n05294	n08947
n05294	n09840
n05295	n04173
n05295	n08831
n05295	n09678
n05295	n09798
n05296	n06117
n05296	n07339
n05296	n09677
n05297	n09150
n05298	n05130
n05298	n07068
n05298	n09900
n05299	n02623
n05299	n06544
n05300	n08366
n05300	n09106
n05300	n09960
n05300	n10072
n05301	n07243
n05302	n06561
n05302	n08955
n05302	n09969
n05303	n00760
n05304	n09121
n05304	n09685
n05305	n02149
n05305	n04053
n05305	n04173
n05305	n04565
n05305	n05343
n05305	n05723
n05305	n06485
n05305	n07028
n05305	n07338
n05305	n07339
n05305	n07340
n05305	n08245
n05305	n08246
n05305	n08828
n05305	n08829
n05305	n08830
n05305	n09673
n05305	n09674
n05305	n09675
n05305	n09676
n05305	n09677
n05306	n03823
n05306	n04568
n05307	n05278
n05307	n08828
n05308	n02824
n05308	n03305
n05308	n05591
n05308	n06524
n05308	n10091
n05309	n03259
n05309	n06835
n05310	n08311
n05310	n09946
n05311	n07979
n05311	n09175
n05311	n09676
n05312	n07459
n05312	n07919
n05312	n08246
n05312	n08828
n05313	n07190
n05313	n09068
n05313	n09675
n05314	n00190
n05315	n01548
n05316	n06776
n05316	n09685
n05317	n10139
n05317	n10264
n05318	n05892
n05318	n07928
n05318	n08043
n05318	n10355
n05319	n02176
n05319	n02624
n05319	n02710
n05319	n06852
n05319	n09063
n05319	n09676
n05319	n10053
n05320	n07338
n05320	n08295
n05320	n09676
n05321	n07806
n05321	n08246
n05321	n09675
n05321	n10122
n05322	n06495
n05322	n07456
n05322	n08968
n05322	n09037
n05322	n09914
n05323	n10218
n05324	n04518
n05324	n07882
n05325	n02855
n05325	n03292
n05325	n05972
n05326	n04163
n05326	n04291
n05327	n03306
n05328	n08461
n05328	n09098
n05328	n09845
n05328	n10298
n05328	n10381
n05329	n03840
n05329	n07997
n05330	n01344
n05330	n04053
n05330	n04565
n05330	n05343
n05330	n08245
n05331	n08229
n05331	n08914
n05331	n09804
n05332	n04395
n05332	n05073
n05333	n08499
n05334	n03822
n05334	n07421
n05334	n07809
n05335	n03955
n05335	n07338
n05336	n05347
n05336	n08883
n05336	n08969
n05336	n09277
n05337	n03354
n05338	n02058
n05339	n06820
n05340	n03101
n05341	n02218
n05341	n08829
n05341	n10248
n05342	n03101
n05344	n04567
n05344	n04768
n05344	n08828
n05344	n08831
n05345	n02747
n05346	n05873
n05347	n09745
n05348	n02149
n05348	n02656
n05348	n04173
n05348	n07338
n05348	n08245
n05348	n08829
n05349	n01265
n05350	n02408
n05350	n04054
n05350	n04768
n05350	n06730
n05350	n07341
n05350	n07752
n05350	n08247
n05350	n08831
n05350	n08832
n05350	n09678
n05350	n09679
n05350	n09680
n05351	n06050
n05351	n09739
n05352	n07762
n05353	n02953
n05354	n01653
n05354	n02056
n05354	n08275
n05355	n05350
n05356	n06067
n05357	n06501
n05357	n07756
n05357	n09691
n05358	n05733
n05359	n02656
n05359	n04053
n05359	n08828
n05359	n09684
n05360	n06058
n05360	n08910
n05360	n09746
n05361	n06080
n05362	n04768
n05362	n08929
n05363	n02443
n05364	n02307
n05365	n01356
n05365	n03708
n05366	n02149
n05366	n06485
n05366	n07028
n05366	n07752
n05366	n08247
n05366	n08902
n05367	n09717
n05368	n08247
n05368	n09680
n05368	n09690
n05369	n03041
n05369	n05343
n05369	n09674
n05370	n06778
n05370	n07051
n05371	n08270
n05371	n09717
n05371	n09883
n05372	n08357
n05372	n08360
n05372	n09789
n05373	n04565
n05373	n07344
n05373	n08245
n05374	n05043
n05374	n06485
n05375	n01358
n05376	n03298
n05377	n05913
n05377	n08829
n05377	n09673
n05377	n09677
n05378	n02287
n05379	n06516
n05379	n08248
n05379	n08260
n05380	n09932
n05381	n02408
n05381	n04054
n05381	n04768
n05381	n06730
n05381	n07028
n05381	n07341
n05381	n07752
n05381	n08247
n05381	n08831
n05381	n09678
n05381	n09679
n05381	n09680
n05382	n01356
n05382	n03708
n05383	n02149
n05383	n04053
n05383	n04173
n05383	n04565
n05383	n05343
n05383	n05723
n05383	n06485
n05383	n07028
n05383	n07338
n05383	n07339
n05383	n07340
n05383	n08245
n05383	n08246
n05383	n08828
n05383	n08829
n05383	n08830
n05383	n09673
n05383	n09674
n05383	n09675
n05383	n09676
n05383	n09677
n05384	n02149
n05384	n02656
n05384	n07338
n05384	n08829
n05384	n09673
n05385	n06314
n05385	n07786
n05386	n02149
n05386	n04053
n05386	n04173
n05386	n04565
n05386	n05343
n05386	n05723
n05386	n06485
n05386	n07338
n05386	n07339
n05386	n08245
n05386	n08246
n05386	n08828
n05386	n08829
n05386	n08830
n05386	n09673
n05386	n09675
n05386	n09676
n05387	n02368
n05388	n02408
n05388	n06312
n05389	n03007
n05390	n07850
n05390	n09674
n05390	n09676
n05390	n09677
n05391	n04717
n05392	n03527
n05392	n08428
n05393	n01344
n05393	n07931
n05394	n01889
n05394	n02408
n05394	n04768
n05394	n06730
n05394	n07028
n05394	n07341
n05394	n07752
n05394	n08247
n05394	n08831
n05394	n09678
n05394	n09679
n05394	n09680
n05395	n05635
n05396	n06323
n05397	n10434
n05398	n02369
n05398	n07390
n05399	n07362
n05399	n08367
n05399	n09678
n05399	n09679
n05399	n09680
n05399	n09953
n05400	n01156
n05400	n07175
n05401	n02751
n05401	n05158
n05401	n08969
n05402	n05931
n05402	n10147
n05403	n00743
n05403	n09946
n05404	n08421
n05405	n01919
n05406	n01472
n05407	n02824
n05407	n05591
n05407	n09072
n05408	n03442
n05408	n04235
n05408	n04489
n05408	n06561
n05409	n09673
n05409	n09677
n05409	n09776
n05410	n06332
n05410	n10132
n05411	n03668
n05412	n03951
n05412	n06527
n05413	n06880
n05414	n02408
n05414	n08250
n05415	n02288
n05416	n02149
n05416	n04053
n05416	n04173
n05416	n04565
n05416	n05343
n05416	n05723
n05416	n06485
n05416	n07028
n05416	n07339
n05416	n07340
n05416	n08245
n05416	n08828
n05416	n08830
n05416	n09673
n05416	n09674
n05416	n09675
n05416	n09676
n05417	n07443
n05417	n09676
n05418	n03441
n05418	n06147
n05418	n09178
n05419	n06570
n05420	n06872
n05420	n09037
n05421	n09248
n05422	n07177
n05423	n04947
n05423	n10080
n05424	n07479
n05424	n08281
n05425	n03632
n05426	n07795
n05426	n08002
n05427	n07338
n05427	n07827
n05428	n05779
n05428	n09278
n05429	n01356
n05430	n07509
n05430	n09005
n05430	n09960
n05431	n05630
n05432	n07339
n05432	n08830
n05432	n09674
n05432	n09675
n05432	n09676
n05432	n09716
n05433	n08334
n05433	n10441
n05434	n07973
n05434	n09008
n05434	n09930
n05435	n04154
n05436	n04659
n05436	n08442
n05436	n09675
n05437	n09718
n05438	n09180
n05438	n09995
n05439	n04082
n05439	n04173
n05439	n04565
n05439	n05473
n05439	n06800
n05439	n07340
n05439	n08245
n05439	n08829
n05439	n09673
n05439	n09677
n05440	n06625
n05440	n09650
n05441	n02859
n05441	n04807
n05441	n10342
n05442	n04655
n05443	n05668
n05443	n06000
n05444	n06341
n05444	n09687
n05445	n04023
n05445	n09674
n05446	n08140
n05446	n09673
n05447	n02408
n05447	n06730
n05447	n07028
n05447	n07752
n05447	n08247
n05447	n09170
n05447	n09675
n05447	n09680
n05448	n03542
n05448	n08962
n05449	n05330
n05450	n03845
n05450	n08069
n05450	n08631
n05451	n03077
n05452	n01060
n05453	n04525
n05454	n01239
n05455	n09321
n05456	n04768
n05456	n07341
n05458	n02408
n05458	n04054
n05458	n04768
n05458	n06730
n05458	n07028
n05458	n07341
n05458	n07752
n05458	n08247
n05458	n08831
n05458	n09678
n05458	n09679
n05458	n09680
n05459	n02214
n05459	n05872
n05460	n06740
n05460	n07346
n05461	n06053
n05462	n05027
n05463	n07046
n05463	n07764
n05464	n02656
n05464	n04173
n05464	n04768
n05464	n06485
n05464	n07341
n05464	n08831
n05465	n03060
n05466	n01766
n05466	n05027
n05466	n07030
n05467	n03564
n05468	n07757
n05469	n04490
n05469	n05022
n05469	n07030
n05469	n07752
n05469	n08831
n05469	n09678
n05470	n01344
n05471	n05135
n05471	n09673
n05472	n08264
n05472	n09676
n05473	n01356
n05473	n08322
n05474	n08918
n05475	n08352
n05476	n08945
n05476	n09675
n05477	n08833
n05477	n09680
n05477	n09687
n05478	n02747
n05479	n07847
n05480	n06764
n05481	n08270
n05482	n07791
n05483	n08363
n05483	n08837
n05484	n06781
n05485	n10013
n05486	n06749
n05487	n03382
n05487	n04226
n05487	n07391
n05488	n02590
n05489	n07356
n05489	n07842
n05490	n06769
n05490	n08246
n05490	n08830
n05490	n09674
n05490	n09675
n05490	n09676
n05491	n02408
n05491	n04768
n05491	n07341
n05491	n08831
n05491	n09678
n05492	n06108
n05492	n06518
n05492	n07817
n05493	n05368
n05494	n09938
n05494	n10127
n05495	n03942
n05495	n08833
n05495	n09687
n05496	n01766
n05496	n07030
n05497	n08246
n05497	n08830
n05497	n10271
n05498	n04699
n05498	n08989
n05498	n09007
n05499	n06108
n05500	n02083
n05501	n05911
n05501	n07338
n05502	n02149
n05502	n02656
n05502	n07338
n05502	n08245
n05502	n08829
n05502	n09673
n05503	n06555
n05504	n05913
n05504	n09044
n05505	n05765
n05506	n02149
n05506	n02656
n05506	n07338
n05506	n08245
n05506	n08829
n05506	n09673
n05507	n07115
n05507	n09025
n05507	n09760
n05508	n02658
n05508	n05873
n05508	n07773
n05509	n06840
n05510	n10027
n05511	n04008
n05511	n09894
n05512	n05957
n05512	n08378
n05513	n04450
n05513	n06140
n05514	n06775
n05514	n08251
n05515	n03708
n05515	n08927
n05516	n02474
n05516	n08450
n05516	n10193
n05517	n09075
n05518	n04289
n05518	n08947
n05518	n09840
n05519	n09141
n05520	n03529
n05520	n08437
n05520	n09965
n05521	n08834
n05521	n09077
n05521	n09693
n05521	n10343
n05522	n01498
n05523	n08491
n05523	n08931
n05524	n08951
n05525	n07141
n05525	n09675
n05525	n09754
n05526	n07147
n05526	n09937
n05526	n10038
n05527	n05748
n05527	n08915
n05527	n09916
n05528	n05943
n05528	n05969
n05529	n07090
n05530	n02499
n05530	n02558
n05531	n07356
n05531	n08248
n05531	n08290
n05531	n09816
n05532	n06169
n05533	n06112
n05533	n07137
n05534	n02525
n05535	n06328
n05535	n07483
n05535	n07892
n05536	n09204
n05537	n04237
n05537	n09021
n05538	n07340
n05538	n09677
n05538	n09731
n05539	n07501
n05539	n09676
n05540	n04227
n05540	n06150
n05540	n08387
n05540	n10249
n05541	n03385
n05542	n05094
n05542	n08518
n05543	n02149
n05543	n06877
n05544	n04975
n05545	n02656
n05545	n04173
n05545	n04768
n05545	n06485
n05545	n07338
n05545	n07341
n05545	n08246
n05545	n08828
n05545	n09673
n05546	n01923
n05546	n04152
n05546	n10262
n05547	n01498
n05547	n09171
n05547	n09674
n05547	n10192
n05548	n05762
n05549	n06769
n05549	n08828
n05549	n10570
n05550	n04880
n05551	n04459
n05551	n08378
n05552	n07420
n05553	n06115
n05554	n03939
n05554	n08570
n05554	n10277
n05555	n07380
n05555	n10128
n05556	n01851
n05556	n07881
n05557	n04519
n05558	n06951
n05559	n02687
n05560	n03308
n05560	n07971
n05560	n10005
n05561	n06899
n05561	n08061
n05562	n01685
n05563	n02505
n05563	n04725
n05563	n09869
n05564	n04732
n05564	n06125
n05565	n06383
n05566	n06171
n05567	n02827
n05568	n08008
n05568	n08796
n05569	n02061
n05569	n05806
n05570	n06048
n05571	n02149
n05571	n04053
n05571	n04173
n05571	n04565
n05571	n05343
n05571	n05723
n05571	n06485
n05571	n07028
n05571	n07338
n05571	n07339
n05571	n07340
n05571	n08245
n05571	n08246
n05571	n08828
n05571	n08829
n05571	n08830
n05571	n09673
n05571	n09674
n05571	n09675
n05571	n09676
n05571	n09677
n05572	n08845
n05573	n02149
n05573	n04053
n05573	n04173
n05573	n04565
n05573	n05343
n05573	n05723
n05573	n06485
n05573	n07028
n05573	n07338
n05573	n07339
n05573	n07340
n05573	n08245
n05573	n08246
n05573	n08828
n05573	n08830
n05573	n09674
n05573	n09675
n05573	n09676
n05574	n04219
n05574	n07342
n05574	n09706
n05575	n02408
n05575	n04054
n05575	n04768
n05575	n06730
n05575	n07028
n05575	n07341
n05575	n07752
n05575	n08247
n05575	n08831
n05575	n09678
n05575	n09679
n05575	n09680
n05576	n03515
n05577	n02408
n05577	n04054
n05577	n04768
n05577	n06730
n05577	n07028
n05577	n07341
n05577	n07752
n05577	n08247
n05577	n08831
n05577	n09678
n05577	n09679
n05577	n09680
n05578	n03038
n05579	n09729
n05580	n04324
n05580	n07789
n05580	n08839
n05581	n05465
n05582	n01356
n05582	n03708
n05583	n02149
n05583	n04053
n05583	n04173
n05583	n04565
n05583	n05343
n05583	n05723
n05583	n06485
n05583	n07028
n05583	n07338
n05583	n07339
n05583	n07340
n05583	n08245
n05583	n08246
n05583	n08828
n05583	n08829
n05583	n09675
n05583	n09676
n05583	n09677
n05584	n05889
n05584	n09720
n05585	n04493
n05586	n07375
n05586	n07384
n05587	n02366
n05588	n01356
n05588	n05876
n05589	n01356
n05589	n03708
n05590	n04634
n05591	n07069
n05591	n07354
n05592	n02408
n05592	n08841
n05592	n09751
n05593	n08343
n05594	n05359
n05594	n07837
n05595	n00001
n05595	n00096
n05595	n00444
n05596	n08911
n05597	n06515
n05597	n08884
n05598	n04280
n05599	n02387
n05599	n06740
n05600	n02656
n05600	n08829
n05601	n08859
n05602	n04331
n05602	n08289
n05602	n09867
n05603	n07758
n05603	n07804
n05603	n08867
n05603	n08937
n05603	n09793
n05604	n02854
n05605	n06104
n05606	n07821
n05606	n08888
n05606	n09673
n05607	n04187
n05608	n05466
n05608	n08325
n05609	n09688
n05609	n10024
n05610	n07103
n05611	n08247
n05611	n09680
n05611	n10046
n05612	n02149
n05612	n04053
n05612	n04173
n05612	n04565
n05612	n05343
n05612	n05723
n05612	n06485
n05612	n07028
n05612	n07338
n05612	n07339
n05612	n07340
n05612	n08245
n05612	n08246
n05612	n08828
n05612	n08830
n05612	n09673
n05612	n09674
n05612	n09675
n05612	n09676
n05613	n07913
n05614	n02388
n05614	n06781
n05615	n05273
n05616	n08992
n05617	n05480
n05618	n04148
n05619	n09006
n05619	n09678
n05619	n09679
n05620	n05350
n05620	n07028
n05621	n07411
n05621	n09681
n05622	n06075
n05622	n06890
n05622	n09676
n05623	n06303
n05623	n08389
n05623	n09732
n05624	n05878
n05625	n06770
n05626	n09047
n05626	n09881
n05627	n05383
n05628	n04583
n05629	n04714
n05630	n08507
n05631	n07083
n05631	n08260
n05632	n07832
n05632	n08245
n05632	n09674
n05633	n08439
n05633	n10104
n05634	n04072
n05634	n07840
n05635	n06059
n05636	n08043
n05637	n02149
n05637	n04053
n05637	n04173
n05637	n04565
n05637	n05343
n05637	n05723
n05637	n06485
n05637	n07028
n05637	n07338
n05637	n08245
n05637	n08246
n05637	n08828
n05637	n08830
n05637	n09673
n05637	n09674
n05637	n09675
n05637	n09677
n05638	n07040
n05638	n10002
n05639	n03577
n05640	n01010
n05640	n01513
n05641	n01936
n05642	n01967
n05643	n07958
n05643	n09207
n05644	n09091
n05645	n02886
n05645	n07858
n05646	n02176
n05646	n02624
n05646	n02710
n05647	n07444
n05648	n07505
n05649	n07507
n05649	n09166
n05650	n00479
n05650	n00818
n05650	n07159
n05651	n04345
n05651	n06491
n05652	n08281
n05653	n06592
n05653	n07414
n05653	n07469
n05654	n03262
n05655	n10157
n05656	n05343
n05657	n05771
n05658	n02408
n05658	n04054
n05658	n05456
n05658	n06730
n05658	n07028
n05658	n07752
n05658	n08247
n05658	n08831
n05658	n09678
n05658	n09679
n05658	n09680
n05659	n04512
n05659	n08459
n05660	n04497
n05660	n08346
n05660	n09092
n05661	n02149
n05661	n02656
n05661	n08245
n05662	n02850
n05662	n04436
n05662	n05872
n05662	n06744
n05662	n09680
n05663	n10226
n05664	n07344
n05664	n08386
n05664	n08430
n05665	n03345
n05666	n04445
n05666	n05503
n05667	n04191
n05667	n10086
n05668	n00877
n05668	n04065
n05669	n09264
n05670	n05391
n05670	n08572
n05671	n06158
n05672	n06583
n05673	n05873
n05673	n09718
n05674	n06636
n05675	n08546
n05675	n10116
n05675	n10177
n05676	n04954
n05676	n06119
n05676	n07496
n05676	n08516
n05677	n04173
n05677	n04337
n05677	n08246
n05677	n08828
n05677	n08830
n05677	n09674
n05677	n09675
n05677	n09677
n05678	n04657
n05678	n06145
n05679	n02149
n05679	n02656
n05679	n04053
n05679	n04173
n05679	n06485
n05679	n07338
n05679	n08245
n05679	n08828
n05679	n08829
n05679	n09673
n05680	n05158
n05680	n08883
n05680	n09727
n05681	n05464
n05681	n08253
n05681	n08652
n05681	n08846
n05682	n05625
n05682	n07478
n05683	n03263
n05684	n09089
n05684	n09762
n05685	n05276
n05686	n06099
n05687	n05392
n05687	n10228
n05687	n10291
n05688	n02759
n05688	n04323
n05688	n07581
n05688	n09614
n05689	n06612
n05689	n08326
n05689	n09004
n05690	n08147
n05690	n08222
n05690	n10014
n05690	n10073
n05691	n04788
n05691	n09677
n05691	n09678
n05691	n09680
n05691	n09855
n05692	n02325
n05692	n04947
n05693	n08796
n05693	n09674
n05694	n06305
n05694	n09754
n05695	n08462
n05696	n04677
n05697	n03218
n05697	n04737
n05698	n08829
n05698	n09372
n05698	n09673
n05699	n04662
n05700	n00000
n05700	n06373
n05700	n07104
n05701	n02753
n05701	n07430
n05702	n01356
n05702	n03708
n05703	n07217
n05705	n02149
n05705	n02656
n05705	n04173
n05705	n07338
n05705	n08245
n05705	n08829
n05705	n09673
n05706	n04173
n05706	n06049
n05706	n06485
n05706	n08246
n05706	n08828
n05706	n09756
n05706	n09774
n05707	n09079
n05707	n09753
n05708	n08952
n05708	n10092
n05709	n10456
n05710	n03321
n05710	n04681
n05710	n08663
n05711	n07028
n05711	n08032
n05712	n03452
n05712	n07093
n05713	n02149
n05713	n04173
n05713	n04565
n05713	n06485
n05713	n08246
n05713	n09675
n05714	n06422
n05714	n10470
n05714	n10471
n05715	n10172
n05715	n10319
n05716	n04200
n05716	n07145
n05716	n09014
n05717	n09437
n05717	n10027
n05717	n10676
n05718	n01921
n05718	n10330
n05719	n04233
n05719	n06379
n05720	n03521
n05720	n06144
n05720	n06820
n05720	n08972
n05721	n03043
n05721	n03071
n05721	n08939
n05722	n03900
n05722	n08329
n05722	n08441
n05724	n02149
n05724	n04173
n05724	n06485
n05724	n07339
n05724	n08246
n05724	n08830
n05725	n02149
n05725	n08245
n05725	n08829
n05726	n01889
n05726	n04768
n05726	n07028
n05726	n07341
n05726	n07752
n05726	n08831
n05726	n09678
n05727	n02149
n05727	n04173
n05727	n04565
n05727	n05723
n05727	n06485
n05727	n07028
n05727	n07338
n05727	n07339
n05727	n08246
n05727	n08828
n05727	n08830
n05727	n09675
n05727	n09676
n05727	n09677
n05728	n04268
n05728	n04769
n05729	n07763
n05730	n01356
n05730	n05876
n05731	n05572
n05732	n01344
n05732	n04053
n05732	n04565
n05732	n05343
n05732	n08245
n05733	n07776
n05733	n08327
n05734	n08313
n05735	n06062
n05735	n08246
n05735	n08831
n05736	n08835
n05737	n07768
n05737	n09673
n05738	n07839
n05739	n04702
n05739	n05343
n05739	n09729
n05740	n08329
n05740	n08841
n05741	n07060
n05742	n06078
n05743	n01344
n05743	n06272
n05744	n04131
n05744	n05872
n05744	n06744
n05744	n09680
n05744	n09690
n05745	n07841
n05746	n03616
n05746	n03940
n05746	n05343
n05747	n05896
n05747	n06502
n05747	n09791
n05748	n06517
n05748	n08920
n05749	n01189
n05749	n01544
n05749	n02135
n05749	n03940
n05750	n03942
n05750	n09888
n05751	n04491
n05751	n08964
n05752	n07091
n05753	n07081
n05753	n08337
n05753	n09764
n05754	n04700
n05754	n04933
n05754	n08854
n05755	n05149
n05755	n07082
n05756	n01933
n05757	n04230
n05757	n04490
n05757	n06730
n05757	n07030
n05757	n07752
n05757	n09678
n05758	n01107
n05758	n02107
n05759	n01188
n05759	n03885
n05760	n02149
n05760	n04053
n05760	n04173
n05760	n04565
n05760	n05343
n05760	n05723
n05760	n06485
n05760	n07028
n05760	n07338
n05760	n07339
n05760	n07340
n05760	n08245
n05760	n08246
n05760	n08828
n05760	n08830
n05760	n09673
n05760	n09674
n05760	n09675
n05760	n09676
n05760	n09677
n05761	n05145
n05761	n05734
n05762	n02149
n05762	n04053
n05762	n04173
n05762	n05343
n05762	n05723
n05762	n06485
n05762	n07028
n05762	n07338
n05762	n07340
n05762	n08245
n05762	n08246
n05762	n08828
n05762	n08829
n05762	n08830
n05762	n09673
n05762	n09674
n05762	n09675
n05762	n09677
n05763	n02656
n05764	n08987
n05765	n08962
n05766	n09678
n05766	n09981
n05767	n07383
n05768	n04727
n05769	n03621
n05769	n06815
n05770	n01356
n05770	n03708
n05771	n05378
n05772	n04004
n05773	n09029
n05774	n02408
n05774	n06730
n05774	n07028
n05774	n07752
n05774	n08247
n05774	n08831
n05774	n08832
n05774	n09680
n05775	n02417
n05776	n04238
n05777	n07936
n05778	n00001
n05778	n00096
n05778	n00444
n05779	n07110
n05779	n07349
n05779	n09071
n05780	n04277
n05780	n08378
n05781	n02587
n05781	n05256
n05781	n06746
n05781	n09743
n05782	n03437
n05782	n07339
n05782	n08829
n05782	n08830
n05782	n09676
n05783	n03829
n05783	n04454
n05783	n08983
n05784	n02997
n05784	n03668
n05784	n07855
n05785	n09685
n05786	n06305
n05786	n06846
n05786	n10003
n05787	n04711
n05788	n06408
n05789	n09895
n05790	n02408
n05790	n04768
n05790	n06730
n05790	n07341
n05790	n07752
n05790	n08247
n05790	n08831
n05790	n09678
n05790	n09679
n05790	n09680
n05791	n00480
n05792	n05063
n05792	n07435
n05793	n06342
n05794	n07815
n05794	n09893
n05795	n07089
n05796	n01019
n05797	n08936
n05798	n07035
n05798	n07912
n05799	n03896
n05799	n08828
n05800	n03997
n05800	n05947
n05800	n09768
n05801	n04940
n05801	n05068
n05802	n03170
n05802	n07097
n05802	n07874
n05802	n08395
n05802	n08881
n05803	n09702
n05804	n07158
n05804	n09755
n05804	n10280
n05805	n03576
n05805	n06085
n05805	n06335
n05806	n02658
n05806	n05873
n05806	n07773
n05807	n03183
n05807	n07527
n05808	n07980
n05809	n03304
n05809	n04646
n05809	n09178
n05810	n10239
n05811	n09139
n05812	n07936
n05813	n01344
n05813	n04053
n05813	n05343
n05813	n08831
n05814	n06852
n05814	n08246
n05814	n09674
n05815	n02149
n05815	n02656
n05816	n04173
n05816	n04565
n05816	n08831
n05816	n09675
n05817	n05297
n05817	n09189
n05818	n04520
n05818	n07512
n05819	n04178
n05819	n06864
n05819	n08395
n05819	n08408
n05820	n05627
n05821	n03303
n05821	n04016
n05821	n04456
n05821	n08479
n05822	n08245
n05822	n10078
n05823	n09162
n05823	n09673
n05823	n09675
n05823	n09676
n05824	n05038
n05824	n06485
n05824	n07338
n05824	n07339
n05824	n08828
n05824	n08830
n05825	n03484
n05826	n10298
n05827	n01344
n05827	n04053
n05827	n04565
n05827	n05343
n05827	n08245
n05828	n05620
n05828	n10171
n05829	n03264
n05829	n04858
n05830	n05384
n05830	n06802
n05830	n07209
n05830	n10257
n05831	n05074
n05831	n10126
n05832	n02149
n05832	n03562
n05832	n06485
n05832	n06730
n05832	n07338
n05832	n07343
n05832	n07752
n05832	n08246
n05832	n08828
n05832	n08830
n05832	n08831
n05832	n09674
n05832	n09680
n05833	n09250
n05833	n09684
n05834	n05723
n05834	n07339
n05834	n07340
n05834	n07770
n05834	n09676
n05835	n10041
n05836	n02152
n05836	n03997
n05836	n06511
n05836	n07383
n05836	n08302
n05837	n03308
n05837	n07346
n05837	n09203
n05837	n09864
n05838	n04357
n05838	n05738
n05838	n08947
n05838	n09840
n05839	n06485
n05839	n07806
n05839	n09053
n05840	n03830
n05840	n05140
n05840	n06341
n05840	n08312
n05840	n09209
n05840	n09687
n05841	n01892
n05841	n02409
n05841	n08245
n05841	n09673
n05842	n04414
n05842	n10215
n05843	n08534
n05843	n09339
n05844	n01551
n05845	n08627
n05845	n10109
n05846	n05952
n05846	n09226
n05847	n01344
n05847	n04053
n05847	n04565
n05847	n05343
n05847	n08245
n05848	n02750
n05848	n02912
n05848	n08006
n05848	n10118
n05849	n02247
n05850	n05990
n05851	n07194
n05852	n06375
n05852	n07568
n05853	n08297
n05853	n08524
n05853	n09674
n05854	n08031
n05854	n08245
n05854	n10099
n05855	n00139
n05856	n02920
n05857	n04324
n05857	n05928
n05858	n05658
n05859	n08622
n05859	n09350
n05860	n07204
n05860	n10080
n05861	n04474
n05862	n08068
n05863	n03289
n05863	n04987
n05864	n00100
n05864	n01688
n05865	n04165
n05866	n06632
n05866	n10117
n05867	n06586
n05867	n10233
n05868	n02149
n05868	n02656
n05868	n04173
n05868	n07338
n05868	n08245
n05868	n08829
n05868	n09673
n05869	n01589
n05869	n02180
n05870	n05301
n05871	n05017
n05871	n10786
n05872	n02408
n05872	n04054
n05872	n05456
n05872	n06730
n05872	n07028
n05872	n07752
n05872	n08247
n05872	n09679
n05873	n01344
n05873	n04053
n05873	n04565
n05873	n05343
n05873	n08245
n05874	n01889
n05874	n02408
n05874	n04768
n05874	n05457
n05874	n06730
n05874	n07028
n05874	n07752
n05874	n08247
n05874	n08831
n05874	n08832
n05874	n09678
n05874	n09679
n05875	n02656
n05875	n04173
n05875	n04768
n05875	n06485
n05875	n07338
n05875	n07341
n05875	n08246
n05875	n08828
n05875	n08831
n05876	n02656
n05877	n07348
n05878	n01356
n05878	n03708
n05879	n02149
n05879	n04053
n05879	n04173
n05879	n04565
n05879	n06485
n05879	n07028
n05879	n07338
n05879	n08245
n05879	n08246
n05879	n08829
n05879	n09673
n05880	n03250
n05881	n01889
n05881	n07759
n05881	n08831
n05881	n09678
n05881	n09680
n05882	n01344
n05882	n02442
n05882	n05343
n05883	n07029
n05884	n05573
n05884	n08829
n05884	n09673
n05884	n09677
n05885	n05723
n05885	n09697
n05886	n02656
n05886	n07355
n05887	n02582
n05887	n04132
n05887	n04173
n05887	n07339
n05888	n01049
n05888	n04630
n05889	n04270
n05890	n02953
n05890	n09712
n05891	n08268
n05892	n05031
n05892	n05346
n05893	n08859
n05894	n02149
n05894	n04173
n05894	n04565
n05894	n05723
n05894	n06265
n05894	n06485
n05894	n07028
n05894	n07338
n05894	n07339
n05894	n07340
n05894	n08828
n05894	n08830
n05894	n09678
n05895	n02149
n05895	n04053
n05895	n04173
n05895	n04565
n05895	n05343
n05895	n05723
n05895	n06485
n05895	n07028
n05895	n07338
n05895	n07339
n05895	n07340
n05895	n08245
n05895	n08246
n05895	n08828
n05895	n08829
n05895	n08830
n05895	n09673
n05895	n09674
n05895	n09675
n05895	n09676
n05895	n09677
n05896	n04133
n05896	n07790
n05897	n02408
n05897	n04435
n05897	n08841
n05898	n05581
n05899	n01344
n05899	n04053
n05899	n04565
n05899	n05343
n05899	n08245
n05900	n02408
n05900	n08831
n05901	n04853
n05902	n09799
n05903	n08881
n05904	n05135
n05904	n09673
n05905	n07059
n05905	n08330
n05905	n09673
n05906	n07400
n05907	n09780
n05908	n02656
n05909	n02149
n05909	n04053
n05909	n04173
n05909	n04565
n05909	n05343
n05909	n05723
n05909	n06485
n05909	n07028
n05909	n07338
n05909	n07339
n05909	n07340
n05909	n08245
n05909	n08246
n05909	n08828
n05909	n08829
n05909	n08830
n05909	n09673
n05909	n09675
n05909	n09676
n05909	n09677
n05910	n06058
n05911	n07827
n05911	n09837
n05912	n01966
n05912	n04062
n05912	n07031
n05912	n09675
n05913	n04699
n05913	n07838
n05914	n02999
n05915	n06089
n05916	n04502
n05917	n07028
n05917	n08248
n05917	n08829
n05917	n09677
n05917	n09688
n05917	n09834
n05918	n01187
n05918	n02151
n05918	n02958
n05918	n03770
n05919	n03568
n05919	n06074
n05919	n07054
n05919	n08309
n05920	n07416
n05921	n08356
n05922	n01951
n05922	n08895
n05923	n01344
n05923	n04053
n05923	n04565
n05923	n05343
n05923	n08245
n05924	n07846
n05925	n01434
n05925	n07761
n05926	n05612
n05926	n09845
n05927	n04861
n05927	n09903
n05928	n06758
n05928	n09822
n05928	n09950
n05929	n03760
n05930	n09994
n05931	n04138
n05931	n05035
n05932	n06761
n05933	n02267
n05934	n09767
n05935	n04067
n05935	n04442
n05935	n08323
n05936	n03820
n05937	n05464
n05937	n06517
n05937	n08828
n05937	n09678
n05937	n09820
n05938	n00840
n05939	n02108
n05940	n02269
n05940	n04146
n05940	n04861
n05940	n07768
n05940	n09019
n05941	n03446
n05941	n06827
n05941	n09748
n05942	n01625
n05943	n04651
n05944	n07411
n05944	n09681
n05945	n04182
n05945	n04394
n05946	n04703
n05946	n06752
n05947	n03430
n05947	n05019
n05947	n06267
n05947	n07368
n05948	n10353
n05949	n10002
n05950	n09927
n05951	n05486
n05951	n07074
n05951	n08245
n05951	n09673
n05952	n04600
n05953	n04785
n05953	n05740
n05954	n08996
n05955	n02110
n05955	n04435
n05955	n07049
n05955	n09751
n05956	n01188
n05956	n04936
n05956	n09702
n05957	n07132
n05958	n09695
n05959	n01356
n05959	n02149
n05960	n00188
n05960	n06737
n05961	n02408
n05961	n04054
n05961	n04768
n05961	n06730
n05961	n07028
n05961	n07341
n05961	n07752
n05961	n08247
n05961	n08831
n05961	n09678
n05961	n09679
n05961	n09680
n05962	n04140
n05963	n09087
n05964	n01344
n05964	n04053
n05964	n04565
n05964	n05343
n05964	n08245
n05965	n05748
n05966	n06128
n05967	n05046
n05967	n07130
n05967	n07472
n05967	n08867
n05968	n02310
n05968	n04650
n05969	n04651
n05969	n10173
n05970	n01109
n05971	n10080
n05972	n06116
n05973	n03669
n05973	n09975
n05974	n09863
n05975	n02408
n05975	n04054
n05975	n04768
n05975	n06730
n05975	n07028
n05975	n07341
n05975	n07752
n05975	n08247
n05975	n08831
n05975	n09678
n05975	n09679
n05975	n09680
n05976	n06130
n05976	n06307
n05977	n01356
n05977	n03708
n05978	n10143
n05979	n04173
n05979	n04565
n05979	n06730
n05979	n07028
n05979	n07339
n05979	n07752
n05979	n08247
n05979	n08830
n05979	n09674
n05979	n09675
n05979	n09676
n05979	n09678
n05979	n09680
n05980	n06309
n05980	n07801
n05980	n10154
n05981	n02656
n05981	n04173
n05981	n06730
n05981	n09679
n05982	n05358
n05982	n09986
n05983	n09134
n05984	n06532
n05984	n06816
n05985	n02149
n05985	n04053
n05985	n04173
n05985	n04565
n05985	n05343
n05985	n05723
n05985	n06485
n05985	n06730
n05985	n07028
n05985	n07339
n05985	n08245
n05985	n08246
n05985	n08247
n05985	n08830
n05985	n09673
n05985	n09674
n05985	n09675
n05985	n09676
n05985	n09677
n05985	n09678
n05985	n09680
n05986	n04173
n05986	n06730
n05986	n07752
n05986	n09674
n05986	n09675
n05986	n09678
n05986	n09679
n05986	n09680
n05987	n02709
n05987	n07338
n05987	n10195
n05988	n07182
n05988	n07484
n05989	n06339
n05989	n08453
n05989	n09193
n05990	n01344
n05990	n01623
n05990	n06730
n05990	n07752
n05990	n08247
n05990	n08831
n05990	n08832
n05990	n09678
n05990	n09679
n05991	n06598
n05991	n09748
n05992	n08014
n05993	n02656
n05993	n04173
n05993	n04768
n05993	n06485
n05993	n07338
n05993	n07341
n05993	n08246
n05993	n08828
n05993	n09673
n05994	n02854
n05994	n06747
n05995	n07906
n05996	n07793
n05996	n08269
n05996	n09679
n05997	n05642
n05997	n06287
n05998	n05041
n05998	n10128
n05999	n06505
n05999	n09883
n06000	n01020
n06001	n05644
n06002	n06350
n06003	n02104
n06003	n09061
n06004	n01889
n06004	n06558
n06005	n07088
n06006	n08134
n06006	n10250
n06007	n05789
n06007	n09917
n06008	n05631
n06008	n09816
n06009	n07137
n06009	n07937
n06010	n01410
n06010	n01786
n06010	n07787
n06011	n08508
n06012	n04511
n06012	n07460
n06012	n10143
n06013	n02884
n06014	n08606
n06015	n05625
n06016	n05094
n06017	n09843
n06017	n10363
n06018	n03726
n06018	n10391
n06019	n08039
n06019	n10294
n06020	n02149
n06020	n04053
n06020	n04173
n06020	n04565
n06020	n05343
n06020	n05723
n06020	n06485
n06020	n07028
n06020	n07338
n06020	n07339
n06020	n07340
n06020	n08245
n06020	n08246
n06020	n08828
n06020	n08829
n06020	n08830
n06020	n09673
n06020	n09674
n06020	n09675
n06020	n09676
n06020	n09677
n06021	n07117
n06021	n08951
n06022	n04531
n06022	n07404
n06023	n02408
n06023	n06730
n06023	n07028
n06023	n07752
n06023	n08247
n06023	n08831
n06023	n09678
n06023	n09680
n06024	n02159
n06024	n08389
n06025	n07338
n06025	n08829
n06025	n10050
n06026	n06409
n06026	n08553
n06027	n02446
n06028	n10431
n06029	n07758
n06029	n07798
n06029	n08937
n06029	n09793
n06030	n08245
n06030	n08355
n06030	n09078
n06030	n09673
n06031	n06739
n06032	n01020
n06032	n01685
n06032	n07952
n06033	n00877
n06033	n04065
n06033	n07520
n06034	n07521
n06034	n07953
n06034	n07991
n06035	n01344
n06035	n04053
n06035	n04565
n06035	n05343
n06035	n08245
n06036	n07744
n06037	n02227
n06037	n05207
n06037	n05618
n06037	n09986
n06038	n07918
n06039	n02149
n06039	n04053
n06039	n04173
n06039	n04565
n06039	n05343
n06039	n05723
n06039	n06485
n06039	n07028
n06039	n07338
n06039	n07339
n06039	n07340
n06039	n08245
n06039	n08246
n06039	n08828
n06039	n08829
n06039	n08830
n06039	n09673
n06039	n09674
n06039	n09675
n06039	n09677
n06040	n03290
n06040	n04858
n06040	n09890
n06041	n04888
n06041	n06800
n06041	n09677
n06043	n03536
n06044	n04656
n06044	n06121
n06044	n07614
n06045	n01450
n06046	n06361
n06047	n02242
n06047	n05724
n06047	n07028
n06047	n08245
n06047	n09674
n06047	n09675
n06048	n04325
n06049	n07338
n06050	n02149
n06050	n04173
n06050	n04565
n06050	n05343
n06050	n05723
n06050	n06485
n06050	n07028
n06050	n07338
n06050	n07339
n06050	n07340
n06050	n08245
n06050	n08246
n06050	n08830
n06050	n09674
n06050	n09675
n06050	n09676
n06051	n05020
n06051	n05132
n06052	n09704
n06053	n02149
n06053	n02656
n06053	n04173
n06053	n08829
n06054	n01344
n06054	n09696
n06055	n02149
n06055	n04053
n06055	n04173
n06055	n04565
n06055	n05343
n06055	n05723
n06055	n06485
n06055	n07028
n06055	n07338
n06055	n07339
n06055	n07340
n06055	n08245
n06055	n08246
n06055	n08828
n06055	n08829
n06055	n08830
n06055	n09673
n06055	n09676
n06055	n09677
n06056	n02149
n06056	n02656
n06057	n02149
n06057	n07338
n06057	n08829
n06057	n09673
n06058	n02149
n06058	n04173
n06058	n06485
n06058	n07338
n06058	n08829
n06058	n09673
n06059	n02408
n06059	n04054
n06059	n04768
n06059	n05457
n06059	n06730
n06059	n07028
n06059	n07341
n06059	n07752
n06059	n08247
n06059	n08831
n06059	n08832
n06059	n09678
n06059	n09679
n06059	n09680
n06060	n04773
n06060	n08828
n06060	n09674
n06060	n09677
n06061	n05026
n06062	n02656
n06062	n08828
n06063	n09673
n06063	n09716
n06064	n07782
n06065	n07797
n06065	n08831
n06065	n09678
n06065	n09679
n06067	n02149
n06068	n02149
n06068	n04173
n06068	n07338
n06068	n08245
n06068	n08829
n06068	n09673
n06069	n01356
n06069	n03708
n06070	n02365
n06071	n02584
n06071	n08842
n06072	n05033
n06073	n03291
n06073	n04379
n06074	n02408
n06074	n04054
n06074	n04768
n06074	n06730
n06074	n07028
n06074	n07752
n06074	n08247
n06074	n08831
n06074	n09678
n06074	n09680
n06075	n09796
n06076	n07038
n06076	n08884
n06077	n05723
n06077	n05724
n06077	n07340
n06077	n09677
n06078	n01356
n06079	n04179
n06080	n07056
n06081	n07062
n06082	n02852
n06083	n09702
n06084	n05351
n06085	n04137
n06086	n03760
n06086	n08369
n06087	n06507
n06088	n04852
n06088	n09685
n06089	n02410
n06090	n04173
n06090	n04565
n06090	n06485
n06090	n08246
n06090	n08828
n06090	n09673
n06091	n08829
n06091	n08853
n06092	n02149
n06092	n04053
n06092	n04173
n06092	n04565
n06092	n05343
n06092	n05723
n06092	n06485
n06092	n07028
n06092	n07338
n06092	n07339
n06092	n07340
n06092	n08245
n06092	n08246
n06092	n08828
n06092	n08830
n06092	n09673
n06092	n09674
n06092	n09675
n06092	n09676
n06092	n09677
n06093	n02149
n06093	n04053
n06093	n04173
n06093	n04565
n06093	n05343
n06093	n05723
n06093	n06485
n06093	n07028
n06093	n07338
n06093	n07339
n06093	n07340
n06093	n08245
n06093	n08246
n06093	n08828
n06093	n08829
n06093	n08830
n06093	n09673
n06093	n09674
n06093	n09675
n06093	n09676
n06093	n09677
n06094	n00877
n06094	n04065
n06095	n04493
n06096	n04000
n06097	n02492
n06097	n09681
n06098	n04565
n06098	n04933
n06098	n05343
n06099	n06741
n06099	n08359
n06100	n07042
n06100	n07752
n06100	n07793
n06100	n08247
n06100	n09678
n06101	n03518
n06101	n07036
n06102	n04389
n06102	n04849
n06102	n07338
n06102	n08829
n06102	n09677
n06103	n02408
n06103	n04768
n06103	n07341
n06103	n07752
n06103	n08831
n06103	n09678
n06104	n03039
n06104	n04059
n06105	n04781
n06105	n04942
n06106	n02656
n06106	n06506
n06106	n09679
n06107	n07850
n06107	n09674
n06107	n09676
n06107	n09677
n06108	n04503
n06109	n05575
n06109	n07090
n06109	n08832
n06109	n09742
n06110	n04783
n06111	n03098
n06111	n03516
n06112	n03343
n06112	n05595
n06112	n06304
n06113	n09020
n06114	n08973
n06115	n07032
n06115	n07339
n06115	n08248
n06115	n08829
n06115	n09677
n06115	n09688
n06116	n03945
n06116	n08332
n06117	n02149
n06117	n09675
n06117	n09876
n06118	n04709
n06119	n03478
n06120	n09964
n06121	n04583
n06121	n06786
n06122	n08365
n06123	n02243
n06123	n04053
n06123	n05343
n06123	n09673
n06123	n09674
n06124	n06775
n06124	n07778
n06124	n08251
n06125	n07523
n06125	n09679
n06126	n02957
n06126	n07352
n06126	n08860
n06127	n02194
n06127	n08414
n06128	n02750
n06128	n02912
n06128	n03526
n06129	n08402
n06130	n08394
n06131	n04565
n06131	n05723
n06131	n06485
n06131	n07028
n06131	n07339
n06131	n07340
n06131	n08828
n06131	n08830
n06131	n09676
n06131	n09677
n06131	n09756
n06132	n04224
n06132	n04432
n06132	n06333
n06133	n00099
n06134	n03624
n06134	n06305
n06135	n04864
n06136	n04713
n06137	n05605
n06137	n08953
n06138	n02584
n06138	n07060
n06138	n09777
n06139	n02656
n06139	n04173
n06139	n06485
n06139	n07338
n06139	n08246
n06139	n08828
n06139	n09673
n06140	n01515
n06140	n05047
n06141	n05158
n06141	n08883
n06141	n09727
n06142	n06283
n06142	n07077
n06142	n09680
n06142	n09879
n06143	n07064
n06143	n10043
n06144	n05164
n06145	n02752
n06145	n10128
n06146	n05372
n06147	n02793
n06147	n08966
n06148	n03137
n06149	n04145
n06150	n07356
n06150	n10034
n06151	n02751
n06152	n01109
n06153	n08269
n06154	n02883
n06154	n08467
n06155	n07357
n06155	n07772
n06155	n08871
n06155	n10002
n06156	n09841
n06157	n08933
n06157	n09673
n06157	n09934
n06158	n09870
n06159	n07850
n06159	n09674
n06159	n09676
n06159	n09677
n06160	n01787
n06160	n04284
n06160	n07426
n06161	n03390
n06162	n01356
n06163	n05256
n06163	n06830
n06164	n01684
n06164	n04637
n06164	n06831
n06165	n08287
n06165	n10137
n06166	n03391
n06167	n04508
n06167	n07829
n06167	n08393
n06168	n06832
n06168	n08828
n06169	n01356
n06169	n03708
n06170	n04947
n06170	n07163
n06171	n02271
n06172	n10055
n06173	n03775
n06173	n04732
n06173	n06125
n06174	n04072
n06175	n02477
n06175	n06140
n06176	n02708
n06176	n08447
n06177	n02149
n06177	n02656
n06177	n07338
n06177	n08245
n06177	n08829
n06177	n09673
n06178	n09147
n06178	n09678
n06179	n05356
n06179	n07355
n06180	n08249
n06181	n08281
n06182	n06835
n06182	n09060
n06182	n09674
n06182	n10001
n06183	n05461
n06183	n09083
n06184	n03010
n06184	n05182
n06185	n04173
n06185	n05506
n06186	n04658
n06187	n05618
n06187	n09031
n06188	n01029
n06189	n03304
n06189	n08431
n06190	n04646
n06190	n08009
n06190	n08431
n06191	n09142
n06191	n09234
n06192	n06139
n06192	n06810
n06193	n06857
n06193	n08246
n06194	n05942
n06195	n02372
n06195	n03623
n06196	n08354
n06197	n01382
n06197	n02520
n06197	n03145
n06197	n05128
n06197	n06302
n06198	n02524
n06199	n10252
n06200	n05343
n06200	n09113
n06201	n08984
n06202	n07226
n06203	n08527
n06203	n08829
n06203	n09673
n06203	n09677
n06204	n01344
n06204	n04053
n06204	n04565
n06204	n05343
n06204	n08245
n06205	n10310
n06206	n08544
n06207	n05769
n06208	n02796
n06209	n04177
n06209	n04488
n06209	n05512
n06209	n08271
n06209	n10071
n06210	n04173
n06210	n06485
n06210	n07338
n06210	n08246
n06211	n00945
n06212	n10187
n06213	n05132
n06213	n07844
n06213	n07973
n06213	n09931
n06214	n07225
n06214	n08026
n06215	n08549
n06216	n07886
n06217	n09830
n06217	n10140
n06218	n09200
n06219	n07536
n06220	n04304
n06220	n04945
n06220	n07578
n06220	n10382
n06221	n06499
n06222	n10485
n06223	n04173
n06223	n06485
n06223	n08246
n06223	n08828
n06224	n02621
n06224	n09722
n06224	n09728
n06224	n10376
n06225	n04245
n06225	n06170
n06226	n09096
n06226	n09286
n06227	n01356
n06228	n04091
n06229	n02760
n06229	n06618
n06229	n08828
n06230	n03726
n06230	n07237
n06231	n02185
n06231	n03840
n06232	n01634
n06233	n01344
n06233	n04565
n06233	n05343
n06234	n01735
n06234	n05777
n06235	n04744
n06236	n01356
n06236	n03708
n06237	n06730
n06237	n07476
n06237	n07492
n06238	n03260
n06238	n07984
n06238	n08642
n06239	n05181
n06240	n01889
n06240	n07028
n06240	n09043
n06240	n09678
n06240	n09679
n06241	n05407
n06241	n10142
n06242	n03674
n06242	n08506
n06243	n08512
n06244	n04173
n06244	n04768
n06244	n05988
n06244	n06485
n06244	n07338
n06244	n07341
n06244	n08246
n06244	n08831
n06244	n09673
n06245	n03891
n06245	n04647
n06246	n03774
n06246	n06937
n06246	n08093
n06246	n09330
n06247	n02149
n06247	n04173
n06247	n05343
n06247	n08829
n06247	n08831
n06247	n08856
n06247	n09673
n06247	n09674
n06247	n09675
n06248	n05656
n06248	n08476
n06249	n06381
n06249	n07557
n06249	n08485
n06250	n04738
n06250	n07353
n06250	n09788
n06251	n04173
n06251	n05175
n06252	n06058
n06252	n07140
n06252	n09219
n06253	n05508
n06253	n05806
n06253	n06616
n06254	n01344
n06254	n04053
n06254	n04565
n06254	n05343
n06254	n08245
n06255	n04314
n06256	n08631
n06257	n07961
n06257	n08792
n06258	n05511
n06259	n00140
n06259	n07135
n06260	n02227
n06260	n05207
n06261	n01011
n06262	n06177
n06263	n05646
n06263	n07028
n06263	n08245
n06263	n08830
n06263	n09675
n06263	n09676
n06266	n04173
n06266	n04565
n06266	n06485
n06266	n07339
n06266	n08246
n06266	n08828
n06266	n09676
n06267	n02039
n06268	n02149
n06268	n04565
n06268	n08245
n06269	n05253
n06270	n02408
n06270	n08831
n06271	n08271
n06272	n02410
n06273	n07033
n06273	n07777
n06273	n08830
n06273	n09675
n06274	n01356
n06274	n03708
n06275	n04221
n06275	n07363
n06276	n04774
n06277	n05886
n06278	n08270
n06279	n02104
n06279	n09703
n06280	n07799
n06280	n09682
n06281	n03816
n06281	n09749
n06282	n04565
n06282	n08245
n06283	n04054
n06283	n05456
n06283	n05726
n06283	n08247
n06283	n08250
n06283	n09690
n06284	n04492
n06285	n07367
n06286	n03206
n06286	n03295
n06287	n03881
n06288	n08905
n06289	n08289
n06289	n08839
n06289	n09711
n06290	n01187
n06290	n02958
n06291	n03429
n06291	n08889
n06292	n03939
n06292	n07369
n06293	n02493
n06293	n04702
n06294	n02656
n06294	n04173
n06294	n06485
n06294	n07341
n06295	n05734
n06296	n05891
n06297	n05896
n06297	n09673
n06298	n06052
n06298	n07035
n06298	n08871
n06299	n03344
n06300	n01223
n06300	n03761
n06301	n07399
n06301	n08888
n06302	n06767
n06303	n08864
n06303	n09675
n06304	n00001
n06304	n00096
n06304	n00444
n06305	n08924
n06306	n02387
n06306	n08265
n06306	n09691
n06307	n01356
n06307	n03708
n06308	n09702
n06309	n07781
n06310	n04324
n06310	n06758
n06310	n08347
n06311	n08284
n06311	n08886
n06311	n09790
n06311	n09869
n06312	n02656
n06312	n04173
n06312	n06730
n06312	n09679
n06313	n00926
n06313	n09728
n06314	n05588
n06314	n09694
n06315	n04443
n06315	n07343
n06316	n05267
n06317	n03816
n06318	n02656
n06319	n08965
n06320	n07821
n06320	n09673
n06320	n09677
n06320	n09779
n06321	n02656
n06321	n03708
n06322	n05899
n06322	n06054
n06322	n07780
n06322	n08841
n06323	n05265
n06324	n05476
n06325	n05252
n06325	n05749
n06325	n06066
n06326	n04289
n06326	n08853
n06327	n06108
n06327	n07817
n06328	n03290
n06329	n03339
n06329	n08894
n06330	n07083
n06331	n06762
n06332	n09673
n06332	n09675
n06332	n09738
n06333	n05726
n06333	n09690
n06333	n09978
n06334	n05352
n06334	n07339
n06334	n09675
n06334	n09677
n06335	n07366
n06335	n08250
n06336	n03991
n06336	n07404
n06336	n09705
n06337	n06087
n06338	n06281
n06338	n08255
n06338	n09784
n06339	n10201
n06340	n00571
n06340	n06823
n06340	n08977
n06341	n07108
n06341	n09680
n06342	n02308
n06343	n09937
n06344	n05290
n06345	n01344
n06345	n04053
n06345	n04565
n06345	n05343
n06345	n08245
n06346	n01356
n06346	n03708
n06346	n07067
n06347	n03210
n06348	n03708
n06348	n05357
n06348	n07346
n06348	n07426
n06348	n08829
n06348	n09864
n06349	n05934
n06349	n07338
n06349	n09673
n06350	n08327
n06351	n08545
n06351	n09677
n06352	n01532
n06352	n06292
n06352	n08878
n06353	n06328
n06353	n06782
n06354	n04499
n06355	n05489
n06356	n05742
n06356	n07460
n06357	n08276
n06357	n09899
n06358	n04718
n06359	n05053
n06359	n05598
n06359	n09018
n06359	n09952
n06360	n08015
n06360	n09675
n06361	n02415
n06361	n05364
n06362	n06130
n06363	n03143
n06363	n05349
n06364	n01356
n06364	n03708
n06364	n05600
n06365	n07916
n06366	n10104
n06367	n04173
n06367	n07415
n06367	n09675
n06368	n04565
n06368	n07340
n06368	n09676
n06368	n09677
n06368	n09731
n06369	n05280
n06369	n06788
n06369	n07398
n06369	n10111
n06370	n02750
n06370	n02912
n06370	n03526
n06371	n07920
n06372	n06730
n06372	n07752
n06372	n07861
n06372	n08831
n06372	n08832
n06372	n09678
n06373	n08889
n06374	n02918
n06375	n09685
n06376	n02751
n06376	n09159
n06377	n03305
n06378	n02369
n06378	n07390
n06378	n09674
n06379	n01127
n06379	n09088
n06380	n05608
n06380	n09022
n06381	n05196
n06382	n01409
n06382	n08828
n06383	n02656
n06383	n04173
n06383	n04768
n06383	n06485
n06383	n07338
n06383	n07341
n06383	n08246
n06383	n08828
n06383	n08831
n06383	n09673
n06384	n07455
n06385	n02149
n06385	n04053
n06385	n04173
n06385	n04565
n06385	n05343
n06385	n05723
n06385	n06485
n06385	n07028
n06385	n07338
n06385	n07339
n06385	n07340
n06385	n08245
n06385	n08246
n06385	n08828
n06385	n08829
n06385	n08830
n06385	n09673
n06385	n09674
n06385	n09675
n06385	n09677
n06386	n03890
n06386	n09180
n06387	n00821
n06388	n08445
n06388	n09005
n06389	n06526
n06390	n05343
n06390	n06560
n06390	n09113
n06391	n07359
n06391	n09110
n06392	n05754
n06392	n08903
n06393	n05729
n06393	n08281
n06394	n04187
n06395	n01356
n06396	n10197
n06397	n02913
n06397	n06356
n06398	n07871
n06399	n06339
n06399	n10137
n06400	n01356
n06400	n03708
n06401	n02149
n06401	n04053
n06401	n04173
n06401	n04565
n06401	n05343
n06401	n05723
n06401	n06485
n06401	n07028
n06401	n07338
n06401	n07340
n06401	n07349
n06401	n08245
n06401	n08246
n06401	n08828
n06401	n08829
n06401	n08830
n06401	n09673
n06401	n09674
n06401	n09675
n06401	n09676
n06401	n09677
n06402	n01755
n06403	n05614
n06403	n07950
n06404	n02855
n06404	n03292
n06404	n03309
n06404	n08458
n06405	n02149
n06405	n04053
n06405	n04173
n06405	n05343
n06405	n07338
n06405	n08245
n06405	n08829
n06405	n09673
n06406	n05021
n06406	n05262
n06406	n08842
n06407	n10235
n06408	n07089
n06408	n08953
n06409	n06161
n06410	n10717
n06411	n09066
n06411	n10068
n06412	n09034
n06413	n01083
n06413	n03043
n06413	n07901
n06414	n01687
n06415	n03213
n06415	n05054
n06415	n08973
n06416	n05389
n06417	n04768
n06417	n07341
n06417	n08831
n06418	n07196
n06419	n03044
n06420	n05734
n06420	n06146
n06420	n09022
n06421	n09054
n06422	n07072
n06422	n08829
n06423	n05499
n06423	n07817
n06423	n08383
n06424	n05174
n06424	n10165
n06425	n02592
n06425	n10022
n06426	n07121
n06427	n08386
n06428	n01344
n06428	n04053
n06428	n04565
n06428	n05343
n06428	n08245
n06429	n06587
n06430	n06168
n06430	n08596
n06431	n04232
n06432	n01426
n06432	n04507
n06432	n06540
n06432	n06746
n06432	n09757
n06433	n01344
n06433	n04565
n06434	n04190
n06434	n07382
n06435	n04654
n06436	n04300
n06437	n07369
n06437	n09791
n06437	n10792
n06438	n04898
n06439	n04053
n06439	n04565
n06439	n05343
n06439	n08245
n06440	n03760
n06440	n06328
n06440	n07892
n06440	n08577
n06440	n09211
n06441	n05535
n06441	n06353
n06442	n01356
n06443	n09650
n06444	n05183
n06445	n08619
n06446	n09214
n06447	n04384
n06447	n05728
n06448	n08001
n06449	n07526
n06450	n01344
n06450	n04053
n06450	n04565
n06450	n05343
n06450	n08245
n06451	n02149
n06451	n04053
n06451	n04173
n06451	n04565
n06451	n05343
n06451	n05723
n06451	n06485
n06451	n07028
n06451	n07338
n06451	n07339
n06451	n07340
n06451	n08245
n06451	n08246
n06451	n08828
n06451	n08829
n06451	n08830
n06451	n09673
n06451	n09674
n06451	n09675
n06451	n09676
n06451	n09677
n06452	n05190
n06452	n09296
n06453	n07186
n06454	n04707
n06454	n04813
n06455	n01344
n06455	n04565
n06455	n09973
n06456	n03076
n06457	n03339
n06457	n10032
n06457	n10373
n06458	n06371
n06459	n08831
n06459	n09048
n06459	n09673
n06460	n07569
n06461	n03523
n06461	n04227
n06461	n10034
n06461	n10249
n06462	n03218
n06462	n09927
n06463	n08603
n06464	n07622
n06464	n08511
n06465	n07884
n06466	n02149
n06466	n02656
n06466	n07338
n06466	n08245
n06466	n08829
n06466	n09673
n06467	n01356
n06468	n06518
n06468	n07817
n06468	n08383
n06469	n05532
n06470	n04725
n06470	n08665
n06471	n08287
n06471	n10210
n06472	n05096
n06472	n05772
n06472	n08662
n06473	n03756
n06473	n05343
n06474	n10230
n06475	n05088
n06476	n02687
n06477	n02149
n06477	n04053
n06477	n04173
n06477	n04565
n06477	n05343
n06477	n05723
n06477	n06485
n06477	n07028
n06477	n07338
n06477	n07339
n06477	n07340
n06477	n08245
n06477	n08246
n06477	n08828
n06477	n08829
n06477	n08830
n06477	n09673
n06477	n09674
n06477	n09675
n06477	n09677
n06478	n01973
n06479	n10190
n06480	n03481
n06480	n09675
n06480	n09676
n06481	n06101
n06481	n07105
n06482	n04565
n06482	n04975
n06482	n08245
n06483	n05302
n06483	n09679
n06484	n04018
n06484	n08113
n06486	n02149
n06486	n04053
n06486	n04173
n06486	n04565
n06486	n05343
n06486	n05723
n06486	n06485
n06486	n07028
n06486	n07338
n06486	n08245
n06486	n08246
n06487	n01866
n06487	n05456
n06487	n08247
n06487	n08831
n06487	n09680
n06488	n01356
n06489	n04173
n06489	n07338
n06489	n08245
n06489	n08829
n06489	n09673
n06489	n09691
n06490	n02408
n06490	n04054
n06490	n05456
n06490	n06730
n06490	n07028
n06490	n07752
n06490	n08247
n06490	n08831
n06490	n09678
n06490	n09679
n06490	n09680
n06491	n02408
n06491	n04768
n06491	n07028
n06491	n07341
n06492	n05879
n06493	n07755
n06494	n01345
n06494	n08833
n06495	n07038
n06495	n07754
n06495	n09681
n06496	n05029
n06497	n01681
n06497	n05024
n06497	n09681
n06498	n02656
n06498	n04768
n06498	n07338
n06498	n08246
n06498	n08828
n06499	n05461
n06500	n05343
n06500	n08828
n06500	n08829
n06500	n09673
n06500	n09725
n06501	n07338
n06501	n07818
n06502	n04133
n06503	n06055
n06503	n09688
n06504	n08255
n06505	n04496
n06506	n02408
n06506	n04173
n06506	n04768
n06506	n07341
n06506	n07752
n06506	n08831
n06506	n09678
n06507	n03819
n06508	n04851
n06509	n08277
n06510	n04775
n06510	n07345
n06511	n03515
n06511	n04769
n06512	n07339
n06512	n09700
n06513	n02656
n06513	n04173
n06513	n04768
n06513	n06485
n06513	n08828
n06514	n09806
n06515	n07754
n06515	n08251
n06515	n09681
n06516	n06486
n06516	n08829
n06516	n09677
n06516	n09688
n06517	n02408
n06517	n02656
n06517	n04173
n06517	n04768
n06517	n06485
n06517	n07341
n06517	n08246
n06517	n08831
n06518	n01356
n06518	n03708
n06519	n02408
n06519	n04053
n06520	n04565
n06520	n04567
n06520	n05723
n06520	n06485
n06520	n07338
n06520	n07339
n06520	n08246
n06520	n08828
n06520	n08830
n06520	n09677
n06521	n03763
n06521	n07853
n06521	n08274
n06521	n09677
n06522	n05266
n06523	n05034
n06524	n02149
n06524	n02656
n06524	n04173
n06524	n07338
n06524	n08829
n06524	n09673
n06525	n04780
n06526	n06777
n06527	n04173
n06527	n09679
n06527	n09798
n06528	n02149
n06528	n04053
n06528	n04173
n06528	n04565
n06528	n05343
n06528	n05723
n06528	n06485
n06528	n07028
n06528	n07338
n06528	n07339
n06528	n07340
n06528	n08245
n06528	n08246
n06528	n08828
n06528	n08829
n06528	n08830
n06528	n09673
n06528	n09674
n06528	n09675
n06528	n09676
n06528	n09677
n06529	n08954
n06530	n02149
n06530	n04053
n06530	n04173
n06530	n04565
n06530	n05723
n06530	n06485
n06530	n06730
n06530	n07028
n06530	n07339
n06530	n07752
n06530	n08246
n06530	n08247
n06530	n08828
n06530	n08830
n06530	n09674
n06530	n09675
n06530	n09676
n06530	n09678
n06530	n09680
n06531	n00687
n06531	n01040
n06531	n01057
n06531	n05882
n06531	n06730
n06531	n07752
n06531	n07774
n06531	n08247
n06531	n08831
n06531	n08832
n06531	n09678
n06531	n09679
n06532	n06075
n06532	n09676
n06533	n04700
n06533	n06742
n06533	n07389
n06534	n04173
n06534	n04565
n06534	n06485
n06534	n08246
n06534	n08828
n06534	n09673
n06535	n01949
n06536	n02149
n06536	n04053
n06536	n04173
n06536	n04565
n06536	n05343
n06536	n07338
n06536	n08245
n06536	n08829
n06536	n09673
n06536	n09675
n06537	n05604
n06537	n06747
n06537	n07028
n06538	n07444
n06539	n02818
n06539	n07375
n06539	n07771
n06540	n06097
n06541	n05888
n06541	n09737
n06542	n03516
n06542	n03998
n06543	n07423
n06544	n01531
n06544	n05343
n06545	n08357
n06546	n02820
n06546	n03290
n06546	n03760
n06546	n05736
n06547	n04053
n06547	n04565
n06547	n05343
n06547	n08245
n06548	n09833
n06548	n09873
n06549	n02149
n06549	n04053
n06549	n04173
n06549	n05723
n06549	n06485
n06549	n07338
n06549	n07339
n06549	n07340
n06549	n08245
n06549	n08246
n06549	n08828
n06549	n08829
n06549	n09673
n06549	n09676
n06550	n05149
n06551	n01344
n06551	n04053
n06551	n04565
n06551	n05343
n06551	n08245
n06551	n09683
n06552	n02792
n06552	n07880
n06552	n08292
n06553	n02137
n06554	n09937
n06555	n01820
n06555	n06793
n06556	n02283
n06556	n08408
n06557	n03672
n06558	n02408
n06558	n04768
n06558	n06730
n06558	n07028
n06558	n07752
n06558	n08247
n06558	n08831
n06558	n09678
n06558	n09679
n06558	n09680
n06559	n00515
n06560	n06801
n06560	n07340
n06560	n07767
n06561	n04771
n06562	n06749
n06562	n09673
n06563	n06491
n06563	n06787
n06564	n07876
n06565	n07823
n06565	n08872
n06566	n06794
n06566	n09681
n06567	n04054
n06567	n04768
n06567	n05457
n06567	n07341
n06567	n07342
n06567	n08831
n06567	n09680
n06568	n07896
n06569	n05376
n06570	n03042
n06570	n05152
n06571	n01889
n06571	n02408
n06571	n04768
n06571	n07028
n06571	n07341
n06571	n07752
n06571	n08247
n06571	n08363
n06571	n08831
n06571	n08832
n06571	n09679
n06572	n01356
n06572	n03708
n06573	n02149
n06573	n07338
n06573	n08245
n06573	n08829
n06573	n09673
n06574	n05723
n06574	n06485
n06574	n06536
n06574	n07028
n06574	n07339
n06574	n08246
n06574	n08257
n06574	n08828
n06574	n08830
n06574	n09674
n06574	n09676
n06575	n02039
n06575	n05019
n06575	n05728
n06575	n09707
n06576	n04768
n06576	n06730
n06576	n07028
n06576	n07752
n06576	n08247
n06576	n08831
n06576	n09678
n06576	n09680
n06577	n04644
n06578	n04324
n06578	n09680
n06579	n04343
n06580	n05747
n06580	n09673
n06581	n04771
n06581	n06510
n06581	n07820
n06582	n02149
n06582	n08245
n06583	n10018
n06584	n08414
n06585	n09718
n06586	n06855
n06587	n04458
n06587	n08245
n06587	n08567
n06588	n06827
n06588	n08846
n06589	n04173
n06589	n08246
n06589	n09675
n06589	n09677
n06590	n05925
n06590	n07085
n06591	n04173
n06591	n06730
n06591	n08831
n06591	n09679
n06592	n07136
n06592	n10087
n06593	n06124
n06593	n06495
n06593	n09843
n06594	n06578
n06595	n06849
n06595	n09676
n06596	n07857
n06597	n10384
n06598	n06827
n06598	n08246
n06598	n08828
n06599	n03097
n06599	n04514
n06600	n07458
n06600	n08423
n06600	n09673
n06601	n04396
n06601	n04450
n06602	n10013
n06603	n08925
n06603	n08982
n06603	n09929
n06604	n02149
n06604	n04053
n06604	n04173
n06604	n04565
n06604	n05343
n06604	n05723
n06604	n06485
n06604	n07028
n06604	n07338
n06604	n07339
n06604	n07340
n06604	n08245
n06604	n08246
n06604	n08828
n06604	n08829
n06604	n08830
n06604	n09673
n06604	n09674
n06604	n09675
n06604	n09676
n06604	n09677
n06605	n01917
n06605	n03941
n06605	n09675
n06606	n06809
n06607	n03708
n06607	n09864
n06608	n04648
n06608	n06364
n06609	n10098
n06610	n02390
n06611	n09208
n06612	n07056
n06613	n05590
n06613	n07415
n06613	n07439
n06613	n08959
n06613	n10108
n06614	n04173
n06614	n09674
n06614	n09675
n06615	n02408
n06615	n04768
n06615	n07341
n06615	n08828
n06615	n08831
n06616	n02658
n06616	n05873
n06616	n07773
n06617	n03621
n06617	n03771
n06617	n04281
n06617	n04340
n06617	n06789
n06618	n06797
n06619	n05510
n06620	n02149
n06620	n04053
n06620	n04173
n06620	n04565
n06620	n05343
n06620	n05723
n06620	n06485
n06620	n07028
n06620	n07338
n06620	n07339
n06620	n07340
n06620	n08245
n06620	n08246
n06620	n08828
n06620	n08829
n06620	n08830
n06620	n09673
n06620	n09674
n06620	n09675
n06620	n09676
n06620	n09677
n06621	n00728
n06621	n08480
n06622	n08931
n06623	n04788
n06623	n07188
n06624	n03443
n06625	n06552
n06625	n10123
n06626	n06865
n06626	n09116
n06627	n05359
n06627	n08971
n06628	n09685
n06629	n08145
n06630	n03836
n06630	n06365
n06631	n02139
n06632	n02149
n06632	n04053
n06632	n04173
n06632	n04565
n06632	n05343
n06632	n05723
n06632	n06485
n06632	n07028
n06632	n07338
n06632	n07339
n06632	n07340
n06632	n08245
n06632	n08246
n06632	n08828
n06632	n08830
n06632	n09673
n06632	n09674
n06632	n09675
n06632	n09677
n06633	n08001
n06634	n01889
n06634	n06558
n06634	n07341
n06635	n01344
n06635	n04053
n06635	n04565
n06635	n05343
n06635	n08245
n06636	n04147
n06637	n03947
n06639	n06308
n06639	n10080
n06640	n09118
n06641	n08800
n06642	n02307
n06642	n05517
n06642	n06792
n06643	n06811
n06644	n05148
n06644	n08912
n06645	n06121
n06646	n01126
n06646	n05640
n06647	n06325
n06647	n09201
n06648	n09750
n06649	n03757
n06649	n06574
n06650	n02345
n06650	n09673
n06651	n04006
n06651	n10155
n06652	n02149
n06652	n04053
n06652	n04173
n06652	n04565
n06652	n05343
n06652	n05723
n06652	n06485
n06652	n07028
n06652	n07338
n06652	n07339
n06652	n07340
n06652	n08245
n06652	n08246
n06652	n08828
n06652	n08829
n06652	n08830
n06652	n09673
n06652	n09674
n06652	n09675
n06652	n09676
n06652	n09677
n06653	n02688
n06654	n03571
n06654	n04453
n06655	n04018
n06655	n08066
n06656	n02408
n06656	n04173
n06656	n06485
n06656	n07028
n06656	n08246
n06656	n08831
n06656	n09675
n06657	n02202
n06657	n05794
n06658	n08841
n06658	n09034
n06659	n01344
n06659	n04053
n06659	n04565
n06659	n05343
n06659	n08245
n06660	n08499
n06661	n04070
n06661	n06531
n06662	n02140
n06663	n09792
n06664	n10288
n06665	n03815
n06665	n07926
n06665	n08423
n06665	n09673
n06666	n04070
n06666	n05152
n06666	n07904
n06667	n06302
n06667	n09146
n06667	n10527
n06668	n02753
n06668	n07430
n06668	n08600
n06669	n05514
n06669	n06124
n06669	n09914
n06670	n06803
n06670	n08247
n06670	n09680
n06671	n07205
n06672	n07099
n06672	n08274
n06673	n10104
n06674	n04156
n06675	n09280
n06676	n03879
n06676	n10345
n06677	n05977
n06677	n10137
n06678	n04721
n06678	n07545
n06678	n07838
n06679	n02345
n06679	n05294
n06680	n06774
n06680	n07493
n06680	n09122
n06681	n04768
n06681	n06730
n06681	n07028
n06681	n07341
n06681	n07752
n06681	n08831
n06681	n09208
n06681	n09680
n06682	n08957
n06683	n03359
n06683	n05393
n06684	n00942
n06684	n01716
n06684	n05548
n06684	n08626
n06685	n03624
n06685	n05525
n06685	n09220
n06686	n06789
n06686	n09675
n06687	n07339
n06688	n01344
n06688	n04053
n06688	n04565
n06688	n05343
n06688	n08245
n06689	n08547
n06690	n02149
n06690	n02656
n06690	n04173
n06690	n07338
n06690	n08245
n06690	n08829
n06690	n09673
n06691	n05723
n06691	n07147
n06692	n07509
n06692	n09960
n06692	n10072
n06693	n07920
n06693	n10081
n06694	n09375
n06694	n10327
n06695	n04965
n06695	n08270
n06696	n04448
n06696	n04607
n06697	n08906
n06697	n09673
n06698	n02532
n06699	n03067
n06699	n07855
n06699	n09001
n06700	n02857
n06700	n05960
n06701	n02178
n06702	n02149
n06702	n02656
n06702	n07338
n06702	n08829
n06702	n09673
n06703	n02032
n06703	n06220
n06704	n06597
n06705	n06340
n06706	n02656
n06707	n08410
n06707	n10458
n06708	n02345
n06708	n08410
n06709	n03527
n06709	n05196
n06710	n01989
n06711	n06351
n06712	n04011
n06712	n06376
n06713	n07525
n06714	n02161
n06715	n02149
n06715	n04053
n06715	n04173
n06715	n04565
n06715	n05343
n06715	n05723
n06715	n06485
n06715	n07028
n06715	n07338
n06715	n07339
n06715	n07340
n06715	n08245
n06715	n08246
n06715	n08828
n06715	n08830
n06715	n09673
n06715	n09674
n06715	n09675
n06715	n09676
n06715	n09677
n06716	n01360
n06717	n01240
n06718	n04393
n06718	n06769
n06718	n08246
n06718	n08830
n06718	n08894
n06718	n09674
n06718	n09675
n06718	n09676
n06719	n03681
n06719	n08595
n06720	n01473
n06721	n02149
n06721	n04173
n06721	n06730
n06721	n07343
n06721	n07752
n06721	n08829
n06721	n08831
n06721	n08856
n06721	n09673
n06721	n09674
n06721	n09675
n06721	n09680
n06722	n05483
n06722	n07195
n06722	n07371
n06722	n09750
n06723	n01356
n06724	n03484
n06725	n02759
n06726	n04018
n06726	n09284
n06727	n03148
n06727	n07823
n06727	n08299
n06727	n09120
n06728	n06146
n06728	n06545
n06729	n01308
n06729	n01891
n06731	n01356
n06731	n07757
n06732	n08835
n06733	n06731
n06734	n04431
n06735	n02149
n06735	n04053
n06735	n04173
n06735	n04565
n06735	n05343
n06735	n05723
n06735	n06485
n06735	n07028
n06735	n07338
n06735	n07339
n06735	n07340
n06735	n08245
n06735	n08246
n06735	n08828
n06735	n08829
n06735	n08830
n06735	n09673
n06735	n09674
n06735	n09675
n06735	n09676
n06735	n09677
n06736	n07339
n06736	n07340
n06736	n08248
n06736	n08828
n06736	n08830
n06736	n09673
n06736	n09676
n06736	n09677
n06737	n06730
n06737	n07034
n06737	n07752
n06737	n08247
n06737	n09678
n06737	n09680
n06738	n06733
n06739	n05130
n06740	n08265
n06741	n01344
n06741	n04053
n06741	n04565
n06741	n05343
n06741	n08245
n06742	n04173
n06742	n06485
n06742	n07338
n06742	n07339
n06742	n08828
n06743	n01344
n06743	n04053
n06743	n05343
n06744	n04054
n06744	n04698
n06744	n05254
n06744	n05456
n06744	n08250
n06745	n08272
n06746	n04701
n06746	n09681
n06747	n02908
n06747	n04925
n06748	n03206
n06749	n02149
n06749	n02656
n06749	n07338
n06749	n08829
n06750	n01889
n06750	n04056
n06750	n06730
n06750	n07752
n06750	n08831
n06750	n09678
n06750	n09679
n06751	n02149
n06751	n08285
n06751	n08830
n06751	n09674
n06751	n09675
n06751	n09680
n06752	n01356
n06753	n03134
n06754	n06057
n06755	n05893
n06756	n02149
n06756	n04053
n06756	n05723
n06756	n07028
n06756	n08830
n06756	n09674
n06756	n09675
n06756	n09680
n06756	n09697
n06757	n04173
n06757	n06485
n06757	n07812
n06758	n06064
n06759	n08264
n06759	n09676
n06760	n07028
n06761	n04380
n06762	n01949
n06763	n08306
n06764	n03250
n06764	n08831
n06765	n05873
n06766	n05355
n06766	n09817
n06767	n05036
n06767	n06504
n06768	n08249
n06769	n08914
n06770	n07396
n06771	n05130
n06772	n01682
n06772	n04273
n06772	n04929
n06772	n06762
n06773	n07392
n06773	n09698
n06774	n03762
n06775	n07754
n06775	n09681
n06776	n09846
n06777	n07367
n06778	n06075
n06779	n09753
n06780	n03141
n06781	n06274
n06782	n03289
n06783	n08349
n06784	n02964
n06785	n07854
n06786	n02039
n06787	n08263
n06787	n08869
n06788	n05361
n06789	n05262
n06790	n03297
n06791	n02149
n06791	n02656
n06791	n07338
n06791	n08245
n06791	n08829
n06791	n09673
n06792	n02387
n06792	n09673
n06793	n06274
n06793	n08255
n06794	n04946
n06795	n08358
n06796	n05153
n06797	n02059
n06798	n07052
n06798	n07394
n06799	n03570
n06800	n07349
n06800	n09876
n06801	n09676
n06801	n09811
n06802	n02149
n06802	n02656
n06802	n07338
n06802	n08829
n06802	n09673
n06803	n02499
n06803	n02558
n06804	n09876
n06805	n03820
n06806	n03136
n06807	n02149
n06807	n02656
n06807	n07338
n06807	n08829
n06807	n09673
n06808	n05343
n06808	n05723
n06808	n07033
n06808	n07339
n06808	n08830
n06808	n09674
n06808	n09675
n06809	n04063
n06810	n08246
n06810	n09808
n06811	n08294
n06812	n03824
n06812	n05583
n06813	n08995
n06814	n05269
n06815	n04176
n06815	n05262
n06815	n08842
n06816	n06778
n06816	n09676
n06817	n01344
n06817	n04053
n06817	n04565
n06817	n05343
n06817	n08245
n06818	n06307
n06819	n01356
n06819	n03708
n06820	n05920
n06821	n02149
n06821	n02656
n06821	n07338
n06821	n08245
n06821	n08829
n06821	n09673
n06822	n05478
n06822	n09809
n06823	n09948
n06824	n01358
n06824	n05363
n06825	n09011
n06826	n06103
n06826	n09679
n06827	n08915
n06828	n02656
n06828	n04173
n06828	n06485
n06828	n07338
n06828	n08246
n06828	n09673
n06829	n08969
n06829	n09827
n06830	n04701
n06830	n05134
n06830	n08998
n06831	n07040
n06832	n07362
n06832	n07829
n06832	n08406
n06832	n09820
n06833	n05906
n06834	n02149
n06834	n02656
n06834	n07338
n06834	n08829
n06834	n09673
n06835	n06273
n06835	n07425
n06836	n07752
n06836	n08247
n06836	n09050
n06836	n09677
n06837	n02656
n06837	n06485
n06837	n07338
n06837	n07341
n06837	n07752
n06837	n08246
n06837	n08253
n06837	n08831
n06837	n09678
n06837	n09679
n06838	n02656
n06839	n02656
n06839	n08246
n06839	n08828
n06839	n08831
n06840	n01356
n06840	n03708
n06841	n09860
n06842	n06761
n06843	n01344
n06843	n02442
n06843	n06730
n06843	n08831
n06843	n08832
n06843	n09678
n06844	n04586
n06845	n08986
n06846	n03624
n06847	n04339
n06848	n05020
n06848	n08249
n06849	n06547
n06850	n02408
n06850	n04173
n06850	n08246
n06851	n10055
n06852	n04173
n06852	n07028
n06852	n07339
n06852	n08830
n06852	n09675
n06852	n09783
n06853	n02656
n06854	n02408
n06854	n04053
n06854	n04565
n06854	n05343
n06854	n09674
n06854	n09675
n06855	n01344
n06855	n04053
n06855	n04565
n06855	n05343
n06855	n08245
n06857	n04768
n06857	n06730
n06857	n07752
n06857	n07806
n06857	n08247
n06857	n08830
n06857	n08831
n06857	n08923
n06857	n09678
n06858	n07902
n06858	n08888
n06859	n04173
n06859	n07338
n06859	n08246
n06860	n04229
n06860	n09073
n06861	n04283
n06862	n08984
n06863	n02656
n06864	n01356
n06864	n03708
n06865	n07450
n06866	n02369
n06866	n07390
n06866	n07866
n06867	n09056
n06868	n02149
n06868	n04053
n06868	n04173
n06868	n04565
n06868	n05343
n06868	n05723
n06868	n06485
n06868	n07028
n06868	n07338
n06868	n07339
n06868	n07340
n06868	n08245
n06868	n08246
n06868	n08828
n06868	n08829
n06868	n08830
n06868	n09673
n06868	n09674
n06868	n09675
n06868	n09676
n06868	n09677
n06869	n08912
n06870	n09127
n06871	n09695
n06872	n09806
n06873	n04565
n06873	n08245
n06874	n04770
n06874	n08345
n06875	n00480
n06876	n07380
n06878	n02656
n06879	n01653
n06880	n03104
n06880	n04648
n06881	n07339
n06881	n09677
n06881	n09700
n06882	n06102
n06882	n10008
n06882	n10204
n06882	n10205
n06883	n06782
n06883	n10061
n06884	n04173
n06884	n08245
n06884	n08275
n06885	n07048
n06885	n10059
n06886	n08920
n06886	n09957
n06887	n04173
n06887	n09127
n06888	n05573
n06888	n07788
n06888	n08829
n06888	n09673
n06888	n09677
n06889	n03675
n06890	n02149
n06890	n04173
n06890	n06485
n06890	n07338
n06890	n08245
n06890	n08246
n06890	n08828
n06890	n08829
n06890	n09673
n06891	n02149
n06891	n04173
n06891	n07338
n06891	n08245
n06891	n08829
n06891	n09673
n06892	n02918
n06893	n08287
n06893	n09076
n06894	n05484
n06894	n10152
n06895	n02149
n06895	n07338
n06895	n08245
n06895	n08829
n06895	n09673
n06896	n07427
n06897	n09789
n06898	n10093
n06899	n09924
n06899	n10096
n06900	n01356
n06900	n03708
n06901	n10213
n06902	n05934
n06902	n08942
n06903	n08337
n06903	n09764
n06904	n03888
n06905	n07324
n06906	n03769
n06906	n05583
n06906	n07118
n06906	n09010
n06907	n05873
n06907	n09718
n06908	n09676
n06908	n09937
n06909	n06512
n06909	n08419
n06910	n07148
n06911	n02445
n06911	n08897
n06911	n10188
n06912	n04190
n06912	n08539
n06913	n02149
n06913	n04173
n06913	n07338
n06913	n08245
n06913	n08829
n06913	n09673
n06914	n08436
n06915	n02656
n06915	n04173
n06915	n06485
n06915	n07338
n06915	n08246
n06915	n08828
n06915	n09673
n06916	n01344
n06916	n04053
n06916	n04565
n06916	n05343
n06916	n08245
n06917	n08460
n06918	n05538
n06918	n07339
n06918	n08384
n06918	n09674
n06919	n06582
n06920	n02408
n06920	n04054
n06920	n04768
n06920	n06730
n06920	n07028
n06920	n07341
n06920	n07752
n06920	n08247
n06920	n08831
n06920	n09678
n06920	n09679
n06920	n09680
n06921	n01344
n06921	n04053
n06921	n04565
n06921	n05343
n06921	n08245
n06922	n05156
n06922	n07168
n06923	n07095
n06924	n04646
n06924	n07532
n06925	n05477
n06926	n02408
n06926	n06591
n06926	n08247
n06926	n09675
n06927	n08318
n06927	n09681
n06929	n07989
n06929	n09146
n06930	n00481
n06930	n07761
n06931	n02707
n06931	n05894
n06931	n08267
n06932	n08019
n06933	n10084
n06933	n10085
n06934	n04447
n06935	n06863
n06936	n05903
n06937	n01107
n06937	n02107
n06937	n03343
n06937	n05595
n06937	n06304
n06938	n01989
n06939	n08956
n06939	n09786
n06939	n10457
n06940	n07520
n06940	n09674
n06941	n07934
n06942	n06485
n06942	n08246
n06942	n08411
n06943	n02149
n06943	n04053
n06943	n04173
n06943	n06485
n06943	n07338
n06943	n08245
n06943	n08246
n06943	n08828
n06943	n08829
n06943	n09673
n06944	n02408
n06944	n08538
n06945	n05873
n06945	n09718
n06945	n10359
n06946	n04053
n06946	n04565
n06946	n05343
n06946	n08245
n06947	n02656
n06948	n08670
n06949	n03527
n06950	n05954
n06950	n08361
n06950	n09029
n06951	n07485
n06951	n09014
n06952	n02750
n06952	n02912
n06952	n04789
n06952	n05795
n06953	n05392
n06953	n10291
n06954	n04799
n06955	n02149
n06955	n04053
n06955	n04173
n06955	n05723
n06955	n06485
n06955	n07338
n06955	n08245
n06955	n08246
n06955	n08828
n06955	n08829
n06955	n09673
n06956	n03433
n06956	n07188
n06957	n06599
n06958	n08078
n06959	n04965
n06959	n07189
n06960	n02149
n06960	n04053
n06960	n04173
n06960	n04565
n06960	n05343
n06960	n05723
n06960	n06485
n06960	n07028
n06960	n07338
n06960	n07339
n06960	n07340
n06960	n08245
n06960	n08246
n06960	n08828
n06960	n08829
n06960	n08830
n06960	n09673
n06960	n09674
n06960	n09675
n06960	n09676
n06960	n09677
n06961	n07869
n06961	n08852
n06962	n08852
n06962	n10180
n06963	n04173
n06963	n09287
n06964	n07830
n06965	n05890
n06966	n01109
n06967	n04053
n06967	n05343
n06967	n06268
n06967	n06282
n06967	n06873
n06968	n05297
n06968	n08829
n06968	n09673
n06969	n05770
n06969	n09997
n06970	n01356
n06971	n02149
n06971	n04053
n06971	n04173
n06971	n04565
n06971	n05343
n06971	n05723
n06971	n06485
n06971	n07028
n06971	n07338
n06971	n07339
n06971	n07340
n06971	n08245
n06971	n08246
n06971	n08828
n06971	n08829
n06971	n08830
n06971	n09673
n06971	n09674
n06971	n09675
n06971	n09676
n06971	n09677
n06972	n10365
n06973	n01344
n06973	n04053
n06973	n04565
n06973	n05343
n06973	n08245
n06974	n05949
n06975	n07758
n06976	n02149
n06976	n04053
n06976	n04173
n06976	n04565
n06976	n05343
n06976	n05723
n06976	n06485
n06976	n06730
n06976	n07028
n06976	n07339
n06976	n07752
n06976	n08246
n06976	n08247
n06976	n08828
n06976	n08830
n06976	n09674
n06976	n09675
n06976	n09676
n06976	n09677
n06976	n09680
n06977	n05306
n06977	n08619
n06978	n05625
n06978	n08249
n06978	n09930
n06979	n09214
n06980	n07960
n06981	n02408
n06981	n09678
n06982	n06170
n06982	n07204
n06982	n10379
n06983	n07973
n06983	n10317
n06984	n09775
n06984	n09910
n06984	n10484
n06985	n07120
n06986	n01344
n06986	n04053
n06986	n04565
n06986	n05343
n06986	n08245
n06987	n02149
n06987	n04053
n06987	n04173
n06987	n04565
n06987	n05343
n06987	n05723
n06987	n06485
n06987	n07028
n06987	n07338
n06987	n07339
n06987	n07340
n06987	n08245
n06987	n08246
n06987	n08828
n06987	n08829
n06987	n08830
n06987	n09673
n06987	n09674
n06987	n09675
n06987	n09676
n06987	n09677
n06988	n01750
n06988	n09718
n06989	n02149
n06989	n04053
n06989	n04173
n06989	n04565
n06989	n07028
n06989	n07339
n06989	n07752
n06989	n08246
n06989	n08828
n06989	n08830
n06989	n09674
n06989	n09675
n06989	n09676
n06989	n09678
n06990	n06884
n06991	n05882
n06991	n06730
n06991	n08831
n06991	n08832
n06991	n09678
n06992	n04173
n06992	n07338
n06992	n08246
n06993	n03187
n06994	n05150
n06994	n06876
n06994	n08510
n06995	n08417
n06996	n02408
n06996	n04768
n06996	n06730
n06996	n07028
n06996	n07752
n06996	n08247
n06996	n08831
n06996	n08832
n06996	n09678
n06996	n09679
n06997	n02394
n06998	n04053
n06998	n05343
n06998	n05723
n06998	n06268
n06998	n06485
n06998	n07028
n06998	n07338
n06998	n08246
n06998	n08828
n06998	n08830
n06998	n09673
n06998	n09674
n06998	n09675
n06998	n09677
n06998	n09703
n06999	n01891
n06999	n09620
n07000	n05469
n07000	n06730
n07001	n08936
n07002	n04699
n07002	n05723
n07002	n08829
n07002	n09673
n07002	n09674
n07002	n09677
n07003	n07434
n07003	n10138
n07004	n04153
n07005	n07783
n07005	n09322
n07005	n10459
n07006	n01356
n07006	n08828
n07007	n05659
n07007	n08105
n07008	n01344
n07008	n04053
n07008	n04565
n07008	n05343
n07008	n08245
n07009	n06730
n07009	n07028
n07009	n07752
n07009	n08247
n07009	n08831
n07009	n09674
n07010	n01356
n07010	n03708
n07011	n02886
n07012	n06351
n07012	n08829
n07013	n02760
n07013	n07111
n07013	n08828
n07014	n04754
n07015	n04455
n07015	n06599
n07016	n06608
n07016	n10097
n07017	n04300
n07018	n03482
n07018	n05171
n07018	n05892
n07019	n04784
n07019	n06553
n07019	n09953
n07020	n05177
n07020	n08967
n07020	n09174
n07021	n03347
n07021	n07197
n07021	n08409
n07022	n05636
n07023	n04982
n07023	n06159
n07023	n07547
n07024	n05517
n07025	n06566
n07025	n07191
n07026	n09673
n07026	n10276
n07027	n07248
n07030	n09679
n07031	n06265
n07031	n07340
n07032	n04053
n07032	n04173
n07032	n04565
n07032	n07338
n07033	n02149
n07033	n04053
n07033	n04173
n07033	n04565
n07033	n06485
n07033	n07028
n07033	n07338
n07033	n07340
n07033	n08245
n07033	n08246
n07033	n08829
n07033	n09673
n07034	n02149
n07034	n04053
n07034	n05723
n07034	n07028
n07034	n08830
n07034	n09674
n07034	n09675
n07034	n09697
n07035	n07760
n07035	n08252
n07036	n09685
n07037	n04628
n07037	n06730
n07037	n07752
n07037	n08247
n07037	n08831
n07038	n01356
n07039	n02149
n07039	n04173
n07039	n06485
n07039	n07338
n07039	n08829
n07039	n09673
n07040	n02149
n07040	n07028
n07041	n08848
n07042	n02408
n07042	n04173
n07042	n04768
n07042	n07341
n07042	n08831
n07043	n04219
n07043	n08834
n07043	n09693
n07044	n07763
n07045	n09673
n07045	n09716
n07046	n04434
n07046	n06047
n07047	n07041
n07048	n05877
n07048	n09730
n07049	n08841
n07050	n09719
n07051	n02656
n07051	n07039
n07051	n08245
n07051	n08246
n07051	n08828
n07052	n04053
n07052	n08245
n07052	n08246
n07052	n08828
n07052	n09684
n07053	n05730
n07053	n08259
n07053	n09694
n07054	n03879
n07055	n02408
n07055	n04054
n07055	n05456
n07055	n06730
n07055	n07028
n07055	n07752
n07055	n08247
n07055	n08831
n07055	n09678
n07055	n09679
n07055	n09680
n07056	n08885
n07057	n03819
n07058	n01565
n07058	n07766
n07059	n02149
n07059	n04053
n07059	n04173
n07059	n04565
n07059	n05343
n07059	n06485
n07059	n07028
n07059	n07339
n07059	n08246
n07060	n05021
n07060	n05459
n07060	n08303
n07061	n07058
n07062	n01356
n07062	n03708
n07062	n09695
n07063	n05140
n07063	n09687
n07064	n04847
n07064	n08315
n07065	n00186
n07066	n03432
n07067	n02656
n07068	n06267
n07068	n08302
n07069	n08898
n07070	n05879
n07070	n07339
n07070	n08830
n07070	n09812
n07071	n02149
n07071	n07338
n07071	n08829
n07071	n09704
n07072	n02149
n07072	n04053
n07072	n04173
n07072	n04565
n07072	n05343
n07072	n05723
n07072	n06485
n07072	n07028
n07072	n07338
n07072	n07339
n07072	n07340
n07072	n08245
n07072	n08246
n07072	n08828
n07072	n08830
n07072	n09673
n07072	n09674
n07072	n09675
n07072	n09677
n07073	n06055
n07073	n08248
n07073	n08260
n07074	n02149
n07074	n02656
n07074	n07338
n07074	n08829
n07075	n02408
n07075	n04054
n07075	n05456
n07075	n06730
n07075	n07028
n07075	n07752
n07075	n08247
n07075	n08250
n07075	n09678
n07075	n09679
n07076	n07770
n07076	n08925
n07076	n09811
n07077	n02408
n07077	n04054
n07077	n05456
n07077	n06730
n07077	n07028
n07077	n07752
n07077	n08247
n07077	n08250
n07077	n09678
n07077	n09679
n07078	n08333
n07079	n09841
n07080	n06054
n07080	n09792
n07081	n01344
n07081	n04053
n07081	n04565
n07081	n05343
n07081	n08245
n07082	n02656
n07083	n05129
n07083	n06055
n07083	n06486
n07083	n08248
n07084	n07339
n07084	n07762
n07084	n09674
n07084	n09675
n07084	n09677
n07085	n01434
n07085	n07761
n07086	n02149
n07086	n04053
n07086	n04565
n07086	n05343
n07086	n07338
n07086	n08245
n07086	n09673
n07087	n08348
n07088	n07825
n07089	n07444
n07090	n06074
n07090	n09679
n07091	n04270
n07091	n08245
n07092	n07339
n07092	n07762
n07093	n02409
n07093	n04186
n07094	n02149
n07094	n04053
n07094	n04173
n07094	n04565
n07094	n05343
n07094	n05723
n07094	n06485
n07094	n07028
n07094	n07338
n07094	n07339
n07094	n07340
n07094	n08245
n07094	n08246
n07094	n09673
n07094	n09674
n07094	n09675
n07095	n07443
n07096	n09773
n07097	n02283
n07097	n05032
n07098	n08298
n07098	n09903
n07099	n02149
n07099	n04053
n07099	n04173
n07099	n04565
n07099	n05343
n07099	n05723
n07099	n06485
n07099	n07028
n07099	n07338
n07099	n07339
n07099	n07340
n07099	n08245
n07099	n08246
n07099	n08828
n07099	n08829
n07099	n08830
n07099	n09673
n07099	n09674
n07099	n09675
n07099	n09676
n07099	n09677
n07100	n06297
n07101	n04859
n07102	n05902
n07102	n09673
n07103	n03523
n07103	n07356
n07103	n09816
n07104	n08889
n07105	n09854
n07106	n02149
n07106	n02656
n07106	n08829
n07107	n04699
n07107	n05723
n07107	n08829
n07107	n09673
n07107	n09674
n07107	n09677
n07108	n05039
n07108	n08974
n07109	n06488
n07109	n07382
n07110	n02149
n07110	n04053
n07110	n04173
n07110	n04565
n07110	n05343
n07110	n05723
n07110	n06485
n07110	n07338
n07110	n07339
n07110	n07340
n07110	n08245
n07110	n08828
n07110	n08830
n07110	n09675
n07110	n09677
n07111	n02176
n07111	n02624
n07111	n02710
n07111	n09795
n07112	n08245
n07113	n10077
n07114	n06524
n07115	n01356
n07115	n03708
n07116	n03878
n07116	n08246
n07116	n09676
n07117	n03769
n07117	n06812
n07118	n03824
n07118	n09673
n07119	n08385
n07120	n04781
n07120	n04942
n07120	n06082
n07121	n01344
n07121	n04053
n07121	n04565
n07121	n05343
n07121	n08245
n07122	n09939
n07123	n02408
n07123	n04768
n07123	n06730
n07123	n07028
n07123	n07341
n07123	n07752
n07123	n08247
n07123	n08831
n07123	n09679
n07123	n09680
n07124	n10010
n07125	n03382
n07125	n03389
n07125	n06276
n07126	n09019
n07126	n09904
n07127	n06775
n07127	n09976
n07128	n02408
n07128	n04768
n07128	n07028
n07128	n07341
n07128	n08831
n07129	n04777
n07129	n08307
n07130	n05162
n07130	n06485
n07130	n08246
n07131	n06529
n07131	n08848
n07132	n09757
n07132	n09958
n07133	n04850
n07133	n05259
n07134	n05930
n07135	n01058
n07135	n02498
n07136	n04934
n07137	n03343
n07137	n05595
n07137	n06304
n07138	n09045
n07138	n09680
n07139	n06546
n07140	n02149
n07140	n04173
n07140	n06485
n07140	n07338
n07140	n08245
n07140	n08246
n07140	n08828
n07140	n08829
n07140	n09673
n07141	n08924
n07141	n10056
n07142	n04173
n07142	n04565
n07142	n06485
n07143	n06062
n07144	n05187
n07145	n08248
n07145	n08260
n07145	n09688
n07146	n06528
n07147	n07340
n07147	n07770
n07147	n09676
n07148	n01714
n07148	n01770
n07148	n08897
n07149	n01787
n07149	n04284
n07150	n10135
n07151	n07395
n07152	n07398
n07153	n00608
n07154	n00514
n07154	n05723
n07154	n09674
n07155	n03721
n07157	n09972
n07157	n09973
n07158	n08282
n07158	n08436
n07159	n02411
n07159	n04713
n07160	n04232
n07161	n06341
n07162	n10051
n07163	n03827
n07164	n09030
n07165	n00820
n07166	n02582
n07166	n04132
n07166	n09724
n07166	n09804
n07167	n04565
n07167	n05172
n07167	n08245
n07168	n08835
n07169	n04173
n07169	n04565
n07169	n06485
n07169	n07028
n07169	n08830
n07169	n09674
n07169	n09675
n07170	n03433
n07171	n04645
n07172	n04784
n07173	n02372
n07173	n03623
n07174	n06830
n07175	n02149
n07175	n04053
n07175	n04173
n07175	n04565
n07175	n05343
n07175	n05723
n07175	n06485
n07175	n07028
n07175	n07338
n07175	n07339
n07175	n07340
n07175	n08245
n07175	n08246
n07175	n08828
n07175	n08829
n07175	n08830
n07175	n09673
n07175	n09674
n07175	n09675
n07175	n09676
n07175	n09677
n07176	n01344
n07176	n04053
n07176	n04565
n07176	n05343
n07176	n08245
n07177	n07223
n07177	n09675
n07177	n09676
n07178	n01437
n07179	n01356
n07180	n05279
n07181	n02656
n07181	n07876
n07182	n02656
n07182	n08952
n07183	n01281
n07183	n04053
n07183	n05343
n07183	n09674
n07184	n05510
n07184	n06528
n07185	n06814
n07186	n06337
n07186	n07057
n07187	n01344
n07187	n04565
n07187	n05343
n07188	n03004
n07188	n03573
n07189	n10072
n07190	n02149
n07190	n04053
n07190	n04173
n07190	n04565
n07190	n05343
n07190	n05723
n07190	n06485
n07190	n07028
n07190	n07339
n07190	n07340
n07190	n08245
n07190	n08246
n07190	n08828
n07190	n08830
n07190	n09673
n07190	n09674
n07190	n09676
n07190	n09677
n07191	n04946
n07191	n09897
n07192	n01397
n07193	n04949
n07194	n07082
n07195	n06571
n07195	n07856
n07195	n08452
n07196	n06807
n07197	n09970
n07198	n02408
n07198	n04768
n07198	n06730
n07198	n07341
n07198	n07752
n07198	n08831
n07198	n09678
n07198	n09679
n07199	n02555
n07199	n03001
n07199	n04390
n07199	n05166
n07199	n07047
n07200	n02149
n07200	n04053
n07200	n04173
n07200	n04565
n07200	n05343
n07200	n05723
n07200	n06485
n07200	n07028
n07200	n07338
n07200	n07340
n07200	n08829
n07201	n02149
n07201	n04053
n07201	n04173
n07201	n04565
n07201	n05343
n07201	n05723
n07201	n06485
n07201	n07028
n07201	n07338
n07201	n07339
n07201	n07340
n07201	n08245
n07201	n08246
n07201	n08828
n07201	n08829
n07201	n08830
n07201	n09673
n07201	n09674
n07201	n09675
n07201	n09676
n07201	n09677
n07202	n01380
n07202	n08249
n07203	n06851
n07203	n08830
n07203	n10105
n07204	n04182
n07205	n04565
n07205	n05343
n07205	n09674
n07206	n07501
n07207	n01919
n07208	n03771
n07208	n06789
n07209	n09302
n07209	n09941
n07210	n08864
n07210	n09674
n07210	n09675
n07210	n09689
n07210	n09732
n07211	n06852
n07211	n08246
n07211	n09724
n07211	n10373
n07212	n02582
n07212	n04132
n07212	n07339
n07212	n08246
n07212	n08830
n07212	n09675
n07212	n09724
n07212	n09783
n07212	n09804
n07213	n01356
n07214	n03435
n07214	n06752
n07215	n01356
n07216	n05343
n07216	n08506
n07216	n09674
n07217	n04896
n07217	n07338
n07217	n07346
n07218	n01448
n07218	n08840
n07219	n05025
n07219	n08246
n07219	n08828
n07219	n09684
n07219	n09691
n07220	n00743
n07221	n02149
n07221	n02656
n07222	n10196
n07223	n06881
n07223	n10134
n07224	n01356
n07224	n03708
n07225	n04630
n07225	n05061
n07226	n05163
n07226	n07125
n07226	n07434
n07227	n04053
n07227	n08245
n07227	n08246
n07227	n08828
n07227	n09684
n07228	n02656
n07229	n05064
n07230	n07754
n07230	n08251
n07230	n09681
n07231	n01485
n07231	n04780
n07232	n05499
n07232	n07817
n07232	n08383
n07233	n02149
n07233	n04053
n07233	n04173
n07233	n04565
n07233	n05343
n07233	n06485
n07233	n06730
n07233	n07028
n07233	n07339
n07233	n08246
n07233	n08830
n07234	n02149
n07234	n04173
n07234	n04565
n07234	n05343
n07234	n06485
n07234	n09674
n07234	n09675
n07235	n05965
n07235	n09820
n07236	n04054
n07236	n06558
n07236	n08832
n07236	n10023
n07237	n02658
n07237	n07120
n07237	n09803
n07238	n02757
n07239	n04453
n07240	n04173
n07240	n04337
n07240	n08246
n07240	n08828
n07240	n08830
n07240	n09674
n07240	n09675
n07241	n01344
n07241	n04053
n07241	n05343
n07241	n08245
n07242	n10331
n07243	n03720
n07244	n01241
n07244	n02970
n07245	n07514
n07246	n04274
n07246	n09193
n07247	n02656
n07248	n03356
n07249	n07850
n07249	n09674
n07249	n09676
n07249	n09677
n07250	n01356
n07251	n02149
n07251	n07338
n07251	n08245
n07251	n08829
n07251	n09673
n07252	n07788
n07252	n09698
n07253	n10355
n07254	n09754
n07254	n10004
n07255	n09266
n07255	n10098
n07256	n05632
n07257	n02149
n07257	n04053
n07257	n04173
n07257	n04565
n07257	n05343
n07257	n05723
n07257	n06485
n07257	n07028
n07257	n07338
n07257	n07339
n07257	n07340
n07257	n08246
n07257	n08828
n07257	n08829
n07257	n08830
n07257	n09673
n07257	n09674
n07257	n09675
n07257	n09676
n07257	n09677
n07258	n04269
n07258	n06059
n07259	n01344
n07259	n04053
n07259	n04565
n07259	n05343
n07259	n08245
n07261	n07520
n07261	n09674
n07262	n07129
n07262	n08398
n07262	n10108
n07263	n02408
n07263	n07028
n07264	n03939
n07264	n09172
n07265	n06883
n07266	n01344
n07266	n04053
n07266	n04565
n07266	n05343
n07267	n10321
n07268	n01356
n07268	n09185
n07269	n01344
n07270	n05154
n07270	n07800
n07270	n08907
n07270	n09726
n07270	n09743
n07271	n04223
n07271	n05512
n07272	n07087
n07272	n10140
n07273	n02531
n07273	n07881
n07273	n09743
n07274	n10129
n07275	n01653
n07276	n03067
n07276	n07855
n07276	n09001
n07277	n08982
n07278	n05974
n07279	n02149
n07279	n07338
n07279	n08245
n07279	n08829
n07279	n09042
n07280	n01383
n07280	n07541
n07281	n06169
n07281	n08334
n07281	n10441
n07282	n09859
n07283	n09091
n07284	n06609
n07285	n09270
n07286	n10471
n07287	n04659
n07287	n08246
n07287	n08442
n07287	n08830
n07287	n08914
n07287	n09675
n07287	n09676
n07287	n09783
n07288	n03939
n07288	n07593
n07289	n05636
n07290	n04053
n07290	n04565
n07290	n05343
n07290	n08245
n07290	n09677
n07291	n02149
n07291	n04053
n07291	n04173
n07291	n04565
n07291	n05343
n07291	n05723
n07291	n06485
n07291	n07028
n07291	n07338
n07291	n07339
n07291	n07340
n07291	n08245
n07291	n08246
n07291	n08828
n07291	n08829
n07291	n08830
n07291	n09673
n07291	n09674
n07291	n09675
n07291	n09676
n07291	n09677
n07292	n05417
n07292	n07095
n07293	n02750
n07293	n02912
n07293	n08046
n07293	n10118
n07294	n08022
n07294	n10343
n07295	n02149
n07295	n04053
n07295	n04565
n07295	n05343
n07295	n05723
n07295	n07338
n07295	n08245
n07296	n01344
n07296	n09696
n07297	n08446
n07298	n05313
n07299	n04869
n07299	n09000
n07299	n09896
n07300	n04489
n07300	n06346
n07300	n06561
n07301	n04594
n07302	n02656
n07303	n08625
n07304	n10194
n07305	n02656
n07306	n04565
n07306	n06405
n07307	n08533
n07307	n09343
n07307	n10368
n07308	n02149
n07308	n02656
n07308	n07338
n07308	n08829
n07308	n09673
n07309	n02408
n07309	n04054
n07309	n04768
n07309	n05457
n07309	n06730
n07309	n07028
n07309	n07341
n07309	n07752
n07309	n08247
n07309	n08831
n07309	n08832
n07309	n09678
n07309	n09679
n07309	n09680
n07310	n01327
n07310	n08575
n07310	n08975
n07311	n01344
n07311	n04053
n07311	n04565
n07311	n05343
n07311	n08245
n07312	n02116
n07313	n02023
n07313	n05582
n07313	n07524
n07314	n01236
n07315	n05636
n07315	n05892
n07316	n08046
n07316	n10405
n07317	n03687
n07317	n06565
n07318	n02627
n07318	n08288
n07319	n04200
n07319	n10312
n07320	n03639
n07321	n01409
n07322	n02009
n07323	n08616
n07324	n03179
n07324	n05415
n07325	n01771
n07325	n07595
n07326	n04803
n07327	n01348
n07328	n02195
n07328	n03830
n07329	n06174
n07329	n07840
n07330	n02750
n07330	n02912
n07330	n04789
n07330	n05647
n07330	n05795
n07331	n02418
n07332	n07591
n07333	n10394
n07334	n05283
n07335	n03302
n07335	n09283
n07336	n06156
n07337	n04204
n07342	n02408
n07342	n06730
n07342	n07028
n07342	n07752
n07342	n08247
n07342	n08832
n07342	n09678
n07342	n09679
n07343	n04055
n07344	n01344
n07344	n04053
n07344	n05343
n07345	n01356
n07345	n03708
n07345	n09695
n07346	n09691
n07347	n01356
n07347	n03708
n07348	n01356
n07348	n07758
n07349	n07339
n07350	n05131
n07351	n01344
n07351	n04053
n07351	n04565
n07351	n05343
n07351	n08245
n07352	n08268
n07353	n02149
n07353	n04053
n07353	n04173
n07353	n04565
n07353	n05723
n07353	n06485
n07353	n07028
n07353	n07338
n07353	n07339
n07353	n08246
n07353	n08828
n07353	n08830
n07353	n09674
n07353	n09675
n07353	n09676
n07353	n09677
n07354	n02149
n07354	n02656
n07355	n02149
n07356	n07028
n07356	n07339
n07356	n08829
n07356	n09677
n07356	n09688
n07357	n02149
n07357	n04053
n07357	n04173
n07357	n04565
n07357	n05343
n07357	n05723
n07357	n06485
n07357	n07028
n07357	n07338
n07357	n07339
n07357	n08245
n07357	n08246
n07357	n08828
n07357	n08829
n07357	n08830
n07357	n09673
n07357	n09675
n07357	n09676
n07357	n09677
n07358	n05027
n07359	n02850
n07360	n02149
n07360	n04173
n07360	n04565
n07360	n05343
n07360	n05723
n07360	n06485
n07360	n07028
n07360	n07338
n07360	n07339
n07360	n07340
n07360	n08246
n07360	n08828
n07360	n08829
n07360	n08830
n07360	n09673
n07360	n09675
n07360	n09676
n07360	n09677
n07361	n09675
n07361	n09682
n07362	n07793
n07363	n02408
n07363	n04173
n07363	n04768
n07363	n07752
n07363	n08246
n07363	n08831
n07363	n09678
n07363	n09679
n07364	n05343
n07364	n08245
n07364	n08254
n07364	n08829
n07365	n07028
n07365	n07752
n07365	n08844
n07365	n09678
n07366	n05255
n07367	n01356
n07367	n03708
n07368	n05728
n07369	n03380
n07369	n09673
n07370	n06730
n07370	n09678
n07371	n05874
n07371	n07341
n07372	n04173
n07372	n06730
n07372	n07752
n07372	n09678
n07372	n09679
n07373	n02408
n07373	n04173
n07373	n04768
n07373	n06730
n07373	n07752
n07373	n08247
n07373	n08831
n07373	n09674
n07373	n09675
n07373	n09678
n07373	n09679
n07373	n09680
n07374	n05028
n07375	n05025
n07375	n07756
n07375	n09684
n07376	n02149
n07376	n04053
n07376	n04173
n07376	n04565
n07376	n05343
n07376	n05723
n07376	n06485
n07376	n07338
n07376	n07339
n07376	n07340
n07376	n08245
n07376	n08246
n07376	n08830
n07376	n09674
n07376	n09677
n07377	n06734
n07377	n08861
n07378	n04701
n07378	n09681
n07379	n07783
n07379	n08256
n07380	n01356
n07380	n03708
n07381	n07355
n07382	n02621
n07383	n08873
n07383	n09707
n07384	n09684
n07384	n09734
n07385	n04570
n07386	n05878
n07387	n02408
n07387	n04054
n07387	n04768
n07387	n06730
n07387	n07028
n07387	n07341
n07387	n07752
n07387	n08247
n07387	n08831
n07387	n09678
n07387	n09679
n07388	n05578
n07389	n06049
n07389	n07339
n07389	n08246
n07389	n08267
n07389	n08829
n07389	n09678
n07390	n09801
n07391	n04273
n07391	n04929
n07392	n02149
n07392	n04053
n07392	n04173
n07392	n04565
n07392	n05343
n07392	n06485
n07392	n07340
n07392	n08245
n07392	n08828
n07392	n09674
n07394	n04053
n07394	n07051
n07394	n09684
n07395	n09685
n07395	n09784
n07396	n09781
n07397	n08356
n07398	n09683
n07399	n09778
n07400	n08276
n07400	n08318
n07401	n05028
n07402	n01669
n07403	n09872
n07404	n06747
n07404	n07028
n07404	n09674
n07405	n08341
n07406	n04856
n07407	n05897
n07407	n09825
n07408	n09848
n07409	n02997
n07409	n06753
n07410	n08328
n07410	n09699
n07411	n07754
n07411	n08251
n07412	n07340
n07412	n08865
n07412	n08921
n07413	n02283
n07413	n09770
n07414	n03204
n07414	n09854
n07415	n02408
n07415	n07028
n07415	n08831
n07416	n09880
n07417	n06757
n07417	n07830
n07417	n08957
n07418	n07813
n07418	n09822
n07419	n09818
n07420	n06290
n07421	n04575
n07422	n02913
n07424	n02149
n07424	n06485
n07424	n07340
n07424	n08828
n07424	n09674
n07424	n09698
n07425	n07070
n07425	n07777
n07426	n09882
n07427	n09764
n07428	n02408
n07428	n04173
n07428	n04768
n07428	n06730
n07428	n07028
n07428	n07752
n07428	n08247
n07428	n08831
n07428	n09674
n07428	n09675
n07428	n09678
n07428	n09679
n07428	n09680
n07429	n01356
n07429	n07786
n07430	n06792
n07431	n08925
n07432	n00779
n07433	n06291
n07434	n01949
n07435	n02819
n07435	n04225
n07436	n02408
n07436	n05160
n07436	n07752
n07436	n09679
n07437	n01344
n07437	n04053
n07437	n04565
n07437	n05343
n07437	n08245
n07438	n05873
n07438	n09718
n07439	n05467
n07439	n08864
n07440	n06487
n07440	n07795
n07441	n02039
n07441	n03515
n07441	n09707
n07442	n09936
n07443	n02149
n07443	n04053
n07443	n04173
n07443	n04565
n07443	n05343
n07443	n05723
n07443	n06485
n07443	n07028
n07443	n07338
n07443	n07339
n07443	n07340
n07443	n08245
n07443	n08246
n07443	n08828
n07443	n08829
n07443	n08830
n07443	n09673
n07443	n09674
n07443	n09675
n07443	n09677
n07444	n03526
n07445	n04173
n07445	n08246
n07446	n08870
n07447	n02149
n07447	n07338
n07447	n08829
n07448	n05042
n07449	n08927
n07450	n08927
n07451	n03207
n07451	n04946
n07451	n05144
n07451	n09681
n07452	n07099
n07453	n05466
n07453	n07775
n07453	n08360
n07454	n08414
n07455	n07427
n07456	n06076
n07456	n06514
n07456	n07802
n07456	n08331
n07457	n06485
n07457	n08246
n07457	n08828
n07457	n09673
n07457	n09956
n07458	n03939
n07458	n09791
n07459	n02408
n07459	n04768
n07459	n07341
n07459	n08831
n07460	n06078
n07461	n02408
n07461	n04054
n07461	n04768
n07461	n06730
n07461	n07028
n07461	n07341
n07461	n07752
n07461	n08247
n07461	n08831
n07461	n09678
n07461	n09679
n07461	n09680
n07463	n05364
n07464	n06773
n07464	n07424
n07465	n07887
n07466	n02149
n07466	n04053
n07466	n04173
n07466	n04565
n07466	n05723
n07466	n06485
n07466	n07028
n07466	n07339
n07466	n08246
n07466	n08247
n07466	n08828
n07466	n08830
n07466	n09674
n07466	n09675
n07466	n09676
n07466	n09677
n07467	n03062
n07468	n06487
n07468	n07755
n07469	n09802
n07470	n06485
n07470	n06730
n07470	n07042
n07470	n07752
n07471	n02149
n07471	n04053
n07471	n04173
n07471	n04565
n07471	n05723
n07471	n06485
n07471	n07028
n07471	n07339
n07471	n08246
n07471	n08828
n07471	n08830
n07471	n09673
n07471	n09676
n07472	n02656
n07472	n04173
n07472	n06485
n07472	n08246
n07472	n08828
n07472	n08831
n07473	n01625
n07474	n02149
n07474	n05723
n07474	n07338
n07474	n07339
n07474	n07340
n07474	n08245
n07474	n08246
n07474	n08828
n07474	n08829
n07474	n08830
n07474	n09673
n07474	n09674
n07474	n09677
n07475	n02149
n07475	n04053
n07475	n04173
n07475	n04565
n07475	n05343
n07475	n05723
n07475	n06485
n07475	n07028
n07475	n07338
n07475	n07339
n07475	n07340
n07475	n08245
n07475	n08246
n07475	n08828
n07475	n08829
n07475	n08830
n07475	n09673
n07475	n09675
n07475	n09676
n07475	n09677
n07476	n01408
n07476	n04053
n07476	n05343
n07476	n09673
n07476	n09674
n07477	n08321
n07477	n09734
n07478	n09967
n07479	n01356
n07480	n02656
n07480	n04173
n07480	n06485
n07480	n07338
n07480	n08246
n07480	n08828
n07480	n09673
n07481	n01717
n07481	n02502
n07482	n06099
n07482	n07401
n07482	n08320
n07483	n03290
n07483	n06782
n07484	n08952
n07485	n08248
n07485	n08471
n07486	n07932
n07487	n08245
n07487	n10036
n07488	n04141
n07488	n07758
n07488	n09086
n07489	n05599
n07490	n01356
n07490	n08829
n07491	n02149
n07491	n04053
n07491	n04173
n07491	n04565
n07491	n05343
n07491	n05723
n07491	n06485
n07491	n07028
n07491	n07338
n07491	n07339
n07491	n07340
n07491	n08245
n07491	n08246
n07491	n08828
n07491	n08829
n07491	n08830
n07491	n09673
n07491	n09674
n07491	n09675
n07491	n09676
n07491	n09677
n07492	n00978
n07492	n04180
n07492	n09088
n07492	n09673
n07493	n05761
n07494	n02656
n07495	n02656
n07495	n03708
n07496	n05365
n07496	n09728
n07497	n02408
n07497	n04173
n07497	n07028
n07497	n09675
n07498	n10020
n07499	n01344
n07499	n04053
n07499	n04565
n07499	n05343
n07499	n08245
n07500	n07345
n07500	n07820
n07501	n04147
n07502	n08046
n07503	n08430
n07504	n07752
n07504	n07797
n07504	n08247
n07504	n08832
n07504	n08978
n07504	n09679
n07505	n03515
n07505	n09768
n07506	n04787
n07508	n07475
n07509	n02149
n07509	n04053
n07509	n04173
n07509	n04565
n07509	n05343
n07509	n05723
n07509	n06485
n07509	n07028
n07509	n07338
n07509	n07339
n07509	n07340
n07509	n08245
n07509	n08246
n07509	n08828
n07509	n08829
n07509	n08830
n07509	n09673
n07509	n09674
n07509	n09675
n07509	n09676
n07509	n09677
n07510	n04338
n07510	n04507
n07510	n05144
n07510	n06746
n07510	n09757
n07510	n09897
n07511	n05621
n07512	n02149
n07512	n04053
n07512	n04173
n07512	n04565
n07512	n05343
n07512	n05723
n07512	n06485
n07512	n07338
n07512	n07339
n07512	n07340
n07512	n08245
n07512	n08246
n07512	n08828
n07512	n08829
n07512	n09673
n07512	n09676
n07513	n01356
n07513	n03708
n07514	n03069
n07515	n09712
n07516	n04948
n07516	n05745
n07516	n06510
n07517	n05279
n07518	n08299
n07518	n09120
n07519	n07099
n07519	n09700
n07520	n01164
n07520	n07116
n07521	n04290
n07522	n08834
n07522	n09692
n07523	n05766
n07523	n06103
n07523	n06506
n07523	n07779
n07523	n09006
n07524	n04854
n07525	n01256
n07526	n10063
n07527	n00942
n07527	n01716
n07528	n07934
n07529	n01203
n07529	n10119
n07530	n09937
n07531	n02408
n07531	n04173
n07531	n07028
n07531	n07752
n07531	n08831
n07531	n09675
n07531	n09680
n07532	n03441
n07532	n09939
n07533	n04145
n07533	n09850
n07533	n09959
n07534	n06867
n07534	n10196
n07535	n09976
n07536	n02149
n07536	n04053
n07536	n04173
n07536	n04565
n07536	n05343
n07536	n05723
n07536	n06485
n07536	n07028
n07536	n07338
n07536	n07339
n07536	n07340
n07536	n08245
n07536	n08246
n07536	n08829
n07536	n08830
n07536	n08943
n07536	n09673
n07536	n09674
n07536	n09675
n07537	n02149
n07537	n02656
n07537	n04173
n07537	n07338
n07537	n08829
n07537	n09673
n07538	n03669
n07539	n06807
n07539	n08245
n07540	n08451
n07541	n02111
n07541	n05937
n07541	n07895
n07542	n04173
n07542	n06485
n07542	n09117
n07543	n06730
n07543	n07752
n07543	n09678
n07544	n08453
n07545	n02149
n07545	n04053
n07545	n04173
n07545	n04565
n07545	n05343
n07545	n05723
n07545	n06485
n07545	n07028
n07545	n07339
n07545	n07340
n07545	n08245
n07545	n08246
n07545	n08828
n07545	n08829
n07545	n08830
n07545	n09673
n07545	n09674
n07545	n09675
n07545	n09676
n07545	n09677
n07546	n02149
n07546	n04053
n07546	n04173
n07546	n04565
n07546	n05343
n07546	n05723
n07546	n06485
n07546	n07028
n07546	n07339
n07547	n07850
n07548	n06505
n07549	n01499
n07550	n07955
n07551	n05275
n07551	n09928
n07552	n06318
n07552	n09928
n07553	n06051
n07553	n07755
n07553	n07795
n07553	n07844
n07554	n10212
n07555	n01344
n07555	n04053
n07555	n04565
n07555	n05343
n07555	n08245
n07556	n09905
n07557	n10065
n07558	n08930
n07559	n02149
n07559	n08245
n07560	n02149
n07560	n04053
n07560	n04173
n07560	n04565
n07560	n05343
n07560	n06485
n07560	n07028
n07560	n07339
n07560	n08245
n07560	n08246
n07560	n08828
n07560	n08830
n07560	n09674
n07560	n09675
n07561	n06135
n07562	n10172
n07563	n02005
n07563	n07901
n07563	n07957
n07564	n08443
n07565	n08246
n07565	n08367
n07565	n09678
n07565	n09679
n07565	n09680
n07566	n02149
n07566	n04053
n07566	n04173
n07566	n04565
n07566	n05343
n07566	n05723
n07566	n06485
n07566	n07028
n07566	n07338
n07566	n07339
n07566	n07340
n07566	n08245
n07566	n08246
n07566	n08828
n07566	n08829
n07566	n08830
n07566	n09673
n07566	n09674
n07566	n09675
n07566	n09676
n07567	n01356
n07568	n10151
n07569	n02108
n07570	n02408
n07571	n07141
n07572	n06901
n07573	n07455
n07574	n02656
n07574	n07951
n07575	n07126
n07576	n10048
n07577	n05390
n07577	n07249
n07578	n07547
n07578	n09674
n07578	n09676
n07578	n09677
n07579	n07099
n07579	n10049
n07580	n04731
n07580	n08849
n07581	n09420
n07582	n07851
n07582	n10222
n07583	n01344
n07583	n04053
n07583	n04565
n07583	n05343
n07583	n08245
n07584	n05146
n07584	n06580
n07585	n05814
n07585	n07211
n07586	n06367
n07587	n10164
n07587	n10315
n07588	n05174
n07589	n02658
n07589	n05873
n07589	n07773
n07590	n03537
n07590	n09027
n07591	n07156
n07591	n08402
n07592	n05728
n07592	n07441
n07593	n04091
n07594	n03939
n07594	n06157
n07594	n09172
n07595	n01344
n07595	n04053
n07595	n04565
n07595	n05343
n07595	n08245
n07596	n04173
n07596	n04565
n07596	n05723
n07596	n06485
n07596	n07339
n07596	n08246
n07596	n09676
n07596	n10063
n07597	n04053
n07597	n04565
n07597	n05343
n07597	n08245
n07598	n07978
n07599	n06852
n07599	n09674
n07599	n10053
n07600	n02442
n07600	n07037
n07600	n08832
n07600	n09678
n07600	n09679
n07600	n09680
n07601	n06355
n07601	n10231
n07602	n07458
n07602	n09673
n07603	n05191
n07604	n05522
n07605	n02408
n07605	n06172
n07606	n09685
n07607	n05477
n07607	n06494
n07608	n02408
n07608	n04173
n07608	n04768
n07608	n06730
n07608	n07028
n07608	n07752
n07608	n08246
n07608	n08247
n07608	n08831
n07608	n09674
n07608	n09675
n07608	n09678
n07608	n09679
n07608	n09680
n07609	n04182
n07610	n03442
n07610	n10335
n07611	n06117
n07611	n06804
n07612	n07082
n07613	n08287
n07613	n10137
n07613	n10201
n07614	n03946
n07614	n06786
n07615	n04771
n07616	n10263
n07617	n02656
n07618	n07591
n07619	n02149
n07619	n04053
n07619	n04173
n07619	n04565
n07619	n05343
n07619	n05723
n07619	n06485
n07619	n07028
n07619	n07338
n07619	n07339
n07619	n07340
n07619	n08245
n07619	n08246
n07619	n08828
n07619	n08829
n07619	n08830
n07619	n09673
n07619	n09674
n07619	n09675
n07619	n09676
n07619	n09677
n07620	n04878
n07620	n06332
n07620	n10146
n07621	n06848
n07621	n07055
n07621	n09008
n07621	n09885
n07621	n10214
n07622	n01344
n07622	n04053
n07622	n04565
n07622	n05343
n07622	n08245
n07623	n01344
n07623	n04053
n07623	n04565
n07623	n05343
n07623	n08245
n07624	n03151
n07624	n09711
n07625	n02245
n07625	n04778
n07625	n09023
n07625	n09758
n07625	n09802
n07626	n04148
n07626	n09986
n07627	n06837
n07627	n08828
n07628	n04173
n07628	n04565
n07628	n06730
n07628	n07028
n07628	n07339
n07628	n08247
n07628	n08830
n07628	n08831
n07628	n09674
n07628	n09675
n07628	n09676
n07628	n09678
n07629	n07142
n07630	n01344
n07630	n04053
n07630	n04565
n07630	n05343
n07630	n08245
n07631	n02309
n07632	n02711
n07634	n04054
n07634	n06558
n07636	n10315
n07637	n07926
n07638	n01623
n07638	n09680
n07638	n09759
n07639	n07090
n07639	n07341
n07639	n08832
n07640	n09991
n07641	n05081
n07642	n02964
n07642	n07473
n07642	n08013
n07643	n09720
n07644	n01751
n07645	n03532
n07645	n06388
n07645	n10073
n07646	n01156
n07646	n05771
n07647	n09864
n07647	n09882
n07648	n00761
n07648	n04460
n07649	n04181
n07649	n04396
n07649	n05782
n07649	n07966
n07649	n09000
n07650	n01356
n07651	n04173
n07651	n07538
n07651	n09635
n07652	n04053
n07652	n05343
n07652	n05723
n07652	n07028
n07652	n07340
n07652	n09674
n07652	n10194
n07653	n06562
n07653	n10037
n07654	n07512
n07655	n07150
n07656	n05096
n07656	n07986
n07657	n05375
n07657	n06824
n07658	n01356
n07658	n03708
n07659	n05343
n07659	n07340
n07659	n08004
n07659	n08245
n07660	n07515
n07661	n04723
n07661	n05802
n07661	n08611
n07662	n05343
n07662	n08911
n07662	n09016
n07662	n09674
n07663	n08829
n07663	n08872
n07664	n09199
n07665	n07339
n07665	n07340
n07665	n09674
n07665	n09675
n07665	n10453
n07666	n10457
n07667	n03380
n07667	n08569
n07667	n09358
n07668	n02039
n07669	n04955
n07670	n09210
n07671	n02688
n07671	n09680
n07672	n07744
n07673	n05399
n07673	n06100
n07673	n08246
n07674	n08278
n07675	n05981
n07676	n02308
n07676	n05572
n07677	n06188
n07677	n10222
n07678	n01344
n07678	n04053
n07678	n04565
n07678	n05343
n07678	n08245
n07679	n02408
n07679	n04173
n07679	n06485
n07679	n06730
n07679	n07028
n07679	n09678
n07680	n07899
n07680	n08878
n07681	n05651
n07681	n06563
n07682	n01344
n07682	n03398
n07682	n03940
n07682	n08922
n07682	n09973
n07682	n10305
n07683	n03683
n07684	n08004
n07684	n08246
n07684	n08830
n07684	n09673
n07684	n09674
n07685	n02594
n07685	n06384
n07686	n10235
n07687	n10027
n07688	n05412
n07688	n07028
n07688	n07752
n07688	n08407
n07688	n09674
n07688	n09675
n07688	n09678
n07689	n04066
n07689	n04671
n07689	n09928
n07690	n01585
n07690	n06119
n07691	n04053
n07691	n08245
n07691	n08246
n07691	n08828
n07691	n09684
n07692	n09696
n07692	n10509
n07693	n02656
n07693	n04173
n07693	n06485
n07693	n07338
n07693	n07341
n07693	n08246
n07693	n08828
n07693	n09673
n07694	n09675
n07694	n09912
n07695	n01344
n07695	n04053
n07695	n04565
n07695	n05343
n07695	n08245
n07696	n09220
n07697	n07215
n07698	n02149
n07698	n02656
n07698	n07338
n07698	n08245
n07698	n08829
n07698	n09673
n07699	n05622
n07699	n08388
n07700	n09303
n07701	n03710
n07701	n04698
n07701	n09690
n07702	n07150
n07702	n08651
n07703	n02656
n07703	n03708
n07704	n04503
n07704	n06523
n07704	n07870
n07705	n02408
n07705	n04173
n07705	n06730
n07705	n07752
n07705	n08831
n07705	n09675
n07705	n09678
n07706	n07434
n07706	n09901
n07707	n06581
n07707	n09196
n07708	n05279
n07708	n06879
n07709	n10090
n07710	n02288
n07711	n02149
n07711	n04053
n07711	n04173
n07711	n04565
n07711	n05343
n07711	n05723
n07711	n06485
n07711	n07028
n07711	n07338
n07711	n07339
n07711	n08245
n07711	n08246
n07711	n08830
n07711	n09673
n07711	n09674
n07711	n09675
n07711	n09676
n07711	n09677
n07712	n06485
n07712	n08247
n07712	n09677
n07712	n10451
n07713	n02408
n07713	n04054
n07713	n04768
n07713	n06730
n07713	n07028
n07713	n07341
n07713	n07752
n07713	n08247
n07713	n08831
n07713	n08832
n07713	n09678
n07713	n09679
n07713	n09680
n07714	n05670
n07714	n08365
n07715	n06099
n07715	n09356
n07715	n09645
n07716	n05694
n07716	n06134
n07717	n02149
n07717	n04053
n07717	n04565
n07717	n05343
n07717	n08245
n07717	n09674
n07717	n09675
n07718	n02408
n07718	n04054
n07718	n04768
n07718	n06730
n07718	n07028
n07718	n07341
n07718	n07752
n07718	n08247
n07718	n08831
n07718	n08832
n07718	n09678
n07718	n09679
n07718	n09680
n07719	n04080
n07720	n04053
n07720	n04565
n07720	n05343
n07720	n08245
n07721	n03726
n07721	n06616
n07722	n02149
n07722	n04053
n07722	n04173
n07722	n04565
n07722	n05343
n07722	n05723
n07722	n06485
n07722	n07028
n07722	n07338
n07722	n07339
n07722	n07340
n07722	n08245
n07722	n08246
n07722	n08828
n07722	n08830
n07722	n09673
n07722	n09674
n07722	n09675
n07722	n09676
n07722	n09677
n07723	n05379
n07723	n06115
n07723	n10024
n07724	n10027
n07725	n04095
n07726	n10538
n07727	n02556
n07727	n07159
n07728	n02800
n07728	n04927
n07729	n01096
n07730	n01028
n07731	n03843
n07731	n06732
n07731	n10461
n07732	n04173
n07732	n06730
n07732	n08831
n07732	n09675
n07732	n09679
n07733	n04797
n07733	n05285
n07733	n09680
n07734	n04771
n07735	n05952
n07736	n01519
n07737	n04086
n07737	n06046
n07737	n08876
n07738	n04584
n07738	n07397
n07739	n01344
n07739	n04053
n07739	n04565
n07739	n05343
n07739	n08245
n07740	n04299
n07741	n07520
n07741	n09674
n07742	n05300
n07742	n08270
n07743	n03674
n07743	n08506
n07744	n04173
n07744	n06485
n07744	n07338
n07744	n08246
n07744	n08828
n07745	n09997
n07746	n08375
n07747	n09291
n07747	n09673
n07747	n09934
n07748	n02524
n07748	n07787
n07749	n00945
n07749	n01851
n07749	n06540
n07749	n07510
n07750	n06217
n07751	n04744
n07751	n08666
n07753	n05724
n07753	n09677
n07754	n01356
n07755	n08249
n07756	n02149
n07756	n02656
n07756	n07338
n07757	n09694
n07758	n02656
n07759	n02408
n07759	n04768
n07759	n06730
n07759	n07028
n07759	n07752
n07759	n08247
n07759	n09679
n07760	n06269
n07761	n02408
n07761	n04173
n07761	n04768
n07761	n06730
n07761	n07752
n07761	n08831
n07761	n09678
n07761	n09679
n07762	n09676
n07762	n09700
n07763	n01356
n07764	n02409
n07764	n07028
n07764	n08245
n07764	n09673
n07764	n09674
n07764	n09675
n07764	n09677
n07766	n01667
n07766	n09686
n07767	n04053
n07767	n08245
n07767	n08246
n07767	n08828
n07767	n09684
n07768	n02149
n07768	n02656
n07768	n08829
n07769	n02149
n07769	n04053
n07769	n04173
n07769	n04565
n07769	n05723
n07769	n06485
n07769	n06730
n07769	n07028
n07769	n07339
n07769	n08246
n07769	n08247
n07769	n08828
n07769	n08830
n07769	n09674
n07769	n09675
n07769	n09676
n07769	n09680
n07770	n08264
n07771	n06489
n07771	n07756
n07772	n02149
n07772	n04173
n07772	n04565
n07772	n05343
n07772	n05723
n07772	n06485
n07772	n07028
n07772	n07338
n07772	n07339
n07772	n08246
n07772	n08828
n07772	n08829
n07772	n09673
n07772	n09676
n07773	n02408
n07774	n02553
n07775	n01766
n07775	n07030
n07776	n01344
n07776	n04053
n07776	n04565
n07776	n05343
n07776	n08245
n07777	n06492
n07777	n07339
n07777	n07340
n07778	n07038
n07779	n08246
n07779	n08269
n07780	n08245
n07781	n08851
n07782	n04054
n07782	n04768
n07782	n05457
n07782	n07341
n07782	n07342
n07782	n08831
n07782	n09680
n07783	n09685
n07783	n09723
n07784	n08849
n07785	n09686
n07786	n02656
n07786	n07757
n07787	n04379
n07787	n09698
n07788	n04053
n07788	n04173
n07788	n04565
n07788	n05343
n07788	n06485
n07788	n08245
n07788	n08828
n07788	n09674
n07789	n08833
n07789	n08834
n07790	n03939
n07791	n01356
n07791	n03708
n07792	n05730
n07793	n06485
n07793	n07341
n07793	n08253
n07793	n08831
n07794	n05881
n07794	n09689
n07795	n08249
n07796	n05137
n07797	n01344
n07797	n01623
n07797	n06730
n07798	n09699
n07799	n02149
n07799	n04053
n07799	n04173
n07799	n04565
n07799	n05343
n07799	n05723
n07799	n06485
n07799	n07028
n07799	n07339
n07799	n07340
n07799	n08245
n07799	n08246
n07799	n08828
n07799	n08830
n07799	n09673
n07799	n09674
n07799	n09676
n07799	n09677
n07800	n01681
n07800	n05252
n07801	n07781
n07802	n01356
n07803	n06485
n07803	n07341
n07803	n07752
n07803	n08246
n07803	n08253
n07803	n08831
n07804	n01356
n07805	n01344
n07805	n04053
n07805	n04565
n07805	n05343
n07805	n08245
n07806	n02408
n07806	n04173
n07806	n07028
n07806	n09679
n07807	n00706
n07808	n08264
n07808	n09676
n07809	n09683
n07810	n04053
n07810	n04173
n07810	n04565
n07810	n05343
n07810	n05723
n07810	n06485
n07810	n07028
n07810	n07339
n07810	n07340
n07810	n08246
n07810	n08828
n07810	n09673
n07810	n09676
n07811	n08857
n07812	n02149
n07812	n02656
n07812	n07338
n07812	n08245
n07812	n08829
n07812	n09673
n07813	n08834
n07813	n09692
n07814	n04777
n07814	n07794
n07815	n05887
n07815	n07028
n07815	n08245
n07816	n04053
n07816	n04173
n07816	n04565
n07816	n05343
n07816	n07339
n07816	n08245
n07816	n08830
n07816	n09674
n07816	n09675
n07816	n09676
n07817	n05034
n07818	n06056
n07819	n09775
n07820	n04775
n07821	n09805
n07822	n09745
n07823	n01356
n07823	n03708
n07823	n08829
n07823	n08853
n07824	n02955
n07825	n01356
n07825	n03708
n07826	n04628
n07826	n06730
n07826	n07028
n07826	n07752
n07826	n08247
n07826	n08831
n07826	n08832
n07826	n09678
n07826	n09679
n07827	n08246
n07827	n08292
n07828	n05586
n07829	n06485
n07829	n07341
n07829	n07752
n07829	n08246
n07829	n08253
n07829	n08831
n07829	n09678
n07830	n06061
n07831	n09788
n07832	n02149
n07832	n04053
n07832	n04173
n07832	n04565
n07832	n05343
n07832	n05723
n07832	n06485
n07832	n07028
n07832	n07338
n07832	n07339
n07832	n07340
n07832	n08246
n07832	n08828
n07832	n08829
n07832	n08830
n07832	n09673
n07832	n09675
n07832	n09676
n07832	n09677
n07833	n07339
n07833	n07340
n07833	n08828
n07833	n08829
n07833	n08830
n07833	n09673
n07833	n09677
n07833	n09716
n07834	n09760
n07835	n01344
n07835	n04053
n07835	n04565
n07835	n05343
n07835	n08245
n07836	n04324
n07836	n08833
n07836	n08834
n07837	n04053
n07837	n09684
n07837	n09808
n07838	n02149
n07838	n04053
n07838	n04173
n07838	n04565
n07838	n05343
n07838	n05723
n07838	n06485
n07838	n07028
n07838	n07338
n07838	n07339
n07838	n07340
n07838	n08245
n07838	n08246
n07838	n08828
n07838	n08830
n07838	n09674
n07838	n09675
n07838	n09676
n07839	n06091
n07839	n08299
n07840	n02023
n07840	n06488
n07841	n04775
n07842	n08248
n07842	n08260
n07842	n09688
n07843	n01889
n07843	n02408
n07843	n04768
n07843	n07028
n07843	n07341
n07843	n07370
n07843	n07752
n07843	n08247
n07843	n08831
n07843	n08832
n07843	n09679
n07844	n09852
n07845	n09782
n07847	n02408
n07847	n04768
n07847	n07341
n07847	n08831
n07848	n01356
n07849	n02149
n07849	n04053
n07849	n04173
n07849	n04565
n07849	n05343
n07849	n06485
n07849	n07028
n07849	n07339
n07849	n08246
n07849	n08828
n07849	n08830
n07849	n09674
n07849	n09675
n07849	n09676
n07850	n02149
n07850	n04053
n07850	n04173
n07850	n04565
n07850	n05343
n07850	n05723
n07850	n06485
n07850	n07028
n07850	n07338
n07850	n07339
n07850	n07340
n07850	n08245
n07850	n08246
n07850	n08828
n07850	n08829
n07850	n08830
n07850	n09673
n07850	n09675
n07851	n04142
n07852	n01514
n07853	n02149
n07853	n04053
n07853	n04173
n07853	n04565
n07853	n05343
n07853	n05723
n07853	n06485
n07853	n07338
n07853	n07339
n07853	n08245
n07853	n08246
n07853	n08828
n07853	n08829
n07853	n08830
n07853	n09673
n07853	n09676
n07854	n02497
n07854	n04139
n07854	n04493
n07855	n04489
n07856	n05874
n07856	n07341
n07857	n06278
n07858	n03096
n07858	n06313
n07858	n07382
n07859	n02149
n07859	n03339
n07859	n08894
n07860	n02149
n07860	n04053
n07860	n04173
n07860	n04565
n07860	n05343
n07860	n06485
n07860	n07028
n07860	n07339
n07860	n07340
n07860	n08245
n07860	n08246
n07860	n08828
n07860	n08829
n07860	n08830
n07860	n09674
n07860	n09675
n07861	n00687
n07861	n01040
n07861	n01057
n07862	n02747
n07862	n08350
n07863	n04177
n07864	n01356
n07864	n03708
n07865	n04003
n07865	n04053
n07866	n02149
n07866	n04053
n07866	n04173
n07866	n04565
n07866	n05343
n07866	n05723
n07866	n06485
n07866	n07028
n07866	n07339
n07866	n07340
n07866	n08245
n07866	n08246
n07866	n08828
n07866	n08829
n07866	n08830
n07866	n09673
n07866	n09675
n07866	n09676
n07866	n09677
n07867	n07759
n07867	n09689
n07868	n04181
n07869	n02149
n07869	n04053
n07869	n04173
n07869	n04565
n07869	n05343
n07869	n05723
n07869	n06485
n07869	n07028
n07869	n07338
n07869	n07339
n07869	n07340
n07869	n08245
n07869	n08246
n07869	n08828
n07869	n08829
n07869	n08830
n07869	n09673
n07869	n09674
n07869	n09675
n07869	n09676
n07869	n09677
n07870	n05148
n07871	n07028
n07871	n08831
n07872	n01624
n07872	n06750
n07873	n03827
n07874	n02283
n07874	n05032
n07875	n07849
n07876	n08910
n07877	n03888
n07877	n07354
n07878	n08960
n07879	n07064
n07880	n05464
n07880	n07338
n07881	n02286
n07881	n05134
n07882	n03095
n07882	n05723
n07883	n02149
n07883	n04053
n07883	n04173
n07883	n04565
n07883	n05343
n07883	n05723
n07883	n06485
n07883	n07028
n07883	n07338
n07883	n07339
n07883	n07340
n07883	n08245
n07883	n08246
n07883	n08828
n07883	n08829
n07883	n08830
n07883	n09673
n07883	n09674
n07883	n09675
n07883	n09676
n07883	n09677
n07884	n02149
n07884	n02656
n07884	n07338
n07884	n08245
n07884	n08829
n07884	n09673
n07885	n00607
n07886	n01356
n07887	n05591
n07887	n08829
n07888	n02656
n07888	n04053
n07888	n08246
n07888	n08828
n07888	n09684
n07889	n04632
n07889	n08299
n07890	n05041
n07890	n06745
n07891	n08381
n07892	n03290
n07892	n08373
n07893	n04382
n07893	n04432
n07894	n04579
n07894	n08289
n07895	n02656
n07895	n06485
n07895	n07338
n07895	n07341
n07895	n07752
n07895	n08246
n07895	n08253
n07895	n08831
n07895	n09678
n07896	n06296
n07897	n04491
n07897	n09680
n07898	n01344
n07898	n04053
n07898	n04565
n07898	n05343
n07898	n08245
n07899	n03618
n07899	n05045
n07899	n05146
n07899	n06297
n07900	n01203
n07900	n06300
n07901	n01892
n07901	n07753
n07901	n09675
n07901	n09682
n07902	n07752
n07902	n08247
n07902	n09678
n07902	n09778
n07903	n00189
n07903	n01009
n07904	n01611
n07905	n07408
n07906	n05729
n07906	n07044
n07906	n08308
n07907	n04508
n07907	n06517
n07908	n08985
n07909	n09919
n07910	n01356
n07911	n04056
n07911	n08831
n07912	n04383
n07912	n07772
n07912	n08871
n07912	n09674
n07912	n09675
n07912	n09677
n07913	n02149
n07913	n04053
n07913	n04173
n07913	n04565
n07913	n05343
n07913	n06485
n07913	n07338
n07913	n07339
n07913	n08245
n07913	n08246
n07913	n08828
n07913	n08829
n07913	n09673
n07913	n09674
n07913	n09676
n07914	n08994
n07915	n05160
n07916	n08975
n07917	n08413
n07918	n02149
n07918	n04053
n07918	n04173
n07918	n04565
n07918	n06485
n07918	n06730
n07918	n07028
n07918	n07339
n07918	n07752
n07918	n08246
n07918	n08247
n07918	n08828
n07918	n08830
n07918	n08831
n07918	n09674
n07918	n09675
n07918	n09676
n07918	n09680
n07919	n02656
n07919	n09748
n07920	n01344
n07920	n04053
n07920	n04565
n07920	n05343
n07920	n08245
n07920	n09683
n07921	n03142
n07922	n07848
n07923	n00687
n07923	n01040
n07923	n01057
n07923	n05882
n07923	n06730
n07923	n07752
n07923	n07774
n07923	n08247
n07923	n08831
n07923	n08832
n07923	n09678
n07923	n09679
n07924	n07096
n07925	n01408
n07926	n04173
n07926	n04768
n07926	n06485
n07926	n07338
n07926	n07341
n07926	n08246
n07926	n08828
n07926	n08831
n07927	n04781
n07927	n04942
n07928	n01344
n07928	n04053
n07928	n04565
n07928	n05343
n07928	n08245
n07929	n08829
n07929	n09845
n07930	n04768
n07930	n07341
n07930	n08246
n07930	n08267
n07930	n08831
n07931	n04053
n07931	n04565
n07931	n05343
n07931	n08245
n07932	n03255
n07933	n08270
n07933	n08316
n07933	n09717
n07934	n02149
n07934	n04053
n07934	n04173
n07934	n04565
n07934	n05343
n07934	n05723
n07934	n06485
n07934	n07028
n07934	n07338
n07934	n07339
n07934	n07340
n07934	n08245
n07934	n08246
n07934	n08828
n07934	n08830
n07934	n09673
n07934	n09674
n07934	n09675
n07934	n09677
n07935	n03039
n07935	n04059
n07935	n07060
n07935	n09894
n07936	n06549
n07937	n03343
n07937	n05595
n07937	n06304
n07938	n05380
n07939	n06799
n07940	n05882
n07940	n06730
n07940	n07774
n07940	n08831
n07940	n09678
n07941	n02149
n07941	n04053
n07941	n04173
n07941	n04565
n07941	n05343
n07941	n05723
n07941	n06485
n07941	n07028
n07941	n07338
n07941	n07339
n07941	n07340
n07941	n08245
n07941	n08246
n07941	n08828
n07941	n08829
n07941	n08830
n07941	n09673
n07941	n09676
n07941	n09677
n07942	n04510
n07943	n04053
n07943	n05931
n07943	n06485
n07944	n04566
n07945	n01107
n07945	n02107
n07945	n03343
n07945	n05595
n07945	n06304
n07946	n05041
n07947	n02149
n07947	n02656
n07947	n07338
n07947	n08245
n07947	n08829
n07947	n09673
n07948	n05573
n07949	n02284
n07949	n04053
n07949	n05343
n07949	n07752
n07949	n09674
n07949	n09680
n07950	n01356
n07950	n03708
n07952	n04392
n07953	n02003
n07953	n09690
n07954	n08249
n07955	n02823
n07955	n07047
n07956	n02910
n07956	n05373
n07957	n06047
n07957	n07093
n07957	n07753
n07957	n09673
n07958	n02308
n07959	n08860
n07960	n01669
n07960	n06135
n07961	n05379
n07962	n05606
n07963	n05152
n07963	n07904
n07964	n02081
n07965	n07035
n07965	n07772
n07965	n08871
n07965	n10002
n07966	n02477
n07966	n04873
n07967	n03300
n07968	n00189
n07968	n01009
n07969	n07363
n07969	n08253
n07970	n04940
n07971	n05272
n07972	n02149
n07972	n02656
n07972	n07338
n07972	n08245
n07972	n08829
n07972	n09673
n07973	n06487
n07973	n07795
n07974	n01356
n07974	n03708
n07975	n07028
n07975	n07376
n07975	n08828
n07975	n08829
n07975	n09673
n07975	n09675
n07975	n09676
n07976	n05263
n07976	n07049
n07976	n07780
n07977	n02343
n07978	n05618
n07979	n10388
n07980	n05741
n07980	n07935
n07981	n06529
n07982	n09129
n07983	n09834
n07984	n06841
n07985	n07870
n07985	n08912
n07986	n02040
n07986	n03992
n07987	n08353
n07987	n09821
n07988	n04771
n07988	n07864
n07989	n01356
n07990	n02149
n07990	n03708
n07990	n05908
n07991	n01867
n07991	n05344
n07992	n09012
n07993	n02820
n07993	n03290
n07993	n03760
n07993	n05736
n07994	n01344
n07994	n04053
n07994	n04565
n07994	n05343
n07994	n08245
n07995	n06488
n07995	n07382
n07996	n09728
n07997	n05500
n07998	n08973
n07999	n02656
n07999	n08246
n07999	n08828
n08000	n10020
n08001	n02656
n08001	n08952
n08002	n06813
n08002	n07468
n08003	n01344
n08003	n04053
n08003	n04565
n08003	n05343
n08003	n08245
n08004	n09328
n08004	n09676
n08005	n01344
n08005	n04053
n08005	n04565
n08005	n05343
n08005	n08245
n08006	n03039
n08006	n04059
n08007	n04053
n08007	n04565
n08007	n05343
n08007	n08245
n08007	n09676
n08008	n06334
n08008	n10066
n08009	n02306
n08010	n07041
n08010	n07131
n08010	n07344
n08010	n08386
n08011	n01344
n08011	n05343
n08011	n08831
n08012	n04173
n08012	n06303
n08013	n04790
n08014	n09015
n08014	n10123
n08015	n03298
n08015	n07028
n08015	n09674
n08015	n09677
n08016	n10506
n08017	n08829
n08017	n09069
n08017	n09677
n08017	n09688
n08017	n09716
n08018	n02408
n08018	n08246
n08018	n08247
n08018	n08831
n08018	n08901
n08018	n09678
n08019	n10132
n08020	n03297
n08020	n03998
n08020	n08908
n08021	n08246
n08021	n08501
n08021	n08831
n08022	n07924
n08022	n08839
n08023	n02913
n08024	n02786
n08024	n03712
n08025	n01866
n08025	n05456
n08025	n08247
n08025	n08831
n08025	n09680
n08026	n05061
n08026	n07104
n08027	n02621
n08027	n06488
n08028	n06107
n08028	n08435
n08029	n04179
n08030	n02108
n08031	n05057
n08031	n06810
n08031	n07837
n08031	n10078
n08032	n09123
n08033	n07916
n08034	n04497
n08035	n02149
n08035	n04173
n08035	n04565
n08035	n06485
n08035	n07028
n08035	n07339
n08035	n08830
n08035	n09674
n08035	n09675
n08036	n02149
n08036	n04053
n08036	n04173
n08036	n04565
n08036	n05343
n08036	n05723
n08036	n06485
n08036	n07028
n08036	n07338
n08036	n07339
n08036	n07340
n08036	n08245
n08036	n08246
n08036	n08828
n08036	n08829
n08036	n08830
n08036	n09673
n08036	n09674
n08036	n09675
n08036	n09676
n08036	n09677
n08037	n04012
n08038	n02408
n08038	n04054
n08038	n04768
n08038	n06730
n08038	n07028
n08038	n07752
n08038	n08247
n08038	n08831
n08038	n09678
n08038	n09679
n08038	n09680
n08039	n02149
n08039	n07338
n08039	n08245
n08039	n08829
n08039	n09673
n08040	n08993
n08041	n05189
n08042	n05952
n08043	n03482
n08043	n05171
n08044	n04501
n08045	n09295
n08046	n03526
n08047	n02656
n08047	n04173
n08047	n06730
n08047	n09679
n08048	n06871
n08049	n02149
n08049	n04053
n08049	n04173
n08049	n04565
n08049	n05723
n08049	n06485
n08049	n07028
n08049	n07339
n08049	n08246
n08049	n08830
n08049	n09674
n08049	n09675
n08049	n09676
n08049	n09680
n08050	n08417
n08050	n09674
n08051	n01356
n08051	n03708
n08052	n05343
n08052	n06560
n08052	n09113
n08053	n05343
n08053	n06164
n08054	n10051
n08055	n03439
n08055	n04173
n08055	n08828
n08055	n08830
n08055	n09674
n08055	n09675
n08056	n04383
n08056	n07035
n08056	n07772
n08056	n08871
n08057	n07855
n08058	n01356
n08059	n01967
n08059	n03140
n08060	n01344
n08060	n04565
n08060	n05343
n08061	n07947
n08061	n09840
n08061	n09924
n08062	n05765
n08063	n05293
n08063	n08374
n08063	n09791
n08064	n00944
n08064	n02117
n08065	n06568
n08066	n03999
n08066	n04649
n08066	n06354
n08067	n02149
n08067	n04053
n08067	n04173
n08067	n04565
n08067	n05343
n08067	n05723
n08067	n06485
n08067	n07028
n08067	n07338
n08067	n07339
n08067	n07340
n08067	n08245
n08067	n08246
n08067	n08828
n08067	n08830
n08067	n09673
n08067	n09674
n08067	n09675
n08067	n09676
n08067	n09677
n08068	n07499
n08068	n10062
n08069	n01344
n08069	n04053
n08069	n04565
n08069	n05343
n08069	n08245
n08070	n07122
n08070	n10584
n08071	n03832
n08071	n05065
n08072	n06802
n08072	n09103
n08073	n06587
n08073	n06754
n08073	n09103
n08073	n10455
n08074	n04730
n08075	n04173
n08075	n07028
n08075	n08247
n08075	n09675
n08076	n04330
n08077	n07031
n08077	n07135
n08077	n09674
n08077	n09675
n08078	n05180
n08079	n07520
n08080	n06096
n08081	n08874
n08081	n09993
n08082	n04069
n08082	n08246
n08083	n02149
n08083	n04053
n08083	n04173
n08083	n04565
n08083	n05343
n08083	n05723
n08083	n06485
n08083	n07028
n08083	n07338
n08083	n07339
n08083	n07340
n08083	n08245
n08083	n08246
n08083	n08828
n08083	n08829
n08083	n08830
n08083	n09673
n08083	n09674
n08083	n09675
n08083	n09676
n08083	n09677
n08084	n02149
n08084	n02656
n08084	n07338
n08084	n08829
n08084	n09673
n08085	n04295
n08085	n05423
n08085	n05971
n08086	n06775
n08086	n10035
n08087	n03675
n08088	n06359
n08089	n02149
n08089	n02656
n08089	n07338
n08089	n08829
n08089	n09673
n08090	n00961
n08091	n07479
n08092	n07846
n08093	n01107
n08093	n02107
n08093	n03343
n08093	n04935
n08093	n05595
n08093	n06304
n08094	n03674
n08094	n05062
n08094	n06324
n08094	n09276
n08094	n09828
n08095	n10263
n08096	n03070
n08097	n02656
n08097	n04173
n08097	n06730
n08097	n07752
n08097	n08246
n08097	n08831
n08097	n09678
n08097	n09679
n08098	n07398
n08098	n10268
n08099	n07338
n08099	n09863
n08100	n07518
n08100	n10097
n08101	n04225
n08101	n08928
n08101	n10457
n08102	n05395
n08103	n04879
n08104	n10285
n08105	n03290
n08105	n03760
n08105	n04858
n08106	n03432
n08106	n03681
n08106	n04408
n08107	n05753
n08108	n05465
n08109	n03562
n08109	n04565
n08109	n05723
n08109	n06485
n08109	n06730
n08109	n07338
n08109	n07339
n08109	n07343
n08109	n07752
n08109	n08246
n08109	n08828
n08109	n08830
n08109	n08831
n08109	n09674
n08109	n09677
n08109	n09680
n08110	n00926
n08110	n07524
n08111	n09168
n08111	n10314
n08112	n02149
n08112	n04053
n08112	n04173
n08112	n04565
n08112	n05343
n08112	n06485
n08112	n07028
n08112	n07339
n08112	n08245
n08112	n08828
n08112	n08830
n08112	n09674
n08112	n09675
n08112	n09676
n08113	n05287
n08114	n08831
n08114	n09675
n08114	n09678
n08114	n09680
n08114	n09689
n08115	n05965
n08116	n02408
n08116	n04054
n08116	n04768
n08116	n06730
n08116	n07028
n08116	n07341
n08116	n07752
n08116	n08247
n08116	n08831
n08116	n09678
n08116	n09679
n08116	n09680
n08117	n04271
n08117	n06907
n08118	n04073
n08118	n08963
n08118	n09830
n08119	n04336
n08119	n05456
n08119	n09680
n08120	n01344
n08120	n05343
n08120	n08245
n08121	n10421
n08122	n05942
n08123	n05527
n08123	n09143
n08124	n01516
n08124	n10247
n08125	n06397
n08126	n07754
n08126	n08251
n08126	n09681
n08127	n07175
n08128	n06627
n08128	n09243
n08129	n08483
n08129	n10284
n08130	n02149
n08130	n04053
n08130	n04173
n08130	n04565
n08130	n05343
n08130	n05723
n08130	n06485
n08130	n07028
n08130	n07338
n08130	n07339
n08130	n07340
n08130	n08245
n08130	n08246
n08130	n08828
n08130	n08829
n08130	n08830
n08130	n09673
n08130	n09676
n08131	n03534
n08131	n04229
n08132	n07460
n08133	n02656
n08133	n04053
n08133	n08245
n08133	n08246
n08133	n08828
n08133	n09684
n08134	n05025
n08134	n07756
n08134	n09691
n08135	n07447
n08136	n09131
n08137	n01356
n08137	n03708
n08138	n01356
n08139	n02408
n08139	n06730
n08139	n07752
n08139	n08247
n08139	n08831
n08139	n09678
n08139	n09679
n08139	n09680
n08140	n06583
n08140	n10389
n08141	n07944
n08142	n03725
n08143	n06123
n08143	n07183
n08143	n07353
n08144	n10392
n08145	n03484
n08145	n05608
n08145	n09927
n08146	n04173
n08147	n09215
n08148	n07414
n08148	n07469
n08149	n02149
n08149	n04053
n08149	n04173
n08149	n04565
n08149	n05343
n08149	n05723
n08149	n06485
n08149	n07028
n08149	n07339
n08149	n07340
n08149	n08246
n08149	n08828
n08149	n09674
n08149	n09675
n08149	n09676
n08151	n09284
n08151	n09362
n08152	n03339
n08152	n09675
n08152	n09724
n08152	n09804
n08153	n01344
n08153	n04053
n08153	n04565
n08153	n05343
n08153	n08245
n08154	n04053
n08154	n04745
n08154	n07028
n08155	n02408
n08155	n04053
n08155	n04565
n08155	n05343
n08155	n08245
n08156	n05343
n08156	n07774
n08157	n01203
n08158	n06884
n08158	n09902
n08159	n07635
n08160	n02149
n08160	n04053
n08160	n04173
n08160	n04565
n08160	n05723
n08160	n06485
n08160	n07028
n08160	n07339
n08160	n08246
n08160	n08828
n08160	n08830
n08160	n09674
n08160	n09675
n08160	n09676
n08160	n09677
n08161	n01822
n08161	n08859
n08162	n06625
n08163	n01356
n08163	n03708
n08164	n03064
n08164	n03256
n08164	n08080
n08165	n04173
n08165	n08831
n08166	n02524
n08166	n07787
n08167	n10508
n08168	n03293
n08169	n02408
n08169	n04173
n08169	n04768
n08169	n06730
n08169	n07028
n08169	n07752
n08169	n08246
n08169	n08247
n08169	n08831
n08169	n09674
n08169	n09675
n08169	n09678
n08169	n09679
n08170	n06485
n08170	n08032
n08170	n08828
n08171	n07609
n08171	n08475
n08171	n10512
n08172	n04416
n08172	n07536
n08172	n07566
n08173	n04878
n08174	n08828
n08174	n09252
n08175	n05925
n08176	n01356
n08176	n03708
n08177	n03430
n08177	n05019
n08177	n06511
n08177	n09766
n08177	n09768
n08177	n09769
n08178	n01451
n08179	n07614
n08180	n02149
n08180	n04565
n08180	n05723
n08180	n07028
n08180	n08277
n08180	n08830
n08180	n09673
n08180	n09676
n08180	n09677
n08181	n02408
n08181	n04053
n08181	n04565
n08181	n05343
n08181	n08245
n08182	n10448
n08183	n01344
n08183	n04053
n08183	n04565
n08183	n05343
n08183	n08245
n08184	n00187
n08184	n09350
n08185	n02195
n08185	n08974
n08185	n09687
n08185	n10284
n08186	n01919
n08187	n09231
n08188	n01344
n08188	n04053
n08188	n04565
n08188	n05343
n08189	n09802
n08190	n02598
n08190	n06292
n08190	n08878
n08191	n04599
n08192	n09911
n08193	n09189
n08194	n01344
n08194	n04053
n08194	n04565
n08194	n05343
n08194	n08245
n08195	n02149
n08195	n02656
n08195	n07338
n08195	n08245
n08195	n08829
n08195	n09673
n08196	n07233
n08196	n07560
n08197	n06730
n08197	n07752
n08197	n08247
n08197	n08831
n08197	n09678
n08197	n09680
n08198	n02656
n08198	n04173
n08198	n04768
n08198	n06485
n08198	n07338
n08198	n08246
n08198	n08828
n08198	n08831
n08198	n09673
n08199	n06922
n08199	n07167
n08200	n04053
n08200	n04565
n08200	n05343
n08200	n08245
n08201	n02408
n08201	n04053
n08201	n04565
n08201	n05343
n08201	n08245
n08202	n01658
n08202	n08229
n08203	n01344
n08203	n04053
n08203	n04565
n08203	n05343
n08203	n08245
n08204	n04053
n08204	n04565
n08204	n05343
n08204	n08245
n08205	n02149
n08205	n04053
n08205	n04173
n08205	n04565
n08205	n05343
n08205	n05723
n08205	n06485
n08205	n07028
n08205	n07338
n08205	n07340
n08205	n08245
n08205	n08246
n08205	n08828
n08205	n08829
n08205	n08830
n08205	n09673
n08205	n09674
n08205	n09675
n08205	n09677
n08206	n01871
n08207	n05497
n08208	n02720
n08208	n09535
n08209	n03146
n08209	n07028
n08209	n08828
n08209	n08829
n08209	n09673
n08209	n09675
n08210	n05660
n08211	n02332
n08211	n09271
n08212	n03297
n08212	n04395
n08212	n09715
n08213	n05640
n08213	n08592
n08213	n09104
n08214	n08276
n08214	n08698
n08215	n02026
n08215	n06954
n08216	n04161
n08216	n05314
n08217	n02149
n08217	n02656
n08217	n07338
n08217	n08245
n08217	n08829
n08217	n09673
n08218	n04075
n08218	n06343
n08218	n06554
n08219	n01517
n08220	n08833
n08220	n09687
n08220	n10333
n08221	n06327
n08221	n06523
n08221	n07985
n08222	n05151
n08223	n09042
n08224	n06852
n08224	n09063
n08224	n10053
n08225	n01568
n08225	n06323
n08226	n08472
n08226	n09674
n08226	n09677
n08227	n06349
n08227	n09677
n08228	n08274
n08228	n09675
n08228	n09676
n08228	n09677
n08229	n03575
n08229	n04393
n08229	n06329
n08230	n03621
n08230	n04969
n08231	n07214
n08232	n02149
n08232	n04053
n08232	n04173
n08232	n04565
n08232	n07338
n08232	n08245
n08232	n08829
n08232	n09673
n08233	n03760
n08234	n01344
n08234	n04565
n08234	n05343
n08235	n07603
n08236	n01084
n08236	n04636
n08237	n07338
n08237	n07354
n08237	n08298
n08238	n06202
n08238	n08946
n08239	n07265
n08239	n08532
n08240	n03445
n08240	n03536
n08240	n06546
n08240	n09890
n08240	n10289
n08241	n02717
n08241	n06906
n08241	n07117
n08242	n05071
n08242	n07166
n08242	n08246
n08242	n08830
n08242	n09674
n08242	n09675
n08242	n09676
n08243	n02760
n08244	n02227
n08244	n10161
n08248	n02149
n08248	n04053
n08248	n04173
n08248	n04565
n08248	n05343
n08248	n05723
n08248	n06485
n08248	n07338
n08248	n08245
n08248	n08246
n08249	n01866
n08249	n05456
n08249	n08247
n08249	n08831
n08249	n09680
n08250	n04768
n08250	n07341
n08250	n08831
n08251	n01356
n08252	n07340
n08253	n02408
n08253	n04173
n08253	n04768
n08254	n02149
n08254	n04053
n08254	n04173
n08254	n04565
n08254	n05723
n08254	n06485
n08254	n07028
n08254	n07338
n08254	n07339
n08254	n07340
n08254	n08246
n08254	n08828
n08254	n08830
n08254	n09674
n08254	n09675
n08254	n09676
n08254	n09677
n08255	n01356
n08255	n03708
n08256	n05128
n08256	n09685
n08257	n02149
n08257	n04053
n08257	n04173
n08257	n04565
n08257	n05343
n08257	n07338
n08257	n08245
n08257	n08829
n08257	n09673
n08257	n09675
n08258	n01356
n08259	n01356
n08260	n05129
n08260	n06486
n08261	n09675
n08261	n09682
n08262	n01867
n08262	n01889
n08263	n02408
n08263	n04768
n08263	n07028
n08263	n07341
n08263	n08831
n08264	n07767
n08265	n02149
n08265	n02656
n08265	n04173
n08265	n07338
n08265	n08245
n08265	n08829
n08265	n09673
n08266	n01889
n08266	n02408
n08266	n04768
n08266	n05457
n08266	n06730
n08266	n07028
n08266	n07752
n08266	n08247
n08266	n08831
n08266	n08832
n08266	n09678
n08266	n09679
n08266	n09680
n08267	n04173
n08267	n06485
n08267	n07338
n08267	n08828
n08268	n01049
n08269	n06485
n08269	n07341
n08269	n07752
n08269	n08253
n08269	n08831
n08269	n09678
n08270	n05571
n08271	n01356
n08272	n01356
n08272	n03708
n08273	n04053
n08273	n04173
n08273	n04565
n08273	n05343
n08273	n05723
n08273	n06485
n08273	n07028
n08273	n07338
n08273	n07339
n08273	n07340
n08273	n08246
n08273	n08828
n08273	n09673
n08273	n09676
n08273	n09677
n08274	n07339
n08274	n09700
n08275	n02149
n08275	n02656
n08275	n07338
n08275	n08829
n08275	n09673
n08276	n07754
n08277	n04173
n08277	n06485
n08277	n07338
n08277	n07339
n08277	n08246
n08277	n08828
n08277	n08829
n08278	n07776
n08279	n01356
n08279	n03708
n08280	n01356
n08280	n03708
n08280	n07757
n08281	n01356
n08282	n05878
n08283	n04772
n08284	n08834
n08284	n09692
n08285	n04053
n08285	n05343
n08285	n05885
n08285	n07028
n08286	n02149
n08286	n04053
n08286	n04173
n08286	n04565
n08286	n05343
n08286	n05723
n08286	n06485
n08286	n07028
n08286	n07338
n08286	n07339
n08286	n07340
n08286	n08245
n08286	n08246
n08286	n08828
n08286	n08829
n08286	n08830
n08286	n09673
n08286	n09675
n08286	n09676
n08286	n09677
n08287	n01356
n08287	n03708
n08288	n03516
n08289	n05574
n08289	n08833
n08289	n09692
n08290	n02149
n08290	n04053
n08290	n04173
n08290	n04565
n08290	n05343
n08290	n05723
n08290	n06485
n08290	n07028
n08290	n07338
n08290	n07339
n08290	n07340
n08290	n08245
n08290	n08246
n08290	n08828
n08290	n08829
n08290	n08830
n08290	n09673
n08290	n09676
n08290	n09677
n08291	n04488
n08291	n07029
n08291	n09681
n08292	n08846
n08293	n04844
n08294	n01356
n08295	n08278
n08296	n07792
n08297	n05030
n08297	n07340
n08298	n07768
n08299	n08853
n08300	n05352
n08301	n02408
n08301	n05464
n08302	n07368
n08303	n02214
n08303	n05872
n08303	n08831
n08303	n09678
n08303	n09680
n08304	n04768
n08304	n06049
n08304	n07028
n08304	n07752
n08304	n08831
n08304	n09678
n08305	n03820
n08306	n01049
n08306	n03663
n08306	n09737
n08307	n03564
n08307	n08864
n08308	n07804
n08308	n08850
n08308	n09686
n08309	n09742
n08310	n09772
n08311	n09787
n08312	n02076
n08313	n01766
n08313	n09680
n08313	n09789
n08314	n01566
n08315	n01356
n08316	n02149
n08316	n04053
n08316	n04173
n08316	n04565
n08316	n05343
n08316	n05723
n08316	n06485
n08316	n07028
n08316	n07338
n08316	n07339
n08316	n07340
n08316	n08245
n08316	n08246
n08316	n08828
n08316	n08829
n08316	n08830
n08316	n09673
n08316	n09674
n08316	n09675
n08316	n09676
n08316	n09677
n08317	n00687
n08317	n01040
n08317	n01057
n08317	n05882
n08317	n06730
n08317	n07752
n08317	n08831
n08317	n08832
n08317	n09678
n08318	n07754
n08318	n08251
n08319	n07810
n08320	n05028
n08321	n02656
n08321	n04053
n08321	n08245
n08321	n08246
n08321	n08828
n08321	n09684
n08322	n05468
n08323	n06753
n08324	n09786
n08325	n05462
n08325	n07358
n08326	n09683
n08327	n01344
n08327	n04053
n08327	n04565
n08327	n05343
n08327	n08245
n08328	n01356
n08329	n01344
n08329	n04053
n08329	n04565
n08329	n05343
n08329	n08245
n08330	n02149
n08330	n04053
n08330	n04173
n08330	n04565
n08330	n05343
n08330	n05723
n08330	n06485
n08330	n07028
n08330	n07339
n08330	n08246
n08331	n09806
n08332	n07385
n08333	n01356
n08333	n03708
n08334	n07380
n08334	n08272
n08335	n07038
n08335	n07754
n08335	n08251
n08335	n09681
n08336	n03664
n08336	n07338
n08336	n08245
n08337	n01344
n08337	n04053
n08337	n04565
n08337	n05343
n08337	n08245
n08338	n04173
n08338	n04565
n08338	n06485
n08338	n07338
n08338	n07339
n08338	n08246
n08338	n08828
n08338	n09675
n08338	n09676
n08339	n05898
n08340	n05031
n08340	n05346
n08341	n02306
n08342	n07370
n08343	n01356
n08344	n02408
n08344	n04768
n08344	n06730
n08344	n07341
n08344	n07752
n08344	n08247
n08344	n08831
n08345	n09839
n08346	n07374
n08346	n07401
n08346	n08320
n08347	n07782
n08347	n09687
n08347	n09693
n08348	n01344
n08348	n04053
n08348	n04565
n08348	n05343
n08348	n08245
n08349	n01344
n08349	n04053
n08349	n04565
n08349	n05343
n08349	n08245
n08350	n04223
n08350	n09743
n08351	n02818
n08351	n07771
n08352	n04572
n08353	n04699
n08353	n05723
n08353	n08829
n08353	n09673
n08353	n09674
n08353	n09677
n08354	n01356
n08355	n09813
n08356	n09708
n08357	n09823
n08358	n08857
n08359	n01344
n08359	n04053
n08359	n04565
n08359	n05343
n08359	n08245
n08360	n01766
n08360	n05462
n08360	n07358
n08361	n01344
n08361	n04053
n08361	n04565
n08361	n05343
n08361	n09847
n08362	n02656
n08362	n04173
n08362	n04768
n08362	n06485
n08362	n07341
n08362	n08246
n08362	n08831
n08363	n08342
n08364	n05461
n08364	n07338
n08364	n08245
n08364	n09673
n08365	n08310
n08366	n03571
n08367	n06730
n08367	n07042
n08367	n07752
n08367	n08247
n08368	n02880
n08369	n06732
n08370	n04434
n08370	n06077
n08370	n09779
n08371	n04136
n08372	n09786
n08373	n08835
n08374	n03380
n08374	n09673
n08375	n02656
n08376	n05031
n08376	n05346
n08377	n01039
n08378	n06497
n08378	n08916
n08379	n05875
n08380	n08876
n08381	n01344
n08381	n04053
n08381	n04565
n08381	n05343
n08381	n08245
n08382	n05034
n08383	n05034
n08384	n04272
n08385	n04326
n08386	n08848
n08387	n06503
n08387	n08248
n08387	n08260
n08388	n04053
n08388	n08245
n08388	n08246
n08388	n08828
n08388	n09676
n08388	n09684
n08389	n08401
n08390	n01356
n08390	n03708
n08391	n09699
n08391	n09887
n08392	n04847
n08392	n05729
n08392	n09878
n08393	n08828
n08393	n09820
n08394	n01356
n08394	n03708
n08395	n02283
n08395	n04569
n08396	n01356
n08396	n03708
n08397	n01345
n08397	n04768
n08397	n05457
n08397	n07341
n08398	n04634
n08399	n01356
n08400	n01294
n08400	n01799
n08400	n09857
n08401	n08831
n08401	n09675
n08401	n09678
n08401	n09680
n08401	n09689
n08402	n05883
n08403	n02149
n08403	n04053
n08403	n04173
n08403	n04565
n08403	n05343
n08403	n05723
n08403	n06485
n08403	n07028
n08403	n07338
n08403	n07339
n08403	n07340
n08403	n08245
n08403	n08246
n08403	n08828
n08403	n08830
n08403	n09673
n08403	n09674
n08403	n09675
n08403	n09676
n08403	n09677
n08404	n09806
n08405	n04928
n08405	n05911
n08406	n07803
n08406	n08269
n08407	n06527
n08407	n06730
n08408	n04569
n08409	n04053
n08409	n05746
n08410	n10149
n08411	n02656
n08411	n04173
n08411	n04230
n08411	n07341
n08413	n08375
n08413	n09761
n08414	n06765
n08415	n09936
n08416	n01435
n08417	n03141
n08417	n07339
n08417	n07340
n08417	n08828
n08417	n08829
n08417	n08830
n08417	n09676
n08417	n09677
n08418	n02149
n08418	n05723
n08418	n07338
n08418	n07339
n08418	n07340
n08418	n08245
n08418	n08246
n08418	n08828
n08418	n08829
n08418	n08830
n08418	n09673
n08418	n09674
n08418	n09677
n08419	n07084
n08420	n04506
n08421	n01499
n08422	n03477
n08422	n09765
n08423	n08379
n08424	n07835
n08425	n05044
n08425	n10016
n08426	n02408
n08426	n04768
n08426	n06730
n08426	n07752
n08426	n08247
n08426	n08831
n08426	n09678
n08426	n09679
n08426	n09680
n08427	n01344
n08427	n04053
n08427	n04565
n08427	n05343
n08427	n08245
n08428	n05873
n08428	n09718
n08429	n01203
n08429	n06300
n08430	n01344
n08430	n04053
n08430	n04565
n08430	n05343
n08430	n08245
n08431	n02527
n08432	n03829
n08432	n08983
n08433	n03135
n08433	n05133
n08433	n09781
n08434	n06083
n08435	n02149
n08435	n04053
n08435	n04173
n08435	n04565
n08435	n05343
n08435	n05723
n08435	n06485
n08435	n07028
n08435	n07338
n08435	n07339
n08435	n07340
n08435	n08245
n08435	n08246
n08435	n08828
n08435	n08829
n08435	n08830
n08435	n09673
n08435	n09674
n08435	n09675
n08435	n09677
n08436	n09052
n08437	n07410
n08438	n05271
n08439	n02656
n08439	n05043
n08440	n02503
n08440	n04780
n08441	n09985
n08442	n07166
n08442	n07859
n08443	n07753
n08443	n09675
n08443	n09682
n08444	n03570
n08445	n02149
n08445	n04053
n08445	n04173
n08445	n04565
n08445	n05343
n08445	n05723
n08445	n06485
n08445	n07028
n08445	n07338
n08445	n07339
n08445	n07340
n08445	n08245
n08445	n08246
n08445	n08828
n08445	n08829
n08445	n08830
n08445	n09673
n08445	n09674
n08445	n09675
n08445	n09676
n08445	n09677
n08446	n02149
n08446	n04053
n08446	n04173
n08446	n04565
n08446	n05343
n08446	n05723
n08446	n06485
n08446	n07028
n08446	n07338
n08446	n07339
n08446	n07340
n08446	n08245
n08446	n08246
n08446	n08828
n08446	n08829
n08446	n08830
n08446	n09673
n08446	n09674
n08446	n09675
n08446	n09676
n08446	n09677
n08447	n00139
n08448	n06503
n08449	n02149
n08449	n03562
n08449	n04053
n08449	n04173
n08449	n04565
n08449	n05343
n08449	n05723
n08449	n06485
n08449	n07338
n08449	n07339
n08449	n07343
n08449	n07752
n08449	n08246
n08449	n08828
n08449	n08829
n08449	n08830
n08449	n09673
n08449	n09674
n08449	n09675
n08449	n09677
n08449	n09680
n08450	n04053
n08450	n08245
n08450	n08246
n08450	n08828
n08450	n09684
n08451	n07848
n08452	n01889
n08452	n02408
n08452	n04768
n08452	n07028
n08452	n07341
n08452	n07752
n08452	n08247
n08452	n08363
n08452	n08831
n08452	n08832
n08452	n09679
n08453	n01356
n08453	n03708
n08454	n03343
n08454	n05595
n08454	n06304
n08455	n01356
n08456	n06092
n08457	n05371
n08458	n03945
n08458	n07352
n08459	n02820
n08459	n03290
n08459	n03760
n08459	n05736
n08460	n02408
n08460	n04054
n08460	n04768
n08460	n05457
n08460	n06730
n08460	n07028
n08460	n07341
n08460	n07752
n08460	n08247
n08460	n08831
n08460	n08832
n08460	n09678
n08460	n09679
n08460	n09680
n08461	n07094
n08462	n02656
n08463	n02408
n08463	n06730
n08463	n07028
n08463	n07752
n08463	n08247
n08463	n08831
n08463	n09678
n08463	n09680
n08464	n04173
n08464	n06485
n08464	n08246
n08464	n08828
n08464	n09673
n08465	n02149
n08465	n04053
n08465	n04173
n08465	n04565
n08465	n05343
n08465	n07028
n08465	n07339
n08465	n08245
n08465	n08246
n08465	n08828
n08465	n08830
n08465	n09674
n08465	n09675
n08465	n09676
n08466	n04053
n08466	n04173
n08466	n04565
n08466	n05343
n08466	n08245
n08466	n09674
n08466	n09675
n08467	n02712
n08468	n07842
n08469	n06503
n08469	n07356
n08470	n02656
n08470	n07341
n08470	n08831
n08470	n08896
n08470	n09673
n08471	n08260
n08472	n02149
n08472	n04053
n08472	n04173
n08472	n04565
n08472	n05343
n08472	n05723
n08472	n06485
n08472	n07028
n08472	n07338
n08472	n07339
n08472	n07340
n08472	n08245
n08472	n08246
n08472	n08828
n08472	n08829
n08472	n08830
n08472	n09673
n08472	n09676
n08473	n05159
n08474	n07432
n08475	n04947
n08477	n08286
n08477	n09674
n08478	n02656
n08478	n04173
n08478	n06730
n08478	n07752
n08478	n08831
n08478	n09678
n08478	n09679
n08479	n02962
n08479	n09954
n08480	n03181
n08480	n08870
n08481	n08994
n08482	n02284
n08482	n04053
n08482	n07752
n08482	n09673
n08482	n09674
n08483	n07063
n08483	n08397
n08483	n09680
n08484	n05373
n08485	n04781
n08485	n04942
n08486	n04343
n08486	n09004
n08487	n02557
n08488	n06838
n08488	n06853
n08489	n01356
n08489	n03708
n08490	n03039
n08490	n04059
n08491	n09775
n08492	n00926
n08493	n07347
n08494	n02176
n08494	n02624
n08494	n02710
n08494	n09063
n08494	n09674
n08494	n09676
n08495	n01344
n08495	n04053
n08495	n04565
n08495	n05343
n08495	n08245
n08496	n02750
n08496	n02912
n08496	n03526
n08497	n03037
n08497	n04064
n08498	n08275
n08499	n02370
n08500	n05457
n08500	n09995
n08501	n04768
n08501	n06294
n08502	n06828
n08504	n09806
n08505	n04053
n08505	n05343
n08505	n06268
n08506	n08911
n08506	n09016
n08507	n10035
n08508	n02149
n08508	n04053
n08508	n04173
n08508	n06485
n08508	n07028
n08508	n07338
n08508	n07340
n08508	n08245
n08508	n08829
n08508	n09673
n08508	n09675
n08509	n02149
n08509	n04053
n08509	n04173
n08509	n05343
n08509	n06485
n08509	n07338
n08509	n08245
n08509	n08246
n08509	n08828
n08509	n08829
n08509	n09673
n08510	n08334
n08510	n08872
n08511	n08908
n08511	n09039
n08512	n02656
n08512	n04053
n08512	n08245
n08512	n08246
n08512	n08828
n08512	n09684
n08513	n07082
n08513	n09899
n08514	n05726
n08514	n07338
n08514	n07365
n08515	n01356
n08515	n03708
n08516	n06271
n08516	n09722
n08516	n10159
n08517	n01356
n08517	n03708
n08518	n04872
n08519	n02149
n08519	n04053
n08519	n04173
n08519	n04565
n08519	n05343
n08519	n05723
n08519	n06485
n08519	n07028
n08519	n07338
n08519	n07339
n08519	n07340
n08519	n08245
n08519	n08246
n08519	n08828
n08519	n08829
n08519	n09673
n08519	n09675
n08519	n09676
n08519	n09677
n08520	n04182
n08521	n08986
n08522	n00001
n08522	n00096
n08522	n00444
n08523	n01500
n08524	n02149
n08524	n04053
n08524	n04173
n08524	n04565
n08524	n05343
n08524	n05723
n08524	n06485
n08524	n07028
n08524	n07338
n08524	n07339
n08524	n07340
n08524	n08245
n08524	n08246
n08524	n08828
n08524	n08829
n08524	n08830
n08524	n09673
n08524	n09675
n08524	n09676
n08524	n09677
n08525	n09754
n08525	n10004
n08525	n10145
n08526	n02149
n08526	n02656
n08526	n07338
n08526	n08245
n08526	n08829
n08526	n09673
n08527	n07948
n08528	n02149
n08528	n04053
n08528	n04173
n08528	n04565
n08528	n05343
n08528	n05723
n08528	n06485
n08528	n07028
n08528	n07338
n08528	n07339
n08528	n07340
n08528	n08245
n08528	n08246
n08528	n08828
n08528	n08829
n08528	n08830
n08528	n09673
n08528	n09674
n08528	n09675
n08528	n09676
n08528	n09677
n08529	n08833
n08529	n08834
n08529	n09692
n08529	n09693
n08530	n01238
n08531	n07468
n08531	n08358
n08531	n08863
n08532	n02820
n08532	n03290
n08532	n04437
n08532	n05736
n08532	n06782
n08533	n09421
n08534	n04786
n08534	n05343
n08534	n05723
n08535	n01356
n08536	n02150
n08537	n05380
n08538	n04053
n08538	n04173
n08538	n04565
n08538	n05343
n08538	n08245
n08538	n09674
n08538	n09675
n08539	n07109
n08539	n07840
n08540	n01344
n08540	n04053
n08540	n04565
n08540	n05343
n08540	n08245
n08541	n01532
n08542	n05343
n08543	n10114
n08544	n03760
n08545	n02149
n08545	n04053
n08545	n04173
n08545	n05343
n08545	n05723
n08545	n06485
n08545	n07028
n08545	n07338
n08545	n07340
n08545	n08245
n08545	n08246
n08545	n08828
n08545	n08830
n08545	n09673
n08545	n09674
n08545	n09675
n08546	n02149
n08546	n04053
n08546	n04173
n08546	n04565
n08546	n05343
n08546	n05723
n08546	n06485
n08546	n07028
n08546	n07338
n08546	n07339
n08546	n07340
n08546	n08245
n08546	n08246
n08546	n08828
n08546	n08829
n08546	n08830
n08546	n09673
n08546	n09674
n08546	n09675
n08546	n09676
n08547	n08450
n08547	n09937
n08548	n01969
n08548	n09676
n08549	n05906
n08549	n09992
n08550	n01472
n08551	n08276
n08553	n03390
n08554	n04069
n08554	n08246
n08555	n06063
n08555	n09896
n08556	n03825
n08556	n06830
n08556	n08907
n08556	n09743
n08557	n06072
n08557	n07754
n08558	n01345
n08558	n04768
n08558	n05457
n08558	n07341
n08558	n09680
n08559	n07063
n08559	n08397
n08560	n09102
n08561	n01356
n08561	n03708
n08562	n01356
n08562	n03708
n08563	n01356
n08563	n03708
n08564	n06762
n08564	n07434
n08565	n01356
n08566	n06564
n08567	n02656
n08568	n05904
n08568	n09839
n08568	n10094
n08569	n02656
n08569	n04173
n08569	n06485
n08569	n07338
n08569	n07341
n08569	n08246
n08569	n08828
n08569	n09673
n08570	n03815
n08570	n05875
n08570	n09673
n08571	n07107
n08571	n09007
n08572	n04717
n08573	n06781
n08574	n04966
n08575	n01950
n08575	n02589
n08575	n02749
n08576	n06054
n08576	n08841
n08577	n02820
n08577	n03290
n08577	n04437
n08577	n05736
n08578	n06585
n08579	n02408
n08579	n04173
n08579	n06730
n08579	n07752
n08579	n08246
n08579	n08831
n08579	n09679
n08581	n09678
n08582	n02149
n08582	n04053
n08582	n04173
n08582	n04565
n08582	n06485
n08582	n07028
n08582	n07339
n08582	n08246
n08582	n08828
n08582	n08830
n08582	n08831
n08582	n09674
n08582	n09675
n08582	n09676
n08583	n00926
n08583	n06488
n08583	n09722
n08584	n09130
n08585	n04053
n08585	n04565
n08585	n05343
n08585	n08245
n08585	n09675
n08586	n02656
n08586	n08246
n08586	n08828
n08586	n08831
n08587	n09674
n08587	n09988
n08588	n02149
n08588	n02656
n08588	n07338
n08588	n08829
n08588	n09673
n08589	n05882
n08589	n06843
n08590	n04777
n08590	n09674
n08590	n09689
n08591	n05343
n08591	n06803
n08592	n01010
n08592	n01513
n08592	n04525
n08593	n05352
n08593	n09675
n08593	n09677
n08594	n04734
n08595	n07176
n08596	n04526
n08596	n08406
n08596	n08828
n08596	n09679
n08597	n07145
n08597	n10231
n08598	n03256
n08598	n08829
n08599	n06531
n08599	n07904
n08600	n02149
n08600	n02656
n08600	n04173
n08600	n07338
n08600	n08245
n08600	n08829
n08600	n09673
n08601	n03877
n08602	n02149
n08602	n04053
n08602	n04173
n08602	n04565
n08602	n05343
n08602	n05723
n08602	n06485
n08602	n07338
n08602	n07339
n08602	n07340
n08602	n08245
n08602	n08246
n08602	n08828
n08602	n08829
n08602	n09673
n08602	n09676
n08603	n03829
n08603	n07356
n08603	n08983
n08604	n06489
n08604	n07756
n08604	n08265
n08605	n04400
n08605	n08971
n08606	n01326
n08606	n03069
n08606	n04599
n08606	n04884
n08606	n08516
n08607	n03879
n08607	n04876
n08607	n09917
n08608	n02149
n08608	n02656
n08608	n07338
n08608	n08245
n08608	n08829
n08608	n09673
n08609	n09157
n08610	n05947
n08610	n06511
n08610	n08302
n08611	n07097
n08611	n08881
n08612	n04173
n08613	n02149
n08613	n04053
n08613	n04173
n08613	n06485
n08613	n07338
n08613	n08245
n08613	n08246
n08613	n08830
n08614	n06524
n08615	n02447
n08616	n03348
n08616	n07035
n08616	n07831
n08617	n01356
n08618	n02408
n08618	n06730
n08618	n07028
n08618	n07752
n08618	n08831
n08618	n09678
n08618	n09679
n08619	n09824
n08620	n04053
n08620	n08245
n08621	n06586
n08621	n08533
n08622	n02408
n08622	n04054
n08622	n06485
n08622	n07338
n08622	n07343
n08622	n08246
n08622	n08262
n08622	n08828
n08622	n08830
n08623	n04269
n08624	n05131
n08624	n09167
n08624	n09955
n08625	n04053
n08625	n05343
n08625	n06485
n08625	n10168
n08626	n04351
n08627	n02656
n08628	n10221
n08629	n07897
n08630	n05051
n08630	n08952
n08631	n08495
n08632	n05954
n08632	n10230
n08633	n02408
n08633	n04768
n08633	n06730
n08633	n07028
n08633	n07341
n08633	n07752
n08633	n08247
n08633	n08831
n08633	n08832
n08633	n09678
n08633	n09679
n08634	n03037
n08634	n04064
n08634	n07028
n08635	n09655
n08636	n05380
n08636	n09675
n08637	n06357
n08637	n08513
n08637	n09992
n08638	n06551
n08638	n10081
n08639	n00001
n08639	n00096
n08639	n00444
n08640	n05519
n08640	n08288
n08640	n10081
n08641	n02149
n08641	n04053
n08641	n04173
n08641	n04565
n08641	n05343
n08641	n05723
n08641	n06485
n08641	n07028
n08641	n07338
n08641	n07339
n08641	n07340
n08641	n08245
n08641	n08246
n08641	n08828
n08641	n08829
n08641	n08830
n08641	n09673
n08641	n09674
n08641	n09675
n08641	n09676
n08641	n09677
n08642	n01356
n08643	n08446
n08644	n05152
n08644	n07940
n08644	n09144
n08644	n09875
n08645	n01356
n08645	n03708
n08646	n04645
n08646	n06176
n08647	n07833
n08647	n10024
n08648	n06879
n08648	n10000
n08649	n02149
n08649	n04053
n08649	n04173
n08649	n06485
n08649	n07028
n08649	n07338
n08649	n08245
n08649	n08246
n08649	n08828
n08649	n08829
n08649	n08830
n08649	n09673
n08650	n07384
n08650	n08246
n08651	n09997
n08652	n07752
n08652	n09838
n08653	n02408
n08653	n04054
n08653	n04768
n08653	n06730
n08653	n07028
n08653	n07341
n08653	n07752
n08653	n08247
n08653	n08831
n08653	n09678
n08653	n09679
n08653	n09680
n08654	n04150
n08654	n05961
n08655	n01356
n08655	n07423
n08656	n01356
n08656	n03708
n08657	n02408
n08657	n08247
n08657	n10266
n08658	n04417
n08659	n09084
n08659	n09400
n08660	n02656
n08660	n04173
n08660	n06485
n08660	n07338
n08660	n07341
n08660	n08246
n08660	n08828
n08660	n09673
n08661	n03308
n08661	n07346
n08661	n09864
n08662	n03388
n08662	n05615
n08663	n04966
n08664	n03890
n08664	n09687
n08664	n09995
n08665	n06577
n08665	n09867
n08666	n02149
n08666	n04053
n08666	n04173
n08666	n04565
n08666	n05723
n08666	n06485
n08666	n06730
n08666	n07028
n08666	n07339
n08666	n07752
n08666	n08246
n08666	n08247
n08666	n08828
n08666	n08830
n08666	n09674
n08666	n09675
n08666	n09676
n08666	n09678
n08666	n09680
n08667	n01771
n08667	n05287
n08668	n07582
n08669	n07623
n08670	n05188
n08671	n04280
n08671	n07998
n08671	n08246
n08672	n07795
n08672	n09176
n08673	n06062
n08673	n07999
n08674	n10571
n08675	n07562
n08676	n07111
n08676	n10370
n08677	n02414
n08677	n09676
n08678	n00944
n08678	n02117
n08679	n02408
n08679	n04054
n08679	n05254
n08679	n05456
n08679	n08247
n08679	n08250
n08679	n09679
n08679	n09680
n08680	n06801
n08680	n06867
n08680	n09850
n08681	n05359
n08681	n08245
n08681	n08246
n08682	n01472
n08683	n07190
n08683	n07799
n08684	n02408
n08684	n04768
n08684	n06730
n08684	n07028
n08684	n07341
n08684	n07752
n08684	n08247
n08684	n08831
n08684	n09679
n08684	n09680
n08685	n09237
n08685	n10410
n08686	n01344
n08686	n04053
n08686	n04565
n08686	n05343
n08686	n08245
n08687	n10423
n08688	n02149
n08688	n04173
n08688	n06485
n08688	n07338
n08688	n08245
n08688	n08246
n08689	n07189
n08689	n07742
n08689	n10073
n08690	n05979
n08691	n07123
n08691	n08684
n08692	n07179
n08693	n02149
n08693	n04173
n08693	n04565
n08693	n06485
n08693	n06730
n08693	n07028
n08693	n07339
n08693	n08246
n08693	n09674
n08693	n09675
n08694	n03769
n08695	n04173
n08695	n04565
n08695	n06831
n08695	n07339
n08695	n07340
n08695	n08245
n08695	n09675
n08695	n09676
n08696	n03309
n08696	n05888
n08696	n08458
n08697	n06047
n08697	n07753
n08697	n09682
n08698	n10429
n08699	n10164
n08700	n03708
n08700	n10341
n08701	n05878
n08702	n08371
n08702	n09793
n08703	n05977
n08704	n06170
n08704	n08475
n08704	n08520
n08705	n08058
n08706	n05518
n08706	n10089
n08707	n05644
n08707	n07199
n08707	n07550
n08708	n02149
n08708	n04053
n08708	n04173
n08708	n04565
n08708	n05343
n08708	n05723
n08708	n06485
n08708	n07028
n08708	n07338
n08708	n07340
n08708	n07349
n08708	n08245
n08708	n08246
n08708	n08828
n08708	n08829
n08708	n08830
n08708	n09673
n08708	n09674
n08708	n09675
n08708	n09676
n08708	n09677
n08709	n02149
n08709	n04053
n08709	n04173
n08709	n04565
n08709	n05343
n08709	n05723
n08709	n06485
n08709	n07028
n08709	n07338
n08709	n07339
n08709	n07340
n08709	n08245
n08709	n08246
n08709	n08828
n08709	n08829
n08709	n08830
n08709	n09673
n08709	n09674
n08709	n09675
n08709	n09676
n08709	n09677
n08710	n06405
n08710	n07547
n08711	n04669
n08712	n08311
n08712	n08528
n08713	n08573
n08713	n10152
n08714	n00479
n08714	n00818
n08714	n06136
n08714	n09269
n08715	n02149
n08715	n02656
n08715	n04173
n08716	n01344
n08716	n04053
n08716	n04565
n08716	n05343
n08716	n08245
n08717	n01344
n08717	n04053
n08717	n04565
n08717	n05343
n08717	n08245
n08718	n04053
n08718	n04565
n08718	n05343
n08718	n08245
n08719	n07555
n08720	n07928
n08721	n01344
n08721	n10371
n08722	n03066
n08723	n02149
n08723	n04053
n08723	n04173
n08723	n06485
n08723	n07338
n08723	n08245
n08723	n08246
n08723	n08828
n08723	n08829
n08723	n09673
n08724	n04357
n08725	n02149
n08725	n04053
n08725	n04173
n08725	n04565
n08725	n05343
n08725	n05723
n08725	n06485
n08725	n07028
n08725	n07338
n08725	n07339
n08725	n07340
n08725	n08245
n08725	n08246
n08725	n08828
n08725	n08829
n08725	n08830
n08725	n09673
n08725	n09674
n08725	n09675
n08725	n09676
n08725	n09677
n08726	n06353
n08726	n07483
n08726	n09173
n08727	n02656
n08727	n05343
n08728	n03527
n08729	n08428
n08730	n07037
n08730	n07448
n08731	n07460
n08732	n01350
n08732	n05990
n08733	n06112
n08733	n09535
n08735	n02149
n08735	n04173
n08735	n07338
n08735	n08829
n08735	n08980
n08735	n10327
n08736	n06600
n08736	n07602
n08737	n03958
n08738	n04173
n08738	n06485
n08738	n07338
n08738	n08246
n08738	n08828
n08738	n08829
n08738	n09673
n08739	n10416
n08740	n04565
n08740	n05723
n08740	n06405
n08740	n06485
n08740	n07028
n08740	n07339
n08740	n07340
n08740	n08246
n08740	n08828
n08740	n08830
n08740	n09674
n08740	n09675
n08740	n09676
n08740	n09677
n08741	n04173
n08741	n04768
n08741	n06485
n08741	n07338
n08741	n07341
n08741	n08246
n08741	n08828
n08741	n09673
n08742	n02149
n08742	n04053
n08742	n04173
n08742	n07338
n08742	n08245
n08742	n08246
n08742	n08829
n08742	n09673
n08743	n05680
n08743	n06141
n08744	n10444
n08745	n00926
n08746	n07477
n08747	n03901
n08747	n08246
n08748	n05974
n08748	n07221
n08749	n09635
n08749	n10037
n08750	n02149
n08750	n02656
n08750	n07338
n08750	n08245
n08750	n08829
n08751	n06875
n08751	n10211
n08752	n06374
n08752	n06892
n08752	n10083
n08753	n03562
n08753	n04768
n08753	n06730
n08753	n07752
n08753	n08828
n08753	n08831
n08753	n09680
n08754	n05672
n08754	n09673
n08755	n10260
n08756	n07874
n08756	n08521
n08757	n05801
n08757	n07874
n08758	n04721
n08759	n06573
n08760	n09908
n08761	n02656
n08762	n06857
n08763	n02795
n08763	n03445
n08763	n03536
n08763	n06546
n08763	n09890
n08764	n02408
n08764	n04054
n08764	n04768
n08764	n06730
n08764	n07028
n08764	n07341
n08764	n07752
n08764	n08247
n08764	n08831
n08764	n09678
n08764	n09679
n08764	n09680
n08765	n02408
n08765	n06485
n08765	n08246
n08765	n08247
n08765	n08831
n08765	n08901
n08765	n09053
n08765	n09678
n08766	n01344
n08766	n04053
n08766	n04565
n08766	n05343
n08766	n08245
n08767	n04023
n08767	n10657
n08768	n08274
n08768	n09675
n08768	n09676
n08768	n09677
n08769	n01344
n08769	n04053
n08769	n04565
n08769	n05343
n08769	n08245
n08770	n06853
n08771	n03839
n08772	n02408
n08772	n04768
n08772	n06730
n08772	n07028
n08772	n07752
n08772	n08247
n08772	n08831
n08772	n09678
n08772	n09679
n08773	n04137
n08773	n07632
n08774	n04137
n08774	n06135
n08775	n01344
n08775	n04053
n08775	n04565
n08775	n05343
n08775	n08245
n08776	n05636
n08777	n04173
n08777	n04565
n08777	n06485
n08777	n07339
n08777	n08246
n08777	n08828
n08778	n07101
n08779	n07528
n08780	n05696
n08781	n05962
n08781	n06866
n08782	n03815
n08782	n05875
n08782	n09673
n08783	n02222
n08784	n02039
n08784	n04268
n08785	n06604
n08786	n02087
n08786	n06202
n08786	n09968
n08787	n00519
n08788	n06845
n08788	n08611
n08789	n05615
n08790	n02369
n08790	n07390
n08790	n09674
n08791	n04080
n08792	n10493
n08793	n05071
n08793	n07166
n08793	n08246
n08794	n03529
n08794	n05257
n08795	n09115
n08796	n00944
n08796	n02117
n08796	n05167
n08796	n08440
n08796	n09980
n08797	n02176
n08797	n02624
n08797	n02710
n08797	n07028
n08797	n08245
n08797	n08830
n08797	n09674
n08797	n09675
n08797	n09676
n08798	n04961
n08799	n09056
n08799	n10338
n08800	n04173
n08800	n06485
n08800	n08246
n08800	n08828
n08801	n05802
n08801	n06845
n08802	n01356
n08802	n03708
n08803	n02524
n08803	n07787
n08804	n05801
n08805	n09423
n08806	n05637
n08806	n08067
n08806	n09098
n08807	n04632
n08807	n05150
n08807	n08396
n08807	n08872
n08808	n08246
n08808	n09938
n08809	n04798
n08809	n05761
n08809	n06295
n08809	n07856
n08809	n09750
n08810	n06376
n08811	n09181
n08812	n05300
n08813	n04989
n08814	n04891
n08814	n08654
n08815	n05723
n08815	n10272
n08816	n02408
n08816	n04173
n08816	n06730
n08816	n07752
n08816	n08831
n08817	n02149
n08817	n04053
n08817	n04173
n08817	n04565
n08817	n05343
n08817	n05723
n08817	n06485
n08817	n07028
n08817	n07339
n08817	n08246
n08817	n08828
n08817	n08830
n08817	n09674
n08817	n09675
n08817	n09676
n08817	n09680
n08818	n03540
n08819	n04844
n08819	n07029
n08819	n09681
n08820	n02042
n08820	n03950
n08820	n07942
n08821	n04532
n08822	n02149
n08822	n04053
n08822	n04173
n08822	n04565
n08822	n05343
n08822	n05723
n08822	n06485
n08822	n07028
n08822	n07338
n08822	n07339
n08822	n07340
n08822	n08245
n08822	n08246
n08822	n08828
n08822	n08829
n08822	n08830
n08822	n09673
n08822	n09674
n08822	n09675
n08822	n09676
n08822	n09677
n08823	n01356
n08823	n03708
n08824	n02656
n08824	n08829
n08825	n04803
n08825	n09481
n08825	n09675
n08826	n01685
n08826	n10361
n08827	n02408
n08827	n06730
n08827	n07028
n08827	n07752
n08827	n08247
n08827	n08831
n08827	n09678
n08827	n09680
n08833	n04054
n08833	n04768
n08833	n05457
n08833	n07341
n08833	n07342
n08833	n08831
n08834	n04054
n08834	n04768
n08834	n05457
n08834	n07341
n08834	n07342
n08834	n08831
n08835	n01236
n08836	n01356
n08837	n06730
n08837	n09678
n08838	n01356
n08838	n03708
n08839	n04054
n08839	n04768
n08839	n05457
n08839	n07341
n08839	n07342
n08839	n08831
n08839	n09680
n08840	n02656
n08841	n09696
n08842	n09701
n08844	n04768
n08844	n06730
n08844	n07341
n08844	n08831
n08845	n04324
n08845	n05458
n08845	n08833
n08846	n02408
n08846	n02656
n08846	n04173
n08846	n04768
n08846	n06485
n08846	n07341
n08846	n08831
n08847	n02408
n08847	n04173
n08847	n04768
n08847	n08246
n08847	n08831
n08848	n01344
n08848	n04053
n08848	n04565
n08848	n05343
n08848	n08245
n08849	n04769
n08850	n01356
n08851	n01356
n08851	n03708
n08852	n02149
n08852	n04053
n08852	n04173
n08852	n04565
n08852	n05343
n08852	n05723
n08852	n06485
n08852	n07028
n08852	n07338
n08852	n07339
n08852	n07340
n08852	n08245
n08852	n08246
n08852	n08828
n08852	n08829
n08852	n08830
n08852	n09673
n08852	n09674
n08852	n09675
n08852	n09676
n08852	n09677
n08853	n02656
n08854	n06485
n08854	n07338
n08854	n07339
n08854	n08828
n08855	n05727
n08855	n07353
n08856	n03562
n08856	n04565
n08856	n05723
n08856	n06485
n08856	n07338
n08856	n07339
n08856	n08246
n08856	n08828
n08856	n08830
n08856	n09677
n08857	n05133
n08858	n02408
n08858	n04054
n08858	n04768
n08858	n06730
n08858	n07028
n08858	n07341
n08858	n07752
n08858	n08247
n08858	n08831
n08858	n09678
n08858	n09679
n08858	n09680
n08859	n01344
n08859	n04565
n08859	n05343
n08860	n01356
n08860	n03708
n08861	n08245
n08862	n09713
n08863	n07755
n08864	n05881
n08865	n08855
n08865	n09673
n08866	n05723
n08866	n07028
n08866	n07340
n08866	n08829
n08866	n08830
n08866	n09675
n08866	n09677
n08866	n09731
n08867	n02656
n08868	n07778
n08869	n02408
n08869	n08831
n08870	n02193
n08870	n03938
n08870	n04770
n08871	n02149
n08871	n05723
n08871	n07028
n08871	n07338
n08871	n07760
n08871	n08246
n08871	n08252
n08871	n08829
n08871	n08830
n08872	n01356
n08872	n03708
n08873	n07784
n08873	n08836
n08874	n09673
n08874	n09674
n08874	n09676
n08874	n09738
n08875	n09747
n08876	n05460
n08877	n04768
n08877	n07338
n08877	n07341
n08877	n08831
n08878	n03939
n08878	n09673
n08879	n04053
n08879	n04565
n08879	n05343
n08879	n08245
n08880	n08279
n08881	n02283
n08881	n05032
n08882	n05584
n08883	n08279
n08884	n01356
n08885	n08835
n08886	n04219
n08886	n08833
n08886	n08834
n08886	n08839
n08886	n09693
n08887	n06730
n08887	n09678
n08888	n09778
n08889	n01356
n08889	n03708
n08890	n02747
n08891	n01049
n08891	n03818
n08892	n07338
n08892	n08301
n08893	n02149
n08893	n04053
n08893	n04173
n08893	n04565
n08893	n05343
n08893	n05723
n08893	n06485
n08893	n07028
n08893	n07339
n08893	n08245
n08893	n08246
n08893	n08828
n08893	n08830
n08893	n09676
n08894	n08879
n08895	n02149
n08895	n04053
n08895	n04173
n08895	n04565
n08895	n05343
n08895	n06485
n08895	n08245
n08895	n09674
n08895	n09675
n08896	n04173
n08896	n04768
n08896	n06485
n08896	n07338
n08896	n08246
n08896	n08828
n08897	n02149
n08897	n04053
n08897	n04173
n08897	n04565
n08897	n05343
n08897	n06485
n08897	n07028
n08897	n07339
n08897	n08246
n08897	n08828
n08897	n08830
n08897	n09674
n08897	n09675
n08897	n09676
n08898	n02149
n08898	n02656
n08899	n03172
n08900	n08288
n08901	n04173
n08901	n06730
n08901	n07028
n08901	n07752
n08901	n09674
n08901	n09675
n08901	n09679
n08903	n08246
n08903	n08267
n08903	n08831
n08904	n02149
n08904	n04053
n08904	n04173
n08904	n04565
n08904	n05343
n08904	n06485
n08904	n07340
n08904	n08245
n08904	n08828
n08905	n04633
n08906	n08896
n08907	n01681
n08907	n05252
n08907	n09681
n08908	n01344
n08908	n04053
n08908	n04565
n08908	n05343
n08908	n08245
n08908	n09683
n08909	n08305
n08910	n06485
n08910	n09771
n08911	n07033
n08911	n09675
n08912	n07817
n08913	n06749
n08914	n07815
n08915	n08892
n08916	n01356
n08917	n02149
n08917	n05723
n08917	n07028
n08917	n07338
n08917	n08246
n08917	n08252
n08917	n08830
n08918	n06049
n08918	n08877
n08918	n09756
n08919	n07779
n08919	n07803
n08920	n05464
n08920	n07338
n08920	n08246
n08920	n08828
n08920	n08846
n08921	n02284
n08921	n07353
n08921	n09673
n08922	n02408
n08922	n04053
n08922	n04565
n08922	n05343
n08922	n08245
n08923	n04173
n08923	n04565
n08923	n09674
n08923	n09675
n08924	n08246
n08924	n09856
n08925	n05472
n08925	n06759
n08925	n07808
n08926	n02149
n08926	n04053
n08926	n04173
n08926	n04565
n08926	n05343
n08926	n05723
n08926	n06485
n08926	n07028
n08926	n07339
n08926	n08245
n08926	n08246
n08926	n08830
n08926	n09674
n08927	n01356
n08928	n02819
n08929	n04565
n08929	n05343
n08929	n05723
n08929	n06485
n08929	n07028
n08929	n07338
n08929	n07339
n08929	n08246
n08929	n08828
n08929	n08830
n08929	n08831
n08929	n09674
n08929	n09676
n08929	n09677
n08930	n02656
n08930	n08829
n08931	n07819
n08932	n09674
n08932	n09815
n08933	n08961
n08934	n04053
n08934	n04565
n08934	n05343
n08934	n08245
n08935	n03041
n08935	n05723
n08935	n06268
n08935	n07040
n08935	n07338
n08935	n08252
n08936	n01356
n08936	n03708
n08937	n09699
n08938	n07775
n08938	n09789
n08939	n04053
n08939	n04565
n08939	n05343
n08939	n05723
n08939	n08245
n08939	n09676
n08940	n01294
n08940	n01799
n08941	n07794
n08941	n08864
n08942	n04053
n08942	n04565
n08942	n05343
n08942	n06485
n08942	n07028
n08942	n07339
n08942	n07340
n08942	n08828
n08942	n08830
n08942	n09674
n08942	n09675
n08942	n09767
n08942	n09776
n08943	n08828
n08944	n02656
n08944	n08246
n08944	n08269
n08945	n03817
n08946	n03382
n08946	n06276
n08947	n02149
n08947	n02656
n08947	n08829
n08947	n09673
n08948	n06278
n08949	n07813
n08949	n08833
n08950	n06502
n08950	n09673
n08951	n03146
n08952	n08828
n08953	n02214
n08953	n08831
n08953	n09678
n08953	n09680
n08954	n09747
n08955	n01356
n08955	n03708
n08955	n09695
n08956	n03173
n08957	n06061
n08957	n06485
n08957	n06499
n08958	n04930
n08958	n08831
n08959	n08941
n08960	n04324
n08960	n09680
n08961	n03815
n08961	n05875
n08962	n01344
n08962	n04053
n08962	n04565
n08962	n05343
n08962	n08245
n08963	n01344
n08963	n04053
n08963	n04565
n08963	n05343
n08963	n08245
n08964	n04846
n08964	n08831
n08964	n09678
n08964	n09680
n08965	n04501
n08966	n06300
n08967	n01917
n08967	n03941
n08967	n08831
n08967	n09697
n08967	n09719
n08968	n06076
n08968	n07802
n08968	n08868
n08969	n08880
n08970	n04053
n08970	n07771
n08971	n02818
n08971	n07375
n08971	n07771
n08971	n08246
n08971	n08828
n08972	n08946
n08973	n04138
n08973	n05035
n08974	n06494
n08975	n01950
n08975	n02589
n08975	n02749
n08976	n08919
n08977	n05343
n08978	n02553
n08978	n08979
n08979	n02408
n08979	n04768
n08979	n06730
n08979	n07341
n08979	n08831
n08979	n09678
n08981	n04784
n08982	n05472
n08982	n06759
n08982	n07808
n08983	n03523
n08983	n07073
n08983	n08290
n08984	n02408
n08984	n04054
n08984	n04768
n08984	n06730
n08984	n07028
n08984	n07341
n08984	n07752
n08984	n08247
n08984	n08831
n08984	n09678
n08984	n09679
n08984	n09680
n08986	n08881
n08987	n01344
n08987	n04053
n08987	n04565
n08987	n05343
n08987	n08245
n08988	n02149
n08988	n04053
n08988	n04173
n08988	n04565
n08988	n05343
n08988	n05723
n08988	n06485
n08988	n07028
n08988	n07338
n08988	n07339
n08988	n07340
n08988	n08245
n08988	n08246
n08988	n08828
n08988	n08829
n08988	n08830
n08988	n09673
n08988	n09674
n08988	n09675
n08988	n09676
n08988	n09677
n08989	n02149
n08989	n04053
n08989	n04173
n08989	n04565
n08989	n05343
n08989	n05723
n08989	n06485
n08989	n07028
n08989	n07338
n08989	n07339
n08989	n07340
n08989	n08245
n08989	n08246
n08989	n08828
n08989	n08829
n08989	n08830
n08989	n09673
n08989	n09674
n08989	n09675
n08989	n09676
n08989	n09677
n08990	n01344
n08990	n04053
n08990	n04565
n08990	n05343
n08990	n08245
n08991	n01356
n08992	n02149
n08992	n04053
n08992	n04173
n08992	n04565
n08992	n05343
n08992	n05723
n08992	n06485
n08992	n07028
n08992	n07338
n08992	n07339
n08992	n08245
n08992	n08246
n08992	n08828
n08992	n08830
n08992	n09674
n08992	n09675
n08992	n09676
n08993	n07352
n08994	n02149
n08994	n02656
n08994	n07338
n08994	n08829
n08994	n09673
n08995	n06487
n08995	n08249
n08996	n01344
n08996	n04053
n08996	n04565
n08996	n05343
n08996	n08245
n08997	n05902
n08997	n07340
n08998	n02747
n08998	n09681
n08999	n06051
n08999	n06770
n09000	n03141
n09000	n07339
n09000	n07340
n09000	n08828
n09000	n08829
n09000	n08830
n09000	n09677
n09001	n04489
n09002	n02585
n09003	n01766
n09003	n07030
n09003	n08837
n09003	n09680
n09004	n05361
n09005	n06278
n09006	n02625
n09007	n09925
n09008	n09931
n09009	n09859
n09010	n03824
n09011	n03618
n09011	n08950
n09012	n06051
n09012	n07755
n09013	n02414
n09013	n08295
n09014	n08248
n09014	n08260
n09015	n02792
n09015	n08292
n09016	n07033
n09017	n03291
n09017	n05884
n09018	n06068
n09018	n09906
n09019	n02149
n09019	n02656
n09019	n07338
n09019	n08829
n09020	n03173
n09020	n08372
n09021	n08833
n09021	n08834
n09021	n09692
n09021	n09710
n09022	n01785
n09022	n08325
n09023	n03518
n09023	n07036
n09024	n02149
n09024	n04053
n09024	n04173
n09024	n05343
n09024	n07338
n09024	n08245
n09024	n08829
n09024	n09673
n09025	n01356
n09026	n04173
n09026	n05479
n09026	n06485
n09027	n02622
n09028	n01344
n09028	n04053
n09028	n04565
n09028	n05343
n09028	n08245
n09029	n01344
n09029	n04053
n09029	n04565
n09029	n05343
n09029	n08245
n09030	n05733
n09030	n09987
n09031	n04278
n09031	n04285
n09032	n02149
n09032	n04053
n09032	n04173
n09032	n04565
n09032	n05343
n09032	n05723
n09032	n06485
n09032	n07028
n09032	n07338
n09032	n07339
n09032	n07340
n09032	n08245
n09032	n08246
n09032	n08828
n09032	n08829
n09032	n08830
n09032	n09673
n09032	n09676
n09033	n02408
n09033	n04054
n09033	n05456
n09033	n06730
n09033	n07028
n09033	n07752
n09033	n08247
n09033	n08831
n09033	n09678
n09033	n09679
n09033	n09680
n09034	n07080
n09035	n02149
n09035	n04053
n09035	n04173
n09035	n04565
n09035	n05723
n09035	n06485
n09035	n07028
n09035	n07339
n09035	n07752
n09035	n08246
n09035	n08247
n09035	n08828
n09035	n08830
n09035	n09674
n09035	n09675
n09035	n09676
n09035	n09678
n09036	n08880
n09037	n06514
n09038	n02149
n09038	n04053
n09038	n04173
n09038	n04565
n09038	n05343
n09038	n05723
n09038	n06485
n09038	n07028
n09038	n07338
n09038	n07339
n09038	n07340
n09038	n08245
n09038	n08246
n09038	n08828
n09038	n08829
n09038	n08830
n09038	n09673
n09038	n09674
n09038	n09675
n09038	n09676
n09038	n09677
n09039	n01344
n09039	n04053
n09039	n04565
n09039	n05343
n09039	n07809
n09039	n08245
n09040	n07762
n09040	n08274
n09041	n02656
n09042	n02656
n09043	n02442
n09043	n07037
n09043	n08344
n09043	n08832
n09044	n01682
n09045	n01766
n09045	n07030
n09045	n08837
n09047	n10089
n09048	n02656
n09048	n04173
n09048	n04768
n09048	n06485
n09048	n07338
n09048	n07341
n09048	n08246
n09048	n08828
n09049	n04055
n09049	n04565
n09049	n05723
n09049	n06485
n09049	n07338
n09049	n07339
n09049	n07752
n09049	n08246
n09049	n08247
n09049	n08828
n09049	n08830
n09049	n09674
n09049	n09677
n09050	n02149
n09050	n04053
n09050	n04173
n09050	n04565
n09050	n05723
n09050	n06485
n09050	n07028
n09050	n07339
n09050	n08246
n09050	n08828
n09050	n08830
n09050	n09674
n09050	n09675
n09050	n09676
n09051	n00514
n09051	n05723
n09051	n09674
n09052	n07386
n09053	n04173
n09053	n04565
n09053	n07028
n09053	n09675
n09054	n02408
n09054	n04054
n09054	n04768
n09054	n06730
n09054	n07028
n09054	n07752
n09054	n08247
n09054	n08831
n09054	n09678
n09054	n09679
n09054	n09680
n09055	n08992
n09056	n05343
n09056	n07340
n09056	n09811
n09057	n02149
n09057	n04173
n09057	n06485
n09057	n07338
n09057	n08246
n09057	n08828
n09057	n08829
n09057	n09674
n09058	n01356
n09059	n02656
n09060	n02149
n09060	n04053
n09060	n04173
n09060	n04565
n09060	n06485
n09060	n07028
n09060	n07338
n09060	n07339
n09060	n07340
n09060	n08245
n09060	n08246
n09060	n08829
n09060	n08830
n09060	n09673
n09060	n09675
n09061	n10021
n09062	n02790
n09063	n05142
n09063	n07028
n09063	n08830
n09063	n09675
n09063	n09783
n09064	n05729
n09064	n07879
n09065	n02964
n09065	n09674
n09066	n02408
n09066	n08831
n09067	n06730
n09067	n07341
n09067	n07752
n09067	n08247
n09067	n08253
n09067	n08831
n09067	n09678
n09067	n09679
n09067	n09680
n09068	n02149
n09068	n04053
n09068	n04173
n09068	n04565
n09068	n05343
n09068	n05723
n09068	n06485
n09068	n07028
n09068	n08245
n09068	n08830
n09069	n09834
n09070	n06285
n09070	n06526
n09070	n07386
n09070	n08258
n09070	n09755
n09071	n02149
n09071	n04053
n09071	n04173
n09071	n05343
n09071	n06485
n09071	n07338
n09071	n07340
n09071	n08245
n09071	n08828
n09071	n08830
n09072	n08364
n09073	n04938
n09074	n06512
n09074	n07092
n09074	n08274
n09074	n09674
n09074	n09675
n09074	n09677
n09075	n06306
n09076	n08936
n09077	n08833
n09077	n09680
n09078	n08913
n09079	n01356
n09079	n03708
n09080	n04774
n09080	n05267
n09081	n03206
n09081	n09881
n09082	n01344
n09082	n04565
n09082	n05343
n09083	n04386
n09084	n04173
n09084	n06485
n09084	n08246
n09084	n08828
n09085	n03757
n09085	n07340
n09085	n09677
n09086	n03996
n09086	n07410
n09087	n01408
n09087	n09674
n09088	n01408
n09088	n04053
n09088	n05343
n09088	n09674
n09089	n06485
n09089	n07042
n09089	n07752
n09089	n08246
n09089	n08247
n09089	n08828
n09089	n09678
n09089	n09680
n09090	n06775
n09090	n07778
n09091	n01989
n09091	n07047
n09092	n06741
n09093	n09046
n09094	n08949
n09095	n08382
n09096	n01344
n09096	n04053
n09096	n04565
n09096	n05343
n09096	n08245
n09097	n02149
n09097	n04053
n09097	n04173
n09097	n04565
n09097	n05343
n09097	n05723
n09097	n06485
n09097	n07028
n09097	n07338
n09097	n07339
n09097	n07340
n09097	n08245
n09097	n08246
n09097	n08828
n09097	n08829
n09097	n08830
n09097	n09673
n09097	n09674
n09097	n09675
n09097	n09676
n09097	n09677
n09098	n07094
n09098	n08828
n09098	n08830
n09098	n09677
n09099	n01356
n09099	n03708
n09100	n05723
n09100	n07028
n09100	n07339
n09100	n07340
n09100	n08828
n09100	n08830
n09100	n08895
n09101	n06743
n09102	n08275
n09103	n08245
n09103	n10030
n09104	n05758
n09105	n02076
n09105	n08831
n09106	n02149
n09106	n04053
n09106	n04173
n09106	n04565
n09106	n05343
n09106	n05723
n09106	n06485
n09106	n07028
n09106	n07338
n09106	n07339
n09106	n07340
n09106	n08245
n09106	n08246
n09106	n08828
n09106	n08829
n09106	n08830
n09106	n09673
n09106	n09675
n09106	n09676
n09106	n09677
n09107	n02307
n09107	n02753
n09107	n05599
n09107	n06061
n09107	n06306
n09107	n07430
n09107	n08380
n09108	n03139
n09109	n01933
n09109	n07359
n09110	n01933
n09111	n08955
n09112	n07356
n09112	n08248
n09112	n08290
n09112	n09877
n09113	n05723
n09113	n07339
n09113	n07340
n09113	n07767
n09113	n09676
n09114	n07045
n09114	n07339
n09114	n07340
n09114	n08828
n09114	n08829
n09114	n08830
n09114	n09674
n09114	n09676
n09114	n09677
n09115	n05748
n09115	n08393
n09116	n07450
n09117	n02656
n09117	n04768
n09118	n04768
n09118	n04933
n09118	n08903
n09119	n01189
n09119	n01544
n09119	n02135
n09119	n05343
n09119	n06066
n09120	n01356
n09120	n03708
n09120	n08829
n09121	n01356
n09121	n03708
n09122	n02408
n09122	n04054
n09122	n04768
n09122	n05457
n09122	n06730
n09122	n07028
n09122	n07341
n09122	n07752
n09122	n08247
n09122	n08831
n09122	n08832
n09122	n09678
n09122	n09679
n09122	n09680
n09123	n08246
n09123	n08367
n09123	n09680
n09124	n01029
n09124	n07851
n09125	n04865
n09125	n06071
n09126	n06114
n09127	n10017
n09128	n01344
n09128	n04053
n09128	n04565
n09128	n05343
n09128	n08245
n09129	n05875
n09130	n05735
n09130	n06839
n09131	n06292
n09131	n08961
n09132	n01344
n09132	n04053
n09132	n04565
n09132	n05343
n09132	n08245
n09133	n07842
n09134	n04281
n09134	n04340
n09135	n02149
n09135	n04173
n09135	n04565
n09135	n06485
n09135	n07028
n09135	n07339
n09135	n08246
n09135	n08830
n09135	n09674
n09135	n09675
n09135	n09676
n09136	n02007
n09136	n09676
n09136	n09991
n09137	n07759
n09137	n08831
n09137	n09678
n09137	n09680
n09137	n09689
n09138	n05290
n09139	n07420
n09140	n09806
n09141	n06790
n09142	n08321
n09143	n02656
n09143	n08828
n09143	n09678
n09143	n09820
n09144	n01611
n09144	n06531
n09145	n01612
n09145	n04282
n09145	n04719
n09146	n01356
n09147	n04286
n09148	n06760
n09148	n07871
n09149	n01612
n09149	n09674
n09150	n02149
n09151	n05075
n09151	n09906
n09152	n07538
n09153	n02149
n09153	n04053
n09153	n04173
n09153	n04565
n09153	n05343
n09153	n05723
n09153	n06485
n09153	n07028
n09153	n07338
n09153	n07339
n09153	n07340
n09153	n08245
n09153	n08246
n09153	n08828
n09153	n08829
n09153	n08830
n09153	n09673
n09154	n08971
n09155	n05365
n09155	n09728
n09156	n01356
n09157	n07104
n09157	n09919
n09158	n04939
n09159	n08333
n09160	n01717
n09160	n02502
n09161	n04056
n09161	n06764
n09161	n08263
n09162	n07028
n09162	n07376
n09162	n08828
n09162	n08829
n09163	n03709
n09163	n04053
n09163	n05343
n09163	n07752
n09163	n09680
n09164	n06795
n09165	n01717
n09165	n02502
n09166	n02149
n09166	n08245
n09167	n05747
n09167	n07100
n09167	n08950
n09168	n07776
n09169	n01344
n09169	n04053
n09169	n04565
n09169	n05343
n09169	n08245
n09170	n04173
n09170	n04768
n09170	n06485
n09170	n08246
n09170	n08831
n09171	n03878
n09171	n07110
n09172	n08933
n09172	n09673
n09173	n08835
n09174	n01917
n09174	n03941
n09175	n02149
n09175	n04053
n09175	n04173
n09175	n04565
n09175	n05343
n09175	n07028
n09175	n07339
n09175	n08828
n09175	n08830
n09176	n05647
n09177	n07028
n09177	n07339
n09177	n08828
n09177	n08830
n09177	n08895
n09178	n02306
n09179	n01344
n09179	n01623
n09180	n05048
n09181	n06560
n09181	n09850
n09182	n03820
n09182	n08829
n09183	n02149
n09183	n04053
n09183	n04173
n09183	n04565
n09183	n05343
n09183	n05723
n09183	n06485
n09183	n07028
n09183	n07339
n09183	n08246
n09183	n08247
n09183	n08830
n09183	n09676
n09184	n02149
n09184	n04053
n09184	n04173
n09184	n04565
n09184	n05343
n09184	n05723
n09184	n06485
n09184	n07028
n09184	n07338
n09184	n07339
n09184	n07340
n09184	n08245
n09184	n08246
n09184	n08828
n09184	n08829
n09184	n08830
n09184	n09673
n09184	n09674
n09184	n09675
n09184	n09676
n09184	n09677
n09185	n02656
n09185	n03708
n09186	n06810
n09187	n03577
n09187	n08828
n09188	n03437
n09188	n07339
n09188	n08829
n09188	n08830
n09189	n02149
n09190	n07770
n09190	n09113
n09191	n09076
n09192	n05878
n09192	n08390
n09193	n01356
n09193	n03708
n09194	n03518
n09194	n07036
n09195	n01356
n09196	n04771
n09196	n06510
n09197	n05138
n09197	n09881
n09198	n09702
n09198	n10000
n09199	n04342
n09199	n05626
n09200	n06089
n09201	n03616
n09201	n03940
n09201	n05252
n09201	n05343
n09201	n06066
n09202	n02408
n09202	n04053
n09202	n05343
n09203	n05908
n09204	n04173
n09204	n04565
n09204	n05723
n09204	n06485
n09204	n07028
n09204	n07338
n09204	n07339
n09204	n07340
n09204	n08246
n09204	n08828
n09204	n08830
n09204	n09676
n09204	n09677
n09205	n06332
n09206	n02149
n09206	n04053
n09206	n04173
n09206	n04565
n09206	n05343
n09206	n05723
n09206	n06485
n09206	n07028
n09206	n07338
n09206	n07339
n09206	n07340
n09206	n08245
n09206	n08246
n09206	n08828
n09206	n08829
n09206	n08830
n09206	n09673
n09206	n09674
n09206	n09675
n09206	n09676
n09206	n09677
n09207	n08940
n09207	n10101
n09208	n02408
n09208	n04173
n09208	n08246
n09208	n08247
n09209	n08833
n09209	n09680
n09210	n08838
n09211	n04512
n09211	n08373
n09212	n04781
n09212	n04942
n09213	n04768
n09213	n07341
n09213	n08831
n09214	n01344
n09214	n04053
n09214	n04565
n09214	n05343
n09214	n08245
n09215	n04453
n09215	n05481
n09215	n08366
n09215	n08948
n09215	n09055
n09216	n07340
n09216	n09684
n09216	n09811
n09217	n02621
n09217	n06488
n09218	n02149
n09218	n04053
n09218	n04173
n09218	n04565
n09218	n05343
n09218	n05723
n09218	n06485
n09218	n07028
n09218	n07338
n09218	n07339
n09218	n07340
n09218	n08245
n09218	n08246
n09218	n08828
n09218	n08829
n09218	n08830
n09218	n09673
n09218	n09674
n09218	n09675
n09218	n09676
n09218	n09677
n09219	n02149
n09219	n04173
n09219	n06485
n09219	n07338
n09219	n08829
n09219	n09673
n09220	n05388
n09220	n09675
n09220	n09754
n09220	n10056
n09221	n09028
n09222	n08389
n09222	n08964
n09223	n07116
n09223	n09674
n09224	n08402
n09225	n07117
n09226	n01889
n09226	n06558
n09227	n05343
n09228	n02149
n09228	n04053
n09228	n04173
n09228	n04565
n09228	n05343
n09228	n05723
n09228	n06485
n09228	n07028
n09228	n07338
n09228	n07340
n09228	n08245
n09228	n08246
n09228	n08828
n09228	n08829
n09228	n08830
n09228	n09673
n09228	n09675
n09228	n09676
n09228	n09677
n09229	n07146
n09230	n08953
n09231	n05741
n09232	n04053
n09232	n04565
n09232	n05343
n09232	n08245
n09232	n09674
n09232	n09675
n09233	n02306
n09233	n07900
n09234	n06110
n09235	n02656
n09235	n06057
n09236	n06303
n09236	n09674
n09236	n09732
n09237	n01344
n09237	n04053
n09237	n04565
n09237	n05343
n09237	n08245
n09238	n01344
n09238	n04053
n09238	n04565
n09238	n05343
n09238	n08245
n09239	n02656
n09240	n04784
n09241	n05472
n09241	n05723
n09241	n06759
n09241	n07339
n09241	n07770
n09241	n07808
n09242	n06139
n09242	n07341
n09243	n05869
n09243	n08971
n09244	n02408
n09244	n04768
n09244	n06730
n09244	n07028
n09244	n07341
n09244	n07752
n09244	n08247
n09244	n08831
n09244	n09679
n09244	n09680
n09245	n02656
n09246	n04328
n09246	n07983
n09246	n09674
n09247	n05047
n09247	n09000
n09247	n09676
n09248	n08335
n09248	n08404
n09248	n09037
n09248	n09914
n09249	n02707
n09249	n08267
n09249	n08831
n09249	n08854
n09249	n09678
n09250	n06485
n09250	n08245
n09250	n08246
n09250	n08828
n09250	n09746
n09251	n02149
n09251	n04173
n09251	n07338
n09251	n08245
n09251	n08829
n09251	n09673
n09252	n06053
n09252	n06485
n09252	n07338
n09252	n08245
n09252	n09673
n09253	n02408
n09253	n04054
n09253	n04768
n09253	n06730
n09253	n07028
n09253	n07341
n09253	n07752
n09253	n08247
n09253	n08831
n09253	n09678
n09253	n09679
n09253	n09680
n09254	n01356
n09254	n03708
n09255	n02149
n09255	n02656
n09255	n07338
n09255	n08245
n09255	n08829
n09255	n09673
n09256	n07908
n09257	n06347
n09257	n08383
n09258	n09945
n09259	n04632
n09259	n05150
n09259	n08396
n09259	n08872
n09260	n02149
n09260	n04173
n09260	n07338
n09260	n08245
n09260	n08829
n09260	n09673
n09261	n05939
n09262	n10091
n09262	n10142
n09263	n07126
n09263	n09673
n09264	n01356
n09265	n02149
n09265	n04053
n09265	n04173
n09265	n04565
n09265	n05343
n09265	n05723
n09265	n06485
n09265	n07028
n09265	n07338
n09265	n07339
n09265	n07340
n09265	n08246
n09265	n08828
n09265	n08829
n09265	n08830
n09265	n09673
n09265	n09674
n09265	n09675
n09265	n09676
n09265	n09677
n09266	n02656
n09267	n02149
n09267	n04053
n09267	n04173
n09267	n04565
n09267	n05343
n09267	n05723
n09267	n06485
n09267	n07028
n09267	n07338
n09267	n07339
n09267	n07340
n09267	n08245
n09267	n08246
n09267	n08828
n09267	n08829
n09267	n08830
n09267	n09673
n09267	n09674
n09267	n09675
n09267	n09676
n09267	n09677
n09268	n06575
n09269	n07159
n09270	n06779
n09271	n08958
n09272	n02138
n09273	n06104
n09273	n10029
n09274	n02408
n09274	n04768
n09274	n06730
n09274	n07028
n09274	n07341
n09274	n07752
n09274	n08247
n09274	n08831
n09275	n02149
n09275	n02656
n09275	n07338
n09275	n08245
n09275	n08829
n09276	n08911
n09276	n10313
n09277	n07115
n09278	n07110
n09278	n07349
n09278	n08246
n09278	n09674
n09279	n07978
n09280	n01356
n09280	n03708
n09281	n05499
n09281	n08382
n09281	n08383
n09282	n05614
n09283	n10220
n09284	n02194
n09284	n05287
n09285	n01344
n09285	n04053
n09285	n04565
n09285	n05343
n09285	n08245
n09286	n10058
n09287	n10166
n09288	n09782
n09289	n02656
n09289	n08828
n09290	n02149
n09290	n04053
n09290	n04173
n09290	n04565
n09290	n06485
n09290	n07028
n09290	n07338
n09290	n07339
n09290	n07340
n09290	n08245
n09290	n08246
n09290	n08829
n09290	n08830
n09290	n09673
n09290	n09674
n09290	n09675
n09290	n09676
n09291	n03939
n09292	n01344
n09292	n04053
n09292	n04565
n09292	n05343
n09292	n08245
n09293	n01344
n09293	n04053
n09293	n04565
n09293	n05343
n09294	n04565
n09294	n05776
n09295	n02149
n09295	n04053
n09295	n04173
n09295	n04565
n09295	n05343
n09295	n05723
n09295	n06485
n09295	n07028
n09295	n07338
n09295	n07339
n09295	n07340
n09295	n08245
n09295	n08246
n09295	n08828
n09295	n08829
n09295	n08830
n09295	n09673
n09295	n09674
n09295	n09675
n09295	n09676
n09295	n09677
n09296	n07095
n09296	n07528
n09297	n04008
n09297	n06071
n09298	n02408
n09298	n04054
n09298	n04768
n09298	n06730
n09298	n07028
n09298	n07341
n09298	n07752
n09298	n08247
n09298	n08831
n09298	n09678
n09298	n09680
n09299	n07090
n09299	n08832
n09299	n09298
n09300	n04511
n09300	n07460
n09300	n08868
n09300	n10143
n09301	n02149
n09301	n04053
n09301	n04565
n09301	n05343
n09301	n08245
n09301	n08246
n09302	n08560
n09303	n05623
n09303	n08012
n09304	n08246
n09304	n08307
n09304	n09989
n09305	n03533
n09306	n07901
n09307	n04784
n09307	n07421
n09307	n07809
n09308	n08418
n09309	n04234
n09309	n09074
n09310	n05919
n09311	n07340
n09311	n07767
n09311	n09676
n09311	n09811
n09312	n02656
n09312	n04173
n09312	n04768
n09312	n06485
n09312	n07341
n09312	n08246
n09312	n08831
n09313	n06151
n09313	n08969
n09314	n01356
n09315	n05150
n09315	n08872
n09316	n04771
n09316	n08955
n09317	n05087
n09318	n08248
n09318	n08260
n09319	n07857
n09320	n09018
n09321	n07903
n09321	n07968
n09322	n01356
n09322	n03708
n09323	n05946
n09324	n02408
n09324	n04768
n09324	n07752
n09324	n08831
n09324	n09678
n09324	n09679
n09325	n10198
n09326	n01356
n09326	n03708
n09327	n07136
n09327	n09854
n09328	n02149
n09328	n04053
n09328	n04173
n09328	n04565
n09328	n05723
n09328	n06485
n09328	n07028
n09328	n07339
n09328	n08828
n09329	n01356
n09329	n03708
n09330	n03343
n09330	n04935
n09330	n05595
n09330	n06304
n09331	n07850
n09331	n09674
n09331	n09676
n09331	n09677
n09332	n09821
n09333	n01356
n09334	n06821
n09335	n10012
n09336	n03940
n09337	n07156
n09338	n06567
n09339	n05343
n09339	n05723
n09339	n07777
n09340	n09908
n09341	n02149
n09341	n02656
n09341	n07338
n09341	n08829
n09341	n09673
n09342	n07480
n09343	n08484
n09344	n04349
n09345	n02149
n09345	n04053
n09345	n04173
n09345	n04565
n09345	n05723
n09345	n06485
n09345	n06730
n09345	n07028
n09345	n07339
n09345	n07752
n09345	n08246
n09345	n08247
n09345	n08828
n09345	n08830
n09345	n08831
n09345	n09674
n09345	n09675
n09345	n09676
n09345	n09678
n09345	n09680
n09346	n02656
n09346	n04173
n09347	n04008
n09348	n02408
n09348	n04173
n09348	n06730
n09348	n08247
n09348	n08831
n09348	n09679
n09349	n06788
n09350	n02408
n09350	n04054
n09350	n08262
n09350	n08828
n09350	n09679
n09351	n01532
n09352	n02625
n09352	n09678
n09352	n09679
n09353	n02149
n09353	n04053
n09353	n04173
n09353	n06485
n09353	n07338
n09353	n08245
n09353	n08246
n09353	n08828
n09353	n08829
n09353	n09673
n09354	n00820
n09355	n02656
n09355	n09678
n09356	n09169
n09357	n05034
n09358	n09048
n09358	n09172
n09358	n10277
n09359	n02656
n09359	n04173
n09359	n04768
n09359	n06485
n09359	n07338
n09359	n07341
n09359	n08246
n09359	n08828
n09359	n08831
n09360	n01236
n09361	n01344
n09361	n04053
n09361	n04565
n09361	n05343
n09361	n08245
n09362	n05287
n09362	n06765
n09363	n04173
n09363	n06485
n09363	n08246
n09363	n08828
n09364	n04789
n09364	n05795
n09364	n08953
n09365	n02149
n09365	n04053
n09365	n04173
n09365	n04565
n09365	n05343
n09365	n05723
n09365	n06485
n09365	n07339
n09365	n08245
n09365	n08246
n09365	n08830
n09365	n09676
n09366	n05177
n09366	n06605
n09367	n01344
n09367	n05343
n09367	n08831
n09368	n05384
n09369	n05262
n09369	n07897
n09369	n08842
n09369	n09137
n09370	n02656
n09370	n08829
n09371	n02656
n09371	n03616
n09371	n03940
n09371	n05252
n09372	n04173
n09372	n04565
n09372	n07339
n09372	n07340
n09372	n08245
n09373	n01344
n09373	n04053
n09373	n04565
n09373	n05343
n09373	n08245
n09374	n01869
n09375	n02149
n09375	n07338
n09375	n08829
n09375	n08980
n09376	n08982
n09377	n01356
n09378	n02656
n09378	n08828
n09378	n09678
n09378	n09679
n09378	n09820
n09379	n03298
n09379	n07028
n09379	n09674
n09379	n09677
n09380	n02656
n09380	n04173
n09380	n04768
n09380	n06485
n09380	n07338
n09380	n07341
n09380	n08246
n09380	n08828
n09380	n08831
n09381	n01356
n09382	n01889
n09382	n02408
n09382	n04768
n09382	n07028
n09382	n07341
n09382	n07370
n09382	n07752
n09382	n08247
n09382	n08831
n09382	n08832
n09382	n09679
n09383	n07338
n09383	n07827
n09383	n08828
n09384	n02149
n09384	n09864
n09385	n08318
n09385	n09681
n09386	n07875
n09387	n01426
n09388	n08397
n09388	n09680
n09389	n03534
n09389	n09074
n09390	n03000
n09390	n06285
n09390	n06777
n09390	n07386
n09390	n09755
n09391	n02408
n09391	n04173
n09391	n06730
n09391	n08247
n09391	n08831
n09392	n01356
n09392	n03708
n09393	n02149
n09393	n02656
n09393	n07338
n09393	n08245
n09393	n08829
n09393	n09673
n09394	n02149
n09394	n02656
n09394	n07338
n09394	n08829
n09394	n09673
n09395	n07539
n09396	n00708
n09396	n04290
n09397	n02081
n09397	n04442
n09397	n08323
n09398	n01356
n09398	n03708
n09399	n02656
n09400	n04173
n09400	n06485
n09400	n08246
n09400	n08828
n09401	n03429
n09402	n09798
n09402	n09983
n09403	n01356
n09403	n03708
n09404	n06339
n09405	n03997
n09405	n05019
n09405	n06511
n09405	n08302
n09405	n09768
n09405	n09769
n09406	n04721
n09406	n07838
n09406	n09677
n09407	n02149
n09407	n04053
n09407	n04173
n09407	n04565
n09407	n05343
n09407	n05723
n09407	n06485
n09407	n07028
n09407	n07338
n09407	n07339
n09407	n07340
n09407	n08245
n09407	n08246
n09407	n08828
n09407	n08829
n09407	n08830
n09407	n09673
n09407	n09674
n09407	n09675
n09407	n09676
n09407	n09677
n09408	n04173
n09408	n07752
n09408	n08246
n09410	n02499
n09410	n02558
n09410	n06089
n09410	n08859
n09411	n08835
n09411	n10268
n09412	n09173
n09413	n02408
n09413	n08409
n09414	n05343
n09414	n08245
n09414	n08254
n09414	n08829
n09415	n05390
n09416	n02656
n09416	n09673
n09416	n10216
n09417	n01344
n09417	n04053
n09417	n04565
n09417	n05343
n09417	n08245
n09418	n03484
n09418	n06824
n09419	n06768
n09419	n09931
n09420	n07028
n09420	n07376
n09420	n08828
n09420	n08829
n09420	n09673
n09420	n09675
n09420	n09676
n09421	n09936
n09421	n10107
n09422	n05131
n09422	n05747
n09423	n02149
n09423	n04053
n09423	n04173
n09423	n05343
n09423	n06485
n09423	n07338
n09423	n07339
n09423	n08245
n09423	n08246
n09423	n08828
n09423	n08829
n09423	n09673
n09424	n03839
n09425	n05386
n09425	n07231
n09426	n04209
n09426	n07349
n09427	n02149
n09427	n04053
n09427	n04173
n09427	n04565
n09427	n05343
n09427	n05723
n09427	n06485
n09427	n07028
n09427	n07338
n09427	n07339
n09427	n07340
n09427	n08245
n09427	n08246
n09427	n08828
n09427	n08829
n09427	n08830
n09427	n09674
n09427	n09675
n09427	n09676
n09427	n09677
n09428	n08245
n09428	n09189
n09429	n05287
n09429	n06127
n09430	n02408
n09430	n04054
n09430	n04768
n09430	n06730
n09430	n07028
n09430	n07341
n09430	n07752
n09430	n08247
n09430	n08831
n09430	n09678
n09430	n09679
n09430	n09680
n09431	n04403
n09431	n08463
n09432	n06054
n09432	n09792
n09433	n01889
n09433	n02408
n09433	n04768
n09433	n06730
n09433	n07028
n09433	n07341
n09433	n07752
n09433	n08247
n09433	n08831
n09433	n09678
n09433	n09679
n09433	n09680
n09434	n01771
n09435	n05071
n09435	n05490
n09436	n01344
n09436	n04053
n09436	n04565
n09436	n05343
n09436	n08245
n09437	n02149
n09437	n04053
n09437	n04173
n09437	n04565
n09437	n05343
n09437	n05723
n09437	n06485
n09437	n07028
n09437	n07338
n09437	n07339
n09437	n07340
n09437	n08245
n09437	n08246
n09437	n08828
n09437	n08829
n09437	n08830
n09437	n09673
n09437	n09674
n09437	n09675
n09437	n09676
n09437	n09677
n09438	n02149
n09438	n04053
n09438	n04173
n09438	n04565
n09438	n05343
n09438	n05723
n09438	n06485
n09438	n07028
n09438	n07338
n09438	n07339
n09438	n07340
n09438	n08245
n09438	n08246
n09438	n08828
n09438	n08829
n09438	n08830
n09438	n09673
n09438	n09674
n09438	n09675
n09438	n09677
n09439	n05723
n09439	n08007
n09440	n07770
n09440	n08450
n09440	n09676
n09442	n04173
n09442	n08245
n09442	n09302
n09443	n04969
n09443	n09297
n09444	n01356
n09445	n05783
n09445	n08432
n09446	n10380
n09447	n05918
n09447	n07420
n09447	n07642
n09447	n09988
n09448	n08956
n09448	n09020
n09448	n10457
n09449	n02408
n09449	n02656
n09449	n04173
n09449	n04768
n09449	n07752
n09449	n08246
n09449	n08831
n09449	n09678
n09449	n09679
n09450	n01822
n09451	n06588
n09452	n05723
n09452	n07340
n09452	n07753
n09452	n08245
n09453	n01356
n09454	n02149
n09454	n04053
n09454	n04173
n09454	n04565
n09454	n05343
n09454	n05723
n09454	n06485
n09454	n07028
n09454	n07338
n09454	n07339
n09454	n07340
n09454	n08245
n09454	n08246
n09454	n08828
n09454	n08829
n09454	n08830
n09454	n09673
n09454	n09674
n09454	n09675
n09454	n09676
n09454	n09677
n09455	n02656
n09455	n04173
n09455	n04768
n09455	n06485
n09455	n07338
n09455	n07341
n09455	n08246
n09455	n08828
n09455	n08831
n09455	n09673
n09456	n05152
n09456	n08599
n09456	n09144
n09457	n05082
n09458	n10185
n09459	n07025
n09460	n06100
n09460	n10084
n09461	n02149
n09461	n02656
n09461	n04173
n09461	n06485
n09461	n07338
n09461	n08246
n09461	n08828
n09462	n02408
n09462	n07359
n09462	n07365
n09463	n03489
n09463	n04750
n09464	n09386
n09465	n02149
n09465	n04053
n09465	n04173
n09465	n04565
n09465	n05343
n09465	n05723
n09465	n06485
n09465	n07028
n09465	n07338
n09465	n07339
n09465	n07340
n09465	n08245
n09465	n08246
n09465	n08828
n09465	n08829
n09465	n08830
n09465	n09673
n09465	n09674
n09465	n09675
n09465	n09676
n09465	n09677
n09466	n02408
n09466	n02656
n09466	n04173
n09466	n06730
n09466	n07752
n09466	n08246
n09466	n08831
n09466	n09678
n09466	n09679
n09467	n02149
n09467	n04053
n09467	n04173
n09467	n04565
n09467	n05343
n09467	n05723
n09467	n06485
n09467	n07028
n09467	n07339
n09467	n07340
n09467	n08245
n09467	n08246
n09467	n08828
n09467	n08830
n09467	n09673
n09467	n09674
n09467	n09675
n09467	n09676
n09467	n09677
n09468	n07925
n09469	n04053
n09469	n04565
n09469	n05343
n09469	n06582
n09469	n08246
n09470	n05092
n09471	n03488
n09472	n09303
n09472	n09674
n09473	n05723
n09473	n06368
n09473	n07028
n09473	n07339
n09473	n08828
n09473	n08829
n09473	n08830
n09473	n09673
n09473	n09674
n09473	n09675
n09474	n01356
n09475	n01356
n09475	n03708
n09476	n06281
n09476	n06781
n09476	n08255
n09477	n03842
n09477	n06523
n09477	n06869
n09478	n01356
n09478	n03708
n09479	n05492
n09479	n07870
n09480	n03429
n09481	n05723
n09481	n07028
n09481	n07340
n09481	n07913
n09481	n08830
n09481	n09677
n09482	n02149
n09482	n04053
n09482	n04565
n09482	n05343
n09482	n08245
n09482	n09674
n09482	n09675
n09483	n06808
n09483	n09677
n09484	n09901
n09485	n05803
n09485	n06573
n09485	n07180
n09485	n07517
n09486	n04885
n09486	n07033
n09486	n08828
n09486	n09674
n09486	n09676
n09487	n02149
n09488	n01356
n09489	n02149
n09489	n04053
n09489	n04173
n09489	n04565
n09489	n05343
n09489	n05723
n09489	n06485
n09489	n07028
n09489	n07338
n09489	n07339
n09489	n07340
n09489	n08245
n09489	n08246
n09489	n08828
n09489	n08829
n09489	n08830
n09489	n09673
n09489	n09674
n09489	n09675
n09489	n09676
n09489	n09677
n09490	n07972
n09490	n09924
n09491	n01412
n09492	n02284
n09492	n06836
n09492	n09678
n09492	n09680
n09493	n02861
n09494	n04153
n09495	n04173
n09495	n06730
n09495	n07028
n09495	n07752
n09495	n08246
n09495	n08247
n09495	n08831
n09495	n09678
n09496	n04579
n09497	n01124
n09497	n01696
n09497	n06537
n09498	n09271
n09499	n07553
n09499	n09012
n09500	n01344
n09500	n04053
n09500	n04565
n09500	n05343
n09500	n08245
n09501	n09764
n09501	n10290
n09502	n02149
n09502	n04053
n09502	n04173
n09502	n04565
n09502	n05343
n09502	n05723
n09502	n06485
n09502	n07028
n09502	n07338
n09502	n07339
n09502	n07340
n09502	n08245
n09502	n08246
n09502	n08828
n09502	n08829
n09502	n08830
n09502	n09673
n09502	n09675
n09503	n02149
n09503	n04053
n09503	n04173
n09503	n04565
n09503	n05343
n09503	n05723
n09503	n06485
n09503	n07028
n09503	n07338
n09503	n07339
n09503	n07340
n09503	n08245
n09503	n08246
n09503	n08828
n09503	n08829
n09503	n08830
n09503	n09673
n09503	n09675
n09504	n02408
n09504	n06730
n09504	n07028
n09504	n07752
n09504	n08247
n09505	n05619
n09505	n09352
n09505	n10219
n09506	n06327
n09507	n03708
n09507	n09116
n09507	n10334
n09508	n02656
n09509	n08628
n09510	n04173
n09510	n04565
n09510	n06485
n09510	n07028
n09510	n08246
n09510	n09675
n09511	n05747
n09511	n07100
n09511	n07899
n09511	n08878
n09512	n02656
n09512	n04173
n09512	n04768
n09512	n06485
n09512	n07338
n09512	n07341
n09512	n08246
n09512	n08828
n09512	n08831
n09513	n02149
n09513	n07338
n09513	n08245
n09513	n08829
n09513	n09673
n09514	n10307
n09514	n10308
n09515	n01344
n09515	n04053
n09515	n04565
n09515	n05343
n09515	n08245
n09516	n08578
n09517	n07166
n09517	n08830
n09517	n09675
n09518	n07845
n09519	n07486
n09520	n04148
n09520	n05982
n09520	n09031
n09521	n02149
n09521	n04053
n09521	n04173
n09521	n04565
n09521	n05343
n09521	n05723
n09521	n06485
n09521	n07028
n09521	n07338
n09521	n07339
n09521	n07340
n09521	n08245
n09521	n08246
n09521	n08828
n09521	n08829
n09521	n08830
n09521	n09673
n09521	n09674
n09521	n09675
n09521	n09676
n09521	n09677
n09522	n02149
n09522	n04053
n09522	n04173
n09522	n04565
n09522	n05343
n09522	n05723
n09522	n06485
n09522	n07028
n09522	n07339
n09522	n08245
n09522	n08246
n09522	n08828
n09522	n08830
n09522	n09674
n09522	n09675
n09522	n09676
n09523	n02149
n09523	n04053
n09523	n04173
n09523	n04565
n09523	n05343
n09523	n05723
n09523	n06485
n09523	n07028
n09523	n07338
n09523	n07339
n09523	n07340
n09523	n08245
n09523	n08246
n09523	n08828
n09523	n08829
n09523	n08830
n09523	n09674
n09523	n09677
n09524	n01307
n09524	n05530
n09524	n09410
n09525	n07530
n09525	n09676
n09526	n04053
n09526	n04173
n09526	n04565
n09526	n05343
n09526	n07338
n09526	n07339
n09526	n08246
n09526	n08830
n09526	n09674
n09526	n09676
n09527	n02149
n09527	n02656
n09527	n07338
n09527	n08245
n09527	n08829
n09527	n09673
n09528	n02149
n09528	n04053
n09528	n04173
n09528	n07338
n09528	n08245
n09528	n08830
n09528	n09673
n09529	n08011
n09529	n09994
n09529	n10409
n09530	n02656
n09531	n01344
n09531	n04565
n09531	n08245
n09531	n09973
n09532	n10273
n09533	n02656
n09533	n09674
n09534	n04540
n09534	n04964
n09535	n04540
n09536	n10151
n09537	n08013
n09538	n04512
n09538	n08373
n09539	n04399
n09539	n06732
n09540	n01383
n09540	n07895
n09541	n02408
n09541	n04768
n09541	n06730
n09541	n07752
n09541	n08247
n09541	n08831
n09541	n09678
n09541	n09679
n09541	n09680
n09542	n04054
n09542	n04768
n09542	n05457
n09542	n07341
n09542	n07342
n09542	n08831
n09542	n09680
n09543	n02149
n09543	n02656
n09543	n07338
n09543	n08829
n09544	n07028
n09544	n09676
n09545	n02149
n09545	n04053
n09545	n04173
n09545	n04565
n09545	n05343
n09545	n05723
n09545	n06485
n09545	n07028
n09545	n07338
n09545	n07339
n09545	n07340
n09545	n08245
n09545	n08246
n09545	n08828
n09545	n08830
n09545	n09674
n09545	n09675
n09545	n09676
n09546	n02149
n09546	n04053
n09546	n04173
n09546	n04565
n09546	n05343
n09546	n05723
n09546	n06485
n09546	n07028
n09546	n07338
n09546	n07339
n09546	n07340
n09546	n08245
n09546	n08246
n09546	n08828
n09546	n08829
n09546	n08830
n09546	n09673
n09546	n09674
n09546	n09675
n09546	n09676
n09546	n09677
n09547	n10338
n09548	n08874
n09549	n02656
n09549	n04173
n09549	n04768
n09549	n06485
n09549	n07338
n09549	n07341
n09549	n08246
n09549	n08828
n09549	n08831
n09550	n04704
n09550	n06074
n09550	n07054
n09550	n09742
n09551	n02656
n09551	n04173
n09551	n06485
n09551	n07338
n09551	n08246
n09551	n08828
n09551	n08831
n09551	n09673
n09552	n02656
n09553	n01356
n09554	n06910
n09555	n02149
n09555	n04053
n09555	n04173
n09555	n04565
n09555	n05343
n09555	n05723
n09555	n06485
n09555	n07028
n09555	n07339
n09555	n08245
n09555	n08246
n09555	n08828
n09555	n08830
n09555	n09673
n09555	n09674
n09555	n09675
n09555	n09676
n09555	n09677
n09556	n04173
n09556	n08246
n09556	n09674
n09556	n09675
n09557	n05347
n09557	n08279
n09558	n04240
n09558	n05302
n09558	n07855
n09558	n09678
n09559	n03708
n09559	n09864
n09560	n08337
n09560	n10131
n09561	n02656
n09561	n04053
n09561	n08245
n09561	n08246
n09561	n08828
n09561	n09684
n09562	n02149
n09562	n04053
n09562	n04173
n09562	n04565
n09562	n05343
n09562	n05723
n09562	n07338
n09562	n07339
n09562	n07340
n09562	n08245
n09562	n08246
n09562	n09673
n09563	n05168
n09563	n06627
n09563	n09154
n09564	n00780
n09564	n03566
n09564	n08829
n09565	n02149
n09565	n08223
n09566	n02408
n09566	n04768
n09566	n06730
n09566	n08831
n09566	n09678
n09566	n09679
n09567	n03879
n09567	n08832
n09568	n07959
n09569	n02656
n09569	n03708
n09570	n01356
n09571	n05803
n09572	n01344
n09572	n04053
n09572	n04565
n09572	n05343
n09572	n08245
n09573	n08835
n09574	n01238
n09574	n07047
n09575	n03040
n09575	n07772
n09575	n08297
n09576	n02656
n09576	n04173
n09576	n07338
n09576	n08246
n09576	n09673
n09577	n02149
n09577	n02656
n09577	n04173
n09577	n07338
n09577	n08245
n09577	n08829
n09577	n09673
n09578	n06184
n09578	n10098
n09579	n05343
n09579	n09050
n09580	n10279
n09581	n02149
n09581	n02656
n09581	n07338
n09581	n08829
n09581	n09673
n09582	n04591
n09583	n01889
n09583	n02408
n09583	n04768
n09583	n05457
n09583	n06730
n09583	n07028
n09583	n07341
n09583	n07752
n09583	n08247
n09583	n08831
n09583	n08832
n09583	n09678
n09583	n09679
n09584	n02149
n09584	n04053
n09584	n04173
n09584	n04565
n09584	n05723
n09584	n06485
n09584	n07028
n09584	n07339
n09584	n08246
n09584	n08828
n09584	n08830
n09584	n08831
n09584	n09674
n09584	n09675
n09584	n09676
n09584	n09678
n09585	n04605
n09585	n07588
n09586	n01344
n09586	n04053
n09586	n04565
n09586	n05343
n09586	n08245
n09587	n01674
n09588	n07812
n09589	n01356
n09589	n03708
n09590	n02408
n09590	n04173
n09590	n06485
n09590	n06730
n09590	n07028
n09590	n07752
n09590	n08246
n09590	n08247
n09590	n08831
n09590	n09675
n09590	n09679
n09590	n09680
n09591	n08835
n09592	n10561
n09593	n01344
n09593	n04053
n09593	n04565
n09593	n05343
n09593	n08245
n09594	n04350
n09595	n06135
n09595	n06335
n09596	n02149
n09596	n04053
n09596	n04173
n09596	n04565
n09596	n05723
n09596	n06485
n09596	n07028
n09596	n07338
n09596	n07339
n09596	n07340
n09596	n08245
n09596	n08246
n09596	n08829
n09596	n09673
n09597	n06782
n09597	n10061
n09598	n02408
n09598	n04053
n09598	n04565
n09598	n05343
n09598	n08245
n09599	n01356
n09599	n03708
n09599	n09695
n09600	n04033
n09600	n10233
n09601	n02149
n09601	n04053
n09601	n05343
n09601	n05723
n09601	n06485
n09601	n07028
n09601	n07338
n09601	n08246
n09601	n08828
n09601	n08830
n09601	n09673
n09601	n09674
n09601	n09675
n09601	n09677
n09601	n09703
n09602	n04053
n09602	n04565
n09602	n05343
n09602	n08245
n09602	n09677
n09603	n05610
n09604	n05187
n09604	n07117
n09605	n02656
n09605	n06485
n09605	n06506
n09605	n07338
n09605	n08246
n09605	n09679
n09606	n01953
n09606	n08339
n09607	n03901
n09608	n07522
n09608	n08529
n09609	n02656
n09609	n04173
n09609	n06485
n09609	n07338
n09609	n08246
n09609	n08828
n09610	n05064
n09610	n07557
n09611	n02149
n09611	n04053
n09611	n04173
n09611	n05343
n09611	n05723
n09611	n06485
n09611	n07028
n09611	n07338
n09611	n07340
n09611	n08245
n09611	n08246
n09611	n08828
n09611	n08829
n09611	n08830
n09611	n09673
n09611	n09674
n09611	n09675
n09611	n09677
n09612	n00270
n09612	n03358
n09613	n07771
n09614	n03146
n09614	n07028
n09614	n08828
n09614	n08829
n09615	n06925
n09616	n04204
n09616	n07261
n09616	n09218
n09616	n09223
n09617	n06308
n09617	n10080
n09618	n01754
n09619	n08393
n09619	n10415
n09620	n02968
n09620	n08999
n09621	n01356
n09622	n02656
n09622	n04053
n09622	n08245
n09622	n08246
n09622	n08828
n09622	n09684
n09623	n01041
n09624	n01190
n09624	n04053
n09624	n08828
n09624	n08829
n09625	n04053
n09625	n04565
n09625	n05343
n09625	n08245
n09625	n08830
n09626	n06485
n09626	n06506
n09626	n06730
n09626	n07338
n09626	n08246
n09626	n08411
n09626	n09679
n09627	n08532
n09628	n04602
n09629	n06905
n09630	n05723
n09630	n06532
n09630	n06816
n09631	n07144
n09631	n09162
n09632	n01356
n09633	n08835
n09634	n07733
n09634	n07843
n09634	n10450
n09635	n03669
n09636	n05729
n09636	n07044
n09637	n09192
n09638	n02149
n09638	n07338
n09638	n08245
n09638	n08829
n09638	n09673
n09639	n05873
n09639	n09718
n09640	n04075
n09640	n06343
n09641	n07134
n09642	n09736
n09643	n02656
n09644	n05950
n09645	n06741
n09646	n02149
n09646	n07338
n09647	n02656
n09648	n01344
n09648	n04053
n09648	n04565
n09648	n05343
n09648	n08245
n09649	n02149
n09649	n04053
n09649	n04173
n09649	n04565
n09649	n05343
n09649	n05723
n09649	n06485
n09649	n07028
n09649	n07338
n09649	n07339
n09649	n07340
n09649	n08245
n09649	n08246
n09649	n08828
n09649	n08829
n09649	n08830
n09649	n09673
n09649	n09674
n09649	n09675
n09649	n09676
n09649	n09677
n09650	n10418
n09651	n02408
n09651	n04768
n09651	n06730
n09651	n07028
n09651	n07341
n09651	n07752
n09651	n08247
n09651	n08831
n09651	n09678
n09651	n09679
n09652	n03892
n09652	n08947
n09652	n09840
n09652	n10089
n09652	n10303
n09653	n02063
n09654	n02199
n09655	n08868
n09655	n10143
n09656	n07042
n09656	n07362
n09656	n08246
n09656	n08247
n09656	n08828
n09656	n09680
n09656	n09953
n09657	n02478
n09657	n08249
n09658	n07926
n09659	n09379
n09660	n01356
n09661	n10012
n09662	n01344
n09662	n04053
n09662	n04565
n09662	n05343
n09662	n07773
n09663	n04153
n09664	n06889
n09664	n08990
n09665	n09885
n09665	n10102
n09665	n10214
n09666	n07338
n09667	n02149
n09667	n04053
n09667	n04173
n09667	n04565
n09667	n05343
n09667	n06485
n09667	n07028
n09667	n07339
n09667	n07340
n09667	n08245
n09667	n08246
n09667	n08828
n09667	n08829
n09667	n08830
n09667	n09674
n09667	n09675
n09668	n10380
n09669	n08535
n09670	n02149
n09670	n04053
n09670	n04173
n09670	n04565
n09670	n05343
n09670	n05723
n09670	n06485
n09670	n07028
n09670	n07338
n09670	n07339
n09670	n07340
n09670	n08245
n09670	n08246
n09670	n08828
n09670	n08829
n09670	n08830
n09670	n09673
n09670	n09674
n09670	n09675
n09670	n09676
n09670	n09677
n09671	n03527
n09671	n06381
n09671	n10319
n09672	n05196
n09672	n07557
n09672	n10789
n09681	n01356
n09682	n02409
n09682	n07028
n09682	n08245
n09682	n09673
n09682	n09674
n09682	n09677
n09683	n02408
n09684	n02149
n09684	n04173
n09684	n06485
n09684	n07338
n09684	n08829
n09684	n09673
n09685	n01356
n09685	n03708
n09686	n01356
n09687	n01889
n09687	n02408
n09687	n04768
n09687	n06730
n09687	n07028
n09687	n07341
n09687	n07752
n09687	n08247
n09687	n08831
n09687	n09679
n09688	n02149
n09688	n04053
n09688	n04173
n09688	n04565
n09688	n05343
n09688	n05723
n09688	n06485
n09688	n07338
n09688	n07340
n09688	n08245
n09688	n08246
n09688	n08828
n09688	n08830
n09688	n09673
n09688	n09676
n09689	n01889
n09689	n02408
n09689	n04768
n09689	n06730
n09689	n07028
n09689	n07752
n09689	n08247
n09689	n09679
n09690	n01889
n09690	n02408
n09690	n04768
n09690	n06730
n09690	n07341
n09690	n07752
n09690	n08831
n09690	n09678
n09690	n09679
n09691	n02149
n09691	n02656
n09692	n04324
n09692	n07342
n09692	n09680
n09693	n02408
n09693	n04054
n09693	n04768
n09693	n05457
n09693	n06730
n09693	n07028
n09693	n07341
n09693	n07752
n09693	n08247
n09693	n08831
n09693	n08832
n09693	n09678
n09693	n09679
n09693	n09680
n09696	n04053
n09696	n04565
n09696	n05343
n09696	n08245
n09697	n06266
n09698	n04053
n09698	n04173
n09698	n04565
n09698	n05343
n09698	n08245
n09699	n01356
n09700	n02149
n09700	n04053
n09700	n04173
n09700	n04565
n09700	n05343
n09700	n05723
n09700	n06485
n09700	n07028
n09700	n07338
n09700	n07340
n09700	n08245
n09700	n08246
n09700	n08828
n09700	n08829
n09700	n08830
n09700	n09673
n09701	n04054
n09701	n05456
n09701	n08831
n09701	n09678
n09701	n09680
n09701	n09689
n09702	n01653
n09703	n04173
n09703	n04565
n09703	n07339
n09703	n07340
n09703	n08245
n09703	n08829
n09703	n09676
n09705	n04053
n09705	n05343
n09705	n08245
n09706	n09687
n09706	n09693
n09707	n04769
n09707	n08836
n09708	n01344
n09708	n04053
n09708	n04565
n09708	n05343
n09708	n08245
n09709	n01356
n09710	n02408
n09710	n04054
n09710	n04768
n09710	n06730
n09710	n07028
n09710	n07341
n09710	n07752
n09710	n08247
n09710	n08831
n09710	n09678
n09710	n09679
n09710	n09680
n09711	n08833
n09711	n08834
n09711	n09687
n09711	n09693
n09712	n01356
n09712	n03708
n09713	n02149
n09713	n04053
n09713	n04173
n09713	n04565
n09713	n05343
n09713	n05723
n09713	n06485
n09713	n07028
n09713	n07338
n09713	n07339
n09713	n07340
n09713	n08245
n09713	n08246
n09713	n08828
n09713	n08829
n09713	n08830
n09713	n09673
n09713	n09674
n09713	n09675
n09713	n09676
n09713	n09677
n09714	n07764
n09715	n09683
n09716	n06486
n09716	n08248
n09717	n02149
n09717	n04053
n09717	n04173
n09717	n04565
n09717	n05343
n09717	n05723
n09717	n06485
n09717	n07028
n09717	n07338
n09717	n07339
n09717	n07340
n09717	n08245
n09717	n08246
n09717	n08828
n09717	n08829
n09717	n08830
n09717	n09673
n09717	n09674
n09717	n09675
n09717	n09676
n09717	n09677
n09718	n01344
n09718	n04053
n09718	n04565
n09718	n05343
n09718	n08245
n09719	n02149
n09719	n04053
n09719	n04173
n09719	n04565
n09719	n05723
n09719	n06485
n09719	n06730
n09719	n07028
n09719	n07339
n09719	n07752
n09719	n08246
n09719	n08247
n09719	n08828
n09719	n08830
n09719	n09674
n09719	n09675
n09719	n09676
n09719	n09678
n09719	n09680
n09720	n09715
n09721	n01356
n09722	n01890
n09723	n01356
n09723	n03708
n09724	n04053
n09724	n04565
n09724	n05343
n09724	n08245
n09725	n02149
n09725	n04173
n09725	n04565
n09725	n05723
n09725	n06485
n09725	n07028
n09725	n07338
n09725	n07339
n09725	n07340
n09725	n08246
n09725	n08830
n09725	n09675
n09725	n09676
n09725	n09677
n09726	n09681
n09727	n01356
n09727	n03708
n09728	n01890
n09729	n07766
n09730	n01356
n09730	n07758
n09731	n02149
n09731	n04053
n09731	n04173
n09731	n05343
n09731	n06485
n09731	n07338
n09731	n08245
n09731	n08246
n09732	n02408
n09732	n04173
n09732	n04768
n09732	n06730
n09732	n07028
n09732	n07752
n09732	n08247
n09732	n08831
n09732	n09678
n09732	n09679
n09732	n09680
n09733	n02242
n09733	n05723
n09733	n07028
n09733	n07340
n09733	n08245
n09733	n09674
n09733	n09675
n09734	n02149
n09734	n02656
n09734	n04053
n09734	n04173
n09734	n06485
n09734	n07338
n09734	n08245
n09734	n08828
n09734	n08829
n09734	n09673
n09735	n04489
n09736	n01356
n09736	n03708
n09737	n00000
n09738	n02149
n09738	n04053
n09738	n04173
n09738	n04565
n09738	n05343
n09738	n05723
n09738	n06485
n09738	n07028
n09738	n07338
n09738	n07339
n09738	n07340
n09738	n08245
n09738	n08246
n09738	n08828
n09738	n08829
n09738	n08830
n09738	n09677
n09739	n02149
n09739	n04053
n09739	n04173
n09739	n04565
n09739	n05343
n09739	n05723
n09739	n06485
n09739	n07028
n09739	n07338
n09739	n07339
n09739	n07340
n09739	n08245
n09739	n08246
n09739	n08828
n09739	n08829
n09739	n08830
n09739	n09673
n09739	n09674
n09739	n09675
n09739	n09676
n09739	n09677
n09740	n01344
n09740	n04053
n09740	n04565
n09740	n05343
n09741	n03340
n09742	n06730
n09742	n07028
n09742	n08247
n09742	n09678
n09743	n05134
n09744	n02039
n09744	n03430
n09744	n08836
n09745	n09727
n09746	n02149
n09746	n04173
n09746	n07338
n09746	n08829
n09746	n09673
n09747	n02408
n09748	n02408
n09748	n04173
n09748	n04768
n09748	n06485
n09748	n07338
n09748	n07341
n09748	n08831
n09749	n01356
n09749	n03708
n09750	n01889
n09750	n02408
n09750	n04768
n09750	n05457
n09750	n06730
n09750	n07028
n09750	n07341
n09750	n07752
n09750	n08247
n09750	n08831
n09750	n08832
n09750	n09678
n09750	n09679
n09751	n07780
n09752	n07754
n09752	n08251
n09752	n09681
n09753	n01356
n09753	n03708
n09754	n02408
n09754	n04173
n09754	n06730
n09754	n07752
n09754	n08831
n09754	n09678
n09754	n09679
n09755	n01356
n09756	n07338
n09757	n01681
n09757	n09681
n09758	n08256
n09759	n02408
n09759	n04768
n09759	n06730
n09759	n07341
n09759	n07752
n09759	n08247
n09759	n08831
n09759	n08832
n09759	n09678
n09759	n09679
n09760	n01356
n09760	n03708
n09761	n02656
n09762	n02408
n09762	n04173
n09762	n04768
n09762	n07341
n09762	n08247
n09762	n08831
n09762	n09680
n09764	n01344
n09764	n04053
n09764	n04565
n09764	n05343
n09764	n08245
n09765	n01356
n09765	n03708
n09766	n03515
n09766	n04769
n09767	n02149
n09767	n04173
n09767	n08245
n09767	n08829
n09768	n07368
n09769	n04769
n09770	n04569
n09771	n02149
n09771	n04173
n09771	n07338
n09771	n08829
n09771	n09673
n09772	n08852
n09773	n01889
n09773	n02408
n09773	n04768
n09773	n05457
n09773	n06730
n09773	n07028
n09773	n07341
n09773	n07752
n09773	n08247
n09773	n08831
n09773	n08832
n09773	n09678
n09773	n09679
n09774	n08877
n09775	n02149
n09775	n04053
n09775	n04173
n09775	n04565
n09775	n05343
n09775	n05723
n09775	n06485
n09775	n07028
n09775	n07338
n09775	n07339
n09775	n07340
n09775	n08245
n09775	n08246
n09775	n08828
n09775	n08829
n09775	n09673
n09775	n09675
n09775	n09676
n09775	n09677
n09776	n02149
n09776	n04173
n09776	n08245
n09776	n08829
n09777	n04174
n09777	n05021
n09778	n02149
n09778	n04053
n09778	n04173
n09778	n04565
n09778	n05343
n09778	n05723
n09778	n06485
n09778	n07028
n09778	n07339
n09778	n07340
n09778	n08245
n09778	n08246
n09778	n08828
n09778	n08830
n09778	n09674
n09778	n09675
n09778	n09676
n09778	n09677
n09779	n06047
n09779	n09733
n09780	n02473
n09780	n04629
n09781	n05020
n09781	n06487
n09782	n01344
n09782	n04053
n09782	n04565
n09782	n05343
n09782	n08245
n09783	n02149
n09783	n03339
n09783	n08245
n09784	n08283
n09785	n00514
n09785	n05723
n09785	n09674
n09786	n02193
n09786	n03938
n09787	n02149
n09787	n04053
n09787	n04173
n09787	n04565
n09787	n05343
n09787	n05723
n09787	n06485
n09787	n07028
n09787	n07338
n09787	n07339
n09787	n07340
n09787	n08245
n09787	n08246
n09787	n08828
n09787	n08829
n09787	n08830
n09787	n09673
n09787	n09674
n09787	n09675
n09787	n09676
n09787	n09677
n09788	n02149
n09788	n04053
n09788	n04173
n09788	n04565
n09788	n05723
n09788	n06485
n09788	n07028
n09788	n07338
n09788	n07339
n09788	n08246
n09788	n08828
n09788	n08830
n09788	n09673
n09788	n09674
n09788	n09675
n09788	n09676
n09788	n09677
n09789	n01785
n09789	n06048
n09790	n08833
n09790	n09692
n09791	n03380
n09792	n01344
n09792	n04053
n09792	n04565
n09792	n05343
n09792	n08245
n09793	n01356
n09794	n09686
n09794	n09699
n09794	n09709
n09795	n02582
n09795	n04132
n09795	n04173
n09795	n07028
n09795	n07339
n09795	n08245
n09795	n08246
n09795	n08830
n09795	n09675
n09795	n09676
n09796	n07052
n09797	n01356
n09799	n02149
n09799	n04053
n09799	n04173
n09799	n04565
n09799	n05343
n09799	n05723
n09799	n06485
n09799	n07028
n09799	n07339
n09799	n08245
n09799	n08246
n09799	n08828
n09799	n08830
n09799	n09674
n09799	n09675
n09799	n09676
n09799	n09677
n09800	n02149
n09800	n02656
n09800	n08829
n09801	n02149
n09801	n04053
n09801	n04173
n09801	n04565
n09801	n05343
n09801	n05723
n09801	n06485
n09801	n07028
n09801	n07338
n09801	n07339
n09801	n07340
n09801	n08245
n09801	n08246
n09801	n08828
n09801	n08829
n09801	n08830
n09801	n09673
n09801	n09675
n09801	n09676
n09801	n09677
n09802	n03204
n09803	n01344
n09803	n04053
n09803	n04565
n09803	n05343
n09803	n07773
n09804	n02149
n09804	n04053
n09804	n04173
n09804	n04565
n09804	n05343
n09804	n07028
n09804	n08245
n09805	n02149
n09805	n04053
n09805	n04173
n09805	n04565
n09805	n05343
n09805	n05723
n09805	n06485
n09805	n07028
n09805	n07339
n09805	n07340
n09805	n08245
n09805	n08246
n09805	n08828
n09805	n08830
n09805	n09674
n09805	n09675
n09805	n09676
n09806	n07754
n09806	n08868
n09806	n09681
n09807	n02149
n09807	n08831
n09808	n02656
n09808	n04173
n09808	n06485
n09808	n07338
n09808	n08828
n09808	n09673
n09809	n07800
n09810	n08900
n09811	n02149
n09811	n04053
n09811	n04173
n09811	n05723
n09811	n06485
n09811	n07338
n09811	n07339
n09811	n08245
n09811	n08246
n09811	n08828
n09811	n08829
n09811	n09673
n09812	n02149
n09812	n04053
n09812	n04173
n09812	n04565
n09812	n06485
n09812	n07028
n09812	n07338
n09812	n07340
n09812	n08245
n09812	n08246
n09812	n08829
n09812	n09673
n09812	n09675
n09813	n08913
n09814	n04053
n09814	n04565
n09814	n05343
n09814	n08245
n09815	n08904
n09815	n09677
n09815	n09698
n09816	n08260
n09816	n09688
n09817	n02408
n09817	n04054
n09817	n04768
n09817	n06730
n09817	n07341
n09817	n07752
n09817	n08247
n09817	n08831
n09817	n09678
n09817	n09679
n09817	n09680
n09818	n09886
n09819	n06730
n09819	n07028
n09819	n08247
n09819	n09678
n09820	n07803
n09821	n01682
n09822	n04054
n09822	n04768
n09822	n05457
n09822	n07341
n09822	n07342
n09822	n08831
n09822	n09680
n09823	n08325
n09824	n07801
n09825	n01344
n09825	n09696
n09826	n02954
n09827	n01356
n09828	n02149
n09828	n04053
n09828	n04173
n09828	n04565
n09828	n06485
n09828	n07028
n09828	n07338
n09828	n07340
n09828	n08245
n09828	n08246
n09828	n08829
n09828	n09673
n09828	n09675
n09829	n02149
n09829	n04053
n09829	n04173
n09829	n04565
n09829	n05343
n09829	n05723
n09829	n06485
n09829	n07028
n09829	n07338
n09829	n07339
n09829	n08245
n09829	n08246
n09829	n08828
n09829	n08829
n09829	n08830
n09829	n09673
n09829	n09674
n09829	n09676
n09830	n01344
n09830	n04053
n09830	n04565
n09830	n05343
n09830	n08245
n09831	n07028
n09831	n09817
n09832	n07377
n09833	n09832
n09834	n05343
n09834	n07032
n09834	n07339
n09834	n08246
n09834	n08830
n09834	n09676
n09835	n01356
n09836	n01356
n09837	n02408
n09837	n04173
n09837	n04768
n09837	n06485
n09837	n07341
n09837	n08246
n09837	n08831
n09838	n02408
n09838	n02656
n09838	n04173
n09838	n04768
n09838	n06485
n09838	n07338
n09838	n07341
n09838	n08246
n09838	n08828
n09838	n08831
n09839	n03757
n09839	n05135
n09840	n02149
n09840	n02656
n09840	n08829
n09840	n09673
n09841	n08311
n09842	n02039
n09842	n05019
n09842	n05728
n09842	n08836
n09843	n07754
n09843	n09681
n09844	n02149
n09844	n04053
n09844	n04173
n09844	n04565
n09844	n05343
n09844	n05723
n09844	n06485
n09844	n07028
n09844	n07339
n09844	n07340
n09844	n08246
n09844	n08828
n09844	n08830
n09844	n09675
n09844	n09676
n09845	n07072
n09846	n01356
n09846	n03708
n09847	n08245
n09848	n04053
n09848	n08245
n09848	n08246
n09848	n08828
n09848	n09684
n09849	n02149
n09849	n04173
n09849	n04565
n09849	n05343
n09849	n05723
n09849	n06485
n09849	n07028
n09849	n07338
n09849	n07339
n09849	n08246
n09849	n08828
n09849	n08829
n09849	n08830
n09849	n09673
n09849	n09674
n09849	n09675
n09849	n09676
n09849	n09677
n09850	n02149
n09850	n04053
n09850	n04173
n09850	n06485
n09850	n07338
n09850	n07339
n09850	n08245
n09850	n08246
n09850	n08828
n09850	n08829
n09850	n09673
n09850	n09676
n09851	n07823
n09852	n06487
n09852	n08249
n09853	n04331
n09853	n08839
n09853	n09711
n09854	n03518
n09854	n07036
n09856	n04333
n09856	n07752
n09856	n08831
n09856	n09678
n09857	n04269
n09858	n02149
n09858	n04053
n09858	n04173
n09858	n04565
n09858	n06485
n09858	n07028
n09858	n07338
n09858	n07339
n09858	n07340
n09858	n08245
n09858	n08246
n09858	n08829
n09858	n08830
n09858	n09673
n09858	n09674
n09858	n09675
n09858	n09676
n09859	n09764
n09860	n06288
n09861	n02149
n09861	n04173
n09861	n04565
n09861	n05723
n09861	n06485
n09861	n07028
n09861	n07338
n09861	n07339
n09861	n07340
n09861	n08246
n09861	n08830
n09861	n09674
n09861	n09675
n09861	n09676
n09861	n09677
n09862	n07038
n09862	n07754
n09862	n09681
n09863	n02656
n09863	n05356
n09863	n08829
n09864	n02656
n09866	n09884
n09867	n08833
n09867	n09692
n09868	n03518
n09868	n07036
n09869	n06289
n09870	n01344
n09870	n04053
n09870	n04565
n09870	n05343
n09870	n08245
n09871	n01344
n09871	n09696
n09872	n00977
n09872	n07028
n09873	n07377
n09874	n05573
n09874	n07788
n09874	n08829
n09874	n09673
n09874	n09677
n09875	n00687
n09875	n01040
n09875	n01057
n09875	n05882
n09875	n06730
n09875	n08831
n09875	n08832
n09875	n09678
n09877	n09816
n09878	n01356
n09879	n02408
n09879	n04054
n09879	n05456
n09879	n06730
n09879	n07028
n09879	n07752
n09879	n08247
n09879	n08831
n09879	n09678
n09879	n09679
n09880	n05723
n09880	n06276
n09880	n09674
n09881	n08336
n09882	n02149
n09882	n02656
n09883	n04496
n09883	n08316
n09883	n08852
n09883	n09713
n09884	n01356
n09884	n03708
n09885	n01866
n09885	n05456
n09885	n08247
n09885	n08831
n09885	n09680
n09886	n00977
n09887	n09793
n09888	n04054
n09888	n04768
n09888	n05457
n09888	n07341
n09888	n07342
n09888	n08831
n09888	n09680
n09889	n02149
n09889	n04053
n09889	n04173
n09889	n04565
n09889	n05343
n09889	n05723
n09889	n06485
n09889	n07028
n09889	n07338
n09889	n07339
n09889	n07340
n09889	n08245
n09889	n08246
n09889	n08828
n09889	n08829
n09889	n08830
n09889	n09673
n09889	n09674
n09889	n09675
n09889	n09676
n09889	n09677
n09890	n03760
n09891	n04053
n09891	n04565
n09891	n05343
n09891	n08245
n09892	n01356
n09893	n02176
n09893	n02624
n09893	n02710
n09893	n09674
n09893	n09795
n09894	n05459
n09894	n08831
n09894	n09678
n09894	n09680
n09895	n07054
n09895	n09742
n09896	n07833
n09897	n02492
n09897	n08890
n09897	n09681
n09898	n01345
n09898	n04768
n09898	n05457
n09898	n07341
n09899	n02656
n09900	n06267
n09900	n07368
n09900	n07784
n09901	n01949
n09902	n08245
n09902	n08275
n09903	n05886
n09903	n07354
n09903	n09800
n09904	n02149
n09904	n07338
n09904	n08829
n09906	n02149
n09906	n04053
n09906	n04173
n09906	n06485
n09906	n07338
n09906	n08245
n09906	n08828
n09906	n08829
n09906	n09673
n09907	n01344
n09907	n04053
n09907	n04565
n09907	n05343
n09907	n08245
n09908	n02149
n09908	n04053
n09908	n04173
n09908	n04565
n09908	n05343
n09908	n05723
n09908	n06485
n09908	n07028
n09908	n07338
n09908	n07339
n09908	n07340
n09908	n08245
n09908	n08246
n09908	n08828
n09908	n08829
n09908	n08830
n09908	n09673
n09908	n09674
n09908	n09675
n09908	n09676
n09908	n09677
n09909	n02149
n09909	n04053
n09909	n04173
n09909	n05343
n09909	n06485
n09909	n07338
n09909	n08245
n09909	n08246
n09909	n08828
n09909	n08829
n09909	n09673
n09910	n02149
n09910	n04053
n09910	n04173
n09910	n04565
n09910	n05343
n09910	n05723
n09910	n06485
n09910	n07028
n09910	n07338
n09910	n07339
n09910	n07340
n09910	n08245
n09910	n08246
n09910	n08828
n09910	n08829
n09910	n08830
n09910	n09673
n09910	n09674
n09910	n09675
n09910	n09676
n09910	n09677
n09911	n02149
n09911	n04053
n09911	n04173
n09911	n04565
n09911	n06485
n09911	n07028
n09911	n07339
n09911	n08245
n09911	n08246
n09911	n08828
n09911	n08830
n09911	n09674
n09911	n09675
n09911	n09676
n09912	n03298
n09912	n08874
n09912	n09829
n09913	n04173
n09913	n04768
n09913	n06485
n09913	n07338
n09913	n08246
n09913	n08828
n09914	n09806
n09914	n09862
n09915	n03708
n09915	n09797
n09916	n02408
n09916	n02656
n09916	n04173
n09916	n04768
n09916	n06485
n09916	n07341
n09916	n07752
n09916	n08246
n09916	n08828
n09916	n08831
n09917	n02408
n09917	n04054
n09917	n04768
n09917	n06730
n09917	n07028
n09917	n07341
n09917	n07752
n09917	n08247
n09917	n08831
n09917	n09678
n09917	n09680
n09918	n05270
n09919	n08889
n09920	n06511
n09920	n09769
n09921	n03170
n09921	n07413
n09921	n09712
n09922	n08926
n09922	n09673
n09922	n09675
n09922	n09676
n09922	n09677
n09923	n03173
n09924	n02149
n09924	n02656
n09924	n07338
n09924	n08245
n09924	n08829
n09924	n09673
n09925	n02149
n09925	n04053
n09925	n04173
n09925	n04565
n09925	n05343
n09925	n05723
n09925	n06485
n09925	n07028
n09925	n07338
n09925	n07339
n09925	n07340
n09925	n08245
n09925	n08246
n09925	n08828
n09925	n08829
n09925	n08830
n09925	n09673
n09925	n09674
n09925	n09675
n09925	n09676
n09925	n09677
n09926	n02656
n09927	n00898
n09928	n02656
n09929	n04053
n09929	n08245
n09929	n08246
n09929	n08828
n09929	n09684
n09930	n02408
n09930	n04054
n09930	n05456
n09930	n06730
n09930	n07028
n09930	n07752
n09930	n08247
n09930	n08831
n09930	n09678
n09930	n09679
n09930	n09680
n09931	n07795
n09932	n04053
n09932	n04565
n09932	n05343
n09932	n08245
n09933	n07758
n09933	n08867
n09933	n09793
n09934	n03815
n09934	n05875
n09935	n01344
n09935	n09696
n09936	n08361
n09937	n02474
n09938	n02656
n09938	n04053
n09938	n08245
n09938	n08828
n09938	n09684
n09939	n08341
n09940	n02149
n09940	n02656
n09940	n07338
n09940	n08245
n09940	n08829
n09940	n09673
n09941	n08930
n09942	n02408
n09942	n04768
n09942	n06730
n09942	n07341
n09942	n08831
n09942	n09678
n09942	n09679
n09943	n01356
n09945	n01356
n09945	n03708
n09946	n04179
n09947	n02149
n09947	n04053
n09947	n04173
n09947	n04565
n09947	n05343
n09947	n05723
n09947	n06485
n09947	n07028
n09947	n07338
n09947	n07339
n09947	n08245
n09947	n08246
n09947	n08828
n09947	n08829
n09947	n08830
n09947	n09673
n09947	n09675
n09947	n09676
n09947	n09677
n09949	n01766
n09949	n07030
n09949	n09680
n09950	n08266
n09951	n08838
n09951	n08851
n09952	n04138
n09952	n05035
n09953	n02408
n09953	n04173
n09953	n04768
n09953	n07341
n09954	n05470
n09955	n05896
n09955	n09673
n09956	n02149
n09956	n04173
n09956	n07338
n09956	n08245
n09956	n08829
n09957	n02792
n09958	n06497
n09959	n05472
n09959	n06759
n09959	n07340
n09959	n07770
n09959	n07808
n09959	n09811
n09960	n02149
n09960	n04053
n09960	n04173
n09960	n04565
n09960	n05343
n09960	n05723
n09960	n06485
n09960	n07028
n09960	n07338
n09960	n07339
n09960	n07340
n09960	n08245
n09960	n08246
n09960	n08828
n09960	n08829
n09960	n08830
n09960	n09673
n09960	n09674
n09960	n09675
n09960	n09676
n09960	n09677
n09961	n08852
n09962	n05149
n09962	n09899
n09963	n05726
n09963	n07365
n09963	n08877
n09964	n05587
n09965	n09686
n09965	n09699
n09965	n09709
n09966	n06485
n09966	n07338
n09966	n07341
n09966	n07752
n09966	n08246
n09966	n08253
n09966	n08828
n09966	n08831
n09966	n09678
n09967	n02408
n09967	n04054
n09967	n05456
n09967	n06730
n09967	n07028
n09967	n07752
n09967	n08247
n09967	n08831
n09967	n09678
n09967	n09679
n09967	n09680
n09968	n03174
n09968	n04774
n09968	n09785
n09969	n01356
n09969	n03708
n09970	n03616
n09970	n05343
n09970	n06066
n09971	n02408
n09971	n04053
n09971	n05343
n09972	n03940
n09973	n02408
n09973	n04053
n09973	n05343
n09974	n08286
n09975	n02149
n09975	n02656
n09975	n07338
n09975	n08829
n09975	n09673
n09976	n07754
n09976	n08251
n09976	n09681
n09977	n01356
n09978	n02408
n09978	n04054
n09978	n05456
n09978	n06730
n09978	n07028
n09978	n07752
n09978	n08247
n09978	n08250
n09978	n09678
n09978	n09679
n09979	n02656
n09980	n02149
n09980	n04053
n09980	n04173
n09980	n04565
n09980	n05343
n09980	n05723
n09980	n06485
n09980	n07338
n09980	n07339
n09980	n08245
n09980	n08246
n09980	n08828
n09980	n08829
n09980	n08830
n09980	n09673
n09980	n09675
n09980	n09676
n09981	n04173
n09981	n04768
n09981	n06485
n09981	n07338
n09981	n07341
n09981	n08246
n09981	n08831
n09982	n07817
n09984	n01584
n09985	n01344
n09985	n09696
n09986	n01344
n09986	n04053
n09986	n04565
n09986	n05343
n09986	n08245
n09987	n08278
n09988	n07339
n09988	n07340
n09988	n08248
n09988	n08828
n09988	n08830
n09988	n09673
n09988	n09676
n09988	n09677
n09989	n03564
n09989	n08864
n09989	n09674
n09990	n09873
n09991	n02656
n09991	n04053
n09991	n08245
n09991	n08246
n09991	n08828
n09991	n09684
n09992	n08276
n09993	n02149
n09993	n04053
n09993	n04173
n09993	n04565
n09993	n05343
n09993	n05723
n09993	n06485
n09993	n07028
n09993	n07338
n09993	n07339
n09993	n07340
n09993	n08245
n09993	n08246
n09993	n08828
n09993	n08829
n09993	n08830
n09993	n09673
n09993	n09674
n09993	n09676
n09993	n09677
n09994	n00687
n09994	n01040
n09994	n01057
n09994	n05882
n09994	n06730
n09994	n08831
n09994	n08832
n09994	n09678
n09995	n02408
n09995	n04768
n09995	n06730
n09995	n07028
n09995	n07341
n09995	n07752
n09995	n08247
n09995	n08831
n09995	n09678
n09995	n09679
n09995	n09680
n09996	n02408
n09996	n08362
n09997	n01356
n09997	n03708
n09998	n07863
n09999	n07028
n09999	n07037
n09999	n09678
n09999	n09679
n10000	n02656
n10000	n05725
n10000	n07338
n10000	n09673
n10001	n05596
n10001	n09812
n10002	n03040
n10002	n04005
n10002	n05253
n10002	n07865
n10003	n02408
n10003	n02656
n10003	n04173
n10003	n06730
n10003	n07752
n10003	n08246
n10003	n08831
n10003	n09678
n10003	n09679
n10004	n02656
n10004	n04173
n10005	n01787
n10005	n04284
n10005	n06056
n10006	n03206
n10006	n07338
n10006	n08245
n10006	n09673
n10007	n02367
n10008	n02149
n10008	n04053
n10008	n04173
n10008	n04565
n10008	n05343
n10008	n05723
n10008	n06485
n10008	n07028
n10008	n07338
n10008	n07339
n10008	n07340
n10008	n08245
n10008	n08246
n10008	n08828
n10008	n08829
n10008	n08830
n10008	n09673
n10008	n09675
n10008	n09676
n10008	n09677
n10009	n01344
n10009	n08922
n10010	n02149
n10010	n02656
n10010	n07338
n10010	n08829
n10010	n09673
n10011	n02149
n10011	n04053
n10011	n04173
n10011	n04565
n10011	n05723
n10011	n06485
n10011	n07028
n10011	n07339
n10011	n08246
n10011	n08247
n10011	n08830
n10011	n09674
n10011	n09675
n10011	n09676
n10011	n09680
n10012	n01344
n10012	n04053
n10012	n04565
n10012	n05343
n10012	n08245
n10013	n03435
n10013	n07754
n10014	n02149
n10014	n04053
n10014	n04173
n10014	n04565
n10014	n05343
n10014	n05723
n10014	n06485
n10014	n07028
n10014	n07338
n10014	n07339
n10014	n07340
n10014	n08245
n10014	n08246
n10014	n08828
n10014	n08829
n10014	n08830
n10014	n09673
n10014	n09674
n10014	n09675
n10014	n09676
n10014	n09677
n10015	n07782
n10015	n09706
n10016	n07042
n10016	n07793
n10016	n08247
n10016	n09680
n10016	n09953
n10018	n07074
n10018	n08245
n10019	n07398
n10019	n08326
n10020	n04324
n10020	n09680
n10021	n02149
n10021	n04053
n10021	n04173
n10021	n04565
n10021	n05343
n10021	n05723
n10021	n06485
n10021	n07028
n10021	n07338
n10021	n07339
n10021	n07340
n10021	n08245
n10021	n08246
n10021	n08828
n10021	n08829
n10021	n08830
n10021	n09673
n10021	n09674
n10021	n09675
n10021	n09676
n10021	n09677
n10022	n08878
n10022	n08961
n10023	n01889
n10023	n02408
n10023	n04768
n10023	n06730
n10023	n07028
n10023	n07341
n10023	n07752
n10023	n08247
n10023	n08831
n10023	n09678
n10023	n09679
n10023	n09680
n10024	n07032
n10024	n08248
n10024	n08260
n10025	n03255
n10026	n02149
n10026	n04053
n10026	n04173
n10026	n04565
n10026	n05343
n10026	n05723
n10026	n06485
n10026	n07028
n10026	n07338
n10026	n07339
n10026	n07340
n10026	n08245
n10026	n08246
n10026	n08828
n10026	n08829
n10026	n08830
n10026	n09673
n10026	n09674
n10026	n09675
n10026	n09676
n10026	n09677
n10027	n02149
n10027	n04053
n10027	n04173
n10027	n04565
n10027	n05343
n10027	n05723
n10027	n06485
n10027	n07028
n10027	n07338
n10027	n07339
n10027	n07340
n10027	n08245
n10027	n08246
n10027	n08828
n10027	n08829
n10027	n08830
n10027	n09673
n10027	n09674
n10027	n09675
n10027	n09676
n10027	n09677
n10028	n02149
n10028	n04053
n10028	n04173
n10028	n04565
n10028	n05343
n10028	n05723
n10028	n06485
n10028	n07028
n10028	n07338
n10028	n07339
n10028	n07340
n10028	n08245
n10028	n08246
n10028	n08828
n10028	n08829
n10028	n08830
n10028	n09673
n10028	n09674
n10028	n09675
n10028	n09676
n10028	n09677
n10029	n03039
n10029	n04059
n10030	n04458
n10031	n02149
n10031	n04053
n10031	n04173
n10031	n04565
n10031	n05723
n10031	n06485
n10031	n07028
n10031	n07339
n10031	n07752
n10031	n08246
n10031	n08247
n10031	n08828
n10031	n08830
n10031	n09674
n10031	n09675
n10031	n09676
n10032	n04053
n10032	n04565
n10032	n05343
n10032	n08245
n10033	n02149
n10033	n04053
n10033	n04173
n10033	n04565
n10033	n05343
n10033	n06485
n10033	n07338
n10033	n07340
n10033	n08245
n10034	n06503
n10035	n09806
n10036	n04173
n10036	n06485
n10036	n08246
n10036	n08828
n10037	n09940
n10038	n02474
n10038	n07340
n10038	n09676
n10038	n09848
n10039	n07092
n10039	n08419
n10039	n09073
n10040	n03525
n10040	n09723
n10041	n01356
n10041	n03708
n10042	n01356
n10042	n03708
n10043	n08315
n10044	n02408
n10044	n04768
n10044	n06730
n10044	n07341
n10044	n07752
n10044	n08247
n10044	n08831
n10044	n09678
n10044	n09679
n10044	n09680
n10045	n03174
n10045	n05267
n10046	n02408
n10046	n04768
n10046	n06730
n10046	n07028
n10046	n07341
n10046	n07752
n10046	n08831
n10046	n09678
n10046	n09679
n10047	n02149
n10047	n04053
n10047	n04173
n10047	n04565
n10047	n05343
n10047	n05723
n10047	n06485
n10047	n07028
n10047	n07338
n10047	n07339
n10047	n07340
n10047	n08245
n10047	n08246
n10047	n08828
n10047	n08829
n10047	n08830
n10047	n09673
n10047	n09674
n10047	n09675
n10047	n09676
n10047	n09677
n10048	n02193
n10048	n03938
n10049	n02149
n10049	n04053
n10049	n04173
n10049	n04565
n10049	n05343
n10049	n05723
n10049	n06485
n10049	n07028
n10049	n07338
n10049	n07339
n10049	n07340
n10049	n08245
n10049	n08246
n10049	n08828
n10049	n08829
n10049	n08830
n10049	n09673
n10049	n09674
n10049	n09675
n10049	n09676
n10049	n09677
n10050	n02149
n10050	n04053
n10050	n04173
n10050	n04565
n10050	n05343
n10050	n05723
n10050	n06485
n10050	n07028
n10050	n07339
n10050	n08246
n10050	n08828
n10050	n08830
n10050	n09673
n10050	n09674
n10050	n09675
n10050	n09676
n10050	n09677
n10051	n05137
n10051	n08838
n10052	n04173
n10052	n06730
n10052	n07752
n10052	n09674
n10052	n09675
n10052	n09678
n10052	n09679
n10053	n04053
n10053	n04565
n10053	n05343
n10053	n08245
n10054	n01669
n10054	n07365
n10055	n08879
n10055	n09814
n10056	n06312
n10056	n07752
n10056	n08246
n10056	n08831
n10056	n09678
n10057	n04053
n10057	n04173
n10057	n04565
n10057	n06485
n10057	n07028
n10057	n07339
n10057	n07752
n10057	n08246
n10057	n08247
n10057	n08830
n10057	n08831
n10057	n09674
n10057	n09675
n10057	n09676
n10057	n09680
n10058	n01344
n10058	n04053
n10058	n04565
n10058	n05343
n10058	n08245
n10059	n02656
n10061	n02820
n10061	n03290
n10061	n03760
n10061	n05736
n10062	n01344
n10062	n04053
n10062	n04565
n10062	n05343
n10062	n08245
n10064	n02149
n10064	n04053
n10064	n04173
n10064	n04565
n10064	n05343
n10064	n05723
n10064	n06485
n10064	n07028
n10064	n07338
n10064	n07339
n10064	n07340
n10064	n08245
n10064	n08246
n10064	n08828
n10064	n08829
n10064	n08830
n10064	n09673
n10064	n09674
n10064	n09675
n10064	n09676
n10064	n09677
n10065	n07438
n10066	n04173
n10066	n04565
n10066	n05723
n10066	n06485
n10066	n07028
n10066	n07338
n10066	n07339
n10066	n08246
n10066	n08828
n10066	n08830
n10066	n09675
n10066	n09676
n10067	n02149
n10067	n02656
n10067	n07338
n10067	n08829
n10067	n09673
n10068	n01344
n10068	n08831
n10069	n08979
n10069	n09679
n10070	n02408
n10071	n08916
n10072	n05151
n10073	n08366
n10074	n03568
n10075	n00139
n10076	n02656
n10076	n04173
n10076	n04768
n10076	n06485
n10076	n07338
n10076	n07341
n10076	n08246
n10076	n08828
n10076	n09673
n10077	n07864
n10078	n07888
n10079	n05917
n10080	n03834
n10081	n01344
n10081	n04053
n10081	n04565
n10081	n05343
n10081	n08245
n10081	n09683
n10082	n06111
n10083	n03142
n10084	n07362
n10084	n07829
n10084	n08828
n10085	n07829
n10085	n09966
n10086	n02585
n10087	n04934
n10088	n01356
n10088	n03708
n10089	n05138
n10089	n07338
n10089	n08245
n10089	n09673
n10090	n01344
n10090	n04053
n10090	n04565
n10090	n05343
n10090	n08245
n10091	n04386
n10092	n02656
n10092	n08828
n10093	n02656
n10093	n07338
n10093	n08828
n10094	n03757
n10094	n08254
n10095	n04225
n10096	n02149
n10096	n02656
n10096	n07338
n10096	n08245
n10096	n08829
n10096	n09673
n10097	n01356
n10097	n03708
n10097	n08829
n10098	n02656
n10099	n02656
n10099	n04173
n10099	n06485
n10099	n07338
n10099	n08246
n10099	n08828
n10099	n09673
n10100	n02149
n10100	n04053
n10100	n04173
n10100	n04565
n10100	n05723
n10100	n06485
n10100	n07028
n10100	n07339
n10100	n07752
n10100	n08247
n10100	n09674
n10100	n09675
n10101	n01294
n10101	n01799
n10102	n06768
n10102	n07795
n10103	n02408
n10104	n02149
n10104	n02656
n10104	n04173
n10104	n07338
n10104	n08245
n10104	n08829
n10104	n09673
n10105	n10055
n10106	n02149
n10106	n04053
n10106	n04173
n10106	n05343
n10106	n06485
n10106	n07338
n10106	n08245
n10106	n08246
n10106	n08828
n10106	n08829
n10106	n09673
n10106	n09674
n10107	n01344
n10107	n04053
n10107	n04565
n10107	n05343
n10107	n08245
n10108	n04634
n10108	n08864
n10109	n02656
n10111	n01344
n10111	n04053
n10111	n04565
n10111	n05343
n10111	n08245
n10112	n04649
n10112	n06354
n10113	n01344
n10113	n04053
n10113	n04565
n10113	n05343
n10113	n08245
n10114	n01344
n10114	n04053
n10114	n04565
n10114	n05343
n10114	n08245
n10115	n01236
n10116	n02149
n10116	n04053
n10116	n04173
n10116	n04565
n10116	n05343
n10116	n05723
n10116	n06485
n10116	n07028
n10116	n07338
n10116	n07339
n10116	n07340
n10116	n08245
n10116	n08246
n10116	n08828
n10116	n08829
n10116	n08830
n10116	n09673
n10116	n09674
n10116	n09675
n10116	n09676
n10116	n09677
n10117	n02149
n10117	n04053
n10117	n04173
n10117	n04565
n10117	n05343
n10117	n05723
n10117	n06485
n10117	n07028
n10117	n07338
n10117	n07339
n10117	n07340
n10117	n08245
n10117	n08246
n10117	n08828
n10117	n08830
n10117	n09673
n10117	n09674
n10117	n09675
n10117	n09677
n10118	n02214
n10118	n08831
n10118	n09678
n10118	n09680
n10119	n02527
n10120	n07381
n10120	n08829
n10121	n02149
n10121	n08245
n10122	n02408
n10122	n04173
n10122	n07028
n10122	n09679
n10123	n08292
n10123	n09957
n10124	n07338
n10124	n07340
n10124	n09673
n10124	n09799
n10126	n04937
n10127	n05586
n10128	n04632
n10128	n08829
n10128	n08872
n10129	n04279
n10130	n02656
n10131	n08990
n10132	n09673
n10132	n09675
n10132	n09738
n10133	n04440
n10134	n06512
n10134	n08274
n10134	n09677
n10135	n01356
n10135	n03708
n10136	n01356
n10137	n01356
n10137	n03708
n10138	n09821
n10139	n02149
n10139	n07338
n10139	n08245
n10139	n08829
n10139	n09673
n10140	n01344
n10140	n04053
n10140	n04565
n10140	n05343
n10140	n08245
n10141	n04386
n10142	n04386
n10143	n01356
n10145	n02656
n10145	n04173
n10145	n08246
n10145	n09675
n10146	n04574
n10146	n07028
n10146	n08245
n10146	n08828
n10146	n08829
n10146	n09673
n10146	n09674
n10146	n09675
n10146	n09677
n10147	n09952
n10148	n02149
n10148	n02656
n10148	n07338
n10148	n08245
n10148	n08829
n10148	n09673
n10149	n04185
n10150	n02149
n10150	n04053
n10150	n04173
n10150	n04565
n10150	n05343
n10150	n05723
n10150	n06485
n10150	n07028
n10150	n07338
n10150	n07339
n10150	n07340
n10150	n08245
n10150	n08246
n10150	n08828
n10150	n08829
n10150	n08830
n10150	n09673
n10150	n09674
n10150	n09675
n10150	n09676
n10150	n09677
n10151	n01356
n10151	n03708
n10152	n06781
n10153	n08940
n10154	n08851
n10155	n02149
n10155	n04053
n10155	n04173
n10155	n04565
n10155	n05723
n10155	n06485
n10155	n06730
n10155	n07028
n10155	n07339
n10155	n08246
n10155	n08247
n10155	n08830
n10155	n09674
n10155	n09675
n10155	n09676
n10155	n09678
n10155	n09680
n10156	n02149
n10156	n04053
n10156	n04173
n10156	n05343
n10156	n05723
n10156	n06485
n10156	n07338
n10156	n07340
n10156	n08245
n10156	n08246
n10156	n08828
n10156	n08830
n10156	n09673
n10156	n09674
n10156	n09675
n10156	n09677
n10157	n08330
n10157	n08828
n10157	n08830
n10157	n09674
n10157	n09675
n10157	n09676
n10157	n09677
n10158	n07942
n10159	n06488
n10160	n04947
n10161	n01344
n10161	n04053
n10161	n04565
n10161	n05343
n10161	n08245
n10162	n02149
n10162	n04053
n10162	n04173
n10162	n04565
n10162	n05343
n10162	n05723
n10162	n06485
n10162	n07028
n10162	n07338
n10162	n07339
n10162	n07340
n10162	n08245
n10162	n08246
n10162	n08828
n10162	n08829
n10162	n08830
n10162	n09673
n10162	n09674
n10162	n09675
n10162	n09677
n10163	n02656
n10164	n02149
n10164	n04053
n10164	n04173
n10164	n04565
n10164	n05343
n10164	n05723
n10164	n06485
n10164	n07028
n10164	n07338
n10164	n07339
n10164	n07340
n10164	n08245
n10164	n08246
n10164	n08828
n10164	n08829
n10164	n08830
n10164	n09673
n10164	n09674
n10164	n09675
n10164	n09676
n10164	n09677
n10165	n07918
n10165	n09678
n10166	n06730
n10166	n07028
n10166	n09675
n10166	n09678
n10166	n09679
n10167	n01344
n10167	n04053
n10167	n04565
n10167	n05343
n10167	n08245
n10168	n02149
n10168	n04173
n10168	n07338
n10168	n08245
n10168	n08829
n10168	n09673
n10169	n08326
n10170	n04054
n10170	n04768
n10170	n05457
n10170	n07341
n10170	n07342
n10170	n08831
n10170	n09680
n10171	n05768
n10172	n04271
n10172	n05873
n10173	n01356
n10173	n03708
n10174	n01344
n10174	n04053
n10174	n04565
n10174	n05343
n10174	n08245
n10175	n01344
n10175	n04053
n10175	n04565
n10175	n05343
n10175	n08245
n10176	n07776
n10177	n02149
n10177	n04053
n10177	n04173
n10177	n04565
n10177	n05343
n10177	n05723
n10177	n06485
n10177	n07028
n10177	n07338
n10177	n07339
n10177	n07340
n10177	n08245
n10177	n08246
n10177	n08828
n10177	n08829
n10177	n08830
n10177	n09673
n10177	n09674
n10177	n09675
n10177	n09676
n10177	n09677
n10178	n02408
n10178	n09696
n10179	n03516
n10179	n03998
n10179	n07421
n10180	n02149
n10180	n04053
n10180	n04173
n10180	n04565
n10180	n05343
n10180	n05723
n10180	n06485
n10180	n07028
n10180	n07338
n10180	n07339
n10180	n07340
n10180	n08245
n10180	n08246
n10180	n08828
n10180	n08829
n10180	n08830
n10180	n09673
n10180	n09674
n10180	n09675
n10180	n09676
n10180	n09677
n10181	n03000
n10182	n08380
n10183	n04628
n10183	n06730
n10183	n08831
n10183	n09678
n10183	n09679
n10184	n08969
n10184	n09760
n10184	n09827
n10185	n04391
n10186	n08907
n10186	n08998
n10187	n03950
n10188	n06084
n10189	n08397
n10189	n09898
n10190	n07796
n10191	n07385
n10191	n09737
n10192	n02149
n10192	n04053
n10192	n04173
n10192	n05343
n10192	n06485
n10192	n07028
n10192	n07338
n10192	n07340
n10192	n08245
n10192	n08828
n10192	n08829
n10192	n08830
n10192	n09673
n10192	n09675
n10193	n04053
n10193	n08245
n10193	n08246
n10193	n08828
n10193	n09684
n10194	n02149
n10194	n04173
n10194	n04565
n10194	n06485
n10194	n07339
n10194	n08246
n10194	n08828
n10194	n09675
n10195	n03476
n10196	n02149
n10196	n04053
n10196	n04173
n10196	n05343
n10196	n05723
n10196	n06485
n10196	n07338
n10196	n07339
n10196	n07340
n10196	n08245
n10196	n08246
n10196	n08828
n10196	n08829
n10196	n09673
n10196	n09676
n10197	n07924
n10198	n02408
n10198	n04054
n10198	n04768
n10198	n06730
n10198	n07028
n10198	n07341
n10198	n07752
n10198	n08247
n10198	n08831
n10198	n09678
n10198	n09679
n10198	n09680
n10199	n07872
n10201	n01356
n10201	n03708
n10202	n01344
n10202	n04053
n10202	n04565
n10202	n05343
n10202	n08245
n10203	n09702
n10204	n03045
n10204	n07338
n10205	n02149
n10205	n04053
n10205	n04173
n10205	n04565
n10205	n05343
n10205	n05723
n10205	n06485
n10205	n07028
n10205	n07338
n10205	n07339
n10205	n07340
n10205	n08245
n10205	n08246
n10205	n08828
n10205	n08829
n10205	n08830
n10205	n09673
n10205	n09675
n10205	n09676
n10205	n09677
n10206	n02656
n10207	n07782
n10207	n09687
n10207	n09693
n10207	n09822
n10208	n01294
n10208	n01799
n10208	n06578
n10209	n08838
n10209	n08851
n10210	n09193
n10211	n00480
n10212	n02408
n10212	n04054
n10212	n05456
n10212	n06730
n10212	n07028
n10212	n07752
n10212	n08247
n10212	n08831
n10212	n09678
n10212	n09679
n10212	n09680
n10214	n06768
n10214	n07795
n10215	n01344
n10215	n04053
n10215	n04565
n10215	n05343
n10215	n08245
n10216	n04173
n10216	n04768
n10216	n06485
n10216	n07338
n10216	n07341
n10216	n08246
n10216	n08828
n10217	n02408
n10217	n04054
n10217	n04768
n10217	n05457
n10217	n06730
n10217	n07028
n10217	n07341
n10217	n07752
n10217	n08247
n10217	n08831
n10217	n08832
n10217	n09678
n10217	n09679
n10217	n09680
n10218	n02149
n10218	n04053
n10218	n04173
n10218	n04565
n10218	n05343
n10218	n05723
n10218	n06485
n10218	n07028
n10218	n07339
n10218	n07340
n10218	n08245
n10218	n08246
n10218	n08828
n10218	n08830
n10218	n09674
n10218	n09675
n10218	n09676
n10218	n09677
n10219	n02408
n10219	n04173
n10219	n04768
n10219	n07752
n10219	n08246
n10219	n08831
n10219	n09678
n10219	n09679
n10220	n04173
n10220	n07794
n10220	n08864
n10220	n09675
n10221	n01356
n10221	n03708
n10222	n04142
n10223	n04781
n10223	n04942
n10224	n02656
n10224	n04173
n10224	n04768
n10224	n06485
n10224	n07338
n10224	n07341
n10224	n08246
n10224	n08828
n10224	n08831
n10224	n09673
n10225	n02149
n10225	n04053
n10225	n04173
n10225	n05343
n10225	n05723
n10225	n06485
n10225	n07338
n10225	n08245
n10225	n08246
n10225	n08828
n10225	n08830
n10225	n09673
n10225	n09674
n10225	n09675
n10225	n09677
n10226	n07347
n10227	n01356
n10227	n03708
n10228	n04781
n10228	n04942
n10229	n05873
n10229	n09718
n10230	n08996
n10231	n05489
n10231	n09816
n10232	n01344
n10232	n04053
n10232	n04565
n10232	n05343
n10232	n08245
n10233	n06635
n10234	n02149
n10234	n04053
n10234	n04173
n10234	n04565
n10234	n05343
n10234	n05723
n10234	n06485
n10234	n07028
n10234	n07338
n10234	n07339
n10234	n07340
n10234	n08245
n10234	n08246
n10234	n08828
n10234	n08829
n10234	n08830
n10234	n09673
n10234	n09674
n10234	n09675
n10234	n09676
n10234	n09677
n10235	n09295
n10236	n02450
n10236	n05354
n10237	n02408
n10237	n04173
n10237	n06730
n10237	n07752
n10237	n08246
n10237	n08831
n10237	n09678
n10237	n09679
n10238	n02149
n10238	n04053
n10238	n04173
n10238	n04565
n10238	n05343
n10238	n05723
n10238	n06485
n10238	n07028
n10238	n07338
n10238	n07339
n10238	n07340
n10238	n08245
n10238	n08246
n10238	n08828
n10238	n08829
n10239	n09675
n10239	n09682
n10240	n02408
n10240	n04768
n10240	n06730
n10240	n07028
n10240	n07341
n10240	n07752
n10240	n08247
n10240	n08831
n10240	n09678
n10240	n09679
n10240	n09680
n10241	n01438
n10241	n01786
n10241	n07787
n10241	n09874
n10242	n02149
n10242	n02656
n10242	n07338
n10242	n08829
n10242	n09673
n10243	n06730
n10243	n07793
n10243	n08247
n10243	n08269
n10243	n09679
n10243	n09680
n10244	n04508
n10244	n08919
n10244	n09143
n10245	n09067
n10246	n00687
n10246	n01040
n10246	n01057
n10246	n05882
n10246	n06730
n10246	n07752
n10246	n07774
n10246	n08247
n10246	n08831
n10246	n08832
n10246	n09678
n10246	n09679
n10247	n01889
n10247	n02408
n10247	n04768
n10247	n06730
n10247	n07028
n10247	n07341
n10247	n07752
n10247	n08247
n10247	n08831
n10247	n08832
n10247	n09678
n10247	n09679
n10247	n09680
n10248	n03256
n10249	n07356
n10249	n08248
n10249	n08260
n10250	n05025
n10250	n07756
n10250	n09691
n10251	n02656
n10251	n03708
n10252	n02656
n10253	n02656
n10253	n04138
n10253	n05035
n10253	n09746
n10254	n02149
n10254	n02656
n10254	n04173
n10254	n07338
n10254	n08245
n10254	n08829
n10254	n09673
n10255	n05623
n10256	n00193
n10257	n09941
n10258	n04388
n10259	n07352
n10259	n07385
n10259	n09737
n10260	n07136
n10261	n02149
n10261	n04173
n10261	n07338
n10261	n08245
n10261	n08829
n10261	n09673
n10261	n09677
n10262	n04572
n10263	n01356
n10263	n03708
n10264	n09638
n10265	n02656
n10265	n04173
n10265	n06730
n10265	n07752
n10265	n08831
n10265	n09678
n10265	n09679
n10266	n04173
n10266	n08246
n10266	n09678
n10267	n02408
n10268	n09683
n10269	n02149
n10269	n04053
n10269	n04173
n10269	n04565
n10269	n05343
n10269	n05723
n10269	n06485
n10269	n07028
n10269	n07338
n10269	n07339
n10269	n07340
n10269	n08245
n10269	n08246
n10269	n08828
n10269	n08830
n10269	n09673
n10269	n09674
n10269	n09675
n10269	n09676
n10270	n04797
n10270	n05285
n10271	n02149
n10271	n04053
n10271	n04173
n10271	n06485
n10271	n07338
n10271	n08245
n10271	n08829
n10271	n09673
n10272	n06835
n10272	n09674
n10273	n02149
n10273	n04053
n10273	n04173
n10273	n04565
n10273	n05343
n10273	n05723
n10273	n06485
n10273	n07028
n10273	n07338
n10273	n07339
n10273	n07340
n10273	n08245
n10273	n08246
n10273	n08828
n10273	n08830
n10273	n09673
n10273	n09674
n10273	n09675
n10273	n09676
n10273	n09677
n10274	n10094
n10275	n02149
n10275	n04053
n10275	n04173
n10275	n04565
n10275	n05343
n10275	n05723
n10275	n06485
n10275	n07028
n10275	n07338
n10275	n07339
n10275	n07340
n10275	n08245
n10275	n08246
n10275	n08828
n10275	n08829
n10275	n08830
n10275	n09673
n10275	n09674
n10275	n09675
n10275	n09676
n10275	n09677
n10276	n02149
n10276	n08829
n10276	n08853
n10277	n08961
n10277	n09673
n10278	n02149
n10278	n04053
n10278	n04173
n10278	n04565
n10278	n05343
n10278	n05723
n10278	n06485
n10278	n07028
n10278	n07338
n10278	n07339
n10278	n07340
n10278	n08245
n10278	n08246
n10278	n08828
n10278	n08829
n10278	n08830
n10278	n09673
n10278	n09674
n10278	n09675
n10278	n09676
n10278	n09677
n10279	n02149
n10279	n04053
n10279	n04173
n10279	n04565
n10279	n05343
n10279	n05723
n10279	n06485
n10279	n07028
n10279	n07338
n10279	n07339
n10279	n07340
n10279	n08245
n10279	n08246
n10279	n08828
n10279	n08829
n10279	n08830
n10279	n09673
n10279	n09674
n10279	n09675
n10279	n09676
n10279	n09677
n10280	n08258
n10280	n08282
n10281	n02149
n10281	n02656
n10282	n05020
n10282	n08249
n10283	n05615
n10284	n05140
n10284	n08397
n10284	n09680
n10285	n06747
n10285	n09886
n10286	n02149
n10286	n04053
n10286	n04173
n10286	n05343
n10286	n05723
n10286	n06485
n10286	n07338
n10286	n07340
n10286	n08245
n10286	n08246
n10286	n08828
n10286	n08829
n10286	n08830
n10286	n09673
n10286	n09674
n10286	n09675
n10286	n09677
n10287	n01356
n10287	n03708
n10288	n02656
n10288	n04173
n10288	n07338
n10288	n08246
n10288	n08831
n10289	n02795
n10290	n07176
n10290	n08337
n10291	n03527
n10291	n08485
n10292	n02408
n10292	n06730
n10292	n07028
n10292	n07752
n10292	n08247
n10292	n08831
n10293	n02408
n10293	n04054
n10293	n04768
n10293	n05457
n10293	n06730
n10293	n07028
n10293	n07341
n10293	n07752
n10293	n08247
n10293	n08831
n10293	n08832
n10293	n09678
n10293	n09679
n10293	n09680
n10294	n02149
n10294	n02656
n10294	n07338
n10294	n08829
n10294	n09673
n10295	n07762
n10295	n08274
n10295	n09675
n10295	n09677
n10296	n02149
n10296	n04053
n10296	n04173
n10296	n04565
n10296	n05723
n10296	n06485
n10296	n06730
n10296	n07028
n10296	n07339
n10296	n07752
n10296	n08246
n10296	n08247
n10296	n08828
n10296	n08830
n10296	n08831
n10296	n09674
n10296	n09675
n10296	n09676
n10296	n09678
n10296	n09680
n10297	n04565
n10297	n05343
n10297	n09674
n10297	n09675
n10298	n02149
n10298	n04053
n10298	n04173
n10298	n04565
n10298	n05343
n10298	n05723
n10298	n06485
n10298	n07028
n10298	n07338
n10298	n07339
n10298	n07340
n10298	n08245
n10298	n08246
n10298	n08828
n10298	n08830
n10298	n09673
n10298	n09674
n10298	n09675
n10298	n09677
n10299	n02149
n10299	n04053
n10299	n04173
n10299	n04565
n10299	n05343
n10299	n05723
n10299	n06485
n10299	n07028
n10299	n07338
n10299	n07339
n10299	n07340
n10299	n08245
n10299	n08246
n10299	n08828
n10299	n08829
n10299	n08830
n10299	n09673
n10299	n09674
n10299	n09675
n10299	n09677
n10300	n09126
n10300	n09746
n10300	n09771
n10301	n07795
n10301	n07844
n10302	n01344
n10302	n04053
n10302	n04565
n10302	n05343
n10302	n08245
n10303	n04289
n10303	n07338
n10303	n08245
n10303	n09673
n10304	n06062
n10304	n07758
n10304	n09793
n10305	n08402
n10305	n10060
n10306	n01889
n10306	n02408
n10306	n04768
n10306	n06730
n10306	n07028
n10306	n07341
n10306	n07752
n10306	n08247
n10306	n08831
n10306	n09678
n10306	n09679
n10306	n09680
n10307	n01889
n10307	n02408
n10307	n04768
n10307	n06730
n10307	n07028
n10307	n07341
n10307	n07752
n10307	n08247
n10307	n08831
n10307	n08832
n10307	n09678
n10307	n09679
n10307	n09680
n10308	n01889
n10308	n02408
n10308	n04768
n10308	n06730
n10308	n07028
n10308	n07341
n10308	n07752
n10308	n08247
n10308	n08831
n10308	n08832
n10308	n09678
n10308	n09679
n10308	n09680
n10309	n05873
n10310	n02149
n10310	n04053
n10310	n04173
n10310	n04565
n10310	n05343
n10310	n05723
n10310	n06485
n10310	n07028
n10310	n07338
n10310	n07339
n10310	n07340
n10310	n08245
n10310	n08246
n10310	n08828
n10310	n08830
n10310	n09673
n10310	n09674
n10310	n09675
n10310	n09676
n10310	n09677
n10311	n06486
n10311	n08829
n10311	n09677
n10311	n09688
n10312	n05129
n10313	n07033
n10313	n09675
n10314	n04285
n10314	n07164
n10315	n02149
n10315	n04053
n10315	n04173
n10315	n04565
n10315	n05343
n10315	n05723
n10315	n06485
n10315	n07028
n10315	n07338
n10315	n07339
n10315	n07340
n10315	n08245
n10315	n08246
n10315	n08828
n10315	n08829
n10315	n08830
n10315	n09673
n10315	n09674
n10315	n09675
n10315	n09676
n10315	n09677
n10316	n05343
n10316	n05723
n10316	n08828
n10316	n09290
n10316	n09677
n10317	n02408
n10317	n04054
n10317	n05456
n10317	n06730
n10317	n07028
n10317	n07752
n10317	n08247
n10317	n08831
n10317	n09678
n10317	n09679
n10317	n09680
n10318	n02149
n10318	n04053
n10318	n04173
n10318	n04565
n10318	n05343
n10318	n06485
n10318	n07028
n10318	n07339
n10318	n08245
n10318	n08828
n10318	n08830
n10318	n09674
n10318	n09675
n10318	n09676
n10319	n10223
n10320	n04173
n10320	n04565
n10320	n08246
n10320	n08831
n10320	n09674
n10320	n09675
n10321	n02149
n10321	n04053
n10321	n04173
n10321	n04565
n10321	n05343
n10321	n05723
n10321	n06485
n10321	n07028
n10321	n07339
n10321	n08245
n10321	n08246
n10321	n08828
n10321	n08830
n10321	n09674
n10321	n09675
n10321	n09676
n10321	n09677
n10322	n01356
n10323	n06730
n10323	n07752
n10323	n07861
n10323	n08831
n10323	n08832
n10323	n09678
n10324	n05375
n10325	n02656
n10325	n04173
n10325	n04768
n10325	n06485
n10325	n07338
n10325	n07341
n10326	n04173
n10326	n07757
n10327	n02656
n10328	n01084
n10329	n02149
n10329	n04053
n10329	n04173
n10329	n04565
n10329	n05343
n10329	n05723
n10329	n06485
n10329	n07028
n10329	n07338
n10329	n07339
n10329	n07340
n10329	n08245
n10329	n08246
n10329	n08828
n10329	n08829
n10329	n08830
n10329	n09673
n10329	n09676
n10329	n09677
n10330	n06534
n10330	n08319
n10330	n09697
n10331	n07104
n10332	n05869
n10332	n07219
n10332	n08554
n10332	n09607
n10333	n02408
n10333	n04054
n10333	n04768
n10333	n05457
n10333	n06730
n10333	n07028
n10333	n07341
n10333	n07752
n10333	n08247
n10333	n08831
n10333	n08832
n10333	n09678
n10333	n09679
n10333	n09680
n10334	n10136
n10335	n07067
n10336	n09764
n10337	n04955
n10338	n05343
n10338	n09959
n10339	n07339
n10339	n09674
n10339	n09675
n10339	n09676
n10339	n09677
n10339	n09700
n10340	n06119
n10341	n01356
n10342	n07848
n10343	n08839
n10344	n02656
n10344	n04173
n10344	n04768
n10344	n06485
n10344	n07338
n10344	n07341
n10344	n08246
n10344	n08828
n10344	n08831
n10344	n09673
n10345	n01889
n10345	n02408
n10345	n04768
n10345	n06730
n10345	n07028
n10345	n07341
n10345	n07752
n10345	n08247
n10345	n08831
n10345	n08832
n10345	n09678
n10345	n09679
n10345	n09680
n10346	n07478
n10347	n02149
n10347	n02656
n10347	n07338
n10347	n08245
n10347	n08829
n10347	n09673
n10348	n03429
n10348	n06844
n10350	n02656
n10350	n03708
n10351	n06339
n10352	n01356
n10352	n03708
n10353	n05913
n10353	n08829
n10353	n09673
n10353	n09677
n10354	n01682
n10355	n01344
n10355	n04053
n10355	n04565
n10355	n05343
n10355	n08245
n10356	n05737
n10356	n07465
n10356	n08298
n10357	n02149
n10357	n04053
n10357	n04173
n10357	n04565
n10357	n05343
n10357	n05723
n10357	n06485
n10357	n07028
n10357	n07338
n10357	n07339
n10357	n07340
n10357	n08245
n10357	n08246
n10357	n08828
n10357	n08829
n10357	n08830
n10357	n09673
n10357	n09674
n10357	n09676
n10357	n09677
n10359	n01344
n10359	n04053
n10359	n04565
n10359	n05343
n10359	n08245
n10360	n03709
n10360	n04053
n10360	n05343
n10360	n07752
n10360	n09673
n10360	n09674
n10360	n09675
n10360	n09676
n10360	n09680
n10361	n04392
n10362	n06485
n10362	n07752
n10362	n08830
n10362	n09053
n10362	n09674
n10363	n04298
n10364	n01356
n10365	n01344
n10365	n04053
n10365	n04565
n10365	n05343
n10365	n08245
n10366	n02408
n10366	n04054
n10366	n05456
n10366	n06730
n10366	n07028
n10366	n07752
n10366	n08247
n10366	n08831
n10366	n09678
n10366	n09679
n10366	n09680
n10368	n07344
n10368	n09936
n10368	n10107
n10369	n05753
n10370	n05282
n10371	n09891
n10372	n07351
n10373	n04053
n10373	n04565
n10373	n08245
n10373	n09675
n10374	n04173
n10374	n06485
n10374	n07028
n10374	n07339
n10374	n08245
n10374	n08246
n10374	n08828
n10374	n08830
n10374	n09674
n10374	n09675
n10374	n09676
n10375	n10014
n10376	n05582
n10377	n01356
n10377	n03708
n10378	n02656
n10378	n08829
n10379	n10160
n10380	n05167
n10380	n09674
n10381	n02149
n10381	n04053
n10381	n04173
n10381	n04565
n10381	n05343
n10381	n05723
n10381	n06485
n10381	n07028
n10381	n07338
n10381	n07339
n10381	n07340
n10381	n08245
n10381	n08246
n10381	n08828
n10381	n08830
n10381	n09673
n10381	n09674
n10381	n09675
n10381	n09677
n10382	n02149
n10382	n04053
n10382	n04173
n10382	n04565
n10382	n05343
n10382	n05723
n10382	n06485
n10382	n07028
n10382	n07338
n10382	n07339
n10382	n07340
n10382	n08245
n10382	n08246
n10382	n08828
n10382	n08829
n10382	n08830
n10382	n09673
n10382	n09674
n10382	n09675
n10382	n09676
n10382	n09677
n10383	n06108
n10383	n07817
n10384	n01613
n10384	n02916
n10385	n02408
n10385	n04565
n10387	n02149
n10387	n04053
n10387	n04173
n10387	n04565
n10387	n06485
n10387	n07028
n10387	n07339
n10387	n08246
n10387	n08828
n10387	n08830
n10387	n08831
n10387	n09674
n10387	n09675
n10387	n09676
n10387	n09678
n10388	n02408
n10388	n04053
n10388	n04173
n10388	n04565
n10388	n05343
n10388	n06485
n10388	n09674
n10388	n09675
n10389	n05486
n10389	n10018
n10390	n07455
n10390	n09859
n10391	n05508
n10392	n01344
n10392	n04053
n10392	n04565
n10392	n05343
n10392	n08245
n10393	n02656
n10394	n02656
n10395	n04781
n10395	n04942
n10395	n06082
n10396	n02149
n10396	n04053
n10396	n04173
n10396	n04565
n10396	n05343
n10396	n05723
n10396	n06485
n10396	n07028
n10396	n07339
n10396	n07340
n10396	n08245
n10396	n08246
n10396	n08828
n10396	n08830
n10396	n09673
n10396	n09674
n10396	n09675
n10396	n09676
n10396	n09677
n10397	n01344
n10397	n04053
n10397	n04565
n10397	n05343
n10397	n08245
n10397	n09676
n10398	n01344
n10398	n04053
n10398	n04565
n10398	n05343
n10398	n08245
n10399	n09804
n10400	n09295
n10401	n02149
n10401	n04053
n10401	n04173
n10401	n04565
n10401	n05343
n10401	n05723
n10401	n06485
n10401	n07028
n10401	n07338
n10401	n07339
n10401	n07340
n10401	n08245
n10401	n08246
n10401	n08828
n10401	n08829
n10401	n08830
n10401	n09673
n10401	n09674
n10401	n09675
n10401	n09676
n10401	n09677
n10402	n02149
n10402	n05723
n10402	n07338
n10402	n07339
n10402	n07340
n10402	n08245
n10402	n08246
n10402	n08828
n10402	n08829
n10402	n08830
n10402	n09673
n10402	n09674
n10402	n09675
n10402	n09677
n10403	n07146
n10404	n02584
n10404	n07060
n10404	n09777
n10405	n02750
n10405	n02912
n10405	n03526
n10406	n07344
n10406	n08386
n10407	n07937
n10407	n07945
n10408	n08275
n10409	n01344
n10409	n02442
n10409	n06730
n10409	n08831
n10409	n08832
n10409	n09678
n10410	n04053
n10410	n04565
n10410	n05343
n10410	n08245
n10411	n07507
n10411	n08245
n10412	n07081
n10413	n02149
n10413	n04053
n10413	n04173
n10413	n05343
n10413	n05723
n10413	n06485
n10413	n07338
n10413	n07339
n10413	n07340
n10413	n08245
n10413	n08246
n10413	n08828
n10413	n08829
n10413	n09673
n10413	n09676
n10414	n02149
n10414	n04053
n10414	n04173
n10414	n04565
n10414	n05343
n10414	n05723
n10414	n06485
n10414	n07028
n10414	n07338
n10414	n07339
n10414	n07340
n10414	n08245
n10414	n08246
n10414	n08828
n10414	n08829
n10414	n08830
n10414	n09673
n10414	n09676
n10414	n09677
n10415	n08247
n10415	n09679
n10415	n10244
n10416	n03339
n10416	n08245
n10416	n09675
n10417	n05343
n10417	n07412
n10418	n03540
n10418	n07827
n10418	n10123
n10419	n03815
n10419	n05875
n10419	n09673
n10420	n05023
n10420	n06730
n10420	n09680
n10421	n02408
n10421	n08831
n10421	n08923
n10422	n07754
n10422	n09681
n10423	n07081
n10424	n01356
n10425	n03669
n10425	n04173
n10426	n08572
n10427	n03098
n10428	n02149
n10428	n04053
n10428	n05343
n10428	n05723
n10428	n06266
n10428	n07028
n10428	n08830
n10428	n09674
n10428	n09675
n10429	n06550
n10430	n07339
n10430	n09674
n10430	n09675
n10430	n09676
n10430	n09677
n10430	n09700
n10431	n03069
n10432	n09884
n10433	n02748
n10433	n06048
n10433	n07752
n10433	n08831
n10433	n09678
n10434	n01204
n10434	n04716
n10434	n09878
n10435	n09750
n10436	n02408
n10436	n04173
n10436	n04768
n10436	n08246
n10437	n02408
n10437	n04054
n10437	n04768
n10437	n06730
n10437	n07028
n10437	n07341
n10437	n07752
n10437	n08247
n10437	n08831
n10437	n08832
n10437	n09678
n10437	n09679
n10437	n09680
n10438	n02149
n10438	n02656
n10438	n07338
n10438	n08829
n10438	n09673
n10440	n01356
n10440	n03708
n10441	n09945
n10442	n02656
n10443	n04771
n10444	n01356
n10444	n03708
n10445	n02149
n10445	n07338
n10445	n08245
n10445	n08829
n10445	n09673
n10446	n02149
n10446	n07340
n10446	n07788
n10446	n09698
n10447	n06741
n10448	n04173
n10448	n04565
n10448	n08246
n10448	n09674
n10449	n04512
n10449	n08373
n10450	n09261
n10451	n02149
n10451	n07028
n10453	n02149
n10453	n07338
n10453	n08245
n10453	n08246
n10453	n08829
n10453	n08830
n10453	n09673
n10454	n02149
n10454	n07338
n10454	n08245
n10454	n08829
n10454	n09673
n10455	n08567
n10456	n02149
n10456	n04053
n10456	n04173
n10456	n04565
n10456	n05343
n10456	n05723
n10456	n06485
n10456	n07028
n10456	n07338
n10456	n07339
n10456	n07340
n10456	n08245
n10456	n08246
n10456	n08828
n10456	n08829
n10456	n08830
n10456	n09673
n10456	n09674
n10456	n09675
n10456	n09676
n10456	n09677
n10457	n03173
n10458	n10149
n10459	n01356
n10459	n03708
n10460	n02408
n10460	n04768
n10460	n06730
n10460	n07028
n10460	n07752
n10460	n08247
n10460	n08831
n10460	n09678
n10460	n09679
n10461	n07056
n10462	n03527
n10463	n02408
n10463	n04173
n10463	n06730
n10463	n07028
n10463	n07752
n10463	n08246
n10463	n08247
n10463	n08831
n10463	n09678
n10463	n09679
n10464	n01344
n10464	n04053
n10464	n04565
n10464	n05343
n10464	n08245
n10465	n10019
n10466	n05925
n10467	n04770
n10467	n08254
n10468	n00780
n10468	n03566
n10469	n02408
n10469	n07341
n10469	n07752
n10469	n08831
n10469	n09678
n10470	n02149
n10470	n04053
n10470	n04173
n10470	n04565
n10470	n05343
n10470	n05723
n10470	n06485
n10470	n07028
n10470	n07338
n10470	n07339
n10470	n07340
n10470	n08245
n10470	n08246
n10470	n08828
n10470	n08829
n10470	n08830
n10470	n09673
n10470	n09674
n10470	n09675
n10470	n09677
n10471	n02149
n10471	n04053
n10471	n04173
n10471	n04565
n10471	n05343
n10471	n05723
n10471	n06485
n10471	n07028
n10471	n07338
n10471	n07339
n10471	n07340
n10471	n08245
n10471	n08246
n10471	n08828
n10471	n08829
n10471	n08830
n10471	n09673
n10471	n09674
n10471	n09675
n10471	n09677
n10472	n05723
n10472	n06849
n10472	n09676
n10473	n03298
n10473	n07028
n10473	n09674
n10473	n09677
n10474	n02823
n10475	n01356
n10475	n03708
n10476	n01344
n10476	n09891
n10477	n06487
n10477	n07795
n10478	n02149
n10478	n04053
n10478	n04173
n10478	n04565
n10478	n06485
n10478	n06730
n10478	n07028
n10478	n07339
n10478	n08246
n10478	n08247
n10478	n08828
n10478	n08830
n10478	n08831
n10478	n09674
n10478	n09675
n10478	n09676
n10478	n09678
n10479	n09288
n10480	n09009
n10481	n01344
n10481	n04053
n10481	n04565
n10481	n05343
n10482	n02138
n10482	n04007
n10482	n07960
n10483	n02149
n10483	n04053
n10483	n04173
n10483	n04565
n10483	n05343
n10483	n05723
n10483	n06485
n10483	n07028
n10483	n07338
n10483	n07339
n10483	n07340
n10483	n08245
n10483	n08246
n10483	n08828
n10483	n08829
n10483	n08830
n10483	n09673
n10483	n09674
n10483	n09675
n10483	n09676
n10483	n09677
n10484	n02149
n10484	n04053
n10484	n04173
n10484	n04565
n10484	n05343
n10484	n05723
n10484	n06485
n10484	n07028
n10484	n07338
n10484	n07339
n10484	n07340
n10484	n08245
n10484	n08246
n10484	n08828
n10484	n08829
n10484	n08830
n10484	n09673
n10484	n09674
n10484	n09675
n10484	n09676
n10484	n09677
n10485	n08249
n10486	n10307
n10487	n02658
n10487	n07120
n10487	n09803
n10488	n01344
n10488	n04053
n10488	n04565
n10488	n05343
n10488	n08245
n10489	n05873
n10489	n09718
n10490	n10173
n10491	n02149
n10491	n04053
n10491	n04173
n10491	n04565
n10491	n05343
n10491	n05723
n10491	n06485
n10491	n07028
n10491	n07338
n10491	n07339
n10491	n07340
n10491	n08245
n10491	n08246
n10491	n08828
n10491	n08829
n10491	n08830
n10491	n09673
n10491	n09674
n10491	n09675
n10491	n09676
n10491	n09677
n10492	n01344
n10492	n04053
n10492	n04565
n10492	n05343
n10492	n08245
n10493	n05489
n10493	n07032
n10493	n09133
n10494	n10027
n10495	n07338
n10495	n07752
n10495	n08246
n10495	n08846
n10495	n09678
n10495	n09679
n10496	n01344
n10496	n04053
n10496	n04565
n10496	n05343
n10496	n08245
n10496	n09683
n10497	n09244
n10497	n09678
n10498	n01356
n10499	n01344
n10499	n04053
n10499	n04565
n10499	n05343
n10499	n08245
n10500	n07066
n10501	n05057
n10501	n06139
n10502	n06073
n10502	n07787
n10503	n04173
n10503	n07338
n10503	n08246
n10503	n09674
n10504	n06355
n10505	n07963
n10506	n01382
n10506	n03145
n10507	n08936
n10508	n02149
n10508	n04328
n10508	n05723
n10508	n06485
n10508	n07028
n10508	n07340
n10508	n07983
n10508	n08245
n10508	n08828
n10508	n08829
n10508	n09673
n10508	n09677
n10509	n09792
n10510	n07778
n10510	n08251
n10510	n09843
n10511	n02149
n10511	n04053
n10511	n04173
n10511	n04565
n10511	n05343
n10511	n05723
n10511	n06485
n10511	n07028
n10511	n07338
n10511	n07339
n10511	n07340
n10511	n08245
n10511	n08246
n10511	n08828
n10511	n08829
n10511	n08830
n10511	n09673
n10511	n09674
n10511	n09675
n10511	n09676
n10511	n09677
n10512	n10160
n10513	n02149
n10513	n04173
n10513	n04565
n10513	n05343
n10513	n05723
n10513	n06485
n10513	n07028
n10513	n07338
n10513	n07339
n10513	n07340
n10513	n08246
n10513	n08828
n10513	n08829
n10513	n08830
n10513	n09673
n10513	n09674
n10513	n09675
n10513	n09676
n10513	n09677
n10514	n02149
n10514	n04053
n10514	n04173
n10514	n04565
n10514	n05723
n10514	n06485
n10514	n07028
n10514	n07339
n10514	n08246
n10514	n08828
n10514	n08830
n10514	n09673
n10514	n09674
n10514	n09675
n10514	n09676
n10515	n06486
n10515	n07339
n10515	n07340
n10515	n08248
n10515	n08828
n10515	n08829
n10515	n08830
n10515	n09673
n10515	n09676
n10515	n09677
n10516	n02497
n10516	n04139
n10517	n00780
n10517	n03566
n10517	n05936
n10517	n06805
n10518	n02656
n10518	n08828
n10519	n03518
n10519	n07036
n10520	n01356
n10520	n03708
n10521	n05495
n10521	n07043
n10522	n06397
n10523	n02408
n10523	n04054
n10523	n04768
n10523	n06730
n10523	n07028
n10523	n07341
n10523	n07752
n10523	n08247
n10523	n08831
n10523	n08832
n10523	n09678
n10523	n09679
n10523	n09680
n10524	n02408
n10524	n04054
n10524	n04768
n10524	n06730
n10524	n07028
n10524	n07341
n10524	n07752
n10524	n08247
n10524	n08831
n10524	n09678
n10524	n09679
n10524	n09680
n10525	n05132
n10525	n08249
n10526	n10259
n10527	n05484
n10527	n09749
n10528	n05906
n10529	n02105
n10530	n04721
n10530	n07838
n10530	n09677
n10531	n01356
n10532	n04699
n10532	n09007
n10533	n08478
n10534	n04053
n10534	n04565
n10534	n08245
n10534	n10103
n10535	n02408
n10535	n04173
n10535	n04768
n10535	n06730
n10535	n07752
n10535	n08246
n10535	n08247
n10535	n08831
n10535	n09678
n10535	n09679
n10535	n09680
n10536	n02149
n10536	n04053
n10536	n04173
n10536	n04565
n10536	n05343
n10536	n05723
n10536	n06485
n10536	n07028
n10536	n07338
n10536	n07339
n10536	n07340
n10536	n08245
n10536	n08246
n10536	n08828
n10536	n08829
n10536	n08830
n10536	n09673
n10536	n09674
n10536	n09675
n10536	n09676
n10536	n09677
n10537	n02149
n10537	n04053
n10537	n04173
n10537	n04565
n10537	n05343
n10537	n05723
n10537	n06485
n10537	n07028
n10537	n07338
n10537	n07339
n10537	n07340
n10537	n08245
n10537	n08246
n10537	n08828
n10537	n08829
n10537	n08830
n10537	n09673
n10537	n09674
n10537	n09675
n10537	n09676
n10538	n05075
n10538	n06068
n10538	n08246
n10539	n08874
n10539	n09675
n10540	n02656
n10540	n04173
n10540	n04768
n10540	n06485
n10540	n07338
n10540	n07341
n10540	n08246
n10540	n08828
n10540	n08831
n10540	n09673
n10541	n03939
n10541	n09673
n10542	n09048
n10542	n09673
n10543	n08862
n10544	n03097
n10544	n09885
n10545	n01891
n10545	n08857
n10546	n08249
n10547	n04173
n10547	n04565
n10547	n06485
n10547	n07028
n10547	n08830
n10547	n09674
n10547	n09675
n10548	n09604
n10549	n02965
n10549	n07958
n10550	n01344
n10550	n04053
n10550	n04565
n10550	n05343
n10550	n08245
n10551	n01356
n10551	n03708
n10552	n01356
n10552	n03708
n10553	n01356
n10553	n03708
n10555	n01344
n10555	n04053
n10555	n04565
n10555	n05343
n10555	n08245
n10556	n02656
n10556	n04173
n10556	n06730
n10556	n07752
n10556	n08246
n10556	n08831
n10556	n09678
n10556	n09679
n10557	n04173
n10557	n04565
n10557	n06485
n10557	n07028
n10557	n08246
n10557	n08831
n10557	n09674
n10557	n09675
n10558	n04173
n10558	n04565
n10558	n06485
n10558	n07028
n10558	n08246
n10558	n09674
n10558	n09675
n10559	n01294
n10559	n01799
n10560	n02149
n10560	n04053
n10560	n04173
n10560	n04565
n10560	n05343
n10560	n05723
n10560	n06485
n10560	n07028
n10560	n07338
n10560	n07339
n10560	n07340
n10560	n08245
n10560	n08246
n10560	n08828
n10560	n08829
n10560	n08830
n10560	n09673
n10560	n09674
n10560	n09675
n10560	n09676
n10560	n09677
n10561	n01344
n10561	n04053
n10561	n04565
n10561	n05343
n10561	n08245
n10562	n10302
n10563	n02149
n10563	n04053
n10563	n04173
n10563	n04565
n10563	n05343
n10563	n06485
n10563	n07028
n10563	n07340
n10563	n08245
n10563	n08246
n10563	n08829
n10563	n09673
n10563	n09674
n10563	n09675
n10564	n05732
n10564	n05873
n10564	n09803
n10565	n08892
n10565	n08920
n10566	n07118
n10566	n07144
n10567	n02149
n10567	n04053
n10567	n04173
n10567	n04565
n10567	n05343
n10567	n05723
n10567	n06485
n10567	n07028
n10567	n07338
n10567	n07339
n10567	n07340
n10567	n08245
n10567	n08246
n10567	n08828
n10567	n08829
n10567	n08830
n10567	n09673
n10567	n09674
n10567	n09675
n10567	n09676
n10567	n09677
n10568	n04858
n10569	n04858
n10569	n06546
n10569	n09890
n10570	n05794
n10571	n06921
n10572	n01344
n10572	n04053
n10572	n04565
n10572	n05343
n10572	n08245
n10573	n04173
n10573	n08830
n10573	n09674
n10573	n09675
n10574	n02149
n10574	n04053
n10574	n04173
n10574	n04565
n10574	n06485
n10574	n07028
n10574	n07339
n10574	n08245
n10574	n08246
n10574	n08828
n10574	n08829
n10574	n08830
n10574	n09674
n10574	n09675
n10575	n08494
n10575	n09724
n10575	n09795
n10576	n05071
n10576	n05490
n10577	n02149
n10577	n04053
n10577	n04173
n10577	n04565
n10577	n05343
n10577	n05723
n10577	n06485
n10577	n07028
n10577	n07338
n10577	n07339
n10577	n07340
n10577	n08245
n10577	n08246
n10577	n08828
n10577	n08829
n10577	n08830
n10577	n09673
n10577	n09674
n10577	n09675
n10577	n09676
n10577	n09677
n10578	n07455
n10578	n09859
n10579	n02149
n10579	n04053
n10579	n04173
n10579	n04565
n10579	n05343
n10579	n05723
n10579	n06485
n10579	n07028
n10579	n07338
n10579	n07339
n10579	n07340
n10579	n08245
n10579	n08246
n10579	n08828
n10579	n08829
n10579	n08830
n10579	n09673
n10579	n09674
n10579	n09675
n10579	n09676
n10579	n09677
n10580	n02408
n10580	n04768
n10580	n06730
n10580	n07341
n10580	n07752
n10580	n08247
n10580	n08831
n10580	n08832
n10580	n09678
n10580	n09679
n10581	n02408
n10581	n04054
n10581	n05456
n10581	n06730
n10581	n07028
n10581	n07752
n10581	n08247
n10581	n08831
n10581	n09678
n10581	n09679
n10581	n09680
n10582	n02149
n10582	n04053
n10582	n04173
n10582	n04565
n10582	n05343
n10582	n05723
n10582	n06485
n10582	n07028
n10582	n07338
n10582	n07339
n10582	n07340
n10582	n08245
n10582	n08246
n10582	n08828
n10582	n08830
n10582	n09673
n10582	n09674
n10582	n09675
n10582	n09676
n10582	n09677
n10583	n10404
n10584	n01203
n10585	n02527
n10585	n03630
n10586	n02149
n10586	n04053
n10586	n04173
n10586	n04565
n10586	n05723
n10586	n06485
n10586	n06730
n10586	n07028
n10586	n07339
n10586	n07752
n10586	n08246
n10586	n08247
n10586	n08828
n10586	n08830
n10586	n09674
n10586	n09675
n10586	n09676
n10586	n09678
n10586	n09680
n10587	n04851
n10587	n05037
n10588	n01344
n10588	n05343
n10588	n08245
n10589	n05177
n10589	n05343
n10589	n06730
n10589	n07034
n10589	n07752
n10589	n08247
n10589	n08831
n10589	n09678
n10590	n01041
n10590	n06908
n10591	n02149
n10591	n02656
n10591	n07338
n10591	n08829
n10591	n09673
n10592	n03628
n10592	n03770
n10592	n07028
n10593	n08276
n10594	n01344
n10594	n04053
n10594	n04565
n10594	n05343
n10594	n08245
n10595	n02149
n10595	n04053
n10595	n04173
n10595	n04565
n10595	n07028
n10595	n07339
n10595	n07752
n10595	n08246
n10595	n08828
n10595	n08830
n10595	n09674
n10595	n09675
n10595	n09676
n10595	n09678
n10596	n01344
n10596	n04053
n10596	n04565
n10596	n05343
n10596	n08245
n10597	n01084
n10597	n04082
n10597	n06117
n10598	n01344
n10598	n04053
n10598	n04565
n10598	n05343
n10598	n08245
n10598	n09676
n10599	n05571
n10600	n02149
n10600	n04053
n10600	n04173
n10600	n04565
n10600	n05343
n10600	n05723
n10600	n06485
n10600	n07028
n10600	n07338
n10600	n07339
n10600	n07340
n10600	n08245
n10600	n08246
n10600	n08828
n10600	n08829
n10600	n08830
n10600	n09673
n10600	n09674
n10600	n09675
n10600	n09676
n10600	n09677
n10601	n03879
n10601	n08832
n10602	n02149
n10602	n04053
n10602	n04173
n10602	n04565
n10602	n05343
n10602	n05723
n10602	n06485
n10602	n07028
n10602	n07339
n10602	n07340
n10602	n08245
n10602	n08246
n10602	n08828
n10602	n08830
n10602	n09673
n10602	n09674
n10602	n09675
n10602	n09676
n10602	n09677
n10603	n04173
n10603	n05723
n10603	n06485
n10603	n07338
n10603	n07339
n10603	n08246
n10603	n08830
n10603	n08831
n10603	n09676
n10604	n04173
n10604	n06485
n10604	n07338
n10604	n08246
n10604	n08828
n10604	n09673
n10605	n09185
n10606	n01356
n10607	n06495
n10607	n06775
n10607	n06872
n10607	n09843
n10607	n09914
n10607	n10035
n10608	n02149
n10608	n04053
n10608	n04173
n10608	n04565
n10608	n05343
n10608	n05723
n10608	n06485
n10608	n07028
n10608	n07338
n10608	n07339
n10608	n07340
n10608	n08245
n10608	n08246
n10608	n08828
n10608	n08829
n10608	n08830
n10608	n09673
n10608	n09674
n10608	n09675
n10608	n09676
n10608	n09677
n10609	n09154
n10609	n09243
n10610	n01356
n10610	n03708
n10611	n01966
n10611	n04062
n10611	n07031
n10611	n09674
n10611	n09675
n10612	n02149
n10612	n03562
n10612	n04173
n10612	n04565
n10612	n05343
n10612	n05723
n10612	n06485
n10612	n07338
n10612	n07339
n10612	n07752
n10612	n08246
n10612	n08828
n10612	n08830
n10612	n08831
n10612	n09673
n10612	n09674
n10612	n09675
n10612	n09677
n10612	n09680
n10613	n04712
n10613	n05360
n10613	n05598
n10613	n08246
n10613	n09684
n10614	n02149
n10614	n04053
n10614	n04173
n10614	n04565
n10614	n05343
n10614	n05723
n10614	n06485
n10614	n07028
n10614	n07338
n10614	n07339
n10614	n07340
n10614	n08245
n10614	n08828
n10614	n08829
n10614	n08830
n10614	n09673
n10614	n09674
n10614	n09675
n10615	n06522
n10615	n09691
n10615	n10127
n10616	n05973
n10616	n09635
n10616	n10037
n10617	n08245
n10617	n10337
n10618	n02408
n10618	n04173
n10618	n06485
n10618	n07028
n10618	n08246
n10618	n08830
n10618	n08831
n10619	n06200
n10619	n07222
n10620	n07369
n10620	n08374
n10620	n09791
n10621	n02418
n10622	n07779
n10622	n08828
n10622	n09679
n10623	n01889
n10623	n02408
n10623	n04768
n10623	n06730
n10623	n07028
n10623	n07341
n10623	n07752
n10623	n08247
n10623	n08831
n10623	n08832
n10623	n09678
n10623	n09679
n10623	n09680
n10624	n01356
n10624	n03708
n10625	n01356
n10626	n02149
n10626	n04053
n10626	n04173
n10626	n04565
n10626	n05343
n10626	n05723
n10626	n06485
n10626	n07028
n10626	n07338
n10626	n07339
n10626	n07340
n10626	n08245
n10626	n08246
n10626	n08828
n10626	n08829
n10626	n08830
n10626	n09673
n10626	n09674
n10626	n09675
n10626	n09676
n10626	n09677
n10627	n02149
n10627	n04053
n10627	n04173
n10627	n04565
n10627	n05343
n10627	n05723
n10627	n06485
n10627	n07028
n10627	n07338
n10627	n07339
n10627	n07340
n10627	n08245
n10627	n08246
n10627	n08828
n10627	n08829
n10627	n08830
n10627	n09673
n10627	n09674
n10627	n09675
n10627	n09676
n10627	n09677
n10628	n01356
n10628	n08829
n10629	n02149
n10629	n04053
n10629	n04173
n10629	n04565
n10629	n05343
n10629	n05723
n10629	n06485
n10629	n07028
n10629	n07338
n10629	n07339
n10629	n07340
n10629	n08245
n10629	n08246
n10629	n08828
n10629	n08829
n10629	n08830
n10629	n09673
n10629	n09674
n10629	n09675
n10629	n09676
n10629	n09677
n10630	n08353
n10630	n09901
n10630	n10354
n10631	n02149
n10631	n04053
n10631	n04173
n10631	n04565
n10631	n05343
n10631	n05723
n10631	n06485
n10631	n07028
n10631	n07338
n10631	n07339
n10631	n07340
n10631	n08245
n10631	n08246
n10631	n08828
n10631	n08829
n10631	n08830
n10631	n09673
n10631	n09674
n10631	n09675
n10631	n09676
n10631	n09677
n10632	n04226
n10632	n05475
n10632	n07125
n10632	n08946
n10632	n09785
n10633	n02149
n10633	n04053
n10633	n04173
n10633	n04565
n10633	n05343
n10633	n05723
n10633	n06485
n10633	n07338
n10633	n07340
n10633	n08245
n10633	n08246
n10633	n08828
n10633	n08830
n10633	n09673
n10633	n09674
n10633	n09675
n10634	n06732
n10635	n02408
n10635	n02656
n10635	n04173
n10635	n06730
n10635	n07752
n10635	n08246
n10635	n08831
n10635	n09675
n10635	n09678
n10635	n09679
n10636	n01356
n10637	n02149
n10637	n08829
n10637	n08853
n10637	n09673
n10638	n02149
n10638	n04053
n10638	n04173
n10638	n04565
n10638	n05343
n10638	n05723
n10638	n06485
n10638	n07028
n10638	n07338
n10638	n07339
n10638	n07340
n10638	n08245
n10638	n08246
n10638	n08828
n10638	n08829
n10638	n08830
n10638	n09673
n10638	n09674
n10638	n09675
n10638	n09676
n10638	n09677
n10639	n07099
n10639	n09700
n10640	n02149
n10640	n04053
n10640	n04173
n10640	n04565
n10640	n05343
n10640	n05723
n10640	n06485
n10640	n07028
n10640	n07338
n10640	n07339
n10640	n07340
n10640	n08245
n10640	n08246
n10640	n08828
n10640	n08829
n10640	n08830
n10640	n09673
n10640	n09674
n10640	n09675
n10640	n09676
n10640	n09677
n10641	n02149
n10641	n03562
n10641	n06485
n10641	n06730
n10641	n07338
n10641	n07343
n10641	n07752
n10641	n08246
n10641	n08828
n10641	n08830
n10641	n09674
n10641	n09680
n10642	n05375
n10642	n06824
n10643	n03890
n10643	n06494
n10643	n09687
n10645	n02910
n10645	n07047
n10646	n01344
n10646	n04053
n10646	n04565
n10646	n05343
n10646	n08245
n10647	n06732
n10648	n08337
n10648	n08990
n10648	n09764
n10649	n05505
n10650	n04186
n10650	n06595
n10650	n09673
n10651	n01344
n10651	n04053
n10651	n04565
n10651	n05343
n10651	n08245
n10652	n01344
n10652	n04053
n10652	n04565
n10652	n05343
n10652	n08245
n10653	n06730
n10653	n07362
n10653	n07752
n10653	n09678
n10653	n09679
n10653	n10016
n10654	n01344
n10654	n04053
n10654	n04565
n10654	n05343
n10654	n08245
n10655	n02149
n10655	n02656
n10655	n04053
n10655	n04173
n10655	n06485
n10655	n07338
n10655	n08245
n10655	n08828
n10655	n08829
n10655	n09673
n10656	n01356
n10656	n03708
n10657	n07231
n10658	n10057
n10658	n10296
n10659	n06074
n10659	n07341
n10659	n08832
n10659	n09679
n10660	n02656
n10660	n04173
n10660	n06485
n10660	n08246
n10660	n08831
n10661	n10786
n10662	n04173
n10662	n07752
n10662	n08246
n10662	n09675
n10663	n02408
n10663	n04173
n10663	n04768
n10663	n06730
n10663	n07028
n10663	n07752
n10663	n08247
n10663	n08831
n10663	n09675
n10663	n09678
n10663	n09679
n10663	n09680
n10664	n05138
n10664	n07338
n10664	n08245
n10664	n09673
n10665	n09048
n10665	n09673
n10666	n06615
n10666	n06730
n10667	n05954
n10668	n05745
n10668	n06840
n10668	n07345
n10668	n07820
n10668	n09892
n10669	n04053
n10669	n04565
n10669	n05343
n10669	n08245
n10669	n08828
n10669	n09674
n10670	n01344
n10670	n04053
n10670	n04565
n10670	n05343
n10670	n08245
n10671	n07121
n10671	n08415
n10671	n09029
n10672	n02149
n10672	n04053
n10672	n04173
n10672	n04565
n10672	n05343
n10672	n05723
n10672	n06485
n10672	n07028
n10672	n07339
n10672	n08245
n10672	n08246
n10672	n08830
n10672	n09674
n10672	n09675
n10672	n09676
n10672	n09677
n10673	n10232
n10674	n05637
n10674	n07340
n10674	n08829
n10675	n10401
n10676	n02149
n10676	n04053
n10676	n04173
n10676	n04565
n10676	n05343
n10676	n05723
n10676	n06485
n10676	n07028
n10676	n07338
n10676	n07339
n10676	n07340
n10676	n08245
n10676	n08246
n10676	n08828
n10676	n08829
n10676	n08830
n10676	n09673
n10676	n09674
n10676	n09675
n10676	n09676
n10676	n09677
n10677	n03628
n10677	n07028
n10677	n08829
n10678	n02149
n10678	n02656
n10678	n04173
n10678	n07338
n10678	n08245
n10678	n08829
n10678	n09673
n10679	n03433
n10679	n07752
n10680	n02149
n10680	n04053
n10680	n04173
n10680	n04565
n10680	n05343
n10680	n05723
n10680	n06485
n10680	n07028
n10680	n07338
n10680	n07339
n10680	n07340
n10680	n08245
n10680	n08246
n10680	n08828
n10680	n08829
n10680	n08830
n10681	n03308
n10682	n03182
n10682	n05343
n10683	n06526
n10684	n02656
n10685	n05052
n10685	n08288
n10685	n09141
n10686	n02149
n10686	n02656
n10686	n07338
n10686	n07339
n10686	n07340
n10686	n08245
n10686	n08246
n10686	n08829
n10686	n08830
n10686	n09673
n10686	n09675
n10687	n02149
n10687	n04053
n10687	n04173
n10687	n04565
n10687	n05343
n10687	n05723
n10687	n06485
n10687	n07028
n10687	n07339
n10687	n07340
n10687	n08245
n10687	n08246
n10687	n08828
n10687	n08830
n10687	n09673
n10687	n09674
n10687	n09675
n10687	n09676
n10687	n09677
n10688	n02149
n10688	n04053
n10688	n04173
n10688	n04565
n10688	n05343
n10688	n05723
n10688	n06485
n10688	n07028
n10688	n07339
n10688	n08245
n10688	n08246
n10688	n08247
n10688	n08828
n10688	n08830
n10688	n09673
n10688	n09674
n10688	n09675
n10688	n09676
n10688	n09677
n10689	n03815
n10689	n05875
n10689	n09673
n10690	n02408
n10690	n02656
n10690	n06730
n10690	n08831
n10690	n09678
n10690	n09679
n10691	n05390
n10692	n03298
n10692	n08874
n10692	n09829
n10693	n03038
n10694	n03815
n10694	n05875
n10694	n09673
n10695	n04054
n10695	n06571
n10695	n07843
n10695	n08452
n10695	n09680
n10696	n02656
n10696	n07338
n10696	n09673
n10697	n02656
n10698	n06308
n10698	n10080
n10699	n05763
n10700	n02936
n10701	n08504
n10702	n07081
n10702	n08337
n10702	n09683
n10703	n06730
n10703	n09468
n10703	n09673
n10703	n09674
n10704	n10146
n10705	n04173
n10705	n06485
n10705	n08245
n10705	n08246
n10705	n08828
n10706	n06283
n10706	n09680
n10707	n08472
n10707	n09674
n10707	n09677
n10708	n05603
n10708	n07798
n10709	n09942
n10710	n01356
n10710	n03708
n10711	n02913
n10712	n04173
n10712	n04565
n10712	n07028
n10712	n07752
n10712	n08246
n10712	n08830
n10712	n09674
n10712	n09675
n10712	n09680
n10713	n02968
n10713	n08999
n10714	n02149
n10714	n02656
n10714	n04173
n10714	n07338
n10714	n08245
n10714	n08829
n10714	n09673
n10715	n01448
n10716	n10137
n10717	n04173
n10717	n09102
n10717	n09103
n10718	n04173
n10718	n05803
n10719	n03264
n10719	n06782
n10719	n08658
n10720	n07198
n10721	n02149
n10721	n06485
n10721	n07028
n10721	n07752
n10721	n08247
n10721	n09680
n10721	n09855
n10721	n10452
n10722	n02149
n10722	n04053
n10722	n04173
n10722	n04565
n10722	n05343
n10722	n05723
n10722	n06485
n10722	n07028
n10722	n07338
n10722	n07339
n10722	n07340
n10722	n08245
n10722	n08246
n10722	n08828
n10722	n08829
n10722	n08830
n10722	n09673
n10722	n09674
n10722	n09675
n10722	n09676
n10722	n09677
n10723	n02149
n10723	n07338
n10723	n08245
n10723	n08829
n10723	n09673
n10724	n09702
n10725	n07029
n10725	n09266
n10726	n04173
n10726	n06730
n10726	n09049
n10726	n09675
n10726	n09678
n10726	n09680
n10727	n06730
n10727	n06836
n10727	n09678
n10727	n09680
n10728	n04768
n10728	n06485
n10728	n06730
n10728	n07028
n10728	n07341
n10728	n07752
n10728	n08828
n10728	n08831
n10728	n09208
n10728	n09675
n10728	n09680
n10729	n02149
n10729	n04053
n10729	n04173
n10729	n04565
n10729	n05723
n10729	n06485
n10729	n06730
n10729	n07028
n10729	n07339
n10729	n07752
n10729	n08246
n10729	n08247
n10729	n08828
n10729	n08830
n10729	n08831
n10729	n09674
n10729	n09675
n10729	n09676
n10729	n09678
n10729	n09680
n10730	n05723
n10730	n10165
n10731	n06404
n10731	n08891
n10732	n04531
n10732	n04601
n10732	n06537
n10733	n10286
n10734	n09986
n10734	n10314
n10735	n01356
n10735	n07260
n10736	n05490
n10737	n02408
n10737	n04173
n10737	n04565
n10737	n06485
n10737	n06730
n10737	n07028
n10737	n07752
n10737	n08246
n10737	n09674
n10737	n09675
n10737	n09679
n10738	n04925
n10738	n08828
n10738	n08866
n10738	n09674
n10739	n03450
n10740	n03454
n10741	n10080
n10741	n10160
n10742	n03906
n10742	n04803
n10743	n05878
n10744	n02149
n10744	n04053
n10744	n04565
n10744	n05343
n10744	n07340
n10744	n08245
n10744	n09674
n10745	n02149
n10745	n04053
n10745	n04173
n10745	n04565
n10745	n05343
n10745	n05723
n10745	n06485
n10745	n07028
n10745	n07338
n10745	n07339
n10745	n07340
n10745	n08245
n10745	n08246
n10745	n08828
n10745	n08829
n10745	n08830
n10745	n09673
n10745	n09674
n10745	n09675
n10745	n09676
n10745	n09677
n10746	n09678
n10746	n09983
n10747	n04173
n10747	n04565
n10747	n06485
n10747	n07028
n10747	n08246
n10747	n09674
n10747	n09675
n10748	n02408
n10748	n04054
n10748	n05456
n10748	n06730
n10748	n07028
n10748	n07752
n10748	n08247
n10748	n08831
n10748	n09678
n10748	n09679
n10748	n09680
n10749	n01344
n10749	n04053
n10749	n04565
n10749	n05343
n10749	n08245
n10750	n01344
n10751	n02656
n10751	n04173
n10751	n04313
n10751	n08829
n10751	n09673
n10752	n02408
n10752	n04053
n10752	n04565
n10752	n05343
n10753	n05896
n10753	n09791
n10754	n05663
n10755	n06383
n10755	n06633
n10755	n08586
n10755	n09359
n10756	n02408
n10756	n04768
n10756	n06730
n10756	n07028
n10756	n07752
n10756	n08247
n10756	n08828
n10756	n08831
n10756	n09678
n10756	n09679
n10757	n04269
n10758	n02149
n10758	n02656
n10758	n07338
n10758	n08829
n10758	n09673
n10759	n02149
n10759	n04053
n10759	n04173
n10759	n04565
n10759	n06485
n10759	n06730
n10759	n07028
n10759	n07339
n10759	n07752
n10759	n08245
n10759	n08246
n10759	n08247
n10759	n08830
n10759	n08831
n10759	n09675
n10759	n09676
n10759	n09680
n10760	n02149
n10760	n04053
n10760	n04173
n10760	n04565
n10760	n05723
n10760	n06485
n10760	n07028
n10760	n07339
n10760	n08246
n10760	n08828
n10760	n08830
n10760	n09673
n10760	n09674
n10760	n09676
n10761	n02149
n10761	n04053
n10761	n04173
n10761	n04565
n10761	n05343
n10761	n05723
n10761	n06485
n10761	n07028
n10761	n07338
n10761	n07339
n10761	n07340
n10761	n08245
n10761	n08246
n10761	n08828
n10761	n08830
n10761	n09673
n10761	n09674
n10761	n09675
n10761	n09676
n10761	n09677
n10762	n02149
n10762	n04053
n10762	n04173
n10762	n04565
n10762	n05343
n10762	n05723
n10762	n06485
n10762	n07028
n10762	n07338
n10762	n07339
n10762	n07340
n10762	n08245
n10762	n08246
n10762	n08828
n10762	n08829
n10762	n08830
n10762	n09673
n10762	n09674
n10762	n09675
n10762	n09676
n10762	n09677
n10763	n03760
n10764	n03949
n10765	n02149
n10765	n04053
n10765	n04173
n10765	n04565
n10765	n05343
n10765	n05723
n10765	n06485
n10765	n07028
n10765	n07338
n10765	n07339
n10765	n07340
n10765	n08245
n10765	n08246
n10765	n08828
n10765	n08829
n10765	n08830
n10765	n09673
n10765	n09674
n10765	n09675
n10765	n09676
n10765	n09677
n10766	n04054
n10766	n08633
n10766	n09680
n10767	n02149
n10767	n04053
n10767	n04173
n10767	n04565
n10767	n05343
n10767	n05723
n10767	n06485
n10767	n07028
n10767	n07338
n10767	n07339
n10767	n07340
n10767	n08245
n10767	n08246
n10767	n08828
n10767	n08829
n10767	n08830
n10767	n09673
n10767	n09674
n10767	n09675
n10767	n09676
n10767	n09677
n10768	n05020
n10768	n05132
n10768	n09852
n10769	n02218
n10769	n08598
n10770	n07795
n10771	n02656
n10771	n06485
n10771	n06506
n10771	n07338
n10771	n08246
n10772	n03206
n10772	n04597
n10772	n09924
n10772	n10096
n10773	n01344
n10773	n04053
n10773	n04768
n10773	n05343
n10773	n06730
n10773	n07341
n10773	n08831
n10773	n09678
n10774	n03906
n10774	n05723
n10774	n07028
n10774	n07340
n10774	n08830
n10774	n09677
n10775	n07801
n10776	n07966
n10777	n05256
n10777	n07174
n10778	n06053
n10778	n06485
n10778	n07338
n10778	n09673
n10779	n06292
n10779	n08541
n10779	n08878
n10780	n08222
n10780	n08445
n10781	n05896
n10781	n09673
n10782	n07266
n10783	n02149
n10783	n04053
n10783	n04173
n10783	n04565
n10783	n05343
n10783	n05723
n10783	n06485
n10783	n07028
n10783	n07338
n10783	n07339
n10783	n07340
n10783	n08245
n10783	n08246
n10783	n08828
n10783	n08829
n10783	n08830
n10783	n09673
n10783	n09674
n10783	n09676
n10783	n09677
n10784	n03523
n10784	n07073
n10784	n08290
n10785	n01771
n10786	n02185
n10786	n03183
n10787	n02555
n10787	n03001
n10787	n04390
n10787	n05166
n10787	n07047
n10788	n02039
n10788	n03430
n10788	n05019
n10788	n09707
n10789	n10291
n10790	n04053
n10790	n06755
n10790	n08245
n10791	n06057
n10791	n09368
n10792	n03380
n10792	n09673
n10793	n03290
n10794	n03618
