node	size	support	parents	children	n_genes	label	provisional
n00000	102	1.0000	n04257	n01264 n02189 n05266	349		true
n00001	39	1.0000	n04941	n03642 n05763	375		true
n00002	37	1.0000	n01801	n03059 n05701 n06011	375		true
n00003	33	1.0000	n06128	n02159 n03158	145		true
n00004	35	1.0000	n02114	n03953 n05638	873		true
n00005	27	1.0000	n02822	n00011 n05158	94		true
n00006	23	1.0000	n02853	n00953 n02753	125		true
n00007	23	1.0000	n03525	n04200 n05325	708		true
n00008	22	1.0000	n01459 n05947	n00020 n00447	44		true
n00009	22	1.0000	n03238	n01643 n03065 n05972	404		true
n00010	22	1.0000	n04343 n05698	n00412 n01059 n06028	559		true
n00011	21	1.0000	n00005	n02881 n03269	94		true
n00012	20	1.0000	n04688	n00023 n02856	40		true
n00013	19	1.0000	n03092 n05213	n01781 n02287 n02713	213		true
n00014	19	1.0000	n04424	n03897 n04036	928		true
n00015	17	1.0000	n00518	n00031	19		true
n00016	17	1.0000	n02438 n03015 n03180	n03186 n03746	384		true
n00017	19	1.0000	n02505	n02204 n03067 n05017	625		true
n00018	16	1.0000	n01459 n04427	n00036 n03401	1		true
n00019	16	1.0000	n00402	n00696 n01402	88		true
n00020	15	1.0000	n00008	n00088 n00768	2		true
n00021	16	1.0000	n02875 n05317	n01818 n05574	39		true
n00022	15	1.0000	n03419	n00074 n02351 n05454	100		true
n00023	15	1.0000	n00012	n00048 n05509	25		true
n00024	15	1.0000	n03768	n01343 n01692	198		true
n00025	15	1.0000	n06082 n06129	n01152 n02804	347		true
n00026	15	1.0000	n02961 n04684	n00068	64		true
n00027	15	1.0000	n02392 n03098	n00052 n04129	96		true
n00028	16	1.0000	n03460 n03670	n01693 n01852 n03999 n04968	593		true
n00029	16	1.0000	n01885 n01919	n04856 n05918	418		true
n00030	16	1.0000	n06143	n02784 n03795 n04056	24		true
n00031	14	1.0000	n00015	n00698 n02045	19		true
n00032	14	1.0000	n02876 n04527	n00065 n03543	363		true
n00033	15	1.0000	n01998	n03312 n03569	342		true
n00034	14	1.0000	n04634 n04691	n00787 n05878	285		true
n00035	14	1.0000	n02039 n04257	n00790 n02174	328		true
n00036	13	1.0000	n00018	n00118 n04508	1		true
n00037	13	1.0000	n04684	n00884 n00960	68		true
n00038	13	1.0000	n01330	n00799 n02081	117		true
n00039	13	1.0000	n00412 n06028	n00137	310		true
n00040	13	1.0000	n01460	n00110 n04281	242		true
n00041	13	1.0000	n02244 n04640 n05169	n01026 n01208	29		true
n00042	13	1.0000	n03399 n05589 n06086	n00087	744		true
n00043	14	1.0000	n03833	n01213 n03544 n05633	297		true
n00044	13	1.0000	n02660 n05207	n00357 n00379	60		true
n00045	12	1.0000	n04107 n04111 n05490	n00718 n04495	8		true
n00046	12	1.0000	n02282 n03697 n04118	n00318 n02482 n03474	224		true
n00047	12	1.0000	n05334	n00092 n03252	191		true
n00048	12	1.0000	n00023 n02856	n00794 n02008	13		true
n00049	12	1.0000	n03586 n05646	n00297 n02338 n06000	263		true
n00050	13	1.0000	n04951	n01535 n04976	602		true
n00051	12	1.0000	n04036	n01541 n03285	852		true
n00052	12	1.0000	n00027	n00715 n01410	94		true
n00053	12	1.0000	n03425	n00116 n03083	176		true
n00054	12	1.0000	n02162	n00317 n01184	254		true
n00055	11	1.0000	n04034	n00178	4		true
n00056	12	1.0000	n05716	n03320 n05810	71		true
n00057	11	1.0000	n03775	n01419 n01857	40		true
n00058	11	1.0000	n05905	n01151 n03048	42		true
n00059	11	1.0000	n05592	n00304	58		true
n00060	12	1.0000	n02940	n00340 n02449	534		true
n00061	12	1.0000	n03689 n04117 n05261 n05761	n00459 n02971	140		true
n00062	11	1.0000	n02074	n00860 n01004	43		true
n00063	11	1.0000	n01955 n04703 n04745	n00440 n01860	71		true
n00064	11	1.0000	n02925 n03424 n03922	n01043 n03172 n03940	29		true
n00065	11	1.0000	n00032 n05375 n06033	n00890 n02736	362		true
n00066	12	1.0000	n00522	n00438 n01929	104		true
n00067	11	1.0000	n03520 n05840	n01477 n03391 n03518	164		true
n00068	11	1.0000	n00026	n00804 n00904 n04681	52		true
n00069	11	1.0000	n01399	n00625 n04981	54		true
n00070	12	1.0000	n00780	n00445 n03113 n04780	107		true
n00071	11	1.0000	n01809	n00930 n01742	110		true
n00072	11	1.0000	n02990 n06140	n01361 n03053 n03379	98		true
n00073	11	1.0000	n03397	n00378 n02459	64		true
n00074	11	1.0000	n00022	n02892 n05572	66		true
n00075	10	1.0000	n00523	n00181	71		true
n00076	10	1.0000	n05580 n05895	n00545 n05206	45		true
n00077	10	1.0000	n05581 n06134	n00852 n02575 n04628	137		true
n00078	10	1.0000	n03307	n00450 n05677	351		true
n00079	10	1.0000	n03802 n04257	n00931 n02709	182		true
n00080	10	1.0000	n02691	n00192 n04418	119		true
n00081	10	1.0000	n04844 n05449	n00838	165		true
n00082	10	1.0000	n02002 n04317	n00677	689		true
n00083	10	1.0000	n00415 n04396	n01256 n02297	303		true
n00084	10	1.0000	n01954 n05161	n00662	66		true
n00085	10	1.0000	n04276 n04481 n06016	n00196	199		true
n00086	11	1.0000	n02714 n05377 n05596	n02374 n03289	62		true
n00087	12	1.0000	n00042	n03710 n05130	744		true
n00088	9	1.0000	n00020	n01455	1		true
n00089	9	1.0000	n01588 n04038	n00476	157		true
n00090	9	1.0000	n03608	n02658 n03056	10		true
n00091	10	1.0000	n05381	n02270 n05302	21		true
n00092	9	1.0000	n00047	n00899 n03489	191		true
n00093	9	1.0000	n06153	n00481	119		true
n00094	10	1.0000	n03243 n04197	n00771 n03173	125		true
n00095	10	1.0000	n03125 n05430	n05201 n05470	48		true
n00096	9	1.0000	n02882	n00366	355		true
n00097	10	1.0000	n03070	n00253 n01149	163		true
n00098	9	1.0000	n02287 n02713	n00216	208		true
n00099	9	1.0000	n02004 n03159	n00825	101		true
n00100	9	1.0000	n02804	n00502	254		true
n00101	9	1.0000	n01814	n00189	174		true
n00102	9	1.0000	n05226 n06161	n02340	762		true
n00103	9	1.0000	n04791 n05915	n00629	212		true
n00104	9	1.0000	n03023 n05376	n01522 n02488	482		true
n00105	9	1.0000	n04026 n05039	n00381	53		true
n00106	10	1.0000	n03042 n05972	n04214	374		true
n00107	9	1.0000	n02042 n05597	n01309	215		true
n00108	9	1.0000	n00872	n02685 n03261	395		true
n00109	9	1.0000	n03799 n05447	n00505 n01945	126		true
n00110	10	1.0000	n00040	n00592 n02923	224		true
n00111	9	1.0000	n02206 n04228	n00508	75		true
n00112	9	1.0000	n04264	n00231 n01301	243		true
n00113	9	1.0000	n01404	n01113	68		true
n00114	9	1.0000	n01817 n03526	n00351	199		true
n00115	9	1.0000	n02826 n05161	n02924	39		true
n00116	9	1.0000	n00053 n05656	n00497 n02354	172		true
n00117	9	1.0000	n01848 n03128	n01163	976		true
n00118	8	1.0000	n00036 n03401	n00679	1		true
n00119	8	1.0000	n01764 n02931 n05947	n00206	1		true
n00120	8	1.0000	n01849	n00210	8		true
n00121	8	1.0000	n02399	n00211	64		true
n00122	8	1.0000	n02077	n01393	44		true
n00123	8	1.0000	n01772 n05544	n04871	64		true
n00124	8	1.0000	n02552 n02757 n03777	n00207	25		true
n00125	8	1.0000	n00426	n01126	37		true
n00126	8	1.0000	n04278	n02113 n02359	97		true
n00127	8	1.0000	n00281 n04479		380		true
n00128	8	1.0000	n04205 n05602	n00511 n02425	372		true
n00129	8	1.0000	n03803		19		true
n00130	8	1.0000	n02583 n02716	n01375 n01757	23		true
n00131	8	1.0000	n02044	n00675 n03205	50		true
n00132	8	1.0000	n04127 n04713	n00597	655		true
n00133	8	1.0000	n02328 n04684	n00234 n00600	190		true
n00134	8	1.0000	n03075	n03519	95		true
n00135	8	1.0000	n02613	n00670	110		true
n00136	8	1.0000	n01399	n00254	188		true
n00137	8	1.0000	n00039 n01847	n01191	310		true
n00138	8	1.0000	n03312 n03569	n02276 n02318	294		true
n00139	8	1.0000	n00787 n05878	n00664	253		true
n00140	8	1.0000	n02785	n02356	786		true
n00141	8	1.0000	n02080	n05034	112		true
n00142	9	1.0000	n03570	n00766 n02540	105		true
n00143	8	1.0000	n03152 n04799	n00395 n02315	40		true
n00144	8	1.0000	n05923 n06041		412		true
n00145	8	1.0000	n04637	n00950	15		true
n00146	8	1.0000	n03305 n05011	n01070 n02192	54		true
n00147	8	1.0000	n01737		207		true
n00148	9	1.0000	n02715 n05056	n01989 n05028	404		true
n00149	9	1.0000	n00424	n00224 n00848	444		true
n00150	8	1.0000	n02901 n03126	n01622	161		true
n00151	10	1.0000	n04229	n05570	181		true
n00152	8	1.0000	n01337	n01189	78		true
n00153	7	1.0000	n01590		40		true
n00154	7	1.0000	n02784 n03795	n00599	5		true
n00155	7	1.0000	n00696 n04911		15		true
n00156	7	1.0000	n03406 n05793		10		true
n00157	7	1.0000	n06164	n00994	108		true
n00158	7	1.0000	n04741 n05115		47		true
n00159	7	1.0000	n02476 n03780 n03929		51		true
n00160	7	1.0000	n01815 n04318 n05966	n00601	26		true
n00161	7	1.0000	n02400		15		true
n00162	7	1.0000	n03888		43		true
n00163	7	1.0000	n03024 n03223 n03678 n04706	n00250	68		true
n00164	7	1.0000	n02938	n01513	47		true
n00165	7	1.0000	n01271	n00377	209		true
n00166	7	1.0000	n02078 n04133	n00509	22		true
n00167	7	1.0000	n01085 n06166	n00948	62		true
n00168	7	1.0000	n01021 n02330	n00598	81		true
n00169	7	1.0000	n02669 n04257	n01258	621		true
n00170	7	1.0000	n01530 n04231		852		true
n00171	7	1.0000	n01531 n04436		269		true
n00172	7	1.0000	n02948 n03571		37		true
n00173	7	1.0000	n01086 n05585		52		true
n00174	7	1.0000	n04878 n05126		92		true
n00175	7	1.0000	n00285 n03619		74		true
n00176	7	1.0000	n05185 n05360	n01121	115		true
n00177	6	1.0000	n02943		32		true
n00178	6	1.0000	n00055	n00237	4		true
n00179	6	1.0000	n05810		55		true
n00180	6	1.0000	n00794 n02008 n05509		11		true
n00181	6	1.0000	n00075 n04764	n00242	71		true
n00182	6	1.0000	n00609		105		true
n00183	6	1.0000	n02838	n00246	39		true
n00184	6	1.0000	n03271 n03537	n01003	60		true
n00185	6	1.0000	n01801		29		true
n00186	6	1.0000	n03374		199		true
n00187	6	1.0000	n03133	n01009	157		true
n00188	6	1.0000	n00296 n04257		84		true
n00189	6	1.0000	n00101 n05296	n02031	56		true
n00190	6	1.0000	n04613 n06051		29		true
n00191	6	1.0000	n04369 n05418		1863		true
n00192	6	1.0000	n00080 n04766	n02191	78		true
n00193	6	1.0000	n02617 n04762	n00241	216		true
n00194	6	1.0000	n03132 n05603		93		true
n00195	6	1.0000	n03541		1694		true
n00196	6	1.0000	n00085 n03187		199		true
n00197	6	1.0000	n03692 n04328 n05286	n02029	1787		true
n00198	6	1.0000	n00694 n05857		110		true
n00199	6	1.0000	n04080		21		true
n00200	6	1.0000	n04767 n05913		49		true
n00201	6	1.0000	n01087	n01912	67		true
n00202	6	1.0000	n04019		18		true
n00203	6	1.0000	n01342 n04717	n00260	61		true
n00204	6	1.0000	n02213	n01666	35		true
n00205	6	1.0000	n04257	n00261	27		true
n00206	5	1.0000	n00119		1		true
n00207	5	1.0000	n00124		14		true
n00208	5	1.0000	n03509		8		true
n00209	5	1.0000	n03190 n04045 n04090 n04691		52		true
n00210	5	1.0000	n00120		5		true
n00211	5	1.0000	n00121		58		true
n00212	5	1.0000	n02909		21		true
n00213	5	1.0000	n01535		70		true
n00214	5	1.0000	n01699 n05187		17		true
n00215	5	1.0000			159		true
n00216	5	1.0000	n00098 n06049		208		true
n00217	5	1.0000	n03600 n04257		2079		true
n00218	5	1.0000	n05837		28		true
n00219	5	1.0000	n04007 n04359		102		true
n00220	5	1.0000	n01962 n03193		23		true
n00221	5	1.0000	n03226 n03838		27		true
n00222	5	1.0000	n03579 n05756		51		true
n00223	5	1.0000	n02215 n04799		12		true
n00224	5	1.0000	n00149		48		true
n00225	5	1.0000	n00959		234		true
n00226	5	1.0000	n03544		198		true
n00227	4	1.0000	n00621		5		true
n00228	4	1.0000	n01353		48		true
n00229	4	1.0000	n02564 n04802		34		true
n00230	4	1.0000	n05302		20		true
n00231	4	1.0000	n00112		148		true
n00232	4	1.0000	n00526 n04068		13		true
n00233	4	1.0000	n00314		15		true
n00234	4	1.0000	n00133		21		true
n00235	4	1.0000	n00626		48		true
n00236	3	1.0000	n00768		1		true
n00237	3	1.0000	n00178		4		true
n00238	3	1.0000	n01278		25		true
n00239	3	1.0000	n00337		32		true
n00240	3	1.0000	n00357		15		true
n00241	3	1.0000	n00193		57		true
n00242	3	1.0000	n00181		71		true
n00243	3	1.0000	n00345		12		true
n00244	3	1.0000	n03113 n04780		36		true
n00245	3	1.0000	n00340		97		true
n00246	3	1.0000	n00183		32		true
n00247	3	1.0000	n01182		15		true
n00248	3	1.0000	n00971 n05840		210		true
n00249	3	1.0000	n00628		27		true
n00250	3	1.0000	n00163		54		true
n00251	3	1.0000	n00561		125		true
n00252	3	1.0000	n01150 n04669		11		true
n00253	3	1.0000	n00097		32		true
n00254	3	1.0000	n00136		29		true
n00255	3	1.0000	n00352		146		true
n00256	3	1.0000	n00468		321		true
n00257	3	1.0000	n01972 n04512		29		true
n00258	3	1.0000	n00472		41		true
n00259	3	1.0000	n00356		6		true
n00260	3	1.0000	n00203		41		true
n00261	3	1.0000	n00205		23		true
n00262	74	0.9950	n01264	n00263 n05905	348		true
n00263	64	0.9950	n00262	n05315 n05634	348		true
n00264	34	0.9950	n01131	n04793 n05441 n05830 n06050	255		true
n00265	34	0.9950	n01077	n03918 n04461 n05346 n06133	1002		true
n00266	25	0.9950	n03036 n03523	n00433 n02392	461		true
n00267	24	0.9950	n03728 n06127	n00268 n04435	142		true
n00268	21	0.9950	n00267	n03654 n04702	142		true
n00269	20	0.9950	n04193 n04794	n02879 n05539	150		true
n00270	20	0.9950	n03733	n02284 n03340	60		true
n00271	19	0.9950	n04796	n02640 n05051 n05493	580		true
n00272	17	0.9950	n05708	n01144 n04848	134		true
n00273	16	0.9950	n05215	n02758	191		true
n00274	15	0.9950	n02961 n04684	n01336 n02841 n03339	3184		true
n00275	15	0.9950	n02873	n00882 n04807	298		true
n00276	15	0.9950	n02001	n01021 n02330 n03031	86		true
n00277	13	0.9950	n02163 n05048	n01408 n01695	145		true
n00278	12	0.9950	n02611	n00559 n03410	153		true
n00279	12	0.9950	n02545	n01089 n02808 n03542	697		true
n00280	11	0.9950	n04798 n05098	n01214 n01506 n04212	130		true
n00281	11	0.9950	n02939	n00127	380		true
n00282	12	0.9950	n00783	n01154 n02489 n05943	272		true
n00283	12	0.9950	n00417	n01035 n05879	202		true
n00284	11	0.9950	n00782	n00552 n03638	241		true
n00285	11	0.9950	n00784 n04226	n00175	74		true
n00286	12	0.9950	n00689	n05360	127		true
n00287	10	0.9950	n02473	n00398 n01324	34		true
n00288	10	0.9950	n03068	n01707 n04372	114		true
n00289	11	0.9950	n04321 n06012	n00647 n04246	106		true
n00290	10	0.9950	n00954 n03041	n00345 n04334	48		true
n00291	10	0.9950	n03020	n01226 n03057	119		true
n00292	10	0.9950	n00524	n00810	37		true
n00293	10	0.9950	n02609	n01837 n02414	72		true
n00294	11	0.9950	n02665	n02350 n02686 n05476	29		true
n00295	9	0.9950	n04802	n00494	86		true
n00296	9	0.9950	n05496	n00188	103		true
n00297	9	0.9950	n00049	n01509 n02491	263		true
n00298	10	0.9950	n00957 n03928 n04593	n05143	211		true
n00299	9	0.9950	n01997	n03881	97		true
n00300	9	0.9950	n00870	n01389 n02148	43		true
n00301	9	0.9950	n04889 n05816	n00727	142		true
n00302	9	0.9950	n02748	n02569 n03980	171		true
n00303	8	0.9950	n02284	n01263	7		true
n00304	8	0.9950	n00059	n00510	58		true
n00305	9	0.9950	n02693	n04725	567		true
n00306	9	0.9950	n03224 n04792	n01838 n05938	408		true
n00307	8	0.9950	n00786	n00773	15		true
n00308	8	0.9950	n02642 n04707	n00513	257		true
n00309	8	0.9950	n02475	n00739	37		true
n00310	8	0.9950	n02202 n02363		394		true
n00311	8	0.9950	n01331	n00828	52		true
n00312	8	0.9950	n03071 n05838	n00925	68		true
n00313	8	0.9950	n04878	n01880	57		true
n00314	8	0.9950	n04257	n00233	151		true
n00315	8	0.9950	n02783 n05912	n00375	290		true
n00316	8	0.9950	n02944 n04085 n04206	n00397	133		true
n00317	8	0.9950	n00054	n00863	254		true
n00318	7	0.9950	n00046 n05119	n01104	182		true
n00319	7	0.9950	n02362 n03997	n00836	66		true
n00320	7	0.9950	n01591	n00949	37		true
n00321	7	0.9950	n02555 n05257	n01192	42		true
n00322	7	0.9950	n03507 n03699 n03931	n01607	174		true
n00323	7	0.9950	n01339 n04471	n01386	15		true
n00324	7	0.9950	n05459		25		true
n00325	7	0.9950	n05660	n01257	24		true
n00326	7	0.9950	n03778 n05219		51		true
n00327	7	0.9950	n03472 n04490 n04751		229		true
n00328	7	0.9950	n02365 n03618		600		true
n00329	7	0.9950	n02717		86		true
n00330	7	0.9950	n03708		55		true
n00331	7	0.9950	n01533		87		true
n00332	7	0.9950	n03988 n04540 n05724		51		true
n00333	7	0.9950	n04028		33		true
n00334	7	0.9950	n03529	n00400	422		true
n00335	7	0.9950	n04283 n05601	n01075	122		true
n00336	7	0.9950	n02724 n05461	n01169	509		true
n00337	6	0.9950	n03473	n00239	37		true
n00338	6	0.9950	n04541 n04684		69		true
n00339	6	0.9950	n05270		37		true
n00340	6	0.9950	n00060	n00245	192		true
n00341	6	0.9950	n03408	n02035	109		true
n00342	6	0.9950	n03612 n05320		51		true
n00343	6	0.9950	n03530 n05966	n02357	45		true
n00344	6	0.9950	n01145		189		true
n00345	6	0.9950	n00290 n03109	n00243	41		true
n00346	6	0.9950	n02840 n05394		100		true
n00347	6	0.9950	n02442 n02949		2292		true
n00348	6	0.9950	n03831 n04901 n05847		23		true
n00349	6	0.9950	n05111 n05664		143		true
n00350	6	0.9950	n00611 n01854 n03651		363		true
n00351	6	0.9950	n00114 n04446		199		true
n00352	6	0.9950	n02999	n00255	175		true
n00353	6	0.9950	n03400 n03810		257		true
n00354	6	0.9950	n03345 n04858	n02273	535		true
n00355	6	0.9950	n00419	n01799	191		true
n00356	6	0.9950	n02961 n04684	n00259	22		true
n00357	6	0.9950	n00044	n00240	60		true
n00358	6	0.9950	n01822	n01915	81		true
n00359	6	0.9950	n02644 n03073	n00681	59		true
n00360	5	0.9950	n01894 n03654		5		true
n00361	5	0.9950	n03712 n04525		25		true
n00362	5	0.9950	n02616 n02809		97		true
n00363	5	0.9950	n00534 n03594		57		true
n00364	5	0.9950	n05071 n05608 n06055		312		true
n00365	5	0.9950	n02865 n04176		93		true
n00366	5	0.9950	n00096 n04547		289		true
n00367	5	0.9950	n02011		1760		true
n00368	5	0.9950	n01700		58		true
n00369	5	0.9950	n01210		29		true
n00370	5	0.9950	n04577 n04654		179		true
n00371	5	0.9950	n05911		1753		true
n00372	5	0.9950	n01031 n05241		19		true
n00373	4	0.9950	n03254 n05184		20		true
n00374	4	0.9950	n02255 n03613		39		true
n00375	4	0.9950	n00315		240		true
n00376	4	0.9950	n03085		111		true
n00377	3	0.9950	n00165		127		true
n00378	8	0.9950	n00073	n00680	49		true
n00379	7	0.9950	n00044	n00777	7		true
n00380	6	0.9950	n00879 n04174	n01758	101		true
n00381	6	0.9950	n00105	n00865	49		true
n00382	6	0.9950	n02758 n04607		162		true
n00383	5	0.9950	n03995		26		true
n00384	5	0.9950	n02912 n04922		813		true
n00385	4	0.9950	n02220		122		true
n00386	4	0.9950	n03656 n05396		28		true
n00387	3	0.9950	n00541 n03292 n04297		138		true
n00388	6	0.9949	n02753		78		true
n00389	5	0.9949	n01004		37		true
n00390	5	0.9949	n05558		44		true
n00391	4	0.9949	n00429 n01824		3		true
n00392	4	0.9949	n00662		25		true
n00393	4	0.9949	n02366 n04944		33		true
n00394	4	0.9949	n00624		441		true
n00395	5	0.9949	n00143		40		true
n00396	4	0.9949	n03757		211		true
n00397	5	0.9948	n00316		120		true
n00398	5	0.9947	n00287		25		true
n00399	3	0.9944	n00447		1		true
n00400	4	0.9943	n00334		121		true
n00401	94	0.9900	n02961 n04684	n03361 n03663	315		true
n00402	46	0.9900	n04257	n00019 n00403	677		true
n00403	30	0.9900	n00402 n05093	n01804 n03886 n04353	677		true
n00404	23	0.9900	n02436	n01460 n03377	342		true
n00405	22	0.9900	n03767 n04731 n04790	n01920 n04646	357		true
n00406	21	0.9900	n03854	n02582 n04434 n04642	248		true
n00407	19	0.9900	n03212	n01694 n03069	228		true
n00408	20	0.9900	n02984	n01401 n01957 n03573	907		true
n00409	19	0.9900	n04074	n02324	200		true
n00410	16	0.9900	n04194	n02757 n03715 n03777	141		true
n00411	17	0.9900	n01014	n02216 n02587 n02722	77		true
n00412	16	0.9900	n00010	n00039 n01847	320		true
n00413	17	0.9900	n02874 n02961 n04154 n04684	n00524 n03741	67		true
n00414	16	0.9900	n04265	n02079 n02830	920		true
n00415	15	0.9900	n00517 n04695	n00083 n02594 n05290	303		true
n00416	17	0.9900	n02280	n01593 n01821 n03837	236		true
n00417	14	0.9900	n01767	n00283 n04087	202		true
n00418	16	0.9900	n03127	n02863 n03077	321		true
n00419	14	0.9900	n02281 n03832	n00355 n02944	202		true
n00420	14	0.9900	n03038 n04263	n00876 n03621	181		true
n00421	14	0.9900	n04195	n00432 n03743 n06185	185		true
n00422	12	0.9900	n02825	n04048 n05626	96		true
n00423	12	0.9900	n03835 n05108	n00550 n03002	86		true
n00424	12	0.9900	n02283 n03924 n04878	n00149	450		true
n00425	11	0.9900	n02166 n02639	n00704	164		true
n00426	11	0.9900	n03824 n05591	n00125	132		true
n00427	10	0.9900	n05574	n00639 n06070	27		true
n00428	10	0.9900	n01140 n03694	n01252 n01564	398		true
n00429	9	0.9900	n03022	n00391	4		true
n00430	9	0.9900	n03522 n05099	n01571	60		true
n00431	10	0.9900	n04889 n05575	n02656 n04620	88		true
n00432	9	0.9900	n00421	n04304	94		true
n00433	9	0.9900	n00266 n02961	n02267	81		true
n00434	9	0.9900	n01640 n05778	n00653 n01381	220		true
n00435	9	0.9900	n01998 n05769	n02451 n04253	119		true
n00436	9	0.9900	n02288 n02551	n01974	191		true
n00437	8	0.9900	n01959		123		true
n00438	8	0.9900	n00066 n05698	n00507	28		true
n00439	9	0.9900	n02664 n04564	n00911 n02816	82		true
n00440	8	0.9900	n00063	n01194	64		true
n00441	9	0.9900	n03703 n04315	n02054	110		true
n00442	8	0.9900	n04645		35		true
n00443	8	0.9900	n01017 n06083	n00495	34		true
n00444	8	0.9900	n03404 n04712 n04852	n01496 n01562	311		true
n00445	9	0.9900	n00070	n04254	107		true
n00446	8	0.9900	n05446	n00512	38		true
n00447	7	0.9900	n00008	n00399	43		true
n00448	7	0.9900	n00876 n03621	n01000	149		true
n00449	7	0.9900	n04890		58		true
n00450	7	0.9900	n00078		324		true
n00451	7	0.9900	n03407	n00774	63		true
n00452	7	0.9900	n04684	n01504	41		true
n00453	7	0.9900	n01891 n03841	n00763	62		true
n00454	7	0.9900	n02007 n05974		177		true
n00455	7	0.9900	n01809	n01947	129		true
n00456	7	0.9900	n01019	n02316 n02424	562		true
n00457	7	0.9900	n03189 n04500 n05013	n00850	65		true
n00458	6	0.9900	n04342		47		true
n00459	6	0.9900	n00061	n01197	8		true
n00460	6	0.9900	n02406 n05609		41		true
n00461	6	0.9900	n04236		392		true
n00462	6	0.9900	n04633 n04789 n05667		971		true
n00463	7	0.9900	n01896 n05345	n01518 n02062	29		true
n00464	6	0.9900	n02405		221		true
n00465	6	0.9900	n02788		193		true
n00466	6	0.9900	n04048		69		true
n00467	6	0.9900	n04170 n05279		177		true
n00468	6	0.9900	n01536 n02720	n00256	368		true
n00469	6	0.9900	n01537 n05604		159		true
n00470	6	0.9900	n00882 n04807		95		true
n00471	6	0.9900	n03078 n04128	n01948	43		true
n00472	6	0.9900	n04202 n05464	n00258	87		true
n00473	6	0.9900	n02961 n03534 n05979		447		true
n00474	5	0.9900	n04942 n04964		8		true
n00475	5	0.9900	n02127 n05131 n05162		14		true
n00476	5	0.9900	n00089		94		true
n00477	5	0.9900	n02591		14		true
n00478	5	0.9900	n02479 n05016		369		true
n00479	5	0.9900	n03714		145		true
n00480	5	0.9900	n04616 n04913		77		true
n00481	5	0.9900	n00093		89		true
n00482	5	0.9900	n01346 n03993 n04286		55		true
n00483	5	0.9900	n05146 n05709		74		true
n00484	5	0.9900	n03436 n03477		84		true
n00485	5	0.9900	n04113 n04329		15		true
n00486	5	0.9900	n02905 n05493		57		true
n00487	5	0.9900	n03503 n04094 n06045		129		true
n00488	5	0.9900	n05746		34		true
n00489	4	0.9900	n01542		104		true
n00490	4	0.9900	n02297		188		true
n00491	4	0.9900	n04214		70		true
n00492	4	0.9900	n02732 n05485		72		true
n00493	6	0.9899	n05433		50		true
n00494	5	0.9899	n00295		49		true
n00495	5	0.9899	n00443		34		true
n00496	5	0.9899	n00786		11		true
n00497	5	0.9899	n00116 n03083		163		true
n00498	4	0.9899	n00709		36		true
n00499	4	0.9899	n01652 n06067		121		true
n00500	4	0.9899	n01777 n03167		52		true
n00501	4	0.9899	n04055 n05673		329		true
n00502	4	0.9899	n00100 n04370		81		true
n00503	4	0.9899	n04213 n05403		67		true
n00504	6	0.9899	n05274	n02107	56		true
n00505	6	0.9899	n00109		15		true
n00506	5	0.9899	n00789		16		true
n00507	4	0.9899	n00438 n01929		26		true
n00508	4	0.9899	n00111		34		true
n00509	4	0.9897	n00166		14		true
n00510	5	0.9897	n00304		58		true
n00511	5	0.9896	n00128		236		true
n00512	5	0.9896	n00446		38		true
n00513	4	0.9895	n00308		13		true
n00514	4	0.9881	n01476		37		true
n00515	27	0.9850	n05414	n03212 n05020	228		true
n00516	26	0.9850	n02961 n04684	n03465 n03733	72		true
n00517	21	0.9850	n02322	n00415 n01550 n04396	350		true
n00518	20	0.9850	n03394	n00015 n06123	19		true
n00519	16	0.9850	n04352 n05100	n02205	283		true
n00520	16	0.9850	n02899	n02170 n03500 n05064	115		true
n00521	16	0.9850	n03099	n01849 n04723	22		true
n00522	14	0.9850	n03150 n05332	n00066 n04972	104		true
n00523	13	0.9850	n03526 n03563	n00075 n04764 n05523	71		true
n00524	13	0.9850	n00413	n00292 n03286	37		true
n00525	13	0.9850	n05889	n00958 n04824 n05571	201		true
n00526	13	0.9850	n02607	n00232 n00535	75		true
n00527	13	0.9850	n01733	n00608 n03794	184		true
n00528	12	0.9850	n02076 n04031	n00807 n03540	328		true
n00529	12	0.9850	n05222	n01928 n02623 n03237	33		true
n00530	11	0.9850	n01811	n00630 n01228	159		true
n00531	10	0.9850	n03069 n03647	n00641 n02229	67		true
n00532	10	0.9850	n02472	n03287	166		true
n00533	8	0.9850	n03531 n04207	n00988	285		true
n00534	8	0.9850	n02965 n02991 n05780	n00363	67		true
n00535	9	0.9850	n00526	n05881	64		true
n00536	9	0.9850	n01889 n04754	n01785	572		true
n00537	8	0.9850	n01735 n04083	n01670	225		true
n00538	9	0.9850	n02474 n04346	n02418	77		true
n00539	8	0.9850	n04323		77		true
n00540	9	0.9850	n02827 n05887	n03552	603		true
n00541	8	0.9850	n02122	n00387	148		true
n00542	8	0.9850	n05918	n01322	110		true
n00543	7	0.9850	n02670	n01006	82		true
n00544	8	0.9850	n03587 n05506	n02775	322		true
n00545	7	0.9850	n00076	n01576	45		true
n00546	7	0.9850	n04841 n04916	n01196	99		true
n00547	7	0.9850	n02477	n01395	218		true
n00548	7	0.9850	n02641 n02964 n05385		136		true
n00549	7	0.9850	n02202	n00667	90		true
n00550	7	0.9850	n00423 n03863 n05925	n01317	75		true
n00551	7	0.9850	n05210 n05891		110		true
n00552	7	0.9850	n00284		58		true
n00553	7	0.9850	n03108	n00674	108		true
n00554	7	0.9850	n04327 n05446		657		true
n00555	7	0.9850	n04910		58		true
n00556	6	0.9850	n00793 n04759		239		true
n00557	6	0.9850	n03593 n06109	n02033	60		true
n00558	6	0.9850	n00702 n05792	n01579	275		true
n00559	6	0.9850	n00278 n04544	n01261	118		true
n00560	6	0.9850	n05392	n01254	137		true
n00561	6	0.9850	n03443	n00251	229		true
n00562	6	0.9850	n01779 n05386	n01065	27		true
n00563	6	0.9850	n01740 n04611	n01262	73		true
n00564	6	0.9850	n02481	n02034	165		true
n00565	6	0.9850	n03649 n03930	n01725	302		true
n00566	6	0.9850	n02211 n05613	n01458	1424		true
n00567	5	0.9850	n00620 n05361		98		true
n00568	5	0.9850	n04495		8		true
n00569	5	0.9850	n01349		197		true
n00570	5	0.9850	n01594		54		true
n00571	5	0.9850	n04964 n05914		343		true
n00572	5	0.9850	n04564 n06177		19		true
n00573	5	0.9850	n02947 n03441 n03605 n04610		485		true
n00574	5	0.9850	n02367 n05991		621		true
n00575	5	0.9850	n02336		130		true
n00576	5	0.9850	n02593 n03285		116		true
n00577	5	0.9850	n02174 n03796		173		true
n00578	5	0.9850	n00798 n02649		158		true
n00579	5	0.9850	n03516 n04092 n04667		59		true
n00580	4	0.9850	n03655		5		true
n00581	4	0.9850	n00893 n04862		61		true
n00582	4	0.9850	n01859		98		true
n00583	4	0.9850	n03653 n04618		19		true
n00584	4	0.9850	n03140		18		true
n00585	4	0.9850	n00972 n04721		35		true
n00586	4	0.9850	n00973		27		true
n00587	4	0.9850	n03287		166		true
n00588	4	0.9850	n00963 n04580		27		true
n00589	5	0.9849	n02717		89		true
n00590	5	0.9849	n00796 n05395		173		true
n00591	4	0.9849	n00704		159		true
n00592	4	0.9849	n00110 n02950		223		true
n00593	4	0.9849	n03115 n03256		126		true
n00594	5	0.9848	n04807 n05665		287		true
n00595	4	0.9848	n02953 n04334		13		true
n00596	4	0.9848	n01697		45		true
n00597	5	0.9843	n00132		655		true
n00598	4	0.9840	n00168		79		true
n00599	4	0.9832	n00154		5		true
n00600	3	0.9822	n00133		120		true
n00601	4	0.9810	n00160		5		true
n00602	34	0.9800	n01995	n01202 n05267	308		true
n00603	23	0.9800	n03493	n01330 n05233	386		true
n00604	17	0.9800	n03885	n01848 n03128	1314		true
n00605	11	0.9800	n03585	n02843 n03169	232		true
n00606	11	0.9800	n04355	n02598 n03513 n05205	73		true
n00607	11	0.9800	n05283	n00620 n05361	102		true
n00608	11	0.9800	n00527 n04041	n04213 n05403	147		true
n00609	9	0.9800	n05417 n05730	n00182	177		true
n00610	10	0.9800	n01771	n02261 n02919	320		true
n00611	9	0.9800	n01589 n02859	n00350	363		true
n00612	9	0.9800	n02005 n04907	n01362 n03383	140		true
n00613	9	0.9800	n03160	n00829	309		true
n00614	9	0.9800	n01141 n05543		499		true
n00615	9	0.9800	n05293 n05453	n00638 n05359	946		true
n00616	8	0.9800	n00871 n04324	n01551	298		true
n00617	9	0.9800	n01924 n02989	n05408	94		true
n00618	8	0.9800	n01272	n00660 n01259	71		true
n00619	8	0.9800	n02860	n00853	252		true
n00620	8	0.9800	n00607 n04809	n00567	98		true
n00621	7	0.9800	n04640	n00227	6		true
n00622	7	0.9800	n03246 n05732	n00759	53		true
n00623	7	0.9800	n01890		202		true
n00624	7	0.9800	n01770 n05493	n00394	441		true
n00625	7	0.9800	n00069	n01073	40		true
n00626	7	0.9800	n02934	n00235	95		true
n00627	7	0.9800	n00791	n01326	157		true
n00628	6	0.9800	n02726	n00249	42		true
n00629	6	0.9800	n00103	n01917	198		true
n00630	6	0.9800	n00530 n03409		142		true
n00631	6	0.9800	n04431		127		true
n00632	6	0.9800	n02167 n02332 n05183		167		true
n00633	6	0.9800	n02403 n04282 n06036 n06038		95		true
n00634	6	0.9800	n02445 n05554	n01010	455		true
n00635	6	0.9800	n01645 n04535		95		true
n00636	6	0.9800	n03275 n03699 n03865		131		true
n00637	6	0.9800	n03861 n03921 n05184		387		true
n00638	6	0.9800	n00615		547		true
n00639	5	0.9800	n00427 n05019		27		true
n00640	5	0.9800	n03092 n03736 n04518		57		true
n00641	5	0.9800	n00531 n02725		61		true
n00642	5	0.9800	n03346 n03972		494		true
n00643	5	0.9800	n02702 n03164 n03535		66		true
n00644	5	0.9800	n02619 n05928		68		true
n00645	5	0.9800	n03135		44		true
n00646	5	0.9800	n01898 n05839		87		true
n00647	5	0.9800	n00289		106		true
n00648	5	0.9800	n01023 n03785		126		true
n00649	5	0.9800	n01689 n05352		22		true
n00650	5	0.9800	n03314 n03652		75		true
n00651	5	0.9800	n03866		50		true
n00652	5	0.9800	n05570		176		true
n00653	5	0.9800	n00434 n04493		91		true
n00654	4	0.9800	n03749 n03814		33		true
n00655	4	0.9800	n02132		165		true
n00656	4	0.9800	n01654		30		true
n00657	4	0.9800	n04457 n04918		72		true
n00658	4	0.9800	n01090		38		true
n00659	4	0.9800	n00964 n05225		159		true
n00660	4	0.9800	n00618 n03751		69		true
n00661	3	0.9800	n00890		24		true
n00662	7	0.9799	n00084	n00392	54		true
n00663	6	0.9799	n01146	n02313	288		true
n00664	5	0.9799	n00139		253		true
n00665	5	0.9799	n01475 n06111		525		true
n00666	4	0.9799	n03191 n03755 n05401 n05678		238		true
n00667	3	0.9799	n00549		44		true
n00668	5	0.9798	n02074 n03938 n05880		14		true
n00669	4	0.9798	n00887 n03709		140		true
n00670	4	0.9798	n00135		35		true
n00671	3	0.9798	n01544		106		true
n00672	4	0.9797	n04470 n05601		99		true
n00673	3	0.9796	n02975		347		true
n00674	3	0.9796	n00553		19		true
n00675	5	0.9795	n00131		18		true
n00676	4	0.9795	n01770 n02905		230		true
n00677	4	0.9795	n00082		689		true
n00678	4	0.9795	n01216 n03350		17		true
n00679	5	0.9789	n00118		1		true
n00680	5	0.9789	n00378 n02459		43		true
n00681	3	0.9787	n00359		29		true
n00682	3	0.9773	n03849		24		true
n00683	152	0.9750	n02925	n02389 n03209 n04790 n05884	1246		true
n00684	36	0.9750	n02578	n03094 n03366 n04169	478		true
n00685	34	0.9750	n02114 n03011	n01805 n02072	1151		true
n00686	29	0.9750	n03301	n01919 n03496	468		true
n00687	25	0.9750	n02321	n03126 n06022	339		true
n00688	24	0.9750	n01527	n00956 n03307	1708		true
n00689	20	0.9750	n05323	n00286 n02075	230		true
n00690	17	0.9750	n02466	n01337 n01659	231		true
n00691	16	0.9750	n03984 n04733 n04990	n01352 n02397	467		true
n00692	17	0.9750	n03329	n01867 n02005 n04907	297		true
n00693	13	0.9750	n01400	n01466 n04235	344		true
n00694	14	0.9750	n01953 n06147	n00198 n02184 n03327	115		true
n00695	12	0.9750	n00780	n00802 n03655	5		true
n00696	11	0.9750	n00019	n00155 n02030	88		true
n00697	11	0.9750	n03500	n01897 n03006	98		true
n00698	10	0.9750	n00031	n02253 n02659	19		true
n00699	12	0.9750	n04390	n03579 n05756	114		true
n00700	10	0.9750	n04394 n05498	n00822 n02339	75		true
n00701	11	0.9750	n04200 n04756	n01706 n03088	610		true
n00702	9	0.9750	n04172 n04696	n00558	275		true
n00703	10	0.9750	n05499	n01863 n05406	72		true
n00704	8	0.9750	n00425 n02834	n00591	164		true
n00705	8	0.9750	n05060 n05156	n01127	137		true
n00706	8	0.9750	n03470	n01069 n02538	78		true
n00707	8	0.9750	n05417	n00757	268		true
n00708	7	0.9750	n04170		143		true
n00709	7	0.9750	n02722 n04468	n00498	43		true
n00710	7	0.9750	n04230 n04368	n01388	86		true
n00711	7	0.9750	n04663	n01190	385		true
n00712	7	0.9750	n03705 n04325 n05221 n05510	n01452	58		true
n00713	7	0.9750	n01464		193		true
n00714	7	0.9750	n04856		414		true
n00715	7	0.9750	n00052 n02961 n04129	n01726	61		true
n00716	7	0.9750	n02723	n00993	272		true
n00717	7	0.9750	n04080 n04355	n01315	70		true
n00718	6	0.9750	n00045		6		true
n00719	6	0.9750	n04116		61		true
n00720	6	0.9750	n04357		64		true
n00721	6	0.9750	n04366		23		true
n00722	6	0.9750	n03689 n04875 n05128 n05761		70		true
n00723	6	0.9750	n03240 n03799		27		true
n00724	6	0.9750	n03073 n04662	n00769	31		true
n00725	6	0.9750	n02884 n03100 n03438		139		true
n00726	6	0.9750	n04277		61		true
n00727	6	0.9750	n00301		134		true
n00728	6	0.9750	n03994 n05514 n05856	n01798	92		true
n00729	6	0.9750	n04209 n04542	n01313	138		true
n00730	6	0.9750	n02727 n04545 n05238	n01249	1509		true
n00731	5	0.9750	n02961 n04684		9		true
n00732	5	0.9750	n01927 n04175		27		true
n00733	5	0.9750	n04306 n05801		56		true
n00734	5	0.9750	n02002 n02214 n05465		74		true
n00735	5	0.9750	n00792 n05894		13		true
n00736	5	0.9750	n05853		108		true
n00737	5	0.9750	n01692		99		true
n00738	5	0.9750	n03117 n04008		32		true
n00739	5	0.9750	n00309		33		true
n00740	5	0.9750	n03710		135		true
n00741	5	0.9750	n02648 n03941		179		true
n00742	5	0.9750	n01823 n03166		142		true
n00743	4	0.9750	n02645 n05341		4		true
n00744	4	0.9750	n01655		123		true
n00745	4	0.9750	n03754 n05607 n05844		12		true
n00746	4	0.9750	n00968 n03970 n05080 n05186		261		true
n00747	4	0.9750	n00894		111		true
n00748	4	0.9750	n01478		92		true
n00749	4	0.9750	n03630		35		true
n00750	4	0.9750	n01418 n02951		43		true
n00751	4	0.9750	n02843 n03169		116		true
n00752	4	0.9750	n02078		17		true
n00753	4	0.9750	n01416 n04586		49		true
n00754	4	0.9750	n01801 n01932 n04093 n04632		87		true
n00755	4	0.9750	n00803		263		true
n00756	4	0.9750	n04408 n04666 n04984 n05847		63		true
n00757	4	0.9750	n00707 n04998		235		true
n00758	4	0.9750	n05074		35		true
n00759	3	0.9750	n00622 n06066		33		true
n00760	3	0.9750	n01018 n01656		14		true
n00761	5	0.9749	n01595 n03573		54		true
n00762	5	0.9749	n03442 n05272		270		true
n00763	4	0.9749	n00453 n05239		58		true
n00764	4	0.9749	n03944 n04978		365		true
n00765	4	0.9749	n02515 n05685		282		true
n00766	6	0.9747	n00142		105		true
n00767	5	0.9747	n04492 n05935		15		true
n00768	6	0.9745	n00020	n00236	1		true
n00769	3	0.9745	n00724		11		true
n00770	3	0.9744	n04254		41		true
n00771	4	0.9742	n00094		51		true
n00772	3	0.9742	n02350 n05476		8		true
n00773	3	0.9741	n00307		2		true
n00774	3	0.9741	n00451 n01826 n05973		45		true
n00775	3	0.9735	n01966 n04539		8		true
n00776	4	0.9728	n01149		67		true
n00777	4	0.9719	n00379		5		true
n00778	57	0.9700	n03913	n03469 n04786	931		true
n00779	47	0.9700		n01956 n02578 n04178	600		true
n00780	25	0.9700	n03152	n00070 n00695	107		true
n00781	21	0.9700	n04222 n05159	n02880 n04643 n05453	986		true
n00782	17	0.9700	n05037	n00284 n04361	241		true
n00783	15	0.9700	n02961 n04684	n00282 n03860	280		true
n00784	15	0.9700	n03562	n00285 n03619	124		true
n00785	15	0.9700	n05162 n05373	n02512 n05358	182		true
n00786	13	0.9700	n04113 n05106	n00307 n00496	25		true
n00787	11	0.9700	n00034	n00139	285		true
n00788	11	0.9700	n01461	n01480 n02173	201		true
n00789	11	0.9700	n06079	n00506 n01788 n03722	53		true
n00790	12	0.9700	n00035	n02178 n03796	327		true
n00791	11	0.9700	n02361 n03771 n05968	n00627 n02819	157		true
n00792	10	0.9700	n03151 n04999	n00735 n01176	25		true
n00793	9	0.9700	n03221	n00556	239		true
n00794	9	0.9700	n00048	n00180	13		true
n00795	9	0.9700	n01335 n04084	n00820	137		true
n00796	9	0.9700	n02755 n05907	n00590	182		true
n00797	10	0.9700	n03186	n02220	189		true
n00798	9	0.9700	n04124	n00578	167		true
n00799	8	0.9700	n00038 n04959	n01158	69		true
n00800	8	0.9700	n00956	n01045	525		true
n00801	8	0.9700	n02782	n01123	655		true
n00802	7	0.9700	n00695	n01130 n01916	2		true
n00803	7	0.9700	n03278 n05389 n05975	n00755	338		true
n00804	7	0.9700	n00068	n01942	52		true
n00805	7	0.9700	n04226		101		true
n00806	7	0.9700	n01851 n03679		44		true
n00807	7	0.9700	n00528 n05547	n01992	322		true
n00808	7	0.9700	n01088 n05109	n02098	126		true
n00809	7	0.9700	n02126		143		true
n00810	6	0.9700	n00292		6		true
n00811	6	0.9700	n03080 n04353	n01625	55		true
n00812	6	0.9700	n05220 n05549	n01834	24		true
n00813	6	0.9700	n03045 n05001		24		true
n00814	6	0.9700	n02763		30		true
n00815	6	0.9700	n03279 n03338		21		true
n00816	6	0.9700	n00965 n03747		180		true
n00817	5	0.9700	n01801 n04042 n05115		4		true
n00818	5	0.9700	n03626		27		true
n00819	5	0.9700	n04162		13		true
n00820	5	0.9700	n00795 n03273		75		true
n00821	5	0.9700	n03171 n05234		19		true
n00822	5	0.9700	n00700		57		true
n00823	5	0.9700	n03410		50		true
n00824	5	0.9700	n02293		105		true
n00825	5	0.9700	n00099 n04965		61		true
n00826	5	0.9700	n02247 n03168		185		true
n00827	5	0.9700	n03752		434		true
n00828	5	0.9700	n00311		51		true
n00829	5	0.9700	n00613 n02845		293		true
n00830	5	0.9700	n03231 n04128 n05665		388		true
n00831	5	0.9700	n00967 n04617		47		true
n00832	5	0.9700	n04971 n06063		469		true
n00833	4	0.9700	n04097 n05469 n05490		57		true
n00834	4	0.9700	n03446 n04649		19		true
n00835	4	0.9700	n02997 n05563		329		true
n00836	4	0.9700	n00319		66		true
n00837	4	0.9700	n02254		285		true
n00838	4	0.9700	n00081 n01473		93		true
n00839	4	0.9700	n01821 n03904		113		true
n00840	4	0.9700	n02961 n03030		70		true
n00841	4	0.9700	n02046 n05738		19		true
n00842	4	0.9700	n03172 n03940		20		true
n00843	4	0.9700	n02789 n03959 n06187		57		true
n00844	4	0.9700	n03758 n04239		89		true
n00845	4	0.9700	n01280 n04141 n05995		168		true
n00846	4	0.9700	n01277 n04095		111		true
n00847	3	0.9700	n00969 n04006 n05806		23		true
n00848	3	0.9700	n00149		444		true
n00849	3	0.9700	n01867 n03284		250		true
n00850	3	0.9700	n00457 n03194 n06064		23		true
n00851	3	0.9700	n02057 n04245		52		true
n00852	6	0.9698	n00077		62		true
n00853	4	0.9698	n00619		154		true
n00854	4	0.9698	n04062 n04854		14		true
n00855	5	0.9697	n02333		31		true
n00856	4	0.9695	n01273 n05391		73		true
n00857	3	0.9695	n00906 n02840		104		true
n00858	3	0.9695	n03235		57		true
n00859	5	0.9694	n05981		134		true
n00860	4	0.9694	n00062		21		true
n00861	3	0.9694	n01971 n05322		15		true
n00862	3	0.9688	n04550		115		true
n00863	5	0.9681	n00317		67		true
n00864	4	0.9677	n05232		75		true
n00865	3	0.9661	n00381		10		true
n00866	35	0.9650	n03882 n05760	n04385 n06077	238		true
n00867	30	0.9650	n03521 n05149	n04074 n05042	353		true
n00868	24	0.9650	n05827	n05719 n05831	466		true
n00869	16	0.9650	n03667	n01143 n01738	290		true
n00870	12	0.9650	n05829	n00300	46		true
n00871	11	0.9650	n02169	n00616 n02674 n04829	479		true
n00872	12	0.9650	n02988	n00108 n02769	403		true
n00873	12	0.9650	n02467	n01394 n06177	49		true
n00874	13	0.9650	n04439 n05210	n02727 n05238 n05617	2893		true
n00875	11	0.9650	n02286 n03336	n01601 n03084	57		true
n00876	10	0.9650	n00420 n06092	n00448	149		true
n00877	12	0.9650	n03396	n01861 n02175	165		true
n00878	9	0.9650	n03892	n01195	856		true
n00879	9	0.9650	n02741 n02904 n05176	n00380	110		true
n00880	9	0.9650	n01919	n01440	186		true
n00881	9	0.9650	n04956	n01789 n03686	91		true
n00882	9	0.9650	n00275	n00470	97		true
n00883	9	0.9650	n03967	n01064 n01372	50		true
n00884	8	0.9650	n00037	n01325	18		true
n00885	9	0.9650	n02125 n05599 n06081	n02065	33		true
n00886	9	0.9650	n03963	n03174	107		true
n00887	8	0.9650	n04598 n06037	n00669	140		true
n00888	9	0.9650	n02934	n04675	228		true
n00889	8	0.9650	n04837 n05606	n03662	41		true
n00890	7	0.9650	n00065	n00661	149		true
n00891	7	0.9650	n03592 n04156		141		true
n00892	7	0.9650	n05121 n05365		157		true
n00893	7	0.9650	n01407	n00581	81		true
n00894	7	0.9650	n03745 n04202	n00747	403		true
n00895	6	0.9650	n02558		48		true
n00896	6	0.9650	n01022		94		true
n00897	6	0.9650	n01406 n02906 n06103		112		true
n00898	6	0.9650	n01348 n02993		389		true
n00899	6	0.9650	n00092		191		true
n00900	6	0.9650	n04648 n04815	n01384	56		true
n00901	6	0.9650	n05626		40		true
n00902	6	0.9650	n04257		35		true
n00903	6	0.9650	n02402 n04810 n06053		59		true
n00904	6	0.9650	n00068		52		true
n00905	6	0.9650	n04899 n05213		238		true
n00906	6	0.9650	n02329 n03280 n03338 n05070	n00857	146		true
n00907	5	0.9650	n05572		21		true
n00908	5	0.9650	n01767 n03406 n04289		6		true
n00909	5	0.9650	n03377		19		true
n00910	5	0.9650	n01409 n04921		38		true
n00911	5	0.9650	n00439		20		true
n00912	5	0.9650	n01350		196		true
n00913	5	0.9650	n03192 n03341 n04400		105		true
n00914	5	0.9650	n01964 n03001		19		true
n00915	5	0.9650	n01351 n04054		236		true
n00916	5	0.9650	n01209 n04794		48		true
n00917	4	0.9650	n02131 n02764		64		true
n00918	4	0.9650	n02370 n02901		17		true
n00919	4	0.9650	n03196 n05143		86		true
n00920	4	0.9650	n01534 n05560		15		true
n00921	4	0.9650	n03404 n03945		1543		true
n00922	4	0.9650	n03348 n05347		11		true
n00923	4	0.9650	n02513 n04773 n06119		36		true
n00924	4	0.9650	n02625 n04305		11		true
n00925	4	0.9650	n00312 n04152		16		true
n00926	4	0.9650	n01965 n04752		50		true
n00927	4	0.9650	n02814 n03811		251		true
n00928	4	0.9650	n01357 n05990		47		true
n00929	4	0.9650	n04790		17		true
n00930	7	0.9648	n00071		91		true
n00931	7	0.9648	n00079		167		true
n00932	5	0.9648	n02698 n03319 n05503		237		true
n00933	5	0.9648	n03622 n05049		48		true
n00934	4	0.9648	n02335 n04397 n05777		19		true
n00935	4	0.9648	n02399 n05763		15		true
n00936	4	0.9648	n02593 n02740		178		true
n00937	4	0.9648	n02565 n03813		49		true
n00938	4	0.9648	n02777 n04030 n05749		35		true
n00939	4	0.9648	n01774 n03483		168		true
n00940	3	0.9648	n02055 n04318		18		true
n00941	3	0.9648	n03415 n05870		26		true
n00942	3	0.9646	n01218 n05027		29		true
n00943	3	0.9646	n02184 n02866		21		true
n00944	4	0.9645	n00960		63		true
n00945	3	0.9645	n01198 n03949 n04505 n05670		16		true
n00946	5	0.9637	n02205		78		true
n00947	3	0.9637	n02100 n04381 n05991		143		true
n00948	4	0.9636	n00167		61		true
n00949	3	0.9636	n00320		32		true
n00950	3	0.9620	n00145		14		true
n00951	47	0.9600	n02961 n04684	n03666 n03915 n05426	174		true
n00952	19	0.9600	n03668	n03534 n04996	785		true
n00953	17	0.9600	n00006 n03611	n03566 n05053	96		true
n00954	14	0.9600	n03335 n05580	n00290 n06172	81		true
n00955	13	0.9600	n04385	n01023 n03634	134		true
n00956	12	0.9600	n00688 n03800	n00800 n03259 n05202	1494		true
n00957	13	0.9600	n05495	n00298 n03196	306		true
n00958	10	0.9600	n00525	n01542	116		true
n00959	10	0.9600	n03460	n00225	234		true
n00960	9	0.9600	n00037	n00944	63		true
n00961	9	0.9600	n01136 n04960 n05779	n03007	388		true
n00962	9	0.9600	n02881 n05058 n05117	n01005	58		true
n00963	9	0.9600	n02401 n03961 n04565	n00588	73		true
n00964	10	0.9600	n03245 n05327	n00659 n03385	177		true
n00965	9	0.9600	n02041	n00816 n02684	180		true
n00966	8	0.9600	n03862	n01055	83		true
n00967	8	0.9600	n02511	n00831	110		true
n00968	7	0.9600	n06096	n00746	302		true
n00969	7	0.9600	n03840 n04596	n00847	74		true
n00970	7	0.9600	n01334 n02966 n04760	n02060	261		true
n00971	7	0.9600	n02557 n03890	n00248 n02433	801		true
n00972	7	0.9600	n02825 n03933 n04714	n00585	38		true
n00973	7	0.9600	n02692	n00586	35		true
n00974	7	0.9600	n01143 n01738		55		true
n00975	6	0.9600	n02902	n02061	25		true
n00976	6	0.9600	n01694		228		true
n00977	6	0.9600	n01774 n05545 n05911	n02275	1346		true
n00978	6	0.9600	n02444 n04753		468		true
n00979	5	0.9600	n01775 n02969		74		true
n00980	5	0.9600	n04568		20		true
n00981	5	0.9600	n01698		39		true
n00982	5	0.9600	n05147		31		true
n00983	5	0.9600	n01530 n03586		848		true
n00984	5	0.9600	n01773		108		true
n00985	5	0.9600	n02946 n04816 n04908		152		true
n00986	4	0.9600	n03901		24		true
n00987	4	0.9600	n03545		33		true
n00988	4	0.9600	n00533 n02447 n03439		273		true
n00989	4	0.9600	n03447 n03914 n06176		33		true
n00990	4	0.9600	n05629 n05642		26		true
n00991	4	0.9600	n03316 n05072 n05347		12		true
n00992	4	0.9600	n01480 n02173		150		true
n00993	3	0.9600	n00716 n05513		156		true
n00994	3	0.9600	n00157		104		true
n00995	3	0.9600	n05408 n05525		41		true
n00996	3	0.9600	n02736		302		true
n00997	6	0.9598	n03595 n05289		47		true
n00998	5	0.9598	n01089 n02808		697		true
n00999	5	0.9598	n04140 n05511		51		true
n01000	4	0.9598	n00448		114		true
n01001	4	0.9598	n01147 n04919		319		true
n01002	4	0.9598	n01205 n02703		55		true
n01003	3	0.9598	n00184		19		true
n01004	8	0.9596	n00062	n00389	37		true
n01005	5	0.9596	n00962 n04421		49		true
n01006	4	0.9596	n00543		69		true
n01007	4	0.9596	n04060		128		true
n01008	4	0.9594	n02513 n03413		141		true
n01009	3	0.9590	n00187		155		true
n01010	3	0.9588	n00634 n04149		185		true
n01011	46	0.9550	n04189	n03397 n05096	535		true
n01012	29	0.9550	n02607 n04107 n05095	n04265 n05960	930		true
n01013	22	0.9550	n04073	n01137 n02120	169		true
n01014	22	0.9550	n04023	n00411 n04322	86		true
n01015	20	0.9550		n02203 n05964	238		true
n01016	16	0.9550	n03981 n04556	n01647 n02443	276		true
n01017	13	0.9550	n05157	n00443 n01904	118		true
n01018	10	0.9550	n05224	n00760 n04405	68		true
n01019	10	0.9550	n03240 n04429	n00456	607		true
n01020	10	0.9550	n04201 n04362	n02847 n03120 n05875	86		true
n01021	10	0.9550	n00276 n04567	n00168	81		true
n01022	10	0.9550	n02828	n00896 n02577	94		true
n01023	9	0.9550	n00955	n00648	130		true
n01024	9	0.9550	n03680	n01865 n03909	81		true
n01025	10	0.9550	n01634 n03896	n02262 n05629	43		true
n01026	9	0.9550	n00041	n05086	29		true
n01027	8	0.9550	n01138 n05229	n03880	16		true
n01028	8	0.9550	n03770 n04808	n01310	191		true
n01029	8	0.9550	n01340	n01944	475		true
n01030	9	0.9550	n04806 n05661	n03389 n04255	63		true
n01031	8	0.9550	n02284 n03340	n00372	25		true
n01032	7	0.9550	n02589 n04905	n02498	483		true
n01033	7	0.9550	n04167	n01845	26		true
n01034	7	0.9550	n03106		67		true
n01035	7	0.9550	n00283 n04087		197		true
n01036	7	0.9550	n02590 n03040 n05996		146		true
n01037	7	0.9550	n02364 n05829		26		true
n01038	5	0.9550	n02171 n03684		38		true
n01039	5	0.9550	n02560 n02945		29		true
n01040	5	0.9550	n05953 n06153		30		true
n01041	5	0.9550	n01412 n04341		52		true
n01042	5	0.9550	n02561 n05931		151		true
n01043	5	0.9550	n00064		10		true
n01044	5	0.9550	n02835 n05788		56		true
n01045	5	0.9550	n00800 n05202		520		true
n01046	5	0.9550	n01356 n03077		90		true
n01047	4	0.9550	n01208 n06106		5		true
n01048	4	0.9550	n03257 n04813		18		true
n01049	4	0.9550	n03351 n04493		16		true
n01050	4	0.9550	n03114 n04664 n05025 n05075		626		true
n01051	4	0.9550	n03661		41		true
n01052	4	0.9550	n05980		30		true
n01053	4	0.9550	n02208 n03750 n04504		109		true
n01054	4	0.9550	n02730 n04453 n05946		243		true
n01055	4	0.9550	n00966 n05517		54		true
n01056	3	0.9550	n02912 n02972 n04249		412		true
n01057	3	0.9550	n01902 n06160		64		true
n01058	9	0.9548	n04257	n01629 n03258	1499		true
n01059	5	0.9548	n00010		11		true
n01060	4	0.9548	n01211		84		true
n01061	4	0.9548	n01649		270		true
n01062	3	0.9548	n02088 n02701 n02914		54		true
n01063	3	0.9548	n03008 n06107		16		true
n01064	3	0.9548	n00883		35		true
n01065	3	0.9548	n00562		25		true
n01066	3	0.9548	n03763 n03877		137		true
n01067	4	0.9545	n01852 n03999 n04503		97		true
n01068	4	0.9543	n04419		87		true
n01069	3	0.9543	n00706 n03323 n05058		41		true
n01070	5	0.9536	n00146		45		true
n01071	3	0.9536	n02252 n02797		22		true
n01072	3	0.9534	n02561		47		true
n01073	3	0.9531	n00625 n04981		17		true
n01074	4	0.9529	n05424		19		true
n01075	3	0.9529	n00335		45		true
n01076	53	0.9500	n02465	n02927 n03908 n05609	202		true
n01077	56	0.9500	n03092	n00265 n02505 n03300 n04347	1312		true
n01078	30	0.9500	n02871 n04984	n03038 n03884 n05164	341		true
n01079	27	0.9500	n02436 n02852	n02440 n03213	208		true
n01080	22	0.9500	n03639 n04022	n02825 n03933	130		true
n01081	20	0.9500	n03951 n04884	n02665 n05841	39		true
n01082	15	0.9500	n01882	n01404	132		true
n01083	14	0.9500	n01801	n02676 n03471	213		true
n01084	13	0.9500	n04426	n03786 n04236	917		true
n01085	11	0.9500	n04191	n00167	71		true
n01086	11	0.9500	n01801	n00173 n04872	52		true
n01087	12	0.9500	n02391 n04957	n00201 n03051	129		true
n01088	10	0.9500	n03184 n03216 n03499	n00808 n01938	126		true
n01089	9	0.9500	n00279	n00998	697		true
n01090	8	0.9500	n04983 n05921	n00658	416		true
n01091	7	0.9500	n02082	n01667	81		true
n01092	7	0.9500	n04749		57		true
n01093	6	0.9500	n05963	n01515	27		true
n01094	6	0.9500	n01466 n03107		52		true
n01095	6	0.9500	n02043 n03378 n05973		174		true
n01096	6	0.9500	n02075	n01450	153		true
n01097	5	0.9500	n02780 n04394		28		true
n01098	5	0.9500	n02250 n05557 n05828		23		true
n01099	5	0.9500	n02961 n04684		33		true
n01100	5	0.9500	n03808 n04953		504		true
n01101	5	0.9500	n04232		54		true
n01102	5	0.9500	n04744		24		true
n01103	5	0.9500	n03854		34		true
n01104	4	0.9500	n00318 n03474		173		true
n01105	4	0.9500	n02705 n05300		110		true
n01106	4	0.9500	n03812 n05191 n06124		566		true
n01107	4	0.9500	n03208 n03906		38		true
n01108	4	0.9500	n01474 n03846		390		true
n01109	4	0.9500	n01477 n03518		20		true
n01110	4	0.9500	n05227 n05782 n06178		468		true
n01111	4	0.9500	n03530 n04318		23		true
n01112	4	0.9500	n03434		574		true
n01113	4	0.9500	n00113 n05035		68		true
n01114	3	0.9500	n03176		86		true
n01115	4	0.9497	n03716		68		true
n01116	4	0.9497	n01278 n06019		306		true
n01117	4	0.9497	n02372		20		true
n01118	4	0.9497	n04863 n06159		20		true
n01119	3	0.9497	n03174		75		true
n01120	3	0.9497	n02707 n03355		241		true
n01121	3	0.9495	n00176 n03387		28		true
n01122	3	0.9495	n02409 n04973		172		true
n01123	5	0.9492	n00801		32		true
n01124	3	0.9490	n01539 n03913		47		true
n01125	3	0.9487	n01901 n04905		367		true
n01126	4	0.9476	n00125		18		true
n01127	3	0.9476	n00705		18		true
n01128	3	0.9476	n01790		30		true
n01129	3	0.9474	n01485		193		true
n01130	3	0.9465	n00802 n03655		1		true
n01131	39	0.9450	n01801	n00264 n05641	281		true
n01132	40	0.9450		n02903 n03522 n04736 n05099	902		true
n01133	31	0.9450	n02689	n01269 n04164 n04939	90		true
n01134	30	0.9450	n05264	n04690 n05485	1788		true
n01135	23	0.9450	n04257 n04343	n03562 n04226	182		true
n01136	13	0.9450	n01768 n02506	n00961 n01649	591		true
n01137	13	0.9450	n01013	n01773 n03595	142		true
n01138	13	0.9450	n03773	n01027 n03998 n05009	36		true
n01139	13	0.9450	n04257 n05964	n01468 n02836	212		true
n01140	13	0.9450	n05492 n05703 n05835	n00428 n03748	399		true
n01141	14	0.9450	n04996	n00614 n04132	580		true
n01142	12	0.9450	n02395	n01475 n02811	536		true
n01143	12	0.9450	n00869	n00974 n04458	287		true
n01144	11	0.9450	n00272	n03603 n05477	85		true
n01145	10	0.9450	n02761 n05653	n00344 n04979	204		true
n01146	9	0.9450	n03429 n04359 n04698	n00663 n05145	288		true
n01147	9	0.9450	n02478	n01001	385		true
n01148	9	0.9450	n04684	n02850	385		true
n01149	7	0.9450	n00097 n05924	n00776	163		true
n01150	7	0.9450	n02833 n02961 n03934	n00252	145		true
n01151	6	0.9450	n00058		35		true
n01152	6	0.9450	n00025		186		true
n01153	6	0.9450	n01646 n04279		269		true
n01154	6	0.9450	n00282		271		true
n01155	6	0.9450	n02327	n02226	30		true
n01156	6	0.9450	n04351 n04573	n02348	564		true
n01157	6	0.9450	n05615		73		true
n01158	5	0.9450	n00799		69		true
n01159	5	0.9450	n04763		59		true
n01160	5	0.9450	n01472		26		true
n01161	5	0.9450	n03861		41		true
n01162	5	0.9450	n03223 n03510		46		true
n01163	5	0.9450	n00117		781		true
n01164	5	0.9450	n03195		34		true
n01165	5	0.9450	n03000 n05130		744		true
n01166	5	0.9450	n01271		114		true
n01167	4	0.9450	n05515		872		true
n01168	4	0.9450	n01695 n04099		60		true
n01169	4	0.9450	n00336 n05357		488		true
n01170	4	0.9450	n02333 n05999		12		true
n01171	4	0.9450	n02369 n03449		333		true
n01172	4	0.9450	n02514 n03718 n04256 n05674		28		true
n01173	4	0.9450	n03029 n03575		34		true
n01174	3	0.9450	n04031 n05811		14		true
n01175	3	0.9450	n03553 n05193 n05750		45		true
n01176	5	0.9447	n00792 n02998 n05262		13		true
n01177	4	0.9447	n02793		17		true
n01178	4	0.9447	n02727 n05617		1894		true
n01179	4	0.9447	n02841 n03339		1779		true
n01180	3	0.9447	n06188		15		true
n01181	3	0.9447	n03552		601		true
n01182	6	0.9444	n02361	n00247	24		true
n01183	5	0.9444	n01884		32		true
n01184	4	0.9442	n00054		17		true
n01185	3	0.9442	n04727 n05207		34		true
n01186	3	0.9442	n02928 n03485		21		true
n01187	3	0.9442	n01484 n04336		1123		true
n01188	4	0.9439	n03974		4		true
n01189	4	0.9439	n00152 n02576		76		true
n01190	3	0.9439	n00711 n02646 n05688		244		true
n01191	3	0.9436	n00137 n04257		77		true
n01192	4	0.9433	n00321 n04467		27		true
n01193	3	0.9433	n02892		41		true
n01194	4	0.9427	n00440		18		true
n01195	3	0.9427	n00878 n03290		774		true
n01196	3	0.9418	n00546 n01678 n03618		33		true
n01197	3	0.9412	n00459		4		true
n01198	108	0.9400	n02821	n00945 n03360 n04138 n05420	1306		true
n01199	46	0.9400	n04423 n05575	n03724 n03920	527		true
n01200	25	0.9400	n03151 n04880 n05262	n02750 n04742	95		true
n01201	21	0.9400	n04070 n05423	n02395 n02812	641		true
n01202	13	0.9400	n00602 n03422	n01776 n02910	103		true
n01203	14	0.9400	n04560 n04891	n02761	248		true
n01204	12	0.9400	n02584	n01775 n02969	77		true
n01205	11	0.9400	n02753 n05053	n01002 n05074	83		true
n01206	11	0.9400	n03305	n01482 n02299	331		true
n01207	9	0.9400	n02245	n01295	67		true
n01208	9	0.9400	n00041	n01047	15		true
n01209	9	0.9400	n04698	n00916 n04674	112		true
n01210	8	0.9400	n01643	n00369	45		true
n01211	8	0.9400	n04489 n04538 n05589	n01060 n04587	168		true
n01212	8	0.9400	n01642		85		true
n01213	8	0.9400	n00043 n05842	n01260	200		true
n01214	7	0.9400	n00280	n01878	82		true
n01215	7	0.9400	n04914	n01255	33		true
n01216	7	0.9400	n01961 n05348	n00678	47		true
n01217	7	0.9400	n03471	n01253	209		true
n01218	6	0.9400	n05388	n00942	94		true
n01219	6	0.9400	n04661 n06036		572		true
n01220	6	0.9400	n01468 n02836 n02907		167		true
n01221	6	0.9400	n04499		104		true
n01222	5	0.9400	n03798		45		true
n01223	5	0.9400	n03581 n04143		291		true
n01224	5	0.9400	n04233 n04330		72		true
n01225	5	0.9400	n03137 n04136		45		true
n01226	5	0.9400	n00291 n05983		75		true
n01227	5	0.9400	n01926 n05611		132		true
n01228	5	0.9400	n00530 n05663		38		true
n01229	5	0.9400	n02766 n05664		1065		true
n01230	5	0.9400	n02886		28		true
n01231	4	0.9400	n06105		36		true
n01232	4	0.9400	n04405		25		true
n01233	4	0.9400	n03440 n03869 n05676		145		true
n01234	4	0.9400	n03698 n04181 n05564		17		true
n01235	4	0.9400	n01692 n03232		114		true
n01236	4	0.9400	n01414 n04039		291		true
n01237	4	0.9400	n02084		47		true
n01238	4	0.9400	n06086		53		true
n01239	4	0.9400	n03768 n05286		43		true
n01240	4	0.9400	n02974 n04781		48		true
n01241	4	0.9400	n01967		23		true
n01242	4	0.9400	n02888 n05519 n06170		133		true
n01243	4	0.9400	n02251 n03479		29		true
n01244	4	0.9400	n02792 n05301		34		true
n01245	4	0.9400	n03412 n05566 n06173		164		true
n01246	4	0.9400	n02704 n05237		194		true
n01247	4	0.9400	n03005 n03697		37		true
n01248	3	0.9400	n02771 n04722		391		true
n01249	3	0.9400	n00730		1335		true
n01250	5	0.9397	n02639		17		true
n01251	5	0.9397	n03342 n04322		23		true
n01252	5	0.9397	n00428 n03748		103		true
n01253	4	0.9397	n01217 n02012		150		true
n01254	3	0.9397	n00560		129		true
n01255	3	0.9397	n01215 n04005		20		true
n01256	3	0.9397	n00083 n02594		90		true
n01257	4	0.9396	n00325		14		true
n01258	3	0.9394	n00169 n06068		143		true
n01259	3	0.9394	n00618 n03515		15		true
n01260	3	0.9391	n01213 n05633		20		true
n01261	3	0.9388	n00559 n05472		9		true
n01262	3	0.9381	n00563 n05407 n05740		63		true
n01263	3	0.9375	n00303 n05241		1		true
n01264	83	0.9350	n00000	n00262 n03342	349		true
n01265	30	0.9350	n02744	n04109 n04161	1038		true
n01266	25	0.9350	n04985	n01530 n06138	1354		true
n01267	23	0.9350	n04834	n01922 n02200	277		true
n01268	22	0.9350	n02712	n03157 n03564	558		true
n01269	16	0.9350	n01133 n03239	n03591 n05063	78		true
n01270	14	0.9350	n04837	n01705 n03995	87		true
n01271	13	0.9350	n04843	n00165 n01166	283		true
n01272	11	0.9350	n04804	n00618 n03515	113		true
n01273	9	0.9350	n04484 n05451	n00856	74		true
n01274	10	0.9350	n04705 n04958	n03661	100		true
n01275	9	0.9350	n03103 n04758 n04899	n03176	209		true
n01276	9	0.9350	n02803 n05219	n03720	225		true
n01277	8	0.9350	n02246	n00846	128		true
n01278	7	0.9350	n04739	n00238 n01116	323		true
n01279	7	0.9350	n04477	n02153 n02237	177		true
n01280	7	0.9350	n01405 n04849	n00845	168		true
n01281	6	0.9350	n02083 n05734		410		true
n01282	6	0.9350	n02128 n03805		50		true
n01283	6	0.9350	n01739 n05930	n02156	29		true
n01284	6	0.9350	n01465 n04938		52		true
n01285	6	0.9350	n02443	n02320	163		true
n01286	6	0.9350	n01352 n02397	n02355	273		true
n01287	5	0.9350	n03165		40		true
n01288	5	0.9350	n04452 n05507		84		true
n01289	5	0.9350	n02805 n03180 n04449		72		true
n01290	5	0.9350	n02807		101		true
n01291	4	0.9350	n03162 n05865		38		true
n01292	4	0.9350	n04294		20		true
n01293	4	0.9350	n04009 n04304		71		true
n01294	4	0.9350	n01691		169		true
n01295	4	0.9350	n01207 n02252		12		true
n01296	4	0.9350	n02945		85		true
n01297	4	0.9350	n03476		160		true
n01298	4	0.9350	n01894 n04619		139		true
n01299	4	0.9350	n02133 n02650		146		true
n01300	4	0.9350	n04516		64		true
n01301	4	0.9350	n00112		114		true
n01302	4	0.9350	n02844 n03110 n05249		137		true
n01303	4	0.9350	n02013 n03092 n06112		65		true
n01304	3	0.9350	n02627 n04004		19		true
n01305	3	0.9350	n02089 n05300		43		true
n01306	3	0.9350	n03169 n04413		232		true
n01307	3	0.9350	n03717 n04144		57		true
n01308	3	0.9350	n04682		46		true
n01309	5	0.9347	n00107		200		true
n01310	4	0.9347	n01028 n05997		30		true
n01311	4	0.9347	n02050 n04332		15		true
n01312	3	0.9347	n01596 n02673		29		true
n01313	3	0.9347	n00729		108		true
n01314	3	0.9347	n02883 n02958 n03824 n03905		23		true
n01315	4	0.9343	n00717		13		true
n01316	4	0.9343	n02363		535		true
n01317	3	0.9343	n00550		17		true
n01318	3	0.9343	n02258 n03111 n04932		97		true
n01319	3	0.9343	n03881		16		true
n01320	3	0.9343	n02299		331		true
n01321	3	0.9340	n01358 n04820		26		true
n01322	5	0.9333	n00542		60		true
n01323	4	0.9330	n05399 n05545		414		true
n01324	3	0.9330	n00287 n02913 n04034		25		true
n01325	3	0.9326	n00884		13		true
n01326	3	0.9309	n00627		33		true
n01327	56	0.9300	n04942	n04384 n04944	991		true
n01328	21	0.9300	n03417	n01768 n02506	612		true
n01329	19	0.9300	n03559	n02167 n03185 n04040	222		true
n01330	18	0.9300	n00603	n00038 n01557	135		true
n01331	17	0.9300	n01684	n00311 n02010	443		true
n01332	17	0.9300	n02503 n03669	n01891 n02692	129		true
n01333	15	0.9300	n04684	n01895 n04570	90		true
n01334	15	0.9300	n03672 n04595	n00970 n03862	306		true
n01335	15	0.9300	n01952 n05818	n00795 n01709 n03273	137		true
n01336	12	0.9300	n00274	n03381 n04211	1924		true
n01337	12	0.9300	n00690 n04562	n00152 n02576	231		true
n01338	11	0.9300	n03567	n02051 n02673	92		true
n01339	11	0.9300	n05817	n00323 n04929	26		true
n01340	11	0.9300	n05276 n06132	n01029 n01828	479		true
n01341	11	0.9300	n03648 n06155	n01899 n03601 n03978	145		true
n01342	11	0.9300	n04480	n00203	128		true
n01343	10	0.9300	n00024	n02450 n03232	151		true
n01344	11	0.9300	n01636	n02255	76		true
n01345	10	0.9300	n02933	n02256 n03453	240		true
n01346	10	0.9300	n01920 n04646	n00482	354		true
n01347	11	0.9300	n01769 n03617	n04577	380		true
n01348	9	0.9300	n03781 n05926	n00898 n03144	924		true
n01349	8	0.9300	n03650 n04644 n05006	n00569	487		true
n01350	8	0.9300	n03248	n00912	242		true
n01351	8	0.9300	n02207 n04445 n05920	n00915	645		true
n01352	9	0.9300	n00691 n04130	n01286	419		true
n01353	7	0.9300	n03306 n03704	n00228	57		true
n01354	7	0.9300	n03131 n03241 n05178 n05287		33		true
n01355	7	0.9300	n01586	n02499	28		true
n01356	8	0.9300	n05671	n01046	92		true
n01357	7	0.9300	n03572	n00928	84		true
n01358	6	0.9300	n03867	n01321	26		true
n01359	6	0.9300	n03996 n05652	n01714	21		true
n01360	6	0.9300	n01801		168		true
n01361	6	0.9300	n00072	n02190 n02537	72		true
n01362	6	0.9300	n00612 n03284	n01843	114		true
n01363	5	0.9300	n03711 n03756 n04747		30		true
n01364	5	0.9300	n02172 n03027 n04142		55		true
n01365	5	0.9300	n02677		1938		true
n01366	4	0.9300	n02216 n04468		19		true
n01367	4	0.9300	n03028 n04866 n05120		139		true
n01368	4	0.9300	n02599 n04012		258		true
n01369	4	0.9300	n05188		45		true
n01370	4	0.9300	n03633 n04407		50		true
n01371	4	0.9300	n01460 n03377		27		true
n01372	4	0.9300	n00883		21		true
n01373	4	0.9300	n03381 n04211		683		true
n01374	4	0.9300	n04670		78		true
n01375	3	0.9300	n00130		8		true
n01376	3	0.9300	n01421 n05689		269		true
n01377	3	0.9300	n01415 n03170		10		true
n01378	3	0.9300	n02739		1668		true
n01379	3	0.9300	n03034 n05755		34		true
n01380	4	0.9296	n03002		15		true
n01381	4	0.9296	n00434		178		true
n01382	4	0.9296	n05603 n05610		173		true
n01383	4	0.9296	n01598 n04842 n04961		2591		true
n01384	3	0.9296	n00900		35		true
n01385	3	0.9296	n03202 n04461 n05346		26		true
n01386	3	0.9296	n00323 n04929		15		true
n01387	4	0.9293	n02298 n03713 n04383		80		true
n01388	3	0.9289	n00710		60		true
n01389	6	0.9286	n00300		29		true
n01390	3	0.9286	n01787 n03362		32		true
n01391	4	0.9282	n06070		23		true
n01392	3	0.9278	n03908 n04057 n05391 n05714		89		true
n01393	4	0.9277	n00122		29		true
n01394	4	0.9274	n00873		6		true
n01395	3	0.9270	n00547 n04874		142		true
n01396	4	0.9267	n02886 n04863		40		true
n01397	28	0.9250	n04520	n02242 n05044	285		true
n01398	24	0.9250	n02871 n04388 n05368	n03567 n05772	235		true
n01399	19	0.9250	n02961 n04684	n00069 n00136	218		true
n01400	17	0.9250	n03096 n04740	n00693 n03779	346		true
n01401	15	0.9250	n00408	n03130	863		true
n01402	13	0.9250	n00019	n02236 n04911	15		true
n01403	14	0.9250	n05960	n02478 n04919	484		true
n01404	12	0.9250	n01082	n00113 n05035	132		true
n01405	12	0.9250	n02121	n01280 n04141 n05745	296		true
n01406	10	0.9250	n03501 n04838	n00897	227		true
n01407	11	0.9250	n05970	n00893 n04415 n04862	102		true
n01408	9	0.9250	n00277 n06040	n04099	123		true
n01409	9	0.9250	n02695 n04997	n00910 n04683	59		true
n01410	9	0.9250	n00052		93		true
n01411	9	0.9250	n03991 n06158	n01973	2126		true
n01412	8	0.9250	n02829 n04631	n01041	59		true
n01413	7	0.9250	n03932		162		true
n01414	7	0.9250	n04656 n05335	n01236	569		true
n01415	7	0.9250	n03591	n01377	18		true
n01416	7	0.9250	n01532 n05739	n00753	78		true
n01417	7	0.9250	n06168		1836		true
n01418	7	0.9250	n03225	n00750	240		true
n01419	6	0.9250	n00057	n01949	40		true
n01420	6	0.9250	n02946 n04645	n02189	66		true
n01421	6	0.9250	n02897 n05099 n05127	n01376	774		true
n01422	6	0.9250	n03899 n04002	n01623	166		true
n01423	6	0.9250	n01925		70		true
n01424	6	0.9250	n05174	n01729	49		true
n01425	6	0.9250	n05177		32		true
n01426	5	0.9250	n05349 n05844		103		true
n01427	5	0.9250	n03162 n06107		127		true
n01428	5	0.9250	n03375 n05066		110		true
n01429	5	0.9250	n02596 n04210		26		true
n01430	5	0.9250	n03805 n06062		21		true
n01431	5	0.9250	n04067		95		true
n01432	4	0.9250	n02446		44		true
n01433	4	0.9250	n03282 n04257		52		true
n01434	4	0.9250	n02767 n03229 n04179		30		true
n01435	4	0.9250	n05804		30		true
n01436	4	0.9250	n04545 n04772		1876		true
n01437	4	0.9250	n03475 n04327		868		true
n01438	4	0.9250	n03789 n03937		229		true
n01439	4	0.9250	n05680		951		true
n01440	4	0.9250	n00880		128		true
n01441	4	0.9250	n02562 n02891		612		true
n01442	4	0.9250	n05993		128		true
n01443	4	0.9250	n01706 n03088 n05742		33		true
n01444	4	0.9250	n03118		247		true
n01445	4	0.9250	n02475 n03227		49		true
n01446	4	0.9250	n03873 n04105		62		true
n01447	3	0.9250	n01543 n04672		10		true
n01448	3	0.9250	n01825 n03343 n03445 n05015		119		true
n01449	3	0.9250	n02952 n04624		385		true
n01450	3	0.9250	n01096 n05471		153		true
n01451	4	0.9246	n03809 n03960 n06113		20		true
n01452	4	0.9246	n00712 n02768 n05687		56		true
n01453	3	0.9246	n04373 n05622		31		true
n01454	3	0.9246	n01705 n03995		27		true
n01455	5	0.9242	n00088		1		true
n01456	4	0.9242	n03262 n03657 n05505		57		true
n01457	4	0.9239	n04372		30		true
n01458	3	0.9239	n00566		1327		true
n01459	38	0.9200	n03146	n00008 n00018	45		true
n01460	18	0.9200	n00404	n00040 n01371	341		true
n01461	15	0.9200		n00788 n04682	231		true
n01462	13	0.9200	n05435 n06074	n01471 n04044	137		true
n01463	12	0.9200	n03891 n04525	n02558 n02600	76		true
n01464	12	0.9200	n02585	n00713 n03717	263		true
n01465	11	0.9200	n02285 n05491 n06085	n01284 n03414 n04248	113		true
n01466	10	0.9200	n00693 n03779	n01094 n03793	344		true
n01467	12	0.9200	n03182 n05497	n04548 n06054	757		true
n01468	10	0.9200	n01139 n02203	n01220	212		true
n01469	9	0.9200	n03074	n01481	122		true
n01470	10	0.9200	n02393 n04487 n05728	n04516	64		true
n01471	8	0.9200	n01462		65		true
n01472	8	0.9200	n04035 n04364 n04365	n01160	76		true
n01473	8	0.9200	n05449	n00838	165		true
n01474	8	0.9200	n04961 n05457	n01108 n02193	672		true
n01475	8	0.9200	n01142	n00665	534		true
n01476	7	0.9200	n02556	n00514	37		true
n01477	7	0.9200	n00067	n01109	81		true
n01478	7	0.9200	n02806	n00748	132		true
n01479	7	0.9200	n02758	n01580	45		true
n01480	7	0.9200	n00788 n03092	n00992	167		true
n01481	6	0.9200	n01469 n04765		101		true
n01482	6	0.9200	n01206		192		true
n01483	6	0.9200	n04548	n02111	507		true
n01484	6	0.9200	n04422 n06170	n01187	2573		true
n01485	6	0.9200	n03744	n01129	201		true
n01486	5	0.9200	n01897		98		true
n01487	5	0.9200	n03603		30		true
n01488	5	0.9200	n02621 n05912		81		true
n01489	5	0.9200	n02410		2203		true
n01490	5	0.9200	n03478		561		true
n01491	5	0.9200	n05109		21		true
n01492	5	0.9200	n01647		53		true
n01493	4	0.9200	n02729 n03598 n05636		167		true
n01494	4	0.9200	n05201 n05470		38		true
n01495	4	0.9200	n04292 n05744 n06069		56		true
n01496	4	0.9200	n00444		19		true
n01497	4	0.9200	n02731 n04091 n04770		132		true
n01498	4	0.9200	n03950 n04819		175		true
n01499	4	0.9200	n03142 n05489		27		true
n01500	4	0.9200	n03288		82		true
n01501	4	0.9200	n02678		104		true
n01502	3	0.9200	n02330 n03031		8		true
n01503	3	0.9200	n03720 n03749 n05872		114		true
n01504	3	0.9200	n00452 n02961		23		true
n01505	3	0.9200	n02679		101		true
n01506	8	0.9196	n00280	n01878	104		true
n01507	4	0.9196	n05020		19		true
n01508	4	0.9196	n03844		83		true
n01509	4	0.9196	n00297 n02338		180		true
n01510	4	0.9196	n03513 n05205		22		true
n01511	3	0.9196	n05938		362		true
n01512	3	0.9196	n02815		43		true
n01513	3	0.9194	n00164 n05503		15		true
n01514	5	0.9192	n01827		55		true
n01515	3	0.9192	n01093		14		true
n01516	3	0.9192	n02449		479		true
n01517	3	0.9192	n01657 n05308		131		true
n01518	3	0.9192	n00463 n04148		19		true
n01519	3	0.9188	n01538 n05632		160		true
n01520	3	0.9188	n03384		18		true
n01521	4	0.9184	n04615 n04699 n05597		15		true
n01522	4	0.9179	n00104		336		true
n01523	3	0.9175	n04068 n05881		35		true
n01524	98	0.9150		n03153 n03246 n04942 n04964 n05434	1041		true
n01525	31	0.9150	n03950	n01644 n03123	2616		true
n01526	30	0.9150	n02660	n02542 n02826	235		true
n01527	27	0.9150	n05041	n00688 n05230	1708		true
n01528	24	0.9150	n03952	n03644 n04485	213		true
n01529	21	0.9150	n03642 n04311	n02690 n03181	366		true
n01530	12	0.9150	n01266 n04120	n00170 n00983	1307		true
n01531	12	0.9150	n03423 n04748	n00171 n05203	2322		true
n01532	10	0.9150	n05274 n06095	n01416 n05411	119		true
n01533	10	0.9150	n04171	n00331 n05811	88		true
n01534	10	0.9150	n01734	n00920 n04216	49		true
n01535	10	0.9150	n00050	n00213 n02266	593		true
n01536	9	0.9150	n02204 n03067	n00468	368		true
n01537	9	0.9150	n02205 n03965 n06150	n00469	170		true
n01538	7	0.9150	n02165	n01519 n02521	160		true
n01539	7	0.9150	n03892	n01124	64		true
n01540	7	0.9150	n05002	n01754	37		true
n01541	7	0.9150	n00051		795		true
n01542	7	0.9150	n00958 n05571	n00489	116		true
n01543	7	0.9150	n03667	n01447 n02349	123		true
n01544	6	0.9150	n02861	n00671	106		true
n01545	6	0.9150	n03227 n04208		74		true
n01546	6	0.9150	n02291 n05556	n02464	2076		true
n01547	6	0.9150	n05460 n06148	n01794	186		true
n01548	6	0.9150	n05236 n05298		696		true
n01549	6	0.9150	n05036 n05299 n06100		322		true
n01550	6	0.9150	n00517 n03163		84		true
n01551	5	0.9150	n00616 n02674		196		true
n01552	5	0.9150	n01776 n02910		17		true
n01553	5	0.9150	n03272		69		true
n01554	5	0.9150	n04576 n04854 n05192		48		true
n01555	5	0.9150	n04371 n05097 n05701		50		true
n01556	5	0.9150	n04096		225		true
n01557	5	0.9150	n01330 n04817		129		true
n01558	4	0.9150	n02624		219		true
n01559	4	0.9150	n03569		320		true
n01560	4	0.9150	n02256 n05460		106		true
n01561	4	0.9150	n05621		1712		true
n01562	4	0.9150	n00444		301		true
n01563	4	0.9150	n01599		27		true
n01564	4	0.9150	n00428 n03907		390		true
n01565	4	0.9150	n04684		171		true
n01566	3	0.9150	n04251 n05253		13		true
n01567	3	0.9150	n02177 n04707		11		true
n01568	3	0.9150	n03486		75		true
n01569	3	0.9150	n02708 n06022		57		true
n01570	4	0.9146	n03354 n03625		25		true
n01571	4	0.9146	n00430		59		true
n01572	3	0.9146	n02092 n05082		27		true
n01573	4	0.9141	n02710		42		true
n01574	3	0.9141	n02374		16		true
n01575	3	0.9141	n03275 n05848		22		true
n01576	4	0.9138	n00545		3		true
n01577	4	0.9137	n03574 n04186		4		true
n01578	4	0.9137	n05848 n05989		28		true
n01579	3	0.9133	n00558		99		true
n01580	3	0.9124	n01479		29		true
n01581	75	0.9100	n02852 n04875	n02823 n05150	281		true
n01582	24	0.9100	n02980	n02473 n03268	54		true
n01583	25	0.9100	n04153 n06002	n02468 n05458	299		true
n01584	21	0.9100	n03692 n04982	n04951 n05461	635		true
n01585	19	0.9100	n03462	n02755	239		true
n01586	15	0.9100	n04164	n01355 n01961	55		true
n01587	16	0.9100	n02961 n05886	n04439	3190		true
n01588	12	0.9100	n04597	n00089	160		true
n01589	13	0.9100	n03675 n05370	n00611 n01854	363		true
n01590	10	0.9100	n03614	n00153	202		true
n01591	10	0.9100	n03220 n03568	n00320 n02149	147		true
n01592	10	0.9100	n04534	n04306	96		true
n01593	9	0.9100	n00416	n01716	128		true
n01594	8	0.9100	n02786	n00570	83		true
n01595	8	0.9100	n01957 n03130	n00761	800		true
n01596	7	0.9100	n03567	n01312	70		true
n01597	7	0.9100	n04132	n02231	446		true
n01598	7	0.9100	n02675 n06031	n01383	2591		true
n01599	7	0.9100	n03966	n01563	32		true
n01600	7	0.9100	n02877		3387		true
n01601	7	0.9100	n00875 n03376	n01631	55		true
n01602	6	0.9100	n02407 n04000		59		true
n01603	6	0.9100	n02615	n01913	28		true
n01604	6	0.9100	n02279 n03432		100		true
n01605	5	0.9100	n02395 n02812		58		true
n01606	5	0.9100	n01702 n06181		55		true
n01607	4	0.9100	n00322		137		true
n01608	4	0.9100	n02048 n03283 n04648		56		true
n01609	4	0.9100	n04268 n04492 n05859		49		true
n01610	4	0.9100	n02765 n04111 n04406		20		true
n01611	4	0.9100	n03139 n04726 n06052		273		true
n01612	4	0.9100	n03896 n04241 n05817		19		true
n01613	4	0.9100	n05110		69		true
n01614	4	0.9100	n02595 n04146 n05803		200		true
n01615	4	0.9100	n04098 n05994		208		true
n01616	3	0.9100	n02249 n03086 n03678		45		true
n01617	3	0.9100	n02442 n03876 n05757		1170		true
n01618	3	0.9100	n03871 n04716 n06161		661		true
n01619	3	0.9100	n02602 n03047 n04821		1039		true
n01620	3	0.9100	n03819 n05619		12		true
n01621	5	0.9095			28		true
n01622	5	0.9095	n00150		161		true
n01623	3	0.9095	n01422		140		true
n01624	3	0.9095	n02681 n02849 n04366		67		true
n01625	3	0.9091	n00811		43		true
n01626	3	0.9091	n01744 n03360 n04925		49		true
n01627	3	0.9091	n03879		140		true
n01628	3	0.9091	n01899 n03197 n03601 n05612		29		true
n01629	3	0.9085	n01058		57		true
n01630	3	0.9082	n01862		18		true
n01631	3	0.9076	n01601 n03084		26		true
n01632	3	0.9067	n01651		11		true
n01633	3	0.9062	n02819		139		true
n01634	27	0.9050	n03263	n01025 n05642	112		true
n01635	26	0.9050	n02961 n04684	n03465 n03733	72		true
n01636	20	0.9050	n03608 n04346 n05959	n01344 n03613	122		true
n01637	19	0.9050	n03982	n04011 n05540	99		true
n01638	16	0.9050	n02963 n03330 n05947	n02125 n04568	48		true
n01639	15	0.9050	n04888 n05581	n01784 n03864 n04008	193		true
n01640	14	0.9050	n02323 n03421	n00434 n04493	226		true
n01641	13	0.9050	n03156	n02625 n04305	457		true
n01642	12	0.9050	n04797	n01212 n04151	85		true
n01643	12	0.9050	n00009	n01210 n03514	110		true
n01644	11	0.9050	n01525	n02410 n02603	2410		true
n01645	10	0.9050	n04848	n00635	120		true
n01646	10	0.9050	n04272 n05906	n01153 n02818	314		true
n01647	10	0.9050	n01016	n01492 n01747	167		true
n01648	11	0.9050	n03674 n06094	n03761 n03879	243		true
n01649	8	0.9050	n01136	n01061	536		true
n01650	9	0.9050	n02614 n03431	n04147	246		true
n01651	7	0.9050	n01958 n03584	n01632	51		true
n01652	7	0.9050	n01819	n00499	135		true
n01653	7	0.9050	n05855		399		true
n01654	7	0.9050	n05879	n00656	35		true
n01655	7	0.9050	n03329	n00744	139		true
n01656	6	0.9050	n03134 n04878	n00760	31		true
n01657	6	0.9050	n03900	n01517	168		true
n01658	6	0.9050	n02129 n05132	n01719	261		true
n01659	6	0.9050	n00690 n04665		97		true
n01660	5	0.9050	n03313		78		true
n01661	5	0.9050	n04367 n05505		134		true
n01662	5	0.9050	n04664 n04969 n06173		124		true
n01663	3	0.9050	n01866		27		true
n01664	3	0.9050	n01864		47		true
n01665	3	0.9050	n01930 n05474		39		true
n01666	3	0.9050	n00204		19		true
n01667	3	0.9048	n01091		81		true
n01668	3	0.9045	n03055 n05407		62		true
n01669	3	0.9045	n02134 n02917		98		true
n01670	5	0.9040	n00537 n04331		225		true
n01671	3	0.9040	n03048		12		true
n01672	3	0.9040	n03685 n05511		17		true
n01673	3	0.9036	n02770 n03046 n03347 n03636		37		true
n01674	3	0.9031	n04099		105		true
n01675	3	0.9031	n01987 n05379		463		true
n01676	3	0.9026	n04926		121		true
n01677	3	0.9010	n03541		947		true
n01678	72	0.9000	n05691	n01196 n03010	1100		true
n01679	33	0.9000	n03824	n03020 n04796	627		true
n01680	27	0.9000	n05763	n04311 n05370	375		true
n01681	26	0.9000	n02777	n04201 n04947	204		true
n01682	26	0.9000	n02929	n04989 n05371	140		true
n01683	23	0.9000	n02897	n04535 n05708	292		true
n01684	20	0.9000	n03328	n01331 n04755	528		true
n01685	16	0.9000	n02662 n03887	n04126 n04447	1424		true
n01686	14	0.9000	n05539	n02248 n03050	150		true
n01687	13	0.9000	n05337 n05890	n03316 n03348 n05347	74		true
n01688	14	0.9000	n04257	n03541 n04219	2946		true
n01689	11	0.9000	n04983	n00649	65		true
n01690	12	0.9000	n05050 n06151	n03049 n05350	106		true
n01691	10	0.9000	n03242	n01294 n01870	266		true
n01692	10	0.9000	n00024	n00737 n01235	192		true
n01693	10	0.9000	n00028	n01748 n02259	593		true
n01694	9	0.9000	n00407	n00976 n02960	228		true
n01695	9	0.9000	n00277	n01168	114		true
n01696	10	0.9000	n02612 n05969	n03087 n03912	401		true
n01697	9	0.9000	n05948	n00596	128		true
n01698	8	0.9000	n03025 n06160	n00981	74		true
n01699	8	0.9000	n04399	n00214	25		true
n01700	8	0.9000	n03153 n04711	n00368	65		true
n01701	8	0.9000	n05766	n02108	96		true
n01702	8	0.9000	n02588	n01606 n02194	74		true
n01703	7	0.9000	n02862 n05181	n02143	727		true
n01704	7	0.9000	n02835		90		true
n01705	7	0.9000	n01270	n01454	63		true
n01706	8	0.9000	n00701	n01443	49		true
n01707	6	0.9000	n00288	n01718	114		true
n01708	6	0.9000	n02618	n01797 n02432	22		true
n01709	6	0.9000	n01335 n05858		81		true
n01710	5	0.9000	n03128		510		true
n01711	5	0.9000	n02883 n04177		458		true
n01712	5	0.9000	n03379		37		true
n01713	3	0.9000	n04358 n05786		62		true
n01714	3	0.9000	n01359 n05905		7		true
n01715	3	0.9000	n03119		13		true
n01716	3	0.9000	n01593 n03234 n03837		128		true
n01717	3	0.9000	n02922 n04818 n05341		40		true
n01718	3	0.8995	n01707 n04372		51		true
n01719	3	0.8995	n01658		105		true
n01720	3	0.8990	n03909 n05753		23		true
n01721	3	0.8990	n01788 n03722		37		true
n01722	3	0.8990	n01974 n05305		119		true
n01723	3	0.8985	n02178 n03796		72		true
n01724	3	0.8980	n02680 n04058		29		true
n01725	3	0.8980	n00565 n02889 n05250		102		true
n01726	3	0.8969	n00715 n03578		8		true
n01727	3	0.8969	n03258		30		true
n01728	3	0.8953	n04301		72		true
n01729	3	0.8953	n01424		40		true
n01730	23	0.8950	n04557	n02007 n02900	214		true
n01731	21	0.8950	n02636 n03609	n02043 n02077	174		true
n01732	20	0.8950	n03644	n02989 n03019	193		true
n01733	16	0.8950	n03645	n00527 n04041	210		true
n01734	16	0.8950	n05483	n01534 n02832	63		true
n01735	11	0.8950	n03495 n04955	n00537 n04331	225		true
n01736	12	0.8950	n03895 n04319	n04616 n05869	213		true
n01737	11	0.8950	n05049	n00147	207		true
n01738	11	0.8950	n00869	n00974	65		true
n01739	10	0.8950	n02615 n05443	n01283 n04728	48		true
n01740	9	0.8950	n02586 n06044	n00563	214		true
n01741	8	0.8950	n02554 n05546		3101		true
n01742	8	0.8950	n00071	n01755	110		true
n01743	7	0.8950	n05008		236		true
n01744	6	0.8950	n05292	n01626	1278		true
n01745	6	0.8950	n02935		43		true
n01746	5	0.8950	n01893 n04032		288		true
n01747	5	0.8950	n01647 n05669		141		true
n01748	5	0.8950	n01693 n01852 n03999		232		true
n01749	3	0.8950	n02842 n05398		16		true
n01750	3	0.8950	n02790 n02961 n03511 n05618		38		true
n01751	3	0.8950	n04255		12		true
n01752	5	0.8945	n02041		67		true
n01753	5	0.8945	n01954 n05604		171		true
n01754	3	0.8945	n01540 n05475		21		true
n01755	3	0.8945	n01742		36		true
n01756	3	0.8945	n02851 n04464		306		true
n01757	5	0.8939	n00130		19		true
n01758	3	0.8936	n00380 n03521		28		true
n01759	3	0.8934	n03922 n04284		9		true
n01760	3	0.8934	n01933 n02918		1215		true
n01761	3	0.8934	n03783 n05323		31		true
n01762	3	0.8929	n04216 n05882		23		true
n01763	3	0.8929	n02373 n05021		14		true
n01764	30	0.8900	n03093 n03823	n00119 n02963	162		true
n01765	26	0.8900	n01801 n05949	n02118 n04526	1612		true
n01766	20	0.8900	n05425	n02289 n02938	654		true
n01767	18	0.8900	n03855 n05890	n00417 n00908	202		true
n01768	17	0.8900	n01328 n04733	n01136 n05779	598		true
n01769	15	0.8900	n03696 n05585	n01347 n04654	380		true
n01770	12	0.8900	n05051	n00624 n00676	570		true
n01771	12	0.8900	n05718 n05836	n00610 n04454	320		true
n01772	11	0.8900	n03158	n00123	102		true
n01773	10	0.8900	n01137	n00984	125		true
n01774	10	0.8900	n03403	n00939 n00977	1352		true
n01775	9	0.8900	n01204	n00979	74		true
n01776	9	0.8900	n01202	n01552	49		true
n01777	9	0.8900	n05175	n00500	74		true
n01778	11	0.8900	n03309 n05118	n02341 n05515	2314		true
n01779	9	0.8900	n04684	n00562	66		true
n01780	8	0.8900	n03839		347		true
n01781	9	0.8900	n00013	n04510	93		true
n01782	8	0.8900	n01956		71		true
n01783	8	0.8900	n02512	n02423	111		true
n01784	7	0.8900	n01639 n04131	n02421	96		true
n01785	6	0.8900	n00536		528		true
n01786	6	0.8900	n04105 n04716 n04901		1704		true
n01787	6	0.8900	n02805 n03238 n05794	n01390	97		true
n01788	6	0.8900	n00789 n05724	n01721	53		true
n01789	6	0.8900	n00881		47		true
n01790	6	0.8900	n02582 n02667	n01128	124		true
n01791	5	0.8900	n02996 n06081		110		true
n01792	5	0.8900	n05435 n05862		50		true
n01793	3	0.8900	n03210 n04460		35		true
n01794	3	0.8900	n01547		111		true
n01795	3	0.8894	n03454 n05400 n05800		61		true
n01796	3	0.8889	n02411 n03175 n04882		192		true
n01797	3	0.8883	n01708 n03004		17		true
n01798	3	0.8883	n00728		17		true
n01799	3	0.8878	n00355 n02944		186		true
n01800	3	0.8866	n02652		217		true
n01801	1613	0.8850		n00002 n00185 n00754 n00817 n01083 n01086 n01131 n01360 n01765 n01858 n01884 n02000 n02041 n02559 n02639 n02652 n02696 n02802 n02848 n02877 n02909 n03078 n03114 n03217 n03257 n03329 n03337 n03380 n03405 n03434 n03473 n03475 n03481 n03553 n03585 n03602 n03629 n03637 n03641 n03682 n03725 n03726 n03759 n03846 n03848 n03884 n03935 n03958 n03967 n04033 n04082 n04101 n04114 n04170 n04185 n04186 n04190 n04195 n04215 n04240 n04266 n04276 n04291 n04327 n04339 n04345 n04371 n04413 n04431 n04455 n04481 n04494 n04500 n04506 n04555 n04561 n04578 n04591 n04647 n04676 n04703 n04752 n04813 n04814 n04837 n04845 n04868 n04869 n04927 n04956 n04969 n05008 n05012 n05013 n05069 n05075 n05081 n05129 n05135 n05141 n05153 n05216 n05284 n05306 n05317 n05345 n05368 n05369 n05383 n05446 n05457 n05502 n05520 n05521 n05530 n05551 n05553 n05562 n05566 n05585 n05606 n05613 n05614 n05624 n05625 n05644 n05712 n05715 n05726 n05750 n05752 n05791 n05795 n05833 n05835 n05850 n05864 n05892 n05965 n05970 n05976 n05987 n05988 n06014 n06016 n06042 n06056 n06057 n06058 n06064 n06091 n06159 n06164 n06173	8073		true
n01802	44	0.8850		n03840 n04320 n05040	569		true
n01803	36	0.8850	n02981	n03490 n04400 n05956	661		true
n01804	29	0.8850	n00403	n03080 n03215 n04127 n06184	677		true
n01805	25	0.8850	n00685 n03362	n03015 n03180 n04449	1099		true
n01806	23	0.8850	n04158 n05366 n05946	n02510 n04315	212		true
n01807	22	0.8850	n05317 n05892	n01812 n06080	258		true
n01808	22	0.8850	n03918	n02754 n05771	849		true
n01809	18	0.8850	n02780	n00071 n00455	209		true
n01810	18	0.8850	n02898 n06134	n03074 n03925	149		true
n01811	16	0.8850	n03154 n03981	n00530 n02979 n03409	233		true
n01812	16	0.8850	n01807	n03279 n03280 n03338	201		true
n01813	13	0.8850	n04702	n02555 n05257	142		true
n01814	15	0.8850	n04684	n00101 n04375 n05296	270		true
n01815	13	0.8850	n02750	n00160 n02055	55		true
n01816	13	0.8850	n02471	n05926	924		true
n01817	14	0.8850	n04121 n04521	n00114 n02453 n04446	1395		true
n01818	12	0.8850	n00021	n02014 n05019	39		true
n01819	11	0.8850	n04900	n01652 n06067	173		true
n01820	10	0.8850	n02389 n02549	n02974 n04781	703		true
n01821	10	0.8850	n00416	n00839 n03234	203		true
n01822	10	0.8850	n02582 n04434	n00358 n04298	100		true
n01823	9	0.8850	n02398 n05917	n00742	142		true
n01824	8	0.8850	n03022	n00391	3		true
n01825	8	0.8850	n03491 n04168 n04357 n05214	n01448	329		true
n01826	8	0.8850	n03407 n04797	n00774 n02319	95		true
n01827	8	0.8850	n04160	n01514	58		true
n01828	7	0.8850	n01340 n03738 n05429	n01944	479		true
n01829	7	0.8850	n05182		114		true
n01830	5	0.8850	n03276 n03503		57		true
n01831	5	0.8850	n03116 n03399		51		true
n01832	3	0.8850	n03282		39		true
n01833	3	0.8850	n04551		462		true
n01834	3	0.8850	n00812		17		true
n01835	3	0.8850	n02445 n02519 n05356		178		true
n01836	3	0.8850	n01868 n05565		61		true
n01837	6	0.8844	n00293		42		true
n01838	3	0.8844	n00306		129		true
n01839	3	0.8838	n02988 n05078		12		true
n01840	3	0.8838	n02772 n03713 n05025		456		true
n01841	3	0.8832	n02919		32		true
n01842	3	0.8832	n03453 n05611		120		true
n01843	3	0.8832	n01362		66		true
n01844	3	0.8827	n02135 n04362		10		true
n01845	3	0.8808	n01033 n04290		9		true
n01846	66	0.8800	n02360	n04635 n05088	801		true
n01847	12	0.8800	n00412	n00137	320		true
n01848	12	0.8800	n00604	n00117 n03788	976		true
n01849	12	0.8800	n00521	n00120 n01936	12		true
n01850	13	0.8800	n03612 n03952	n04613 n06051	45		true
n01851	11	0.8800	n03566	n00806 n02703	71		true
n01852	11	0.8800	n00028	n01067 n01748	363		true
n01853	11	0.8800	n02441	n04007	229		true
n01854	10	0.8800	n01589	n00350	363		true
n01855	12	0.8800	n02550	n02999	208		true
n01856	10	0.8800		n03716	164		true
n01857	8	0.8800	n00057	n02234	40		true
n01858	8	0.8800	n01801	n02304	389		true
n01859	7	0.8800	n04257 n04436	n00582	98		true
n01860	7	0.8800	n00063		71		true
n01861	7	0.8800	n00877 n03921		88		true
n01862	6	0.8800	n05668 n06144	n01630	82		true
n01863	6	0.8800	n00703	n01943	37		true
n01864	6	0.8800	n05001 n05782	n01664	54		true
n01865	6	0.8800	n01024 n02360 n04811		63		true
n01866	6	0.8800	n04498 n05370	n01663	77		true
n01867	6	0.8800	n00692	n00849	257		true
n01868	6	0.8800	n04479 n05861	n01836	98		true
n01869	5	0.8800	n04458		287		true
n01870	3	0.8800	n01691 n02597		109		true
n01871	3	0.8794	n03629 n03682 n03759		55		true
n01872	3	0.8794	n04510		10		true
n01873	3	0.8794	n03158 n04864		33		true
n01874	3	0.8794	n03009		96		true
n01875	3	0.8788	n02894 n05867		314		true
n01876	3	0.8788	n02769 n03261		377		true
n01877	3	0.8788	n03236		42		true
n01878	3	0.8782	n01214 n01506		56		true
n01879	3	0.8776	n03252		7		true
n01880	3	0.8756	n00313		20		true
n01881	3	0.8756	n02414		12		true
n01882	46	0.8750	n03092	n01082 n05264	1800		true
n01883	29	0.8750	n04472	n03364 n05163	1079		true
n01884	24	0.8750	n01801	n01183 n04194	179		true
n01885	19	0.8750	n03496	n00029	441		true
n01886	16	0.8750	n02925 n04393 n05438	n02604 n04451 n05661	1868		true
n01887	16	0.8750	n04269	n02699 n05030 n05179	241		true
n01888	12	0.8750	n02936 n04167	n04290 n04294	77		true
n01889	11	0.8750	n04833 n06084	n00536	727		true
n01890	10	0.8750	n04701	n00623 n03055	250		true
n01891	11	0.8750	n01332 n02546	n00453 n05239	114		true
n01892	10	0.8750	n02881	n04421	69		true
n01893	9	0.8750	n03266	n01746	554		true
n01894	9	0.8750	n04203 n04435	n00360 n01298	139		true
n01895	9	0.8750	n01333	n02015 n02413	56		true
n01896	10	0.8750	n03968	n00463 n05032	166		true
n01897	8	0.8750	n00697 n02170	n01486	98		true
n01898	8	0.8750	n03858 n04356	n00646	237		true
n01899	8	0.8750	n01341 n04280	n01628	140		true
n01900	7	0.8750	n02000 n02696		132		true
n01901	6	0.8750	n04033	n01125	367		true
n01902	6	0.8750	n04560	n01057	123		true
n01903	6	0.8750	n02720 n05017	n02535	385		true
n01904	5	0.8750	n01017 n05375		112		true
n01905	5	0.8750	n05466		152		true
n01906	3	0.8750	n03875 n04844 n05079		1126		true
n01907	3	0.8750	n02341 n06179		186		true
n01908	3	0.8750	n03200 n04818 n05031		16		true
n01909	3	0.8750	n02566 n05013		55		true
n01910	3	0.8744	n03547 n05198		36		true
n01911	3	0.8744	n02837		29		true
n01912	3	0.8743	n00201		16		true
n01913	3	0.8737	n01603 n04728 n05354		17		true
n01914	3	0.8724	n02371 n06189		18		true
n01915	3	0.8724	n00358 n04298 n05085		71		true
n01916	3	0.8708	n00802		1		true
n01917	3	0.8701	n00629		198		true
n01918	25	0.8700	n03766 n04019	n02398 n03466	221		true
n01919	25	0.8700	n00686	n00029 n00880	445		true
n01920	20	0.8700	n00405	n01346 n03773	357		true
n01921	18	0.8700	n04425	n03242 n03989	296		true
n01922	17	0.8700	n01267 n04836	n02550 n05931	269		true
n01923	14	0.8700	n03217	n02807 n03281 n04293	293		true
n01924	12	0.8700	n03019	n00617 n05525	98		true
n01925	11	0.8700	n03126 n04440	n01423 n02708	221		true
n01926	9	0.8700	n05228 n06148	n01227	420		true
n01927	9	0.8700	n04533	n00732	102		true
n01928	8	0.8700	n00529	n02271	27		true
n01929	8	0.8700	n00066	n00507	104		true
n01930	8	0.8700	n03072	n01665	144		true
n01931	7	0.8700	n05843	n02068	146		true
n01932	7	0.8700	n05733	n00754	151		true
n01933	7	0.8700	n03079	n01760	1872		true
n01934	6	0.8700	n03746	n02386	302		true
n01935	5	0.8700	n03469 n04860		126		true
n01936	3	0.8700	n01849 n04401 n04723		3		true
n01937	3	0.8700	n02789 n02818		166		true
n01938	7	0.8693	n01088	n02098	77		true
n01939	3	0.8693	n02558 n02600		19		true
n01940	3	0.8693	n02337 n03411 n05734		111		true
n01941	3	0.8693	n03051 n04081		45		true
n01942	3	0.8687	n00804		41		true
n01943	3	0.8680	n01863 n04526		16		true
n01944	3	0.8673	n01029 n01828 n05627		384		true
n01945	3	0.8662	n00109 n05749		125		true
n01946	3	0.8660	n02914 n05312 n05852		28		true
n01947	3	0.8660	n00455		13		true
n01948	3	0.8660	n00471		20		true
n01949	3	0.8653	n01419 n05312		25		true
n01950	105	0.8650	n05527	n02798 n05320 n06073	841		true
n01951	27	0.8650	n03953	n03191 n03671 n04437	848		true
n01952	22	0.8650	n04344	n01335 n04391	244		true
n01953	18	0.8650	n03036	n00694 n05122	120		true
n01954	15	0.8650	n02542	n00084 n01753	204		true
n01955	14	0.8650	n05712	n00063	84		true
n01956	13	0.8650	n00779	n01782 n05508	197		true
n01957	13	0.8650	n00408	n01595 n04918	823		true
n01958	12	0.8650	n03207 n03987	n01651 n04233	113		true
n01959	11	0.8650	n04074	n00437	160		true
n01960	12	0.8650	n03427	n04332 n05993	164		true
n01961	11	0.8650	n01586 n05595	n01216 n03350	54		true
n01962	9	0.8650	n04204 n04890	n00220	122		true
n01963	10	0.8650	n02992 n03964	n04301	115		true
n01964	8	0.8650	n02760	n00914	28		true
n01965	8	0.8650	n04845	n00926	79		true
n01966	7	0.8650	n03247	n00775	19		true
n01967	7	0.8650	n05841 n05884	n01241	23		true
n01968	7	0.8650	n04397 n04442	n02071	116		true
n01969	7	0.8650	n03244	n01991	1027		true
n01970	6	0.8650	n04812 n05765		36		true
n01971	6	0.8650	n04908 n06026	n00861	37		true
n01972	6	0.8650	n05350	n00257	60		true
n01973	6	0.8650	n01411	n02383	1065		true
n01974	6	0.8650	n00436 n02787 n03315	n01722	190		true
n01975	5	0.8650	n02961 n04684		19		true
n01976	5	0.8650	n03371		24		true
n01977	5	0.8650	n05864		77		true
n01978	3	0.8650	n03311		13		true
n01979	3	0.8650	n02916 n04364 n04914		44		true
n01980	3	0.8650	n04182		405		true
n01981	3	0.8650	n04147		16		true
n01982	3	0.8650	n02520 n04720		42		true
n01983	3	0.8650	n05255 n05355 n05651		27		true
n01984	3	0.8650	n03291 n05056 n05135		56		true
n01985	3	0.8650	n02949 n05084		302		true
n01986	6	0.8643	n06059		24		true
n01987	6	0.8643	n03110 n03136 n05177	n01675	463		true
n01988	3	0.8636	n02091 n05240		342		true
n01989	3	0.8636	n00148		178		true
n01990	3	0.8629	n05028		239		true
n01991	3	0.8629	n01969 n02086		487		true
n01992	3	0.8622	n00807 n02605		322		true
n01993	3	0.8615	n02053		9		true
n01994	37	0.8600	n06002	n03096 n04390	420		true
n01995	36	0.8600	n03208	n00602	318		true
n01996	32	0.8600	n04257	n02321 n04192	642		true
n01997	31	0.8600	n03058	n00299 n05951	166		true
n01998	24	0.8600	n06010	n00033 n00435	352		true
n01999	21	0.8600	n05320 n06073	n02615 n05443	111		true
n02000	17	0.8600	n01801	n01900 n03963	180		true
n02001	17	0.8600	n05642	n00276 n04567	91		true
n02002	16	0.8600	n03368 n04075	n00082 n00734	696		true
n02003	14	0.8600	n05719	n02590 n03847 n05996	177		true
n02004	12	0.8600	n03466 n06024	n00099	120		true
n02005	12	0.8600	n00692	n00612 n03284	290		true
n02006	11	0.8600	n02987 n05281	n05300	160		true
n02007	10	0.8600	n01730	n00454	191		true
n02008	9	0.8600	n00048	n00180	11		true
n02009	9	0.8600	n05282	n04515	185		true
n02010	9	0.8600	n01331 n02718 n04755	n02975	443		true
n02011	8	0.8600	n03076 n05550	n00367	1760		true
n02012	7	0.8600	n03471	n01253	154		true
n02013	7	0.8600		n01303	95		true
n02014	6	0.8600	n01818		15		true
n02015	6	0.8600	n01895 n04570		25		true
n02016	6	0.8600	n02755 n04444		22		true
n02017	6	0.8600	n05233		65		true
n02018	5	0.8600	n02371 n04543		425		true
n02019	5	0.8600	n04050 n04614		1161		true
n02020	3	0.8600	n04136 n06116		11		true
n02021	3	0.8600	n02622		70		true
n02022	3	0.8600	n03233		27		true
n02023	3	0.8600	n02339		28		true
n02024	3	0.8600	n02954 n03081 n04037		17		true
n02025	3	0.8600	n03650 n06118		153		true
n02026	3	0.8594	n05086		29		true
n02027	5	0.8593	n03971		18		true
n02028	3	0.8593	n02676 n05513		139		true
n02029	3	0.8593	n00197 n03672		700		true
n02030	3	0.8586	n00696		72		true
n02031	3	0.8586	n00189		21		true
n02032	3	0.8586	n04219		1216		true
n02033	3	0.8579	n00557		19		true
n02034	3	0.8571	n00564		139		true
n02035	3	0.8554	n00341		45		true
n02036	28	0.8550	n02115	n04073 n04594	329		true
n02037	24	0.8550	n03955 n04735	n02124 n04798 n05098	150		true
n02038	19	0.8550	n04792 n05640	n02396 n02647	282		true
n02039	17	0.8550		n00035 n04496	328		true
n02040	15	0.8550	n04526	n02553 n02668 n05007	1612		true
n02041	14	0.8550	n01801	n00965 n01752 n03747	226		true
n02042	12	0.8550	n03101	n00107	215		true
n02043	13	0.8550	n01731 n03565	n01095 n03849	174		true
n02044	11	0.8550	n02324 n04593	n00131 n04867	197		true
n02045	9	0.8550	n00031	n02659	19		true
n02046	8	0.8550	n04035 n04536	n00841	230		true
n02047	8	0.8550	n04523		1325		true
n02048	7	0.8550	n04600	n01608	63		true
n02049	7	0.8550	n03310 n05944		300		true
n02050	7	0.8550	n04967	n01311 n02310	103		true
n02051	6	0.8550	n01338 n05066		92		true
n02052	6	0.8550	n03926	n02183	850		true
n02053	6	0.8550	n05717 n05945	n01993	37		true
n02054	6	0.8550	n00441	n02539	105		true
n02055	6	0.8550	n01815 n05321	n00940	42		true
n02056	6	0.8550	n02210 n05913		27		true
n02057	6	0.8550	n06175	n00851	98		true
n02058	5	0.8550	n03535 n03599		330		true
n02059	5	0.8550	n02994 n05616		108		true
n02060	3	0.8550	n00970 n05517		77		true
n02061	3	0.8550	n00975 n05067		20		true
n02062	3	0.8550	n00463 n03790 n05032		14		true
n02063	3	0.8550	n04552 n05183		19		true
n02064	3	0.8550	n04119 n05310		11		true
n02065	5	0.8543	n00885 n04568		24		true
n02066	3	0.8543	n02261 n04454		51		true
n02067	3	0.8543	n02562 n03815 n05486		57		true
n02068	3	0.8543	n01931 n03979		43		true
n02069	3	0.8528	n02848		40		true
n02070	3	0.8513	n04011 n04776		68		true
n02071	3	0.8513	n01968 n03721		26		true
n02072	29	0.8500	n00685	n02438	655		true
n02073	23	0.8500	n04471 n05951	n02472 n05660	166		true
n02074	17	0.8500	n03122 n05961	n00062 n00668	73		true
n02075	18	0.8500	n00689	n01096 n03183 n05471	230		true
n02076	15	0.8500	n02932	n00528 n05547	355		true
n02077	14	0.8500	n01731 n05270	n00122 n03849	87		true
n02078	13	0.8500	n04840	n00166 n00752	62		true
n02079	13	0.8500	n00414	n03538 n04663 n05688	541		true
n02080	11	0.8500	n02756	n00141 n04933	214		true
n02081	10	0.8500	n00038	n02710	43		true
n02082	10	0.8500	n02663 n03402 n04428	n01091	82		true
n02083	10	0.8500	n03740	n01281	680		true
n02084	8	0.8500	n02512	n01237	47		true
n02085	9	0.8500	n03993	n03416	56		true
n02086	8	0.8500	n03244 n04165	n01991 n02633	487		true
n02087	9	0.8500	n02802	n03235 n03556	181		true
n02088	7	0.8500	n03430 n04604	n01062	136		true
n02089	7	0.8500	n03536	n01305	94		true
n02090	7	0.8500	n03734 n05977		54		true
n02091	6	0.8500	n03112 n04089	n01988 n02458	342		true
n02092	6	0.8500	n02671 n03318	n01572	54		true
n02093	3	0.8500	n03006		16		true
n02094	3	0.8500	n02296 n03870		14		true
n02095	3	0.8500	n04684		98		true
n02096	3	0.8500	n02628 n03626		100		true
n02097	3	0.8500	n02820 n05263 n06102		81		true
n02098	3	0.8497	n00808 n01938		46		true
n02099	3	0.8495	n03795 n04056		7		true
n02100	6	0.8492	n03188	n00947	237		true
n02101	3	0.8492	n02846 n02913		50		true
n02102	3	0.8492	n02518		25		true
n02103	3	0.8492	n05624		99		true
n02104	3	0.8492	n02267		11		true
n02105	3	0.8492	n04933 n05034		31		true
n02106	3	0.8492	n02137		94		true
n02107	3	0.8491	n00504 n04259		33		true
n02108	3	0.8485	n01701 n05778		25		true
n02109	3	0.8485	n03719 n05307		30		true
n02110	3	0.8477	n02260		34		true
n02111	3	0.8469	n01483 n03356		138		true
n02112	3	0.8469	n03847 n05996		49		true
n02113	3	0.8457	n00126		14		true
n02114	70	0.8450	n05478	n00004 n00685 n02390	1603		true
n02115	30	0.8450	n02239 n05094	n02036	335		true
n02116	30	0.8450	n02983	n03557	359		true
n02117	28	0.8450	n03490	n03750 n03856 n04504	386		true
n02118	24	0.8450	n01765	n02668 n05499 n05985	479		true
n02119	20	0.8450	n03360 n05481	n03622 n04335 n05049	232		true
n02120	17	0.8450	n01013	n03595 n03778	154		true
n02121	16	0.8450	n02161	n01405 n04849	781		true
n02122	14	0.8450	n04800	n00541 n03898	335		true
n02123	13	0.8450	n04026	n02366 n03005	126		true
n02124	13	0.8450	n02037	n03939 n05021	68		true
n02125	11	0.8450	n01638 n05902	n00885	38		true
n02126	10	0.8450	n04264	n00809	159		true
n02127	9	0.8450	n04257	n00475	202		true
n02128	9	0.8450	n02508 n04523	n01282	220		true
n02129	9	0.8450	n03587	n01658	308		true
n02130	9	0.8450	n05063	n05526	75		true
n02131	7	0.8450	n03400 n04650	n00917	64		true
n02132	7	0.8450	n05846	n00655	174		true
n02133	7	0.8450	n03858 n04657	n01299	395		true
n02134	6	0.8450	n05297 n05555	n01669	127		true
n02135	6	0.8450	n03071 n05962	n01844	84		true
n02136	6	0.8450	n06093		171		true
n02137	6	0.8450	n02559 n04814	n02106	139		true
n02138	5	0.8450	n03429		82		true
n02139	5	0.8450	n03935 n04845		164		true
n02140	5	0.8450	n03428 n04053 n06043		3750		true
n02141	5	0.8450	n03411 n04402		109		true
n02142	3	0.8450	n03092		59		true
n02143	3	0.8450	n01703 n03600 n04256 n05868		215		true
n02144	3	0.8450	n03385 n05965		40		true
n02145	3	0.8442	n04178 n05508		59		true
n02146	3	0.8442	n04237 n05573		16		true
n02147	3	0.8442	n03281 n05873		185		true
n02148	5	0.8434	n00300		38		true
n02149	3	0.8434	n01591 n03549 n04582		117		true
n02150	3	0.8427	n02412 n02650		41		true
n02151	5	0.8426	n04857 n05855		185		true
n02152	5	0.8426	n02728		33		true
n02153	3	0.8426	n01279		151		true
n02154	3	0.8424	n04654 n05199		60		true
n02155	3	0.8418	n03142 n04623 n04661		34		true
n02156	3	0.8403	n01283 n04728		15		true
n02157	3	0.8402	n04484 n05599		63		true
n02158	69	0.8400	n04257	n02711 n03732 n05576	583		true
n02159	29	0.8400	n00003	n03731 n03982	113		true
n02160	27	0.8400	n03606	n03334 n03610	346		true
n02161	21	0.8400	n04257	n02121 n04134	785		true
n02162	19	0.8400	n04025 n04153	n00054 n03254	274		true
n02163	16	0.8400	n04257	n00277 n06040	171		true
n02164	17	0.8400	n02610 n03957	n02739 n04748	3375		true
n02165	15	0.8400	n04426	n01538 n02943	185		true
n02166	14	0.8400	n03420 n04270	n00425 n02834	164		true
n02167	14	0.8400	n01329	n00632 n05846	213		true
n02168	15	0.8400	n06019	n03596 n04366	999		true
n02169	14	0.8400	n04268	n00871 n04324	593		true
n02170	11	0.8400	n00520	n01897 n04299	104		true
n02171	9	0.8400	n04441 n05220 n05649	n01038 n02272	200		true
n02172	10	0.8400	n03590	n01364 n03554	112		true
n02173	8	0.8400	n00788	n00992	184		true
n02174	8	0.8400	n00035	n00577	188		true
n02175	9	0.8400	n00877	n03822	159		true
n02176	7	0.8400	n03839		91		true
n02177	6	0.8400	n02362	n01567	35		true
n02178	6	0.8400	n00790 n04496	n01723	194		true
n02179	5	0.8400	n02699 n05179		29		true
n02180	5	0.8400	n04769		606		true
n02181	3	0.8400	n03494 n04095 n05315		15		true
n02182	3	0.8400	n05138 n05228 n05305		25		true
n02183	3	0.8400	n02052 n04001		110		true
n02184	6	0.8392	n00694 n05122	n00943	45		true
n02185	5	0.8392	n02765 n05095		49		true
n02186	3	0.8392	n04630 n05349 n05607		22		true
n02187	3	0.8392	n02263		127		true
n02188	3	0.8392	n02794		1026		true
n02189	3	0.8384	n00000 n01420		33		true
n02190	3	0.8376	n01361 n03053		16		true
n02191	3	0.8376	n00192 n04418		11		true
n02192	3	0.8376	n00146		29		true
n02193	3	0.8376	n01474		256		true
n02194	3	0.8376	n01702 n03198		28		true
n02195	3	0.8371	n02658		7		true
n02196	3	0.8367	n02651 n03635		72		true
n02197	49	0.8350	n03010	n04546 n05004 n05762	1010		true
n02198	42	0.8350	n04730 n04876	n03297 n04799	125		true
n02199	27	0.8350	n02926 n04220	n03584 n03987	151		true
n02200	21	0.8350	n01267	n02550 n03807 n04649	229		true
n02201	16	0.8350	n05889 n06013	n02400 n05668	105		true
n02202	15	0.8350	n02749	n00310 n00549	408		true
n02203	14	0.8350	n01015 n02855 n04257	n01468 n02907	220		true
n02204	13	0.8350	n00017 n04699	n01536	368		true
n02205	14	0.8350	n00519	n00946 n01537	170		true
n02206	12	0.8350	n05903	n00111	94		true
n02207	11	0.8350	n03371	n01351 n04300	645		true
n02208	11	0.8350	n03308 n03615	n01053 n04419	332		true
n02209	11	0.8350	n06140	n04066 n05682	310		true
n02210	10	0.8350	n02277 n04528	n02056 n04629	56		true
n02211	9	0.8350	n04757	n00566	2172		true
n02212	10	0.8350	n03504 n03990	n02732	1546		true
n02213	9	0.8350	n06042 n06091	n00204	47		true
n02214	8	0.8350	n03368 n04075	n00734	87		true
n02215	8	0.8350	n03433	n00223	27		true
n02216	7	0.8350	n00411 n04322	n01366	19		true
n02217	7	0.8350	n04912 n05120		94		true
n02218	7	0.8350	n02759 n05378 n05456 n05657		85		true
n02219	7	0.8350	n03741 n04257		48		true
n02220	7	0.8350	n00797	n00385	183		true
n02221	6	0.8350	n04257		91		true
n02222	5	0.8350	n05133		273		true
n02223	5	0.8350	n04238 n05425 n06061		76		true
n02224	5	0.8350	n03994		79		true
n02225	5	0.8350	n05306 n05521		80		true
n02226	3	0.8350	n01155 n03374		19		true
n02227	3	0.8350	n02817 n03631 n03780		18		true
n02228	3	0.8350	n03874 n05200		54		true
n02229	3	0.8342	n00531		12		true
n02230	3	0.8342	n02730 n04935		50		true
n02231	3	0.8342	n01597 n05140		261		true
n02232	3	0.8342	n02369 n04910		642		true
n02233	3	0.8342	n02921 n05029		31		true
n02234	3	0.8333	n01857		22		true
n02235	3	0.8333	n02396 n02647		38		true
n02236	5	0.8325	n01402		14		true
n02237	3	0.8316	n01279		36		true
n02238	3	0.8308	n04102		43		true
n02239	78	0.8300	n04422	n02115 n02803 n04017 n05872	2554		true
n02240	43	0.8300	n03690	n02654 n03997 n05155 n05636	1833		true
n02241	34	0.8300	n03092	n02717 n03462	335		true
n02242	24	0.8300	n01397	n04112 n05269 n05897	148		true
n02243	20	0.8300	n03299 n05321	n02586 n04701	452		true
n02244	17	0.8300	n03062 n04737 n05482	n00041	36		true
n02245	12	0.8300	n04989	n01207 n02252	78		true
n02246	12	0.8300	n06090	n01277	131		true
n02247	12	0.8300	n04222	n00826 n05981	274		true
n02248	12	0.8300	n01686	n03115 n03256	133		true
n02249	11	0.8300	n05450 n05702	n01616 n05146	187		true
n02250	11	0.8300	n03729 n05380	n01098 n02731	180		true
n02251	10	0.8300	n04893 n05340	n01243	636		true
n02252	9	0.8300	n02245	n01071 n01295	40		true
n02253	7	0.8300	n00698		17		true
n02254	7	0.8300	n04684	n00837	285		true
n02255	7	0.8300	n01344	n00374	66		true
n02256	7	0.8300	n01345	n01560	173		true
n02257	7	0.8300	n02547 n03161		97		true
n02258	7	0.8300	n05231	n01318	117		true
n02259	7	0.8300	n01693		593		true
n02260	6	0.8300	n03222 n03681	n02110	48		true
n02261	7	0.8300	n00610	n02066	320		true
n02262	5	0.8300	n01025		23		true
n02263	6	0.8300	n03138	n02187	264		true
n02264	5	0.8300	n02704 n05743		970		true
n02265	5	0.8300	n04650 n05834		113		true
n02266	3	0.8300	n01535 n04976		542		true
n02267	6	0.8291	n00433	n02104	61		true
n02268	3	0.8291	n05006 n05252		161		true
n02269	3	0.8291	n02867 n04869		91		true
n02270	3	0.8290	n00091		8		true
n02271	3	0.8274	n01928 n02623		26		true
n02272	3	0.8274	n02171		196		true
n02273	3	0.8272	n00354		535		true
n02274	3	0.8265	n04823		36		true
n02275	3	0.8265	n00977		646		true
n02276	3	0.8254	n00138		13		true
n02277	35	0.8250	n02688	n02210 n03766	273		true
n02278	34	0.8250	n02635	n02661	483		true
n02279	21	0.8250	n04389	n01604 n02285 n05491	193		true
n02280	21	0.8250	n02746 n04257	n00416 n02353	335		true
n02281	18	0.8250	n02781	n00419 n04206	270		true
n02282	15	0.8250	n04313 n05273	n00046	224		true
n02283	15	0.8250	n02854	n00424	470		true
n02284	16	0.8250	n00270	n00303 n01031 n05241	25		true
n02285	14	0.8250	n02279 n05439	n01465 n04938	113		true
n02286	14	0.8250	n03092 n03333	n00875 n03376	70		true
n02287	14	0.8250	n00013	n00098 n06049	213		true
n02288	13	0.8250	n03039 n03370	n00436 n02787	206		true
n02289	13	0.8250	n01766 n06089	n02698 n03319	654		true
n02290	12	0.8250	n03017 n05168	n02648 n04378	224		true
n02291	9	0.8250	n04531 n05166	n01546	2229		true
n02292	10	0.8250	n04995 n06156	n02520 n04720 n05942	219		true
n02293	8	0.8250	n04963 n05170	n00824	279		true
n02294	7	0.8250	n04609 n05432		96		true
n02295	7	0.8250	n02478		123		true
n02296	8	0.8250	n04655 n06048	n02094 n03488	49		true
n02297	7	0.8250	n00083 n05290	n00490	289		true
n02298	7	0.8250	n04962 n06013	n01387	89		true
n02299	7	0.8250	n01206	n01320	331		true
n02300	6	0.8250	n04257		44		true
n02301	6	0.8250	n03868	n02352	361		true
n02302	6	0.8250	n05324 n05467 n05635	n02463	824		true
n02303	5	0.8250	n04044		80		true
n02304	5	0.8250	n01858		371		true
n02305	3	0.8250	n02697 n05496		27		true
n02306	3	0.8250	n03246 n04375		87		true
n02307	3	0.8250	n03388 n04410		47		true
n02308	3	0.8250	n04584 n05504		129		true
n02309	3	0.8250	n04462 n05191		1413		true
n02310	3	0.8250	n02050 n04513		103		true
n02311	3	0.8241	n02594 n05290 n05672		21		true
n02312	3	0.8241	n03438 n04782		43		true
n02313	3	0.8241	n00663 n05145		88		true
n02314	3	0.8241	n03602 n05135 n05970		11		true
n02315	3	0.8238	n00143		8		true
n02316	3	0.8238	n00456		253		true
n02317	3	0.8229	n03084		30		true
n02318	5	0.8223	n00138		294		true
n02319	3	0.8220	n01826 n04183		44		true
n02320	3	0.8205	n01285 n05669		45		true
n02321	28	0.8200	n01996	n00687	642		true
n02322	26	0.8200	n03582	n00517 n04695	380		true
n02323	21	0.8200	n05766	n01640 n05778	229		true
n02324	16	0.8200	n00409 n05042	n02044	197		true
n02325	14	0.8200	n04316	n03431	265		true
n02326	14	0.8200	n04119 n06073	n03680	130		true
n02327	13	0.8200	n03461	n01155 n03374	226		true
n02328	12	0.8200	n02878 n05895	n00133	190		true
n02329	12	0.8200	n04801	n00906 n02840	221		true
n02330	12	0.8200	n00276	n00168 n01502	82		true
n02331	12	0.8200	n02509	n05399 n05877	522		true
n02332	9	0.8200	n03185 n04040	n00632	167		true
n02333	9	0.8200	n03096 n04390	n00855 n01170	41		true
n02334	11	0.8200	n03405 n03702	n03718 n04256 n05868	714		true
n02335	8	0.8200	n03104	n00934	129		true
n02336	8	0.8200	n04684	n00575	256		true
n02337	7	0.8200	n04651	n01940	210		true
n02338	7	0.8200	n00049	n01509	180		true
n02339	7	0.8200	n00700	n02023	35		true
n02340	6	0.8200	n00102		484		true
n02341	6	0.8200	n01778	n01907	1772		true
n02342	5	0.8200	n04197		39		true
n02343	5	0.8200	n04433 n04712		78		true
n02344	3	0.8200	n04014 n04771		95		true
n02345	3	0.8200	n03701 n04971 n06120		116		true
n02346	3	0.8200	n03294 n04927		26		true
n02347	3	0.8200	n02721 n03033 n05251		450		true
n02348	3	0.8200	n01156		94		true
n02349	3	0.8196	n01543		123		true
n02350	6	0.8191	n00294	n00772	13		true
n02351	5	0.8191	n00022		100		true
n02352	3	0.8191	n02301 n04174 n04411 n05127		222		true
n02353	3	0.8191	n02280 n03632		110		true
n02354	3	0.8191	n00116		28		true
n02355	3	0.8187	n01286 n04368		204		true
n02356	3	0.8182	n00140		167		true
n02357	3	0.8173	n00343		14		true
n02358	3	0.8173	n05787		18		true
n02359	3	0.8171	n00126 n03943		96		true
n02360	72	0.8150	n03206	n01846 n01865 n04891	801		true
n02361	18	0.8150	n03828 n05097	n00791 n01182	163		true
n02362	13	0.8150	n05636	n00319 n02177	84		true
n02363	12	0.8150	n02749	n00310 n01316	635		true
n02364	12	0.8150	n03363	n01037	34		true
n02365	11	0.8150	n04841	n00328	600		true
n02366	8	0.8150	n02123	n00393	79		true
n02367	8	0.8150	n04020	n00574	636		true
n02368	9	0.8150	n04755 n04853	n02975	528		true
n02369	8	0.8150	n06046	n01171 n02232	692		true
n02370	7	0.8150	n03529 n06022	n00918	38		true
n02371	8	0.8150	n04134	n01914 n02018	430		true
n02372	7	0.8150	n04571	n01117	43		true
n02373	6	0.8150	n03939	n01763	42		true
n02374	6	0.8150	n00086	n01574	50		true
n02375	6	0.8150	n03317		59		true
n02376	6	0.8150	n02697 n06174	n02533	172		true
n02377	5	0.8150	n04751 n05518		63		true
n02378	5	0.8150	n05655		108		true
n02379	5	0.8150	n04326 n04448 n05452		42		true
n02380	3	0.8150	n02682 n05504		220		true
n02381	3	0.8150	n04741 n05869		25		true
n02382	3	0.8150	n04868		1146		true
n02383	3	0.8144	n01973		537		true
n02384	3	0.8141	n03166 n04965 n05623		29		true
n02385	3	0.8141	n02847 n03120		85		true
n02386	3	0.8141	n01934 n04934		43		true
n02387	3	0.8135	n05526		33		true
n02388	3	0.8122	n04064 n04924		10		true
n02389	87	0.8100	n00683	n01820 n02801 n05577	1220		true
n02390	35	0.8100	n02114	n03953 n05638	873		true
n02391	22	0.8100	n06001	n01087 n04081	261		true
n02392	21	0.8100	n00266	n00027	459		true
n02393	21	0.8100	n04986 n05952	n01470 n03424	76		true
n02394	19	0.8100	n03365	n04894	211		true
n02395	17	0.8100	n01201	n01142 n01605	546		true
n02396	14	0.8100	n02038	n02235 n03075	201		true
n02397	13	0.8100	n00691	n01286 n04368	325		true
n02398	14	0.8100	n01918 n05720	n01823 n03166	162		true
n02399	12	0.8100	n03642	n00121 n00935	64		true
n02400	12	0.8100	n02201	n00161	93		true
n02401	13	0.8100	n03395	n00963 n04139	78		true
n02402	10	0.8100	n04125	n00903 n04373	87		true
n02403	10	0.8100	n03616 n04803	n00633	409		true
n02404	11	0.8100	n02509	n02599 n05877	404		true
n02405	10	0.8100	n03694 n04483	n00464	225		true
n02406	9	0.8100	n02465	n00460	44		true
n02407	9	0.8100	n03337	n01602	74		true
n02408	9	0.8100	n04709		707		true
n02409	7	0.8100	n03311 n03830	n01122	298		true
n02410	8	0.8100	n01644	n01489	2298		true
n02411	7	0.8100	n04684 n05945	n01796	192		true
n02412	6	0.8100	n02592 n04039	n02150	109		true
n02413	6	0.8100	n01895		43		true
n02414	6	0.8100	n00293	n01881	62		true
n02415	6	0.8100	n04491 n05123	n02495	226		true
n02416	6	0.8100	n03937 n05562		128		true
n02417	5	0.8100	n05008		139		true
n02418	5	0.8100	n00538		28		true
n02419	3	0.8100	n04246		2		true
n02420	3	0.8100	n03007 n05980		84		true
n02421	3	0.8100	n01784 n04008		89		true
n02422	3	0.8100	n05939		10		true
n02423	3	0.8100	n01783 n05358		74		true
n02424	3	0.8095	n00456		404		true
n02425	3	0.8093	n00128		277		true
n02426	5	0.8090	n02996		227		true
n02427	3	0.8090	n02783 n04012 n04775 n05204		191		true
n02428	3	0.8081	n03451 n05030		19		true
n02429	3	0.8081	n03087		315		true
n02430	3	0.8073	n03634		11		true
n02431	3	0.8071	n03052 n03328		86		true
n02432	3	0.8061	n01708 n02955		12		true
n02433	3	0.8061	n00971		445		true
n02434	3	0.8051	n03511 n04600		24		true
n02435	3	0.8051	n04299		7		true
n02436	50	0.8050	n02687 n05261	n00404 n01079	381		true
n02437	27	0.8050	n04310	n02932 n04171	363		true
n02438	26	0.8050	n02072	n00016 n03165	443		true
n02439	25	0.8050	n04153 n06002	n02468 n05458	299		true
n02440	20	0.8050	n01079	n03184 n03216	165		true
n02441	20	0.8050	n03829 n04108	n01853 n04359	457		true
n02442	12	0.8050	n04257	n00347 n01617	2555		true
n02443	12	0.8050	n01016	n01285 n05669	267		true
n02444	12	0.8050	n02747	n00978 n03454 n05800	531		true
n02445	9	0.8050	n03643 n04126 n05111	n00634 n01835	604		true
n02446	7	0.8050	n02762 n04855 n05548	n01432	47		true
n02447	8	0.8050	n04207	n00988	289		true
n02448	7	0.8050	n05967 n06162		108		true
n02449	6	0.8050	n00060	n01516	534		true
n02450	5	0.8050	n01343		39		true
n02451	5	0.8050	n00435		44		true
n02452	5	0.8050	n02563 n05516		82		true
n02453	5	0.8050	n01817 n05242		96		true
n02454	3	0.8050	n04625 n05887		6		true
n02455	3	0.8050	n03816 n04148 n04777		18		true
n02456	3	0.8050	n02957 n03817		87		true
n02457	3	0.8041	n04508		1		true
n02458	3	0.8041	n02091 n02813 n04100		188		true
n02459	8	0.8040	n00073	n00680	58		true
n02460	3	0.8040	n03748 n03873		43		true
n02461	3	0.8040	n04002 n05247 n06126		147		true
n02462	3	0.8040	n03810		450		true
n02463	3	0.8040	n02302 n05311		824		true
n02464	3	0.8010	n01546		1219		true
n02465	61	0.8000	n04785	n01076 n02406 n05312 n05437	231		true
n02466	23	0.8000	n03724	n00690 n04562 n04665	231		true
n02467	22	0.8000	n03827	n00873 n04564	137		true
n02468	22	0.8000	n01583 n02439	n03427 n04296 n04563	299		true
n02469	17	0.8000	n04833	n03902 n04125 n04569	250		true
n02470	17	0.8000	n02503 n04110	n04618 n05222	48		true
n02471	17	0.8000	n04314 n05816	n01816 n02993 n05077	1222		true
n02472	16	0.8000	n02073	n00532 n03384	166		true
n02473	13	0.8000	n01582 n05104	n00287 n02913	54		true
n02474	14	0.8000	n05593	n00538 n05026 n05353	316		true
n02475	12	0.8000	n02748	n00309 n01445	79		true
n02476	10	0.8000	n02548 n03219	n00159	52		true
n02477	10	0.8000	n03958	n00547 n04874	364		true
n02478	12	0.8000	n01403	n01147 n02295	385		true
n02479	9	0.8000	n03589 n05542	n00478	369		true
n02480	11	0.8000	n03739	n03028 n04866	163		true
n02481	9	0.8000	n05174 n06035	n00564	185		true
n02482	7	0.8000	n00046		97		true
n02483	7	0.8000	n04917	n02524	77		true
n02484	6	0.8000	n02721		673		true
n02485	5	0.8000	n04430		185		true
n02486	5	0.8000	n03276 n05929 n06045		88		true
n02487	5	0.8000	n03101 n03510		58		true
n02488	5	0.8000	n00104		310		true
n02489	5	0.8000	n00282 n03317		51		true
n02490	3	0.8000	n04063		31		true
n02491	3	0.8000	n00297 n06000		136		true
n02492	3	0.8000	n02601 n03476		14		true
n02493	3	0.8000	n03436 n04931		257		true
n02494	3	0.7990	n05405		28		true
n02495	3	0.7990	n02415 n04403		186		true
n02496	3	0.7990	n03487 n03976 n04717		108		true
n02497	3	0.7990	n03136 n05260		209		true
n02498	3	0.7980	n01032		204		true
n02499	3	0.7980	n01355 n03350		13		true
n02500	3	0.7979	n03679 n04138 n05415		12		true
n02501	3	0.7970	n02971		18		true
n02502	39	0.7950	n03691	n02988 n05823	612		true
n02503	34	0.7950	n02896	n01332 n02470	139		true
n02504	31	0.7950	n02579	n03460 n03670	2016		true
n02505	23	0.7950	n01077	n00017 n04699	627		true
n02506	17	0.7950	n01328	n01136 n06032	605		true
n02507	17	0.7950	n04155 n06137	n02902 n05451	78		true
n02508	14	0.7950	n06145	n02128 n03805	220		true
n02509	15	0.7950	n04067 n06027	n02331 n02404	582		true
n02510	13	0.7950	n01806 n04948	n02560 n02945	122		true
n02511	11	0.7950	n04273	n00967 n04617	125		true
n02512	13	0.7950	n00785	n01783 n02084	138		true
n02513	9	0.7950	n04485	n00923 n01008	160		true
n02514	9	0.7950	n03405	n01172	65		true
n02515	9	0.7950	n03927 n04443	n00765	282		true
n02516	7	0.7950	n05910		81		true
n02517	7	0.7950	n03533 n04763		372		true
n02518	6	0.7950	n03811 n04798 n05021	n02102	37		true
n02519	6	0.7950	n04447	n01835	198		true
n02520	6	0.7950	n02292	n01982	168		true
n02521	3	0.7950	n01538		69		true
n02522	3	0.7950	n04515		23		true
n02523	3	0.7950	n04866 n05024		22		true
n02524	3	0.7950	n02483 n06179		20		true
n02525	3	0.7950	n03357 n05396		23		true
n02526	3	0.7950	n02682 n04586		223		true
n02527	3	0.7949	n05125		95		true
n02528	3	0.7940	n03456 n03660 n04205		1709		true
n02529	3	0.7940	n03452 n04683 n05974		20		true
n02530	3	0.7940	n02554		174		true
n02531	3	0.7940	n03910 n05464		47		true
n02532	3	0.7938	n04675		29		true
n02533	3	0.7938	n02376		36		true
n02534	3	0.7929	n03756 n03792		31		true
n02535	3	0.7929	n01903		355		true
n02536	3	0.7929	n03293		115		true
n02537	3	0.7926	n01361 n03379		72		true
n02538	3	0.7908	n00706 n05117		35		true
n02539	3	0.7906	n02054		68		true
n02540	3	0.7903	n00142		31		true
n02541	56	0.7900	n05815	n03398 n03592 n04156	743		true
n02542	26	0.7900	n01526 n05207	n01954 n05161	232		true
n02543	24	0.7900	n02871 n04388 n05368	n03567 n05772	235		true
n02544	19	0.7900	n04475	n03241 n03737	109		true
n02545	16	0.7900	n05325	n00279 n02796	708		true
n02546	16	0.7900	n06025	n01891 n03841 n04340	168		true
n02547	14	0.7900	n02609 n03857	n02257 n03509	97		true
n02548	16	0.7900		n02476 n03631 n03780 n03929	92		true
n02549	13	0.7900	n03951	n01820 n02620	710		true
n02550	15	0.7900	n01922 n02200	n01855 n05065	221		true
n02551	13	0.7900	n03039	n00436 n03315	191		true
n02552	11	0.7900	n06149	n00124	62		true
n02553	11	0.7900	n02040	n03714 n04052	1612		true
n02554	11	0.7900	n04949	n01741 n02530	3101		true
n02555	10	0.7900	n01813	n00321 n04467	56		true
n02556	10	0.7900	n03397 n05096	n01476 n03052	112		true
n02557	10	0.7900	n04556	n00971	2265		true
n02558	9	0.7900	n01463 n04427	n00895 n01939	48		true
n02559	9	0.7900	n01801	n02137	145		true
n02560	8	0.7900	n02510 n04315 n04851	n01039	56		true
n02561	9	0.7900	n04836	n01042 n01072	151		true
n02562	8	0.7900	n03695 n04537	n01441 n02067	612		true
n02563	9	0.7900	n04652	n02452 n04783	87		true
n02564	7	0.7900	n05851 n06034	n00229	45		true
n02565	7	0.7900	n04684	n00937	63		true
n02566	7	0.7900	n03434	n01909	90		true
n02567	6	0.7900	n03628		232		true
n02568	5	0.7900	n05964		46		true
n02569	5	0.7900	n00302		97		true
n02570	5	0.7900	n03784 n04558 n05463		73		true
n02571	3	0.7900	n05077 n05926		34		true
n02572	3	0.7900	n04720 n05798 n05942		74		true
n02573	3	0.7900	n03848 n05141		35		true
n02574	3	0.7900	n04678		94		true
n02575	7	0.7889	n00077		137		true
n02576	7	0.7889	n01337	n01189	217		true
n02577	5	0.7889	n01022		94		true
n02578	42	0.7850	n00779	n00684	595		true
n02579	36	0.7850	n06004	n02504 n02779	2126		true
n02580	28	0.7850	n03852	n03267 n04559	192		true
n02581	19	0.7850	n05694 n06136	n05338 n06090	140		true
n02582	18	0.7850	n00406	n01790 n01822 n05085	210		true
n02583	15	0.7850	n03770 n04478	n00130 n05997	46		true
n02584	15	0.7850	n04266	n01204 n06182	139		true
n02585	15	0.7850	n04839	n01464 n04144	274		true
n02586	13	0.7850	n02243	n01740 n04611	271		true
n02587	12	0.7850	n00411	n04468	43		true
n02588	11	0.7850	n03776	n01702	88		true
n02589	10	0.7850	n04033 n04430	n01032 n05023	553		true
n02590	10	0.7850	n02003 n05831	n01036	146		true
n02591	9	0.7850	n03613 n05781	n00477	67		true
n02592	10	0.7850	n04356 n05054	n02412 n02650	200		true
n02593	9	0.7850	n03897 n04036	n00576 n00936	191		true
n02594	8	0.7850	n00415	n01256 n02311	113		true
n02595	8	0.7850	n03506 n06097	n01614	226		true
n02596	8	0.7850		n01429	46		true
n02597	7	0.7850	n03242 n03989	n01870	194		true
n02598	7	0.7850	n00606		71		true
n02599	7	0.7850	n02404	n01368	323		true
n02600	6	0.7850	n01463 n05398 n05786	n01939	55		true
n02601	6	0.7850	n04112 n04326 n05452 n05897	n02492	30		true
n02602	6	0.7850	n04658 n04949 n06052	n01619	2146		true
n02603	6	0.7850	n01644 n04348		1269		true
n02604	6	0.7850	n01886		1863		true
n02605	6	0.7850	n03540	n01992	325		true
n02606	5	0.7828	n03310		81		true
n02607	42	0.7800	n02634 n04941	n00526 n01012	934		true
n02608	34	0.7800	n03210	n02930 n04708	663		true
n02609	24	0.7800	n03883	n00293 n02547	135		true
n02610	24	0.7800	n04987	n02164 n03423	3423		true
n02611	16	0.7800	n04186	n00278 n04544	163		true
n02612	15	0.7800	n04684	n01696 n04823	417		true
n02613	12	0.7800	n03419	n00135 n05076	139		true
n02614	12	0.7800	n04316 n04358	n01650 n02842	258		true
n02615	12	0.7800	n01999	n01603 n01739	48		true
n02616	12	0.7800	n03700	n00362 n02978 n04065	765		true
n02617	9	0.7800	n05583	n00193	227		true
n02618	9	0.7800	n03373 n05655	n01708	26		true
n02619	8	0.7800	n03885	n00644	87		true
n02620	8	0.7800	n02549		36		true
n02621	8	0.7800	n05849	n01488	157		true
n02622	7	0.7800	n05235	n02021	152		true
n02623	7	0.7800	n00529	n02271	33		true
n02624	7	0.7800	n03771 n03898	n01558	315		true
n02625	7	0.7800	n01641	n00924	176		true
n02626	6	0.7800	n02941		35		true
n02627	6	0.7800	n04598 n05736	n01304	32		true
n02628	6	0.7800	n04684	n02096	121		true
n02629	6	0.7800	n03437 n05895		48		true
n02630	5	0.7800	n04684		101		true
n02631	5	0.7800	n05654		440		true
n02632	5	0.7800	n04502		528		true
n02633	5	0.7789	n02086 n05798		264		true
n02634	61	0.7750	n04257	n02607 n04068 n05095	934		true
n02635	38	0.7750	n04067	n02278 n03700	972		true
n02636	27	0.7750	n03607	n01731 n05270	174		true
n02637	23	0.7750	n02854 n02982	n03924 n05126	459		true
n02638	19	0.7750	n04690	n05277	1590		true
n02639	16	0.7750	n01801 n03420	n00425 n01250	178		true
n02640	14	0.7750	n00271	n02905	533		true
n02641	12	0.7750	n04697	n00548 n04145	158		true
n02642	12	0.7750	n03698 n05484	n00308 n04977	265		true
n02643	11	0.7750	n02989	n03413 n05408	179		true
n02644	10	0.7750	n02961 n04684	n00359	72		true
n02645	9	0.7750	n04431	n00743	70		true
n02646	8	0.7750	n02830	n01190 n05144	828		true
n02647	8	0.7750	n02038 n04429	n02235	192		true
n02648	8	0.7750	n02290 n05059	n00741	200		true
n02649	8	0.7750	n04124	n00578	162		true
n02650	7	0.7750	n02592 n04657 n05839	n01299 n02150	146		true
n02651	7	0.7750	n02904	n02196	95		true
n02652	9	0.7750	n01801	n01800 n03236	645		true
n02653	5	0.7750	n04056		24		true
n02654	5	0.7750	n02240		339		true
n02655	5	0.7750	n04257		328		true
n02656	5	0.7750	n00431 n05919		74		true
n02657	5	0.7750	n04752 n05069		31		true
n02658	6	0.7742	n00090	n02195	10		true
n02659	5	0.7739	n00698 n02045		19		true
n02660	44	0.7700	n05208	n00044 n01526	277		true
n02661	32	0.7700	n02278	n02809 n05827	467		true
n02662	32	0.7700	n04685	n01685 n05043	1641		true
n02663	13	0.7700	n03731 n05540	n02082 n05148	96		true
n02664	14	0.7700	n02745	n00439 n03231	457		true
n02665	13	0.7700	n01081 n03467 n05710	n00294	29		true
n02666	16	0.7700	n04257	n03590 n04173 n05605	147		true
n02667	11	0.7700	n04642	n01790 n02815	178		true
n02668	11	0.7700	n02040 n02118	n03714	345		true
n02669	11	0.7700		n00169 n06068	650		true
n02670	10	0.7700	n04684 n04747	n00543	98		true
n02671	10	0.7700	n04838 n06087	n02092	110		true
n02672	10	0.7700	n02942 n03215	n04420	240		true
n02673	8	0.7700	n01338	n01312	92		true
n02674	8	0.7700	n00871	n01551	451		true
n02675	10	0.7700	n06043	n01598	4364		true
n02676	8	0.7700	n01083	n02028	182		true
n02677	8	0.7700	n03936	n01365	1938		true
n02678	8	0.7700	n03989	n01501	174		true
n02679	7	0.7700	n03077	n01505	317		true
n02680	6	0.7700	n02968 n04904	n01724	85		true
n02681	6	0.7700	n03596	n01624	82		true
n02682	7	0.7700	n02887 n05932	n02380 n02526	389		true
n02683	5	0.7700	n02757 n03715		131		true
n02684	5	0.7700	n00965		137		true
n02685	6	0.7688	n00108		328		true
n02686	6	0.7688	n00294 n05841		23		true
n02687	248	0.7650	n02961 n04684	n02436 n02852	1682		true
n02688	41	0.7650	n04469	n02277 n04019	283		true
n02689	36	0.7650	n02822	n01133 n03239 n03948	91		true
n02690	18	0.7650	n01529	n02859 n05282	366		true
n02691	14	0.7650	n04830 n05758	n00080 n04766	191		true
n02692	16	0.7650	n01332	n00973 n03841 n05239	113		true
n02693	13	0.7650		n00305	567		true
n02694	13	0.7650	n05770	n03248 n05812	393		true
n02695	13	0.7650	n02900 n04530	n01409 n03452 n04921	79		true
n02696	11	0.7650	n01801	n01900 n02869	138		true
n02697	11	0.7650	n04943	n02305 n02376	214		true
n02698	9	0.7650	n02289	n00932	390		true
n02699	10	0.7650	n01887 n05971	n02179 n03451	39		true
n02700	10	0.7650	n04363	n04407	121		true
n02701	8	0.7650	n03129 n05052	n01062	165		true
n02702	8	0.7650	n05901	n00643	148		true
n02703	8	0.7650	n01851 n05053	n01002	69		true
n02704	8	0.7650	n05294 n05958	n01246 n02264	970		true
n02705	7	0.7650	n04043 n05281	n01105	115		true
n02706	6	0.7650	n05170 n05635		47		true
n02707	6	0.7650	n04450 n04966	n01120	274		true
n02708	6	0.7650	n01925 n04970	n01569	218		true
n02709	6	0.7641	n00079		41		true
n02710	7	0.7638	n02081	n01573	42		true
n02711	48	0.7600	n02158	n04350 n04478 n04590 n04808 n05113	423		true
n02712	24	0.7600	n05212	n01268 n04775	560		true
n02713	14	0.7600	n00013	n00098 n04510	213		true
n02714	13	0.7600	n06127	n00086	62		true
n02715	15	0.7600	n05644	n00148 n03293	457		true
n02716	12	0.7600	n04478 n05696	n00130	30		true
n02717	12	0.7600	n02241	n00329 n00589	146		true
n02718	12	0.7600	n03328	n02010	443		true
n02719	12	0.7600	n05223	n04239 n04499	361		true
n02720	13	0.7600	n03067	n00468 n01903	625		true
n02721	11	0.7600	n03018	n02347 n02484	689		true
n02722	10	0.7600	n00411	n00709	77		true
n02723	10	0.7600	n05976 n06016	n00716	272		true
n02724	10	0.7600		n00336	571		true
n02725	9	0.7600	n03069	n00641	72		true
n02726	9	0.7600	n03588	n00628	118		true
n02727	10	0.7600	n00874	n00730 n01178	2670		true
n02728	9	0.7600	n02961 n04684	n02152 n03415	54		true
n02729	7	0.7600	n05455 n05484	n01493	167		true
n02730	8	0.7600	n04135	n01054 n02230	243		true
n02731	7	0.7600	n02250 n05387	n01497	177		true
n02732	7	0.7600	n02212 n03228	n00492	1546		true
n02733	6	0.7600	n05005		138		true
n02734	6	0.7600	n03106		53		true
n02735	6	0.7600	n06040		131		true
n02736	6	0.7600	n00065 n03543	n00996	362		true
n02737	6	0.7600	n04488 n04599		96		true
n02738	6	0.7600	n05659		82		true
n02739	6	0.7600	n02164 n02995	n01378	3187		true
n02740	7	0.7588	n03897	n00936	184		true
n02741	40	0.7550	n03604	n00879 n03521	416		true
n02742	37	0.7550	n04631	n02824 n05534	174		true
n02743	34	0.7550	n05318	n03306 n04521	1395		true
n02744	32	0.7550	n06131	n01265 n04656	1056		true
n02745	26	0.7550	n04730	n02664 n03827	497		true
n02746	25	0.7550	n05824	n02280 n03632	375		true
n02747	25	0.7550	n05365	n02444 n03674 n04753	599		true
n02748	21	0.7550	n05885 n05957	n00302 n02475	217		true
n02749	19	0.7550	n04882	n02202 n02363	646		true
n02750	19	0.7550	n01200	n01815 n04318	55		true
n02751	19	0.7550	n03092	n02939 n04479	486		true
n02752	18	0.7550	n03889 n04070	n02857 n03739	237		true
n02753	17	0.7550	n00006	n00388 n01205	112		true
n02754	17	0.7550	n01808 n04160	n03373 n03505	825		true
n02755	16	0.7550	n01585	n00796 n02016	239		true
n02756	14	0.7550	n02961 n04684	n02080 n03707	214		true
n02757	13	0.7550	n00410	n00124 n02683	138		true
n02758	14	0.7550	n00273	n00382 n01479	185		true
n02759	12	0.7550	n03834	n02218 n03869	201		true
n02760	11	0.7550	n02961 n04684	n01964 n03001	52		true
n02761	13	0.7550	n01203	n01145 n05573	207		true
n02762	10	0.7550	n04438 n04993	n02446 n06118	185		true
n02763	9	0.7550	n02832	n00814 n05882	40		true
n02764	9	0.7550	n03400	n00917	247		true
n02765	9	0.7550	n04257	n01610 n02185	63		true
n02766	8	0.7550	n03092	n01229	1065		true
n02767	7	0.7550	n05295	n01434	61		true
n02768	7	0.7550	n04706 n05510	n01452	61		true
n02769	8	0.7550	n00872	n01876	377		true
n02770	7	0.7550	n04612 n05003	n01673	55		true
n02771	6	0.7550	n04317	n01248	1205		true
n02772	6	0.7550	n04909	n01840	589		true
n02773	5	0.7550	n02911 n05560		19		true
n02774	5	0.7550	n04274		32		true
n02775	5	0.7550	n00544		322		true
n02776	47	0.7500	n04257	n02854 n02982 n04878	616		true
n02777	31	0.7500	n04470 n05887	n00938 n01681	204		true
n02778	26	0.7500	n05953	n03463 n04208	305		true
n02779	25	0.7500	n02579 n04157	n03670 n06158	2126		true
n02780	23	0.7500	n03298	n01097 n01809	228		true
n02781	24	0.7500	n04386	n02281 n03832 n05519	771		true
n02782	12	0.7500		n00801 n03975	1128		true
n02783	13	0.7500	n03564	n00315 n02427	538		true
n02784	11	0.7500	n00030	n00154	11		true
n02785	11	0.7500	n04199	n00140	786		true
n02786	12	0.7500		n01594 n04460	111		true
n02787	10	0.7500	n02288	n01974 n05305	201		true
n02788	9	0.7500	n06083	n00465	193		true
n02789	9	0.7500	n04037 n04272	n00843 n01937	229		true
n02790	9	0.7500		n01750	747		true
n02791	8	0.7500	n05288		78		true
n02792	7	0.7500	n04893	n01244	63		true
n02793	7	0.7500	n03375	n01177	30		true
n02794	6	0.7500	n04003 n04549	n02188	1030		true
n02795	5	0.7500	n04684		81		true
n02796	5	0.7500	n02545		98		true
n02797	6	0.7487	n03532	n01071	37		true
n02798	91	0.7450	n01950	n03206 n03408 n05930	831		true
n02799	46	0.7450		n03985 n04971 n05339 n05826	1785		true
n02800	33	0.7450	n04788	n04522 n04638	529		true
n02801	28	0.7450	n02389 n03209	n04719 n04884	211		true
n02802	15	0.7450	n01801	n02087 n04102	189		true
n02803	13	0.7450	n02239 n05094	n01276 n03749	238		true
n02804	13	0.7450	n00025	n00100 n04010 n04370	347		true
n02805	11	0.7450	n04257	n01289 n01787	165		true
n02806	11	0.7450	n03021 n03701	n01478	223		true
n02807	11	0.7450	n01923	n01290	166		true
n02808	9	0.7450	n00279	n00998	697		true
n02809	8	0.7450	n02661 n03700	n00362	128		true
n02810	9	0.7450	n03927 n05344	n05685	337		true
n02811	8	0.7450	n01142		271		true
n02812	8	0.7450	n01201	n01605	68		true
n02813	7	0.7450	n04089	n02458	325		true
n02814	7	0.7450	n04287 n04710 n06099	n00927	251		true
n02815	7	0.7450	n02667 n04434	n01512	90		true
n02816	6	0.7450	n00439		77		true
n02817	6	0.7450	n04285 n05314	n02227	41		true
n02818	6	0.7450	n01646	n01937	314		true
n02819	6	0.7437	n00791	n01633	141		true
n02820	160	0.7400		n02097 n03177 n04270 n04589 n05813	1889		true
n02821	129	0.7400	n05758	n01198 n04579 n05415 n05670	1716		true
n02822	63	0.7400	n05884	n00005 n02689	134		true
n02823	53	0.7400	n01581	n04797 n05091	242		true
n02824	34	0.7400	n02742 n04341	n05430 n05637	160		true
n02825	19	0.7400	n01080	n00422 n00972	126		true
n02826	15	0.7400	n01526	n00115 n04727	55		true
n02827	13	0.7400	n04187 n05333	n00540 n04625	604		true
n02828	12	0.7400	n04271	n01022	108		true
n02829	12	0.7400	n04257	n01412 n03326	93		true
n02830	13	0.7400	n00414	n02646 n04663	920		true
n02831	14	0.7400	n03491 n05214 n05489	n03478 n05608	857		true
n02832	13	0.7400	n01734	n02763 n04216	59		true
n02833	11	0.7400	n04599 n04896	n01150 n04669	214		true
n02834	11	0.7400	n02166	n00704	164		true
n02835	10	0.7400	n03801 n05500	n01044 n01704	99		true
n02836	10	0.7400	n01139	n01220	167		true
n02837	10	0.7400	n03214 n04708	n01911 n03903	118		true
n02838	9	0.7400	n04596 n04696	n00183	70		true
n02839	10	0.7400	n04077	n04978	425		true
n02840	9	0.7400	n02329	n00346 n00857	181		true
n02841	9	0.7400	n00274	n01179	3184		true
n02842	8	0.7400	n02614	n01749	57		true
n02843	8	0.7400	n00605	n00751	127		true
n02844	8	0.7400	n05379	n01302	137		true
n02845	8	0.7400	n03160	n00829	334		true
n02846	7	0.7400	n05104 n06130	n02101	225		true
n02847	7	0.7400	n01020	n02385	85		true
n02848	8	0.7400	n01801	n02069 n04104	213		true
n02849	6	0.7400	n03596	n01624	988		true
n02850	5	0.7400	n01148		154		true
n02851	6	0.7387	n05468 n05790	n01756	478		true
n02852	225	0.7350	n02687	n01079 n01581 n03689 n04549 n05010 n05601 n05686 n05761	1520		true
n02853	26	0.7350	n05420	n00006 n03611	133		true
n02854	26	0.7350	n02776	n02283 n02637	479		true
n02855	20	0.7350		n02203 n05964	238		true
n02856	18	0.7350	n00012	n00048 n03974	40		true
n02857	14	0.7350	n02752	n03028 n05120	222		true
n02858	15	0.7350	n04994	n03486 n04084	239		true
n02859	13	0.7350	n02690 n03181	n00611 n03651	363		true
n02860	12	0.7350	n05958	n00619	266		true
n02861	11	0.7350	n03016 n05897	n01544 n03203	106		true
n02862	10	0.7350	n03673 n05715 n05723	n01703 n03143	729		true
n02863	13	0.7350	n00418	n04627 n05620 n05671	299		true
n02864	10	0.7350	n03156	n04060	743		true
n02865	8	0.7350	n03163	n00365	94		true
n02866	9	0.7350	n05122	n00943 n05939	41		true
n02867	7	0.7350	n05551	n02269	351		true
n02868	6	0.7350	n05787 n06167		41		true
n02869	5	0.7350	n02696 n03963		54		true
n02870	5	0.7350	n05015		249		true
n02871	54	0.7300		n01078 n01398 n02543	535		true
n02872	37	0.7300	n03207 n04554	n03418 n04735	461		true
n02873	20	0.7300	n04555	n00275 n05665	625		true
n02874	19	0.7300	n05262	n00413	70		true
n02875	19	0.7300		n00021 n04274	61		true
n02876	18	0.7300	n05157	n00032 n05375	365		true
n02877	17	0.7300	n01801	n01600 n04757	4228		true
n02878	18	0.7300	n05587	n02328 n03437	244		true
n02879	16	0.7300	n00269	n03105	145		true
n02880	15	0.7300	n00781	n03089 n05293	969		true
n02881	13	0.7300	n00011	n00962 n01892	69		true
n02882	12	0.7300	n04897	n00096 n04547	752		true
n02883	10	0.7300	n04257	n01314 n01711	469		true
n02884	9	0.7300	n03735 n04320	n00725	146		true
n02885	10	0.7300	n04532	n03757	392		true
n02886	9	0.7300	n05284	n01230 n01396	64		true
n02887	11	0.7300	n05825	n02682	605		true
n02888	8	0.7300	n04196 n04603	n01242	233		true
n02889	8	0.7300	n03930	n01725	264		true
n02890	7	0.7300	n03092 n05288		88		true
n02891	7	0.7300	n03210	n01441	612		true
n02892	6	0.7300	n00074	n01193	46		true
n02893	6	0.7300	n06054		597		true
n02894	6	0.7300	n03782 n06034	n01875	393		true
n02895	5	0.7300	n03619		71		true
n02896	39	0.7250	n04684	n02503 n03669	253		true
n02897	25	0.7250	n03522 n04736	n01421 n01683	776		true
n02898	21	0.7250	n03956	n01810 n04655	200		true
n02899	19	0.7250	n05576	n00520	128		true
n02900	20	0.7250	n01730	n02695 n04997	200		true
n02901	13	0.7250	n03919 n06022	n00150 n00918	162		true
n02902	12	0.7250	n02507	n00975 n05067	61		true
n02903	13	0.7250	n01132	n03868 n05127	899		true
n02904	13	0.7250	n05647	n00879 n02651	179		true
n02905	10	0.7250	n02640	n00486 n00676	284		true
n02906	9	0.7250	n03501	n00897	132		true
n02907	9	0.7250	n02203	n01220	171		true
n02908	10	0.7250	n05057	n03321 n04680	57		true
n02909	8	0.7250	n01801 n04589	n00212	118		true
n02910	9	0.7250	n01202	n01552	60		true
n02911	8	0.7250	n03426	n02773	27		true
n02912	8	0.7250	n05784	n00384 n01056	1088		true
n02913	8	0.7250	n02473	n01324 n02101	50		true
n02914	7	0.7250	n04047 n04604	n01062 n01946	54		true
n02915	7	0.7250	n04529		113		true
n02916	7	0.7250	n05692	n01979	946		true
n02917	7	0.7250	n05297	n01669	186		true
n02918	7	0.7250	n03079 n04659 n06084	n01760	1679		true
n02919	6	0.7250	n00610	n01841	294		true
n02920	6	0.7250	n03465		36		true
n02921	6	0.7250	n05129	n02233	843		true
n02922	6	0.7250	n03092	n01717	66		true
n02923	7	0.7236	n00110		224		true
n02924	5	0.7208	n00115		20		true
n02925	179	0.7200	n04684 n04940	n00064 n00683 n01886	2449		true
n02926	70	0.7200	n04630	n02199 n03207 n04554	538		true
n02927	46	0.7200	n01076	n03775 n04155	180		true
n02928	40	0.7200	n03209	n01186 n03951	719		true
n02929	30	0.7200	n06130	n01682 n05590	298		true
n02930	31	0.7200	n02608	n03693 n03695	657		true
n02931	30	0.7200	n03093 n03823	n00119 n02963	162		true
n02932	20	0.7200	n02437	n02076 n04031	355		true
n02933	16	0.7200	n04349 n05898	n01345 n05460	376		true
n02934	17	0.7200	n05575	n00626 n00888	274		true
n02935	16	0.7200	n03179	n01745 n04483	242		true
n02936	16	0.7200	n04989 n05371	n01888 n03532	92		true
n02937	16	0.7200	n03369 n05103 n05764	n03024 n03223	104		true
n02938	16	0.7200	n01766	n00164 n03319 n05503	651		true
n02939	15	0.7200	n02751	n00281 n05565	398		true
n02940	14	0.7200		n00060	552		true
n02941	13	0.7200	n03267 n03888	n02626 n04046	87		true
n02942	13	0.7200	n03886 n04353	n02672 n06101 n06184	246		true
n02943	12	0.7200	n02165	n00177 n05632	185		true
n02944	11	0.7200	n00419	n00316 n01799	199		true
n02945	10	0.7200	n02510	n01039 n01296	115		true
n02946	11	0.7200	n03765 n05501	n00985 n01420	207		true
n02947	10	0.7200	n04684	n00573	539		true
n02948	10	0.7200	n05726	n00172	84		true
n02949	9	0.7200	n04257	n00347 n01985	2374		true
n02950	8	0.7200	n04281	n00592	242		true
n02951	7	0.7200	n03225	n00750	61		true
n02952	7	0.7200	n05553	n01449	406		true
n02953	7	0.7200	n06172	n00595	48		true
n02954	6	0.7200	n04257	n02024	37		true
n02955	6	0.7200	n03373 n03505 n05346	n02432	25		true
n02956	6	0.7200	n06096		78		true
n02957	6	0.7200	n03274 n03277	n02456	522		true
n02958	6	0.7200	n05591	n01314	39		true
n02959	5	0.7200	n03560 n05662		73		true
n02960	5	0.7150	n01694		49		true
n02961	2192	0.7150		n00026 n00274 n00356 n00401 n00413 n00433 n00473 n00516 n00715 n00731 n00783 n00840 n00951 n01099 n01150 n01399 n01504 n01587 n01635 n01750 n01975 n02644 n02687 n02728 n02756 n02760 n02967 n02998 n03045 n03073 n03121 n03122 n03147 n03160 n03193 n03224 n03250 n03263 n03335 n03363 n03520 n03667 n03762 n03826 n03899 n03914 n03984 n04062 n04072 n04079 n04080 n04092 n04108 n04182 n04204 n04284 n04302 n04355 n04367 n04393 n04432 n04441 n04545 n04600 n04648 n04724 n04732 n04771 n04772 n04773 n04779 n04792 n04794 n04815 n04854 n04880 n04890 n04936 n04940 n04957 n04983 n04988 n05001 n05073 n05090 n05092 n05123 n05125 n05134 n05152 n05192 n05227 n05258 n05259 n05261 n05321 n05326 n05337 n05354 n05362 n05389 n05438 n05447 n05448 n05480 n05498 n05569 n05580 n05598 n05654 n05695 n05704 n05782 n05817 n05832 n05837 n05870 n05916 n05921 n05922 n05937 n05948 n05952 n05961 n05967 n06001 n06071 n06117 n06119 n06162 n06176 n06178	9212		true
n02962	40	0.7150	n05091	n03407 n03565 n03607	210		true
n02963	20	0.7150	n01764 n02931 n04738	n01638 n05902	93		true
n02964	17	0.7150	n04191 n04697	n00548 n06093	273		true
n02965	13	0.7150	n03270	n00534 n05680	1801		true
n02966	13	0.7150	n05444	n00970 n04328	1787		true
n02967	12	0.7150	n02961 n04684	n03808	1099		true
n02968	10	0.7150	n04894	n02680 n03658	93		true
n02969	8	0.7150	n01204	n00979	77		true
n02970	7	0.7150	n05507		102		true
n02971	7	0.7150	n00061	n02501	140		true
n02972	7	0.7150	n04257	n01056	961		true
n02973	7	0.7150	n04892 n05978		977		true
n02974	7	0.7150	n01820	n01240	703		true
n02975	6	0.7150	n02010 n02368 n05291	n00673	443		true
n02976	5	0.7150	n05397 n05737		91		true
n02977	5	0.7150	n06035		31		true
n02978	5	0.7150	n02616 n04846		765		true
n02979	5	0.7121	n01811 n03139		85		true
n02980	54	0.7100	n04257	n01582 n05104 n06130	307		true
n02981	46	0.7100	n04257	n01803 n04886	675		true
n02982	37	0.7100	n02776	n02637 n05224	582		true
n02983	37	0.7100	n05528	n02116 n05427 n06097	677		true
n02984	22	0.7100	n05365	n00408 n04457	907		true
n02985	22	0.7100	n03458	n04751 n05442 n05908	327		true
n02986	18	0.7100	n06074	n04998 n05283	323		true
n02987	15	0.7100	n03884 n05164	n02006 n03536	220		true
n02988	15	0.7100	n02502	n00872 n01839	403		true
n02989	14	0.7100	n01732	n00617 n02643	187		true
n02990	14	0.7100	n05440	n00072	129		true
n02991	13	0.7100	n03270 n03774	n00534 n03594	1234		true
n02992	13	0.7100	n04079	n01963 n05559 n05741	141		true
n02993	10	0.7100	n02471	n00898	776		true
n02994	9	0.7100	n03102	n02059	224		true
n02995	9	0.7100	n03957	n02739 n03090	3793		true
n02996	8	0.7100	n03103 n04257	n01791 n02426	292		true
n02997	8	0.7100	n04605	n00835	364		true
n02998	8	0.7100	n02961 n04684 n04999	n01176	34		true
n02999	9	0.7100	n01855 n04649 n05065	n00352	208		true
n03000	8	0.7100	n04991 n05589	n01165	744		true
n03001	8	0.7100	n02760	n00914	43		true
n03002	7	0.7100	n00423	n01380	32		true
n03003	7	0.7100	n05662		90		true
n03004	7	0.7100	n03373 n05171	n01797	236		true
n03005	7	0.7100	n02123	n01247	94		true
n03006	6	0.7100	n00697	n02093	85		true
n03007	7	0.7100	n00961	n02420	388		true
n03008	6	0.7100	n04546 n05004	n01063	35		true
n03009	6	0.7100	n03538 n05688	n01874	256		true
n03010	64	0.7050	n01678	n02197 n03834 n05456	1088		true
n03011	38	0.7050	n05478	n00685 n03362	1153		true
n03012	38	0.7050	n05262 n05316	n03495 n04154	373		true
n03013	32	0.7050	n05695	n05890	241		true
n03014	21	0.7050	n04024	n05016 n05381	396		true
n03015	20	0.7050	n01805	n00016 n04898	1094		true
n03016	19	0.7050	n05269	n02861 n05173	130		true
n03017	16	0.7050	n05163	n02290 n03623	251		true
n03018	16	0.7050	n04163 n05102	n02721 n03033 n05251	689		true
n03019	16	0.7050	n01732	n01924 n05998	102		true
n03020	15	0.7050	n01679	n00291 n05983	139		true
n03021	15	0.7050	n03985	n02806 n03082	268		true
n03022	12	0.7050	n04425	n00429 n01824	7		true
n03023	12	0.7050	n03560	n00104	482		true
n03024	11	0.7050	n02937 n05336	n00163	81		true
n03025	12	0.7050	n04477	n01698 n06065	163		true
n03026	12	0.7050	n03222 n04392	n03137	68		true
n03027	8	0.7050	n05605	n01364	64		true
n03028	7	0.7050	n02480 n02857	n01367	156		true
n03029	7	0.7050		n01173	51		true
n03030	7	0.7050	n04684	n00840	79		true
n03031	6	0.7050	n00276	n01502	14		true
n03032	6	0.7050	n03866		96		true
n03033	7	0.7050	n03018	n02347	689		true
n03034	6	0.7050		n01379	56		true
n03035	5	0.7050	n05299 n05984		172		true
n03036	43	0.7000	n05528	n00266 n01953	562		true
n03037	26	0.7000	n04686	n03672 n04595 n05444	1829		true
n03038	17	0.7000	n01078	n00420 n06092	186		true
n03039	16	0.7000	n03334 n03610	n02288 n02551	206		true
n03040	16	0.7000	n05831	n01036 n06041	443		true
n03041	13	0.7000	n03335	n00290 n03109	49		true
n03042	13	0.7000	n03065	n00106	374		true
n03043	11	0.7000	n05113	n03942	102		true
n03044	10	0.7000	n03770	n05997	96		true
n03045	9	0.7000	n02961 n04684	n00813	203		true
n03046	8	0.7000	n04606	n01673	51		true
n03047	8	0.7000	n04658 n05116	n01619	1039		true
n03048	7	0.7000	n00058	n01671	26		true
n03049	7	0.7000	n01690		92		true
n03050	7	0.7000	n01686 n06171		97		true
n03051	6	0.7000	n01087	n01941	74		true
n03052	6	0.7000	n02556	n02431	90		true
n03053	6	0.7000	n00072	n02190	36		true
n03054	5	0.7000	n05799		234		true
n03055	7	0.6985	n01890	n01668	188		true
n03056	5	0.6984	n00090		10		true
n03057	7	0.6970	n00291		111		true
n03058	40	0.6950	n05817	n01997 n04471	166		true
n03059	32	0.6950	n00002	n03060 n04800	368		true
n03060	30	0.6950	n03059	n03492	368		true
n03061	30	0.6950	n05264	n04690 n05485	1788		true
n03062	24	0.6950	n04881	n02244 n04640	36		true
n03063	23	0.6950	n03299 n05529	n05332 n06044	238		true
n03064	21	0.6950	n04473	n03561 n03648	217		true
n03065	17	0.6950	n00009	n03042 n03514	400		true
n03066	15	0.6950	n03673 n05645	n03600 n05181	2081		true
n03067	15	0.6950	n00017	n01536 n02720	625		true
n03068	13	0.6950	n04227 n05486	n00288 n05068	138		true
n03069	13	0.6950	n00407 n05773	n00531 n02725	93		true
n03070	13	0.6950	n04831	n00097 n05924	163		true
n03071	13	0.6950	n03646	n00312 n02135 n04152	105		true
n03072	14	0.6950	n05277	n01930 n03228	1580		true
n03073	14	0.6950	n02961 n04166	n00359 n00724	85		true
n03074	13	0.6950	n01810	n01469 n04765	133		true
n03075	11	0.6950	n02396	n00134	201		true
n03076	11	0.6950	n04257 n06087	n02011	1762		true
n03077	13	0.6950	n00418	n01046 n02679 n04627	317		true
n03078	10	0.6950	n01801	n00471	173		true
n03079	10	0.6950	n03332	n01933 n02918	2026		true
n03080	9	0.6950	n01804	n00811	126		true
n03081	8	0.6950	n03959	n02024	54		true
n03082	8	0.6950	n03021		184		true
n03083	8	0.6950	n00053	n00497	167		true
n03084	8	0.6950	n00875	n01631 n02317	45		true
n03085	7	0.6950	n03988	n00376	152		true
n03086	6	0.6950	n05450	n01616	50		true
n03087	7	0.6950	n01696	n02429	375		true
n03088	7	0.6950	n00701	n01443	608		true
n03089	6	0.6950	n02880 n03930		264		true
n03090	5	0.6935	n02995 n04748		2503		true
n03091	5	0.6919	n04284 n05908		167		true
n03092	1381	0.6900		n00013 n00640 n01077 n01303 n01480 n01882 n02142 n02241 n02286 n02751 n02766 n02890 n02922 n03457 n03650 n03727 n03776 n03798 n03827 n03874 n03957 n03977 n04055 n04067 n04135 n04264 n04314 n04376 n04422 n04423 n04424 n04425 n04450 n04523 n04566 n04572 n04609 n04685 n04818 n04864 n04876 n04889 n04935 n05031 n05037 n05177 n05207 n05208 n05212 n05260 n05263 n05268 n05276 n05416 n05429 n05575 n05664 n05673 n05683 n05787 n05816 n05861 n05866 n06004 n06027 n06062 n06103 n06128 n06132 n06139 n06140 n06167	10679		true
n03093	33	0.6900	n04257	n01764 n02931 n04738	179		true
n03094	31	0.6900	n00684	n03459 n04306	465		true
n03095	34	0.6900	n04071 n05265	n03730 n05431	1156		true
n03096	26	0.6900	n01994 n06007	n01400 n02333	374		true
n03097	24	0.6900	n03727	n03200 n04076	573		true
n03098	18	0.6900	n03523	n00027	1240		true
n03099	17	0.6900	n04947	n00521	147		true
n03100	16	0.6900	n03735	n00725 n04172	332		true
n03101	15	0.6900	n06139	n02042 n02487	226		true
n03102	15	0.6900	n05329	n02994 n04718 n05616 n05802	262		true
n03103	14	0.6900		n01275 n02996	297		true
n03104	12	0.6900	n06014	n02335 n03574	129		true
n03105	14	0.6900	n02879	n03867 n06171	108		true
n03106	10	0.6900	n05717	n01034 n02734	75		true
n03107	10	0.6900	n03779	n01094 n04374	77		true
n03108	10	0.6900	n05598	n00553	127		true
n03109	9	0.6900	n03041	n00345	42		true
n03110	10	0.6900	n03502	n01302 n01987	484		true
n03111	10	0.6900	n04750	n01318 n03688	302		true
n03112	9	0.6900	n03804	n02091	367		true
n03113	8	0.6900	n00070	n00244	107		true
n03114	8	0.6900	n01801	n01050	1027		true
n03115	8	0.6900	n02248	n00593	130		true
n03116	8	0.6900	n04086 n04991	n01831	1165		true
n03117	8	0.6900	n03864	n00738	111		true
n03118	7	0.6900	n06058	n01444	419		true
n03119	6	0.6900	n05853	n01715	122		true
n03120	6	0.6900	n01020	n02385	86		true
n03121	5	0.6900	n02961 n06110		66		true
n03122	34	0.6850	n02961 n04684	n02074 n05541 n05880	776		true
n03123	29	0.6850	n01525	n04348	1634		true
n03124	29	0.6850	n04634	n03331 n04223	386		true
n03125	24	0.6850	n05637	n00095 n04804	151		true
n03126	19	0.6850	n00687	n00150 n01925	336		true
n03127	19	0.6850	n05828	n00418 n03480	325		true
n03128	14	0.6850	n00604	n00117 n01710	1314		true
n03129	12	0.6850	n06088	n02701 n04047	165		true
n03130	13	0.6850	n01401	n01595	863		true
n03131	12	0.6850	n06020	n01354 n04980	52		true
n03132	10	0.6850	n04639	n00194	93		true
n03133	9	0.6850	n04945	n00187	334		true
n03134	9	0.6850	n05224	n01656	67		true
n03135	9	0.6850	n04257	n00645	62		true
n03136	9	0.6850	n03502	n01987 n02497	509		true
n03137	9	0.6850	n03026 n04906	n01225 n05142	66		true
n03138	8	0.6850	n04684	n02263	522		true
n03139	9	0.6850	n03154	n01611 n02979	341		true
n03140	7	0.6850	n04277	n00584	34		true
n03141	7	0.6850	n03774 n04761 n05910		223		true
n03142	7	0.6850	n05789	n01499 n02155	55		true
n03143	6	0.6850	n02862		81		true
n03144	5	0.6850	n01348		920		true
n03145	8	0.6834	n03310 n04601		140		true
n03146	66	0.6800	n03823	n01459 n05947	170		true
n03147	61	0.6800	n02961 n04684	n04189 n05108	541		true
n03148	50	0.6800	n04016	n04308 n05411	2631		true
n03149	41	0.6800	n04257 n05089	n05425 n05578	874		true
n03150	36	0.6800	n05038	n00522 n05698	619		true
n03151	35	0.6800		n00792 n01200	110		true
n03152	34	0.6800	n03297	n00143 n00780	114		true
n03153	34	0.6800	n01524 n04636	n01700 n05955	856		true
n03154	21	0.6800	n05209	n01811 n03139	460		true
n03155	19	0.6800	n05431	n03597 n03836	389		true
n03156	16	0.6800	n04641	n01641 n02864	743		true
n03157	17	0.6800	n01268	n05849 n05912	363		true
n03158	14	0.6800	n00003	n01772 n01873	115		true
n03159	13	0.6800	n03466	n00099 n04965 n05623	102		true
n03160	12	0.6800	n02961 n04684	n00613 n02845	334		true
n03161	11	0.6800	n03857	n02257 n05516	103		true
n03162	10	0.6800	n05714	n01291 n01427	143		true
n03163	11	0.6800	n03582 n05727	n01550 n02865	114		true
n03164	9	0.6800	n05339 n05909	n00643	93		true
n03165	9	0.6800	n02438	n01287	90		true
n03166	9	0.6800	n02398	n00742 n02384	162		true
n03167	8	0.6800	n05175 n05278	n00500	72		true
n03168	8	0.6800	n03665	n00826	224		true
n03169	8	0.6800	n00605 n05900	n00751 n01306	232		true
n03170	9	0.6800	n03591	n01377 n05526	42		true
n03171	8	0.6800	n05338	n00821	48		true
n03172	7	0.6800	n00064	n00842	29		true
n03173	6	0.6800	n00094		120		true
n03174	6	0.6800	n00886	n01119	107		true
n03175	6	0.6800	n05945	n01796	221		true
n03176	6	0.6800	n01275	n01114	93		true
n03177	101	0.6750	n02820	n03420 n04106 n04431 n04455	1635		true
n03178	36	0.6750	n04832	n03524 n04637	339		true
n03179	30	0.6750	n04190	n02935 n03265	602		true
n03180	22	0.6750	n01805	n00016 n01289	390		true
n03181	18	0.6750	n01529	n02859 n03675	363		true
n03182	14	0.6750	n04395 n04945	n01467	805		true
n03183	13	0.6750	n02075	n05185 n05360	145		true
n03184	13	0.6750	n02440	n01088	151		true
n03185	12	0.6750	n01329	n02332 n04552 n05183	177		true
n03186	12	0.6750	n00016 n04898	n00797	368		true
n03187	11	0.6750	n04481	n00196	207		true
n03188	11	0.6750	n04020 n05908	n02100 n05518	254		true
n03189	11	0.6750		n00457 n03194	110		true
n03190	9	0.6750	n05055	n00209	109		true
n03191	8	0.6750	n01951 n04123	n00666	277		true
n03192	8	0.6750	n06039	n00913	112		true
n03193	8	0.6750	n02961 n04684	n00220	46		true
n03194	8	0.6750	n03189	n00850	72		true
n03195	9	0.6750	n06146	n01164 n05083	69		true
n03196	7	0.6750	n00957	n00919	186		true
n03197	7	0.6750	n04280	n01628	36		true
n03198	7	0.6750	n03776	n02194	53		true
n03199	7	0.6750	n03742		89		true
n03200	7	0.6750	n03097 n05767	n01908	49		true
n03201	6	0.6750	n03333 n04270		39		true
n03202	6	0.6750	n04660 n05395	n01385	143		true
n03203	6	0.6734	n02861 n03247		26		true
n03204	5	0.6734	n03410 n04544		145		true
n03205	5	0.6701	n00131		50		true
n03206	77	0.6700	n02798	n02360 n04119	815		true
n03207	62	0.6700	n02926	n01958 n02872 n03584	532		true
n03208	42	0.6700	n05363	n01107 n01995 n03422	318		true
n03209	42	0.6700	n00683	n02801 n02928	726		true
n03210	38	0.6700		n01793 n02608 n02891	663		true
n03211	25	0.6700	n03459	n03311 n03830	465		true
n03212	23	0.6700	n00515	n00407 n05773	228		true
n03213	25	0.6700	n01079	n03216 n03499	184		true
n03214	23	0.6700	n03693	n02837 n05899	225		true
n03215	18	0.6700	n01804 n03886	n02672 n03468	655		true
n03216	18	0.6700	n02440 n03213	n01088 n05109	141		true
n03217	17	0.6700	n01801	n01923	318		true
n03218	18	0.6700	n05046	n03403 n05911	1916		true
n03219	16	0.6700		n02476 n03631 n03780 n03929	92		true
n03220	14	0.6700	n03498 n05105	n01591 n04582	234		true
n03221	14	0.6700	n05165	n00793 n04759	241		true
n03222	15	0.6700	n03304	n02260 n03026	100		true
n03223	12	0.6700	n02937 n05776	n00163 n01162	91		true
n03224	11	0.6700	n02961 n04684	n00306	432		true
n03225	10	0.6700	n04257	n01418 n02951	240		true
n03226	9	0.6700	n05114	n00221	102		true
n03227	9	0.6700	n03302	n01445 n01545	85		true
n03228	10	0.6700	n03072 n03990	n02732 n05474	1547		true
n03229	8	0.6700	n06165	n01434	76		true
n03230	9	0.6700	n03505	n05197	825		true
n03231	8	0.6700	n02664	n00830	399		true
n03232	7	0.6700	n01343	n01235	141		true
n03233	7	0.6700	n04046 n05788	n02022	57		true
n03234	7	0.6700	n01821	n01716	164		true
n03235	6	0.6700	n02087	n00858	79		true
n03236	6	0.6700	n02652	n01877	559		true
n03237	5	0.6683	n00529		6		true
n03238	28	0.6650	n04257	n00009 n01787	473		true
n03239	17	0.6650	n02689	n01269	78		true
n03240	16	0.6650	n03826	n00723 n01019	607		true
n03241	15	0.6650	n02544 n06020	n01354 n04571	62		true
n03242	14	0.6650	n01921	n01691 n02597	275		true
n03243	13	0.6650	n05833	n00094	130		true
n03244	12	0.6650	n04476	n01969 n02086	1027		true
n03245	12	0.6650	n05648	n00964	335		true
n03246	11	0.6650	n01524	n00622 n02306	119		true
n03247	11	0.6650	n05173	n01966 n03203	30		true
n03248	11	0.6650	n02694 n03831	n01350	384		true
n03249	10	0.6650	n03615 n05537	n04419	332		true
n03250	8	0.6650	n02961 n04684		724		true
n03251	8	0.6650	n06159		261		true
n03252	7	0.6650	n00047	n01879	54		true
n03253	7	0.6650	n05504		91		true
n03254	7	0.6650	n02162 n04850 n05125	n00373	37		true
n03255	8	0.6650	n03707	n05034	115		true
n03256	7	0.6650	n02248	n00593	127		true
n03257	7	0.6650	n01801	n01048	37		true
n03258	6	0.6650	n01058	n01727	1499		true
n03259	6	0.6650	n00956 n05230		772		true
n03260	5	0.6650	n05182		87		true
n03261	6	0.6650	n00108 n04684	n01876	381		true
n03262	8	0.6633	n04312	n01456	71		true
n03263	31	0.6600	n02961 n04684	n01634 n03896	127		true
n03264	31	0.6600	n04257	n03784 n04122 n04558	625		true
n03265	27	0.6600	n03179	n04483 n05703	593		true
n03266	24	0.6600	n05699	n01893 n04693	649		true
n03267	21	0.6600	n02580	n02941 n03801	159		true
n03268	18	0.6600	n01582	n04034	34		true
n03269	18	0.6600	n00011 n05158	n03859 n05058 n05117	83		true
n03270	17	0.6600	n04224	n02965 n02991	1928		true
n03271	11	0.6600	n05331	n00184 n04926	145		true
n03272	12	0.6600	n05823	n01553 n03630	98		true
n03273	11	0.6600	n01335 n04391	n00820	137		true
n03274	12	0.6600	n04198	n02957 n04295	605		true
n03275	11	0.6600	n03920 n05494	n00636 n01575	149		true
n03276	10	0.6600	n03923	n01830 n02486	142		true
n03277	10	0.6600	n04198	n02957 n03817	524		true
n03278	10	0.6600	n03960 n05922	n00803	581		true
n03279	9	0.6600	n01812	n00815	100		true
n03280	9	0.6600	n01812 n04801	n00906	191		true
n03281	9	0.6600	n01923	n02147	241		true
n03282	8	0.6600		n01433 n01832	91		true
n03283	8	0.6600	n04600	n01608	95		true
n03284	9	0.6600	n02005	n00849 n01362	266		true
n03285	8	0.6600	n00051	n00576	142		true
n03286	7	0.6600	n00524 n03741		37		true
n03287	7	0.6600	n00532	n00587	166		true
n03288	8	0.6600	n04494	n01500 n04416	487		true
n03289	6	0.6600	n00086		50		true
n03290	6	0.6600	n03913	n01195	843		true
n03291	6	0.6600	n06056	n01984	91		true
n03292	6	0.6600	n03898	n00387	323		true
n03293	6	0.6600	n02715	n02536	127		true
n03294	6	0.6600	n04234 n04715	n02346	86		true
n03295	5	0.6600	n03599		1146		true
n03296	61	0.6550		n03606 n03825 n04252	1296		true
n03297	38	0.6550	n02198 n05207	n03152	125		true
n03298	34	0.6550	n03520	n02780 n04394	249		true
n03299	34	0.6550	n05883	n02243 n03063	465		true
n03300	34	0.6550	n01077	n03918 n04461 n05346 n06133	1002		true
n03301	33	0.6550	n03914	n00686 n04576	476		true
n03302	31	0.6550	n05885	n03227 n05953	306		true
n03303	30	0.6550	n05414	n03910 n04202 n05464 n05588	460		true
n03304	21	0.6550	n04786	n03222 n04392	114		true
n03305	21	0.6550	n03494	n00146 n01206	335		true
n03306	20	0.6550	n02743 n05896	n01353 n03563	71		true
n03307	13	0.6550	n00688	n00078	415		true
n03308	13	0.6550	n04029	n02208	332		true
n03309	14	0.6550	n05775	n01778	2314		true
n03310	12	0.6550	n03830 n05275	n02049 n02606 n03145	300		true
n03311	11	0.6550	n03211 n04169	n01978 n02409	298		true
n03312	11	0.6550	n00033	n00138	296		true
n03313	10	0.6550	n04123	n01660	227		true
n03314	10	0.6550	n04983	n00650 n06126	186		true
n03315	10	0.6550	n02551	n01974	191		true
n03316	9	0.6550	n01687	n00991	70		true
n03317	9	0.6550	n03860	n02375 n02489	65		true
n03318	10	0.6550	n04838	n02092 n05082	135		true
n03319	8	0.6550	n02289 n02938	n00932	651		true
n03320	7	0.6550	n00056		55		true
n03321	7	0.6550	n02908		49		true
n03322	7	0.6550			2176		true
n03323	7	0.6550	n03470	n01069	78		true
n03324	6	0.6550	n05393		47		true
n03325	6	0.6550	n03435 n04398		45		true
n03326	6	0.6550	n02829		43		true
n03327	5	0.6515	n00694		86		true
n03328	25	0.6500	n05096	n01684 n02431 n02718 n05291	528		true
n03329	24	0.6500	n01801	n00692 n01655	421		true
n03330	21	0.6500	n04738	n01638 n06081	135		true
n03331	21	0.6500	n03124	n03421	386		true
n03332	20	0.6500	n05367	n03079 n06084	2088		true
n03333	20	0.6500		n02286 n03201 n03336	73		true
n03334	20	0.6500	n02160	n03039 n03370	222		true
n03335	18	0.6500	n02961 n04684	n00954 n03041 n04217	81		true
n03336	15	0.6500	n03333	n00875	58		true
n03337	12	0.6500	n01801	n02407 n04000	124		true
n03338	13	0.6500	n01812	n00815 n00906	157		true
n03339	11	0.6500	n00274	n01179 n03381	2096		true
n03340	11	0.6500	n00270 n03465	n01031	43		true
n03341	10	0.6500	n04257	n00913 n05757	1170		true
n03342	9	0.6500	n01264 n05266	n01251 n03382	34		true
n03343	9	0.6500	n03491 n04168 n05214	n01448	260		true
n03344	9	0.6500	n03730	n03763	427		true
n03345	9	0.6500	n05225	n00354	975		true
n03346	9	0.6500		n00642 n05808	552		true
n03347	8	0.6500	n04606 n05003	n01673	44		true
n03348	8	0.6500	n01687	n00922	67		true
n03349	9	0.6500	n03964	n04301	496		true
n03350	8	0.6500	n01961	n00678 n02499	29		true
n03351	8	0.6500	n03421	n01049	176		true
n03352	8	0.6500	n04846		221		true
n03353	7	0.6500	n03422		82		true
n03354	7	0.6500	n04257	n01570	39		true
n03355	7	0.6500	n04450	n01120	277		true
n03356	6	0.6500	n05497	n02111	374		true
n03357	6	0.6500		n02525	54		true
n03358	6	0.6500	n04711 n05747		293		true
n03359	5	0.6482	n04765 n06048		57		true
n03360	76	0.6450	n01198 n05415	n01626 n02119 n05151	666		true
n03361	51	0.6450	n00401	n03394 n04221	110		true
n03362	29	0.6450	n03011	n01390 n01805	1101		true
n03363	24	0.6450	n02961 n04684	n02364 n05829	66		true
n03364	25	0.6450	n01883	n04199 n05168	1056		true
n03365	22	0.6450	n04156	n02394 n04904	256		true
n03366	21	0.6450	n00684	n04534 n05275	300		true
n03367	21	0.6450	n03393	n03937 n04395	823		true
n03368	21	0.6450	n05765	n02002 n02214 n05465	696		true
n03369	20	0.6450	n04885 n05820	n02937 n04706	127		true
n03370	17	0.6450	n03334	n02288 n05138	222		true
n03371	14	0.6450	n04267	n01976 n02207	1785		true
n03372	14	0.6450	n04257	n04229	208		true
n03373	13	0.6450	n02754 n05771	n02618 n02955 n03004	240		true
n03374	10	0.6450	n02327 n04028 n05112	n00186 n02226	218		true
n03375	10	0.6450	n04360 n05651	n01428 n02793	126		true
n03376	10	0.6450	n02286	n01601	68		true
n03377	9	0.6450	n00404	n00909 n01371	38		true
n03378	9	0.6450	n03565	n01095	188		true
n03379	8	0.6450	n00072	n01712 n02537	98		true
n03380	7	0.6450	n01801		307		true
n03381	7	0.6450	n01336 n03339	n01373	1004		true
n03382	6	0.6450	n03342		29		true
n03383	6	0.6450	n00612		91		true
n03384	6	0.6450	n02472 n05660	n01520	25		true
n03385	6	0.6450	n00964 n05112	n02144	102		true
n03386	6	0.6450	n05706		281		true
n03387	7	0.6450	n05360	n01121	48		true
n03388	6	0.6450	n04041	n02307	63		true
n03389	5	0.6450	n01030 n04451		59		true
n03390	5	0.6450	n03539		152		true
n03391	7	0.6432	n00067		158		true
n03392	34	0.6400	n04345	n03853 n05524 n05935	699		true
n03393	30	0.6400	n03764 n05153	n03367 n03917	1006		true
n03394	23	0.6400	n03361	n00518	23		true
n03395	26	0.6400	n04793	n02401 n03435 n03961	124		true
n03396	23	0.6400	n04257	n00877 n03861 n03921	504		true
n03397	21	0.6400	n01011	n00073 n02556	144		true
n03398	21	0.6400	n02541	n04650 n05834	576		true
n03399	18	0.6400	n04991	n00042 n01831	778		true
n03400	14	0.6400	n05834	n00353 n02131 n02764	304		true
n03401	13	0.6400	n00018	n00118	1		true
n03402	13	0.6400	n05540	n02082 n04776	82		true
n03403	13	0.6400	n03218	n01774 n03483	1451		true
n03404	12	0.6400	n04684	n00444 n00921	1548		true
n03405	16	0.6400	n01801	n02334 n02514 n05390	733		true
n03406	12	0.6400	n03855 n04432	n00156 n00908	14		true
n03407	11	0.6400	n02962	n00451 n01826	95		true
n03408	9	0.6400	n02798 n05443	n00341	109		true
n03409	9	0.6400	n01811	n00630	166		true
n03410	8	0.6400	n00278	n00823 n03204	145		true
n03411	8	0.6400	n04651	n01940 n02141	178		true
n03412	8	0.6400	n05666	n01245	219		true
n03413	7	0.6400	n02643 n04485	n01008	163		true
n03414	6	0.6400	n01465 n04915		110		true
n03415	6	0.6382	n02728	n00941	38		true
n03416	5	0.6364	n02085 n05009 n05681		29		true
n03417	40	0.6350	n05090	n01328 n04230 n04733	986		true
n03418	31	0.6350	n02872	n03955	280		true
n03419	27	0.6350	n04257	n00022 n02613	213		true
n03420	19	0.6350	n03177	n02166 n02639	178		true
n03421	18	0.6350	n03331 n04223	n01640 n03351	386		true
n03422	17	0.6350	n03208	n01202 n03353	103		true
n03423	19	0.6350	n02610	n01531 n04436	2381		true
n03424	16	0.6350	n02393	n00064	72		true
n03425	15	0.6350	n05272	n00053	307		true
n03426	14	0.6350	n04221	n02911 n04767	62		true
n03427	18	0.6350	n02468	n01960 n04608	212		true
n03428	14	0.6350	n04257 n04842	n02140 n06168	5725		true
n03429	12	0.6350	n03829	n01146 n02138	347		true
n03430	11	0.6350	n05052	n02088 n03812	574		true
n03431	13	0.6350	n02325	n01650 n06104	261		true
n03432	11	0.6350	n03882	n01604 n03906	100		true
n03433	11	0.6350	n04730 n04876	n02215	44		true
n03434	11	0.6350	n01801 n06152	n01112 n02566	614		true
n03435	10	0.6350	n03395 n06146	n03325 n05147	54		true
n03436	10	0.6350		n00484 n02493	393		true
n03437	10	0.6350	n02878	n02629 n03760 n04825	88		true
n03438	9	0.6350	n04320 n04835	n00725 n02312	171		true
n03439	9	0.6350	n03531	n00988	301		true
n03440	8	0.6350	n03962	n01233	190		true
n03441	8	0.6350	n04684	n00573	1380		true
n03442	8	0.6350	n04903	n00762	480		true
n03443	9	0.6350	n05462	n00561	247		true
n03444	8	0.6350			70		true
n03445	7	0.6350	n04168 n04357	n01448	119		true
n03446	7	0.6350	n03807	n00834	27		true
n03447	7	0.6350	n04850	n00989	43		true
n03448	7	0.6350	n05706		845		true
n03449	7	0.6350	n04735 n06046	n01171	333		true
n03450	6	0.6350			66		true
n03451	6	0.6350	n02699 n04859	n02428	33		true
n03452	6	0.6350	n02695	n02529	44		true
n03453	6	0.6350	n01345	n01842	181		true
n03454	6	0.6350	n02444 n03674	n01795	163		true
n03455	5	0.6350	n05012 n05850		19		true
n03456	6	0.6332	n04614 n05374	n02528	1709		true
n03457	59	0.6300	n03092	n04342 n04727	1384		true
n03458	32	0.6300	n03581	n02985 n04020	908		true
n03459	29	0.6300	n03094	n03211 n05275	465		true
n03460	27	0.6300	n02504	n00028 n00959	675		true
n03461	24	0.6300	n03725	n02327 n05327	373		true
n03462	22	0.6300	n02241	n01585 n04444 n05907	239		true
n03463	23	0.6300	n02778	n03787 n05436	297		true
n03464	24	0.6300	n05827	n05719 n05831	466		true
n03465	18	0.6300	n00516 n01635	n02920 n03340	72		true
n03466	16	0.6300	n01918 n05271	n02004 n03159	121		true
n03467	20	0.6300	n03951 n04884	n02665 n05841	39		true
n03468	14	0.6300	n03215	n04713	655		true
n03469	12	0.6300	n00778	n01935 n03900 n05308	256		true
n03470	11	0.6300	n03859 n04744	n00706 n03323	82		true
n03471	10	0.6300	n01083	n01217 n02012	213		true
n03472	10	0.6300	n05442	n00327 n04381	283		true
n03473	9	0.6300	n01801	n00337	37		true
n03474	8	0.6300	n00046	n01104	224		true
n03475	8	0.6300	n01801	n01437	928		true
n03476	8	0.6300	n05452	n01297 n02492	172		true
n03477	8	0.6300		n00484	191		true
n03478	8	0.6300	n02831	n01490	785		true
n03479	7	0.6300	n05340	n01243	45		true
n03480	7	0.6300	n03127		113		true
n03481	7	0.6300	n01801		1154		true
n03482	7	0.6300			887		true
n03483	7	0.6300	n03403	n00939	352		true
n03484	6	0.6300	n06101		91		true
n03485	6	0.6300	n03767 n04719 n05710	n01186	39		true
n03486	6	0.6300	n02858	n01568	131		true
n03487	6	0.6300	n04572	n02496	112		true
n03488	5	0.6300	n02296 n05244		43		true
n03489	5	0.6294	n00092		84		true
n03490	32	0.6250	n01803	n02117 n04279	401		true
n03491	26	0.6250	n04879	n01825 n02831 n03343 n05071 n06055	928		true
n03492	29	0.6250	n03060	n03771 n03828 n03898	360		true
n03493	25	0.6250	n03798	n00603 n04959	386		true
n03494	24	0.6250	n05694	n02181 n03305	335		true
n03495	21	0.6250	n03012 n05700	n01735 n03568	324		true
n03496	22	0.6250	n00686	n01885	449		true
n03497	20	0.6250	n03916 n05894	n06143	30		true
n03498	18	0.6250	n05705	n03220 n05060	234		true
n03499	18	0.6250	n03213	n01088 n04283	169		true
n03500	14	0.6250	n00520	n00697 n03753	112		true
n03501	13	0.6250	n04795	n01406 n02906	227		true
n03502	15	0.6250	n05774	n03110 n03136 n05249	530		true
n03503	12	0.6250	n03923	n00487 n01830	194		true
n03504	15	0.6250	n04690	n02212 n03758	1557		true
n03505	12	0.6250	n02754	n02955 n03230	825		true
n03506	11	0.6250	n04524 n06026	n02595 n04146	226		true
n03507	10	0.6250	n03920 n06021	n00322	431		true
n03508	8	0.6250	n04609		167		true
n03509	8	0.6250	n02547	n00208	62		true
n03510	8	0.6250		n01162 n02487	65		true
n03511	8	0.6250	n04684	n01750 n02434	120		true
n03512	7	0.6250	n03706		245		true
n03513	7	0.6250	n00606	n01510	72		true
n03514	7	0.6250	n01643 n03065		92		true
n03515	7	0.6250	n01272	n01259	72		true
n03516	8	0.6250	n05729	n00579	75		true
n03517	5	0.6231	n05181		84		true
n03518	8	0.6224	n00067	n01109	129		true
n03519	5	0.6202	n00134		80		true
n03520	45	0.6200	n02961 n04684	n00067 n03298	368		true
n03521	35	0.6200	n02741	n00867 n01758	357		true
n03522	34	0.6200	n01132	n00430 n02897	777		true
n03523	28	0.6200	n05528	n00266 n03098	1271		true
n03524	28	0.6200	n03178	n03966 n03983 n05106	336		true
n03525	26	0.6200	n04731	n00007 n04756	708		true
n03526	26	0.6200	n04521	n00114 n00523 n04446	1391		true
n03527	22	0.6200	n05155	n03698 n05484	268		true
n03528	16	0.6200	n04257	n03927 n04443 n05344	337		true
n03529	14	0.6200	n03919	n00334 n02370	430		true
n03530	12	0.6200	n04742	n00343 n01111	69		true
n03531	12	0.6200	n05324	n00533 n03439 n05087	572		true
n03532	12	0.6200	n02936	n02797 n04290	45		true
n03533	12	0.6200	n04786	n02517 n04013 n04975	611		true
n03534	11	0.6200	n00952	n00473 n05140	514		true
n03535	10	0.6200	n05909	n00643 n02058	330		true
n03536	10	0.6200	n02987 n04263	n02089	119		true
n03537	10	0.6200	n04257	n00184	91		true
n03538	9	0.6200	n02079	n03009	541		true
n03539	10	0.6200	n04603	n03390 n05519	763		true
n03540	9	0.6200	n00528	n02605 n03555	328		true
n03541	9	0.6200	n01688	n00195 n01677	2456		true
n03542	8	0.6200	n00279		498		true
n03543	9	0.6200	n00032	n02736	363		true
n03544	8	0.6200	n00043	n00226	198		true
n03545	7	0.6200	n04570	n00987	52		true
n03546	7	0.6200	n04684 n05945		98		true
n03547	7	0.6200	n04271	n01910	93		true
n03548	6	0.6200	n04959		117		true
n03549	6	0.6200	n03568	n02149	176		true
n03550	6	0.6200	n05781		64		true
n03551	6	0.6200	n04486		503		true
n03552	6	0.6200	n00540	n01181	603		true
n03553	6	0.6200	n01801	n01175	76		true
n03554	6	0.6200	n02172 n04173		85		true
n03555	5	0.6181	n03540		47		true
n03556	5	0.6181	n02087		144		true
n03557	27	0.6150	n02116	n05322 n06026	283		true
n03558	23	0.6150	n04021	n05558 n05898	402		true
n03559	21	0.6150	n05267	n01329	236		true
n03560	19	0.6150	n06008	n02959 n03023 n03719 n05376	488		true
n03561	18	0.6150	n03064	n04749 n06155	194		true
n03562	18	0.6150	n01135 n06003	n00784	156		true
n03563	16	0.6150	n03306 n04521	n00523	71		true
n03564	16	0.6150	n01268	n02783 n05204	538		true
n03565	15	0.6150	n02962 n05761	n02043 n03378	188		true
n03566	14	0.6150	n00953	n01851	81		true
n03567	15	0.6150	n01398 n02543	n01338 n01596	134		true
n03568	13	0.6150	n03495 n04154 n05105	n01591 n03549	201		true
n03569	12	0.6150	n00033	n00138 n01559	340		true
n03570	11	0.6150	n03690	n00142	105		true
n03571	10	0.6150	n05726	n00172	37		true
n03572	11	0.6150	n05107	n01357 n04828 n05990	117		true
n03573	10	0.6150	n00408	n00761	153		true
n03574	9	0.6150	n03104	n01577	124		true
n03575	9	0.6150		n01173	78		true
n03576	6	0.6150	n05552		42		true
n03577	5	0.6150	n04365		106		true
n03578	6	0.6142	n04129	n01726	15		true
n03579	8	0.6131	n00699	n00222	58		true
n03580	55	0.6100	n04258	n04633 n04789	1110		true
n03581	36	0.6100	n05948	n01223 n03458	914		true
n03582	30	0.6100		n02322 n03163	380		true
n03583	22	0.6100	n04161	n04356 n05054 n05217	601		true
n03584	22	0.6100	n02199 n03207	n01651 n05592	94		true
n03585	22	0.6100	n01801	n00605 n05900	365		true
n03586	17	0.6100	n06138	n00049 n00983	901		true
n03587	15	0.6100	n04257	n00544 n02129	584		true
n03588	13	0.6100	n04257	n02726 n06186	163		true
n03589	13	0.6100	n04024	n02479 n05016	396		true
n03590	13	0.6100	n02666	n02172 n04142	140		true
n03591	14	0.6100	n01269	n01415 n03170	50		true
n03592	11	0.6100	n02541	n00891 n05628	181		true
n03593	9	0.6100	n06017	n00557 n03792	88		true
n03594	9	0.6100	n02991	n00363	228		true
n03595	9	0.6100	n01137 n02120	n00997	138		true
n03596	9	0.6100	n02168	n02681 n02849	995		true
n03597	10	0.6100	n03155 n03730	n03763	337		true
n03598	8	0.6100	n05455	n01493	452		true
n03599	8	0.6100	n04105 n05826	n02058 n03295	1146		true
n03600	9	0.6100	n03066	n00217 n02143	2079		true
n03601	8	0.6100	n01341 n04749	n01628	51		true
n03602	7	0.6100	n01801	n02314	34		true
n03603	8	0.6061	n01144	n01487	51		true
n03604	47	0.6050		n02741 n04411 n05176 n05495	682		true
n03605	39	0.6050		n00573 n06131	1400		true
n03606	36	0.6050	n03296	n02160 n05228	671		true
n03607	32	0.6050	n02962 n05761	n02636 n03609	174		true
n03608	29	0.6050	n04309 n04684	n00090 n01636	132		true
n03609	26	0.6050	n03607	n01731 n05973	174		true
n03610	23	0.6050	n02160	n03039 n03932	331		true
n03611	20	0.6050	n02853	n00953 n03679	104		true
n03612	19	0.6050	n04732 n05527	n00342 n01850	90		true
n03613	14	0.6050	n01636	n00374 n02591	87		true
n03614	13	0.6050		n01590	202		true
n03615	14	0.6050	n04029 n05956	n02208 n03249	332		true
n03616	14	0.6050	n04027 n05886	n02403 n04242	534		true
n03617	14	0.6050	n03696	n01347 n03850	663		true
n03618	12	0.6050	n04841	n00328 n01196	600		true
n03619	13	0.6050	n00784	n00175 n02895	124		true
n03620	13	0.6050	n03986	n03745	404		true
n03621	10	0.6050	n00420	n00448	160		true
n03622	10	0.6050	n02119	n00933	73		true
n03623	11	0.6050	n03017	n04378	160		true
n03624	10	0.6050	n04532	n03757	387		true
n03625	8	0.6050	n06163	n01570	85		true
n03626	9	0.6050	n04684	n00818 n02096	111		true
n03627	8	0.6050	n03961		56		true
n03628	10	0.6050		n02567 n06191	278		true
n03629	7	0.6050	n01801	n01871	61		true
n03630	7	0.6050	n03272	n00749	47		true
n03631	7	0.6050	n02548 n03219	n02227	57		true
n03632	7	0.6050	n02746	n02353	153		true
n03633	7	0.6050	n04257	n01370	77		true
n03634	6	0.6050	n00955	n02430	24		true
n03635	6	0.6050		n02196	105		true
n03636	6	0.6050	n04612	n01673	55		true
n03637	6	0.6050	n01801		67		true
n03638	8	0.6030	n00284 n04361	n05033	241		true
n03639	107	0.6000	n03689 n05261	n01080 n04187	1385		true
n03640	46	0.6000	n05037	n05318 n05424	1456		true
n03641	41	0.6000	n01801	n03954 n04383	665		true
n03642	34	0.6000	n00001	n01529 n02399	366		true
n03643	25	0.6000	n05043	n02445 n05100 n05554	826		true
n03644	21	0.6000	n01528 n06071	n01732	194		true
n03645	19	0.6000	n04635	n01733 n04410	212		true
n03646	18	0.6000	n04159 n06075	n03071 n05838	105		true
n03647	14	0.6000	n05773	n00531	72		true
n03648	14	0.6000	n03064 n06023	n01341 n04280	212		true
n03649	11	0.6000	n04643	n00565 n05250	416		true
n03650	11	0.6000	n03092 n04518 n06005	n01349 n02025	542		true
n03651	10	0.6000	n02859 n05282	n00350	363		true
n03652	9	0.6000	n04983	n00650	107		true
n03653	9	0.6000	n04110	n00583	41		true
n03654	8	0.6000	n00268 n05659	n00360	67		true
n03655	7	0.6000	n00695	n00580 n01130	5		true
n03656	7	0.6000		n00386	55		true
n03657	7	0.6000	n05061	n01456	69		true
n03658	7	0.6000	n02968 n04124		73		true
n03659	6	0.6000	n05743		3342		true
n03660	6	0.6000	n04105	n02528	2248		true
n03661	7	0.5980	n01274 n04539	n01051	50		true
n03662	5	0.5980	n00889		20		true
n03663	75	0.5950	n00401	n04469 n05697	314		true
n03664	49	0.5950	n04684	n04982 n05419	1940		true
n03665	42	0.5950	n05762	n03168 n04734	1004		true
n03666	40	0.5950	n00951	n03737 n05178 n05819	159		true
n03667	23	0.5950	n02961 n04684	n00869 n01543	405		true
n03668	22	0.5950	n04348	n00952 n05543	1021		true
n03669	21	0.5950	n02896	n01332 n06025	240		true
n03670	20	0.5950	n02504 n02779	n00028	2016		true
n03671	22	0.5950	n01951 n06003	n04847 n05232	824		true
n03672	19	0.5950	n03037	n01334 n02029	1039		true
n03673	18	0.5950		n02862 n03066	2081		true
n03674	19	0.5950	n02747	n01648 n03454 n05400	359		true
n03675	15	0.5950	n03181	n01589	363		true
n03676	14	0.5950	n04257	n04963 n06059	292		true
n03677	14	0.5950	n05331	n03842 n04917	232		true
n03678	12	0.5950	n05336 n05709	n00163 n01616	200		true
n03679	11	0.5950	n03611	n00806 n02500	52		true
n03680	13	0.5950	n02326	n01024 n04811 n05753	130		true
n03681	9	0.5950	n04786	n02260	65		true
n03682	8	0.5950	n01801	n01871	82		true
n03683	8	0.5950	n03992 n05463 n05768		167		true
n03684	8	0.5950	n04441	n01038	52		true
n03685	6	0.5950	n04684	n01672	48		true
n03686	6	0.5950	n00881		81		true
n03687	5	0.5950	n05414		26		true
n03688	5	0.5950	n03111		200		true
n03689	127	0.5900	n02852	n00061 n00722 n03639 n04470	1462		true
n03690	52	0.5900	n04258	n02240 n03570	1868		true
n03691	46	0.5900		n02502 n04542	644		true
n03692	27	0.5900	n05421	n00197 n01584	1810		true
n03693	28	0.5900	n02930	n03214 n05486	396		true
n03694	22	0.5900	n05703	n00428 n02405	570		true
n03695	21	0.5900	n02930	n02562 n05486	622		true
n03696	18	0.5900	n05216	n01769 n03617	663		true
n03697	16	0.5900	n04313 n04384	n00046 n01247	227		true
n03698	15	0.5900	n03527 n05636	n01234 n02642	268		true
n03699	14	0.5900	n03920 n06021	n00322 n00636	197		true
n03700	15	0.5900	n02635	n02616 n02809	767		true
n03701	13	0.5900	n03985	n02345 n02806	267		true
n03702	14	0.5900	n05645 n05715	n02334 n05181	735		true
n03703	11	0.5900	n04158	n00441	129		true
n03704	10	0.5900	n05037	n01353	60		true
n03705	10	0.5900	n05650	n00712	124		true
n03706	10	0.5900	n05172	n03512	704		true
n03707	10	0.5900	n02756	n03255	210		true
n03708	11	0.5900	n05837 n05967	n00330 n06121	295		true
n03709	9	0.5900	n05382	n00669	212		true
n03710	9	0.5900	n00087	n00740 n04585	193		true
n03711	8	0.5900	n05845	n01363	44		true
n03712	8	0.5900	n04257 n05707	n00361	36		true
n03713	8	0.5900	n04909 n04962	n01387 n01840	456		true
n03714	8	0.5900	n02553 n02668	n00479	339		true
n03715	8	0.5900	n00410	n02683	134		true
n03716	7	0.5900	n01856	n01115	86		true
n03717	8	0.5900	n01464	n01307	233		true
n03718	7	0.5900	n02334 n05390	n01172	38		true
n03719	6	0.5900	n03560	n02109	61		true
n03720	6	0.5900	n01276	n01503	165		true
n03721	6	0.5900	n04442 n05777	n02071	27		true
n03722	6	0.5867	n00789	n01721	37		true
n03723	42	0.5850	n04684 n05945	n04168 n04357 n04879	956		true
n03724	37	0.5850	n01199	n02466 n05494 n05848	260		true
n03725	36	0.5850	n01801	n03461 n04028 n05648	648		true
n03726	30	0.5850	n01801	n03954 n06144	638		true
n03727	28	0.5850	n03092	n03097 n05767 n06169	592		true
n03728	26	0.5850	n05414	n00267	142		true
n03729	29	0.5850	n04684	n02250 n05828	434		true
n03730	26	0.5850	n03095	n03344 n03597 n03740 n05734	1151		true
n03731	23	0.5850	n02159	n02663 n04428	96		true
n03732	25	0.5850	n02158	n03770 n04478 n04808	267		true
n03733	22	0.5850	n00516 n01635	n00270	63		true
n03734	19	0.5850	n04350 n05696	n02090 n05334	208		true
n03735	19	0.5850	n04835 n05533	n02884 n03100	337		true
n03736	18	0.5850	n06005	n00640 n04438	187		true
n03737	16	0.5850	n02544 n03666	n05287	103		true
n03738	12	0.5850	n05276	n01828	524		true
n03739	12	0.5850	n02752	n02480	171		true
n03740	12	0.5850	n03730	n02083	1114		true
n03741	11	0.5850	n00413	n02219 n03286	67		true
n03742	12	0.5850	n05530	n03199 n05874	137		true
n03743	10	0.5850	n00421	n04009	117		true
n03744	10	0.5850	n04067	n01485	736		true
n03745	10	0.5850	n03620 n06157	n00894	403		true
n03746	9	0.5850	n00016	n01934 n04934	306		true
n03747	9	0.5850	n02041	n00816	226		true
n03748	8	0.5850	n01140	n01252 n02460	104		true
n03749	8	0.5850	n02803	n00654 n01503	184		true
n03750	8	0.5850	n02117 n05956	n01053	332		true
n03751	8	0.5850	n04804	n00660	73		true
n03752	8	0.5850	n04257	n00827	455		true
n03753	7	0.5850	n03500 n05064		109		true
n03754	7	0.5850	n04684	n00745	14		true
n03755	8	0.5850	n04847	n00666	246		true
n03756	8	0.5850	n05845	n01363 n02534	60		true
n03757	7	0.5850	n02885 n03624	n00396	387		true
n03758	7	0.5850	n03504 n05223	n00844	113		true
n03759	6	0.5850	n01801	n01871	126		true
n03760	6	0.5850	n03437		43		true
n03761	6	0.5850	n01648		60		true
n03762	5	0.5850	n02961 n04684		32		true
n03763	6	0.5829	n03344 n03597	n01066	259		true
n03764	87	0.5800	n04186	n03393 n05815	1344		true
n03765	34	0.5800		n02946 n04023	252		true
n03766	31	0.5800	n02277	n01918 n05271 n05720	264		true
n03767	28	0.5800	n05531	n00405 n03485	376		true
n03768	21	0.5800	n04982	n00024 n01239	324		true
n03769	20	0.5800	n05704	n05220 n05549 n05649	218		true
n03770	19	0.5800	n03732	n01028 n02583 n03044	255		true
n03771	18	0.5800	n03492 n05701	n00791 n02624	339		true
n03772	17	0.5800	n05315	n03971 n05652	51		true
n03773	18	0.5800	n01920	n01138 n03993	58		true
n03774	17	0.5800	n04887	n02991 n03141	1270		true
n03775	14	0.5800	n02927	n00057	46		true
n03776	15	0.5800	n03092	n02588 n03198 n06181	113		true
n03777	13	0.5800	n00410	n00124	57		true
n03778	15	0.5800	n02120 n04594	n00326 n05289	78		true
n03779	14	0.5800	n01400	n01466 n03107	346		true
n03780	10	0.5800	n02548 n03219 n04684	n00159 n02227	62		true
n03781	12	0.5800	n04275	n01348	924		true
n03782	10	0.5800	n05954	n02894 n05867	726		true
n03783	9	0.5800	n05378	n01761	108		true
n03784	9	0.5800	n03264	n02570	108		true
n03785	8	0.5800	n04915	n00648	142		true
n03786	7	0.5800	n01084		135		true
n03787	7	0.5800	n03463 n04208		115		true
n03788	7	0.5800	n01848		976		true
n03789	7	0.5800	n04395	n01438	398		true
n03790	7	0.5800	n05345	n02062	62		true
n03791	6	0.5800			113		true
n03792	6	0.5800	n03593 n05845	n02534	74		true
n03793	6	0.5787	n01466 n04235		341		true
n03794	6	0.5779	n00527		94		true
n03795	11	0.5765	n00030	n00154 n02099	12		true
n03796	8	0.5765	n00790	n00577 n01723	218		true
n03797	36	0.5750	n05151	n04115 n05101	636		true
n03798	30	0.5750	n03092	n01222 n03493	422		true
n03799	16	0.5750	n03826	n00109 n00723	259		true
n03800	16	0.5750	n05041	n00956 n05230	1494		true
n03801	15	0.5750	n03267	n02835 n05788	133		true
n03802	13	0.5750	n04116	n00079	221		true
n03803	11	0.5750	n04895 n05430	n00129	27		true
n03804	12	0.5750	n05725	n03112 n04100	427		true
n03805	11	0.5750	n02508	n01282 n01430	65		true
n03806	10	0.5750	n03969	n04244 n04622 n04626	844		true
n03807	10	0.5750	n02200	n03446	45		true
n03808	10	0.5750	n02967	n01100	847		true
n03809	9	0.5750	n06162	n01451	121		true
n03810	9	0.5750	n05834	n00353 n02462	450		true
n03811	10	0.5750	n03955 n04710	n00927 n02518	251		true
n03812	7	0.5750	n03430 n05343	n01106	566		true
n03813	7	0.5750	n05002	n00937	49		true
n03814	7	0.5750		n00654	55		true
n03815	6	0.5750	n04537	n02067	135		true
n03816	6	0.5750	n05369 n06057	n02455	93		true
n03817	6	0.5750	n03277	n02456	95		true
n03818	6	0.5750	n04257		1654		true
n03819	6	0.5750	n05397	n01620	57		true
n03820	6	0.5750	n04257		45		true
n03821	5	0.5750	n05061		40		true
n03822	5	0.5750	n02175		90		true
n03823	77	0.5700	n04257	n01764 n02931 n03146 n04427	213		true
n03824	47	0.5700	n05149 n05364	n00426 n01314 n01679	659		true
n03825	32	0.5700	n03296	n04021 n04349	646		true
n03826	25	0.5700	n02961 n04684	n03240 n03799	638		true
n03827	23	0.5700	n02745 n03092	n02467	150		true
n03828	21	0.5700	n03492 n06011	n02361	343		true
n03829	23	0.5700		n02441 n03429	515		true
n03830	19	0.5700	n03211	n02409 n03310 n03845 n05944	465		true
n03831	18	0.5700	n05770	n00348 n03248	415		true
n03832	17	0.5700	n02781	n00419 n04085	202		true
n03833	17	0.5700	n05036	n00043 n05842	302		true
n03834	15	0.5700	n03010 n04354	n02759 n03962 n05657	244		true
n03835	15	0.5700	n05326	n00423 n03863	88		true
n03836	14	0.5700	n03155	n04651	343		true
n03837	15	0.5700	n00416	n01716 n03904 n04621	236		true
n03838	11	0.5700	n04684	n00221	46		true
n03839	12	0.5700	n06030	n01780 n02176	351		true
n03840	10	0.5700	n01802	n00969 n05806	296		true
n03841	10	0.5700	n02546 n02692	n00453	62		true
n03842	9	0.5700	n03677	n04926	181		true
n03843	8	0.5700	n05635		60		true
n03844	7	0.5700	n05319	n01508	101		true
n03845	7	0.5700	n03830		208		true
n03846	7	0.5700	n01801	n01108	1945		true
n03847	7	0.5700	n02003	n02112	76		true
n03848	7	0.5700	n01801	n02573	155		true
n03849	6	0.5700	n02043 n02077	n00682	82		true
n03850	6	0.5700	n03617		613		true
n03851	5	0.5700	n05005 n05232 n05735		110		true
n03852	31	0.5650	n04257	n02580 n05022	235		true
n03853	28	0.5650	n03392	n04268 n04492 n05859	596		true
n03854	26	0.5650	n04257	n00406 n01103	282		true
n03855	25	0.5650	n05154	n01767 n03406	203		true
n03856	24	0.5650	n02117	n04029 n05537	386		true
n03857	18	0.5650	n03883 n06015	n02547 n03161	103		true
n03858	15	0.5650	n05217	n01898 n02133	555		true
n03859	15	0.5650	n03269	n03470	82		true
n03860	12	0.5650	n00783	n03317 n05943	120		true
n03861	11	0.5650	n03396	n00637 n01161	409		true
n03862	11	0.5650	n01334	n00966 n05517	145		true
n03863	10	0.5650	n03835	n00550	77		true
n03864	12	0.5650	n01639	n03117	124		true
n03865	10	0.5650	n03920 n05494	n00636 n04465	160		true
n03866	11	0.5650	n04684	n00651 n03032	138		true
n03867	9	0.5650	n03105	n01358 n04820	47		true
n03868	9	0.5650	n02903 n05643	n02301	856		true
n03869	8	0.5650	n02759 n03962	n01233	145		true
n03870	9	0.5650	n03956	n02094 n03878	156		true
n03871	7	0.5650	n04257	n01618	671		true
n03872	7	0.5650	n04363 n04903		480		true
n03873	7	0.5650		n01446 n02460	67		true
n03874	7	0.5650	n03092	n02228	197		true
n03875	6	0.5650	n05330	n01906	1126		true
n03876	6	0.5650	n04257	n01617	1178		true
n03877	6	0.5650	n04651	n01066	151		true
n03878	5	0.5650	n03870		84		true
n03879	6	0.5650	n01648	n01627	194		true
n03880	5	0.5632	n01027 n05681		6		true
n03881	6	0.5619	n00299	n01319	97		true
n03882	40	0.5600	n04257	n00866 n03432	238		true
n03883	28	0.5600	n05819	n02609 n03857	139		true
n03884	27	0.5600	n01078 n01801	n02987 n04263	337		true
n03885	25	0.5600	n04257	n00604 n02619 n05928	1373		true
n03886	23	0.5600	n00403	n02942 n03215	677		true
n03887	22	0.5600	n04685	n01685 n05218	1424		true
n03888	20	0.5600	n04559	n00162 n02941	127		true
n03889	21	0.5600	n04946	n02752 n04912	353		true
n03890	19	0.5600		n00971 n05840	1395		true
n03891	16	0.5600	n05586 n05893	n01463 n05786	112		true
n03892	16	0.5600	n05415 n05814 n06129	n00878 n01539	856		true
n03893	18	0.5600	n05434 n05955	n03969 n05914	844		true
n03894	14	0.5600	n04684	n05349 n05607 n05844	118		true
n03895	14	0.5600	n06072	n01736	237		true
n03896	14	0.5600	n03263	n01025 n01612	60		true
n03897	13	0.5600	n00014	n02593 n02740	208		true
n03898	12	0.5600	n02122 n03492	n02624 n03292 n04297	333		true
n03899	9	0.5600	n02961 n04684	n01422	181		true
n03900	9	0.5600	n03469	n01657	256		true
n03901	8	0.5600	n06008	n00986	76		true
n03902	8	0.5600	n02469		196		true
n03903	7	0.5600	n02837		115		true
n03904	7	0.5600	n03837	n00839	131		true
n03905	7	0.5600	n04257	n01314	69		true
n03906	7	0.5600	n03432	n01107	100		true
n03907	7	0.5600	n05835	n01564	394		true
n03908	6	0.5600	n01076 n05852	n01392	89		true
n03909	6	0.5600	n01024	n01720	50		true
n03910	6	0.5600	n03303 n05240	n02531	54		true
n03911	6	0.5600	n04257		46		true
n03912	6	0.5561	n01696		79		true
n03913	65	0.5550	n05814	n00778 n01124 n03290	1111		true
n03914	38	0.5550	n02961 n04684	n00989 n03301	499		true
n03915	34	0.5550	n00951	n04475 n05178 n06015	129		true
n03916	34	0.5550	n05039	n03497 n05273	905		true
n03917	27	0.5550	n03393	n04395 n04945	990		true
n03918	23	0.5550	n00265 n03300 n04347	n01808	853		true
n03919	22	0.5550	n04192	n02901 n03529	487		true
n03920	23	0.5550	n01199	n03275 n03507 n03699 n03865	470		true
n03921	17	0.5550	n03396	n00637 n01861	464		true
n03922	15	0.5550	n04986	n00064 n01759	42		true
n03923	15	0.5550	n05328	n03276 n03503 n06045	250		true
n03924	15	0.5550	n02637	n00424	450		true
n03925	15	0.5550	n01810	n04765 n06048	127		true
n03926	14	0.5550	n05538	n02052 n03972	1061		true
n03927	13	0.5550	n03528	n02515 n02810	337		true
n03928	13	0.5550	n05721	n00298	217		true
n03929	11	0.5550	n02548 n03219 n04684	n00159	84		true
n03930	12	0.5550	n04643	n00565 n02889 n03089	424		true
n03931	11	0.5550	n06021	n00322	2163		true
n03932	10	0.5550	n03610	n01413	183		true
n03933	10	0.5550	n01080 n04805	n00972 n04721	42		true
n03934	11	0.5550	n04896	n01150 n04581	170		true
n03935	11	0.5550	n01801	n02139 n05193	302		true
n03936	11	0.5550	n04902	n02677	1938		true
n03937	10	0.5550	n03367	n01438 n02416	333		true
n03938	9	0.5550	n05961	n00668	253		true
n03939	9	0.5550	n02124 n05098	n02373	55		true
n03940	8	0.5550	n00064	n00842	29		true
n03941	8	0.5550	n05059	n00741	239		true
n03942	7	0.5550	n03043		83		true
n03943	7	0.5550	n04278	n02359	108		true
n03944	7	0.5550	n04684	n00764	365		true
n03945	7	0.5550	n04684	n00921	1543		true
n03946	6	0.5550	n04832 n05123		95		true
n03947	6	0.5550	n06169		74		true
n03948	6	0.5550	n02689 n05854		26		true
n03949	6	0.5528	n04257	n00945	64		true
n03950	36	0.5500	n04684	n01498 n01525	2653		true
n03951	35	0.5500	n02928	n01081 n02549 n03467 n05854	719		true
n03952	36	0.5500	n04732	n01528 n01850	249		true
n03953	31	0.5500	n00004 n02390	n01951	873		true
n03954	28	0.5500	n03641 n03726	n04262	570		true
n03955	28	0.5500	n03418	n02037 n03811	280		true
n03956	24	0.5500	n04257	n02898 n03870	272		true
n03957	19	0.5500	n03092 n04987	n02164 n02995	4424		true
n03958	15	0.5500	n01801	n02477 n05254	383		true
n03959	13	0.5500	n05372	n00843 n03081	115		true
n03960	15	0.5500	n05541	n01451 n03278 n05975	586		true
n03961	15	0.5500	n03395 n05830	n00963 n03627 n04580	82		true
n03962	12	0.5500	n03834	n03440 n03869 n05684	226		true
n03963	13	0.5500	n02000	n00886 n02869	110		true
n03964	13	0.5500	n04079	n01963 n03349	496		true
n03965	13	0.5500	n05100	n01537 n04149	314		true
n03966	12	0.5500	n03524	n01599 n04329	44		true
n03967	12	0.5500	n01801	n00883	50		true
n03968	13	0.5500	n05369	n01896 n04148	166		true
n03969	13	0.5500	n03893 n05711 n05904	n03806 n04677	844		true
n03970	10	0.5500	n04257	n00746 n05567	352		true
n03971	9	0.5500	n03772 n05634	n02027	32		true
n03972	8	0.5500	n03926	n00642	1056		true
n03973	8	0.5500	n04486		2959		true
n03974	7	0.5500	n02856	n01188	40		true
n03975	7	0.5500	n02782		1128		true
n03976	7	0.5500	n04572 n05428	n02496	125		true
n03977	5	0.5500	n03092		118		true
n03978	6	0.5482	n01341		145		true
n03979	6	0.5477	n05180 n05843	n02068	177		true
n03980	6	0.5477	n00302		69		true
n03981	33	0.5450	n05209	n01016 n01811	487		true
n03982	23	0.5450	n02159	n01637	99		true
n03983	21	0.5450	n03524 n04637	n04113	46		true
n03984	19	0.5450	n02961 n04684	n00691 n04130	468		true
n03985	17	0.5450	n02799 n04105	n03021 n03701	305		true
n03986	18	0.5450	n05588	n03620 n05189 n05982 n06157	405		true
n03987	15	0.5450	n02199 n04700	n01958 n04330	127		true
n03988	15	0.5450	n04115	n00332 n03085	166		true
n03989	14	0.5450	n01921	n02597 n02678	288		true
n03990	13	0.5450	n05277	n02212 n03228	1547		true
n03991	12	0.5450	n04157	n01411	2126		true
n03992	13	0.5450	n04122	n03683 n04573	572		true
n03993	12	0.5450	n03773	n00482 n02085	58		true
n03994	12	0.5450	n04482	n00728 n02224	175		true
n03995	11	0.5450	n01270	n00383 n01454	67		true
n03996	10	0.5450	n05315	n01359	38		true
n03997	10	0.5450	n02240	n00319	1601		true
n03998	11	0.5450	n01138	n05681	36		true
n03999	11	0.5450	n00028	n01067 n01748	274		true
n04000	9	0.5450	n03337	n01602	124		true
n04001	9	0.5450		n02183 n05198	140		true
n04002	9	0.5450	n05916	n01422 n02461	229		true
n04003	10	0.5450	n04159 n04602 n06075	n02794	1033		true
n04004	9	0.5450		n01304 n04063	80		true
n04005	8	0.5450	n05692	n01255	32		true
n04006	8	0.5450	n05040	n00847	200		true
n04007	8	0.5450	n01853	n00219	223		true
n04008	8	0.5450	n01639	n00738 n02421	109		true
n04009	7	0.5450	n03743	n01293	117		true
n04010	7	0.5450	n02804		186		true
n04011	6	0.5450	n01637	n02070	74		true
n04012	7	0.5450	n05860	n01368 n02427	367		true
n04013	6	0.5450	n03533		76		true
n04014	6	0.5450	n05000 n05654	n02344	192		true
n04015	5	0.5450	n05102 n05610		258		true
n04016	54	0.5400	n04259	n03148 n06095	2632		true
n04017	45	0.5400	n02239	n04070 n05423	2509		true
n04018	34	0.5400	n04877	n04561 n05586	364		true
n04019	31	0.5400	n02688	n00202 n01918	233		true
n04020	28	0.5400	n03458	n02367 n03188 n04751 n05442 n05991	775		true
n04021	26	0.5400	n03825	n03558	646		true
n04022	30	0.5400		n01080 n04805 n05445	298		true
n04023	23	0.5400	n03765 n05266	n01014	86		true
n04024	24	0.5400	n05818	n03014 n03589	396		true
n04025	23	0.5400	n05362	n02162 n04850	294		true
n04026	22	0.5400	n04384	n00105 n02123	161		true
n04027	20	0.5400	n05891	n03616 n06036	925		true
n04028	18	0.5400	n03725	n00333 n03374	250		true
n04029	19	0.5400	n03856	n03308 n03615 n05246	341		true
n04030	19	0.5400	n05962	n00938 n04362	91		true
n04031	18	0.5400	n02932	n00528 n01174	328		true
n04032	18	0.5400	n04693	n01746 n04038	393		true
n04033	16	0.5400	n01801 n05949	n01901 n02589 n04905	839		true
n04034	16	0.5400	n03268	n00055 n01324	26		true
n04035	16	0.5400	n05422	n01472 n02046	267		true
n04036	16	0.5400	n00014	n00051 n02593	922		true
n04037	13	0.5400	n04886 n05372	n02024 n02789	232		true
n04038	12	0.5400	n04032 n04597	n00089	171		true
n04039	12	0.5400	n05335	n01236 n02412	384		true
n04040	12	0.5400	n01329	n02332	186		true
n04041	14	0.5400	n01733	n00608 n03388	177		true
n04042	11	0.5400	n05221 n06072	n00817	58		true
n04043	10	0.5400		n02705	136		true
n04044	10	0.5400	n01462	n02303	121		true
n04045	10	0.5400	n05055	n00209	170		true
n04046	11	0.5400	n02941	n03233	75		true
n04047	10	0.5400	n03129	n02914	87		true
n04048	9	0.5400	n00422	n00466	85		true
n04049	9	0.5400	n04832		86		true
n04050	9	0.5400	n05319	n02019	1167		true
n04051	8	0.5400	n04257		172		true
n04052	8	0.5400	n02553		1612		true
n04053	8	0.5400	n04257	n02140	6185		true
n04054	8	0.5400	n04445	n00915	236		true
n04055	8	0.5400	n03092	n00501	1351		true
n04056	8	0.5400	n00030	n02099 n02653	24		true
n04057	7	0.5400	n04155	n01392	89		true
n04058	7	0.5400	n04904	n01724	108		true
n04059	7	0.5400			78		true
n04060	7	0.5400	n02864 n04305	n01007	457		true
n04061	7	0.5400	n06023		282		true
n04062	7	0.5400	n02961 n04684	n00854	25		true
n04063	6	0.5400	n04004 n06037	n02490	67		true
n04064	6	0.5400	n04684 n05945	n02388	29		true
n04065	5	0.5393	n02616 n05799		304		true
n04066	7	0.5354	n02209 n04473		306		true
n04067	134	0.5350	n03092	n01431 n02509 n02635 n03744 n04846 n05046 n05200 n05432 n05545 n05699	2353		true
n04068	54	0.5350	n02634 n04941	n00232 n01523 n04107	933		true
n04069	41	0.5350	n04308	n04369 n05418 n05932	2631		true
n04070	41	0.5350	n04017	n01201 n02752 n06111	2207		true
n04071	35	0.5350	n04519	n03095	1156		true
n04072	29	0.5350	n02961 n04684	n04429 n05640	718		true
n04073	24	0.5350	n02036	n01013	173		true
n04074	22	0.5350	n00867	n00409 n01959	260		true
n04075	24	0.5350	n05822	n02002 n02214 n04317	1491		true
n04076	21	0.5350	n03097 n05767	n05379 n05774	530		true
n04077	17	0.5350	n04684	n02839 n05114	425		true
n04078	16	0.5350	n04992	n05055	186		true
n04079	16	0.5350	n02961 n04684	n02992 n03964	496		true
n04080	14	0.5350	n02961 n04684	n00199 n00717	87		true
n04081	14	0.5350	n02391	n01941 n05459	185		true
n04082	14	0.5350	n01801	n05388 n05666	243		true
n04083	12	0.5350	n04955	n00537 n05512	238		true
n04084	12	0.5350	n02858	n00795	207		true
n04085	11	0.5350	n03832	n00316	149		true
n04086	14	0.5350	n05166	n03116 n05556	2442		true
n04087	10	0.5350	n00417	n01035	197		true
n04088	11	0.5350		n05514	240		true
n04089	10	0.5350	n05725	n02091 n02813	467		true
n04090	9	0.5350		n00209	81		true
n04091	9	0.5350	n04684	n01497 n05475	185		true
n04092	10	0.5350	n02961 n04954 n05729	n00579	249		true
n04093	8	0.5350		n00754	278		true
n04094	8	0.5350	n04257	n00487	2839		true
n04095	9	0.5350	n06047	n00846 n02181	129		true
n04096	8	0.5350	n05179	n01556	235		true
n04097	7	0.5350	n04257	n00833	93		true
n04098	7	0.5350	n04257	n01615	224		true
n04099	7	0.5350	n01408	n01168 n01674	105		true
n04100	6	0.5350	n03804	n02458	253		true
n04101	6	0.5350	n01801		859		true
n04102	6	0.5350	n02802	n02238	64		true
n04103	5	0.5350			7		true
n04104	5	0.5350	n02848		213		true
n04105	84	0.5300		n01446 n01786 n03599 n03660 n03985 n04971 n05319 n05339 n05909 n06063 n06120	3352		true
n04106	66	0.5300	n03177	n04266 n05949	1612		true
n04107	46	0.5300	n04068	n00045 n01012	930		true
n04108	29	0.5300	n02961 n04684	n02441 n04698	523		true
n04109	22	0.5300	n01265	n05054 n05196 n05335	997		true
n04110	21	0.5300	n04684	n02470 n03653	65		true
n04111	19	0.5300	n04257	n00045 n01610	40		true
n04112	19	0.5300	n02242 n05044	n02601 n05167	74		true
n04113	18	0.5300	n03983	n00485 n00786	39		true
n04114	18	0.5300	n01801	n04397 n04442 n05777	135		true
n04115	18	0.5300	n03797	n03988 n04540	166		true
n04116	16	0.5300		n00719 n03802	221		true
n04117	16	0.5300	n04225	n00061	191		true
n04118	16	0.5300	n05273	n00046 n05119	905		true
n04119	16	0.5300	n03206	n02064 n02326	130		true
n04120	15	0.5300	n04985	n01530 n04231	1307		true
n04121	17	0.5300	n04692 n05318	n01817 n05242	1421		true
n04122	16	0.5300	n03264	n03992 n05463	572		true
n04123	17	0.5300	n04743	n03191 n03313 n05351 n05401	284		true
n04124	15	0.5300	n04894	n00798 n02649 n03658	199		true
n04125	13	0.5300	n02469	n02402 n04810	188		true
n04126	13	0.5300	n01685 n05218	n02445 n05356	1424		true
n04127	11	0.5300	n01804	n00132	655		true
n04128	11	0.5300	n04555	n00471 n00830	427		true
n04129	11	0.5300	n00027	n00715 n03578	72		true
n04130	12	0.5300	n03984	n01352	420		true
n04131	10	0.5300	n04888	n01784	105		true
n04132	11	0.5300	n01141	n01597 n05140	474		true
n04133	10	0.5300	n04840	n00166	70		true
n04134	10	0.5300	n02161	n02371	430		true
n04135	10	0.5300	n03092 n06029	n02730	399		true
n04136	9	0.5300	n04392	n01225 n02020	55		true
n04137	9	0.5300	n04486 n05731		130		true
n04138	10	0.5300	n01198 n05292	n02500 n04925	1280		true
n04139	10	0.5300	n02401	n04580	78		true
n04140	8	0.5300	n04684	n00999	68		true
n04141	8	0.5300	n01405	n00845	243		true
n04142	8	0.5300	n03590 n05605	n01364	83		true
n04143	8	0.5300	n05948	n01223	322		true
n04144	7	0.5300	n02585	n01307	109		true
n04145	7	0.5300	n02641 n06093		56		true
n04146	7	0.5300	n03506 n05050	n01614	200		true
n04147	6	0.5300	n01650 n06060	n01981	244		true
n04148	6	0.5300	n03968	n01518 n02455	26		true
n04149	6	0.5300	n03965 n05554	n01010	186		true
n04150	6	0.5300	n05692		60		true
n04151	8	0.5276	n01642		83		true
n04152	9	0.5253	n03071 n05838	n00925	103		true
n04153	44	0.5250	n04188	n01583 n02162 n02439	537		true
n04154	33	0.5250	n03012	n00413 n03568	344		true
n04155	33	0.5250	n02927	n02507 n04057 n05391 n05714	180		true
n04156	29	0.5250	n02541	n00891 n03365	303		true
n04157	28	0.5250	n06004	n02779 n03991	2126		true
n04158	27	0.5250	n04387	n01806 n03703 n04851	235		true
n04159	25	0.5250	n05950	n03646 n04003	1036		true
n04160	26	0.5250	n06133	n01827 n02754	825		true
n04161	25	0.5250	n01265	n03583 n05196	928		true
n04162	25	0.5250	n04883	n00819 n05328	462		true
n04163	19	0.5250	n04257	n03018	713		true
n04164	18	0.5250	n01133	n01586 n05595	55		true
n04165	19	0.5250	n04257 n04476	n02086 n04995	698		true
n04166	17	0.5250	n04684	n03073 n04662	119		true
n04167	14	0.5250	n05371 n05590	n01033 n01888	88		true
n04168	15	0.5250	n03723	n01825 n03343 n03445 n05015	428		true
n04169	14	0.5250	n00684	n03311	319		true
n04170	13	0.5250	n01801 n04632	n00467 n00708	271		true
n04171	13	0.5250	n02437	n01533	121		true
n04172	13	0.5250	n03100	n00702 n05792	330		true
n04173	11	0.5250	n02666	n03554	102		true
n04174	9	0.5250	n05176	n00380 n02352	304		true
n04175	8	0.5250	n04533 n05285	n00732	64		true
n04176	8	0.5250	n05536	n00365	100		true
n04177	8	0.5250	n05414	n01711	458		true
n04178	7	0.5250	n00779	n02145	175		true
n04179	10	0.5250	n06165	n01434 n05405	97		true
n04180	7	0.5250	n06054		717		true
n04181	7	0.5250		n01234	223		true
n04182	6	0.5250	n02961 n04684	n01980	1897		true
n04183	6	0.5250	n04688	n02319	67		true
n04184	5	0.5250			163		true
n04185	5	0.5226	n01801 n05650		334		true
n04186	105	0.5200	n01801	n01577 n02611 n03764	1391		true
n04187	87	0.5200	n03639	n02827 n05887 n05950 n05962	1378		true
n04188	84	0.5200	n05362	n04153 n06002	850		true
n04189	48	0.5200	n03147	n01011 n04853	535		true
n04190	36	0.5200	n01801	n03179 n05433	602		true
n04191	29	0.5200	n06006	n01085 n02964 n06166	280		true
n04192	25	0.5200	n01996	n03919	494		true
n04193	24	0.5200	n06001	n00269	154		true
n04194	19	0.5200	n01884	n00410 n06149	155		true
n04195	17	0.5200	n01801	n00421	185		true
n04196	15	0.5200	n04950	n02888 n06170	3239		true
n04197	15	0.5200	n05833	n00094 n02342	158		true
n04198	15	0.5200		n03274 n03277	607		true
n04199	14	0.5200	n03364	n02785	1011		true
n04200	14	0.5200	n00007	n00701	610		true
n04201	13	0.5200	n01681	n01020 n04401	86		true
n04202	14	0.5200	n03303	n00472 n00894	426		true
n04203	12	0.5200	n04702	n01894 n04619	139		true
n04204	12	0.5200	n02961 n04684	n01962	127		true
n04205	12	0.5200	n05374	n00128 n02528	1709		true
n04206	11	0.5200	n02281	n00316	157		true
n04207	11	0.5200	n05110	n00533 n02447	289		true
n04208	10	0.5200	n02778	n01545 n03787	115		true
n04209	9	0.5200		n00729	195		true
n04210	8	0.5200		n01429	64		true
n04211	8	0.5200	n01336	n01373	1751		true
n04212	7	0.5200	n00280		127		true
n04213	7	0.5200	n00608	n00503	78		true
n04214	7	0.5200	n00106	n00491	188		true
n04215	7	0.5200	n01801		53		true
n04216	6	0.5200	n01534 n02832	n01762	41		true
n04217	5	0.5200	n03335 n05580		39		true
n04218	5	0.5200	n06064		53		true
n04219	6	0.5178	n01688	n02032	2132		true
n04220	30	0.5150	n04630	n02199 n04700	155		true
n04221	31	0.5150	n03361 n05697	n03426 n05483 n05560	109		true
n04222	32	0.5150	n04734	n00781 n02247	1002		true
n04223	27	0.5150	n03124	n03421 n05766	386		true
n04224	22	0.5150	n04474	n03270 n04887	1952		true
n04225	20	0.5150	n05768	n04117 n05679	236		true
n04226	18	0.5150	n01135	n00285 n00805	136		true
n04227	16	0.5150	n05899	n03068	223		true
n04228	14	0.5150	n05832	n00111	578		true
n04229	11	0.5150	n03372 n05783	n00151	188		true
n04230	10	0.5150	n03417 n05000	n00710	204		true
n04231	10	0.5150	n04120	n00170	902		true
n04232	10	0.5150	n04692	n01101	164		true
n04233	9	0.5150	n01958	n01224	107		true
n04234	9	0.5150	n04647	n03294	112		true
n04235	9	0.5150	n00693	n03793	341		true
n04236	9	0.5150	n01084	n00461	866		true
n04237	8	0.5150	n04891	n02146	104		true
n04238	8	0.5150		n02223	305		true
n04239	8	0.5150	n02719	n00844	128		true
n04240	7	0.5150	n01801		606		true
n04241	7	0.5150	n04684	n01612	59		true
n04242	7	0.5150	n03616 n05062		526		true
n04243	7	0.5150	n06082		186		true
n04244	7	0.5150	n03806		844		true
n04245	7	0.5150	n06175	n00851	253		true
n04246	6	0.5150	n00289	n02419	5		true
n04247	6	0.5150	n05500		89		true
n04248	6	0.5150	n01465		111		true
n04249	6	0.5150	n05342 n05784	n01056	736		true
n04250	6	0.5150			62		true
n04251	6	0.5150	n05298	n01566	77		true
n04252	6	0.5150	n03296		900		true
n04253	6	0.5146	n00435		67		true
n04254	6	0.5127	n00445 n04780	n00770	44		true
n04255	6	0.5126	n01030	n01751	35		true
n04256	7	0.5126	n02334	n01172 n02143	220		true
n04257	3264	0.5100		n00000 n00035 n00079 n00169 n00188 n00205 n00217 n00314 n00402 n00902 n01058 n01135 n01139 n01191 n01433 n01688 n01859 n01996 n02127 n02158 n02161 n02163 n02203 n02219 n02221 n02280 n02300 n02442 n02634 n02655 n02666 n02765 n02776 n02805 n02829 n02883 n02949 n02954 n02972 n02980 n02981 n02996 n03076 n03093 n03135 n03149 n03225 n03238 n03264 n03341 n03354 n03372 n03396 n03419 n03428 n03528 n03537 n03587 n03588 n03633 n03676 n03712 n03752 n03818 n03820 n03823 n03852 n03854 n03871 n03876 n03882 n03885 n03905 n03911 n03949 n03956 n03970 n04051 n04053 n04094 n04097 n04098 n04111 n04163 n04165 n04288 n04292 n04307 n04363 n04379 n04404 n04440 n04452 n04459 n04462 n04505 n04583 n04631 n04634 n04639 n04645 n04653 n04659 n04668 n04670 n04678 n04689 n04694 n04750 n04785 n04788 n04791 n04830 n04831 n04839 n04841 n04883 n04897 n04903 n04932 n04941 n04942 n04943 n04955 n05048 n05080 n05084 n05093 n05102 n05131 n05132 n05136 n05149 n05156 n05162 n05165 n05211 n05226 n05235 n05240 n05243 n05253 n05272 n05278 n05292 n05297 n05309 n05324 n05329 n05331 n05342 n05343 n05355 n05363 n05364 n05372 n05373 n05385 n05393 n05410 n05414 n05462 n05468 n05469 n05478 n05490 n05500 n05506 n05507 n05514 n05522 n05550 n05555 n05568 n05600 n05610 n05676 n05679 n05690 n05691 n05692 n05693 n05700 n05705 n05716 n05725 n05738 n05744 n05746 n05758 n05769 n05770 n05775 n05783 n05784 n05790 n05794 n05805 n05807 n05863 n05871 n05915 n05940 n05941 n05992 n05994 n06003 n06006 n06068 n06069 n06096 n06105 n06107 n06108 n06124 n06131 n06161 n06163 n06175 n06187 n06189 n06190 n06191	13318		true
n04258	107	0.5100		n03580 n03690	2047		true
n04259	74	0.5100	n04831	n02107 n04016 n05215	2656		true
n04260	49	0.5100	n04943	n04636 n04964	901		true
n04261	47	0.5100	n05088	n04477 n04687 n05934 n06160	763		true
n04262	27	0.5100	n03954	n04962 n06013	510		true
n04263	22	0.5100	n03884	n00420 n03536	251		true
n04264	20	0.5100	n03092	n00112 n02126	301		true
n04265	19	0.5100	n01012	n00414	920		true
n04266	18	0.5100	n01801 n04106	n02584	139		true
n04267	18	0.5100	n05479	n03371 n04445	1813		true
n04268	18	0.5100	n03853	n01609 n02169	593		true
n04269	17	0.5100	n05436	n01887	241		true
n04270	17	0.5100	n02820	n02166 n03201	168		true
n04271	17	0.5100		n02828 n03547	173		true
n04272	15	0.5100	n04886	n01646 n02789	329		true
n04273	15	0.5100	n05047	n02511	153		true
n04274	16	0.5100	n02875	n02774 n05574	59		true
n04275	13	0.5100	n04314	n03781	924		true
n04276	13	0.5100	n01801	n00085	215		true
n04277	13	0.5100	n05368	n00726 n03140	86		true
n04278	11	0.5100	n05888 n05945	n00126 n03943	116		true
n04279	11	0.5100	n03490 n05906	n01153 n04504	293		true
n04280	11	0.5100	n03648	n01899 n03197	210		true
n04281	11	0.5100	n00040	n02950	242		true
n04282	10	0.5100	n05479	n00633	133		true
n04283	10	0.5100	n03499	n00335	144		true
n04284	9	0.5100	n02961 n04684	n01759 n03091	167		true
n04285	10	0.5100	n04684	n02817 n05245	58		true
n04286	10	0.5100	n04646	n00482	354		true
n04287	10	0.5100	n04554	n02814	251		true
n04288	11	0.5100	n04257	n04922 n05867	994		true
n04289	8	0.5100	n04432 n05154	n00908	11		true
n04290	8	0.5100	n01888 n03532	n01845	30		true
n04291	8	0.5100	n01801		101		true
n04292	8	0.5100	n04257	n01495	85		true
n04293	9	0.5100	n01923	n05873	263		true
n04294	7	0.5100	n01888	n01292	73		true
n04295	7	0.5100	n03274 n05658		542		true
n04296	9	0.5100	n02468	n05993	150		true
n04297	7	0.5100	n03898	n00387	145		true
n04298	7	0.5100	n01822	n01915	90		true
n04299	6	0.5100	n02170 n05064	n02435	14		true
n04300	6	0.5100	n02207		455		true
n04301	6	0.5100	n01963 n03349 n05559	n01728	115		true
n04302	5	0.5100	n02961 n04684		15		true
n04303	5	0.5100	n04958		86		true
n04304	7	0.5096	n00432	n01293	71		true
n04305	11	0.5075	n01641	n00924 n04060	457		true
n04306	8	0.5075	n01592 n03094	n00733	96		true
n04307	5	0.5075	n04257		49		true
n04308	44	0.5050	n03148	n04069 n05825	2631		true
n04309	40	0.5050		n03608 n05821	240		true
n04310	30	0.5050	n05635	n02437	367		true
n04311	24	0.5050	n01680	n01529	366		true
n04312	19	0.5050	n04988	n03262 n04399 n05061	103		true
n04313	19	0.5050	n04944	n02282 n03697	227		true
n04314	20	0.5050	n03092	n02471 n04275	1222		true
n04315	17	0.5050	n01806	n00441 n02560	148		true
n04316	18	0.5050	n04561	n02325 n02614 n06060	298		true
n04317	16	0.5050	n04075	n00082 n02771	1487		true
n04318	16	0.5050	n02750	n00160 n00940 n01111	55		true
n04319	16	0.5050	n04592	n01736 n04913	393		true
n04320	15	0.5050	n01802	n02884 n03438 n04782	193		true
n04321	13	0.5050	n05950	n00289	112		true
n04322	13	0.5050	n01014	n01251 n02216 n04509	31		true
n04323	11	0.5050	n05480	n00539	153		true
n04324	11	0.5050	n02169	n00616 n05413	427		true
n04325	10	0.5050	n04589	n00712 n05687	167		true
n04326	10	0.5050	n04684	n02379 n02601	55		true
n04327	11	0.5050	n01801	n00554 n01437	1193		true
n04328	9	0.5050	n02966	n00197	1787		true
n04329	9	0.5050	n03966 n04637	n00485	29		true
n04330	8	0.5050	n03987 n05384	n01224	94		true
n04331	8	0.5050	n01735	n01670	225		true
n04332	8	0.5050	n01960 n04563	n01311	122		true
n04333	7	0.5050			37		true
n04334	7	0.5050	n00290 n06172	n00595	41		true
n04335	7	0.5050	n02119		51		true
n04336	6	0.5050	n05423	n01187	2062		true
n04337	6	0.5050	n05129		869		true
n04338	6	0.5050	n04699 n05017		132		true
n04339	5	0.5050	n01801		454		true
n04340	6	0.5025	n02546		168		true
n04341	62	0.5000	n04631	n01041 n02824 n06010	407		true
n04342	51	0.5000	n03457	n00458 n04834 n06145	769		true
n04343	45	0.5000	n05038	n00010 n01135	674		true
n04344	44	0.5000	n04633	n01952 n05818	542		true
n04345	38	0.5000	n01801	n03392 n04409	705		true
n04346	29	0.5000	n05821	n00538 n01636	190		true
n04347	34	0.5000	n01077	n03918 n04461 n05346 n06133	1002		true
n04348	26	0.5000	n03123	n02603 n03668	1529		true
n04349	25	0.5000	n03825	n02933 n05611 n06148	628		true
n04350	25	0.5000	n02711 n05576	n03734 n05977	286		true
n04351	22	0.5000	n04558	n01156 n04843	615		true
n04352	20	0.5000	n05208	n00519 n06150	290		true
n04353	19	0.5000	n00403	n00811 n02942	285		true
n04354	19	0.5000	n05691	n03834 n05378	263		true
n04355	18	0.5000	n02961 n04684	n00606 n00717	135		true
n04356	18	0.5000	n03583	n01898 n02592 n05839	372		true
n04357	17	0.5000	n03723	n00720 n01825 n03445 n05015	340		true
n04358	16	0.5000	n04561	n01713 n02614	300		true
n04359	16	0.5000	n02441	n00219 n01146	340		true
n04360	16	0.5000	n05772	n03375 n05066	194		true
n04361	15	0.5000	n00782	n03638 n05392	241		true
n04362	14	0.5000	n04030	n01020 n01844	87		true
n04363	15	0.5000	n04257	n02700 n03872 n04861	537		true
n04364	11	0.5000	n05422	n01472 n01979	112		true
n04365	11	0.5000	n05692	n01472 n03577	133		true
n04366	11	0.5000	n02168	n00721 n01624	156		true
n04367	10	0.5000	n02961 n04684	n01661	144		true
n04368	10	0.5000	n02397	n00710 n02355	261		true
n04369	9	0.5000	n04069 n05825	n00191	2602		true
n04370	8	0.5000	n02804	n00502	267		true
n04371	8	0.5000	n01801	n01555	60		true
n04372	7	0.5000	n00288 n05068	n01457 n01718	56		true
n04373	7	0.5000	n02402	n01453	62		true
n04374	7	0.5000	n03107		58		true
n04375	8	0.5000	n01814	n02306	229		true
n04376	7	0.5000	n03092		72		true
n04377	7	0.5000	n06097		97		true
n04378	7	0.5000	n02290 n03623		131		true
n04379	6	0.5000	n04257		1268		true
n04380	6	0.5000			155		true
n04381	6	0.5000	n03472 n05908	n00947	272		true
n04382	5	0.5000	n04718 n05616		81		true
n04383	34	0.4950	n03641	n01387 n05889	319		true
n04384	34	0.4950	n01327	n03697 n04026	326		true
n04385	30	0.4950	n00866	n00955 n06078	223		true
n04386	29	0.4950	n05579	n02781 n04603	1950		true
n04387	29	0.4950	n05759	n04158 n04948	252		true
n04388	27	0.4950		n01398 n02543 n05651	252		true
n04389	25	0.4950	n06077	n02279 n05439	230		true
n04390	21	0.4950	n01994	n00699 n02333	143		true
n04391	20	0.4950	n01952	n03273 n04994	244		true
n04392	18	0.4950	n03304 n05582	n03026 n04136 n04906 n06116	82		true
n04393	20	0.4950	n02961 n04684	n01886 n04806	1871		true
n04394	16	0.4950	n03298	n00700 n01097	108		true
n04395	18	0.4950	n03367 n03917	n03182 n03789	807		true
n04396	14	0.4950	n00517	n00083	334		true
n04397	13	0.4950	n04114 n06014	n00934 n01968	116		true
n04398	12	0.4950	n05441 n05641	n03325 n04930	157		true
n04399	12	0.4950	n04312	n01699 n05187	62		true
n04400	11	0.4950	n01803	n00913	356		true
n04401	8	0.4950	n04201 n04947	n01936	7		true
n04402	8	0.4950	n05285 n05431	n02141	127		true
n04403	8	0.4950	n04491	n02495	820		true
n04404	7	0.4950	n04257		103		true
n04405	7	0.4950	n01018	n01232	53		true
n04406	7	0.4950	n04895	n01610	31		true
n04407	7	0.4950	n02700 n04861	n01370	85		true
n04408	7	0.4950	n04498	n00756	68		true
n04409	7	0.4950	n04345 n05012		44		true
n04410	6	0.4950	n03645	n02307	51		true
n04411	6	0.4950	n03604	n02352	303		true
n04412	6	0.4950	n05382		140		true
n04413	6	0.4950	n01801	n01306	378		true
n04414	6	0.4950	n05977		128		true
n04415	5	0.4950	n01407		39		true
n04416	5	0.4950	n03288 n05986		42		true
n04417	7	0.4949	n04479		257		true
n04418	7	0.4925	n00080	n02191	73		true
n04419	7	0.4925	n02208 n03249	n01068	332		true
n04420	5	0.4925	n02672 n06101		34		true
n04421	8	0.4921	n01892	n01005	60		true
n04422	85	0.4900	n03092	n01484 n02239 n05024	3459		true
n04423	51	0.4900	n03092	n01199 n06021	2272		true
n04424	44	0.4900	n03092	n00014 n04795	1180		true
n04425	30	0.4900	n03092 n04518	n01921 n03022 n04679	300		true
n04426	28	0.4900	n05816	n01084 n02165	936		true
n04427	25	0.4900	n03823	n00018 n02558	48		true
n04428	19	0.4900	n03731	n02082 n05544	82		true
n04429	18	0.4900	n04072	n01019 n02647	661		true
n04430	16	0.4900	n05949	n02485 n02589	553		true
n04431	16	0.4900	n01801 n03177	n00631 n02645	213		true
n04432	17	0.4900	n02961 n04684	n03406 n04289 n05793	34		true
n04433	16	0.4900	n04684	n02343 n04612 n05003	98		true
n04434	15	0.4900	n00406	n01822 n02815 n05085	150		true
n04435	15	0.4900	n00267	n01894 n05659	139		true
n04436	15	0.4900	n03423	n00171 n01859	361		true
n04437	14	0.4900	n01951	n05005 n05232	210		true
n04438	13	0.4900	n03736	n02762 n04855	187		true
n04439	14	0.4900	n01587 n05479	n00874	3190		true
n04440	14	0.4900	n04257	n01925 n04970	243		true
n04441	12	0.4900	n02961 n04684	n02171 n03684	210		true
n04442	12	0.4900	n04114	n01968 n03721	116		true
n04443	14	0.4900	n03528	n02515 n05685	296		true
n04444	12	0.4900	n03462	n02016 n04660	158		true
n04445	11	0.4900	n04267	n01351 n04054	645		true
n04446	10	0.4900	n01817 n03526	n00351	1391		true
n04447	10	0.4900	n01685	n02519 n05356	1424		true
n04448	9	0.4900	n05167 n05897	n02379	56		true
n04449	9	0.4900	n01805	n01289	1085		true
n04450	10	0.4900	n03092	n02707 n03355	309		true
n04451	9	0.4900	n01886 n05536	n03389	1868		true
n04452	8	0.4900	n04257	n01288	91		true
n04453	8	0.4900	n06100	n01054	424		true
n04454	7	0.4900	n01771	n02066	281		true
n04455	7	0.4900	n01801 n03177		153		true
n04456	7	0.4900	n04832		90		true
n04457	7	0.4900	n02984	n00657	90		true
n04458	8	0.4900	n01143	n01869	287		true
n04459	7	0.4900	n04257		83		true
n04460	6	0.4900	n02786	n01793	96		true
n04461	7	0.4900	n00265 n03300 n04347	n01385	252		true
n04462	6	0.4900	n04257	n02309	3413		true
n04463	6	0.4900	n05170		420		true
n04464	6	0.4900	n05231	n01756	315		true
n04465	5	0.4900	n03865		143		true
n04466	5	0.4899	n05606		154		true
n04467	7	0.4896	n02555	n01192	34		true
n04468	11	0.4873	n02587	n00709 n01366	43		true
n04469	49	0.4850	n03663	n02688 n04528	292		true
n04470	36	0.4850	n03689 n05261	n00672 n02777	300		true
n04471	33	0.4850	n03058	n00323 n02073	166		true
n04472	33	0.4850		n01883 n06115	1137		true
n04473	28	0.4850	n05575	n03064 n04066 n06023	313		true
n04474	28	0.4850	n06009	n04224 n05910	1957		true
n04475	21	0.4850	n03915 n05426	n02544 n04652	129		true
n04476	22	0.4850		n03244 n04165	1027		true
n04477	20	0.4850	n04261	n01279 n03025	266		true
n04478	19	0.4850	n02711 n03732	n02583 n02716	52		true
n04479	17	0.4850	n02751	n00127 n01868 n04417 n05565	486		true
n04480	15	0.4850	n05428	n01342 n04717	165		true
n04481	14	0.4850	n01801	n00085 n03187	207		true
n04482	15	0.4850		n03994 n04653	178		true
n04483	13	0.4850	n02935 n03265	n02405	233		true
n04484	12	0.4850	n06137	n01273 n02157	93		true
n04485	12	0.4850	n01528	n02513 n03413	182		true
n04486	14	0.4850	n05584	n03551 n03973 n04137 n05248	2988		true
n04487	12	0.4850	n04940 n05594	n01470 n04497	64		true
n04488	12	0.4850	n04954 n06142	n02737 n04667	161		true
n04489	11	0.4850	n05946 n06029	n01211	407		true
n04490	10	0.4850	n05442	n00327	229		true
n04491	11	0.4850	n04953 n05722	n02415 n04403	858		true
n04492	10	0.4850	n03853	n00767 n01609	64		true
n04493	10	0.4850	n01640	n00653 n01049	115		true
n04494	12	0.4850	n01801	n03288	487		true
n04495	9	0.4850	n00045	n00568	8		true
n04496	9	0.4850	n02039	n02178	194		true
n04497	9	0.4850	n04487	n04516	64		true
n04498	11	0.4850		n01866 n04408	125		true
n04499	9	0.4850	n02719	n01221	294		true
n04500	10	0.4850	n01801 n05785	n00457	90		true
n04501	8	0.4850	n05588		181		true
n04502	8	0.4850	n04897	n02632	710		true
n04503	8	0.4850	n04968	n01067	132		true
n04504	7	0.4850	n02117 n04279	n01053	163		true
n04505	7	0.4850	n04257	n00945	37		true
n04506	7	0.4850	n01801		141		true
n04507	7	0.4850	n05530		151		true
n04508	6	0.4850	n00036	n02457	1		true
n04509	6	0.4850	n04322		24		true
n04510	6	0.4850	n01781 n02713	n01872	60		true
n04511	6	0.4850	n05552 n05675		139		true
n04512	6	0.4850	n06151	n00257	47		true
n04513	6	0.4850	n04967 n05675	n02310	105		true
n04514	5	0.4850	n04687 n05934		591		true
n04515	6	0.4848	n02009	n02522	120		true
n04516	7	0.4824	n01470 n04497	n01300	64		true
n04517	5	0.4824	n05739		62		true
n04518	67	0.4800		n00640 n03650 n04425 n05268	815		true
n04519	44	0.4800	n05036	n04071 n05265 n05280	1156		true
n04520	34	0.4800	n04684	n01397 n04539	307		true
n04521	30	0.4800	n02743	n01817 n03526 n03563	1395		true
n04522	25	0.4800	n02800	n04529 n05535	286		true
n04523	23	0.4800	n03092	n02047 n02128	1372		true
n04524	21	0.4800	n05322	n03506 n05050	259		true
n04525	18	0.4800	n04632 n05707	n00361 n01463	86		true
n04526	18	0.4800	n01765	n01943 n02040	1612		true
n04527	17	0.4800	n04684	n00032 n06033	363		true
n04528	17	0.4800	n04469	n02210 n05913	105		true
n04529	15	0.4800	n04522 n04638	n02915 n05851	158		true
n04530	15	0.4800	n04557	n02695	86		true
n04531	13	0.4800	n04588	n02291 n05079	2909		true
n04532	13	0.4800	n04591	n02885 n03624	392		true
n04533	13	0.4800	n05280	n01927 n04175	145		true
n04534	12	0.4800	n03366	n01592	97		true
n04535	11	0.4800	n01683	n00635 n05689	269		true
n04536	11	0.4800	n05692	n02046	253		true
n04537	11	0.4800		n02562 n03815	623		true
n04538	11	0.4800	n05366	n01211	785		true
n04539	11	0.4800	n04520	n00775 n03661	53		true
n04540	10	0.4800	n04115	n00332	57		true
n04541	9	0.4800		n00338	111		true
n04542	10	0.4800	n03691	n00729	162		true
n04543	10	0.4800	n04849	n02018 n05995	781		true
n04544	11	0.4800	n02611	n00559 n03204 n05472	155		true
n04545	10	0.4800	n02961 n04684	n00730 n01436	2230		true
n04546	9	0.4800	n02197	n03008	57		true
n04547	8	0.4800	n02882	n00366	438		true
n04548	9	0.4800	n01467	n01483	516		true
n04549	9	0.4800	n02852 n05261	n02794	1030		true
n04550	6	0.4800	n05927	n00862	147		true
n04551	6	0.4800		n01833	2796		true
n04552	6	0.4800	n03185	n02063	28		true
n04553	5	0.4800	n05328		67		true
n04554	41	0.4750	n02926 n05314	n02872 n04287 n04710	462		true
n04555	27	0.4750	n01801	n02873 n04128	644		true
n04556	26	0.4750		n01016 n02557	2353		true
n04557	25	0.4750	n04684	n01730 n04530	221		true
n04558	27	0.4750	n03264	n02570 n04351 n04573	615		true
n04559	24	0.4750	n02580	n03888 n05788	157		true
n04560	21	0.4750	n04687	n01203 n01902 n05653	394		true
n04561	22	0.4750	n01801 n04018	n04316 n04358	331		true
n04562	17	0.4750	n02466	n01337 n05989	231		true
n04563	19	0.4750	n02468	n04332 n04608 n05675	279		true
n04564	15	0.4750	n02467	n00439 n00572	115		true
n04565	15	0.4750	n05830	n00963 n05180	207		true
n04566	14	0.4750	n03092	n04966 n05796	381		true
n04567	13	0.4750	n02001	n01021	86		true
n04568	12	0.4750	n01638 n06081	n00980 n02065	39		true
n04569	13	0.4750	n02469	n04810 n06053	175		true
n04570	12	0.4750	n01333	n02015 n03545	65		true
n04571	11	0.4750	n03241	n02372 n04980	59		true
n04572	9	0.4750	n03092	n03487 n03976	125		true
n04573	9	0.4750	n03992 n04558	n01156	564		true
n04574	8	0.4750	n05448		38		true
n04575	8	0.4750	n04761		218		true
n04576	8	0.4750	n03301	n01554	304		true
n04577	8	0.4750	n01347	n00370	269		true
n04578	7	0.4750	n01801		87		true
n04579	7	0.4750	n02821		33		true
n04580	7	0.4750	n03961 n04139 n05180	n00588	63		true
n04581	7	0.4750	n03934		170		true
n04582	6	0.4750	n03220 n05060	n02149	234		true
n04583	6	0.4750	n04257		77		true
n04584	6	0.4750	n04746 n05825	n02308	149		true
n04585	6	0.4750	n03710 n05130		149		true
n04586	7	0.4750	n06095	n00753 n02526	223		true
n04587	5	0.4724	n01211		152		true
n04588	93	0.4700	n05759	n04531 n04844 n04991 n05166 n05366 n05449 n05946	3691		true
n04589	52	0.4700	n02820	n02909 n04325 n05221 n05650 n06072	693		true
n04590	40	0.4700	n02711 n05576	n05696 n05997	217		true
n04591	37	0.4700	n01801	n04532 n05583	1446		true
n04592	28	0.4700	n06072	n04319 n04741 n05115	393		true
n04593	21	0.4700	n05042	n00298 n02044	351		true
n04594	23	0.4700	n02036	n03778 n05219	255		true
n04595	19	0.4700	n03037 n04689 n05578	n01334 n04760	353		true
n04596	17	0.4700	n05040	n00969 n02838	348		true
n04597	15	0.4700	n04693 n04952 n05432	n01588 n04038	174		true
n04598	15	0.4700		n00887 n02627	172		true
n04599	14	0.4700	n06142	n02737 n02833	214		true
n04600	13	0.4700	n02961 n04684	n02048 n02434 n03283	120		true
n04601	13	0.4700	n05275	n03145 n05801	144		true
n04602	14	0.4700	n05950	n04003	1033		true
n04603	12	0.4700	n04386 n04950	n02888 n03539	763		true
n04604	11	0.4700	n06088	n02088 n02914	136		true
n04605	13	0.4700		n02997 n05563 n06183	395		true
n04606	11	0.4700	n04684	n03046 n03347	51		true
n04607	11	0.4700	n05215	n00382	511		true
n04608	13	0.4700	n03427 n04563	n04967	180		true
n04609	12	0.4700	n03092	n02294 n03508	193		true
n04610	10	0.4700	n04684	n00573	617		true
n04611	10	0.4700	n02586 n04701	n00563 n05407	152		true
n04612	10	0.4700	n04433	n02770 n03636	73		true
n04613	9	0.4700	n01850	n00190	32		true
n04614	10	0.4700	n05639	n02019 n03456	1711		true
n04615	8	0.4700	n05487	n01521	59		true
n04616	8	0.4700	n01736	n00480	85		true
n04617	8	0.4700	n02511	n00831	69		true
n04618	7	0.4700	n02470	n00583	22		true
n04619	7	0.4700	n04203 n05257	n01298	139		true
n04620	7	0.4700	n00431		75		true
n04621	7	0.4700	n03837		86		true
n04622	7	0.4700	n03806 n05914		170		true
n04623	6	0.4700	n05789	n02155	98		true
n04624	6	0.4700	n05978	n01449	479		true
n04625	6	0.4700	n02827 n05663	n02454	33		true
n04626	6	0.4700	n03806		835		true
n04627	6	0.4697	n02863 n03077		284		true
n04628	7	0.4694	n00077		105		true
n04629	7	0.4673	n02210		49		true
n04630	82	0.4650	n04684	n02186 n02926 n04220 n06046	848		true
n04631	70	0.4650	n04257	n01412 n02742 n04341	429		true
n04632	59	0.4650	n05313	n00754 n04170 n04525 n04877	615		true
n04633	49	0.4650	n03580	n00462 n04344	1097		true
n04634	46	0.4650	n04257	n00034 n03124	625		true
n04635	44	0.4650	n01846	n03645 n04687 n05934	771		true
n04636	42	0.4650	n04260	n03153 n05434 n06174	898		true
n04637	31	0.4650	n03178	n00145 n03983 n04329	69		true
n04638	24	0.4650	n02800 n05954	n04529 n05018 n06141	506		true
n04639	22	0.4650	n04257	n03132 n05175	168		true
n04640	20	0.4650	n03062	n00041 n00621	29		true
n04641	19	0.4650	n05480	n03156	746		true
n04642	16	0.4650	n00406	n02667	220		true
n04643	16	0.4650	n00781	n03649 n03930	552		true
n04644	16	0.4650	n05268	n01349 n04923	524		true
n04645	14	0.4650	n04257	n00442 n01420	98		true
n04646	13	0.4650	n00405	n01346 n04286	354		true
n04647	12	0.4650	n01801	n04234 n04715	261		true
n04648	12	0.4650	n02961 n04684	n00900 n01608	97		true
n04649	12	0.4650	n02200	n00834 n02999	208		true
n04650	12	0.4650	n03398	n02131 n02265	210		true
n04651	13	0.4650	n03836	n02337 n03411 n03877	288		true
n04652	11	0.4650	n04475 n06015	n02563	109		true
n04653	12	0.4650	n04257 n04482	n05856	178		true
n04654	11	0.4650	n01769	n00370 n02154	233		true
n04655	11	0.4650	n02898	n02296 n05244	109		true
n04656	10	0.4650	n02744	n01414	671		true
n04657	10	0.4650	n05054 n05217	n02133 n02650	395		true
n04658	11	0.4650		n02602 n03047	2146		true
n04659	11	0.4650	n04257	n02918 n05621	2067		true
n04660	9	0.4650	n04444	n03202	153		true
n04661	10	0.4650	n04684	n01219 n02155	576		true
n04662	9	0.4650	n04166	n00724	65		true
n04663	10	0.4650	n02079 n02830	n00711	541		true
n04664	9	0.4650	n05383 n05502	n01050 n01662	684		true
n04665	9	0.4650	n02466	n01659	195		true
n04666	8	0.4650		n00756	111		true
n04667	9	0.4650	n04488	n00579	85		true
n04668	7	0.4650	n04257		78		true
n04669	7	0.4650	n02833	n00252	96		true
n04670	7	0.4650	n04257	n01374	143		true
n04671	6	0.4650	n06102		139		true
n04672	6	0.4650		n01447	19		true
n04673	6	0.4650	n04912		191		true
n04674	6	0.4650	n01209		40		true
n04675	6	0.4650	n00888	n02532	133		true
n04676	6	0.4650	n01801		1112		true
n04677	6	0.4650	n03969 n05914		77		true
n04678	6	0.4650	n04257	n02574	127		true
n04679	5	0.4650	n04425		47		true
n04680	5	0.4650	n02908		21		true
n04681	5	0.4650	n00068		51		true
n04682	6	0.4650	n01461	n01308	67		true
n04683	6	0.4619	n01409	n02529	44		true
n04684	3213	0.4600		n00026 n00037 n00133 n00274 n00338 n00356 n00401 n00413 n00452 n00516 n00731 n00783 n00951 n01099 n01148 n01333 n01399 n01565 n01635 n01779 n01814 n01975 n02095 n02254 n02336 n02411 n02565 n02612 n02628 n02630 n02644 n02670 n02687 n02728 n02756 n02760 n02795 n02896 n02925 n02947 n02967 n02998 n03030 n03045 n03122 n03138 n03147 n03160 n03193 n03224 n03250 n03261 n03263 n03335 n03363 n03404 n03441 n03511 n03520 n03546 n03608 n03626 n03664 n03667 n03685 n03723 n03729 n03754 n03762 n03780 n03826 n03838 n03866 n03894 n03899 n03914 n03929 n03944 n03945 n03950 n03984 n04062 n04064 n04072 n04077 n04079 n04080 n04091 n04108 n04110 n04140 n04166 n04182 n04204 n04241 n04284 n04285 n04302 n04326 n04355 n04367 n04393 n04432 n04433 n04441 n04520 n04527 n04545 n04557 n04600 n04606 n04610 n04630 n04648 n04661 n04705 n04712 n04724 n04732 n04771 n04772 n04773 n04779 n04792 n04794 n04815 n04819 n04852 n04854 n04865 n04880 n04882 n04888 n04890 n04896 n04910 n04936 n04957 n04958 n04983 n04986 n04988 n05001 n05002 n05045 n05057 n05073 n05090 n05092 n05123 n05125 n05133 n05134 n05152 n05157 n05172 n05192 n05227 n05258 n05259 n05261 n05314 n05321 n05326 n05337 n05354 n05362 n05380 n05386 n05389 n05438 n05447 n05448 n05479 n05480 n05498 n05511 n05528 n05569 n05580 n05598 n05618 n05654 n05695 n05704 n05729 n05751 n05782 n05789 n05817 n05823 n05832 n05837 n05870 n05885 n05886 n05888 n05916 n05921 n05922 n05937 n05948 n05952 n05957 n05959 n05961 n05967 n05969 n06001 n06009 n06038 n06044 n06071 n06083 n06099 n06110 n06117 n06119 n06151 n06162 n06176 n06178	11865		true
n04685	38	0.4600	n03092	n02662 n03887	1641		true
n04686	30	0.4600	n05089	n03037 n04689	1837		true
n04687	25	0.4600	n04261 n04635	n04514 n04560	647		true
n04688	23	0.4600	n05150	n00012 n04183	67		true
n04689	24	0.4600	n04257 n04686	n04595 n06061	381		true
n04690	23	0.4600	n01134 n03061	n02638 n03504	1597		true
n04691	21	0.4600		n00034 n00209	315		true
n04692	22	0.4600	n05424	n04121 n04232	1452		true
n04693	20	0.4600	n03266	n04032 n04597	394		true
n04694	19	0.4600	n04257	n05052 n06088	953		true
n04695	19	0.4600	n02322	n00415	303		true
n04696	19	0.4600	n05533	n00702 n02838	385		true
n04697	19	0.4600	n06006	n02641 n02964	291		true
n04698	18	0.4600	n04108	n01146 n01209	361		true
n04699	19	0.4600	n02505	n01521 n02204 n04338	371		true
n04700	18	0.4600	n04220	n03987 n05384	132		true
n04701	18	0.4600	n02243	n01890 n04611	368		true
n04702	18	0.4600	n00268	n01813 n04203	142		true
n04703	14	0.4600	n01801	n00063	198		true
n04704	14	0.4600	n06144	n04909 n04962	591		true
n04705	14	0.4600	n04684	n01274	132		true
n04706	14	0.4600	n03369	n00163 n02768	93		true
n04707	13	0.4600	n05636	n00308 n01567	259		true
n04708	12	0.4600	n02608	n02837	132		true
n04709	13	0.4600	n05172	n02408 n05404	707		true
n04710	13	0.4600	n04554	n02814 n03811	251		true
n04711	13	0.4600		n01700 n03358	322		true
n04712	13	0.4600	n04684	n00444 n02343	353		true
n04713	11	0.4600	n03468	n00132	655		true
n04714	10	0.4600	n05445	n00972	54		true
n04715	9	0.4600	n04647	n03294	242		true
n04716	10	0.4600		n01618 n01786	2243		true
n04717	9	0.4600	n04480	n00203 n02496	134		true
n04718	9	0.4600	n03102 n06098	n04382	99		true
n04719	9	0.4600	n02801	n03485	205		true
n04720	7	0.4600	n02292	n01982 n02572	106		true
n04721	7	0.4600	n03933	n00585	39		true
n04722	7	0.4600		n01248	500		true
n04723	6	0.4600	n00521	n01936	6		true
n04724	6	0.4600	n02961 n04684		22		true
n04725	6	0.4600	n00305		521		true
n04726	7	0.4600	n05116	n01611	559		true
n04727	6	0.4600	n02826 n03457	n01185	36		true
n04728	8	0.4592	n01739	n01913 n02156	37		true
n04729	5	0.4573	n05385		106		true
n04730	69	0.4550		n02198 n02745 n03433	599		true
n04731	48	0.4550	n05577	n00405 n03525 n05229	722		true
n04732	42	0.4550	n02961 n04684	n03612 n03952	290		true
n04733	35	0.4550	n03417	n00691 n01768	929		true
n04734	37	0.4550	n03665	n04222 n05159 n05303	1002		true
n04735	31	0.4550	n02872	n02037 n03449	356		true
n04736	28	0.4550	n01132	n02897	901		true
n04737	27	0.4550	n06076	n02244 n05793	62		true
n04738	25	0.4550	n03093	n02963 n03330	179		true
n04739	22	0.4550		n01278 n06019	1104		true
n04740	21	0.4550	n05362	n01400	353		true
n04741	21	0.4550	n04592	n00158 n02381 n04913	315		true
n04742	19	0.4550	n01200	n03530 n05966	82		true
n04743	20	0.4550	n05638	n04123 n05678	829		true
n04744	18	0.4550	n05158	n01102 n03470	82		true
n04745	15	0.4550	n05712	n00063	95		true
n04746	15	0.4550	n05532	n04584 n05504	320		true
n04747	15	0.4550		n01363 n02670	105		true
n04748	14	0.4550	n02164	n01531 n03090	2523		true
n04749	15	0.4550	n03561	n01092 n03601 n05612	106		true
n04750	16	0.4550	n04257	n03111 n05231	582		true
n04751	13	0.4550	n02985 n04020	n00327 n02377	259		true
n04752	13	0.4550	n01801	n00926 n02657	97		true
n04753	13	0.4550	n02747	n00978 n05800	480		true
n04754	12	0.4550	n04833	n00536 n05256	572		true
n04755	13	0.4550	n01684	n02010 n02368	528		true
n04756	14	0.4550	n03525	n00701 n05742	660		true
n04757	13	0.4550	n02877	n02211	4053		true
n04758	11	0.4550		n01275	219		true
n04759	10	0.4550	n03221	n00556	241		true
n04760	10	0.4550	n04595	n00970	265		true
n04761	11	0.4550	n06009	n03141 n04575	259		true
n04762	10	0.4550	n06154	n00193	361		true
n04763	10	0.4550	n04786	n01159 n02517	388		true
n04764	9	0.4550	n00523	n00181	71		true
n04765	9	0.4550	n03074 n03925	n01481 n03359	111		true
n04766	9	0.4550	n02691	n00192	167		true
n04767	9	0.4550	n03426	n00200	52		true
n04768	8	0.4550	n05706		794		true
n04769	9	0.4550	n05530	n02180 n04822	629		true
n04770	8	0.4550	n05387	n01497	187		true
n04771	7	0.4550	n02961 n04684	n02344	198		true
n04772	8	0.4550	n02961 n04684	n01436	3200		true
n04773	7	0.4550	n02961 n04684	n00923	41		true
n04774	7	0.4550	n05795		124		true
n04775	7	0.4550	n02712	n02427	436		true
n04776	6	0.4550	n03402	n02070	76		true
n04777	6	0.4550	n06057	n02455	138		true
n04778	5	0.4550	n05351		90		true
n04779	5	0.4550	n02961 n04684		231		true
n04780	9	0.4545	n00070	n00244 n04254	44		true
n04781	7	0.4541	n01820	n01240	51		true
n04782	6	0.4523	n04320	n02312	60		true
n04783	6	0.4523	n02563 n05287		62		true
n04784	5	0.4523			249		true
n04785	65	0.4500	n04257	n02465 n06137	231		true
n04786	53	0.4500	n00778	n03304 n03533 n03681 n04763 n04860 n05582 n05855	894		true
n04787	38	0.4500	n05092	n04881 n06076	85		true
n04788	35	0.4500	n04257	n02800 n05954	797		true
n04789	34	0.4500	n03580	n00462 n05381 n05542	1006		true
n04790	28	0.4500	n00683	n00405 n00929 n05229	362		true
n04791	28	0.4500	n04257	n00103 n05713	479		true
n04792	29	0.4500	n02961 n04684	n00306 n02038	494		true
n04793	27	0.4500	n00264	n03395	127		true
n04794	25	0.4500	n02961 n04684	n00269 n00916	150		true
n04795	26	0.4500	n04424	n03501 n04838	353		true
n04796	21	0.4500	n01679	n00271	590		true
n04797	20	0.4500	n02823 n05150	n01642 n01826	156		true
n04798	19	0.4500	n02037	n00280 n02518	135		true
n04799	17	0.4500	n02198	n00143 n00223	62		true
n04800	17	0.4500	n03059	n02122	361		true
n04801	16	0.4500	n06080	n02329 n03280	258		true
n04802	14	0.4500	n05535	n00229 n00295	95		true
n04803	16	0.4500	n05210	n02403 n05062	568		true
n04804	14	0.4500	n03125	n01272 n03751	117		true
n04805	14	0.4500	n04022	n03933	183		true
n04806	13	0.4500	n04393	n01030	95		true
n04807	12	0.4500	n00275	n00470 n00594	298		true
n04808	12	0.4500	n02711 n03732	n01028 n05997	203		true
n04809	11	0.4500	n04998 n05283	n00620	135		true
n04810	9	0.4500	n04125 n04569	n00903	170		true
n04811	9	0.4500	n03680	n01865	124		true
n04812	10	0.4500		n01970 n04870	116		true
n04813	9	0.4500	n01801	n01048	51		true
n04814	9	0.4500	n01801	n02137	340		true
n04815	9	0.4500	n02961 n04684	n00900	65		true
n04816	8	0.4500	n05427	n00985	152		true
n04817	8	0.4500	n05233	n01557	386		true
n04818	8	0.4500	n03092	n01717 n01908	101		true
n04819	7	0.4500	n04684	n01498	185		true
n04820	6	0.4500	n03867 n06171	n01321	47		true
n04821	6	0.4500		n01619	1492		true
n04822	6	0.4500	n04769 n04902		409		true
n04823	6	0.4500	n02612	n02274	182		true
n04824	6	0.4500	n00525		163		true
n04825	6	0.4500	n03437		61		true
n04826	5	0.4500			1713		true
n04827	5	0.4500			142		true
n04828	5	0.4500	n03572		58		true
n04829	8	0.4485	n00871		459		true
n04830	139	0.4450	n04257	n02691 n05760	1446		true
n04831	110	0.4450	n04257	n03070 n04259 n05274 n05853	2659		true
n04832	49	0.4450	n06001	n03178 n03946 n04049 n04456	351		true
n04833	28	0.4450	n05367	n01889 n02469 n04754	790		true
n04834	28	0.4450	n04342	n01267 n04836	278		true
n04835	23	0.4450	n05040	n03438 n03735	372		true
n04836	22	0.4450	n04834	n01922 n02561	270		true
n04837	22	0.4450	n01801	n00889 n01270	125		true
n04838	23	0.4450	n04795	n01406 n02671 n03318	353		true
n04839	18	0.4450	n04257	n02585	519		true
n04840	17	0.4450	n05532	n02078 n04133	116		true
n04841	18	0.4450	n04257	n00546 n02365 n03618	652		true
n04842	19	0.4450		n01383 n03428	6466		true
n04843	16	0.4450	n04351	n01271	609		true
n04844	14	0.4450	n04588 n05330	n00081 n01906	1185		true
n04845	14	0.4450	n01801	n01965 n02139 n05139	320		true
n04846	16	0.4450	n04067	n02978 n03352 n05799	821		true
n04847	18	0.4450	n03671	n03755 n04974 n05401 n05678 n05735	824		true
n04848	13	0.4450	n00272	n01645	134		true
n04849	13	0.4450	n02121	n01280 n04543	781		true
n04850	11	0.4450	n04025	n03254 n03447	60		true
n04851	11	0.4450	n04158 n04948	n02560	75		true
n04852	11	0.4450	n04684	n00444	342		true
n04853	12	0.4450	n04189	n02368	528		true
n04854	11	0.4450	n02961 n04684	n00854 n01554	128		true
n04855	10	0.4450	n04438	n02446	64		true
n04856	10	0.4450	n00029	n00714	414		true
n04857	9	0.4450	n05582	n02151	187		true
n04858	9	0.4450	n05850	n00354	535		true
n04859	9	0.4450	n05971	n03451	74		true
n04860	8	0.4450	n04786	n01935	194		true
n04861	10	0.4450	n04363	n04407	109		true
n04862	8	0.4450	n01407	n00581	69		true
n04863	8	0.4450	n05284	n01118 n01396	58		true
n04864	7	0.4450	n03092	n01873	80		true
n04865	7	0.4450	n04684		57		true
n04866	7	0.4450	n02480	n01367 n02523	145		true
n04867	6	0.4450	n02044		195		true
n04868	6	0.4450	n01801	n02382	1165		true
n04869	6	0.4450	n01801	n02269	98		true
n04870	5	0.4450	n04812		102		true
n04871	5	0.4433	n00123		64		true
n04872	8	0.4427	n01086		52		true
n04873	6	0.4422	n05648		229		true
n04874	6	0.4410	n02477	n01395	142		true
n04875	85	0.4400		n00722 n01581 n04920	333		true
n04876	47	0.4400	n03092	n02198 n03433	151		true
n04877	37	0.4400	n04632	n04018	388		true
n04878	34	0.4400	n02776	n00174 n00313 n00424 n01656	489		true
n04879	30	0.4400	n03723	n03491 n05214 n05489	928		true
n04880	28	0.4400	n02961 n04684	n01200	202		true
n04881	30	0.4400	n04787	n03062 n05169	73		true
n04882	24	0.4400	n04684 n05945	n01796 n02749	757		true
n04883	27	0.4400	n04257	n04162	501		true
n04884	25	0.4400	n02801	n01081 n03467 n05710	48		true
n04885	23	0.4400		n03369 n05510	129		true
n04886	20	0.4400	n02981	n04037 n04272	330		true
n04887	19	0.4400	n04224	n03774	1584		true
n04888	19	0.4400	n04684	n01639 n04131	207		true
n04889	19	0.4400	n03092	n00301 n00431	223		true
n04890	17	0.4400	n02961 n04684	n00449 n01962	174		true
n04891	17	0.4400	n02360	n01203 n04237	248		true
n04892	17	0.4400	n05583	n02973 n06154	1230		true
n04893	17	0.4400	n05101	n02251 n02792	636		true
n04894	18	0.4400	n02394	n02968 n04124	211		true
n04895	15	0.4400	n05534	n03803 n04406	43		true
n04896	16	0.4400	n04684	n02833 n03934	239		true
n04897	16	0.4400	n04257	n02882 n04502	874		true
n04898	15	0.4400	n03015	n03186	1091		true
n04899	15	0.4400		n00905 n01275	397		true
n04900	14	0.4400	n05363	n01819	200		true
n04901	13	0.4400		n00348 n01786	1722		true
n04902	15	0.4400	n05530	n03936 n04822	1976		true
n04903	12	0.4400	n04257	n03442 n03872	480		true
n04904	12	0.4400	n03365	n02680 n04058	168		true
n04905	11	0.4400	n04033	n01032 n01125	782		true
n04906	11	0.4400	n04392	n03137	66		true
n04907	12	0.4400	n00692	n00612	140		true
n04908	11	0.4400	n05427	n00985 n01971	155		true
n04909	11	0.4400	n04704	n02772 n03713	589		true
n04910	11	0.4400	n04684	n00555 n02232	917		true
n04911	10	0.4400	n01402	n00155	15		true
n04912	10	0.4400	n03889	n02217 n04673	212		true
n04913	10	0.4400	n04319 n04741	n00480	289		true
n04914	10	0.4400	n05422	n01215 n01979	64		true
n04915	11	0.4400	n06085	n03414 n03785	142		true
n04916	10	0.4400	n05691	n00546	164		true
n04917	10	0.4400	n03677	n02483	130		true
n04918	10	0.4400	n01957	n00657	820		true
n04919	8	0.4400	n01403	n01001	484		true
n04920	9	0.4400	n04875	n04937	54		true
n04921	8	0.4400	n02695	n00910	52		true
n04922	8	0.4400	n04288	n00384	813		true
n04923	7	0.4400	n04644		114		true
n04924	7	0.4400	n05888 n05945	n02388	109		true
n04925	7	0.4400	n04138	n01626	1280		true
n04926	6	0.4400	n03271 n03842	n01676	121		true
n04927	7	0.4400	n01801	n02346	93		true
n04928	6	0.4400	n05776		56		true
n04929	6	0.4400	n01339	n01386	25		true
n04930	6	0.4400	n04398 n05843 n06050		44		true
n04931	6	0.4400		n02493	349		true
n04932	6	0.4400	n04257	n01318	1655		true
n04933	7	0.4400	n02080	n02105	35		true
n04934	6	0.4400	n03746	n02386	61		true
n04935	6	0.4400	n03092 n05366	n02230	72		true
n04936	5	0.4400	n02961 n04684		290		true
n04937	5	0.4400	n04920		30		true
n04938	11	0.4372	n02285	n01284 n05797	89		true
n04939	6	0.4372	n01133		21		true
n04940	197	0.4350	n02961	n02925 n04487 n04986	2468		true
n04941	98	0.4350	n04257	n00001 n02607 n04068 n05095	1208		true
n04942	62	0.4350	n01524 n04257	n00474 n01327	996		true
n04943	52	0.4350	n04257	n02697 n04260	915		true
n04944	51	0.4350	n01327	n00393 n04313 n05039	956		true
n04945	23	0.4350	n03917	n03133 n03182	988		true
n04946	22	0.4350		n03889	357		true
n04947	21	0.4350	n01681	n03099 n04401	147		true
n04948	18	0.4350	n04387	n02510 n04851	160		true
n04949	18	0.4350		n02554 n02602 n05546	3652		true
n04950	18	0.4350	n05579	n04196 n04603	3239		true
n04951	18	0.4350	n01584	n00050 n05357	631		true
n04952	18	0.4350	n05699	n04597	188		true
n04953	16	0.4350	n05152	n01100 n04491	1136		true
n04954	16	0.4350	n05045	n04092 n04488	341		true
n04955	15	0.4350	n04257	n01735 n04083	238		true
n04956	14	0.4350	n01801	n00881	220		true
n04957	14	0.4350	n02961 n04684	n01087	130		true
n04958	14	0.4350	n04684	n01274 n04303	139		true
n04959	12	0.4350	n03493	n00799 n03548	117		true
n04960	13	0.4350	n06032	n00961 n05980	409		true
n04961	12	0.4350	n06031	n01383 n01474	2591		true
n04962	11	0.4350	n04262 n04704	n02298 n03713	460		true
n04963	11	0.4350	n03676 n05693	n02293 n05754	286		true
n04964	11	0.4350	n01524 n04260	n00474 n00571	349		true
n04965	10	0.4350	n03159	n00825 n02384	66		true
n04966	10	0.4350	n04566	n02707	320		true
n04967	11	0.4350	n04608	n02050 n04513	105		true
n04968	11	0.4350	n00028	n04503	524		true
n04969	8	0.4350	n01801	n01662	182		true
n04970	9	0.4350	n04440	n02708	240		true
n04971	9	0.4350	n02799 n04105	n00832 n02345	1102		true
n04972	7	0.4350	n00522 n05698		28		true
n04973	6	0.4350	n05944	n01122	337		true
n04974	6	0.4350	n04847 n05638		811		true
n04975	6	0.4350	n03533		360		true
n04976	6	0.4350	n00050	n02266	555		true
n04977	6	0.4350	n02642		258		true
n04978	7	0.4350	n02839	n00764	423		true
n04979	7	0.4322	n01145		99		true
n04980	6	0.4322	n03131 n04571 n05287		42		true
n04981	6	0.4308	n00069	n01073	39		true
n04982	44	0.4300	n03664	n01584 n03768	1058		true
n04983	34	0.4300	n02961 n04684	n01090 n01689 n03314 n03652 n05352	518		true
n04984	34	0.4300		n00756 n01078	384		true
n04985	28	0.4300	n05211	n01266 n04120	1354		true
n04986	25	0.4300	n04684 n04940	n02393 n03922	88		true
n04987	26	0.4300		n02610 n03957	4463		true
n04988	24	0.4300	n02961 n04684	n04312 n05505	221		true
n04989	24	0.4300	n01682	n02245 n02936	132		true
n04990	22	0.4300	n05090	n00691 n05000	603		true
n04991	24	0.4300	n04588	n03000 n03116 n03399	1721		true
n04992	19	0.4300	n05584	n04078 n05731	210		true
n04993	17	0.4300		n02762 n05542	397		true
n04994	17	0.4300	n04391	n02858	239		true
n04995	16	0.4300	n04165	n02292 n05798	374		true
n04996	15	0.4300	n00952	n01141	655		true
n04997	17	0.4300	n02900	n01409 n05974	193		true
n04998	15	0.4300	n02986	n00757 n04809	323		true
n04999	13	0.4300		n00792 n02998	46		true
n05000	13	0.4300	n04990	n04014 n04230	286		true
n05001	12	0.4300	n02961 n04684	n00813 n01864	77		true
n05002	12	0.4300	n04684	n01540 n03813	74		true
n05003	11	0.4300	n04433	n02770 n03347	59		true
n05004	11	0.4300	n02197	n03008	235		true
n05005	10	0.4300	n04437	n02733 n03851	150		true
n05006	11	0.4300	n05963	n01349 n02268	487		true
n05007	10	0.4300	n02040	n05985	1612		true
n05008	10	0.4300	n01801	n01743 n02417	237		true
n05009	10	0.4300	n01138	n03416 n05412	36		true
n05010	10	0.4300	n02852 n05261		685		true
n05011	11	0.4300	n05694	n00146	63		true
n05012	10	0.4300	n01801	n03455 n04409	55		true
n05013	10	0.4300	n01801	n00457 n01909	114		true
n05014	9	0.4300			89		true
n05015	9	0.4300	n04168 n04357	n01448 n02870	329		true
n05016	9	0.4300	n03014 n03589	n00478	396		true
n05017	10	0.4300	n00017	n01903 n04338	425		true
n05018	8	0.4300	n04638		68		true
n05019	9	0.4300	n01818 n05574	n00639 n05631	37		true
n05020	8	0.4300	n00515	n01507	32		true
n05021	9	0.4300	n02124	n01763 n02518	42		true
n05022	8	0.4300	n03852 n05500		100		true
n05023	7	0.4300	n02589		553		true
n05024	7	0.4300	n04422	n02523	163		true
n05025	7	0.4300	n05383	n01050 n01840	626		true
n05026	7	0.4300	n02474		273		true
n05027	6	0.4300	n05388 n05666	n00942	82		true
n05028	6	0.4300	n00148	n01990	404		true
n05029	6	0.4300	n05216	n02233	625		true
n05030	6	0.4300	n01887	n02428	50		true
n05031	6	0.4300	n03092	n01908	280		true
n05032	6	0.4300	n01896	n02062	160		true
n05033	5	0.4294	n03638		236		true
n05034	6	0.4293	n00141 n03255 n05227	n02105	112		true
n05035	7	0.4278	n01404	n01113	68		true
n05036	63	0.4250	n05416	n01549 n03833 n04519	1275		true
n05037	65	0.4250	n03092	n00782 n03640 n03704	1614		true
n05038	59	0.4250	n05529	n03150 n04343	734		true
n05039	42	0.4250	n04944	n00105 n03916	930		true
n05040	40	0.4250	n01802	n04006 n04596 n04835 n05533	566		true
n05041	29	0.4250		n01527 n03800	1985		true
n05042	27	0.4250	n00867	n02324 n04593	351		true
n05043	27	0.4250	n02662	n03643	1519		true
n05044	23	0.4250	n01397	n04112 n05452	217		true
n05045	24	0.4250	n04684	n04954 n06142	450		true
n05046	20	0.4250	n04067	n03218	2047		true
n05047	19	0.4250		n04273 n05295	177		true
n05048	16	0.4250	n04257	n00277	217		true
n05049	16	0.4250	n02119	n00933 n01737	220		true
n05050	17	0.4250	n04524	n01690 n04146 n05803	236		true
n05051	15	0.4250	n00271	n01770	574		true
n05052	14	0.4250	n04694	n02701 n03430	602		true
n05053	14	0.4250	n00953	n01205 n02703	94		true
n05054	13	0.4250	n03583 n04109	n02592 n04657	439		true
n05055	13	0.4250	n04078	n03190 n04045	175		true
n05056	14	0.4250	n05644	n00148 n01984	491		true
n05057	15	0.4250	n04684	n02908 n05124	113		true
n05058	12	0.4250	n03269	n00962 n01069	58		true
n05059	12	0.4250	n05168	n02648 n03941	281		true
n05060	11	0.4250	n03498	n00705 n04582	234		true
n05061	11	0.4250	n04312	n03657 n03821	89		true
n05062	11	0.4250	n04803	n04242 n05188	560		true
n05063	12	0.4250	n01269	n02130 n06125	75		true
n05064	11	0.4250	n00520	n03753 n04299	115		true
n05065	12	0.4250	n02550	n02999	221		true
n05066	11	0.4250	n04360	n01428 n02051	179		true
n05067	9	0.4250	n02902 n05451	n02061	57		true
n05068	10	0.4250	n03068	n04372	77		true
n05069	9	0.4250	n01801	n02657	52		true
n05070	9	0.4250	n05892	n00906	164		true
n05071	8	0.4250	n03491 n05214	n00364	388		true
n05072	8	0.4250	n05337	n00991	26		true
n05073	7	0.4250	n02961 n04684		300		true
n05074	7	0.4250	n01205	n00758	74		true
n05075	7	0.4250	n01801	n01050	950		true
n05076	7	0.4250	n02613		139		true
n05077	6	0.4250	n02471	n02571	69		true
n05078	6	0.4250	n05718	n01839	34		true
n05079	6	0.4250	n04531	n01906	1882		true
n05080	7	0.4250	n04257	n00746	261		true
n05081	6	0.4250	n01801		81		true
n05082	6	0.4250	n03318	n01572	108		true
n05083	6	0.4250	n03195		46		true
n05084	6	0.4250	n04257	n01985	492		true
n05085	7	0.4221	n02582 n04434	n01915	97		true
n05086	6	0.4213	n01026	n02026	29		true
n05087	5	0.4213	n03531		51		true
n05088	51	0.4200	n01846	n04261 n05310	766		true
n05089	49	0.4200		n03149 n04686	2214		true
n05090	43	0.4200	n02961 n04684	n03417 n04990	1045		true
n05091	42	0.4200	n02823 n05150	n02962	227		true
n05092	40	0.4200	n02961 n04684	n04787	85		true
n05093	35	0.4200	n04257	n00403	679		true
n05094	36	0.4200		n02115 n02803 n05872	380		true
n05095	34	0.4200	n02634 n04941	n01012 n02185	930		true
n05096	32	0.4200	n01011	n02556 n03328	528		true
n05097	23	0.4200	n06011	n01555 n02361 n05968	186		true
n05098	21	0.4200	n02037	n00280 n03939	148		true
n05099	20	0.4200	n01132	n00430 n01421	900		true
n05100	20	0.4200	n03643 n05208	n00519 n03965	681		true
n05101	19	0.4200	n03797	n04893 n05340	636		true
n05102	20	0.4200	n04257	n03018 n04015	728		true
n05103	19	0.4200		n02937 n05776	123		true
n05104	17	0.4200	n02980	n02473 n02846	225		true
n05105	17	0.4200	n05700 n05705	n03220 n03568	280		true
n05106	16	0.4200	n03524	n00786	310		true
n05107	17	0.4200		n03572 n06112	184		true
n05108	15	0.4200	n03147 n05326	n00423 n05925	88		true
n05109	15	0.4200	n03216	n00808 n01491	140		true
n05110	15	0.4200	n05713	n01613 n04207	328		true
n05111	15	0.4200	n05218	n00349 n02445	604		true
n05112	16	0.4200	n05327	n03374 n03385	287		true
n05113	15	0.4200	n02711 n05576	n03043 n05977	204		true
n05114	13	0.4200	n04077	n03226	112		true
n05115	12	0.4200	n04592	n00158 n00817	47		true
n05116	14	0.4200		n03047 n04726	1039		true
n05117	13	0.4200	n03269	n00962 n02538	68		true
n05118	12	0.4200	n05775	n01778	2320		true
n05119	11	0.4200	n04118	n00318	187		true
n05120	11	0.4200	n02857	n01367 n02217	222		true
n05121	11	0.4200		n00892	181		true
n05122	12	0.4200	n01953	n02184 n02866	63		true
n05123	12	0.4200	n02961 n04684	n02415 n03946	243		true
n05124	10	0.4200	n05057	n05405	93		true
n05125	10	0.4200	n02961 n04684	n02527 n03254	131		true
n05126	10	0.4200	n02637	n00174	118		true
n05127	10	0.4200	n02903	n01421 n02352	774		true
n05128	9	0.4200		n00722	306		true
n05129	10	0.4200	n01801	n02921 n04337	873		true
n05130	10	0.4200	n00087	n01165 n04585	744		true
n05131	8	0.4200	n04257	n00475	202		true
n05132	9	0.4200	n04257	n01658	316		true
n05133	8	0.4200	n04684	n02222	621		true
n05134	7	0.4200	n02961 n04684		7		true
n05135	7	0.4200	n01801	n01984 n02314	74		true
n05136	7	0.4200	n04257		136		true
n05137	7	0.4200	n05230		1200		true
n05138	6	0.4200	n03370	n02182	42		true
n05139	6	0.4200	n04845		297		true
n05140	6	0.4200	n03534 n04132	n02231	290		true
n05141	6	0.4200	n01801	n02573	98		true
n05142	5	0.4200	n03137		37		true
n05143	7	0.4192	n00298	n00919	183		true
n05144	5	0.4192	n02646 n05960		444		true
n05145	6	0.4188	n01146	n02313	151		true
n05146	8	0.4175	n02249	n00483	152		true
n05147	8	0.4171	n03435 n06050	n00982	49		true
n05148	6	0.4171	n02663		81		true
n05149	78	0.4150	n04257	n00867 n03824	1002		true
n05150	69	0.4150	n01581	n04688 n04797 n05091	233		true
n05151	49	0.4150	n03360	n03797 n05301 n06079	641		true
n05152	36	0.4150	n02961 n04684	n04953 n05722 n06018	1172		true
n05153	33	0.4150	n01801	n03393 n05497	1201		true
n05154	27	0.4150	n05695	n03855 n04289	203		true
n05155	26	0.4150	n02240	n03527 n05455	570		true
n05156	27	0.4150	n04257	n00705 n05591	292		true
n05157	26	0.4150	n04684	n01017 n02876	371		true
n05158	24	0.4150	n00005	n03269 n04744	83		true
n05159	24	0.4150	n04734	n00781	986		true
n05160	22	0.4150		n05770	466		true
n05161	22	0.4150	n02542	n00084 n00115	90		true
n05162	21	0.4150	n04257	n00475 n00785	196		true
n05163	20	0.4150	n01883	n03017 n05168	308		true
n05164	18	0.4150	n01078	n02987 n05281	225		true
n05165	16	0.4150	n04257	n03221	241		true
n05166	16	0.4150	n04588	n02291 n04086	2449		true
n05167	16	0.4150	n04112 n05269	n04448 n05173	64		true
n05168	16	0.4150	n03364 n05163	n02290 n05059	281		true
n05169	17	0.4150	n04881	n00041 n06106	54		true
n05170	17	0.4150	n05693	n02293 n02706 n04463	656		true
n05171	16	0.4150	n05771	n03004 n05655	287		true
n05172	16	0.4150	n04684	n03706 n04709	707		true
n05173	13	0.4150	n03016 n05167	n03247	56		true
n05174	15	0.4150	n05488	n01424 n02481	225		true
n05175	12	0.4150	n04639	n01777 n03167	100		true
n05176	12	0.4150	n03604 n05643 n05647	n00879 n04174	304		true
n05177	12	0.4150	n03092	n01425 n01987	480		true
n05178	11	0.4150	n03666 n03915 n05426	n01354	55		true
n05179	12	0.4150	n01887	n02179 n04096	240		true
n05180	11	0.4150	n04565	n03979 n04580	195		true
n05181	10	0.4150	n03066 n03702	n01703 n03517 n05868	730		true
n05182	10	0.4150	n05900	n01829 n03260	134		true
n05183	9	0.4150	n03185	n00632 n02063	177		true
n05184	10	0.4150		n00373 n00637	395		true
n05185	10	0.4150	n03183	n00176	133		true
n05186	8	0.4150	n06096	n00746	280		true
n05187	8	0.4150	n04399	n00214	47		true
n05188	9	0.4150	n05062	n01369	438		true
n05189	7	0.4150	n03986		48		true
n05190	7	0.4150	n05342		888		true
n05191	7	0.4150	n05343	n01106 n02309	1716		true
n05192	8	0.4150	n02961 n04684	n01554	68		true
n05193	7	0.4150	n03935	n01175	117		true
n05194	7	0.4150			143		true
n05195	7	0.4150			60		true
n05196	6	0.4150	n04109 n04161		754		true
n05197	6	0.4150	n03230 n05346		670		true
n05198	6	0.4150	n04001	n01910	69		true
n05199	6	0.4150	n06058	n02154	141		true
n05200	7	0.4150	n04067	n02228	434		true
n05201	7	0.4133	n00095	n01494	38		true
n05202	8	0.4121	n00956	n01045	1494		true
n05203	7	0.4121	n01531		1386		true
n05204	6	0.4121	n03564	n02427	244		true
n05205	8	0.4108	n00606	n01510	23		true
n05206	6	0.4103	n00076		45		true
n05207	81	0.4100	n03092	n00044 n01185 n02542 n03297	361		true
n05208	63	0.4100	n03092	n02660 n04352 n05100	771		true
n05209	38	0.4100		n03154 n03981	778		true
n05210	35	0.4100	n05479 n05886	n00551 n00874 n04803	2914		true
n05211	32	0.4100	n04257	n04985 n05646	1354		true
n05212	25	0.4100	n03092	n02712	612		true
n05213	25	0.4100		n00013 n00905	447		true
n05214	26	0.4100	n04879	n01825 n02831 n03343 n05071 n06055	928		true
n05215	20	0.4100	n04259	n00273 n04607	523		true
n05216	21	0.4100	n01801	n03696 n05029	663		true
n05217	20	0.4100	n03583	n03858 n04657 n05839	572		true
n05218	19	0.4100	n03887	n04126 n05111	1424		true
n05219	17	0.4100	n04594	n00326 n01276	255		true
n05220	15	0.4100	n03769	n00812 n02171	201		true
n05221	15	0.4100	n04589	n00712 n04042	100		true
n05222	14	0.4100	n02470	n00529	46		true
n05223	15	0.4100	n05485	n02719 n03758	377		true
n05224	13	0.4100	n02982	n01018 n03134	163		true
n05225	14	0.4100	n05965	n00659 n03345	984		true
n05226	12	0.4100	n04257	n00102	762		true
n05227	12	0.4100	n02961 n04684	n01110 n05034	470		true
n05228	12	0.4100	n03606	n01926 n02182	427		true
n05229	12	0.4100	n04731 n04790 n05531	n01027 n05412	28		true
n05230	12	0.4100	n01527 n03800	n03259 n05137	1351		true
n05231	12	0.4100	n04750	n02258 n04464	413		true
n05232	10	0.4100	n03671 n04437	n00864 n03851	176		true
n05233	11	0.4100	n00603	n02017 n04817	386		true
n05234	9	0.4100	n06136	n00821	33		true
n05235	10	0.4100	n04257	n02622	377		true
n05236	9	0.4100	n05600	n01548	712		true
n05237	9	0.4100	n05958	n01246	558		true
n05238	9	0.4100	n00874	n00730	1791		true
n05239	8	0.4100	n01891 n02692	n00763	98		true
n05240	9	0.4100	n04257	n01988 n03910	365		true
n05241	9	0.4100	n02284	n00372 n01263	19		true
n05242	8	0.4100	n04121	n02453	128		true
n05243	7	0.4100	n04257		36		true
n05244	8	0.4100	n04655	n03488	108		true
n05245	7	0.4100	n04285		49		true
n05246	7	0.4100	n04029 n05537		64		true
n05247	7	0.4100	n05916	n02461	153		true
n05248	7	0.4100	n04486		2951		true
n05249	7	0.4100	n03502 n05379 n06169	n01302	139		true
n05250	7	0.4100	n03649	n01725	350		true
n05251	8	0.4100	n03018	n02347	450		true
n05252	6	0.4100		n02268	253		true
n05253	6	0.4100	n04257	n01566	71		true
n05254	6	0.4100	n03958		222		true
n05255	6	0.4100		n01983	95		true
n05256	6	0.4100	n04754		452		true
n05257	11	0.4091	n01813	n00321 n04619	139		true
n05258	7	0.4070	n02961 n04684		97		true
n05259	6	0.4070	n02961 n04684		9		true
n05260	6	0.4070	n03092	n02497	210		true
n05261	172	0.4050	n02961 n04684	n00061 n02436 n03639 n04470 n04549 n05010 n05601 n05686	1889		true
n05262	71	0.4050		n01176 n01200 n02874 n03012	461		true
n05263	39	0.4050	n03092	n02097 n05579	3291		true
n05264	33	0.4050	n01882	n01134 n03061	1798		true
n05265	35	0.4050	n04519	n03095	1156		true
n05266	27	0.4050	n00000	n03342 n04023	92		true
n05267	24	0.4050	n00602	n03559	242		true
n05268	25	0.4050	n03092 n04518	n04644 n05963	524		true
n05269	21	0.4050	n02242	n03016 n05167	138		true
n05270	20	0.4050	n02636	n00339 n02077	93		true
n05271	20	0.4050	n03766	n03466 n06024	156		true
n05272	20	0.4050	n04257	n00762 n03425 n05656	350		true
n05273	19	0.4050	n03916	n02282 n04118	905		true
n05274	16	0.4050	n04831	n00504 n01532	167		true
n05275	17	0.4050	n03366 n03459	n03310 n04601	300		true
n05276	16	0.4050	n03092	n01340 n03738 n05627	524		true
n05277	18	0.4050	n02638	n03072 n03990	1590		true
n05278	17	0.4050	n04257	n03167 n05603	287		true
n05279	15	0.4050		n00467 n05780	1145		true
n05280	17	0.4050	n04519	n04533 n05285	196		true
n05281	14	0.4050	n05164	n02006 n02705	165		true
n05282	15	0.4050	n02690	n02009 n03651	366		true
n05283	14	0.4050	n02986	n00607 n04809	139		true
n05284	13	0.4050	n01801	n02886 n04863	80		true
n05285	13	0.4050	n05280	n04175 n04402	128		true
n05286	12	0.4050	n05419	n00197 n01239	1880		true
n05287	14	0.4050	n03737	n01354 n04783 n04980	82		true
n05288	11	0.4050		n02791 n02890	102		true
n05289	11	0.4050	n03778	n00997 n05876	68		true
n05290	12	0.4050	n00415	n02297 n02311	291		true
n05291	11	0.4050	n03328	n02975	443		true
n05292	13	0.4050	n04257	n01744 n04138	1280		true
n05293	12	0.4050	n02880	n00615	969		true
n05294	11	0.4050		n02704	1068		true
n05295	10	0.4050	n05047	n02767	87		true
n05296	10	0.4050	n01814	n00189	203		true
n05297	11	0.4050	n04257	n02134 n02917	881		true
n05298	9	0.4050	n05600	n01548 n04251	703		true
n05299	9	0.4050	n05416	n01549 n03035	365		true
n05300	8	0.4050	n02006	n01105 n01305	147		true
n05301	8	0.4050	n05151	n01244	69		true
n05302	7	0.4050	n00091	n00230	21		true
n05303	7	0.4050	n04734		222		true
n05304	7	0.4050	n06154		382		true
n05305	7	0.4050	n02787	n01722 n02182	130		true
n05306	8	0.4050	n01801	n02225	133		true
n05307	6	0.4050	n05376	n02109	242		true
n05308	6	0.4050	n03469	n01517	168		true
n05309	6	0.4050	n04257		158		true
n05310	6	0.4050	n05088	n02064	27		true
n05311	6	0.4050	n05693	n02463	938		true
n05312	7	0.4020	n02465	n01946 n01949	51		true
n05313	69	0.4000		n04632 n05733 n05893	657		true
n05314	48	0.4000	n04684	n02817 n04554	519		true
n05315	44	0.4000	n00263	n02181 n03772 n03996 n06136	155		true
n05316	43	0.4000		n03012 n05700	439		true
n05317	38	0.4000	n01801	n00021 n01807	287		true
n05318	38	0.4000	n03640	n02743 n04121	1424		true
n05319	33	0.4000	n04105	n03844 n04050 n06135	2461		true
n05320	27	0.4000	n01950	n00342 n01999	136		true
n05321	26	0.4000	n02961 n04684	n02055 n02243	471		true
n05322	24	0.4000	n03557	n00861 n04524	264		true
n05323	24	0.4000	n05691	n00689 n01761	244		true
n05324	20	0.4000	n04257	n02302 n03531	839		true
n05325	20	0.4000	n00007	n02545	708		true
n05326	19	0.4000	n02961 n04684	n03835 n05108	90		true
n05327	20	0.4000	n03461	n00964 n05112	361		true
n05328	20	0.4000	n04162	n03923 n04553 n05929	452		true
n05329	19	0.4000	n04257	n03102 n06098	376		true
n05330	17	0.4000	n05759	n03875 n04844	1185		true
n05331	19	0.4000	n04257	n03271 n03677	255		true
n05332	19	0.4000	n03063	n00522 n05740	131		true
n05333	18	0.4000		n02827 n05663	604		true
n05334	15	0.4000	n03734	n00047	191		true
n05335	15	0.4000	n04109	n01414 n04039	659		true
n05336	16	0.4000	n05702	n03024 n03678	211		true
n05337	16	0.4000	n02961 n04684	n01687 n05072	84		true
n05338	14	0.4000	n02581	n03171	94		true
n05339	13	0.4000	n02799 n04105	n03164	165		true
n05340	13	0.4000	n05101	n02251 n03479	636		true
n05341	12	0.4000		n00743 n01717	122		true
n05342	12	0.4000	n04257	n04249 n05190	1135		true
n05343	11	0.4000	n04257	n03812 n05191	1716		true
n05344	12	0.4000	n03528	n02810	337		true
n05345	12	0.4000	n01801	n00463 n03790	84		true
n05346	12	0.4000	n00265 n03300 n04347	n01385 n02955 n05197	687		true
n05347	10	0.4000	n01687	n00922 n00991	70		true
n05348	10	0.4000	n05595	n01216	47		true
n05349	9	0.4000	n03894	n01426 n02186	118		true
n05350	9	0.4000	n01690	n01972	69		true
n05351	8	0.4000	n04123	n04778	184		true
n05352	8	0.4000	n04983	n00649	88		true
n05353	8	0.4000	n02474		316		true
n05354	7	0.4000	n02961 n04684	n01913	94		true
n05355	7	0.4000	n04257	n01983	149		true
n05356	7	0.4000	n04126 n04447	n01835	1424		true
n05357	7	0.4000	n04951 n05461	n01169	580		true
n05358	6	0.4000	n00785	n02423	134		true
n05359	6	0.3990	n00615		908		true
n05360	10	0.3970	n00286 n03183	n00176 n03387	127		true
n05361	8	0.3970	n00607	n00567	102		true
n05362	92	0.3950	n02961 n04684	n04025 n04188 n04740	875		true
n05363	53	0.3950	n04257	n03208 n04900	442		true
n05364	51	0.3950	n04257	n03824 n05591	690		true
n05365	54	0.3950		n00892 n02747 n02984	1170		true
n05366	45	0.3950	n04588	n01806 n04538 n04935 n06029	1080		true
n05367	37	0.3950	n05692	n03332 n04833	2089		true
n05368	37	0.3950	n01801	n01398 n02543 n04277	289		true
n05369	37	0.3950	n01801	n03816 n03968 n05706	1035		true
n05370	20	0.3950	n01680	n01589 n01866	372		true
n05371	18	0.3950	n01682	n02936 n04167	100		true
n05372	17	0.3950	n04257	n03959 n04037	242		true
n05373	17	0.3950	n04257	n00785	199		true
n05374	16	0.3950	n05639	n03456 n04205	1734		true
n05375	15	0.3950	n02876	n00065 n01904	364		true
n05376	14	0.3950	n03560	n00104 n05307	488		true
n05377	14	0.3950	n06127	n00086	461		true
n05378	14	0.3950	n04354	n02218 n03783	221		true
n05379	15	0.3950	n04076	n01675 n02844 n05249	484		true
n05380	15	0.3950	n04684	n02250 n05557	260		true
n05381	12	0.3950	n03014 n04789	n00091	24		true
n05382	12	0.3950		n03709 n04412	212		true
n05383	12	0.3950	n01801	n04664 n05025	684		true
n05384	11	0.3950	n04700	n04330	102		true
n05385	12	0.3950	n04257	n00548 n04729	158		true
n05386	11	0.3950	n04684	n00562	45		true
n05387	11	0.3950		n02731 n04770	193		true
n05388	10	0.3950	n04082	n01218 n05027	144		true
n05389	10	0.3950	n02961 n04684	n00803	427		true
n05390	10	0.3950	n03405	n03718	65		true
n05391	9	0.3950	n04155	n00856 n01392	89		true
n05392	9	0.3950	n04361	n00560	236		true
n05393	9	0.3950	n04257	n03324	59		true
n05394	9	0.3950		n00346	242		true
n05395	10	0.3950	n05907	n00590 n03202	173		true
n05396	9	0.3950		n00386 n02525	66		true
n05397	9	0.3950		n02976 n03819	139		true
n05398	9	0.3950	n05586	n01749 n02600	64		true
n05399	8	0.3950	n02331	n01323	449		true
n05400	8	0.3950	n03674	n01795	106		true
n05401	7	0.3950	n04123 n04847	n00666	277		true
n05402	7	0.3950	n05652		32		true
n05403	7	0.3950	n00608	n00503	137		true
n05404	7	0.3950	n04709		707		true
n05405	6	0.3950	n04179 n05124	n02494	69		true
n05406	6	0.3950	n00703		50		true
n05407	7	0.3950	n04611	n01262 n01668	146		true
n05408	6	0.3950	n00617 n02643	n00995	86		true
n05409	6	0.3950			74		true
n05410	6	0.3950	n04257		196		true
n05411	6	0.3937	n01532 n03148		79		true
n05412	7	0.3920	n05009 n05229		23		true
n05413	6	0.3920	n04324		340		true
n05414	101	0.3900	n04257	n00515 n03303 n03687 n03728 n04177 n06127	861		true
n05415	97	0.3900	n02821	n02500 n03360 n03892 n05481	1145		true
n05416	74	0.3900	n03092	n05036 n05299 n05984 n06100	1331		true
n05417	44	0.3900		n00609 n00707 n06074	571		true
n05418	35	0.3900	n04069	n00191 n05532	1898		true
n05419	33	0.3900	n03664	n05286 n05421	1903		true
n05420	29	0.3900	n01198	n02853	139		true
n05421	29	0.3900	n05419	n03692	1882		true
n05422	26	0.3900	n05692	n04035 n04364 n04914	315		true
n05423	26	0.3900	n04017	n01201 n04336 n06111	2457		true
n05424	26	0.3900	n03640	n01074 n04692	1456		true
n05425	25	0.3900	n03149	n01766 n02223 n06089	698		true
n05426	27	0.3900	n00951	n04475 n05178 n06020	138		true
n05427	23	0.3900	n02983	n04816 n04908 n06026	327		true
n05428	23	0.3900	n06132	n03976 n04480 n05933	310		true
n05429	23	0.3900	n03092	n01828 n05440	569		true
n05430	21	0.3900	n02824 n05534	n00095 n03803	65		true
n05431	22	0.3900	n03095	n03155 n04402	394		true
n05432	20	0.3900	n04067	n02294 n04597	191		true
n05433	19	0.3900	n04190	n00493 n05492	422		true
n05434	20	0.3900	n01524 n04636	n03893 n05904	844		true
n05435	18	0.3900		n01462 n01792	183		true
n05436	20	0.3900	n03463	n04269 n05971	268		true
n05437	18	0.3900	n02465	n05609 n05852	124		true
n05438	19	0.3900	n02961 n04684	n01886	1868		true
n05439	17	0.3900	n04389 n06078	n02285	152		true
n05440	17	0.3900	n05429	n02990	138		true
n05441	17	0.3900	n00264	n04398 n05843	207		true
n05442	16	0.3900	n02985 n04020	n03472 n04490	313		true
n05443	19	0.3900	n01999	n01739 n03408	111		true
n05444	15	0.3900	n03037	n02966	1793		true
n05445	16	0.3900	n04022	n04714 n05986	212		true
n05446	15	0.3900	n01801	n00446 n00554	670		true
n05447	14	0.3900	n02961 n04684	n00109 n05749	155		true
n05448	14	0.3900	n02961 n04684	n04574 n05549	56		true
n05449	13	0.3900	n04588	n00081 n01473	170		true
n05450	14	0.3900		n02249 n03086	192		true
n05451	14	0.3900	n02507	n01273 n05067	74		true
n05452	12	0.3900	n05044	n02379 n02601 n03476	198		true
n05453	12	0.3900	n00781	n00615	964		true
n05454	11	0.3900	n00022	n05572	86		true
n05455	12	0.3900	n05155	n02729 n03598	507		true
n05456	12	0.3900	n03010	n02218 n06114	124		true
n05457	11	0.3900	n01801	n01474	900		true
n05458	13	0.3900	n01583 n02439	n05552 n05675	217		true
n05459	10	0.3900	n04081	n00324	145		true
n05460	10	0.3900	n02933	n01547 n01560	259		true
n05461	10	0.3900	n01584	n00336 n05357	601		true
n05462	12	0.3900	n04257	n03443	264		true
n05463	11	0.3900	n04122	n02570 n03683	188		true
n05464	9	0.3900	n03303	n00472 n02531	118		true
n05465	8	0.3900	n03368	n00734	92		true
n05466	8	0.3900	n06163	n01905	155		true
n05467	9	0.3900	n05693	n02302	824		true
n05468	10	0.3900	n04257	n02851	506		true
n05469	7	0.3900	n04257	n00833	130		true
n05470	7	0.3900	n00095	n01494	48		true
n05471	7	0.3900	n02075	n01450	222		true
n05472	7	0.3900	n04544	n01261	23		true
n05473	6	0.3900	n05557		104		true
n05474	6	0.3900	n03228	n01665	1543		true
n05475	6	0.3889	n04091	n01754	71		true
n05476	6	0.3889	n00294	n00772	21		true
n05477	7	0.3861	n01144		33		true
n05478	73	0.3850	n04257 n05759	n02114 n03011	1605		true
n05479	62	0.3850	n04684	n04267 n04282 n04439 n05210 n05891 n05920	3897		true
n05480	29	0.3850	n02961 n04684	n04323 n04641	854		true
n05481	23	0.3850	n05415	n02119	340		true
n05482	22	0.3850	n06076	n02244 n06106	61		true
n05483	22	0.3850	n04221	n01734	77		true
n05484	19	0.3850	n03527	n02642 n02729	265		true
n05485	20	0.3850	n01134 n03061	n00492 n05223	383		true
n05486	18	0.3850	n03693 n03695	n02067 n03068	334		true
n05487	17	0.3850		n04615 n05597	257		true
n05488	17	0.3850	n06018	n05174	232		true
n05489	18	0.3850	n04879	n01499 n02831	857		true
n05490	16	0.3850	n04257	n00045 n00833	62		true
n05491	16	0.3850	n02279	n01465	193		true
n05492	16	0.3850	n05433	n01140	419		true
n05493	15	0.3850	n00271	n00486 n00624	451		true
n05494	15	0.3850	n03724	n03275 n03865	175		true
n05495	14	0.3850	n03604	n00957	306		true
n05496	14	0.3850		n00296 n02305	144		true
n05497	15	0.3850	n05153	n01467 n03356	956		true
n05498	13	0.3850	n02961 n04684	n00700	105		true
n05499	13	0.3850	n02118	n00703	122		true
n05500	15	0.3850	n04257	n02835 n04247 n05022	146		true
n05501	13	0.3850		n02946	211		true
n05502	12	0.3850	n01801	n04664	880		true
n05503	11	0.3850	n02938 n05578	n00932 n01513	386		true
n05504	12	0.3850	n04746	n02308 n02380 n03253	312		true
n05505	11	0.3850	n04988	n01456 n01661	193		true
n05506	12	0.3850	n04257	n00544 n05561	325		true
n05507	10	0.3850	n04257	n01288 n02970	112		true
n05508	10	0.3850	n01956	n02145	167		true
n05509	10	0.3850	n00023	n00180	25		true
n05510	10	0.3850	n04885	n00712 n02768	63		true
n05511	10	0.3850	n04684	n00999 n01672	55		true
n05512	9	0.3850	n04083		170		true
n05513	8	0.3850	n05976	n00993 n02028	241		true
n05514	9	0.3850	n04088 n04257	n00728	220		true
n05515	8	0.3850	n01778	n01167	2314		true
n05516	8	0.3850	n03161	n02452	102		true
n05517	8	0.3850	n03862	n01055 n02060	116		true
n05518	9	0.3850	n03188	n02377	201		true
n05519	7	0.3850	n02781 n03539	n01242	763		true
n05520	7	0.3850	n01801		609		true
n05521	8	0.3850	n01801	n02225	104		true
n05522	6	0.3850	n04257		97		true
n05523	6	0.3850	n00523		47		true
n05524	6	0.3850	n03392		37		true
n05525	7	0.3838	n01924	n00995	57		true
n05526	6	0.3819	n02130 n03170	n02387	42		true
n05527	118	0.3800	n06071	n01950 n03612	859		true
n05528	83	0.3800	n04684	n02983 n03036 n03523 n06147	1572		true
n05529	68	0.3800	n05883	n03063 n05038	842		true
n05530	45	0.3800	n01801	n03742 n04507 n04769 n04902 n06030	2038		true
n05531	31	0.3800	n05577	n03767 n05229	505		true
n05532	28	0.3800	n05418	n04746 n04840	338		true
n05533	28	0.3800	n05040	n03735 n04696	392		true
n05534	24	0.3800	n02742	n04895 n05430	79		true
n05535	21	0.3800	n04522	n04802 n05851	152		true
n05536	22	0.3800		n04176 n04451 n05661	1904		true
n05537	20	0.3800	n03856	n03249 n05246 n06039	386		true
n05538	19	0.3800		n03926 n05808	1061		true
n05539	17	0.3800	n00269	n01686 n06171	150		true
n05540	17	0.3800	n01637	n02663 n03402	99		true
n05541	17	0.3800	n03122	n03960 n06113	589		true
n05542	14	0.3800	n04789 n04993	n02479 n05548	397		true
n05543	12	0.3800	n03668	n00614	745		true
n05544	11	0.3800	n04428	n00123	73		true
n05545	11	0.3800	n04067	n00977 n01323	1346		true
n05546	11	0.3800	n04949	n01741	3498		true
n05547	11	0.3800	n02076	n00807	350		true
n05548	10	0.3800	n05542	n02446	68		true
n05549	10	0.3800	n03769 n05448	n00812	52		true
n05550	11	0.3800	n04257	n02011	1991		true
n05551	10	0.3800	n01801	n02867 n05755	371		true
n05552	9	0.3800	n05458	n03576 n04511	142		true
n05553	10	0.3800	n01801	n02952	410		true
n05554	10	0.3800	n03643	n00634 n04149	455		true
n05555	9	0.3800	n04257	n02134	812		true
n05556	9	0.3800	n04086	n01546	2433		true
n05557	10	0.3800	n05380	n01098 n05473	122		true
n05558	8	0.3800	n03558	n00390	51		true
n05559	9	0.3800	n02992	n04301	141		true
n05560	9	0.3800	n04221	n00920 n02773	25		true
n05561	8	0.3800	n05506		68		true
n05562	9	0.3800	n01801	n02416	253		true
n05563	7	0.3800	n04605	n00835	349		true
n05564	7	0.3800		n01234	38		true
n05565	7	0.3800	n02939 n04479	n01836	398		true
n05566	7	0.3800	n01801	n01245	231		true
n05567	6	0.3800	n03970 n05929		136		true
n05568	6	0.3800	n04257		532		true
n05569	6	0.3800	n02961 n04684		352		true
n05570	8	0.3797	n00151	n00652	180		true
n05571	10	0.3769	n00525	n01542	201		true
n05572	8	0.3769	n00074 n05454	n00907	60		true
n05573	7	0.3769	n02761	n02146	58		true
n05574	13	0.3756	n00021 n04274	n00427 n05019	37		true
n05575	107	0.3750	n03092	n00431 n01199 n02934 n04473 n06122	945		true
n05576	64	0.3750	n02158	n02899 n04350 n04590 n05113	406		true
n05577	55	0.3750	n02389	n04731 n05531	722		true
n05578	37	0.3750	n03149	n04595 n05503 n06089	870		true
n05579	34	0.3750	n05263	n04386 n04950	3245		true
n05580	26	0.3750	n02961 n04684	n00076 n00954 n04217	126		true
n05581	25	0.3750		n00077 n01639	295		true
n05582	23	0.3750	n04786	n04392 n04857	237		true
n05583	24	0.3750	n04591	n02617 n04892 n05978	1383		true
n05584	24	0.3750		n04486 n04992	3022		true
n05585	22	0.3750	n01801	n00173 n01769	397		true
n05586	19	0.3750	n04018	n03891 n05398	116		true
n05587	19	0.3750		n02878	348		true
n05588	20	0.3750	n03303	n03986 n04501	424		true
n05589	21	0.3750	n05946	n00042 n01211 n03000	762		true
n05590	18	0.3750	n02929	n04167	264		true
n05591	17	0.3750	n05156 n05364	n00426 n02958	161		true
n05592	16	0.3750	n03584	n00059	78		true
n05593	17	0.3750		n02474	429		true
n05594	16	0.3750	n05952	n04487 n05728	65		true
n05595	14	0.3750	n04164	n01961 n05348	54		true
n05596	14	0.3750	n05769	n00086	99		true
n05597	14	0.3750	n05487 n06139	n00107 n01521	233		true
n05598	14	0.3750	n02961 n04684	n03108	135		true
n05599	13	0.3750	n05902	n00885 n02157	80		true
n05600	13	0.3750	n04257	n05236 n05298	719		true
n05601	12	0.3750	n02852 n05261	n00335 n00672	189		true
n05602	11	0.3750	n05639	n00128	691		true
n05603	11	0.3750	n05278	n00194 n01382	259		true
n05604	11	0.3750	n06150	n00469 n01753	274		true
n05605	12	0.3750	n02666	n03027 n04142	108		true
n05606	10	0.3750	n01801	n00889 n04466	166		true
n05607	9	0.3750	n03894	n00745 n02186	42		true
n05608	9	0.3750	n02831	n00364	648		true
n05609	9	0.3750	n01076 n05437	n00460	69		true
n05610	10	0.3750	n04257	n01382 n04015	282		true
n05611	9	0.3750	n04349	n01227 n01842	420		true
n05612	9	0.3750	n04749 n06155	n01628	63		true
n05613	9	0.3750	n01801	n00566	3041		true
n05614	9	0.3750	n01801		46		true
n05615	9	0.3750		n01157	88		true
n05616	9	0.3750	n03102	n02059 n04382	186		true
n05617	7	0.3750	n00874	n01178	2314		true
n05618	7	0.3750	n04684	n01750	429		true
n05619	7	0.3750		n01620	56		true
n05620	7	0.3750	n02863		288		true
n05621	8	0.3750	n04659	n01561	1938		true
n05622	6	0.3750	n05692	n01453	39		true
n05623	6	0.3750	n03159	n02384	40		true
n05624	6	0.3750	n01801	n02103	332		true
n05625	6	0.3750	n01801		81		true
n05626	9	0.3744	n00422	n00901	64		true
n05627	6	0.3724	n05276 n06132	n01944	475		true
n05628	8	0.3719	n03592		181		true
n05629	7	0.3719	n01025	n00990	31		true
n05630	7	0.3719	n05635		61		true
n05631	6	0.3719	n05019		19		true
n05632	6	0.3719	n02943	n01519	185		true
n05633	8	0.3711	n00043 n05842	n01260	198		true
n05634	54	0.3700	n00263	n03971 n05694	348		true
n05635	48	0.3700	n05693	n02302 n02706 n03843 n04310 n05630	915		true
n05636	34	0.3700	n02240	n01493 n02362 n03698 n04707	323		true
n05637	25	0.3700	n02824	n03125	153		true
n05638	23	0.3700	n00004 n02390 n06003	n04743 n04974	829		true
n05639	23	0.3700	n06135	n04614 n05374 n05602	2074		true
n05640	22	0.3700	n04072	n02038	392		true
n05641	23	0.3700	n01131	n04398 n06050 n06146	219		true
n05642	21	0.3700	n01634	n00990 n02001	98		true
n05643	19	0.3700		n03868 n05176	978		true
n05644	20	0.3700	n01801	n02715 n05056	524		true
n05645	19	0.3700		n03066 n03702	2081		true
n05646	16	0.3700	n05211	n00049	306		true
n05647	16	0.3700		n02904 n05176	367		true
n05648	16	0.3700	n03725	n03245 n04873	449		true
n05649	14	0.3700	n03769	n02171	217		true
n05650	13	0.3700	n04589	n03705 n04185	380		true
n05651	14	0.3700	n04388	n01983 n03375	150		true
n05652	12	0.3700	n03772	n01359 n05402	39		true
n05653	13	0.3700	n04560	n01145	362		true
n05654	13	0.3700	n02961 n04684	n02631 n04014	609		true
n05655	14	0.3700	n05171	n02378 n02618	127		true
n05656	12	0.3700	n05272	n00116	187		true
n05657	11	0.3700	n03834	n02218 n05684	138		true
n05658	12	0.3700		n04295 n05737	567		true
n05659	12	0.3700	n04435	n02738 n03654	139		true
n05660	13	0.3700	n02073	n00325 n03384	40		true
n05661	12	0.3700	n01886 n05536	n01030	651		true
n05662	10	0.3700	n06008	n02959 n03003	124		true
n05663	11	0.3700	n05333	n01228 n04625	65		true
n05664	11	0.3700	n03092	n00349 n01229	1104		true
n05665	10	0.3700	n02873	n00594 n00830	615		true
n05666	11	0.3700	n04082	n03412 n05027	219		true
n05667	9	0.3700		n00462	1553		true
n05668	9	0.3700	n02201	n01862	96		true
n05669	9	0.3700	n02443	n01747 n02320	258		true
n05670	9	0.3700	n02821	n00945	152		true
n05671	10	0.3700	n02863	n01356	111		true
n05672	8	0.3700		n02311	81		true
n05673	8	0.3700	n03092	n00501	332		true
n05674	8	0.3700		n01172	66		true
n05675	10	0.3700	n04563 n05458	n04511 n04513	216		true
n05676	7	0.3700	n04257	n01233	159		true
n05677	7	0.3700	n00078		213		true
n05678	8	0.3700	n04743 n04847	n00666	813		true
n05679	7	0.3700	n04225 n04257		79		true
n05680	7	0.3700	n02965	n01439	1798		true
n05681	9	0.3700	n03998	n03416 n03880	29		true
n05682	7	0.3700	n02209		286		true
n05683	7	0.3700	n03092		62		true
n05684	6	0.3700	n03962 n05657		65		true
n05685	7	0.3700	n02810 n04443	n00765	296		true
n05686	6	0.3700	n02852 n05261		37		true
n05687	7	0.3692	n04325	n01452	165		true
n05688	9	0.3668	n02079	n01190 n03009	351		true
n05689	7	0.3668	n04535	n01376	269		true
n05690	6	0.3668	n04257		129		true
n05691	100	0.3650	n04257	n01678 n04354 n04916 n05323	1165		true
n05692	83	0.3650	n04257	n02916 n04005 n04150 n04365 n04536 n05367 n05422 n05622	2855		true
n05693	67	0.3650	n04257	n04963 n05170 n05311 n05467 n05635	1262		true
n05694	45	0.3650	n05634	n02581 n03494 n05011 n06047	348		true
n05695	40	0.3650	n02961 n04684	n03013 n05154	242		true
n05696	35	0.3650	n04590	n02716 n03734	213		true
n05697	35	0.3650	n03663	n04221	128		true
n05698	32	0.3650	n03150	n00010 n00438 n04972	560		true
n05699	27	0.3650	n04067	n03266 n04952	661		true
n05700	26	0.3650	n04257 n05316	n03495 n05105	391		true
n05701	25	0.3650	n00002	n01555 n03771 n05968	365		true
n05702	26	0.3650	n05764	n02249 n05336 n05709	343		true
n05703	25	0.3650	n03265	n01140 n03694	585		true
n05704	23	0.3650	n02961 n04684	n03769	227		true
n05705	21	0.3650	n04257	n03498 n05105	280		true
n05706	24	0.3650	n05369	n03386 n03448 n04768 n05809 n05927	1000		true
n05707	21	0.3650	n05893	n03712 n04525	102		true
n05708	20	0.3650	n01683	n00272	156		true
n05709	20	0.3650	n05702	n00483 n03678	291		true
n05710	19	0.3650	n04884	n02665 n03485	45		true
n05711	21	0.3650	n05955	n03969 n05732 n06066	848		true
n05712	18	0.3650	n01801	n01955 n04745	108		true
n05713	19	0.3650	n04791	n05110	372		true
n05714	16	0.3650	n04155	n01392 n03162 n05865	180		true
n05715	17	0.3650	n01801	n02862 n03702	737		true
n05716	16	0.3650	n04257	n00056	102		true
n05717	16	0.3650	n05888	n02053 n03106	108		true
n05718	15	0.3650	n05823	n01771 n05078	320		true
n05719	16	0.3650	n00868 n03464	n02003	183		true
n05720	16	0.3650	n03766	n02398 n05917	177		true
n05721	14	0.3650		n03928	217		true
n05722	14	0.3650	n05152	n04491	864		true
n05723	13	0.3650		n02862	738		true
n05724	13	0.3650	n06079	n00332 n01788	78		true
n05725	15	0.3650	n04257	n03804 n04089	549		true
n05726	14	0.3650	n01801	n02948 n03571	84		true
n05727	13	0.3650		n03163	118		true
n05728	13	0.3650	n05594	n01470	65		true
n05729	12	0.3650	n04684	n03516 n04092	256		true
n05730	12	0.3650		n00609	251		true
n05731	12	0.3650	n04992	n04137	135		true
n05732	11	0.3650	n05711	n00622	111		true
n05733	10	0.3650	n05313	n01932	172		true
n05734	9	0.3650	n03730	n01281 n01940	410		true
n05735	9	0.3650	n04847	n03851	125		true
n05736	10	0.3650		n02627	115		true
n05737	9	0.3650	n05658	n02976	256		true
n05738	9	0.3650	n04257	n00841	64		true
n05739	10	0.3650		n01416 n04517	130		true
n05740	9	0.3650	n05332 n06044	n01262	124		true
n05741	9	0.3650	n02992		137		true
n05742	9	0.3650	n04756	n01443	648		true
n05743	10	0.3650		n02264 n03659	3407		true
n05744	8	0.3650	n04257	n01495	307		true
n05745	8	0.3650	n01405		222		true
n05746	8	0.3650	n04257	n00488	138		true
n05747	9	0.3650		n03358	427		true
n05748	7	0.3650			104		true
n05749	8	0.3650	n05447	n00938 n01945	154		true
n05750	7	0.3650	n01801	n01175	316		true
n05751	6	0.3650	n04684		41		true
n05752	6	0.3650	n01801		86		true
n05753	6	0.3650	n03680	n01720	46		true
n05754	6	0.3650	n04963 n06059		272		true
n05755	6	0.3650	n05551	n01379	235		true
n05756	8	0.3618	n00699	n00222	81		true
n05757	7	0.3604	n03341	n01617	1170		true
n05758	251	0.3600	n04257	n02691 n02821 n05760	2163		true
n05759	176	0.3600		n04387 n04588 n05330 n05478 n05871 n06086	4991		true
n05760	123	0.3600	n04830 n05758	n00866 n05814 n06082 n06129	1380		true
n05761	53	0.3600	n02852	n00061 n00722 n03565 n03607	358		true
n05762	44	0.3600	n02197	n03665	1004		true
n05763	31	0.3600	n00001	n00935 n01680	375		true
n05764	31	0.3600	n05820	n02937 n05702	377		true
n05765	26	0.3600	n05822	n01970 n03368	784		true
n05766	25	0.3600	n04223	n01701 n02323	357		true
n05767	24	0.3600	n03727	n03200 n04076	573		true
n05768	22	0.3600		n03683 n04225	307		true
n05769	20	0.3600	n04257	n00435 n05596	130		true
n05770	20	0.3600	n04257 n05160	n02694 n03831	424		true
n05771	19	0.3600	n01808	n03373 n05171	298		true
n05772	18	0.3600	n01398 n02543	n04360	199		true
n05773	18	0.3600	n03212	n03069 n03647	228		true
n05774	16	0.3600	n04076	n03502	530		true
n05775	18	0.3600	n04257	n03309 n05118 n06179	2320		true
n05776	15	0.3600	n05103	n03223 n04928	110		true
n05777	14	0.3600	n04114	n00934 n03721	116		true
n05778	14	0.3600	n02323	n00434 n02108	221		true
n05779	13	0.3600	n01768	n00961	400		true
n05780	12	0.3600	n05279	n00534	1145		true
n05781	13	0.3600	n05959	n02591 n03550	67		true
n05782	11	0.3600	n02961 n04684	n01110 n01864	509		true
n05783	14	0.3600	n04257	n04229	218		true
n05784	12	0.3600	n04257	n02912 n04249	1340		true
n05785	12	0.3600		n04500	128		true
n05786	10	0.3600	n03891	n01713 n02600	93		true
n05787	10	0.3600	n03092	n02358 n02868	107		true
n05788	10	0.3600	n03801 n04559	n01044 n03233	92		true
n05789	10	0.3600	n04684 n05945	n03142 n04623	118		true
n05790	10	0.3600	n04257	n02851	502		true
n05791	9	0.3600	n01801		43		true
n05792	9	0.3600	n04172	n00558	330		true
n05793	10	0.3600	n04432 n04737	n00156	30		true
n05794	9	0.3600	n04257	n01787	418		true
n05795	10	0.3600	n01801	n04774	174		true
n05796	8	0.3600	n04566		132		true
n05797	8	0.3600	n04938		50		true
n05798	8	0.3600	n04995	n02572 n02633	264		true
n05799	9	0.3600	n04846	n03054 n04065	648		true
n05800	8	0.3600	n02444 n04753	n01795	480		true
n05801	8	0.3600	n04601	n00733	99		true
n05802	7	0.3600	n03102		163		true
n05803	7	0.3600	n05050	n01614	200		true
n05804	7	0.3600		n01435	117		true
n05805	6	0.3600	n04257		79		true
n05806	6	0.3600	n03840	n00847	252		true
n05807	6	0.3600	n04257		367		true
n05808	6	0.3600	n03346 n05538		552		true
n05809	6	0.3600	n05706		163		true
n05810	9	0.3590	n00056	n00179	71		true
n05811	7	0.3587	n01533	n01174	39		true
n05812	7	0.3586	n02694		234		true
n05813	7	0.3568	n02820		219		true
n05814	73	0.3550	n05760	n03892 n03913	1121		true
n05815	62	0.3550	n03764	n02541	762		true
n05816	56	0.3550	n03092	n00301 n02471 n04426	1328		true
n05817	44	0.3550	n02961 n04684	n01339 n01612 n03058	168		true
n05818	37	0.3550	n04344	n01335 n04024 n05858	464		true
n05819	33	0.3550	n03666	n03883 n06015	145		true
n05820	34	0.3550		n03369 n05764	388		true
n05821	31	0.3550	n04309	n04346	230		true
n05822	32	0.3550		n04075 n05765	1569		true
n05823	28	0.3550	n02502 n04684	n03272 n05718	370		true
n05824	27	0.3550		n02746	636		true
n05825	28	0.3550	n04308	n02887 n04369 n04584 n05932	2602		true
n05826	26	0.3550	n02799	n03599 n05901 n06063	1206		true
n05827	27	0.3550	n02661	n00868 n03464	466		true
n05828	23	0.3550	n03729	n01098 n03127	330		true
n05829	21	0.3550	n03363	n00870 n01037	60		true
n05830	20	0.3550	n00264	n03961 n04565	211		true
n05831	20	0.3550	n00868 n03464	n02590 n03040 n05923	451		true
n05832	18	0.3550	n02961 n04684	n04228 n05903	600		true
n05833	18	0.3550	n01801	n03243 n04197	163		true
n05834	19	0.3550	n03398	n02265 n03400 n03810	547		true
n05835	16	0.3550	n01801	n01140 n03907	414		true
n05836	15	0.3550		n01771	795		true
n05837	16	0.3550	n02961 n04684	n00218 n03708	316		true
n05838	15	0.3550	n03646 n06012	n00312 n04152	105		true
n05839	14	0.3550	n04356 n05217	n00646 n02650	286		true
n05840	14	0.3550	n03890	n00067 n00248	293		true
n05841	15	0.3550	n01081 n03467	n01967 n02686	33		true
n05842	14	0.3550	n03833	n01213 n05633	302		true
n05843	12	0.3550	n05441	n01931 n03979 n04930	196		true
n05844	11	0.3550	n03894	n00745 n01426	103		true
n05845	13	0.3550		n03711 n03756 n03792	113		true
n05846	11	0.3550	n02167	n02132	213		true
n05847	11	0.3550		n00348 n00756	86		true
n05848	11	0.3550	n03724	n01575 n01578	52		true
n05849	11	0.3550	n03157	n02621	253		true
n05850	12	0.3550	n01801	n03455 n04858	795		true
n05851	10	0.3550	n04529 n05535 n06141	n02564	97		true
n05852	10	0.3550	n05437	n01946 n03908	104		true
n05853	11	0.3550	n04831	n00736 n03119	218		true
n05854	9	0.3550	n03951 n05884	n03948	34		true
n05855	10	0.3550	n04786	n01653 n02151	529		true
n05856	9	0.3550	n04653	n00728	95		true
n05857	9	0.3550	n06147	n00198	155		true
n05858	9	0.3550	n05818	n01709	81		true
n05859	9	0.3550	n03853	n01609	116		true
n05860	9	0.3550	n06027	n04012	430		true
n05861	9	0.3550	n03092	n01868	133		true
n05862	8	0.3550		n01792	66		true
n05863	8	0.3550	n04257		326		true
n05864	8	0.3550	n01801	n01977	108		true
n05865	7	0.3550	n05714	n01291	46		true
n05866	6	0.3550	n03092		170		true
n05867	6	0.3550	n03782 n04288	n01875	663		true
n05868	6	0.3550	n02334 n05181	n02143	709		true
n05869	6	0.3550	n01736	n02381	139		true
n05870	6	0.3550	n02961 n04684	n00941	214		true
n05871	6	0.3550	n04257 n05759		2901		true
n05872	6	0.3550	n02239 n05094	n01503	187		true
n05873	7	0.3550	n04293	n02147	246		true
n05874	8	0.3535	n03742 n06030		113		true
n05875	7	0.3535	n01020		6		true
n05876	7	0.3535	n05289		40		true
n05877	7	0.3535	n02331 n02404		295		true
n05878	11	0.3526	n00034	n00139	253		true
n05879	10	0.3518	n00283	n01654	36		true
n05880	8	0.3518	n03122	n00668	47		true
n05881	6	0.3518	n00535	n01523	36		true
n05882	6	0.3512	n02763	n01762	32		true
n05883	79	0.3500		n03299 n05529	1053		true
n05884	72	0.3500	n00683	n01967 n02822 n05854	142		true
n05885	48	0.3500	n04684	n02748 n03302	456		true
n05886	44	0.3500	n04684	n01587 n03616 n05210	3198		true
n05887	42	0.3500	n04187	n00540 n02454 n02777	692		true
n05888	33	0.3500	n04684	n04278 n04924 n05717	287		true
n05889	29	0.3500	n04383	n00525 n02201	273		true
n05890	31	0.3500	n03013	n01687 n01767	241		true
n05891	27	0.3500	n05479	n00551 n04027	943		true
n05892	25	0.3500	n01801	n01807 n05070	265		true
n05893	25	0.3500	n05313	n03891 n05707	131		true
n05894	25	0.3500		n00735 n03497	35		true
n05895	25	0.3500		n00076 n02328 n02629	268		true
n05896	22	0.3500		n03306	150		true
n05897	19	0.3500	n02242	n02601 n02861 n04448	148		true
n05898	19	0.3500	n03558	n02933	387		true
n05899	19	0.3500	n03214	n04227	223		true
n05900	19	0.3500	n03585	n03169 n05182	365		true
n05901	17	0.3500	n05826	n02702 n05909	1206		true
n05902	15	0.3500	n02963	n02125 n05599	85		true
n05903	15	0.3500	n05832	n02206	143		true
n05904	15	0.3500	n05434	n03969	844		true
n05905	14	0.3500	n00262	n00058 n01714	44		true
n05906	14	0.3500	n05956	n01646 n04279	338		true
n05907	14	0.3500	n03462	n00796 n05395	182		true
n05908	16	0.3500	n02985	n03091 n03188 n04381	316		true
n05909	14	0.3500	n04105 n05901	n03164 n03535	352		true
n05910	14	0.3500	n04474	n02516 n03141	258		true
n05911	13	0.3500	n03218	n00371 n00977	1834		true
n05912	13	0.3500	n03157	n00315 n01488	290		true
n05913	13	0.3500	n04528	n00200 n02056	76		true
n05914	15	0.3500	n03893	n00571 n04622 n04677	376		true
n05915	12	0.3500	n04257	n00103	226		true
n05916	12	0.3500	n02961 n04684	n04002 n05247	233		true
n05917	12	0.3500	n05720	n01823	158		true
n05918	12	0.3500	n00029	n00542	330		true
n05919	11	0.3500		n02656	460		true
n05920	11	0.3500	n05479	n01351	960		true
n05921	11	0.3500	n02961 n04684	n01090	431		true
n05922	12	0.3500	n02961 n04684	n03278	581		true
n05923	11	0.3500	n05831	n00144	451		true
n05924	10	0.3500	n03070	n01149	163		true
n05925	10	0.3500	n05108	n00550	77		true
n05926	12	0.3500	n01816	n01348 n02571	924		true
n05927	11	0.3500	n05706	n04550	875		true
n05928	9	0.3500	n03885	n00644	291		true
n05929	9	0.3500	n05328	n02486 n05567	312		true
n05930	9	0.3500	n02798 n06073	n01283	62		true
n05931	9	0.3500	n01922	n01042	168		true
n05932	10	0.3500	n04069 n05825	n02682	393		true
n05933	9	0.3500	n05428		239		true
n05934	8	0.3500	n04261 n04635	n04514	681		true
n05935	8	0.3500	n03392	n00767	30		true
n05936	7	0.3500			3806		true
n05937	6	0.3500	n02961 n04684		1903		true
n05938	6	0.3500	n00306	n01511	366		true
n05939	6	0.3500	n02866	n02422	29		true
n05940	6	0.3500	n04257		565		true
n05941	6	0.3500	n04257		32		true
n05942	6	0.3500	n02292	n02572	195		true
n05943	6	0.3485	n00282 n03860		110		true
n05944	11	0.3467	n03830	n02049 n04973	348		true
n05945	106	0.3450		n02053 n02411 n03175 n03546 n03723 n04064 n04278 n04882 n04924 n05789	1573		true
n05946	51	0.3450	n04588	n01054 n01806 n04489 n05589	883		true
n05947	47	0.3450	n03146	n00008 n00119 n01638	149		true
n05948	46	0.3450	n02961 n04684	n01697 n03581 n04143	992		true
n05949	47	0.3450	n04106	n01765 n04033 n04430	1612		true
n05950	40	0.3450	n04187	n04159 n04321 n04602 n06075	1123		true
n05951	27	0.3450	n01997	n02073	166		true
n05952	27	0.3450	n02961 n04684	n02393 n05594	77		true
n05953	29	0.3450	n03302	n01040 n02778	306		true
n05954	26	0.3450	n04788	n03782 n04638	774		true
n05955	26	0.3450	n03153	n03893 n05711	848		true
n05956	24	0.3450	n01803	n03615 n03750 n05906	391		true
n05957	23	0.3450	n04684	n02748	242		true
n05958	25	0.3450		n02704 n02860 n05237	1275		true
n05959	24	0.3450	n04684	n01636 n05781	122		true
n05960	22	0.3450	n01012	n01403 n05144	930		true
n05961	20	0.3450	n02961 n04684	n02074 n03938	293		true
n05962	21	0.3450	n04187	n02135 n04030	108		true
n05963	18	0.3450	n05268 n06005	n01093 n05006	487		true
n05964	16	0.3450	n01015 n02855	n01139 n02568	230		true
n05965	17	0.3450	n01801	n02144 n05225	988		true
n05966	14	0.3450	n04742	n00160 n00343	66		true
n05967	16	0.3450	n02961 n04684	n02448 n03708	355		true
n05968	14	0.3450	n05097 n05701	n00791	165		true
n05969	14	0.3450	n04684	n01696	403		true
n05970	14	0.3450	n01801	n01407 n02314	106		true
n05971	13	0.3450	n05436	n02699 n04859	79		true
n05972	12	0.3450	n00009	n00106	378		true
n05973	13	0.3450	n03609	n00774 n01095	174		true
n05974	11	0.3450	n04997	n00454 n02529	177		true
n05975	11	0.3450	n03960	n00803	365		true
n05976	13	0.3450	n01801	n02723 n05513	272		true
n05977	11	0.3450	n04350 n05113	n02090 n04414	148		true
n05978	11	0.3450	n05583	n02973 n04624	1161		true
n05979	10	0.3450		n00473	491		true
n05980	9	0.3450	n04960	n01052 n02420	109		true
n05981	9	0.3450	n02247	n00859	176		true
n05982	8	0.3450	n03986		44		true
n05983	8	0.3450	n03020	n01226	83		true
n05984	8	0.3450	n05416	n03035	216		true
n05985	7	0.3450	n02118 n05007		424		true
n05986	8	0.3450	n05445	n04416	174		true
n05987	7	0.3450	n01801		30		true
n05988	7	0.3450	n01801		3770		true
n05989	7	0.3450	n04562	n01578	191		true
n05990	8	0.3450	n03572	n00928	88		true
n05991	8	0.3450	n04020	n00574 n00947	628		true
n05992	6	0.3450	n04257		108		true
n05993	7	0.3450	n01960 n04296	n01442	144		true
n05994	7	0.3450	n04257	n01615	258		true
n05995	7	0.3434	n04543	n00845	702		true
n05996	10	0.3417	n02003	n01036 n02112	167		true
n05997	7	0.3417	n02583 n03044 n04590 n04808	n01310	40		true
n05998	7	0.3417	n03019		26		true
n05999	7	0.3417	n06002	n01170	15		true
n06000	6	0.3401	n00049	n02491	163		true
n06001	97	0.3400	n02961 n04684	n02391 n04193 n04832	887		true
n06002	64	0.3400	n04188	n01583 n01994 n02439 n05999 n06007	625		true
n06003	51	0.3400	n04257	n03562 n03671 n05638	1052		true
n06004	39	0.3400	n03092	n02579 n04157	2155		true
n06005	38	0.3400		n03650 n03736 n05963	543		true
n06006	31	0.3400	n04257	n04191 n04697	298		true
n06007	28	0.3400	n06002	n03096	381		true
n06008	28	0.3400		n03560 n03901 n05662	520		true
n06009	29	0.3400	n04684	n04474 n04761	1975		true
n06010	26	0.3400	n04341	n01998	352		true
n06011	26	0.3400	n00002	n03828 n05097	366		true
n06012	26	0.3400	n06075	n00289 n05838	206		true
n06013	23	0.3400	n04262	n02201 n02298	178		true
n06014	22	0.3400	n01801	n03104 n04397	135		true
n06015	22	0.3400	n03915 n05819	n03857 n04652	109		true
n06016	21	0.3400	n01801	n00085 n02723	451		true
n06017	22	0.3400		n03593 n06037	225		true
n06018	20	0.3400	n05152	n05488 n06035	246		true
n06019	19	0.3400	n04739	n01116 n02168	1091		true
n06020	19	0.3400	n05426	n03131 n03241	67		true
n06021	20	0.3400	n04423	n03507 n03699 n03931	2199		true
n06022	18	0.3400	n00687	n01569 n02370 n02901	187		true
n06023	18	0.3400	n04473	n03648 n04061	284		true
n06024	17	0.3400	n05271	n02004	155		true
n06025	17	0.3400	n03669	n02546	225		true
n06026	17	0.3400	n03557 n05427	n01971 n03506	250		true
n06027	19	0.3400	n03092	n02509 n05860	684		true
n06028	16	0.3400	n00010	n00039	559		true
n06029	19	0.3400	n05366	n04135 n04489	563		true
n06030	17	0.3400	n05530	n03839 n05874	388		true
n06031	15	0.3400		n01598 n04961	2591		true
n06032	15	0.3400	n02506	n04960	605		true
n06033	14	0.3400	n04527	n00065	362		true
n06034	14	0.3400	n06141	n02564 n02894	398		true
n06035	14	0.3400	n06018	n02481 n02977	206		true
n06036	14	0.3400	n04027	n00633 n01219	614		true
n06037	13	0.3400	n06017	n00887 n04063	164		true
n06038	12	0.3400	n04684	n00633	116		true
n06039	12	0.3400	n05537	n03192	132		true
n06040	13	0.3400	n02163	n01408 n02735	149		true
n06041	12	0.3400	n03040	n00144	443		true
n06042	12	0.3400	n01801	n02213	319		true
n06043	12	0.3400		n02140 n02675	4857		true
n06044	13	0.3400	n03063 n04684	n01740 n05740	232		true
n06045	11	0.3400	n03923	n00487 n02486	211		true
n06046	11	0.3400	n04630	n02369 n03449	693		true
n06047	11	0.3400	n05694	n04095	146		true
n06048	11	0.3400	n03925	n02296 n03359	82		true
n06049	10	0.3400	n02287	n00216	213		true
n06050	11	0.3400	n00264 n05641	n04930 n05147	57		true
n06051	9	0.3400	n01850	n00190	38		true
n06052	10	0.3400		n01611 n02602	2146		true
n06053	9	0.3400	n04569	n00903	66		true
n06054	10	0.3400	n01467	n02893 n04180	717		true
n06055	9	0.3400	n03491 n05214	n00364	536		true
n06056	9	0.3400	n01801	n03291	378		true
n06057	10	0.3400	n01801	n03816 n04777	210		true
n06058	11	0.3400	n01801	n03118 n05199	419		true
n06059	9	0.3400	n03676	n01986 n05754	278		true
n06060	9	0.3400	n04316	n04147	270		true
n06061	8	0.3400	n04689	n02223	98		true
n06062	8	0.3400	n03092	n01430	97		true
n06063	8	0.3400	n04105 n05826	n00832	1063		true
n06064	8	0.3400	n01801	n00850 n04218	70		true
n06065	7	0.3400	n03025		136		true
n06066	7	0.3400	n05711	n00759	93		true
n06067	8	0.3393	n01819	n00499	159		true
n06068	6	0.3367	n02669 n04257	n01258	169		true
n06069	7	0.3367	n04257	n01495	80		true
n06070	7	0.3353	n00427	n01391	27		true
n06071	136	0.3350	n02961 n04684	n03644 n05527	955		true
n06072	36	0.3350	n04589	n03895 n04042 n04592	404		true
n06073	35	0.3350	n01950	n01999 n02326 n05930	157		true
n06074	33	0.3350	n05417	n01462 n02986	421		true
n06075	34	0.3350	n05950	n03646 n04003 n06012	1123		true
n06076	29	0.3350	n04787	n04737 n05482	67		true
n06077	29	0.3350	n00866	n04389 n06078	231		true
n06078	21	0.3350	n04385 n06077	n05439 n06085	152		true
n06079	19	0.3350	n05151	n00789 n05724	81		true
n06080	19	0.3350	n01807	n04801	258		true
n06081	19	0.3350	n03330	n00885 n01791 n04568	130		true
n06082	18	0.3350	n05760	n00025 n04243	347		true
n06083	17	0.3350	n04684	n00443 n02788	215		true
n06084	17	0.3350	n03332	n01889 n02918	1741		true
n06085	16	0.3350	n06078	n01465 n04915	142		true
n06086	17	0.3350	n05759	n00042 n01238	765		true
n06087	19	0.3350		n02671 n03076	1873		true
n06088	15	0.3350	n04694	n03129 n04604	337		true
n06089	16	0.3350	n05425 n05578	n02289	693		true
n06090	15	0.3350	n02581	n02246	137		true
n06091	14	0.3350	n01801	n02213	204		true
n06092	13	0.3350	n03038	n00876	154		true
n06093	14	0.3350	n02964	n02136 n04145	196		true
n06094	13	0.3350		n01648	502		true
n06095	13	0.3350	n04016	n01532 n04586	250		true
n06096	13	0.3350	n04257	n00968 n02956 n05186	353		true
n06097	12	0.3350	n02983	n02595 n04377	609		true
n06098	11	0.3350	n05329	n04718	107		true
n06099	10	0.3350	n04684	n02814	486		true
n06100	11	0.3350	n05416	n01549 n04453	488		true
n06101	9	0.3350	n02942	n03484 n04420	105		true
n06102	9	0.3350		n02097 n04671	213		true
n06103	9	0.3350	n03092	n00897	117		true
n06104	9	0.3350	n03431		64		true
n06105	8	0.3350	n04257	n01231	140		true
n06106	8	0.3350	n05169 n05482	n01047	14		true
n06107	9	0.3350	n04257	n01063 n01427	136		true
n06108	8	0.3350	n04257		217		true
n06109	9	0.3350		n00557	87		true
n06110	8	0.3350	n04684	n03121	111		true
n06111	8	0.3350	n04070 n05423	n00665	2148		true
n06112	8	0.3350	n05107	n01303	105		true
n06113	7	0.3350	n05541	n01451	51		true
n06114	7	0.3350	n05456		110		true
n06115	7	0.3350	n04472		648		true
n06116	7	0.3350	n04392	n02020	26		true
n06117	7	0.3350	n02961 n04684		200		true
n06118	7	0.3350	n02762	n02025	172		true
n06119	7	0.3350	n02961 n04684	n00923	101		true
n06120	7	0.3350	n04105	n02345	2127		true
n06121	7	0.3350	n03708		290		true
n06122	7	0.3350	n05575		190		true
n06123	6	0.3350	n00518		11		true
n06124	7	0.3350	n04257	n01106	1316		true
n06125	6	0.3350	n05063		50		true
n06126	6	0.3333	n03314	n02461	172		true
n06127	40	0.3300	n05414	n00267 n02714 n05377	464		true
n06128	35	0.3300	n03092	n00003	204		true
n06129	33	0.3300	n05760	n00025 n03892	1035		true
n06130	33	0.3300	n02980	n02846 n02929	307		true
n06131	34	0.3300	n03605 n04257	n02744	1113		true
n06132	32	0.3300	n03092	n01340 n05428 n05627	486		true
n06133	30	0.3300	n00265 n03300 n04347	n04160	997		true
n06134	28	0.3300		n00077 n01810	272		true
n06135	25	0.3300	n05319	n05639	2456		true
n06136	24	0.3300	n05315	n02581 n05234	145		true
n06137	20	0.3300	n04785	n02507 n04484	97		true
n06138	20	0.3300	n01266	n03586	1354		true
n06139	21	0.3300	n03092	n03101 n05597	246		true
n06140	21	0.3300	n03092	n00072 n02209	396		true
n06141	20	0.3300	n04638	n05851 n06034	499		true
n06142	20	0.3300	n05045	n04488 n04599	274		true
n06143	17	0.3300	n03497	n00030	30		true
n06144	20	0.3300	n03726	n01862 n04704	629		true
n06145	17	0.3300	n04342	n02508	288		true
n06146	19	0.3300	n05641	n03195 n03435	116		true
n06147	17	0.3300	n05528	n00694 n05857	160		true
n06148	15	0.3300	n04349	n01547 n01926	546		true
n06149	14	0.3300	n04194	n02552	79		true
n06150	14	0.3300	n04352	n01537 n05604	283		true
n06151	15	0.3300	n04684	n01690 n04512	123		true
n06152	14	0.3300		n03434	918		true
n06153	14	0.3300		n00093 n01040	143		true
n06154	14	0.3300	n04892	n04762 n05304	497		true
n06155	15	0.3300	n03561	n01341 n05612	174		true
n06156	13	0.3300		n02292	267		true
n06157	14	0.3300	n03986	n03745	403		true
n06158	13	0.3300	n02779	n01411	2126		true
n06159	13	0.3300	n01801	n01118 n03251	283		true
n06160	12	0.3300	n04261	n01057 n01698	166		true
n06161	12	0.3300	n04257	n00102 n01618	1076		true
n06162	13	0.3300	n02961 n04684	n02448 n03809	125		true
n06163	12	0.3300	n04257	n03625 n05466	172		true
n06164	10	0.3300	n01801	n00157	108		true
n06165	12	0.3300		n03229 n04179	107		true
n06166	10	0.3300	n04191	n00167	97		true
n06167	10	0.3300	n03092	n02868	119		true
n06168	10	0.3300	n03428	n01417	4720		true
n06169	11	0.3300	n03727	n03947 n05249	162		true
n06170	10	0.3300	n04196	n01242 n01484	2573		true
n06171	11	0.3300	n03105 n05539	n03050 n04820	108		true
n06172	10	0.3300	n00954	n02953 n04334	74		true
n06173	9	0.3300	n01801	n01245 n01662	251		true
n06174	9	0.3300	n04636	n02376	247		true
n06175	10	0.3300	n04257	n02057 n04245	288		true
n06176	8	0.3300	n02961 n04684	n00989	59		true
n06177	8	0.3300	n00873	n00572	49		true
n06178	8	0.3300	n02961 n04684	n01110	480		true
n06179	9	0.3300	n05775	n01907 n02524	1019		true
n06180	8	0.3300			361		true
n06181	8	0.3300	n03776	n01606	73		true
n06182	7	0.3300	n02584		92		true
n06183	7	0.3300	n04605		55		true
n06184	7	0.3300	n01804 n02942		231		true
n06185	7	0.3300	n00421		125		true
n06186	7	0.3300	n03588		147		true
n06187	7	0.3300	n04257	n00843	197		true
n06188	7	0.3300		n01180	86		true
n06189	6	0.3300	n04257	n01914	191		true
n06190	6	0.3300	n04257		81		true
n06191	6	0.3300	n03628 n04257		84		true
