node	size	support	parents	children	n_genes	label	provisional
n00000	108	1.0000	n06162	n01232 n02820 n03891	380		true
n00001	39	1.0000	n04960	n02398 n05789	375		true
n00002	37	1.0000	n01801	n03059 n03494 n05729 n06044	375		true
n00003	33	1.0000	n06166	n02159 n03157	145		true
n00004	34	1.0000	n03058	n01951 n05666	853		true
n00005	27	1.0000	n02821	n00011 n05181	94		true
n00006	23	1.0000	n02852	n00953 n02751	125		true
n00007	23	1.0000	n03528	n04212 n05351	708		true
n00008	22	1.0000	n01459 n05976	n00020 n00447	44		true
n00009	22	1.0000	n03237	n01643 n03064 n06002	404		true
n00010	22	1.0000	n04359 n05726	n00412 n01059 n06061	559		true
n00011	21	1.0000	n00005	n02880 n03269	94		true
n00012	20	1.0000	n04708	n00023 n02855	40		true
n00013	19	1.0000	n03091 n05238	n01781 n02287 n02711	213		true
n00014	19	1.0000	n04437	n03904 n04043	928		true
n00015	17	1.0000	n00518	n00031	19		true
n00016	17	1.0000	n02437 n03014 n03179	n03185 n03749	384		true
n00017	19	1.0000	n02504	n02204 n03066 n05034	625		true
n00018	16	1.0000	n01459 n04441	n00036 n03402	1		true
n00019	16	1.0000	n00402	n00696 n01402	88		true
n00020	15	1.0000	n00008	n00088 n00768	2		true
n00021	16	1.0000	n02874 n05342	n01818 n05601	39		true
n00022	15	1.0000	n03421	n00074 n02351 n05480	100		true
n00023	15	1.0000	n00012	n00048 n05534	25		true
n00024	15	1.0000	n03771	n01343 n01692	198		true
n00025	15	1.0000	n06117 n06167	n01152 n02802	347		true
n00026	15	1.0000	n02960	n00068	64		true
n00027	15	1.0000	n02391 n03097	n00052 n04139	96		true
n00028	16	1.0000	n03462 n03673	n01693 n01852 n04006 n04984	593		true
n00029	16	1.0000	n01885 n01919	n04875 n05946	418		true
n00030	16	1.0000	n06180	n02782 n03798 n04063	24		true
n00031	14	1.0000	n00015	n00698 n02045	19		true
n00032	14	1.0000	n02875 n04545	n00065 n03546	363		true
n00033	15	1.0000	n01998	n03312 n03572	342		true
n00034	14	1.0000	n04653 n04711	n00787 n05904	285		true
n00035	14	1.0000	n02039 n05106	n00790 n02174	328		true
n00036	13	1.0000	n00018	n00118 n04525	1		true
n00037	13	1.0000	n04703	n00884 n00960	68		true
n00038	13	1.0000	n01330	n00799 n02081	117		true
n00039	13	1.0000	n00412 n06061	n00137	310		true
n00040	13	1.0000	n01460	n00110 n04295	242		true
n00041	13	1.0000	n02244 n04659 n05193	n01026 n01208	29		true
n00042	13	1.0000	n03400 n05615 n06121	n00087	744		true
n00043	14	1.0000	n03837	n01213 n03547 n05659	297		true
n00044	13	1.0000	n02659	n00357 n00379	60		true
n00045	12	1.0000	n04114 n04121 n05515	n00718 n04512	8		true
n00046	12	1.0000	n02282 n03700 n04128	n00318 n02481 n03476	224		true
n00047	12	1.0000	n05360	n00092 n03251	191		true
n00048	12	1.0000	n00023 n02855	n00794 n02008	13		true
n00049	12	1.0000	n03589 n05674	n00297 n02338 n06030	263		true
n00050	13	1.0000	n04967	n01535 n04992	602		true
n00051	12	1.0000	n04043	n01541 n03285	852		true
n00052	12	1.0000	n00027	n00715 n01410	94		true
n00053	12	1.0000	n03427	n00116 n03082	176		true
n00054	12	1.0000	n02162	n00317 n01184	254		true
n00055	11	1.0000	n04041	n00178	4		true
n00056	12	1.0000	n05743	n03320 n05834	71		true
n00057	11	1.0000	n03778	n01419 n01857	40		true
n00058	11	1.0000	n05933	n01151 n03047	42		true
n00059	11	1.0000	n05618	n00304	58		true
n00060	12	1.0000	n02939	n00340 n02448	534		true
n00061	12	1.0000	n03692 n04127 n05788	n00459 n02970	140		true
n00062	11	1.0000	n02074	n00860 n01004	43		true
n00063	11	1.0000	n01955 n04723 n04765	n00440 n01860	71		true
n00064	11	1.0000	n02924 n03426 n03930	n01043 n03171 n03948	29		true
n00065	11	1.0000	n00032 n05401 n06066	n00890 n02734	362		true
n00066	12	1.0000	n00522	n00438 n01929	104		true
n00067	11	1.0000	n03523 n05866	n01477 n03391 n03521	164		true
n00068	11	1.0000	n00026	n00804 n00904 n04700	52		true
n00069	11	1.0000	n01399	n00625 n04997	54		true
n00070	12	1.0000	n00780	n00445 n03112 n04800	107		true
n00071	11	1.0000	n01809	n00930 n01742	110		true
n00072	11	1.0000	n02989 n06176	n01361 n03052 n03379	98		true
n00073	11	1.0000	n03398	n00378 n02458	64		true
n00074	11	1.0000	n00022	n02891 n05599	66		true
n00075	10	1.0000	n00523	n00181	71		true
n00076	10	1.0000	n05605 n05923	n00545 n05230	45		true
n00077	10	1.0000	n05606 n06170	n00852 n02574 n04647	137		true
n00078	10	1.0000	n03307	n00450 n05705	351		true
n00079	10	1.0000	n03805 n06162	n00931 n02707	182		true
n00080	10	1.0000	n02689	n00192 n04433	119		true
n00081	10	1.0000	n04863 n05475	n00838	165		true
n00082	10	1.0000	n02002 n04332	n00677	689		true
n00083	10	1.0000	n00415 n04411	n01256 n02297	303		true
n00084	10	1.0000	n01954 n05185	n00662	66		true
n00085	10	1.0000	n04290 n04498 n06049	n00196	199		true
n00086	11	1.0000	n02712 n05403 n05622	n02374 n03289	62		true
n00087	12	1.0000	n00042	n03713 n05152	744		true
n00088	9	1.0000	n00020	n01455	1		true
n00089	9	1.0000	n01588 n04045	n00476	157		true
n00090	9	1.0000	n03611	n02657 n03055	10		true
n00091	10	1.0000	n05407	n02270 n05326	21		true
n00092	9	1.0000	n00047	n00899 n03491	191		true
n00093	9	1.0000	n06190	n00481	119		true
n00094	10	1.0000	n03242 n04209	n00771 n03172	125		true
n00095	10	1.0000	n03124 n05456	n05225 n05496	48		true
n00096	9	1.0000	n02881	n00366	355		true
n00097	10	1.0000	n03069	n00253 n01149	163		true
n00098	9	1.0000	n02287 n02711	n00216	208		true
n00099	9	1.0000	n02004 n03158	n00825	101		true
n00100	9	1.0000	n02802	n00502	254		true
n00101	9	1.0000	n01814	n00189	174		true
n00102	9	1.0000	n05251 n06198	n02340	762		true
n00103	9	1.0000	n04810 n05943	n00629	212		true
n00104	9	1.0000	n03022 n05402	n01522 n02487	482		true
n00105	9	1.0000	n04033 n05056	n00381	53		true
n00106	10	1.0000	n03041 n06002	n04226	374		true
n00107	9	1.0000	n02042 n05623	n01309	215		true
n00108	9	1.0000	n00872	n02683 n03260	395		true
n00109	9	1.0000	n03802 n05473	n00505 n01945	126		true
n00110	10	1.0000	n00040	n00592 n02922	224		true
n00111	9	1.0000	n02206 n04242	n00508	75		true
n00112	9	1.0000	n04278	n00231 n01301	243		true
n00113	9	1.0000	n01404	n01113	68		true
n00114	9	1.0000	n01817 n03529	n00351	199		true
n00115	9	1.0000	n02825 n05185	n02923	39		true
n00116	9	1.0000	n00053 n05684	n00497 n02354	172		true
n00117	9	1.0000	n01848 n03127	n01163	976		true
n00118	8	1.0000	n00036 n03402	n00679	1		true
n00119	8	1.0000	n01764 n02930 n05976	n00206	1		true
n00120	8	1.0000	n01849	n00210	8		true
n00121	8	1.0000	n02398	n00211	64		true
n00122	8	1.0000	n02077	n01393	44		true
n00123	8	1.0000	n01772 n05571	n04890	64		true
n00124	8	1.0000	n02551 n02755 n03780	n00207	25		true
n00125	8	1.0000	n00426	n01126	37		true
n00126	8	1.0000	n04292	n02113 n02359	97		true
n00127	8	1.0000	n00281 n04496		380		true
n00128	8	1.0000	n04217 n05628	n00511 n02424	372		true
n00129	8	1.0000	n03806		19		true
n00130	8	1.0000	n02582 n02714	n01375 n01757	23		true
n00131	8	1.0000	n02044	n00675 n03204	50		true
n00132	8	1.0000	n04137 n04733	n00597	655		true
n00133	8	1.0000	n02328 n04703	n00234 n00600	190		true
n00134	8	1.0000	n03074	n03522	95		true
n00135	8	1.0000	n02612	n00670	110		true
n00136	8	1.0000	n01399	n00254	188		true
n00137	8	1.0000	n00039 n01847	n01191	310		true
n00138	8	1.0000	n03312 n03572	n02276 n02318	294		true
n00139	8	1.0000	n00787 n05904	n00664	253		true
n00140	8	1.0000	n02783	n02356	786		true
n00141	8	1.0000	n02080	n05051	112		true
n00142	9	1.0000	n03573	n00766 n02539	105		true
n00143	8	1.0000	n03151 n04817 n05981	n00395 n02315	40		true
n00144	8	1.0000	n05951 n06074		412		true
n00145	8	1.0000	n04656	n00950	15		true
n00146	8	1.0000	n03305 n05028	n01070 n02192	54		true
n00147	8	1.0000	n01737		207		true
n00148	9	1.0000	n02713 n05073	n01989 n05045	404		true
n00149	9	1.0000	n00424	n00224 n00848	444		true
n00150	8	1.0000	n02900 n03125	n01622	161		true
n00151	10	1.0000	n04243	n05597	181		true
n00152	8	1.0000	n01337	n01189	78		true
n00153	7	1.0000	n01590		40		true
n00154	7	1.0000	n02782 n03798	n00599	5		true
n00155	7	1.0000	n00696 n04930		15		true
n00156	7	1.0000	n03407 n05817		10		true
n00157	7	1.0000	n06201	n00994	108		true
n00158	7	1.0000	n04761 n05137		47		true
n00159	7	1.0000	n02475 n03783 n03937		51		true
n00160	7	1.0000	n01815 n04333 n05996	n00601	26		true
n00161	7	1.0000	n02399		15		true
n00162	7	1.0000	n03895		43		true
n00163	7	1.0000	n03023 n03222 n03681 n04726	n00250	68		true
n00164	7	1.0000	n02937	n01513	47		true
n00165	7	1.0000	n01271	n00377	209		true
n00166	7	1.0000	n02078 n04143	n00509	22		true
n00167	7	1.0000	n01085 n06203	n00948	62		true
n00168	7	1.0000	n01021 n02330	n00598	81		true
n00169	7	1.0000	n02667 n06162	n01258	621		true
n00170	7	1.0000	n01530 n04245		852		true
n00171	7	1.0000	n01531 n04451		269		true
n00172	7	1.0000	n02947 n03574		37		true
n00173	7	1.0000	n01086 n05610		52		true
n00174	7	1.0000	n05148		92		true
n00175	7	1.0000	n00285 n03622		74		true
n00176	7	1.0000	n05209 n05386	n01121	115		true
n00177	6	1.0000	n02942		32		true
n00178	6	1.0000	n00055	n00237	4		true
n00179	6	1.0000	n05834		55		true
n00180	6	1.0000	n00794 n02008 n05534		11		true
n00181	6	1.0000	n00075 n04784	n00242	71		true
n00182	6	1.0000	n00609		105		true
n00183	6	1.0000	n02837	n00246	39		true
n00184	6	1.0000	n03271 n03540	n01003	60		true
n00185	6	1.0000	n01801		29		true
n00186	6	1.0000	n03374		199		true
n00187	6	1.0000	n03132	n01009	157		true
n00188	6	1.0000	n00296		84		true
n00189	6	1.0000	n00101 n05320	n02031	56		true
n00190	6	1.0000	n04632 n06084		29		true
n00191	6	1.0000	n04384 n05444		1863		true
n00192	6	1.0000	n00080 n04786	n02191	78		true
n00193	6	1.0000	n02616 n04782	n00241	216		true
n00194	6	1.0000	n03131 n05629		93		true
n00195	6	1.0000	n03544		1694		true
n00196	6	1.0000	n00085 n03186		199		true
n00197	6	1.0000	n03695 n04343 n05310	n02029	1787		true
n00198	6	1.0000	n00694 n05883		110		true
n00199	6	1.0000	n04087		21		true
n00200	6	1.0000	n04787 n05941		49		true
n00201	6	1.0000	n01087	n01912	67		true
n00202	6	1.0000	n04026		18		true
n00203	6	1.0000	n01342 n04737	n00260	61		true
n00204	6	1.0000	n02213	n01666	35		true
n00205	6	1.0000	n06162	n00261	27		true
n00206	5	1.0000	n00119		1		true
n00207	5	1.0000	n00124		14		true
n00208	5	1.0000	n03512		8		true
n00209	5	1.0000	n03189 n04052 n04097 n04711		52		true
n00210	5	1.0000	n00120		5		true
n00211	5	1.0000	n00121		58		true
n00212	5	1.0000	n02908		21		true
n00213	5	1.0000	n01535		70		true
n00214	5	1.0000	n01699 n05211		17		true
n00215	5	1.0000			159		true
n00216	5	1.0000	n00098 n06082		208		true
n00217	5	1.0000	n03603 n06162		2079		true
n00218	5	1.0000	n05863		28		true
n00219	5	1.0000	n04014 n04374		102		true
n00220	5	1.0000	n01962 n03192		23		true
n00221	5	1.0000	n03225 n03842		27		true
n00222	5	1.0000	n03582 n05783		51		true
n00223	5	1.0000	n02215 n04817		12		true
n00224	5	1.0000	n00149		48		true
n00225	5	1.0000	n00959		234		true
n00226	5	1.0000	n03547		198		true
n00227	4	1.0000	n00621		5		true
n00228	4	1.0000	n01353		48		true
n00229	4	1.0000	n02563 n04820		34		true
n00230	4	1.0000	n05326		20		true
n00231	4	1.0000	n00112		148		true
n00232	4	1.0000	n00526		13		true
n00233	4	1.0000	n00314		15		true
n00234	4	1.0000	n00133		21		true
n00235	4	1.0000	n00626		48		true
n00236	3	1.0000	n00768		1		true
n00237	3	1.0000	n00178		4		true
n00238	3	1.0000	n01278		25		true
n00239	3	1.0000	n00337		32		true
n00240	3	1.0000	n00357		15		true
n00241	3	1.0000	n00193		57		true
n00242	3	1.0000	n00181		71		true
n00243	3	1.0000	n00345		12		true
n00244	3	1.0000	n03112 n04800		36		true
n00245	3	1.0000	n00340		97		true
n00246	3	1.0000	n00183		32		true
n00247	3	1.0000	n01182		15		true
n00248	3	1.0000	n00971 n05866		210		true
n00249	3	1.0000	n00628		27		true
n00250	3	1.0000	n00163		54		true
n00251	3	1.0000	n00561		125		true
n00252	3	1.0000	n01150 n04688		11		true
n00253	3	1.0000	n00097 n06162		32		true
n00254	3	1.0000	n00136		29		true
n00255	3	1.0000	n00352		146		true
n00256	3	1.0000	n00468		321		true
n00257	3	1.0000	n01972 n04529		29		true
n00258	3	1.0000	n00472		41		true
n00259	3	1.0000	n00356		6		true
n00260	3	1.0000	n00203		41		true
n00261	3	1.0000	n00205		23		true
n00262	80	0.9950	n01264	n00263 n03382 n05933	357		true
n00263	64	0.9950	n00262	n05340 n05661	348		true
n00264	34	0.9950	n01131	n03829	255		true
n00265	34	0.9950	n01077	n03300	1002		true
n00266	27	0.9950	n03035 n03526	n00433 n05395	1263		true
n00267	24	0.9950	n03731	n00268 n04450	142		true
n00268	21	0.9950	n00267	n03657 n04722	142		true
n00269	20	0.9950	n04204 n04812	n02878 n05566	150		true
n00270	20	0.9950	n03736	n02284 n03340	60		true
n00271	19	0.9950	n04814	n02639 n05068 n05518	580		true
n00272	17	0.9950	n05735	n01144 n04867	134		true
n00273	16	0.9950	n05240	n02756	191		true
n00274	15	0.9950	n02960	n01336 n02840 n03339	3184		true
n00275	15	0.9950	n02872	n00882 n04825	298		true
n00276	15	0.9950	n02001	n01021 n02330 n03030	86		true
n00277	13	0.9950	n02163 n05065	n01408 n01695	145		true
n00278	12	0.9950	n02610	n00559 n03411	153		true
n00279	12	0.9950	n02544	n01089 n02806 n03545	697		true
n00280	11	0.9950	n04816 n05120	n01214 n01506 n04224	130		true
n00281	11	0.9950	n02938	n00127	380		true
n00282	12	0.9950	n00783	n01154 n02488 n05971	272		true
n00283	12	0.9950	n00417	n01035 n05905	202		true
n00284	11	0.9950	n00782	n00552 n03641	241		true
n00285	11	0.9950	n00784 n04240	n00175	74		true
n00286	12	0.9950	n00689	n05386	127		true
n00287	10	0.9950	n02472	n00398 n01324	34		true
n00288	10	0.9950	n03067	n01707 n04387	114		true
n00289	11	0.9950	n04336 n06045	n00647 n04260	106		true
n00290	10	0.9950	n00954 n03040	n00345 n04349	48		true
n00291	10	0.9950	n03019	n01226 n03056	119		true
n00292	10	0.9950	n00524	n00810	37		true
n00293	10	0.9950	n02608	n01837 n02413	72		true
n00294	11	0.9950	n02663	n02350 n02684 n05502	29		true
n00295	9	0.9950	n04820	n00494	86		true
n00296	9	0.9950	n05521	n00188	103		true
n00297	9	0.9950	n00049	n01509 n02490	263		true
n00298	10	0.9950	n00957 n03936 n04612	n05165	211		true
n00299	9	0.9950	n01997	n03885	97		true
n00300	9	0.9950	n00870	n01389 n02148	43		true
n00301	9	0.9950	n04908 n05841	n00727	142		true
n00302	9	0.9950	n02746	n02568 n03987	171		true
n00303	8	0.9950	n02284	n01263	7		true
n00304	8	0.9950	n00059	n00510	58		true
n00305	9	0.9950	n02691	n04745	567		true
n00306	9	0.9950	n03223 n04811	n01838 n05966	408		true
n00307	8	0.9950	n00786	n00773	15		true
n00308	8	0.9950	n02641 n04727	n00513	257		true
n00309	8	0.9950	n02474	n00739	37		true
n00310	8	0.9950	n02202 n02363		394		true
n00311	8	0.9950	n01331	n00828	52		true
n00312	8	0.9950	n03070 n05864	n00925	68		true
n00313	8	0.9950	n04896	n01880	57		true
n00314	8	0.9950	n06162	n00233	151		true
n00315	8	0.9950	n02781 n05940	n00375	290		true
n00316	8	0.9950	n02943 n04092 n04218	n00397	133		true
n00317	8	0.9950	n00054	n00863	254		true
n00318	7	0.9950	n00046 n05141	n01104	182		true
n00319	7	0.9950	n02362 n04004	n00836	66		true
n00320	7	0.9950	n01591	n00949	37		true
n00321	7	0.9950	n02554 n05282	n01192	42		true
n00322	7	0.9950	n03510 n03702 n03939	n01607	174		true
n00323	7	0.9950	n01339 n04487	n01386	15		true
n00324	7	0.9950	n05485		25		true
n00325	7	0.9950	n05688	n01257	24		true
n00326	7	0.9950	n03781 n05244		51		true
n00327	7	0.9950	n03474 n04507 n04771		229		true
n00328	7	0.9950	n02365 n03621		600		true
n00329	7	0.9950	n02715		86		true
n00330	7	0.9950	n03711		55		true
n00331	7	0.9950	n01533		87		true
n00332	7	0.9950	n03995 n04558 n05751		51		true
n00333	7	0.9950	n04035		33		true
n00334	7	0.9950	n03532	n00400	422		true
n00335	7	0.9950	n04297 n05627	n01075	122		true
n00336	7	0.9950	n02722 n05487	n01169	509		true
n00337	6	0.9950	n03475	n00239	37		true
n00338	6	0.9950	n04559 n04703		69		true
n00339	6	0.9950	n05294		37		true
n00340	6	0.9950	n00060	n00245	192		true
n00341	6	0.9950	n03409	n02035	109		true
n00342	6	0.9950	n03615 n05346		51		true
n00343	6	0.9950	n03533 n05996	n02357	45		true
n00344	6	0.9950	n01145		189		true
n00345	6	0.9950	n00290 n03108	n00243	41		true
n00346	6	0.9950	n02839 n05420		100		true
n00347	6	0.9950	n02441 n02948		2292		true
n00348	6	0.9950	n03835 n04920 n05873		23		true
n00349	6	0.9950	n05133 n05692		143		true
n00350	6	0.9950	n00611 n01854 n03654		363		true
n00351	6	0.9950	n00114 n04461		199		true
n00352	6	0.9950	n02998	n00255	175		true
n00353	6	0.9950	n03401 n03813		257		true
n00354	6	0.9950	n03345 n04877	n02273	535		true
n00355	6	0.9950	n00419	n01799	191		true
n00356	6	0.9950	n02960	n00259	22		true
n00357	6	0.9950	n00044	n00240	60		true
n00358	6	0.9950	n01822	n01915	81		true
n00359	6	0.9950	n02643 n03072	n00681	59		true
n00360	5	0.9950	n01894 n03657		5		true
n00361	5	0.9950	n03715 n04543		25		true
n00362	5	0.9950	n02615 n02807		97		true
n00363	5	0.9950	n00534 n03597		57		true
n00364	5	0.9950	n05088 n05634 n06088		312		true
n00365	5	0.9950	n02864 n04187		93		true
n00366	5	0.9950	n00096 n04565		289		true
n00367	5	0.9950	n02011		1760		true
n00368	5	0.9950	n01700		58		true
n00369	5	0.9950	n01210		29		true
n00370	5	0.9950	n04595 n04673		179		true
n00371	5	0.9950	n05939		1753		true
n00372	5	0.9950	n01031 n05266		19		true
n00373	4	0.9950	n03253 n05208		20		true
n00374	4	0.9950	n02255 n03616		39		true
n00375	4	0.9950	n00315		240		true
n00376	4	0.9950	n03084		111		true
n00377	3	0.9950	n00165		127		true
n00378	8	0.9950	n00073	n00680	49		true
n00379	7	0.9950	n00044	n00777	7		true
n00380	6	0.9950	n00879 n04185	n01758	101		true
n00381	6	0.9950	n00105	n00865	49		true
n00382	6	0.9950	n02756 n04626		162		true
n00383	5	0.9950	n04002		26		true
n00384	5	0.9950	n02911 n04941		813		true
n00385	4	0.9950	n02220		122		true
n00386	4	0.9950	n03659 n05422		28		true
n00387	3	0.9950	n00541 n03292 n04311		138		true
n00388	6	0.9949	n02751		78		true
n00389	5	0.9949	n01004		37		true
n00390	5	0.9949	n05585		44		true
n00391	4	0.9949	n00429 n01824		3		true
n00392	4	0.9949	n00662		25		true
n00393	4	0.9949	n02366		33		true
n00394	4	0.9949	n00624		441		true
n00395	5	0.9949	n00143		40		true
n00396	4	0.9949	n03760		211		true
n00397	5	0.9948	n00316		120		true
n00398	5	0.9947	n00287		25		true
n00399	3	0.9944	n00447		1		true
n00400	4	0.9943	n00334		121		true
n00401	94	0.9900	n02960	n03361 n03666	315		true
n00402	46	0.9900	n06162	n00019 n00403 n01804	677		true
n00403	30	0.9900	n00402 n05113	n03079 n03893 n04137 n04368	677		true
n00404	23	0.9900	n02435	n01460 n03377	342		true
n00405	22	0.9900	n04440	n01920 n04665	357		true
n00406	21	0.9900	n03858	n02581 n04449 n04661	248		true
n00407	19	0.9900	n03211	n01694 n03068	228		true
n00408	20	0.9900	n02983	n01401 n01957 n03576	907		true
n00409	19	0.9900	n04081 n05059	n02324	200		true
n00410	16	0.9900	n04206	n02755 n03718 n03780	141		true
n00411	17	0.9900	n01014	n02216 n02586 n02720	77		true
n00412	16	0.9900	n00010	n00039 n01847	320		true
n00413	17	0.9900	n02873 n02960 n04165	n00524 n03744	67		true
n00414	16	0.9900	n04279	n02079 n02829	920		true
n00415	15	0.9900	n00517 n04715	n00083 n02593 n05314	303		true
n00416	17	0.9900	n02280	n01593 n01821 n03841	236		true
n00417	14	0.9900	n01767	n00283 n04094	202		true
n00418	16	0.9900	n03126	n02862 n03076	321		true
n00419	14	0.9900	n02281 n03836	n00355 n02943	202		true
n00420	14	0.9900	n03037 n04277	n00876 n03624	181		true
n00421	14	0.9900	n04207	n00432 n03746 n06222	185		true
n00422	12	0.9900	n02824	n04055 n05652	96		true
n00423	12	0.9900	n03839 n05130	n00550 n03001	86		true
n00424	12	0.9900	n02283 n03932	n00149	450		true
n00425	11	0.9900	n02166 n02638	n00704	164		true
n00426	11	0.9900	n03827 n05617	n00125	132		true
n00427	10	0.9900	n05601	n00639 n06103	27		true
n00428	10	0.9900	n01140 n03697	n01252 n01564	398		true
n00429	9	0.9900	n03021	n00391	4		true
n00430	9	0.9900	n03525 n05121	n01571	60		true
n00431	10	0.9900	n04908 n05602	n02655 n04639	88		true
n00432	9	0.9900	n00421	n04318	94		true
n00433	9	0.9900	n00266 n02960	n02267	81		true
n00434	9	0.9900	n01640 n05802	n00653 n01381	220		true
n00435	9	0.9900	n01998 n05793	n02450 n04267	119		true
n00436	9	0.9900	n02288 n02550	n01974	191		true
n00437	8	0.9900	n01959		123		true
n00438	8	0.9900	n00066 n05726	n00507	28		true
n00439	9	0.9900	n02662 n04582	n00911 n02814	82		true
n00440	8	0.9900	n00063	n01194	64		true
n00441	9	0.9900	n03706 n04330	n02054	110		true
n00442	8	0.9900	n04664		35		true
n00443	8	0.9900	n01017 n06118	n00495	34		true
n00444	8	0.9900	n03405 n04732 n04871	n01496 n01562	311		true
n00445	9	0.9900	n00070	n04268	107		true
n00446	8	0.9900	n05472	n00512	38		true
n00447	7	0.9900	n00008	n00399	43		true
n00448	7	0.9900	n00876 n03624	n01000	149		true
n00449	7	0.9900	n04909		58		true
n00450	7	0.9900	n00078		324		true
n00451	7	0.9900	n03408	n00774	63		true
n00452	7	0.9900	n04703	n01504	41		true
n00453	7	0.9900	n01891 n03845	n00763	62		true
n00454	7	0.9900	n02007 n06004		177		true
n00455	7	0.9900	n01809	n01947	129		true
n00456	7	0.9900	n01019	n02316 n02423	562		true
n00457	7	0.9900	n03188 n04517 n05030	n00850	65		true
n00458	6	0.9900	n04357		47		true
n00459	6	0.9900	n00061	n01197	8		true
n00460	6	0.9900	n02405 n05635		41		true
n00461	6	0.9900	n04250		392		true
n00462	6	0.9900	n04652 n04809 n05695		971		true
n00463	7	0.9900	n01896 n05371	n01518 n02062	29		true
n00464	6	0.9900	n02404		221		true
n00465	6	0.9900	n02786		193		true
n00466	6	0.9900	n04055		69		true
n00467	6	0.9900	n04181 n05303		177		true
n00468	6	0.9900	n01536 n02718	n00256	368		true
n00469	6	0.9900	n01537 n05630		159		true
n00470	6	0.9900	n00882 n04825		95		true
n00471	6	0.9900	n03077 n04138	n01948	43		true
n00472	6	0.9900	n04214 n05490	n00258	87		true
n00473	6	0.9900	n02960 n03537 n06009		447		true
n00474	5	0.9900	n04485 n04980		8		true
n00475	5	0.9900	n02127 n05153 n05186		14		true
n00476	5	0.9900	n00089		94		true
n00477	5	0.9900	n02590		14		true
n00478	5	0.9900	n02478 n05033		369		true
n00479	5	0.9900	n03717		145		true
n00480	5	0.9900	n04635 n04932		77		true
n00481	5	0.9900	n00093		89		true
n00482	5	0.9900	n01346 n04000 n04300		55		true
n00483	5	0.9900	n05168 n05736		74		true
n00484	5	0.9900	n03438 n03479		84		true
n00485	5	0.9900	n04123 n04344		15		true
n00486	5	0.9900	n02904 n05518		57		true
n00487	5	0.9900	n03506 n04101 n06078		129		true
n00488	5	0.9900	n05773		34		true
n00489	4	0.9900	n01542		104		true
n00490	4	0.9900	n02297		188		true
n00491	4	0.9900	n04226		70		true
n00492	4	0.9900	n02730 n05510		72		true
n00493	6	0.9899	n05459		50		true
n00494	5	0.9899	n00295		49		true
n00495	5	0.9899	n00443		34		true
n00496	5	0.9899	n00786		11		true
n00497	5	0.9899	n00116 n03082		163		true
n00498	4	0.9899	n00709		36		true
n00499	4	0.9899	n01652 n06100		121		true
n00500	4	0.9899	n01777 n03166		52		true
n00501	4	0.9899	n04062 n05701		329		true
n00502	4	0.9899	n00100 n04385		81		true
n00503	4	0.9899	n04225 n05429		67		true
n00504	6	0.9899	n05298	n02107	56		true
n00505	6	0.9899	n00109		15		true
n00506	5	0.9899	n00789		16		true
n00507	4	0.9899	n00438 n01929		26		true
n00508	4	0.9899	n00111		34		true
n00509	4	0.9897	n00166		14		true
n00510	5	0.9897	n00304		58		true
n00511	5	0.9896	n00128		236		true
n00512	5	0.9896	n00446		38		true
n00513	4	0.9895	n00308		13		true
n00514	4	0.9881	n01476		37		true
n00515	27	0.9850	n05440	n03211 n05037	228		true
n00516	26	0.9850	n02960	n03467 n03736	72		true
n00517	21	0.9850	n02322 n05664	n00415 n01550 n04411	350		true
n00518	20	0.9850	n03395	n00015 n06158	19		true
n00519	16	0.9850	n04367 n05122	n02205	283		true
n00520	16	0.9850	n02898	n02170 n03503 n05081	115		true
n00521	16	0.9850	n03098	n01849 n04743	22		true
n00522	14	0.9850	n03149 n05358	n00066 n04988	104		true
n00523	13	0.9850	n03529 n03566	n00075 n04784 n05548	71		true
n00524	13	0.9850	n00413	n00292 n03286	37		true
n00525	13	0.9850	n05917	n00958 n04842 n05598	201		true
n00526	13	0.9850	n02606	n00232 n00535	75		true
n00527	13	0.9850	n01733	n00608 n03797	184		true
n00528	12	0.9850	n02076 n04038	n00807 n03543	328		true
n00529	12	0.9850	n05247	n01928 n02622 n03236	33		true
n00530	11	0.9850	n01811	n00630 n01228	159		true
n00531	10	0.9850	n03068 n03650	n00641 n02229	67		true
n00532	10	0.9850	n02471	n03287	166		true
n00533	8	0.9850	n03534 n04219	n00988	285		true
n00534	8	0.9850	n02964 n02990 n05804	n00363	67		true
n00535	9	0.9850	n00526	n05907	64		true
n00536	9	0.9850	n01889 n04774	n01785	572		true
n00537	8	0.9850	n01735 n04090	n01670	225		true
n00538	9	0.9850	n02473 n04362	n02417	77		true
n00539	8	0.9850	n04338		77		true
n00540	9	0.9850	n02826 n05915	n03555	603		true
n00541	8	0.9850	n02122	n00387	148		true
n00542	8	0.9850	n05946	n01322	110		true
n00543	7	0.9850	n02668	n01006	82		true
n00544	8	0.9850	n03590 n05531	n02773	322		true
n00545	7	0.9850	n00076	n01576	45		true
n00546	7	0.9850	n04860 n04935	n01196	99		true
n00547	7	0.9850	n02476	n01395	218		true
n00548	7	0.9850	n02640 n02963 n05411		136		true
n00549	7	0.9850	n02202	n00667	90		true
n00550	7	0.9850	n00423 n03867 n05953	n01317	75		true
n00551	7	0.9850	n05235 n05919		110		true
n00552	7	0.9850	n00284		58		true
n00553	7	0.9850	n03107	n00674	108		true
n00554	7	0.9850	n04342 n05472		657		true
n00555	7	0.9850	n04929		58		true
n00556	6	0.9850	n00793 n04779		239		true
n00557	6	0.9850	n03596 n06144	n02033	60		true
n00558	6	0.9850	n00702 n05816	n01579	275		true
n00559	6	0.9850	n00278 n04562	n01261	118		true
n00560	6	0.9850	n05418	n01254	137		true
n00561	6	0.9850	n03445	n00251	229		true
n00562	6	0.9850	n01779 n05412	n01065	27		true
n00563	6	0.9850	n01740 n04630	n01262	73		true
n00564	6	0.9850	n02480	n02034	165		true
n00565	6	0.9850	n03652 n03938	n01725	302		true
n00566	6	0.9850	n02211 n05639	n01458	1424		true
n00567	5	0.9850	n00620 n05387		98		true
n00568	5	0.9850	n04512		8		true
n00569	5	0.9850	n01349		197		true
n00570	5	0.9850	n01594		54		true
n00571	5	0.9850	n04980 n05942		343		true
n00572	5	0.9850	n04582 n06214		19		true
n00573	5	0.9850	n02946 n03443 n03608 n04629		485		true
n00574	5	0.9850	n02367 n06021		621		true
n00575	5	0.9850	n02336		130		true
n00576	5	0.9850	n02592 n03285		116		true
n00577	5	0.9850	n02174 n03799		173		true
n00578	5	0.9850	n00798 n02648		158		true
n00579	5	0.9850	n03519 n04099 n04686		59		true
n00580	4	0.9850	n03658		5		true
n00581	4	0.9850	n00893 n04881		61		true
n00582	4	0.9850	n01859		98		true
n00583	4	0.9850	n03656 n04637		19		true
n00584	4	0.9850	n03139		18		true
n00585	4	0.9850	n00972 n04741		35		true
n00586	4	0.9850	n00973		27		true
n00587	4	0.9850	n03287		166		true
n00588	4	0.9850	n00963 n04598		27		true
n00589	5	0.9849	n02715		89		true
n00590	5	0.9849	n00796 n05421		173		true
n00591	4	0.9849	n00704		159		true
n00592	4	0.9849	n00110 n02949		223		true
n00593	4	0.9849	n03114 n03255		126		true
n00594	5	0.9848	n04825 n05693		287		true
n00595	4	0.9848	n02952 n04349		13		true
n00596	4	0.9848	n01697		45		true
n00597	5	0.9843	n00132		655		true
n00598	4	0.9840	n00168		79		true
n00599	4	0.9832	n00154		5		true
n00600	3	0.9822	n00133		120		true
n00601	4	0.9810	n00160		5		true
n00602	34	0.9800	n01995	n01202 n05291	308		true
n00603	25	0.9800	n03801	n04118 n05258	386		true
n00604	17	0.9800	n03892 n05337	n01848 n03127	1314		true
n00605	11	0.9800	n03588	n02842 n03168	232		true
n00606	11	0.9800	n04370	n02597 n03516 n05229	73		true
n00607	11	0.9800	n05307	n00620 n05387	102		true
n00608	11	0.9800	n00527 n04048	n04225 n05429	147		true
n00609	9	0.9800	n05443 n05757	n00182	177		true
n00610	10	0.9800	n01771	n02261 n02918	320		true
n00611	9	0.9800	n01589 n02858	n00350	363		true
n00612	9	0.9800	n02005 n04926	n01362 n03383	140		true
n00613	9	0.9800	n03159	n00829	309		true
n00614	9	0.9800	n01141 n05570		499		true
n00615	9	0.9800	n05317 n05479	n00638 n05385	946		true
n00616	8	0.9800	n00871 n04339	n01551	298		true
n00617	9	0.9800	n01924 n02988	n05434	94		true
n00618	8	0.9800	n01272	n00660 n01259	71		true
n00619	8	0.9800	n02859	n00853	252		true
n00620	8	0.9800	n00607 n04827	n00567	98		true
n00621	7	0.9800	n04659	n00227	6		true
n00622	7	0.9800	n03245 n05759	n00759	53		true
n00623	7	0.9800	n01890		202		true
n00624	7	0.9800	n01770 n05518	n00394	441		true
n00625	7	0.9800	n00069	n01073	40		true
n00626	7	0.9800	n02933	n00235	95		true
n00627	7	0.9800	n00791	n01326	157		true
n00628	6	0.9800	n02724	n00249	42		true
n00629	6	0.9800	n00103	n01917	198		true
n00630	6	0.9800	n00530 n03410		142		true
n00631	6	0.9800	n04446		127		true
n00632	6	0.9800	n02167 n02332 n05207		167		true
n00633	6	0.9800	n02402 n04296 n06069 n06071		95		true
n00634	6	0.9800	n02444 n05581	n01010	455		true
n00635	6	0.9800	n01645 n04553		95		true
n00636	6	0.9800	n03275 n03702 n03869		131		true
n00637	6	0.9800	n03865 n03929 n05208		387		true
n00638	6	0.9800	n00615		547		true
n00639	5	0.9800	n00427 n05036		27		true
n00640	5	0.9800	n03739 n04535		57		true
n00641	5	0.9800	n00531 n02723		61		true
n00642	5	0.9800	n03346 n03979		494		true
n00643	5	0.9800	n02700 n03163 n03538		66		true
n00644	5	0.9800	n02618 n05956		68		true
n00645	5	0.9800	n03134		44		true
n00646	5	0.9800	n01898 n05865		87		true
n00647	5	0.9800	n00289		106		true
n00648	5	0.9800	n01023 n03788		126		true
n00649	5	0.9800	n01689 n05378		22		true
n00650	5	0.9800	n03314 n03655		75		true
n00651	5	0.9800	n03870		50		true
n00652	5	0.9800	n05597		176		true
n00653	5	0.9800	n00434 n04510		91		true
n00654	4	0.9800	n03752 n03817		33		true
n00655	4	0.9800	n02132		165		true
n00656	4	0.9800	n01654		30		true
n00657	4	0.9800	n04472 n04937		72		true
n00658	4	0.9800	n01090		38		true
n00659	4	0.9800	n00964 n05250		159		true
n00660	4	0.9800	n00618 n03754		69		true
n00661	3	0.9800	n00890		24		true
n00662	7	0.9799	n00084	n00392	54		true
n00663	6	0.9799	n01146	n02313	288		true
n00664	5	0.9799	n00139		253		true
n00665	5	0.9799	n01475 n06146		525		true
n00666	4	0.9799	n03190 n03758 n05427 n05706		238		true
n00667	3	0.9799	n00549		44		true
n00668	5	0.9798	n02074 n03946 n05906		14		true
n00669	4	0.9798	n00887 n03712		140		true
n00670	4	0.9798	n00135		35		true
n00671	3	0.9798	n01544		106		true
n00672	4	0.9797	n04486 n05627		99		true
n00673	3	0.9796	n02974		347		true
n00674	3	0.9796	n00553		19		true
n00675	5	0.9795	n00131		18		true
n00676	4	0.9795	n01770 n02904		230		true
n00677	4	0.9795	n00082		689		true
n00678	4	0.9795	n01216 n03350		17		true
n00679	5	0.9789	n00118		1		true
n00680	5	0.9789	n00378 n02458		43		true
n00681	3	0.9787	n00359		29		true
n00682	3	0.9773	n03853		24		true
n00683	152	0.9750	n02924	n00929 n02389 n05910	1246		true
n00684	36	0.9750	n02577	n03093 n04180	478		true
n00685	34	0.9750	n03010	n01805 n02072	1151		true
n00686	29	0.9750	n03301	n01919 n03499	468		true
n00687	25	0.9750	n02321	n03125 n06055	339		true
n00688	24	0.9750	n01527	n00956 n03307	1708		true
n00689	20	0.9750	n05349	n00286 n02075	230		true
n00690	17	0.9750	n02465	n01337 n01659	231		true
n00691	16	0.9750	n03991 n04753 n05007	n01352 n02396	467		true
n00692	17	0.9750	n03329	n01867 n02005 n04926	297		true
n00693	13	0.9750	n01400	n01466 n04249	344		true
n00694	14	0.9750	n01953 n06184	n00198 n02184 n03327	115		true
n00695	12	0.9750	n00780	n00802 n03658	5		true
n00696	11	0.9750	n00019	n00155 n02030	88		true
n00697	11	0.9750	n03503	n01897 n03005	98		true
n00698	10	0.9750	n00031	n02253 n02658	19		true
n00699	12	0.9750	n04405	n03582 n05783	114		true
n00700	10	0.9750	n04409 n05523	n00822 n02339	75		true
n00701	11	0.9750	n04212 n04776	n01706 n03087	610		true
n00702	9	0.9750	n04183 n04716	n00558	275		true
n00703	10	0.9750	n05524	n01863 n05432	72		true
n00704	8	0.9750	n00425 n02833	n00591	164		true
n00705	8	0.9750	n05077 n05179	n01127	137		true
n00706	8	0.9750	n03472	n01069 n02537	78		true
n00707	8	0.9750	n05443	n00757	268		true
n00708	7	0.9750	n04181		143		true
n00709	7	0.9750	n02720 n04483	n00498	43		true
n00710	7	0.9750	n04244 n04383	n01388	86		true
n00711	7	0.9750	n04682	n01190	385		true
n00712	7	0.9750	n03708 n04340 n05246 n05535	n01452	58		true
n00713	7	0.9750	n01464		193		true
n00714	7	0.9750	n04875		414		true
n00715	7	0.9750	n00052 n02960 n04139	n01726	61		true
n00716	7	0.9750	n02721	n00993	272		true
n00717	7	0.9750	n04087 n04370	n01315	70		true
n00718	6	0.9750	n00045		6		true
n00719	6	0.9750	n04126		61		true
n00720	6	0.9750	n04372		64		true
n00721	6	0.9750	n04381		23		true
n00722	6	0.9750	n03692 n04164 n05150		70		true
n00723	6	0.9750	n03239 n03802		27		true
n00724	6	0.9750	n03072 n04681	n00769	31		true
n00725	6	0.9750	n02883 n03099 n03440		139		true
n00726	6	0.9750	n04291		61		true
n00727	6	0.9750	n00301		134		true
n00728	6	0.9750	n04001 n05539 n05882	n01798	92		true
n00729	6	0.9750	n04221 n04560	n01313	138		true
n00730	6	0.9750	n02725 n04563 n05263	n01249	1509		true
n00731	5	0.9750	n02960		9		true
n00732	5	0.9750	n01927 n04186		27		true
n00733	5	0.9750	n04320 n05825		56		true
n00734	5	0.9750	n02002 n02214 n05491		74		true
n00735	5	0.9750	n00792 n05922		13		true
n00736	5	0.9750	n05879		108		true
n00737	5	0.9750	n01692		99		true
n00738	5	0.9750	n03116 n04015		32		true
n00739	5	0.9750	n00309		33		true
n00740	5	0.9750	n03713		135		true
n00741	5	0.9750	n02647 n03949		179		true
n00742	5	0.9750	n01823 n03165		142		true
n00743	4	0.9750	n02644 n05367		4		true
n00744	4	0.9750	n01655		123		true
n00745	4	0.9750	n03757 n05633 n05870		12		true
n00746	4	0.9750	n00968 n03977 n05097 n05210		261		true
n00747	4	0.9750	n00894		111		true
n00748	4	0.9750	n01478		92		true
n00749	4	0.9750	n03633		35		true
n00750	4	0.9750	n01418 n02950		43		true
n00751	4	0.9750	n02842 n03168		116		true
n00752	4	0.9750	n02078		17		true
n00753	4	0.9750	n01416 n04604		49		true
n00754	4	0.9750	n01801 n01932 n04100 n04651		87		true
n00755	4	0.9750	n00803		263		true
n00756	4	0.9750	n04423 n04685 n05001 n05873		63		true
n00757	4	0.9750	n00707 n05015		235		true
n00758	4	0.9750	n05091		35		true
n00759	3	0.9750	n00622 n06099		33		true
n00760	3	0.9750	n01018 n01656		14		true
n00761	5	0.9749	n01595 n03576		54		true
n00762	5	0.9749	n03444 n05296		270		true
n00763	4	0.9749	n00453 n05264		58		true
n00764	4	0.9749	n03952 n04994		365		true
n00765	4	0.9749	n02514 n05713		282		true
n00766	6	0.9747	n00142		105		true
n00767	5	0.9747	n04509 n05963		15		true
n00768	6	0.9745	n00020	n00236	1		true
n00769	3	0.9745	n00724		11		true
n00770	3	0.9744	n04268		41		true
n00771	4	0.9742	n00094		51		true
n00772	3	0.9742	n02350 n05502		8		true
n00773	3	0.9741	n00307		2		true
n00774	3	0.9741	n00451 n01826 n06003		45		true
n00775	3	0.9735	n01966 n04557		8		true
n00776	4	0.9728	n01149		67		true
n00777	4	0.9719	n00379		5		true
n00778	57	0.9700	n03921	n03471 n04806	931		true
n00779	49	0.9700		n01956 n02577 n04189	610		true
n00780	25	0.9700	n04851	n00070 n00695	107		true
n00781	21	0.9700	n04234 n05182	n02879 n04662 n05479	986		true
n00782	17	0.9700	n05054	n00284 n04376	241		true
n00783	15	0.9700	n02960	n00282 n03864	280		true
n00784	15	0.9700	n03565	n00285 n03622	124		true
n00785	15	0.9700	n05186 n05399	n02511 n05384	182		true
n00786	13	0.9700	n04123 n05128	n00307 n00496	25		true
n00787	11	0.9700	n00034	n00139	285		true
n00788	11	0.9700	n01461	n01480 n02173	201		true
n00789	11	0.9700	n06114	n00506 n01788 n03725	53		true
n00790	12	0.9700	n00035	n02178 n03799	327		true
n00791	11	0.9700	n02361 n03774 n05998	n00627 n02817	157		true
n00792	10	0.9700	n03150 n05016	n00735 n01176	25		true
n00793	9	0.9700	n03220	n00556	239		true
n00794	9	0.9700	n00048	n00180	13		true
n00795	9	0.9700	n01335 n04091	n00820	137		true
n00796	9	0.9700	n02753 n05935	n00590	182		true
n00797	10	0.9700	n03185	n02220	189		true
n00798	9	0.9700	n04134	n00578	167		true
n00799	8	0.9700	n00038 n04975	n01158	69		true
n00800	8	0.9700	n00956	n01045	525		true
n00801	8	0.9700	n02780	n01123	655		true
n00802	7	0.9700	n00695	n01130 n01916	2		true
n00803	7	0.9700	n03278 n05415 n06005	n00755	338		true
n00804	7	0.9700	n00068	n01942	52		true
n00805	7	0.9700	n04240		101		true
n00806	7	0.9700	n01851 n03682		44		true
n00807	7	0.9700	n00528 n05574	n01992	322		true
n00808	7	0.9700	n01088 n05131	n02098	126		true
n00809	7	0.9700	n02126		143		true
n00810	6	0.9700	n00292		6		true
n00811	6	0.9700	n03079 n04368	n01625	55		true
n00812	6	0.9700	n05245 n05576	n01834	24		true
n00813	6	0.9700	n03044 n05018		24		true
n00814	6	0.9700	n02761		30		true
n00815	6	0.9700	n03279 n03338		21		true
n00816	6	0.9700	n00965 n03750		180		true
n00817	5	0.9700	n01801 n04049 n05137		4		true
n00818	5	0.9700	n03629		27		true
n00819	5	0.9700	n04173		13		true
n00820	5	0.9700	n00795 n03273		75		true
n00821	5	0.9700	n03170 n05259		19		true
n00822	5	0.9700	n00700		57		true
n00823	5	0.9700	n03411		50		true
n00824	5	0.9700	n02293		105		true
n00825	5	0.9700	n00099 n04981		61		true
n00826	5	0.9700	n02247 n03167		185		true
n00827	5	0.9700	n03755		434		true
n00828	5	0.9700	n00311		51		true
n00829	5	0.9700	n00613 n02844		293		true
n00830	5	0.9700	n03230 n04138 n05693		388		true
n00831	5	0.9700	n00967 n04636		47		true
n00832	5	0.9700	n04987 n06096		469		true
n00833	4	0.9700	n04104 n05495 n05515		57		true
n00834	4	0.9700	n03448 n04668		19		true
n00835	4	0.9700	n02996 n05590		329		true
n00836	4	0.9700	n00319		66		true
n00837	4	0.9700	n02254		285		true
n00838	4	0.9700	n00081 n01473		93		true
n00839	4	0.9700	n01821 n03911		113		true
n00840	4	0.9700	n02960 n03029		70		true
n00841	4	0.9700	n02046 n05765		19		true
n00842	4	0.9700	n03171 n03948		20		true
n00843	4	0.9700	n02787 n03966 n06224		57		true
n00844	4	0.9700	n03761 n04253		89		true
n00845	4	0.9700	n01280 n04151 n06025		168		true
n00846	4	0.9700	n01277 n04102		111		true
n00847	3	0.9700	n00969 n04013 n05830		23		true
n00848	3	0.9700	n00149		444		true
n00849	3	0.9700	n01867 n03284		250		true
n00850	3	0.9700	n00457 n03193 n06097		23		true
n00851	3	0.9700	n02057 n04259		52		true
n00852	6	0.9698	n00077		62		true
n00853	4	0.9698	n00619		154		true
n00854	4	0.9698	n04069 n04873		14		true
n00855	5	0.9697	n02333		31		true
n00856	4	0.9695	n01273 n05417		73		true
n00857	3	0.9695	n00906 n02839		104		true
n00858	3	0.9695	n03234		57		true
n00859	5	0.9694	n06011		134		true
n00860	4	0.9694	n00062		21		true
n00861	3	0.9694	n01971 n05348		15		true
n00862	3	0.9688	n04568		115		true
n00863	5	0.9681	n00317		67		true
n00864	4	0.9677	n05257		75		true
n00865	3	0.9661	n00381		10		true
n00866	35	0.9650	n05979	n04400 n06111	238		true
n00867	30	0.9650	n03524 n05171	n04081 n05059	353		true
n00868	24	0.9650	n05853	n05746 n05857	466		true
n00869	16	0.9650	n03670	n01143 n01738	290		true
n00870	12	0.9650	n05855	n00300	46		true
n00871	11	0.9650	n02169	n00616 n02672 n04847	479		true
n00872	12	0.9650	n02987	n00108 n02767	403		true
n00873	12	0.9650	n02466	n01394 n06214	49		true
n00874	13	0.9650	n04454 n05235	n02725 n05263 n05643	2893		true
n00875	11	0.9650	n02286 n03336	n01601 n03083	57		true
n00876	10	0.9650	n00420 n06127	n00448	149		true
n00877	12	0.9650	n03397	n01861 n02175	165		true
n00878	9	0.9650	n03899	n01195	856		true
n00879	9	0.9650	n02739 n02903 n05200	n00380	110		true
n00880	9	0.9650	n01919	n01440	186		true
n00881	9	0.9650	n04972	n01789 n03689	91		true
n00882	9	0.9650	n00275	n00470	97		true
n00883	9	0.9650	n03974	n01064 n01372	50		true
n00884	8	0.9650	n00037	n01325	18		true
n00885	9	0.9650	n02125 n05625 n06116	n02065	33		true
n00886	9	0.9650	n03970	n03173	107		true
n00887	8	0.9650	n04617 n06070	n00669	140		true
n00888	9	0.9650	n02933	n04694	228		true
n00889	8	0.9650	n04856 n05632	n03665	41		true
n00890	7	0.9650	n00065	n00661	149		true
n00891	7	0.9650	n03595 n04167		141		true
n00892	7	0.9650	n04325 n05143		157		true
n00893	7	0.9650	n01407	n00581	81		true
n00894	7	0.9650	n03748 n04214	n00747	403		true
n00895	6	0.9650	n02557		48		true
n00896	6	0.9650	n01022		94		true
n00897	6	0.9650	n01406 n02905 n06138		112		true
n00898	6	0.9650	n01348 n02992		389		true
n00899	6	0.9650	n00092		191		true
n00900	6	0.9650	n04667 n04833	n01384	56		true
n00901	6	0.9650	n05652		40		true
n00902	6	0.9650	n06162		35		true
n00903	6	0.9650	n02401 n04828 n06086		59		true
n00904	6	0.9650	n00068		52		true
n00905	6	0.9650	n04918 n05238		238		true
n00906	6	0.9650	n02329 n03280 n03338 n05087	n00857	146		true
n00907	5	0.9650	n05599		21		true
n00908	5	0.9650	n01767 n03407 n04303		6		true
n00909	5	0.9650	n03377		19		true
n00910	5	0.9650	n01409 n04940		38		true
n00911	5	0.9650	n00439		20		true
n00912	5	0.9650	n01350		196		true
n00913	5	0.9650	n03191 n03341 n04415		105		true
n00914	5	0.9650	n01964 n03000		19		true
n00915	5	0.9650	n01351 n04061		236		true
n00916	5	0.9650	n01209 n04812		48		true
n00917	4	0.9650	n02131 n02762		64		true
n00918	4	0.9650	n02370 n02900		17		true
n00919	4	0.9650	n03195 n05165		86		true
n00920	4	0.9650	n01534 n05587		15		true
n00921	4	0.9650	n03405 n03953		1543		true
n00922	4	0.9650	n03348 n05373		11		true
n00923	4	0.9650	n02512 n04793 n06154		36		true
n00924	4	0.9650	n02624 n04319		11		true
n00925	4	0.9650	n00312 n04162		16		true
n00926	4	0.9650	n01965 n04772		50		true
n00927	4	0.9650	n02812 n03814		251		true
n00928	4	0.9650	n01357 n06020 n06162		47		true
n00929	4	0.9650	n00683		17		true
n00930	7	0.9648	n00071		91		true
n00931	7	0.9648	n00079		167		true
n00932	5	0.9648	n02696 n03319 n05528		237		true
n00933	5	0.9648	n03625 n05066		48		true
n00934	4	0.9648	n02335 n04412 n05801		19		true
n00935	4	0.9648	n02398 n05789		15		true
n00936	4	0.9648	n02592 n02738		178		true
n00937	4	0.9648	n02564 n03816		49		true
n00938	4	0.9648	n02775 n04037 n05776		35		true
n00939	4	0.9648	n01774 n03485		168		true
n00940	3	0.9648	n02055 n04333		18		true
n00941	3	0.9648	n03416 n05896		26		true
n00942	3	0.9646	n01218 n05044		29		true
n00943	3	0.9646	n02184 n02865		21		true
n00944	4	0.9645	n00960		63		true
n00945	3	0.9645	n03957 n04522 n05698		16		true
n00946	5	0.9637	n02205		78		true
n00947	3	0.9637	n02100 n04396 n06021		143		true
n00948	4	0.9636	n00167		61		true
n00949	3	0.9636	n00320		32		true
n00950	3	0.9620	n00145		14		true
n00951	47	0.9600	n02960	n03669 n03923 n05452	174		true
n00952	19	0.9600	n03671	n03537 n05013	785		true
n00953	17	0.9600	n00006 n03614	n03569 n05070	96		true
n00954	14	0.9600	n03335 n05605	n00290 n06209	81		true
n00955	13	0.9600	n04400	n01023 n03637	134		true
n00956	12	0.9600	n00688 n03803	n00800 n03258 n05226	1494		true
n00957	13	0.9600	n05520	n00298 n03195	306		true
n00958	10	0.9600	n00525	n01542	116		true
n00959	10	0.9600	n03462	n00225	234		true
n00960	9	0.9600	n00037	n00944	63		true
n00961	9	0.9600	n01136 n04976 n05803	n03006	388		true
n00962	9	0.9600	n02880 n05075 n05139	n01005	58		true
n00963	9	0.9600	n02400 n03968 n04583	n00588	73		true
n00964	10	0.9600	n03244 n05353	n00659 n03385	177		true
n00965	9	0.9600	n02041	n00816 n02682	180		true
n00966	8	0.9600	n03866	n01055	83		true
n00967	8	0.9600	n02510	n00831	110		true
n00968	7	0.9600	n06131	n00746	302		true
n00969	7	0.9600	n03844 n04615	n00847	74		true
n00970	7	0.9600	n01334 n02965 n04780	n02060	261		true
n00971	7	0.9600	n02556 n03897	n00248 n02432	801		true
n00972	7	0.9600	n02824 n03941 n04734	n00585	38		true
n00973	7	0.9600	n02690	n00586	35		true
n00974	7	0.9600	n01143 n01738		55		true
n00975	6	0.9600	n02901	n02061	25		true
n00976	6	0.9600	n01694		228		true
n00977	6	0.9600	n01774 n05572 n05939	n02275	1346		true
n00978	6	0.9600	n02443 n04773		468		true
n00979	5	0.9600	n01775 n02968		74		true
n00980	5	0.9600	n04586		20		true
n00981	5	0.9600	n01698		39		true
n00982	5	0.9600	n05169		31		true
n00983	5	0.9600	n01530 n03589		848		true
n00984	5	0.9600	n01773		108		true
n00985	5	0.9600	n02945 n04834 n04927		152		true
n00986	4	0.9600	n03908		24		true
n00987	4	0.9600	n03548		33		true
n00988	4	0.9600	n00533 n02446 n03441		273		true
n00989	4	0.9600	n03449 n03922 n06213		33		true
n00990	4	0.9600	n05655 n05670		26		true
n00991	4	0.9600	n03316 n05089 n05373		12		true
n00992	4	0.9600	n01480 n02173		150		true
n00993	3	0.9600	n00716 n05538		156		true
n00994	3	0.9600	n00157		104		true
n00995	3	0.9600	n05434 n05550		41		true
n00996	3	0.9600	n02734		302		true
n00997	6	0.9598	n03598 n05313		47		true
n00998	5	0.9598	n01089 n02806		697		true
n00999	5	0.9598	n04150 n05536		51		true
n01000	4	0.9598	n00448		114		true
n01001	4	0.9598	n01147 n04938		319		true
n01002	4	0.9598	n01205 n02701		55		true
n01003	3	0.9598	n00184 n05108		19		true
n01004	8	0.9596	n00062	n00389	37		true
n01005	5	0.9596	n00962 n04436		49		true
n01006	4	0.9596	n00543		69		true
n01007	4	0.9596	n04067		128		true
n01008	4	0.9594	n02512 n03414		141		true
n01009	3	0.9590	n00187		155		true
n01010	3	0.9588	n00634 n04159		185		true
n01011	48	0.9550	n06163	n03398 n05116	535		true
n01012	29	0.9550	n02606 n05115	n04279 n05990	930		true
n01013	22	0.9550	n04080	n01137 n02120	169		true
n01014	22	0.9550	n04030	n00411 n04337	86		true
n01015	20	0.9550	n06162	n02203 n05994	238		true
n01016	16	0.9550	n03988 n04574	n01647 n02442	276		true
n01017	13	0.9550	n05180	n00443 n01904	118		true
n01018	10	0.9550	n05249	n00760 n04420	68		true
n01019	10	0.9550	n03239 n04444	n00456	607		true
n01020	10	0.9550	n04213 n04377	n02846 n03119 n05901	86		true
n01021	10	0.9550	n00276 n04585	n00168	81		true
n01022	10	0.9550	n02827	n00896 n02576	94		true
n01023	9	0.9550	n00955	n00648	130		true
n01024	9	0.9550	n03683	n01865 n03916	81		true
n01025	10	0.9550	n01634 n03903	n02262 n05655	43		true
n01026	9	0.9550	n00041	n05103	29		true
n01027	8	0.9550	n01138 n05254	n03884	16		true
n01028	8	0.9550	n03773 n04826	n01310	191		true
n01029	8	0.9550	n01340	n01944	475		true
n01030	9	0.9550	n04824 n05689	n03389 n04269	63		true
n01031	8	0.9550	n02284 n03340	n00372	25		true
n01032	7	0.9550	n02588 n04924	n02497	483		true
n01033	7	0.9550	n04178	n01845	26		true
n01034	7	0.9550	n03105		67		true
n01035	7	0.9550	n00283 n04094		197		true
n01036	7	0.9550	n02589 n03039 n06026		146		true
n01037	7	0.9550	n02364 n05855		26		true
n01038	5	0.9550	n02171 n03687		38		true
n01039	5	0.9550	n02559 n02944		29		true
n01040	5	0.9550	n03302 n05983 n06190		30		true
n01041	5	0.9550	n01412 n04356		52		true
n01042	5	0.9550	n02560 n05959		151		true
n01043	5	0.9550	n00064		10		true
n01044	5	0.9550	n02834 n05812		56		true
n01045	5	0.9550	n00800 n05226		520		true
n01046	5	0.9550	n01356 n03076		90		true
n01047	4	0.9550	n01208 n06141		5		true
n01048	4	0.9550	n03256 n04831		18		true
n01049	4	0.9550	n03351 n04510		16		true
n01050	4	0.9550	n03113 n04683 n05042 n05092		626		true
n01051	4	0.9550	n03664		41		true
n01052	4	0.9550	n06010		30		true
n01053	4	0.9550	n02208 n03753 n04521		109		true
n01054	4	0.9550	n02728 n04468 n05974		243		true
n01055	4	0.9550	n00966 n05542		54		true
n01056	3	0.9550	n02911 n02971 n04263		412		true
n01057	3	0.9550	n01902 n06197		64		true
n01058	9	0.9548	n06162	n01629 n03257	1499		true
n01059	5	0.9548	n00010		11		true
n01060	4	0.9548	n01211		84		true
n01061	4	0.9548	n01649		270		true
n01062	3	0.9548	n02088 n02699 n02913		54		true
n01063	3	0.9548	n03007 n06142		16		true
n01064	3	0.9548	n00883		35		true
n01065	3	0.9548	n00562		25		true
n01066	3	0.9548	n03766 n03881		137		true
n01067	4	0.9545	n01852 n04006 n04520		97		true
n01068	4	0.9543	n04434		87		true
n01069	3	0.9543	n00706 n03323 n05075		41		true
n01070	5	0.9536	n00146		45		true
n01071	3	0.9536	n02252 n02795		22		true
n01072	3	0.9534	n02560		47		true
n01073	3	0.9531	n00625 n04997		17		true
n01074	4	0.9529	n05450		19		true
n01075	3	0.9529	n00335		45		true
n01076	53	0.9500	n02464	n02926 n03915 n05635	202		true
n01077	56	0.9500	n03091 n05722	n00265 n02504	1312		true
n01078	30	0.9500	n02870 n05001	n03037 n03890 n05188	341		true
n01079	27	0.9500	n02435 n02851	n02439 n04120	208		true
n01080	22	0.9500	n04491	n02824 n03941	130		true
n01081	20	0.9500	n03959 n04902	n02663 n05867	39		true
n01082	15	0.9500	n01882	n01404	132		true
n01083	14	0.9500	n01801	n02674 n03473	213		true
n01084	13	0.9500	n04439	n03789 n04250	917		true
n01085	11	0.9500	n04202	n00167	71		true
n01086	11	0.9500	n01801	n00173 n04891	52		true
n01087	12	0.9500	n02390 n04973	n00201 n03050	129		true
n01088	10	0.9500	n03183 n03215 n03502	n00808 n01938	126		true
n01089	9	0.9500	n00279	n00998	697		true
n01090	8	0.9500	n05000 n05949	n00658	416		true
n01091	7	0.9500	n02082	n01667	81		true
n01092	7	0.9500	n04769		57		true
n01093	6	0.9500	n05993	n01515	27		true
n01094	6	0.9500	n01466 n03106		52		true
n01095	6	0.9500	n02043 n03378 n06003		174		true
n01096	6	0.9500	n02075	n01450	153		true
n01097	5	0.9500	n02778 n04409		28		true
n01098	5	0.9500	n02250 n05584 n05854		23		true
n01099	5	0.9500	n02960		33		true
n01100	5	0.9500	n03811 n04969		504		true
n01101	5	0.9500	n04246		54		true
n01102	5	0.9500	n04764		24		true
n01103	5	0.9500	n03858		34		true
n01104	4	0.9500	n00318 n03476		173		true
n01105	4	0.9500	n02703 n05324		110		true
n01106	4	0.9500	n03815 n05215 n06159		566		true
n01107	4	0.9500	n03207 n03913		38		true
n01108	4	0.9500	n01474 n03850		390		true
n01109	4	0.9500	n01477 n03521		20		true
n01110	4	0.9500	n05252 n05806 n06215		468		true
n01111	4	0.9500	n03533 n04333		23		true
n01112	4	0.9500	n03436		574		true
n01113	4	0.9500	n00113 n05052		68		true
n01114	3	0.9500	n03175		86		true
n01115	4	0.9497	n03719		68		true
n01116	4	0.9497	n01278 n06052		306		true
n01117	4	0.9497	n02372		20		true
n01118	4	0.9497	n04882 n06196		20		true
n01119	3	0.9497	n03173		75		true
n01120	3	0.9497	n02705 n03355		241		true
n01121	3	0.9495	n00176 n03387		28		true
n01122	3	0.9495	n02408 n04989		172		true
n01123	5	0.9492	n00801		32		true
n01124	3	0.9490	n01539 n03921		47		true
n01125	3	0.9487	n01901 n04924		367		true
n01126	4	0.9476	n00125		18		true
n01127	3	0.9476	n00705		18		true
n01128	3	0.9476	n01790		30		true
n01129	3	0.9474	n01485		193		true
n01130	3	0.9465	n00802 n03658		1		true
n01131	39	0.9450	n01801	n00264 n05669	281		true
n01132	40	0.9450		n03262 n03525 n05121	902		true
n01133	31	0.9450	n02687	n01269 n04175 n04958	90		true
n01134	30	0.9450	n05290	n04710 n05510	1788		true
n01135	23	0.9450	n04359 n06032 n06162	n03565 n04240	182		true
n01136	13	0.9450	n01768 n02505	n00961 n01649	591		true
n01137	13	0.9450	n01013	n01773 n03598	142		true
n01138	13	0.9450	n03776	n01027 n04005 n05026	36		true
n01139	13	0.9450	n05994	n01468 n02835	212		true
n01140	13	0.9450	n03265 n05517 n05861	n00428 n03751	399		true
n01141	14	0.9450	n05013	n00614 n04142	580		true
n01142	12	0.9450	n02394	n01475 n02809	536		true
n01143	12	0.9450	n00869	n00974 n04473	287		true
n01144	11	0.9450	n00272	n03606 n05503	85		true
n01145	10	0.9450	n02759 n05681	n00344 n04995	204		true
n01146	9	0.9450	n03431 n04374 n04718	n00663 n05167	288		true
n01147	9	0.9450	n02477	n01001	385		true
n01148	9	0.9450	n04703	n02849	385		true
n01149	7	0.9450	n00097 n05952	n00776	163		true
n01150	7	0.9450	n02832 n02960 n03942	n00252	145		true
n01151	6	0.9450	n00058		35		true
n01152	6	0.9450	n00025		186		true
n01153	6	0.9450	n01646 n04293		269		true
n01154	6	0.9450	n00282		271		true
n01155	6	0.9450	n02327	n02226	30		true
n01156	6	0.9450	n04366 n04591	n02348	564		true
n01157	6	0.9450	n05641		73		true
n01158	5	0.9450	n00799		69		true
n01159	5	0.9450	n04783		59		true
n01160	5	0.9450	n01472		26		true
n01161	5	0.9450	n03865		41		true
n01162	5	0.9450	n03222 n03513		46		true
n01163	5	0.9450	n00117		781		true
n01164	5	0.9450	n03194		34		true
n01165	5	0.9450	n02999 n05152		744		true
n01166	5	0.9450	n01271		114		true
n01167	4	0.9450	n05540		872		true
n01168	4	0.9450	n01695 n04106		60		true
n01169	4	0.9450	n00336 n05383		488		true
n01170	4	0.9450	n02333 n06029		12		true
n01171	4	0.9450	n02369 n03451		333		true
n01172	4	0.9450	n02513 n03721 n04270 n05702		28		true
n01173	4	0.9450	n03028 n03578		34		true
n01174	3	0.9450	n04038 n05835		14		true
n01175	3	0.9450	n03556 n05217 n05777		45		true
n01176	5	0.9447	n00792 n02997 n05287		13		true
n01177	4	0.9447	n02791		17		true
n01178	4	0.9447	n02725 n05643		1894		true
n01179	4	0.9447	n02840 n03339		1779		true
n01180	3	0.9447	n06225		15		true
n01181	3	0.9447	n03555		601		true
n01182	6	0.9444	n02361	n00247	24		true
n01183	5	0.9444	n01884		32		true
n01184	4	0.9442	n00054		17		true
n01185	3	0.9442	n04747		34		true
n01186	3	0.9442	n03487		21		true
n01187	3	0.9442	n01484 n04351		1123		true
n01188	4	0.9439	n03981		4		true
n01189	4	0.9439	n00152 n02575		76		true
n01190	3	0.9439	n00711 n02645 n05716		244		true
n01191	3	0.9436	n00137 n04271		77		true
n01192	4	0.9433	n00321 n04482		27		true
n01193	3	0.9433	n02891		41		true
n01194	4	0.9427	n00440		18		true
n01195	3	0.9427	n00878 n03290		774		true
n01196	3	0.9418	n00546 n03621		33		true
n01197	3	0.9412	n00459		4		true
n01198	110	0.9400	n02819	n03392 n05446	1306		true
n01199	46	0.9400	n05602	n03727 n03928	527		true
n01200	25	0.9400	n03150 n04898 n05287	n02748 n04762	95		true
n01201	21	0.9400	n04077 n05449	n02394 n02810	641		true
n01202	13	0.9400	n00602 n03424	n01776 n02909	103		true
n01203	14	0.9400	n04578 n04910	n02759	248		true
n01204	12	0.9400	n02583	n01775 n02968	77		true
n01205	11	0.9400	n02751 n05070	n01002 n05091	83		true
n01206	11	0.9400	n03305	n01482 n02299	331		true
n01207	9	0.9400	n02245	n01295	67		true
n01208	9	0.9400	n00041	n01047	15		true
n01209	9	0.9400	n04718	n00916 n04693	112		true
n01210	8	0.9400	n01643	n00369	45		true
n01211	8	0.9400	n04506 n04556 n05615	n01060 n04605	168		true
n01212	8	0.9400	n01642		85		true
n01213	8	0.9400	n00043 n05868	n01260	200		true
n01214	7	0.9400	n00280	n01878	82		true
n01215	7	0.9400	n04933	n01255	33		true
n01216	7	0.9400	n01961 n05374	n00678	47		true
n01217	7	0.9400	n03473	n01253	209		true
n01218	6	0.9400	n05414	n00942	94		true
n01219	6	0.9400	n04680 n06069		572		true
n01220	6	0.9400	n01468 n02835 n02906		167		true
n01221	6	0.9400	n04516		104		true
n01222	5	0.9400	n03801		45		true
n01223	5	0.9400	n04153 n05117		291		true
n01224	5	0.9400	n04247 n04345		72		true
n01225	5	0.9400	n03136 n04146		45		true
n01226	5	0.9400	n00291 n06013		75		true
n01227	5	0.9400	n01926 n05637		132		true
n01228	5	0.9400	n00530 n05691		38		true
n01229	5	0.9400	n02764 n05692		1065		true
n01230	5	0.9400	n02885		28		true
n01231	4	0.9400	n06140		36		true
n01232	4	0.9400	n00000 n04420		25		true
n01233	4	0.9400	n03442 n03873 n05704		145		true
n01234	4	0.9400	n03701 n04192 n05591		17		true
n01235	4	0.9400	n01692 n03231		114		true
n01236	4	0.9400	n01414 n04046		291		true
n01237	4	0.9400	n02084		47		true
n01238	4	0.9400	n06121		53		true
n01239	4	0.9400	n03771 n05310		43		true
n01240	4	0.9400	n02973 n04801 n05176		48		true
n01241	4	0.9400	n01967		23		true
n01242	4	0.9400	n02887 n05544 n06207		133		true
n01243	4	0.9400	n02251 n03481		29		true
n01244	4	0.9400	n02790 n05325		34		true
n01245	4	0.9400	n03413 n05593 n06210		164		true
n01246	4	0.9400	n02702 n05262		194		true
n01247	4	0.9400	n03004 n03700		37		true
n01248	3	0.9400	n02769 n04742		391		true
n01249	3	0.9400	n00730		1335		true
n01250	5	0.9397	n02638		17		true
n01251	5	0.9397	n03342 n04337		23		true
n01252	5	0.9397	n00428 n03751		103		true
n01253	4	0.9397	n01217 n02012		150		true
n01254	3	0.9397	n00560		129		true
n01255	3	0.9397	n01215 n04012		20		true
n01256	3	0.9397	n00083 n02593		90		true
n01257	4	0.9396	n00325		14		true
n01258	3	0.9394	n00169 n06101		143		true
n01259	3	0.9394	n00618 n03518		15		true
n01260	3	0.9391	n01213 n05659		20		true
n01261	3	0.9388	n00559 n05498		9		true
n01262	3	0.9381	n00563 n05433 n05767		63		true
n01263	3	0.9375	n00303 n05266		1		true
n01264	86	0.9350	n02820	n00262 n03342	357		true
n01265	30	0.9350	n02742	n04116 n04172	1038		true
n01266	25	0.9350	n05002	n01530 n06174	1354		true
n01267	23	0.9350	n04853	n01922 n02200	277		true
n01268	23	0.9350	n02710	n03567 n04205	610		true
n01269	16	0.9350	n01133 n03238	n03594 n05080	78		true
n01270	14	0.9350	n04856	n01705 n04002	87		true
n01271	13	0.9350	n04862	n00165 n01166	283		true
n01272	11	0.9350	n04822	n00618 n03518	113		true
n01273	9	0.9350	n04501 n05477	n00856	74		true
n01274	10	0.9350	n04725 n04974	n03664	100		true
n01275	9	0.9350	n03102 n04778 n04918	n03175	209		true
n01276	9	0.9350	n02801 n05244	n03723	225		true
n01277	8	0.9350	n02246	n00846	128		true
n01278	7	0.9350	n04759	n00238 n01116	323		true
n01279	7	0.9350	n04494	n02153 n02237	177		true
n01280	7	0.9350	n01405 n04868	n00845	168		true
n01281	6	0.9350	n02083 n05761		410		true
n01282	6	0.9350	n02128 n03808		50		true
n01283	6	0.9350	n01739 n05958	n02156	29		true
n01284	6	0.9350	n01465 n04957		52		true
n01285	6	0.9350	n02442	n02320	163		true
n01286	6	0.9350	n01352 n02396	n02355	273		true
n01287	5	0.9350	n03164		40		true
n01288	5	0.9350	n04467 n05532		84		true
n01289	5	0.9350	n02803 n03179 n04464		72		true
n01290	5	0.9350	n02805		101		true
n01291	4	0.9350	n03161 n05891		38		true
n01292	4	0.9350	n04308		20		true
n01293	4	0.9350	n04016 n04318		71		true
n01294	4	0.9350	n01691		169		true
n01295	4	0.9350	n01207 n02252		12		true
n01296	4	0.9350	n02944		85		true
n01297	4	0.9350	n03478		160		true
n01298	4	0.9350	n01894 n04638		139		true
n01299	4	0.9350	n02133 n02649		146		true
n01300	4	0.9350	n04533		64		true
n01301	4	0.9350	n00112		114		true
n01302	4	0.9350	n02843 n03109 n05274		137		true
n01303	4	0.9350	n02013 n03091 n06147		65		true
n01304	3	0.9350	n02626 n04011		19		true
n01305	3	0.9350	n02089 n05324		43		true
n01306	3	0.9350	n03168 n04428		232		true
n01307	3	0.9350	n03720 n04154		57		true
n01308	3	0.9350	n04701		46		true
n01309	5	0.9347	n00107		200		true
n01310	4	0.9347	n01028 n06027		30		true
n01311	4	0.9347	n02050 n04347		15		true
n01312	3	0.9347	n01596 n02671		29		true
n01313	3	0.9347	n00729		108		true
n01314	3	0.9347	n02882 n02957 n03827 n03912		23		true
n01315	4	0.9343	n00717		13		true
n01316	4	0.9343	n02363		535		true
n01317	3	0.9343	n00550		17		true
n01318	3	0.9343	n02258 n03110 n04951		97		true
n01319	3	0.9343	n03885		16		true
n01320	3	0.9343	n02299		331		true
n01321	3	0.9340	n01358 n04838		26		true
n01322	5	0.9333	n00542		60		true
n01323	4	0.9330	n05425 n05572		414		true
n01324	3	0.9330	n00287 n02912 n04041		25		true
n01325	3	0.9326	n00884		13		true
n01326	3	0.9309	n00627		33		true
n01327	61	0.9300	n01524	n04399 n05660	991		true
n01328	21	0.9300	n04753	n01768 n02505	612		true
n01329	19	0.9300	n03562	n02167 n03184 n04047	222		true
n01330	18	0.9300	n04118	n00038 n01557	135		true
n01331	17	0.9300	n01684	n00311 n02010	443		true
n01332	17	0.9300	n02502 n03672	n01891 n02690	129		true
n01333	15	0.9300	n04703	n01895 n04588	90		true
n01334	15	0.9300	n03675 n04614	n00970 n03866	306		true
n01335	15	0.9300	n01952 n05843	n00795 n01709 n03273	137		true
n01336	12	0.9300	n00274	n03381 n04223	1924		true
n01337	12	0.9300	n00690 n04580	n00152 n02575	231		true
n01338	11	0.9300	n03570	n02051 n02671	92		true
n01339	11	0.9300	n05842	n00323 n04948	26		true
n01340	11	0.9300	n05300 n06169	n01029 n01828	479		true
n01341	11	0.9300	n03651 n06192	n01899 n03604 n03985	145		true
n01342	11	0.9300	n04497	n00203	128		true
n01343	10	0.9300	n00024	n02449 n03231	151		true
n01344	11	0.9300	n01636	n02255	76		true
n01345	10	0.9300	n02932	n02256 n03455	240		true
n01346	10	0.9300	n01920 n04665	n00482	354		true
n01347	11	0.9300	n01769 n03620	n04595	380		true
n01348	9	0.9300	n03784 n05954	n00898 n03143	924		true
n01349	8	0.9300	n03653 n04663 n05023	n00569	487		true
n01350	8	0.9300	n03247	n00912	242		true
n01351	8	0.9300	n02207 n04460 n05948	n00915	645		true
n01352	9	0.9300	n00691 n04140	n01286	419		true
n01353	7	0.9300	n03306 n03707	n00228	57		true
n01354	7	0.9300	n03130 n03240 n05202 n05311		33		true
n01355	7	0.9300	n01586	n02498	28		true
n01356	8	0.9300	n05699	n01046	92		true
n01357	7	0.9300	n03575	n00928	84		true
n01358	6	0.9300	n03871	n01321	26		true
n01359	6	0.9300	n04003 n05680	n01714	21		true
n01360	6	0.9300	n01801		168		true
n01361	6	0.9300	n00072	n02190 n02536	72		true
n01362	6	0.9300	n00612 n03284	n01843	114		true
n01363	5	0.9300	n03714 n03759 n04767		30		true
n01364	5	0.9300	n02172 n03026 n04152		55		true
n01365	5	0.9300	n02675		1938		true
n01366	4	0.9300	n02216 n04483		19		true
n01367	4	0.9300	n03027 n04885 n05142		139		true
n01368	4	0.9300	n02598 n04019		258		true
n01369	4	0.9300	n05212		45		true
n01370	4	0.9300	n03636 n04422		50		true
n01371	4	0.9300	n01460 n03377		27		true
n01372	4	0.9300	n00883		21		true
n01373	4	0.9300	n03381 n04223		683		true
n01374	4	0.9300	n04689		78		true
n01375	3	0.9300	n00130		8		true
n01376	3	0.9300	n01421 n05717		269		true
n01377	3	0.9300	n01415 n03169		10		true
n01378	3	0.9300	n02737		1668		true
n01379	3	0.9300	n03033 n05782		34		true
n01380	4	0.9296	n03001		15		true
n01381	4	0.9296	n00434		178		true
n01382	4	0.9296	n05629 n05636		173		true
n01383	4	0.9296	n01598 n04861 n04977		2591		true
n01384	3	0.9296	n00900		35		true
n01385	3	0.9296	n03201 n04476 n05372		26		true
n01386	3	0.9296	n00323 n04948		15		true
n01387	4	0.9293	n02298 n03716		80		true
n01388	3	0.9289	n00710		60		true
n01389	6	0.9286	n00300		29		true
n01390	3	0.9286	n01787 n03362		32		true
n01391	4	0.9282	n06103		23		true
n01392	3	0.9278	n03915 n04064 n05417 n05741		89		true
n01393	4	0.9277	n00122		29		true
n01394	4	0.9274	n00873		6		true
n01395	3	0.9270	n00547 n04893		142		true
n01396	4	0.9267	n02885 n04882		40		true
n01397	28	0.9250	n04538	n02242 n05061	285		true
n01398	24	0.9250	n02870 n04403 n05393	n03570 n05796	235		true
n01399	19	0.9250	n02960	n00069 n00136	218		true
n01400	17	0.9250	n03095 n04760	n00693 n03782	346		true
n01401	15	0.9250	n00408	n03129	863		true
n01402	13	0.9250	n00019	n02236 n04930	15		true
n01403	14	0.9250	n05990	n02477 n04938	484		true
n01404	12	0.9250	n01082	n00113 n05052	132		true
n01405	12	0.9250	n02121	n01280 n04151 n05772	296		true
n01406	10	0.9250	n03504 n04857	n00897	227		true
n01407	11	0.9250	n06000	n00893 n04430 n04881	102		true
n01408	9	0.9250	n00277 n06073	n04106	123		true
n01409	9	0.9250	n02693 n05014	n00910 n04702	59		true
n01410	9	0.9250	n00052		93		true
n01411	9	0.9250	n03998 n06195	n01973	2126		true
n01412	8	0.9250	n02828 n04650	n01041	59		true
n01413	7	0.9250	n03940		162		true
n01414	7	0.9250	n04675 n05361	n01236	569		true
n01415	7	0.9250	n03594	n01377	18		true
n01416	7	0.9250	n01532 n05766	n00753	78		true
n01417	7	0.9250	n06205		1836		true
n01418	7	0.9250	n03224	n00750	240		true
n01419	6	0.9250	n00057	n01949	40		true
n01420	6	0.9250	n02945 n04664	n02189	66		true
n01421	6	0.9250	n02896 n05121 n05149	n01376	774		true
n01422	6	0.9250	n03906 n04009	n01623	166		true
n01423	6	0.9250	n01925		70		true
n01424	6	0.9250	n05198	n01729	49		true
n01425	6	0.9250	n05201		32		true
n01426	5	0.9250	n05375 n05870		103		true
n01427	5	0.9250	n03161 n06142		127		true
n01428	5	0.9250	n03375 n05083		110		true
n01429	5	0.9250	n02595 n04222		26		true
n01430	5	0.9250	n03808 n06095		21		true
n01431	5	0.9250	n04074		95		true
n01432	4	0.9250	n02445		44		true
n01433	4	0.9250	n03282 n06162		52		true
n01434	4	0.9250	n02765 n03228 n04190		30		true
n01435	4	0.9250	n05828		30		true
n01436	4	0.9250	n04563 n04792		1876		true
n01437	4	0.9250	n03477 n04342		868		true
n01438	4	0.9250	n03792 n03945		229		true
n01439	4	0.9250	n05708		951		true
n01440	4	0.9250	n00880		128		true
n01441	4	0.9250	n02561 n02890		612		true
n01442	4	0.9250	n06023		128		true
n01443	4	0.9250	n01706 n03087 n05769		33		true
n01444	4	0.9250	n03117		247		true
n01445	4	0.9250	n02474 n03226		49		true
n01446	4	0.9250	n03877 n04112		62		true
n01447	3	0.9250	n01543 n04691		10		true
n01448	3	0.9250	n01825 n03343 n03447 n05032		119		true
n01449	3	0.9250	n02951 n04643		385		true
n01450	3	0.9250	n01096 n05497		153		true
n01451	4	0.9246	n03812 n03967 n06148		20		true
n01452	4	0.9246	n00712 n02766 n05715		56		true
n01453	3	0.9246	n04388 n05648		31		true
n01454	3	0.9246	n01705 n04002		27		true
n01455	5	0.9242	n00088		1		true
n01456	4	0.9242	n03261 n03660 n05530		57		true
n01457	4	0.9239	n04387		30		true
n01458	3	0.9239	n00566		1327		true
n01459	38	0.9200	n03145	n00008 n00018	45		true
n01460	18	0.9200	n00404	n00040 n01371	341		true
n01461	15	0.9200		n00788 n04701	231		true
n01462	13	0.9200	n05461 n06107	n01471 n04051	137		true
n01463	12	0.9200	n03898 n04543	n02557 n02599	76		true
n01464	12	0.9200	n02584	n00713 n03720	263		true
n01465	11	0.9200	n02285 n05516 n06120	n01284 n03415 n04262	113		true
n01466	10	0.9200	n00693 n03782	n01094 n03796	344		true
n01467	12	0.9200	n03181 n05522	n04566 n06087	757		true
n01468	10	0.9200	n01139 n02203	n01220	212		true
n01469	9	0.9200	n03073	n01481	122		true
n01470	10	0.9200	n02392 n04504 n05755	n04533	64		true
n01471	8	0.9200	n01462		65		true
n01472	8	0.9200	n04042 n04379 n04380	n01160	76		true
n01473	8	0.9200	n05475	n00838	165		true
n01474	8	0.9200	n04977 n05483	n01108 n02193	672		true
n01475	8	0.9200	n01142	n00665	534		true
n01476	7	0.9200	n02555	n00514	37		true
n01477	7	0.9200	n00067	n01109	81		true
n01478	7	0.9200	n02804	n00748	132		true
n01479	7	0.9200	n02756	n01580	45		true
n01480	7	0.9200	n00788 n03091	n00992	167		true
n01481	6	0.9200	n01469 n04785		101		true
n01482	6	0.9200	n01206		192		true
n01483	6	0.9200	n04566	n02111	507		true
n01484	6	0.9200	n06207	n01187	2573		true
n01485	6	0.9200	n03747	n01129	201		true
n01486	5	0.9200	n01897		98		true
n01487	5	0.9200	n03606		30		true
n01488	5	0.9200	n02620 n05940		81		true
n01489	5	0.9200	n02409		2203		true
n01490	5	0.9200	n03480		561		true
n01491	5	0.9200	n05131		21		true
n01492	5	0.9200	n01647		53		true
n01493	4	0.9200	n02727 n03601		167		true
n01494	4	0.9200	n05225 n05496		38		true
n01495	4	0.9200	n04306 n05771 n06102		56		true
n01496	4	0.9200	n00444		19		true
n01497	4	0.9200	n02729 n04098 n04790		132		true
n01498	4	0.9200	n03958 n04837		175		true
n01499	4	0.9200	n03141 n05514		27		true
n01500	4	0.9200	n03288		82		true
n01501	4	0.9200	n02676		104		true
n01502	3	0.9200	n02330 n03030		8		true
n01503	3	0.9200	n03723 n03752 n05898		114		true
n01504	3	0.9200	n00452 n02960		23		true
n01505	3	0.9200	n02677		101		true
n01506	8	0.9196	n00280	n01878	104		true
n01507	4	0.9196	n05037		19		true
n01508	4	0.9196	n03848		83		true
n01509	4	0.9196	n00297 n02338		180		true
n01510	4	0.9196	n03516 n05229		22		true
n01511	3	0.9196	n05966		362		true
n01512	3	0.9196	n02813		43		true
n01513	3	0.9194	n00164 n05528		15		true
n01514	5	0.9192	n01827		55		true
n01515	3	0.9192	n01093		14		true
n01516	3	0.9192	n02448		479		true
n01517	3	0.9192	n01657 n05332		131		true
n01518	3	0.9192	n00463 n04158		19		true
n01519	3	0.9188	n01538 n05658		160		true
n01520	3	0.9188	n03384		18		true
n01521	4	0.9184	n04634 n04719 n05623		15		true
n01522	4	0.9179	n00104		336		true
n01523	3	0.9175	n05907		35		true
n01524	108	0.9150	n03886 n06162	n01327 n04274	1086		true
n01525	31	0.9150	n03958	n01644 n03122	2616		true
n01526	30	0.9150	n02659 n05981	n02541 n02825	235		true
n01527	27	0.9150	n05058	n00688 n05255	1708		true
n01528	24	0.9150	n03960	n03647 n04502	213		true
n01529	21	0.9150	n04326	n02688 n03180	366		true
n01530	12	0.9150	n01266 n04130	n00170 n00983	1307		true
n01531	12	0.9150	n03425 n04768	n00171 n05227	2322		true
n01532	10	0.9150	n05298 n06130	n01416 n05437	119		true
n01533	10	0.9150	n04182	n00331 n05835	88		true
n01534	10	0.9150	n01734	n00920 n04228	49		true
n01535	10	0.9150	n00050	n00213 n02266	593		true
n01536	9	0.9150	n02204 n03066	n00468	368		true
n01537	9	0.9150	n02205 n03972 n06187	n00469	170		true
n01538	7	0.9150	n02165	n01519 n02520	160		true
n01539	7	0.9150	n03899	n01124	64		true
n01540	7	0.9150	n05019	n01754	37		true
n01541	7	0.9150	n00051		795		true
n01542	7	0.9150	n00958 n05598	n00489	116		true
n01543	7	0.9150	n03670	n01447 n02349	123		true
n01544	6	0.9150	n02860	n00671	106		true
n01545	6	0.9150	n03226 n04220		74		true
n01546	6	0.9150	n02291 n05583	n02463	2076		true
n01547	6	0.9150	n05486 n06185	n01794	186		true
n01548	6	0.9150	n05261 n05322		696		true
n01549	6	0.9150	n05053 n05323 n06135		322		true
n01550	6	0.9150	n00517 n03162		84		true
n01551	5	0.9150	n00616 n02672		196		true
n01552	5	0.9150	n01776 n02909		17		true
n01553	5	0.9150	n03272		69		true
n01554	5	0.9150	n04594 n04873 n05216		48		true
n01555	5	0.9150	n04386 n05119 n05729		50		true
n01556	5	0.9150	n04103		225		true
n01557	5	0.9150	n01330 n04835		129		true
n01558	4	0.9150	n02623		219		true
n01559	4	0.9150	n03572		320		true
n01560	4	0.9150	n02256 n05486		106		true
n01561	4	0.9150	n05647 n06162		1712		true
n01562	4	0.9150	n00444		301		true
n01563	4	0.9150	n01599		27		true
n01564	4	0.9150	n00428 n03914		390		true
n01565	4	0.9150	n04703		171		true
n01566	3	0.9150	n04265 n05278		13		true
n01567	3	0.9150	n02177 n04727		11		true
n01568	3	0.9150	n03488		75		true
n01569	3	0.9150	n02706 n06055		57		true
n01570	4	0.9146	n03354 n03628		25		true
n01571	4	0.9146	n00430		59		true
n01572	3	0.9146	n02092 n05099		27		true
n01573	4	0.9141	n02708		42		true
n01574	3	0.9141	n02374		16		true
n01575	3	0.9141	n03275 n05874		22		true
n01576	4	0.9138	n00545		3		true
n01577	4	0.9137	n03577 n04197		4		true
n01578	4	0.9137	n05874 n06019		28		true
n01579	3	0.9133	n00558		99		true
n01580	3	0.9124	n01479		29		true
n01581	87	0.9100	n03920	n05172 n05911	377		true
n01582	24	0.9100	n02979	n02472 n03268	54		true
n01583	25	0.9100	n04163 n06034	n02467 n05484	299		true
n01584	21	0.9100	n03695 n04998	n04967 n05487	635		true
n01585	19	0.9100	n03464	n02753	239		true
n01586	15	0.9100	n04175	n01355 n01961	55		true
n01587	16	0.9100	n02960 n05914	n04454	3190		true
n01588	12	0.9100	n04616	n00089	160		true
n01589	13	0.9100	n03678 n05396	n00611 n01854	363		true
n01590	10	0.9100	n03617	n00153	202		true
n01591	10	0.9100	n03219 n03571	n00320 n02149	147		true
n01592	10	0.9100	n04552	n04320	96		true
n01593	9	0.9100	n00416 n03886	n01716	128		true
n01594	8	0.9100	n02784	n00570	83		true
n01595	8	0.9100	n01957 n03129	n00761	800		true
n01596	7	0.9100	n03570	n01312	70		true
n01597	7	0.9100	n04142	n02231	446		true
n01598	7	0.9100	n02673 n06064	n01383	2591		true
n01599	7	0.9100	n03973	n01563	32		true
n01600	7	0.9100	n02876		3387		true
n01601	7	0.9100	n00875 n03376	n01631	55		true
n01602	6	0.9100	n02406 n04007		59		true
n01603	6	0.9100	n02614	n01913	28		true
n01604	6	0.9100	n02279 n03434		100		true
n01605	5	0.9100	n02394 n02810		58		true
n01606	5	0.9100	n01702 n06218		55		true
n01607	4	0.9100	n00322		137		true
n01608	4	0.9100	n02048 n03283 n04667		56		true
n01609	4	0.9100	n04282 n04509 n05885		49		true
n01610	4	0.9100	n02763 n04121 n04421		20		true
n01611	4	0.9100	n03138 n04746 n06085		273		true
n01612	4	0.9100	n03903 n04255 n05842		19		true
n01613	4	0.9100	n05132		69		true
n01614	4	0.9100	n02594 n04156 n05827		200		true
n01615	4	0.9100	n04105 n06024		208		true
n01616	3	0.9100	n02249 n03085 n03681		45		true
n01617	3	0.9100	n02441 n03880 n05784		1170		true
n01618	3	0.9100	n03875 n04736 n06198		661		true
n01619	3	0.9100	n02601 n03046 n04839		1039		true
n01620	3	0.9100	n03822 n05645		12		true
n01621	5	0.9095			28		true
n01622	5	0.9095	n00150		161		true
n01623	3	0.9095	n01422		140		true
n01624	3	0.9095	n02679 n02848 n04381		67		true
n01625	3	0.9091	n00811		43		true
n01626	3	0.9091	n01744 n03360 n04944		49		true
n01627	3	0.9091	n03883		140		true
n01628	3	0.9091	n01899 n03196 n03604 n05638		29		true
n01629	3	0.9085	n01058		57		true
n01630	3	0.9082	n01862		18		true
n01631	3	0.9076	n01601 n03083		26		true
n01632	3	0.9067	n01651		11		true
n01633	3	0.9062	n02817		139		true
n01634	27	0.9050	n03263	n01025 n05670	112		true
n01635	26	0.9050	n02960	n03467 n03736	72		true
n01636	20	0.9050	n03611 n04362 n05989	n01344 n03616	122		true
n01637	19	0.9050	n03989	n04018 n05567	99		true
n01638	16	0.9050	n02962 n03330 n05976	n02125 n04586	48		true
n01639	15	0.9050	n04907 n05606	n01784 n03868 n04015	193		true
n01640	14	0.9050	n02323 n03423	n00434 n04510	226		true
n01641	13	0.9050	n03155	n02624 n04319	457		true
n01642	12	0.9050	n04815	n01212 n04161	85		true
n01643	12	0.9050	n00009	n01210 n03517	110		true
n01644	11	0.9050	n01525	n02409 n02602	2410		true
n01645	10	0.9050	n04867	n00635	120		true
n01646	10	0.9050	n04286 n05934	n01153 n02816	314		true
n01647	10	0.9050	n01016	n01492 n01747	167		true
n01648	11	0.9050	n03677 n06129	n03764 n03883	243		true
n01649	8	0.9050	n01136	n01061	536		true
n01650	9	0.9050	n02613 n03433	n04157	246		true
n01651	7	0.9050	n01958 n03587	n01632	51		true
n01652	7	0.9050	n01819	n00499	135		true
n01653	7	0.9050	n05881		399		true
n01654	7	0.9050	n05905	n00656	35		true
n01655	7	0.9050	n03329	n00744	139		true
n01656	6	0.9050	n03133 n06109	n00760	31		true
n01657	6	0.9050	n03907	n01517	168		true
n01658	6	0.9050	n02129 n05154	n01719	261		true
n01659	6	0.9050	n00690 n04684		97		true
n01660	5	0.9050	n03313		78		true
n01661	5	0.9050	n04382 n05530		134		true
n01662	5	0.9050	n04683 n04985 n06210		124		true
n01663	3	0.9050	n01866		27		true
n01664	3	0.9050	n01864		47		true
n01665	3	0.9050	n01930 n05500		39		true
n01666	3	0.9050	n00204		19		true
n01667	3	0.9048	n01091		81		true
n01668	3	0.9045	n03054 n05433		62		true
n01669	3	0.9045	n02134 n02916		98		true
n01670	5	0.9040	n00537 n04346		225		true
n01671	3	0.9040	n03047		12		true
n01672	3	0.9040	n03688 n05536		17		true
n01673	3	0.9036	n02768 n03045 n03347 n03639		37		true
n01674	3	0.9031	n04106		105		true
n01675	3	0.9031	n01987 n05405		463		true
n01676	3	0.9026	n04945		121		true
n01677	3	0.9010	n03544		947		true
n01678	75	0.9000	n05719	n03009 n04935	1101		true
n01679	33	0.9000	n03827	n03019 n04814	627		true
n01680	27	0.9000	n05789	n04326 n05396	375		true
n01681	26	0.9000	n02775	n04213 n04963	204		true
n01682	26	0.9000	n02928	n05006 n05397	140		true
n01683	23	0.9000	n02896	n04553 n05735	292		true
n01684	20	0.9000	n05183	n01331 n04775	528		true
n01685	16	0.9000	n02660 n03894	n04136 n04462	1424		true
n01686	14	0.9000	n05566	n02248 n03049	150		true
n01687	13	0.9000	n05363 n05918	n03316 n03348 n05373	74		true
n01688	14	0.9000	n06162	n03544 n04231	2946		true
n01689	11	0.9000	n05000	n00649	65		true
n01690	12	0.9000	n05067 n06188	n03048 n05376	106		true
n01691	10	0.9000	n03241	n01294 n01870	266		true
n01692	10	0.9000	n00024	n00737 n01235	192		true
n01693	10	0.9000	n00028	n01748 n02259	593		true
n01694	9	0.9000	n00407	n00976 n02959	228		true
n01695	9	0.9000	n00277	n01168	114		true
n01696	10	0.9000	n02611 n05999	n03086 n03919	401		true
n01697	9	0.9000	n05977	n00596	128		true
n01698	8	0.9000	n03024 n06197	n00981	74		true
n01699	8	0.9000	n04414	n00214	25		true
n01700	8	0.9000	n03152 n04731	n00368	65		true
n01701	8	0.9000	n04236	n02108	96		true
n01702	8	0.9000	n02587	n01606 n02194	74		true
n01703	7	0.9000	n02861 n05205	n02143	727		true
n01704	7	0.9000	n02834		90		true
n01705	7	0.9000	n01270	n01454	63		true
n01706	8	0.9000	n00701	n01443	49		true
n01707	6	0.9000	n00288	n01718	114		true
n01708	6	0.9000	n02617	n01797 n02431	22		true
n01709	6	0.9000	n01335 n05884		81		true
n01710	5	0.9000	n03127		510		true
n01711	5	0.9000	n02882 n04188		458		true
n01712	5	0.9000	n03379		37		true
n01713	3	0.9000	n04373 n05810		62		true
n01714	3	0.9000	n01359 n05933		7		true
n01715	3	0.9000	n03118		13		true
n01716	3	0.9000	n01593 n03233 n03841		128		true
n01717	3	0.9000	n02921 n04836 n05367		40		true
n01718	3	0.8995	n01707 n04387		51		true
n01719	3	0.8995	n01658		105		true
n01720	3	0.8990	n03916 n05780		23		true
n01721	3	0.8990	n01788 n03725		37		true
n01722	3	0.8990	n01974 n05329		119		true
n01723	3	0.8985	n02178 n03799 n05722		72		true
n01724	3	0.8980	n02678 n04065		29		true
n01725	3	0.8980	n00565 n02888 n05275		102		true
n01726	3	0.8969	n00715 n03581		8		true
n01727	3	0.8969	n03257		30		true
n01728	3	0.8953	n04315		72		true
n01729	3	0.8953	n01424		40		true
n01730	25	0.8950	n04575	n02007 n04904	283		true
n01731	21	0.8950	n02635 n05237	n02043 n02077	174		true
n01732	20	0.8950	n03647	n02988 n03018	193		true
n01733	16	0.8950	n03648	n00527 n04048	210		true
n01734	16	0.8950	n05508	n01534 n02831	63		true
n01735	11	0.8950	n03498 n04971	n00537 n04346	225		true
n01736	12	0.8950	n03902 n04334	n04635 n05895	213		true
n01737	11	0.8950	n05066	n00147	207		true
n01738	11	0.8950	n00869	n00974	65		true
n01739	10	0.8950	n02614 n05469	n01283 n04748	48		true
n01740	9	0.8950	n02585 n06077	n00563	214		true
n01741	8	0.8950	n02553 n05573		3101		true
n01742	8	0.8950	n00071	n01755	110		true
n01743	7	0.8950	n05025		236		true
n01744	6	0.8950	n05316	n01626	1278		true
n01745	6	0.8950	n02934		43		true
n01746	5	0.8950	n01893 n04039		288		true
n01747	5	0.8950	n01647 n05697		141		true
n01748	5	0.8950	n01693 n01852 n04006		232		true
n01749	3	0.8950	n02841 n05424		16		true
n01750	3	0.8950	n02788 n02960 n03514 n05644		38		true
n01751	3	0.8950	n04269		12		true
n01752	5	0.8945	n02041		67		true
n01753	5	0.8945	n01954 n05630		171		true
n01754	3	0.8945	n01540 n05501		21		true
n01755	3	0.8945	n01742		36		true
n01756	3	0.8945	n02850 n04479		306		true
n01757	5	0.8939	n00130		19		true
n01758	3	0.8936	n00380 n03524		28		true
n01759	3	0.8934	n03930 n04298		9		true
n01760	3	0.8934	n01933 n02917		1215		true
n01761	3	0.8934	n03786 n05349		31		true
n01762	3	0.8929	n04228 n05908		23		true
n01763	3	0.8929	n02373 n05038		14		true
n01764	30	0.8900	n03092	n00119 n02962	162		true
n01765	26	0.8900	n05978	n02118 n04544	1612		true
n01766	20	0.8900	n05451 n05603	n02289 n02937	654		true
n01767	18	0.8900	n05562 n05918	n00417 n00908	202		true
n01768	17	0.8900	n01328	n01136 n05803	598		true
n01769	15	0.8900	n03699 n05610	n01347 n04673	380		true
n01770	12	0.8900	n05068	n00624 n00676	570		true
n01771	12	0.8900	n05745 n05862	n00610 n04469	320		true
n01772	11	0.8900	n03157	n00123	102		true
n01773	10	0.8900	n01137	n00984	125		true
n01774	10	0.8900	n03404	n00939 n00977	1352		true
n01775	9	0.8900	n01204	n00979	74		true
n01776	9	0.8900	n01202	n01552	49		true
n01777	9	0.8900	n05199	n00500	74		true
n01778	11	0.8900	n03309 n05140	n02341 n05540	2314		true
n01779	9	0.8900	n04703	n00562	66		true
n01780	8	0.8900	n03843		347		true
n01781	9	0.8900	n00013	n04527	93		true
n01782	8	0.8900	n01956		71		true
n01783	8	0.8900	n02511	n02422	111		true
n01784	7	0.8900	n01639 n04141	n02420	96		true
n01785	6	0.8900	n00536		528		true
n01786	6	0.8900	n04112 n04736 n04920		1704		true
n01787	6	0.8900	n02803 n03237 n05818	n01390	97		true
n01788	6	0.8900	n00789 n05751	n01721	53		true
n01789	6	0.8900	n00881		47		true
n01790	6	0.8900	n02581 n02665	n01128	124		true
n01791	5	0.8900	n02995 n06116		110		true
n01792	5	0.8900	n05461 n05888		50		true
n01793	3	0.8900	n03209 n04475		35		true
n01794	3	0.8900	n01547		111		true
n01795	3	0.8894	n03456 n05426 n05824		61		true
n01796	3	0.8889	n02410 n03174 n04900		192		true
n01797	3	0.8883	n01708 n03003		17		true
n01798	3	0.8883	n00728		17		true
n01799	3	0.8878	n00355 n02943		186		true
n01800	3	0.8866	n02651		217		true
n01801	1625	0.8850	n03886	n00002 n00185 n00754 n00817 n01083 n01086 n01131 n01360 n01858 n01884 n02000 n02041 n02558 n02651 n02694 n02800 n02847 n02870 n02876 n02908 n03077 n03113 n03176 n03216 n03256 n03329 n03337 n03380 n03406 n03436 n03475 n03477 n03483 n03556 n03588 n03605 n03632 n03640 n03644 n03685 n03728 n03762 n03850 n03852 n03943 n03965 n03974 n04089 n04108 n04124 n04181 n04196 n04197 n04201 n04207 n04227 n04254 n04290 n04305 n04342 n04354 n04361 n04386 n04403 n04428 n04498 n04511 n04517 n04523 n04573 n04579 n04596 n04610 n04666 n04695 n04723 n04772 n04831 n04832 n04856 n04864 n04887 n04888 n04946 n04972 n04985 n05025 n05029 n05030 n05086 n05092 n05098 n05151 n05157 n05163 n05241 n05308 n05330 n05342 n05371 n05393 n05394 n05409 n05472 n05483 n05527 n05545 n05546 n05556 n05578 n05580 n05589 n05593 n05610 n05632 n05639 n05640 n05650 n05651 n05672 n05739 n05742 n05753 n05777 n05779 n05815 n05819 n05859 n05861 n05876 n05890 n05995 n06000 n06006 n06017 n06018 n06047 n06049 n06075 n06089 n06090 n06091 n06097 n06126 n06196 n06201 n06210	8083		true
n01802	44	0.8850		n03844 n04335 n05057	569		true
n01803	36	0.8850	n02980	n03492 n04415 n05986	661		true
n01804	30	0.8850	n00402 n05113	n03079 n03893 n04137 n04368	677		true
n01805	25	0.8850	n00685 n03362	n03014 n03179 n04464	1099		true
n01806	23	0.8850	n04169 n05391 n05974	n02509 n04330	212		true
n01807	22	0.8850	n05920	n01812 n06115	258		true
n01808	22	0.8850	n03926	n02752 n05795	849		true
n01809	18	0.8850	n02778	n00071 n00455	209		true
n01810	18	0.8850	n02897 n06170	n03073 n03933	149		true
n01811	16	0.8850	n03153 n03988	n00530 n02978 n03410	233		true
n01812	16	0.8850	n01807	n03279 n03280 n03338	201		true
n01813	13	0.8850	n04722	n02554 n05282	142		true
n01814	15	0.8850	n04703	n00101 n04390 n05320	270		true
n01815	13	0.8850	n02748	n00160 n02055	55		true
n01816	13	0.8850	n02470	n05954	924		true
n01817	14	0.8850	n04131 n04539	n00114 n02452 n04461	1395		true
n01818	12	0.8850	n00021	n02014 n05036	39		true
n01819	11	0.8850	n04919	n01652 n06100	173		true
n01820	10	0.8850	n02548	n02973 n04801	703		true
n01821	10	0.8850	n00416 n03886	n00839 n03233	203		true
n01822	10	0.8850	n02581 n04449	n00358 n04312	100		true
n01823	9	0.8850	n02397 n05945	n00742	142		true
n01824	8	0.8850	n03021	n00391	3		true
n01825	8	0.8850	n03493 n04179 n04372 n05239	n01448	329		true
n01826	8	0.8850	n03408 n04815	n00774 n02319	95		true
n01827	8	0.8850	n04171	n01514	58		true
n01828	7	0.8850	n01340 n03741 n05455	n01944	479		true
n01829	7	0.8850	n05206		114		true
n01830	5	0.8850	n03276 n03506		57		true
n01831	5	0.8850	n03115 n03400		51		true
n01832	3	0.8850	n03282		39		true
n01833	3	0.8850	n04569		462		true
n01834	3	0.8850	n00812		17		true
n01835	3	0.8850	n02444 n02518 n05382		178		true
n01836	3	0.8850	n01868 n05592		61		true
n01837	6	0.8844	n00293		42		true
n01838	3	0.8844	n00306		129		true
n01839	3	0.8838	n02987 n05095		12		true
n01840	3	0.8838	n02770 n03716 n05042		456		true
n01841	3	0.8832	n02918		32		true
n01842	3	0.8832	n03455 n05637		120		true
n01843	3	0.8832	n01362		66		true
n01844	3	0.8827	n02135 n04377		10		true
n01845	3	0.8808	n01033 n04304		9		true
n01846	66	0.8800	n02360	n04654 n05107	801		true
n01847	12	0.8800	n00412	n00137	320		true
n01848	12	0.8800	n00604	n00117 n03791	976		true
n01849	12	0.8800	n00521	n00120 n01936	12		true
n01850	13	0.8800	n03615 n03960	n04632 n06084	45		true
n01851	11	0.8800	n03569	n00806 n02701	71		true
n01852	11	0.8800	n00028	n01067 n01748	363		true
n01853	11	0.8800	n02440	n04014	229		true
n01854	10	0.8800	n01589	n00350	363		true
n01855	12	0.8800	n02549	n02998	208		true
n01856	10	0.8800		n03719	164		true
n01857	8	0.8800	n00057	n02234	40		true
n01858	8	0.8800	n01801	n02304	389		true
n01859	7	0.8800	n04271 n04451	n00582	98		true
n01860	7	0.8800	n00063		71		true
n01861	7	0.8800	n00877 n03929		88		true
n01862	6	0.8800	n05696 n06181	n01630	82		true
n01863	6	0.8800	n00703	n01943	37		true
n01864	6	0.8800	n05018 n05806	n01664	54		true
n01865	6	0.8800	n01024 n02360 n04829		63		true
n01866	6	0.8800	n04515 n05396	n01663	77		true
n01867	6	0.8800	n00692	n00849	257		true
n01868	6	0.8800	n04496 n05887	n01836	98		true
n01869	5	0.8800	n04473		287		true
n01870	3	0.8800	n01691 n02596		109		true
n01871	3	0.8794	n03632 n03685 n03762		55		true
n01872	3	0.8794	n04527		10		true
n01873	3	0.8794	n03157 n04883		33		true
n01874	3	0.8794	n03008		96		true
n01875	3	0.8788	n02893 n05893		314		true
n01876	3	0.8788	n02767 n03260		377		true
n01877	3	0.8788	n03235		42		true
n01878	3	0.8782	n01214 n01506		56		true
n01879	3	0.8776	n03251		7		true
n01880	3	0.8756	n00313		20		true
n01881	3	0.8756	n02413		12		true
n01882	46	0.8750	n03091	n01082 n05290	1800		true
n01883	29	0.8750	n04488	n03364 n05187	1079		true
n01884	24	0.8750	n01801	n01183 n04206	179		true
n01885	19	0.8750	n03499	n00029	441		true
n01886	16	0.8750	n02924 n04408 n05464	n02603 n04466 n05689	1868		true
n01887	16	0.8750	n04283	n02697 n05047 n05203	241		true
n01888	12	0.8750	n02935 n04178	n04304 n04308	77		true
n01889	11	0.8750	n04852 n06119	n00536	727		true
n01890	10	0.8750	n04721	n00623 n03054	250		true
n01891	11	0.8750	n01332 n02545	n00453 n05264	114		true
n01892	10	0.8750	n02880	n04436	69		true
n01893	9	0.8750	n03266	n01746	554		true
n01894	9	0.8750	n04215 n04450	n00360 n01298	139		true
n01895	9	0.8750	n01333	n02015 n02412	56		true
n01896	10	0.8750	n03975	n00463 n05049	166		true
n01897	8	0.8750	n00697 n02170	n01486	98		true
n01898	8	0.8750	n03862 n04371	n00646	237		true
n01899	8	0.8750	n01341 n04294	n01628	140		true
n01900	7	0.8750	n02000 n02694		132		true
n01901	6	0.8750	n04040	n01125	367		true
n01902	6	0.8750	n04578	n01057	123		true
n01903	6	0.8750	n02718 n05034	n02534	385		true
n01904	5	0.8750	n01017 n05401		112		true
n01905	5	0.8750	n05492		152		true
n01906	3	0.8750	n03879 n04863 n05096		1126		true
n01907	3	0.8750	n02341 n06216		186		true
n01908	3	0.8750	n03199 n04836 n05048		16		true
n01909	3	0.8750	n02565 n05030		55		true
n01910	3	0.8744	n03550 n05222		36		true
n01911	3	0.8744	n02836		29		true
n01912	3	0.8743	n00201		16		true
n01913	3	0.8737	n01603 n04748 n05380		17		true
n01914	3	0.8724	n02371 n06226		18		true
n01915	3	0.8724	n00358 n04312 n05102		71		true
n01916	3	0.8708	n00802		1		true
n01917	3	0.8701	n00629		198		true
n01918	25	0.8700	n03769 n04026	n02397 n03468	221		true
n01919	25	0.8700	n00686	n00029 n00880	445		true
n01920	20	0.8700	n00405	n01346 n03776	357		true
n01921	18	0.8700	n04438	n03241 n03996	296		true
n01922	17	0.8700	n01267 n04855	n02549 n05959	269		true
n01923	14	0.8700	n03216	n02805 n03281 n04307	293		true
n01924	12	0.8700	n03018	n00617 n05550	98		true
n01925	11	0.8700	n03125 n04455	n01423 n02706	221		true
n01926	9	0.8700	n05253 n06185	n01227	420		true
n01927	9	0.8700	n04551	n00732	102		true
n01928	8	0.8700	n00529	n02271	27		true
n01929	8	0.8700	n00066	n00507	104		true
n01930	8	0.8700	n03071	n01665	144		true
n01931	7	0.8700	n05869	n02068	146		true
n01932	7	0.8700	n05760	n00754	151		true
n01933	7	0.8700	n03078	n01760	1872		true
n01934	6	0.8700	n03749	n02386	302		true
n01935	5	0.8700	n03471 n04879		126		true
n01936	3	0.8700	n01849 n04416 n04743		3		true
n01937	3	0.8700	n02787 n02816		166		true
n01938	7	0.8693	n01088	n02098	77		true
n01939	3	0.8693	n02557 n02599		19		true
n01940	3	0.8693	n02337 n03412 n05761		111		true
n01941	3	0.8693	n03050 n04088		45		true
n01942	3	0.8687	n00804		41		true
n01943	3	0.8680	n01863 n04544		16		true
n01944	3	0.8673	n01029 n01828 n05653		384		true
n01945	3	0.8662	n00109 n05776		125		true
n01946	3	0.8660	n02913 n05336 n05878		28		true
n01947	3	0.8660	n00455		13		true
n01948	3	0.8660	n00471		20		true
n01949	3	0.8653	n01419 n05336		25		true
n01950	105	0.8650	n05552	n02796 n05346 n06106	841		true
n01951	27	0.8650	n00004	n03190 n03674 n04452	848		true
n01952	22	0.8650	n04360	n01335 n04406	244		true
n01953	18	0.8650	n03035	n00694 n05144	120		true
n01954	15	0.8650	n02541	n00084 n01753	204		true
n01955	14	0.8650	n05739	n00063	84		true
n01956	13	0.8650	n00779	n01782 n05533	197		true
n01957	13	0.8650	n00408	n01595 n04937	823		true
n01958	12	0.8650	n03994	n01651 n04247	113		true
n01959	11	0.8650	n04081	n00437	160		true
n01960	12	0.8650	n03429	n04347 n06023	164		true
n01961	11	0.8650	n01586 n05621	n01216 n03350	54		true
n01962	9	0.8650	n04216 n04909	n00220	122		true
n01963	10	0.8650	n02991 n03971	n04315	115		true
n01964	8	0.8650	n02758	n00914	28		true
n01965	8	0.8650	n04864	n00926	79		true
n01966	7	0.8650	n03246	n00775	19		true
n01967	7	0.8650	n05867 n05910	n01241	23		true
n01968	7	0.8650	n04412 n04457	n02071	116		true
n01969	7	0.8650	n03243	n01991	1027		true
n01970	6	0.8650	n03497 n04830		36		true
n01971	6	0.8650	n04927 n06059	n00861	37		true
n01972	6	0.8650	n05376	n00257	60		true
n01973	6	0.8650	n01411	n02383	1065		true
n01974	6	0.8650	n00436 n02785 n03315	n01722	190		true
n01975	5	0.8650	n02960		19		true
n01976	5	0.8650	n03371		24		true
n01977	5	0.8650	n05890		77		true
n01978	3	0.8650	n03311		13		true
n01979	3	0.8650	n02915 n04379 n04933		44		true
n01980	3	0.8650	n04193		405		true
n01981	3	0.8650	n04157		16		true
n01982	3	0.8650	n02519 n04740		42		true
n01983	3	0.8650	n05280 n05381 n05679		27		true
n01984	3	0.8650	n03291 n05073 n05157		56		true
n01985	3	0.8650	n02948 n05101		302		true
n01986	6	0.8643	n06092		24		true
n01987	6	0.8643	n03109 n03135 n05201	n01675	463		true
n01988	3	0.8636	n02091 n05265		342		true
n01989	3	0.8636	n00148		178		true
n01990	3	0.8629	n05045		239		true
n01991	3	0.8629	n01969 n02086		487		true
n01992	3	0.8622	n00807 n02604		322		true
n01993	3	0.8615	n02053		9		true
n01994	41	0.8600	n06034	n04405 n06041	427		true
n01995	36	0.8600	n03207	n00602	318		true
n01996	32	0.8600	n06162	n02321 n04203	642		true
n01997	31	0.8600	n03057	n00299 n05982	166		true
n01998	24	0.8600	n06043	n00033 n00435	352		true
n01999	21	0.8600	n05346 n06106	n02614 n05469	111		true
n02000	17	0.8600	n01801	n01900 n03970	180		true
n02001	17	0.8600	n05670	n00276 n04585	91		true
n02002	16	0.8600	n04443	n00082 n00734	696		true
n02003	14	0.8600	n05746	n02589 n03851 n06026	177		true
n02004	12	0.8600	n03468 n06057	n00099	120		true
n02005	12	0.8600	n00692	n00612 n03284	290		true
n02006	11	0.8600	n02986 n05305	n05324	160		true
n02007	10	0.8600	n01730	n00454	191		true
n02008	9	0.8600	n00048	n00180	11		true
n02009	9	0.8600	n05306	n04532	185		true
n02010	9	0.8600	n01331 n02716 n04775	n02974	443		true
n02011	8	0.8600	n03075 n05577	n00367	1760		true
n02012	7	0.8600	n03473	n01253	154		true
n02013	7	0.8600		n01303	95		true
n02014	6	0.8600	n01818		15		true
n02015	6	0.8600	n01895 n04588		25		true
n02016	6	0.8600	n02753 n04459		22		true
n02017	6	0.8600	n05258		65		true
n02018	5	0.8600	n02371 n04561		425		true
n02019	5	0.8600	n04057 n04633		1161		true
n02020	3	0.8600	n04146 n06151		11		true
n02021	3	0.8600	n02621		70		true
n02022	3	0.8600	n03232		27		true
n02023	3	0.8600	n02339		28		true
n02024	3	0.8600	n02953 n03080 n04044		17		true
n02025	3	0.8600	n03653 n06153		153		true
n02026	3	0.8594	n05103		29		true
n02027	5	0.8593	n03978		18		true
n02028	3	0.8593	n02674 n05538		139		true
n02029	3	0.8593	n00197 n03675		700		true
n02030	3	0.8586	n00696		72		true
n02031	3	0.8586	n00189		21		true
n02032	3	0.8586	n04231		1216		true
n02033	3	0.8579	n00557		19		true
n02034	3	0.8571	n00564		139		true
n02035	3	0.8554	n00341		45		true
n02036	28	0.8550	n02115	n04080 n04613	329		true
n02037	24	0.8550	n03962 n04755	n02124 n04816 n05120	150		true
n02038	19	0.8550	n04811 n05668	n02395 n02646	282		true
n02039	17	0.8550	n06033	n00035 n04513	328		true
n02040	15	0.8550	n04544	n02552 n02666 n05024	1612		true
n02041	14	0.8550	n01801	n00965 n01752 n03750	226		true
n02042	12	0.8550	n03100	n00107	215		true
n02043	13	0.8550	n01731 n03568	n01095 n03853	174		true
n02044	11	0.8550	n02324 n04612	n00131 n04886	197		true
n02045	9	0.8550	n00031	n02658	19		true
n02046	8	0.8550	n04042 n04554	n00841	230		true
n02047	8	0.8550	n04541		1325		true
n02048	7	0.8550	n04619	n01608	63		true
n02049	7	0.8550	n03310 n05972		300		true
n02050	7	0.8550	n04983	n01311 n02310	103		true
n02051	6	0.8550	n01338 n05083		92		true
n02052	6	0.8550	n03934	n02183	850		true
n02053	6	0.8550	n05744	n01993	37		true
n02054	6	0.8550	n00441	n02538	105		true
n02055	6	0.8550	n01815 n05347	n00940	42		true
n02056	6	0.8550	n02210 n05941		27		true
n02057	6	0.8550	n06212	n00851	98		true
n02058	5	0.8550	n03538 n03602		330		true
n02059	5	0.8550	n02993 n05642		108		true
n02060	3	0.8550	n00970 n05542		77		true
n02061	3	0.8550	n00975 n05084		20		true
n02062	3	0.8550	n00463 n03793 n05049		14		true
n02063	3	0.8550	n04570 n05207		19		true
n02064	3	0.8550	n04129 n05334		11		true
n02065	5	0.8543	n00885 n04586		24		true
n02066	3	0.8543	n02261 n04469		51		true
n02067	3	0.8543	n02561 n03818 n05511		57		true
n02068	3	0.8543	n01931 n03986		43		true
n02069	3	0.8528	n02847		40		true
n02070	3	0.8513	n04018 n04796		68		true
n02071	3	0.8513	n01968 n03724		26		true
n02072	31	0.8500	n00685	n02437 n03014	1148		true
n02073	23	0.8500	n04487 n05982	n02471 n05688	166		true
n02074	17	0.8500	n05991	n00062 n00668	73		true
n02075	18	0.8500	n00689	n01096 n03182 n05497	230		true
n02076	15	0.8500	n02931	n00528 n05574	355		true
n02077	14	0.8500	n01731 n05294	n00122 n03853	87		true
n02078	13	0.8500	n04859	n00166 n00752	62		true
n02079	13	0.8500	n00414	n03541 n04682 n05716	541		true
n02080	11	0.8500	n02754	n00141 n04952	214		true
n02081	10	0.8500	n00038	n02708	43		true
n02082	10	0.8500	n02661 n03403 n04442	n01091	82		true
n02083	10	0.8500	n03743	n01281	680		true
n02084	8	0.8500	n02511	n01237	47		true
n02085	9	0.8500	n04000	n03417	56		true
n02086	8	0.8500	n03243 n04176	n01991 n02632	487		true
n02087	9	0.8500	n02800	n03234 n03559	181		true
n02088	7	0.8500	n03432 n04623	n01062	136		true
n02089	7	0.8500	n03539	n01305	94		true
n02090	7	0.8500	n03737 n06007 n06162		54		true
n02091	6	0.8500	n03111 n04096	n01988 n02457	342		true
n02092	6	0.8500	n02669 n03318	n01572	54		true
n02093	3	0.8500	n03005		16		true
n02094	3	0.8500	n02296 n03874		14		true
n02095	3	0.8500	n04703		98		true
n02096	3	0.8500	n02627 n03629		100		true
n02097	3	0.8500	n02818 n05289 n06137		81		true
n02098	3	0.8497	n00808 n01938		46		true
n02099	3	0.8495	n03798 n04063		7		true
n02100	6	0.8492	n03187	n00947	237		true
n02101	3	0.8492	n02845 n02912		50		true
n02102	3	0.8492	n02517		25		true
n02103	3	0.8492	n05650		99		true
n02104	3	0.8492	n02267		11		true
n02105	3	0.8492	n04952 n05051		31		true
n02106	3	0.8492	n02137		94		true
n02107	3	0.8491	n00504		33		true
n02108	3	0.8485	n01701 n05802		25		true
n02109	3	0.8485	n03722 n05331		30		true
n02110	3	0.8477	n02260		34		true
n02111	3	0.8469	n01483 n03356		138		true
n02112	3	0.8469	n03851 n06026		49		true
n02113	3	0.8457	n00126		14		true
n02114	75	0.8450	n05786 n06032	n03010 n03058 n05897	3219		true
n02115	30	0.8450	n05114	n02036	335		true
n02116	33	0.8450	n02982	n03560 n05453	359		true
n02117	28	0.8450	n03492	n03753 n03860 n04521	386		true
n02118	24	0.8450	n01765	n02666 n05524 n06015	479		true
n02119	20	0.8450	n03360 n05506	n03625 n04350 n05066	232		true
n02120	17	0.8450	n01013	n03598 n03781	154		true
n02121	16	0.8450	n02161	n01405 n04868	781		true
n02122	14	0.8450	n04818	n00541 n03905	335		true
n02123	13	0.8450	n04033	n02366 n03004	126		true
n02124	13	0.8450	n02037	n03947 n05038	68		true
n02125	11	0.8450	n01638 n05930	n00885	38		true
n02126	10	0.8450	n04278	n00809	159		true
n02127	9	0.8450	n06162	n00475	202		true
n02128	9	0.8450	n02507 n04541	n01282	220		true
n02129	9	0.8450	n03590	n01658	308		true
n02130	9	0.8450	n05080	n05551	75		true
n02131	7	0.8450	n03401 n04669	n00917	64		true
n02132	7	0.8450	n05872	n00655	174		true
n02133	7	0.8450	n03862 n04676	n01299	395		true
n02134	6	0.8450	n05321 n05582	n01669	127		true
n02135	6	0.8450	n03070 n05992	n01844	84		true
n02136	6	0.8450	n06128		171		true
n02137	6	0.8450	n02558 n04832	n02106	139		true
n02138	5	0.8450	n03431		82		true
n02139	5	0.8450	n03943 n04864		164		true
n02140	5	0.8450	n03430 n04060 n06076		3750		true
n02141	5	0.8450	n03412 n04417		109		true
n02142	3	0.8450	n03091		59		true
n02143	3	0.8450	n01703 n03603 n04270 n05894		215		true
n02144	3	0.8450	n03385 n05995		40		true
n02145	3	0.8442	n04189 n05533		59		true
n02146	3	0.8442	n04251 n05600		16		true
n02147	3	0.8442	n03281 n05899		185		true
n02148	5	0.8434	n00300		38		true
n02149	3	0.8434	n01591 n03552 n04600		117		true
n02150	3	0.8427	n02411 n02649		41		true
n02151	5	0.8426	n04876 n05881		185		true
n02152	5	0.8426	n02726		33		true
n02153	3	0.8426	n01279		151		true
n02154	3	0.8424	n04673 n05223		60		true
n02155	3	0.8418	n03141 n04642 n04680		34		true
n02156	3	0.8403	n01283 n04748		15		true
n02157	3	0.8402	n04501 n05625		63		true
n02158	69	0.8400	n04271	n02709 n02898	583		true
n02159	29	0.8400	n00003	n03734 n03989	113		true
n02160	27	0.8400	n03609	n03334 n03613	346		true
n02161	21	0.8400	n06162	n02121 n04144	785		true
n02162	19	0.8400	n04032 n04163	n00054 n03253	274		true
n02163	16	0.8400	n06162	n00277 n06073	171		true
n02164	17	0.8400	n02609 n03964	n02737 n04768	3375		true
n02165	15	0.8400	n04439	n01538 n02942	185		true
n02166	14	0.8400	n03422 n04284	n00425 n02833	164		true
n02167	14	0.8400	n01329	n00632 n05872	213		true
n02168	15	0.8400	n06052	n03599 n04381	999		true
n02169	14	0.8400	n04282	n00871 n04339	593		true
n02170	11	0.8400	n00520	n01897 n04313	104		true
n02171	9	0.8400	n04456 n05245 n05677	n01038 n02272	200		true
n02172	10	0.8400	n03593	n01364 n03557	112		true
n02173	8	0.8400	n00788	n00992	184		true
n02174	8	0.8400	n00035	n00577	188		true
n02175	9	0.8400	n00877	n03825	159		true
n02176	7	0.8400	n03843		91		true
n02177	6	0.8400	n02362	n01567	35		true
n02178	6	0.8400	n00790 n04513	n01723	194		true
n02179	5	0.8400	n02697 n05203		29		true
n02180	5	0.8400	n04789		606		true
n02181	3	0.8400	n03496 n04102 n05340		15		true
n02182	3	0.8400	n05160 n05253 n05329		25		true
n02183	3	0.8400	n02052 n04008		110		true
n02184	6	0.8392	n00694 n05144	n00943	45		true
n02185	5	0.8392	n02763 n05115		49		true
n02186	3	0.8392	n04649 n05375 n05633		22		true
n02187	3	0.8392	n02263		127		true
n02188	3	0.8392	n02792		1026		true
n02189	3	0.8384	n01420 n03891		33		true
n02190	3	0.8376	n01361 n03052		16		true
n02191	3	0.8376	n00192 n04433		11		true
n02192	3	0.8376	n00146		29		true
n02193	3	0.8376	n01474		256		true
n02194	3	0.8376	n01702 n03197		28		true
n02195	3	0.8371	n02657		7		true
n02196	3	0.8367	n02650 n03638		72		true
n02197	49	0.8350	n05233	n03668 n04564 n05021	1010		true
n02198	44	0.8350	n04895	n03297 n04817	133		true
n02199	27	0.8350	n04232	n03587 n03994	151		true
n02200	21	0.8350	n01267	n02549 n03810 n04668	229		true
n02201	16	0.8350	n05917 n06046	n02399 n05696	105		true
n02202	15	0.8350	n02747	n00310 n00549	408		true
n02203	14	0.8350	n01015 n02854	n01468 n02906	220		true
n02204	13	0.8350	n00017 n04719	n01536	368		true
n02205	14	0.8350	n00519	n00946 n01537	170		true
n02206	12	0.8350	n05931	n00111	94		true
n02207	11	0.8350	n03371	n01351 n04314	645		true
n02208	11	0.8350	n03308 n03618	n01053 n04434	332		true
n02209	11	0.8350	n06176	n04073 n05710	310		true
n02210	10	0.8350	n02277 n04546	n02056 n04648	56		true
n02211	9	0.8350	n04777	n00566	2172		true
n02212	10	0.8350	n03507 n03997	n02730	1546		true
n02213	9	0.8350	n06075 n06126	n00204	47		true
n02214	8	0.8350	n04443	n00734	87		true
n02215	8	0.8350	n03435	n00223	27		true
n02216	7	0.8350	n00411 n04337	n01366	19		true
n02217	7	0.8350	n04931 n05142		94		true
n02218	7	0.8350	n02757 n05404 n05482 n05685		85		true
n02219	7	0.8350	n03744		48		true
n02220	7	0.8350	n00797	n00385	183		true
n02221	6	0.8350	n06162		91		true
n02222	5	0.8350	n05155		273		true
n02223	5	0.8350	n04252 n05451 n06094		76		true
n02224	5	0.8350	n04001		79		true
n02225	5	0.8350	n05330 n05546		80		true
n02226	3	0.8350	n01155 n03374		19		true
n02227	3	0.8350	n02815 n03634 n03783		18		true
n02228	3	0.8350	n03878 n05224		54		true
n02229	3	0.8342	n00531		12		true
n02230	3	0.8342	n02728 n04954		50		true
n02231	3	0.8342	n01597 n05162		261		true
n02232	3	0.8342	n02369 n04929		642		true
n02233	3	0.8342	n02920 n05046		31		true
n02234	3	0.8333	n01857		22		true
n02235	3	0.8333	n02395 n02646		38		true
n02236	5	0.8325	n01402		14		true
n02237	3	0.8316	n01279		36		true
n02238	3	0.8308	n04109		43		true
n02239	83	0.8300	n03091	n04024 n05114	2652		true
n02240	43	0.8300	n03693	n02653 n04004 n05178 n05663	1833		true
n02241	34	0.8300	n03091	n02715 n03464	335		true
n02242	24	0.8300	n01397	n04122 n05293 n05925	148		true
n02243	20	0.8300	n03299 n05347	n02585 n04721	452		true
n02244	17	0.8300	n03061 n05611	n00041	36		true
n02245	12	0.8300	n05006	n01207 n02252	78		true
n02246	12	0.8300	n06125	n01277	131		true
n02247	12	0.8300	n04234	n00826 n06011	274		true
n02248	12	0.8300	n01686	n03114 n03255	133		true
n02249	11	0.8300	n05476 n05730	n01616 n05168	187		true
n02250	11	0.8300	n03732 n05406	n01098 n02729	180		true
n02251	10	0.8300	n04912 n05366	n01243	636		true
n02252	9	0.8300	n02245	n01071 n01295	40		true
n02253	7	0.8300	n00698		17		true
n02254	7	0.8300	n04703	n00837	285		true
n02255	7	0.8300	n01344	n00374	66		true
n02256	7	0.8300	n01345	n01560	173		true
n02257	7	0.8300	n02546 n03160		97		true
n02258	7	0.8300	n05256	n01318	117		true
n02259	7	0.8300	n01693		593		true
n02260	6	0.8300	n03221 n03684	n02110	48		true
n02261	7	0.8300	n00610	n02066	320		true
n02262	5	0.8300	n01025		23		true
n02263	6	0.8300	n03137	n02187	264		true
n02264	5	0.8300	n02702 n05770		970		true
n02265	5	0.8300	n04669 n05860		113		true
n02266	3	0.8300	n01535 n04992		542		true
n02267	6	0.8291	n00433	n02104	61		true
n02268	3	0.8291	n05023 n05277		161		true
n02269	3	0.8291	n02866 n04888		91		true
n02270	3	0.8290	n00091		8		true
n02271	3	0.8274	n01928 n02622		26		true
n02272	3	0.8274	n02171		196		true
n02273	3	0.8272	n00354		535		true
n02274	3	0.8265	n04841		36		true
n02275	3	0.8265	n00977		646		true
n02276	3	0.8254	n00138		13		true
n02277	35	0.8250	n02686	n02210 n03769	273		true
n02278	34	0.8250	n02634	n02807 n05853	483		true
n02279	21	0.8250	n04404	n01604 n02285 n05516	193		true
n02280	21	0.8250	n02744 n06162	n00416 n02353	335		true
n02281	18	0.8250	n02779	n00419 n04218	270		true
n02282	15	0.8250	n04328 n05297	n00046	224		true
n02283	15	0.8250	n02853	n00424	470		true
n02284	16	0.8250	n00270	n00303 n01031 n05266	25		true
n02285	14	0.8250	n02279 n05465	n01465 n04957	113		true
n02286	14	0.8250	n03091 n03333	n00875 n03376	70		true
n02287	14	0.8250	n00013	n00098 n06082	213		true
n02288	13	0.8250	n03038 n03370	n00436 n02785	206		true
n02289	13	0.8250	n01766 n06124	n02696 n03319	654		true
n02290	12	0.8250	n03016 n05192	n02647 n04393	224		true
n02291	9	0.8250	n04549 n05190	n01546	2229		true
n02292	10	0.8250	n05012 n06193	n02519 n04740 n05970	219		true
n02293	8	0.8250	n04979 n05194	n00824	279		true
n02294	7	0.8250	n04628 n05458		96		true
n02295	7	0.8250	n02477		123		true
n02296	8	0.8250	n04674 n06081	n02094 n03490	49		true
n02297	7	0.8250	n00083 n05314	n00490	289		true
n02298	7	0.8250	n04978 n06046	n01387	89		true
n02299	7	0.8250	n01206	n01320	331		true
n02300	6	0.8250	n06162		44		true
n02301	6	0.8250	n03872	n02352	361		true
n02302	6	0.8250	n05350 n05493 n05662	n02462	824		true
n02303	5	0.8250	n04051		80		true
n02304	5	0.8250	n01858		371		true
n02305	3	0.8250	n02695 n05521		27		true
n02306	3	0.8250	n03245 n04390		87		true
n02307	3	0.8250	n03388 n04425		47		true
n02308	3	0.8250	n04602 n05529		129		true
n02309	3	0.8250	n04477 n05215		1413		true
n02310	3	0.8250	n02050 n04530		103		true
n02311	3	0.8241	n02593 n05314 n05700		21		true
n02312	3	0.8241	n03440 n04802		43		true
n02313	3	0.8241	n00663 n05167		88		true
n02314	3	0.8241	n03605 n05157 n06000		11		true
n02315	3	0.8238	n00143		8		true
n02316	3	0.8238	n00456		253		true
n02317	3	0.8229	n03083		30		true
n02318	5	0.8223	n00138		294		true
n02319	3	0.8220	n01826 n04194		44		true
n02320	3	0.8205	n01285 n05697		45		true
n02321	28	0.8200	n01996	n00687	642		true
n02322	26	0.8200	n03585	n00517 n04715	380		true
n02323	21	0.8200	n04117	n01640 n05802	229		true
n02324	16	0.8200	n00409	n02044	197		true
n02325	14	0.8200	n04331	n03433	265		true
n02326	14	0.8200	n04129 n06106	n03683	130		true
n02327	13	0.8200	n03463	n01155 n03374	226		true
n02328	12	0.8200	n02877 n05923	n00133	190		true
n02329	12	0.8200	n04819	n00906 n02839	221		true
n02330	12	0.8200	n00276	n00168 n01502	82		true
n02331	12	0.8200	n02508	n05425 n05903	522		true
n02332	9	0.8200	n03184 n04047	n00632	167		true
n02333	9	0.8200	n03095 n04405	n00855 n01170	41		true
n02334	11	0.8200	n03406 n03705	n03721 n04270 n05894	714		true
n02335	8	0.8200	n03103	n00934	129		true
n02336	8	0.8200	n04703	n00575	256		true
n02337	7	0.8200	n04670	n01940	210		true
n02338	7	0.8200	n00049	n01509	180		true
n02339	7	0.8200	n00700	n02023	35		true
n02340	6	0.8200	n00102		484		true
n02341	6	0.8200	n01778	n01907	1772		true
n02342	5	0.8200	n04209		39		true
n02343	5	0.8200	n04448 n04732		78		true
n02344	3	0.8200	n04021 n04791		95		true
n02345	3	0.8200	n03704 n04987 n06155		116		true
n02346	3	0.8200	n03294 n04946		26		true
n02347	3	0.8200	n02719 n03032 n05276		450		true
n02348	3	0.8200	n01156		94		true
n02349	3	0.8196	n01543		123		true
n02350	6	0.8191	n00294	n00772	13		true
n02351	5	0.8191	n00022		100		true
n02352	3	0.8191	n02301 n04185 n04426 n05149		222		true
n02353	3	0.8191	n02280 n03635		110		true
n02354	3	0.8191	n00116		28		true
n02355	3	0.8187	n01286 n04383		204		true
n02356	3	0.8182	n00140		167		true
n02357	3	0.8173	n00343		14		true
n02358	3	0.8173	n05811		18		true
n02359	3	0.8171	n00126 n03951		96		true
n02360	72	0.8150	n03205	n01846 n01865 n04910	801		true
n02361	18	0.8150	n03832 n05119	n00791 n01182	163		true
n02362	13	0.8150	n05663	n00319 n02177	84		true
n02363	12	0.8150	n02747	n00310 n01316	635		true
n02364	12	0.8150	n03363	n01037	34		true
n02365	11	0.8150	n04860	n00328	600		true
n02366	8	0.8150	n02123	n00393	79		true
n02367	8	0.8150	n04027	n00574	636		true
n02368	9	0.8150	n04775 n04872	n02974	528		true
n02369	8	0.8150	n06079	n01171 n02232	692		true
n02370	7	0.8150	n03532 n06055	n00918	38		true
n02371	8	0.8150	n04144	n01914 n02018	430		true
n02372	7	0.8150	n04589	n01117	43		true
n02373	6	0.8150	n03947	n01763	42		true
n02374	6	0.8150	n00086	n01574	50		true
n02375	6	0.8150	n03317		59		true
n02376	6	0.8150	n02695 n06211	n02532	172		true
n02377	5	0.8150	n04771 n05543		63		true
n02378	5	0.8150	n05683		108		true
n02379	5	0.8150	n04341 n04463 n05478		42		true
n02380	3	0.8150	n02680 n05529		220		true
n02381	3	0.8150	n04761 n05895		25		true
n02382	3	0.8150	n04887		1146		true
n02383	3	0.8144	n01973		537		true
n02384	3	0.8141	n03165 n04981 n05649		29		true
n02385	3	0.8141	n02846 n03119		85		true
n02386	3	0.8141	n01934 n04953		43		true
n02387	3	0.8135	n05551		33		true
n02388	3	0.8122	n04071 n04943		10		true
n02389	90	0.8100	n00683	n03418 n04751	1220		true
n02390	22	0.8100	n06031	n01087 n04088	261		true
n02391	21	0.8100	n05395	n00027	459		true
n02392	21	0.8100	n05118	n01470 n03426	76		true
n02393	19	0.8100	n03365	n04913	211		true
n02394	17	0.8100	n01201	n01142 n01605	546		true
n02395	14	0.8100	n02038	n02235 n03074	201		true
n02396	13	0.8100	n00691	n01286 n04383	325		true
n02397	14	0.8100	n01918 n05747	n01823 n03165	162		true
n02398	12	0.8100	n00001 n03645	n00121 n00935	64		true
n02399	12	0.8100	n02201	n00161	93		true
n02400	13	0.8100	n03396	n00963 n04149	78		true
n02401	10	0.8100	n04135	n00903 n04388	87		true
n02402	10	0.8100	n03619 n04821	n00633	409		true
n02403	11	0.8100	n02508	n02598 n05903	404		true
n02404	10	0.8100	n03697 n04500	n00464	225		true
n02405	9	0.8100	n02464	n00460	44		true
n02406	9	0.8100	n03337	n01602	74		true
n02407	9	0.8100	n04729		707		true
n02408	7	0.8100	n03311 n03834	n01122	298		true
n02409	8	0.8100	n01644	n01489	2298		true
n02410	7	0.8100	n05973	n01796	192		true
n02411	6	0.8100	n02591 n04046	n02150	109		true
n02412	6	0.8100	n01895		43		true
n02413	6	0.8100	n00293	n01881	62		true
n02414	6	0.8100	n04508 n05145	n02494	226		true
n02415	6	0.8100	n03945 n05589		128		true
n02416	5	0.8100	n05025		139		true
n02417	5	0.8100	n00538		28		true
n02418	3	0.8100	n04260		2		true
n02419	3	0.8100	n03006 n06010		84		true
n02420	3	0.8100	n01784 n04015		89		true
n02421	3	0.8100	n05967		10		true
n02422	3	0.8100	n01783 n05384		74		true
n02423	3	0.8095	n00456		404		true
n02424	3	0.8093	n00128		277		true
n02425	5	0.8090	n02995		227		true
n02426	3	0.8090	n02781 n04019 n04795 n05228		191		true
n02427	3	0.8081	n03453 n05047		19		true
n02428	3	0.8081	n03086		315		true
n02429	3	0.8073	n03637		11		true
n02430	3	0.8071	n03051 n03328		86		true
n02431	3	0.8061	n01708 n02954		12		true
n02432	3	0.8061	n00971		445		true
n02433	3	0.8051	n03514 n04619		24		true
n02434	3	0.8051	n04313		7		true
n02435	50	0.8050	n05286	n00404 n01079 n03212	381		true
n02436	27	0.8050	n04324	n02931 n04182	363		true
n02437	26	0.8050	n02072	n00016 n03164	443		true
n02438	25	0.8050	n04163 n06034	n02467 n05484	299		true
n02439	20	0.8050	n01079 n03212	n03183 n03215	165		true
n02440	20	0.8050	n03833 n04115	n01853 n04374	457		true
n02441	12	0.8050	n06162	n00347 n01617	2555		true
n02442	12	0.8050	n01016	n01285 n05697	267		true
n02443	12	0.8050	n02745	n00978 n03456 n05824	531		true
n02444	9	0.8050	n03646 n04136 n05133	n00634 n01835	604		true
n02445	7	0.8050	n02760 n04874 n05575	n01432	47		true
n02446	8	0.8050	n04219	n00988	289		true
n02447	7	0.8050	n05997 n06199		108		true
n02448	6	0.8050	n00060	n01516	534		true
n02449	5	0.8050	n01343		39		true
n02450	5	0.8050	n00435		44		true
n02451	5	0.8050	n02562 n05541		82		true
n02452	5	0.8050	n01817 n05267		96		true
n02453	3	0.8050	n04644 n05915		6		true
n02454	3	0.8050	n03819 n04158 n04797		18		true
n02455	3	0.8050	n02956 n03820		87		true
n02456	3	0.8041	n04525		1		true
n02457	3	0.8041	n02091 n02811 n04107		188		true
n02458	8	0.8040	n00073	n00680	58		true
n02459	3	0.8040	n03751 n03877		43		true
n02460	3	0.8040	n04009 n05272 n06161		147		true
n02461	3	0.8040	n03813		450		true
n02462	3	0.8040	n02302 n05335		824		true
n02463	3	0.8010	n01546		1219		true
n02464	63	0.8000	n04805	n01076 n02405 n05336 n05463 n06173	231		true
n02465	23	0.8000	n03727	n00690 n04580 n04684	231		true
n02466	22	0.8000	n03831	n00873 n04582	137		true
n02467	22	0.8000	n01583 n02438	n03429 n04310 n04581	299		true
n02468	17	0.8000	n04852	n03909 n04135 n04587	250		true
n02469	17	0.8000	n02502 n04119	n04637 n05247	48		true
n02470	17	0.8000	n04329 n05841	n01816 n02992 n05094	1222		true
n02471	16	0.8000	n02073	n00532 n03384	166		true
n02472	13	0.8000	n01582 n05126	n00287 n02912	54		true
n02473	14	0.8000	n05619	n00538 n05043 n05379	316		true
n02474	12	0.8000	n02746	n00309 n01445	79		true
n02475	10	0.8000	n02547 n03218	n00159	52		true
n02476	10	0.8000	n03965	n00547 n04893	364		true
n02477	12	0.8000	n01403	n01147 n02295	385		true
n02478	9	0.8000	n03592 n05569	n00478	369		true
n02479	11	0.8000	n03742	n03027 n04885	163		true
n02480	9	0.8000	n05198 n06068	n00564	185		true
n02481	7	0.8000	n00046		97		true
n02482	7	0.8000	n04936	n02523	77		true
n02483	6	0.8000	n02719		673		true
n02484	5	0.8000	n04445		185		true
n02485	5	0.8000	n03276 n05957 n06078		88		true
n02486	5	0.8000	n03100 n03513		58		true
n02487	5	0.8000	n00104		310		true
n02488	5	0.8000	n00282 n03317		51		true
n02489	3	0.8000	n04070		31		true
n02490	3	0.8000	n00297 n06030		136		true
n02491	3	0.8000	n02600 n03478		14		true
n02492	3	0.8000	n03438 n04950		257		true
n02493	3	0.7990	n05431		28		true
n02494	3	0.7990	n02414 n04418		186		true
n02495	3	0.7990	n03489 n03983 n04737		108		true
n02496	3	0.7990	n03135 n05285		209		true
n02497	3	0.7980	n01032		204		true
n02498	3	0.7980	n01355 n03350		13		true
n02499	3	0.7979	n03682 n04148		12		true
n02500	3	0.7970	n02970		18		true
n02501	39	0.7950	n03694	n02987 n05849	612		true
n02502	34	0.7950	n02895	n01332 n02469	139		true
n02503	31	0.7950	n02578	n03462 n03673	2016		true
n02504	23	0.7950	n01077	n00017 n04719	627		true
n02505	17	0.7950	n01328	n01136 n06065	605		true
n02506	17	0.7950	n04166 n06173	n02901 n05477	78		true
n02507	14	0.7950	n06182	n02128 n03808	220		true
n02508	15	0.7950	n04074 n06060	n02331 n02403	582		true
n02509	13	0.7950	n01806 n04964	n02559 n02944	122		true
n02510	11	0.7950	n04287	n00967 n04636	125		true
n02511	13	0.7950	n00785	n01783 n02084	138		true
n02512	9	0.7950	n04502	n00923 n01008	160		true
n02513	9	0.7950	n03406	n01172	65		true
n02514	9	0.7950	n03935 n04458	n00765	282		true
n02515	7	0.7950	n05938 n06162		81		true
n02516	7	0.7950	n03536 n04783		372		true
n02517	6	0.7950	n03814 n04816 n05038	n02102	37		true
n02518	6	0.7950	n04462	n01835	198		true
n02519	6	0.7950	n02292	n01982	168		true
n02520	3	0.7950	n01538		69		true
n02521	3	0.7950	n04532		23		true
n02522	3	0.7950	n04885 n05041		22		true
n02523	3	0.7950	n02482 n06216		20		true
n02524	3	0.7950	n03357 n05422		23		true
n02525	3	0.7950	n02680 n04604		223		true
n02526	3	0.7949	n05147		95		true
n02527	3	0.7940	n03458 n03663 n04217		1709		true
n02528	3	0.7940	n03454 n04702 n06004		20		true
n02529	3	0.7940	n02553		174		true
n02530	3	0.7940	n03917 n05490		47		true
n02531	3	0.7938	n04694		29		true
n02532	3	0.7938	n02376		36		true
n02533	3	0.7929	n03759 n03795		31		true
n02534	3	0.7929	n01903		355		true
n02535	3	0.7929	n03293		115		true
n02536	3	0.7926	n01361 n03379		72		true
n02537	3	0.7908	n00706 n05139		35		true
n02538	3	0.7906	n02054		68		true
n02539	3	0.7903	n00142		31		true
n02540	56	0.7900	n05840	n03399 n03595 n04167	743		true
n02541	26	0.7900	n01526	n01954 n05185	232		true
n02542	24	0.7900	n02870 n04403 n05393	n03570 n05796	235		true
n02543	19	0.7900	n04492	n03240 n03740	109		true
n02544	16	0.7900	n05351	n00279 n02794	708		true
n02545	16	0.7900	n06058	n01891 n03845 n04355	168		true
n02546	14	0.7900	n02608 n03861	n02257 n03512	97		true
n02547	16	0.7900		n02475 n03634 n03783 n03937	92		true
n02548	13	0.7900	n03959	n01820 n02619	710		true
n02549	15	0.7900	n01922 n02200	n01855 n05082	221		true
n02550	13	0.7900	n03038	n00436 n03315	191		true
n02551	11	0.7900	n06186	n00124	62		true
n02552	11	0.7900	n02040	n03717 n04059	1612		true
n02553	11	0.7900	n04965	n01741 n02529	3101		true
n02554	10	0.7900	n01813	n00321 n04482	56		true
n02555	10	0.7900	n03398 n05116	n01476 n03051	112		true
n02556	10	0.7900	n04574	n00971	2265		true
n02557	9	0.7900	n01463 n04441	n00895 n01939	48		true
n02558	9	0.7900	n01801	n02137	145		true
n02559	8	0.7900	n02509 n04330 n04870	n01039	56		true
n02560	9	0.7900	n04855	n01042 n01072	151		true
n02561	8	0.7900	n03698 n04555	n01441 n02067	612		true
n02562	9	0.7900	n04671	n02451 n04803	87		true
n02563	7	0.7900	n05877 n06067	n00229	45		true
n02564	7	0.7900	n04703	n00937	63		true
n02565	7	0.7900	n03436	n01909	90		true
n02566	6	0.7900	n03631		232		true
n02567	5	0.7900	n05994		46		true
n02568	5	0.7900	n00302		97		true
n02569	5	0.7900	n03787 n04576 n05489		73		true
n02570	3	0.7900	n05094 n05954		34		true
n02571	3	0.7900	n04740 n05822 n05970		74		true
n02572	3	0.7900	n03852 n05163		35		true
n02573	3	0.7900	n04697		94		true
n02574	7	0.7889	n00077		137		true
n02575	7	0.7889	n01337	n01189	217		true
n02576	5	0.7889	n01022		94		true
n02577	42	0.7850	n00779	n00684	595		true
n02578	38	0.7850	n06037	n02503 n04168	2126		true
n02579	31	0.7850	n03856	n04235 n04577	219		true
n02580	19	0.7850	n05723 n06172	n05364 n06125	140		true
n02581	18	0.7850	n00406	n01790 n01822 n05102	210		true
n02582	15	0.7850	n03773 n04495	n00130 n06027	46		true
n02583	15	0.7850	n04280	n01204 n06219	139		true
n02584	15	0.7850	n04858 n06162	n01464 n04154	274		true
n02585	13	0.7850	n02243	n01740 n04630	271		true
n02586	12	0.7850	n00411	n04483	43		true
n02587	11	0.7850	n03779	n01702	88		true
n02588	10	0.7850	n04040 n04445	n01032 n05040	553		true
n02589	10	0.7850	n02003 n05857	n01036	146		true
n02590	9	0.7850	n03616 n05805	n00477	67		true
n02591	10	0.7850	n04371 n05071	n02411 n02649	200		true
n02592	9	0.7850	n03904 n04043	n00576 n00936	191		true
n02593	8	0.7850	n00415	n01256 n02311	113		true
n02594	8	0.7850	n03509 n06132	n01614	226		true
n02595	8	0.7850		n01429	46		true
n02596	7	0.7850	n03241 n03996	n01870	194		true
n02597	7	0.7850	n00606		71		true
n02598	7	0.7850	n02403	n01368	323		true
n02599	6	0.7850	n01463 n05424 n05810	n01939	55		true
n02600	6	0.7850	n04122 n04341 n05478 n05925	n02491	30		true
n02601	6	0.7850	n04677 n04965 n06085	n01619	2146		true
n02602	6	0.7850	n01644 n04363		1269		true
n02603	6	0.7850	n01886		1863		true
n02604	6	0.7850	n03543	n01992	325		true
n02605	5	0.7828	n03310		81		true
n02606	42	0.7800	n05555	n00526 n01012	934		true
n02607	34	0.7800	n03209	n02929 n04728	663		true
n02608	24	0.7800	n03889	n00293 n02546	135		true
n02609	24	0.7800	n05004	n02164 n03425	3423		true
n02610	16	0.7800	n04197	n00278 n04562	163		true
n02611	15	0.7800	n04703	n01696 n04841	417		true
n02612	12	0.7800	n03421	n00135 n05093	139		true
n02613	12	0.7800	n04331 n04373	n01650 n02841	258		true
n02614	12	0.7800	n01999	n01603 n01739	48		true
n02615	12	0.7800	n03703	n00362 n02977 n04072	765		true
n02616	9	0.7800	n05608	n00193	227		true
n02617	9	0.7800	n03373 n05683	n01708	26		true
n02618	8	0.7800	n03892	n00644	87		true
n02619	8	0.7800	n02548		36		true
n02620	8	0.7800	n05875	n01488	157		true
n02621	7	0.7800	n05260	n02021	152		true
n02622	7	0.7800	n00529	n02271	33		true
n02623	7	0.7800	n03774 n03905	n01558	315		true
n02624	7	0.7800	n01641	n00924	176		true
n02625	6	0.7800	n02940		35		true
n02626	6	0.7800	n04617 n05763	n01304	32		true
n02627	6	0.7800	n04703	n02096	121		true
n02628	6	0.7800	n03439 n05923		48		true
n02629	5	0.7800	n04703		101		true
n02630	5	0.7800	n05682		440		true
n02631	5	0.7800	n03886 n04519		528		true
n02632	5	0.7789	n02086 n05822		264		true
n02633	63	0.7750	n04960	n02763 n04075 n04121	934		true
n02634	38	0.7750	n04074	n02278 n03703	972		true
n02635	27	0.7750	n03610	n01731 n05294	174		true
n02636	23	0.7750	n02853	n03932 n05148	459		true
n02637	19	0.7750	n04710	n05301	1590		true
n02638	16	0.7750	n03422	n00425 n01250	178		true
n02639	14	0.7750	n00271	n02904	533		true
n02640	12	0.7750	n04717	n00548 n04155	158		true
n02641	12	0.7750	n03701 n05509	n00308 n04993	265		true
n02642	11	0.7750	n02988	n03414 n05434	179		true
n02643	10	0.7750	n02960	n00359	72		true
n02644	9	0.7750	n04446	n00743	70		true
n02645	8	0.7750	n02829	n01190 n05166	828		true
n02646	8	0.7750	n02038 n04444	n02235	192		true
n02647	8	0.7750	n02290 n05076	n00741	200		true
n02648	8	0.7750	n04134	n00578	162		true
n02649	7	0.7750	n02591 n04676 n05865	n01299 n02150	146		true
n02650	7	0.7750	n02903	n02196	95		true
n02651	9	0.7750	n01801	n01800 n03235	645		true
n02652	5	0.7750	n04063		24		true
n02653	5	0.7750	n02240		339		true
n02654	5	0.7750	n06162		328		true
n02655	5	0.7750	n00431 n05947		74		true
n02656	5	0.7750	n04772 n05086		31		true
n02657	6	0.7742	n00090	n02195	10		true
n02658	5	0.7739	n00698 n02045		19		true
n02659	44	0.7700	n05231 n05232	n00044 n01526	277		true
n02660	32	0.7700	n04705	n01685 n05060	1641		true
n02661	13	0.7700	n03734 n05567	n02082 n05170	96		true
n02662	14	0.7700	n02743	n00439 n03230	457		true
n02663	13	0.7700	n01081 n03469 n05737	n00294	29		true
n02664	16	0.7700	n06162	n03593 n04184 n05631	147		true
n02665	11	0.7700	n04661	n01790 n02813	178		true
n02666	11	0.7700	n02040 n02118	n03717	345		true
n02667	11	0.7700		n00169 n06101	650		true
n02668	10	0.7700	n04703 n04767	n00543	98		true
n02669	10	0.7700	n04857 n06122	n02092	110		true
n02670	10	0.7700	n02941 n03214	n04435	240		true
n02671	8	0.7700	n01338	n01312	92		true
n02672	8	0.7700	n00871	n01551	451		true
n02673	10	0.7700	n06076	n01598	4364		true
n02674	8	0.7700	n01083	n02028	182		true
n02675	8	0.7700	n03944	n01365	1938		true
n02676	8	0.7700	n03996	n01501	174		true
n02677	7	0.7700	n03076	n01505	317		true
n02678	6	0.7700	n02967 n04923	n01724	85		true
n02679	6	0.7700	n03599	n01624	82		true
n02680	7	0.7700	n02886 n05960	n02380 n02525	389		true
n02681	5	0.7700	n02755 n03718		131		true
n02682	5	0.7700	n00965		137		true
n02683	6	0.7688	n00108		328		true
n02684	6	0.7688	n00294 n05867		23		true
n02685	259	0.7650	n02960	n02851 n05286	1962		true
n02686	41	0.7650	n04484	n02277 n04026	283		true
n02687	36	0.7650	n02821	n01133 n03238 n03956	91		true
n02688	18	0.7650	n01529	n02858 n05306	366		true
n02689	14	0.7650	n04848	n00080 n04786	191		true
n02690	16	0.7650	n01332	n00973 n03845 n05264	113		true
n02691	13	0.7650		n00305	567		true
n02692	13	0.7650	n05794	n03247 n05836	393		true
n02693	13	0.7650	n02899 n04548	n01409 n03454 n04940	79		true
n02694	11	0.7650	n01801	n01900 n02868	138		true
n02695	11	0.7650	n04358	n02305 n02376	214		true
n02696	9	0.7650	n02289	n00932	390		true
n02697	10	0.7650	n01887 n06001	n02179 n03453	39		true
n02698	10	0.7650	n04378	n04422	121		true
n02699	8	0.7650	n03128 n05069	n01062	165		true
n02700	8	0.7650	n05929	n00643	148		true
n02701	8	0.7650	n01851 n05070	n01002	69		true
n02702	8	0.7650	n05318 n05988	n01246 n02264	970		true
n02703	7	0.7650	n04050 n05305	n01105	115		true
n02704	6	0.7650	n05194 n05662		47		true
n02705	6	0.7650	n04465 n04982	n01120	274		true
n02706	6	0.7650	n01925 n04986	n01569	218		true
n02707	6	0.7641	n00079		41		true
n02708	7	0.7638	n02081	n01573	42		true
n02709	50	0.7600	n02158	n03735 n04365 n04609 n05135	473		true
n02710	25	0.7600	n03091	n01268 n04795	612		true
n02711	14	0.7600	n00013	n00098 n04527	213		true
n02712	13	0.7600	n06164	n00086	62		true
n02713	15	0.7600	n05672	n00148 n03293	457		true
n02714	12	0.7600	n04495	n00130	30		true
n02715	12	0.7600	n02241	n00329 n00589	146		true
n02716	12	0.7600	n05183	n02010	443		true
n02717	12	0.7600	n05248	n04253 n04516	361		true
n02718	13	0.7600	n03066	n00468 n01903	625		true
n02719	11	0.7600	n03017	n02347 n02483	689		true
n02720	10	0.7600	n00411	n00709	77		true
n02721	10	0.7600	n06006 n06049	n00716	272		true
n02722	10	0.7600		n00336	571		true
n02723	9	0.7600	n03068	n00641	72		true
n02724	9	0.7600	n03591	n00628	118		true
n02725	10	0.7600	n00874	n00730 n01178	2670		true
n02726	9	0.7600	n02960	n02152 n03416	54		true
n02727	7	0.7600	n05481 n05509	n01493	167		true
n02728	8	0.7600	n04145	n01054 n02230	243		true
n02729	7	0.7600	n02250 n05413	n01497	177		true
n02730	7	0.7600	n02212 n03227	n00492	1546		true
n02731	6	0.7600	n05022		138		true
n02732	6	0.7600	n03105		53		true
n02733	6	0.7600	n06073		131		true
n02734	6	0.7600	n00065 n03546	n00996	362		true
n02735	6	0.7600	n04505 n04618		96		true
n02736	6	0.7600	n05687		82		true
n02737	6	0.7600	n02164 n02994	n01378	3187		true
n02738	7	0.7588	n03904	n00936	184		true
n02739	40	0.7550	n03607	n00879 n03524	416		true
n02740	37	0.7550	n04650	n02823 n05560	174		true
n02741	36	0.7550	n05343	n04539 n05924	1467		true
n02742	32	0.7550	n03608 n06162	n01265 n04675	1056		true
n02743	26	0.7550	n04750	n02662 n03831	497		true
n02744	25	0.7550	n05850	n02280 n03635	375		true
n02745	25	0.7550	n04325	n02443 n03677 n04773	599		true
n02746	21	0.7550	n05987	n00302 n02474	217		true
n02747	19	0.7550	n04900	n02202 n02363	646		true
n02748	19	0.7550	n01200	n01815 n04333	55		true
n02749	19	0.7550	n03091	n02938 n04496	486		true
n02750	18	0.7550	n03896 n04077	n02856 n03742	237		true
n02751	17	0.7550	n00006	n00388 n01205	112		true
n02752	17	0.7550	n01808 n04171	n03373 n03508	825		true
n02753	16	0.7550	n01585	n00796 n02016	239		true
n02754	14	0.7550	n02960	n02080 n03710	214		true
n02755	13	0.7550	n00410	n00124 n02681	138		true
n02756	14	0.7550	n00273	n00382 n01479	185		true
n02757	12	0.7550	n03838	n02218 n03873	201		true
n02758	11	0.7550	n02960	n01964 n03000	52		true
n02759	13	0.7550	n01203	n01145 n05600	207		true
n02760	10	0.7550	n04453 n05010	n02445 n06153	185		true
n02761	9	0.7550	n02831	n00814 n05908	40		true
n02762	9	0.7550	n03401	n00917	247		true
n02763	9	0.7550	n02633	n01610 n02185	63		true
n02764	8	0.7550	n03091	n01229	1065		true
n02765	7	0.7550	n05319	n01434	61		true
n02766	7	0.7550	n04726 n05535	n01452	61		true
n02767	8	0.7550	n00872	n01876	377		true
n02768	7	0.7550	n04631 n05020	n01673	55		true
n02769	6	0.7550	n04332	n01248	1205		true
n02770	6	0.7550	n04928	n01840	589		true
n02771	5	0.7550	n02910 n05587		19		true
n02772	5	0.7550	n04288		32		true
n02773	5	0.7550	n00544		322		true
n02774	47	0.7500	n06162	n02981 n04896	616		true
n02775	31	0.7500	n04486 n05915	n00938 n01681	204		true
n02776	26	0.7500	n06110	n03465 n04220	305		true
n02777	25	0.7500	n04168	n03673 n06195	2126		true
n02778	23	0.7500	n03298	n01097 n01809	228		true
n02779	24	0.7500	n04401	n02281 n03836 n05544	771		true
n02780	12	0.7500		n00801 n03982	1128		true
n02781	13	0.7500	n03567	n00315 n02426	538		true
n02782	11	0.7500	n00030	n00154	11		true
n02783	11	0.7500	n04211	n00140	786		true
n02784	12	0.7500		n01594 n04475	111		true
n02785	10	0.7500	n02288	n01974 n05329	201		true
n02786	9	0.7500	n06118	n00465	193		true
n02787	9	0.7500	n04044 n04286	n00843 n01937	229		true
n02788	9	0.7500		n01750	747		true
n02789	8	0.7500	n05312		78		true
n02790	7	0.7500	n04912	n01244	63		true
n02791	7	0.7500	n03375	n01177	30		true
n02792	6	0.7500	n04010 n04567	n02188	1030		true
n02793	5	0.7500	n04703		81		true
n02794	5	0.7500	n02544		98		true
n02795	6	0.7487	n03535	n01071	37		true
n02796	91	0.7450	n01950	n03205 n03409 n05958	831		true
n02797	46	0.7450	n04112	n03992 n04987 n05365 n05852	1785		true
n02798	35	0.7450	n06162	n04540 n05984	797		true
n02799	28	0.7450	n05176	n04739 n04902	211		true
n02800	15	0.7450	n01801	n02087 n04109	189		true
n02801	13	0.7450	n05114	n01276 n03752	238		true
n02802	13	0.7450	n00025	n00100 n04017 n04385	347		true
n02803	11	0.7450	n04271	n01289 n01787	165		true
n02804	11	0.7450	n03020 n03704	n01478	223		true
n02805	11	0.7450	n01923	n01290	166		true
n02806	9	0.7450	n00279	n00998	697		true
n02807	8	0.7450	n02278 n03703	n00362	128		true
n02808	9	0.7450	n03935 n05370	n05713	337		true
n02809	8	0.7450	n01142		271		true
n02810	8	0.7450	n01201	n01605	68		true
n02811	7	0.7450	n04096	n02457	325		true
n02812	7	0.7450	n04301 n04730 n06134	n00927	251		true
n02813	7	0.7450	n02665 n04449	n01512	90		true
n02814	6	0.7450	n00439		77		true
n02815	6	0.7450	n04299 n05339	n02227	41		true
n02816	6	0.7450	n01646	n01937	314		true
n02817	6	0.7437	n00791	n01633	141		true
n02818	160	0.7400		n02097 n03176 n04284 n04608 n05837	1889		true
n02819	129	0.7400	n05785	n01198 n04597 n05441	1716		true
n02820	101	0.7400	n00000	n01264 n04030	357		true
n02821	63	0.7400	n05910	n00005 n02687	134		true
n02822	53	0.7400	n04607 n05172	n02961 n04815	242		true
n02823	34	0.7400	n02740 n04356	n05456 n05665	160		true
n02824	19	0.7400	n01080	n00422 n00972	126		true
n02825	15	0.7400	n01526	n00115 n04747	55		true
n02826	13	0.7400	n04198 n05359	n00540 n04644	604		true
n02827	12	0.7400	n04285	n01022	108		true
n02828	12	0.7400	n05106	n01412 n03326	93		true
n02829	13	0.7400	n00414	n02645 n04682	920		true
n02830	14	0.7400	n03493 n05239 n05514	n03480 n05634	857		true
n02831	13	0.7400	n01734	n02761 n04228	59		true
n02832	11	0.7400	n04618 n04915	n01150 n04688	214		true
n02833	11	0.7400	n02166	n00704	164		true
n02834	10	0.7400	n03804 n05525	n01044 n01704	99		true
n02835	10	0.7400	n01139	n01220	167		true
n02836	10	0.7400	n03213 n04728	n01911 n03910	118		true
n02837	9	0.7400	n04615 n04716	n00183	70		true
n02838	10	0.7400	n04084	n04994	425		true
n02839	9	0.7400	n02329	n00346 n00857	181		true
n02840	9	0.7400	n00274	n01179	3184		true
n02841	8	0.7400	n02613	n01749	57		true
n02842	8	0.7400	n00605	n00751	127		true
n02843	8	0.7400	n05405	n01302	137		true
n02844	8	0.7400	n03159	n00829	334		true
n02845	7	0.7400	n05126 n06168	n02101	225		true
n02846	7	0.7400	n01020	n02385	85		true
n02847	8	0.7400	n01801	n02069 n04111	213		true
n02848	6	0.7400	n03599	n01624	988		true
n02849	5	0.7400	n01148		154		true
n02850	6	0.7387	n05494 n05814	n01756	478		true
n02851	235	0.7350	n02685	n01079 n03212 n03692 n03920 n04567 n05027 n05627 n05714	1585		true
n02852	26	0.7350	n05446	n00006 n03614	133		true
n02853	26	0.7350	n06109	n02283 n02636	479		true
n02854	20	0.7350	n06162	n02203 n05994	238		true
n02855	18	0.7350	n00012	n00048 n03981	40		true
n02856	14	0.7350	n02750	n03027 n05142	222		true
n02857	15	0.7350	n05011	n03488 n04091	239		true
n02858	13	0.7350	n02688 n03180	n00611 n03654	363		true
n02859	12	0.7350	n05988	n00619	266		true
n02860	11	0.7350	n03015 n05925	n01544 n03202	106		true
n02861	10	0.7350	n03676 n05742 n05750	n01703 n03142	729		true
n02862	13	0.7350	n00418	n04646 n05646 n05699	299		true
n02863	10	0.7350	n03155	n04067	743		true
n02864	8	0.7350	n03162	n00365	94		true
n02865	9	0.7350	n05144	n00943 n05967	41		true
n02866	7	0.7350	n05578	n02269	351		true
n02867	6	0.7350	n05811 n06204		41		true
n02868	5	0.7350	n02694 n03970		54		true
n02869	5	0.7350	n05032		249		true
n02870	54	0.7300	n01801	n01078 n01398 n02542	535		true
n02871	37	0.7300	n04572	n03420 n04755	461		true
n02872	20	0.7300	n04573	n00275 n05693	625		true
n02873	19	0.7300	n05287 n06162	n00413	70		true
n02874	19	0.7300		n00021 n04288	61		true
n02875	18	0.7300	n05180	n00032 n05401	365		true
n02876	17	0.7300	n01801	n01600 n04777	4228		true
n02877	18	0.7300	n05613	n02328 n03439	244		true
n02878	16	0.7300	n00269	n03104	145		true
n02879	15	0.7300	n00781	n03088 n05317	969		true
n02880	13	0.7300	n00011	n00962 n01892	69		true
n02881	12	0.7300	n03886 n04916	n00096 n04565	752		true
n02882	10	0.7300	n06162	n01314 n01711	469		true
n02883	9	0.7300	n03738 n04335	n00725	146		true
n02884	10	0.7300	n04550	n03760	392		true
n02885	9	0.7300	n05308	n01230 n01396	64		true
n02886	11	0.7300	n05851	n02680	605		true
n02887	8	0.7300	n04208 n04622	n01242	233		true
n02888	8	0.7300	n03938	n01725	264		true
n02889	7	0.7300	n03091 n05312		88		true
n02890	7	0.7300	n03209	n01441	612		true
n02891	6	0.7300	n00074	n01193	46		true
n02892	6	0.7300	n06087		597		true
n02893	6	0.7300	n03785 n06067	n01875	393		true
n02894	5	0.7300	n03622		71		true
n02895	39	0.7250	n04703	n02502 n03672	253		true
n02896	25	0.7250	n03525 n04756	n01421 n01683	776		true
n02897	21	0.7250	n03963	n01810 n04674	200		true
n02898	19	0.7250	n02158	n00520	128		true
n02899	20	0.7250	n04904	n02693 n05014	200		true
n02900	13	0.7250	n03927 n06055	n00150 n00918	162		true
n02901	12	0.7250	n02506	n00975 n05084	61		true
n02902	13	0.7250	n03262	n03872 n05149	899		true
n02903	13	0.7250	n05675	n00879 n02650	179		true
n02904	10	0.7250	n02639	n00486 n00676	284		true
n02905	9	0.7250	n03504	n00897	132		true
n02906	9	0.7250	n02203	n01220	171		true
n02907	10	0.7250	n05074	n03321 n04699	57		true
n02908	8	0.7250	n01801 n04608	n00212	118		true
n02909	9	0.7250	n01202	n01552	60		true
n02910	8	0.7250	n03428	n02771	27		true
n02911	8	0.7250	n05808	n00384 n01056	1088		true
n02912	8	0.7250	n02472	n01324 n02101	50		true
n02913	7	0.7250	n04054 n04623	n01062 n01946	54		true
n02914	7	0.7250	n04547		113		true
n02915	7	0.7250	n05720	n01979	946		true
n02916	7	0.7250	n05321	n01669	186		true
n02917	7	0.7250	n03078 n04678 n06119	n01760	1679		true
n02918	6	0.7250	n00610	n01841	294		true
n02919	6	0.7250	n03467		36		true
n02920	6	0.7250	n05151	n02233	843		true
n02921	6	0.7250	n03091	n01717	66		true
n02922	7	0.7236	n00110		224		true
n02923	5	0.7208	n00115		20		true
n02924	179	0.7200	n04959	n00064 n00683 n01886	2449		true
n02925	73	0.7200	n04649	n03206	542		true
n02926	46	0.7200	n01076	n03778 n04166	180		true
n02927	42	0.7200	n03418	n03959 n05176	726		true
n02928	30	0.7200	n06168	n01682 n05616	298		true
n02929	31	0.7200	n02607	n03696 n03698	657		true
n02930	30	0.7200	n03092	n00119 n02962	162		true
n02931	20	0.7200	n02436	n02076 n04038	355		true
n02932	16	0.7200	n04364 n05926	n01345 n05486	376		true
n02933	17	0.7200	n05602	n00626 n00888	274		true
n02934	16	0.7200	n03178	n01745 n04500	242		true
n02935	16	0.7200	n05006 n05397	n01888 n03535	92		true
n02936	16	0.7200	n03369 n05125 n05790	n03023 n03222	104		true
n02937	16	0.7200	n01766	n00164 n03319 n05528	651		true
n02938	15	0.7200	n02749	n00281 n05592	398		true
n02939	14	0.7200		n00060	552		true
n02940	13	0.7200	n03267 n03895	n02625 n04053	87		true
n02941	13	0.7200	n03893 n04368	n02670 n06136 n06221	246		true
n02942	12	0.7200	n02165	n00177 n05658	185		true
n02943	11	0.7200	n00419	n00316 n01799	199		true
n02944	10	0.7200	n02509	n01039 n01296	115		true
n02945	11	0.7200	n03768 n05526	n00985 n01420	207		true
n02946	10	0.7200	n04703 n04999	n00573	539		true
n02947	10	0.7200	n05753	n00172	84		true
n02948	9	0.7200	n06162	n00347 n01985	2374		true
n02949	8	0.7200	n04295	n00592	242		true
n02950	7	0.7200	n03224	n00750	61		true
n02951	7	0.7200	n05580	n01449	406		true
n02952	7	0.7200	n06209	n00595	48		true
n02953	6	0.7200	n04271	n02024	37		true
n02954	6	0.7200	n03373 n03508 n05372	n02431	25		true
n02955	6	0.7200	n06131		78		true
n02956	6	0.7200	n03274 n03277	n02455	522		true
n02957	6	0.7200	n05617	n01314	39		true
n02958	5	0.7200	n03563 n05690		73		true
n02959	5	0.7150	n01694		49		true
n02960	2200	0.7150	n04703	n00026 n00274 n00356 n00401 n00413 n00433 n00473 n00516 n00715 n00731 n00783 n00840 n00951 n01099 n01150 n01399 n01504 n01587 n01635 n01750 n01975 n02643 n02685 n02726 n02754 n02758 n02966 n02997 n03044 n03072 n03120 n03121 n03146 n03159 n03192 n03223 n03249 n03263 n03335 n03363 n03523 n03670 n03765 n03830 n03906 n03922 n03991 n04032 n04069 n04079 n04086 n04087 n04099 n04115 n04193 n04199 n04216 n04298 n04316 n04370 n04382 n04408 n04447 n04456 n04563 n04619 n04667 n04744 n04791 n04792 n04793 n04799 n04811 n04812 n04833 n04873 n04898 n04909 n04955 n04959 n04973 n05000 n05005 n05018 n05090 n05110 n05111 n05145 n05147 n05156 n05174 n05216 n05252 n05283 n05284 n05347 n05363 n05380 n05415 n05464 n05473 n05474 n05505 n05523 n05596 n05605 n05620 n05624 n05682 n05724 n05731 n05806 n05842 n05858 n05863 n05896 n05944 n05949 n05950 n05965 n05977 n05997 n06031 n06104 n06152 n06154 n06199 n06213 n06215	9236		true
n02961	40	0.7150	n02822	n03408 n03610	210		true
n02962	20	0.7150	n01764 n02930 n04758	n01638 n05930	93		true
n02963	17	0.7150	n04202 n04717	n00548 n06128	273		true
n02964	13	0.7150	n03270	n00534 n05708	1801		true
n02965	13	0.7150	n05470	n00970 n04343	1787		true
n02966	12	0.7150	n02960	n03811	1099		true
n02967	10	0.7150	n04913	n02678 n03661	93		true
n02968	8	0.7150	n01204	n00979	77		true
n02969	7	0.7150	n05532 n06162		102		true
n02970	7	0.7150	n00061	n02500	140		true
n02971	7	0.7150	n06162	n01056	961		true
n02972	7	0.7150	n04911 n06008		977		true
n02973	7	0.7150	n01820	n01240	703		true
n02974	6	0.7150	n02010 n02368 n05315	n00673	443		true
n02975	5	0.7150	n05423 n05764		91		true
n02976	5	0.7150	n06068		31		true
n02977	5	0.7150	n02615 n04865		765		true
n02978	5	0.7121	n01811 n03138		85		true
n02979	54	0.7100	n06162	n01582 n05126 n06168	307		true
n02980	46	0.7100	n05108	n01803 n04905	675		true
n02981	39	0.7100	n02774	n05249 n06109	591		true
n02982	37	0.7100	n05553	n02116 n06132	677		true
n02983	22	0.7100	n05390	n00408 n04472	907		true
n02984	22	0.7100	n04027 n05117	n04771 n05468 n05936	327		true
n02985	18	0.7100	n06107	n05015 n05307	323		true
n02986	15	0.7100	n03890 n05188	n02006 n03539	220		true
n02987	15	0.7100	n02501	n00872 n01839	403		true
n02988	14	0.7100	n01732	n00617 n02642	187		true
n02989	14	0.7100	n05466	n00072	129		true
n02990	13	0.7100	n03270 n03777	n00534 n03597	1234		true
n02991	13	0.7100	n04086	n01963 n05586 n05768	141		true
n02992	10	0.7100	n02470	n00898	776		true
n02993	9	0.7100	n03101	n02059	224		true
n02994	9	0.7100	n03964	n02737 n03089	3793		true
n02995	8	0.7100	n03102 n04271	n01791 n02425	292		true
n02996	8	0.7100	n04624	n00835	364		true
n02997	8	0.7100	n02960 n05016	n01176	34		true
n02998	9	0.7100	n01855 n04668 n05082	n00352	208		true
n02999	8	0.7100	n05008 n05615	n01165	744		true
n03000	8	0.7100	n02758	n00914	43		true
n03001	7	0.7100	n00423	n01380	32		true
n03002	7	0.7100	n05690		90		true
n03003	7	0.7100	n03373 n05195	n01797	236		true
n03004	7	0.7100	n02123 n05660	n01247	94		true
n03005	6	0.7100	n00697	n02093	85		true
n03006	7	0.7100	n00961	n02419	388		true
n03007	6	0.7100	n04564 n05021	n01063	35		true
n03008	6	0.7100	n03541 n05716	n01874	256		true
n03009	64	0.7050	n01678	n03838 n05233	1088		true
n03010	38	0.7050	n02114	n00685 n03362	1153		true
n03011	38	0.7050	n05341	n03498 n04165	373		true
n03012	34	0.7050	n05724	n05562 n05918	241		true
n03013	21	0.7050	n04031	n05033 n05407	396		true
n03014	20	0.7050	n01805 n02072	n00016 n04917	1094		true
n03015	19	0.7050	n05293	n02860 n05197	130		true
n03016	16	0.7050	n05187	n02290 n03626	251		true
n03017	16	0.7050	n04174 n05124	n02719 n03032 n05276	689		true
n03018	16	0.7050	n01732	n01924 n06028	102		true
n03019	15	0.7050	n01679	n00291 n06013	139		true
n03020	15	0.7050	n03992	n02804 n03081	268		true
n03021	12	0.7050	n04438	n00429 n01824	7		true
n03022	12	0.7050	n03563	n00104	482		true
n03023	11	0.7050	n02936 n05362	n00163	81		true
n03024	12	0.7050	n04494	n01698 n06098	163		true
n03025	12	0.7050	n03221 n04407	n03136	68		true
n03026	8	0.7050	n05631	n01364	64		true
n03027	7	0.7050	n02479 n02856	n01367	156		true
n03028	7	0.7050		n01173	51		true
n03029	7	0.7050	n04703	n00840	79		true
n03030	6	0.7050	n00276	n01502	14		true
n03031	6	0.7050	n03870		96		true
n03032	7	0.7050	n03017	n02347	689		true
n03033	6	0.7050	n03886	n01379	56		true
n03034	5	0.7050	n05323 n06014		172		true
n03035	45	0.7000	n05553	n00266 n01953	1345		true
n03036	26	0.7000	n04706	n03675 n04614 n05470	1829		true
n03037	17	0.7000	n01078	n00420 n06127	186		true
n03038	16	0.7000	n03334 n03613	n02288 n02550	206		true
n03039	16	0.7000	n05857	n01036 n06074	443		true
n03040	13	0.7000	n03335	n00290 n03108	49		true
n03041	13	0.7000	n03064	n00106	374		true
n03042	11	0.7000	n05135	n03950	102		true
n03043	10	0.7000	n03773	n06027	96		true
n03044	9	0.7000	n02960	n00813	203		true
n03045	8	0.7000	n04625	n01673	51		true
n03046	8	0.7000	n04677 n05138	n01619	1039		true
n03047	7	0.7000	n00058	n01671	26		true
n03048	7	0.7000	n01690		92		true
n03049	7	0.7000	n01686 n06208		97		true
n03050	6	0.7000	n01087	n01941	74		true
n03051	6	0.7000	n02555	n02430	90		true
n03052	6	0.7000	n00072	n02190	36		true
n03053	5	0.7000	n05823		234		true
n03054	7	0.6985	n01890	n01668	188		true
n03055	5	0.6984	n00090		10		true
n03056	7	0.6970	n00291		111		true
n03057	40	0.6950	n05842	n01997 n04487	166		true
n03058	36	0.6950	n02114 n06035	n00004	968		true
n03059	32	0.6950	n00002	n03832 n04961	368		true
n03060	30	0.6950	n05290	n04710 n05510	1788		true
n03061	24	0.6950	n04899	n02244 n04659	36		true
n03062	23	0.6950	n03299 n05554	n05358 n06077	238		true
n03063	21	0.6950	n04489	n03564 n03651	217		true
n03064	17	0.6950	n00009	n03041 n03517	400		true
n03065	15	0.6950	n03676 n05673	n03603 n05205	2081		true
n03066	15	0.6950	n00017	n01536 n02718	625		true
n03067	13	0.6950	n04241 n05511	n00288 n05085	138		true
n03068	13	0.6950	n00407 n05797	n00531 n02723	93		true
n03069	13	0.6950	n04849	n00097 n05952	163		true
n03070	13	0.6950	n03649	n00312 n02135 n04162	105		true
n03071	14	0.6950	n05301	n01930 n03227	1580		true
n03072	14	0.6950	n02960 n04177	n00359 n00724	85		true
n03073	13	0.6950	n01810	n01469 n04785	133		true
n03074	11	0.6950	n02395	n00134	201		true
n03075	11	0.6950	n04271 n06122	n02011	1762		true
n03076	13	0.6950	n00418	n01046 n02677 n04646	317		true
n03077	10	0.6950	n01801	n00471	173		true
n03078	10	0.6950	n03332	n01933 n02917	2026		true
n03079	9	0.6950	n00403 n01804	n00811	126		true
n03080	8	0.6950	n03966	n02024	54		true
n03081	8	0.6950	n03020		184		true
n03082	8	0.6950	n00053	n00497	167		true
n03083	8	0.6950	n00875	n01631 n02317	45		true
n03084	7	0.6950	n03995	n00376	152		true
n03085	6	0.6950	n05476	n01616	50		true
n03086	7	0.6950	n01696	n02428	375		true
n03087	7	0.6950	n00701	n01443	608		true
n03088	6	0.6950	n02879 n03938		264		true
n03089	5	0.6935	n02994 n04768		2503		true
n03090	5	0.6919	n04298 n05936		167		true
n03091	1392	0.6900		n00013 n01077 n01303 n01480 n01882 n02142 n02239 n02241 n02286 n02710 n02749 n02764 n02889 n02921 n03459 n03730 n03779 n03801 n03878 n03964 n03984 n04062 n04145 n04278 n04329 n04391 n04437 n04465 n04535 n04541 n04584 n04590 n04628 n04705 n04750 n04836 n04883 n04908 n04954 n05041 n05048 n05054 n05105 n05201 n05231 n05232 n05285 n05289 n05300 n05442 n05455 n05602 n05692 n05701 n05711 n05811 n05841 n05887 n05892 n06037 n06054 n06060 n06095 n06138 n06169 n06175 n06176 n06204	10807		true
n03092	33	0.6900	n03145	n01764 n02930 n04758	179		true
n03093	33	0.6900	n00684	n03366 n03461	465		true
n03094	34	0.6900	n04078	n03733 n05457	1156		true
n03095	26	0.6900	n06041	n01400 n02333	374		true
n03096	24	0.6900	n03730	n03199 n04083	573		true
n03097	18	0.6900	n05395	n00027	1240		true
n03098	17	0.6900	n04963	n00521	147		true
n03099	16	0.6900	n03738	n00725 n04183	332		true
n03100	15	0.6900	n06175	n02042 n02486	226		true
n03101	15	0.6900	n05355	n02993 n04738 n05642 n05826	262		true
n03102	14	0.6900		n01275 n02995	297		true
n03103	12	0.6900	n06047	n02335 n03577	129		true
n03104	14	0.6900	n02878	n03871 n06208	108		true
n03105	10	0.6900	n05744	n01034 n02732	75		true
n03106	10	0.6900	n03782	n01094 n04389	77		true
n03107	10	0.6900	n05624	n00553	127		true
n03108	9	0.6900	n03040	n00345	42		true
n03109	10	0.6900	n03505	n01302 n01987	484		true
n03110	10	0.6900	n04770	n01318 n03691	302		true
n03111	9	0.6900	n03807	n02091	367		true
n03112	8	0.6900	n00070	n00244	107		true
n03113	8	0.6900	n01801	n01050	1027		true
n03114	8	0.6900	n02248	n00593	130		true
n03115	8	0.6900	n04093 n05008	n01831	1165		true
n03116	8	0.6900	n03868	n00738	111		true
n03117	7	0.6900	n06091	n01444	419		true
n03118	6	0.6900	n05879	n01715	122		true
n03119	6	0.6900	n01020	n02385	86		true
n03120	5	0.6900	n02960 n06145		66		true
n03121	36	0.6850	n02960	n05568 n05906 n05991	776		true
n03122	29	0.6850	n01525	n04363	1634		true
n03123	29	0.6850	n04653	n03331 n04236	386		true
n03124	24	0.6850	n05665	n00095 n04822	151		true
n03125	19	0.6850	n00687	n00150 n01925	336		true
n03126	19	0.6850	n05854	n00418 n03482	325		true
n03127	14	0.6850	n00604	n00117 n01710	1314		true
n03128	12	0.6850	n06123	n02699 n04054	165		true
n03129	13	0.6850	n01401	n01595	863		true
n03130	12	0.6850	n06053	n01354 n04996	52		true
n03131	10	0.6850	n04658	n00194	93		true
n03132	9	0.6850	n04962	n00187	334		true
n03133	9	0.6850	n05249	n01656	67		true
n03134	9	0.6850	n06162	n00645	62		true
n03135	9	0.6850	n03505	n01987 n02496	509		true
n03136	9	0.6850	n03025 n04925	n01225 n05164	66		true
n03137	8	0.6850	n04703	n02263	522		true
n03138	9	0.6850	n03153	n01611 n02978	341		true
n03139	7	0.6850	n04291	n00584	34		true
n03140	7	0.6850	n03777 n04781 n05938		223		true
n03141	7	0.6850	n05813	n01499 n02155	55		true
n03142	6	0.6850	n02861		81		true
n03143	5	0.6850	n01348		920		true
n03144	8	0.6834	n03310 n04620		140		true
n03145	71	0.6800	n03826	n01459 n03092 n05976	208		true
n03146	65	0.6800	n02960	n05352 n06163	546		true
n03147	50	0.6800	n04023	n04322 n05437	2631		true
n03148	43	0.6800	n05109 n06162	n04709 n05451 n05603	886		true
n03149	36	0.6800	n05055	n00522 n05726	619		true
n03150	35	0.6800		n00792 n01200	110		true
n03151	37	0.6800	n03297	n00143 n04851	122		true
n03152	36	0.6800	n05288	n01700 n05985	856		true
n03153	21	0.6800	n05234	n01811 n03138	460		true
n03154	19	0.6800	n05457	n03600 n03840	389		true
n03155	16	0.6800	n04660	n01641 n02863	743		true
n03156	17	0.6800	n04205	n05875 n05940	363		true
n03157	14	0.6800	n00003	n01772 n01873	115		true
n03158	13	0.6800	n03468	n00099 n04981 n05649	102		true
n03159	12	0.6800	n02960	n00613 n02844	334		true
n03160	11	0.6800	n03861	n02257 n05541	103		true
n03161	10	0.6800	n05741	n01291 n01427	143		true
n03162	11	0.6800	n05754	n01550 n02864	114		true
n03163	9	0.6800	n05365 n05937	n00643	93		true
n03164	9	0.6800	n02437	n01287	90		true
n03165	9	0.6800	n02397	n00742 n02384	162		true
n03166	8	0.6800	n05199 n05302	n00500	72		true
n03167	8	0.6800	n03668	n00826	224		true
n03168	8	0.6800	n00605 n05928	n00751 n01306	232		true
n03169	9	0.6800	n03594	n01377 n05551	42		true
n03170	8	0.6800	n05364	n00821	48		true
n03171	7	0.6800	n00064	n00842	29		true
n03172	6	0.6800	n00094		120		true
n03173	6	0.6800	n00886	n01119	107		true
n03174	6	0.6800	n05973	n01796	221		true
n03175	6	0.6800	n01275	n01114	93		true
n03176	101	0.6750	n01801 n02818	n03422 n04113 n04446 n04470	1635		true
n03177	36	0.6750	n04850	n03527 n04656	339		true
n03178	30	0.6750	n04201	n02934 n03265	602		true
n03179	22	0.6750	n01805	n00016 n01289	390		true
n03180	18	0.6750	n01529	n02858 n03678	363		true
n03181	14	0.6750	n04410 n04962	n01467	805		true
n03182	13	0.6750	n02075	n05209 n05386	145		true
n03183	13	0.6750	n02439 n04120	n01088	151		true
n03184	12	0.6750	n01329	n02332 n04570 n05207	177		true
n03185	12	0.6750	n00016 n04917	n00797	368		true
n03186	11	0.6750	n04498	n00196	207		true
n03187	11	0.6750	n05936	n02100 n05543	254		true
n03188	11	0.6750		n00457 n03193	110		true
n03189	9	0.6750	n05072	n00209	109		true
n03190	8	0.6750	n01951 n04133	n00666	277		true
n03191	8	0.6750	n06072 n06162	n00913	112		true
n03192	8	0.6750	n02960	n00220	46		true
n03193	8	0.6750	n03188	n00850	72		true
n03194	9	0.6750	n06183	n01164 n05100	69		true
n03195	7	0.6750	n00957	n00919	186		true
n03196	7	0.6750	n04294	n01628	36		true
n03197	7	0.6750	n03779	n02194	53		true
n03198	7	0.6750	n03745		89		true
n03199	7	0.6750	n03096	n01908	49		true
n03200	6	0.6750	n03333 n04284		39		true
n03201	6	0.6750	n04679 n05421	n01385	143		true
n03202	6	0.6734	n02860 n03246		26		true
n03203	5	0.6734	n03411 n04562		145		true
n03204	5	0.6701	n00131		50		true
n03205	77	0.6700	n02796	n02360 n04129	815		true
n03206	72	0.6700	n02925	n04232 n04572	542		true
n03207	42	0.6700	n05913	n01107 n01995 n03424	318		true
n03208	42	0.6700	n03418	n03959 n05176	726		true
n03209	38	0.6700		n01793 n02607 n02890	663		true
n03210	25	0.6700	n03461	n03311 n03834	465		true
n03211	23	0.6700	n00515	n00407 n05797	228		true
n03212	27	0.6700	n02435 n02851	n02439 n04120	208		true
n03213	23	0.6700	n03696	n02836 n05927	225		true
n03214	18	0.6700	n03893	n02670 n03470	655		true
n03215	18	0.6700	n02439	n01088 n05131	141		true
n03216	17	0.6700	n01801	n01923	318		true
n03217	18	0.6700	n05063	n03404 n05939	1916		true
n03218	16	0.6700		n02475 n03634 n03783 n03937	92		true
n03219	14	0.6700	n03501 n05127	n01591 n04600	234		true
n03220	14	0.6700	n05189	n00793 n04779	241		true
n03221	15	0.6700	n03304	n02260 n03025	100		true
n03222	12	0.6700	n02936 n05800	n00163 n01162	91		true
n03223	11	0.6700	n02960	n00306	432		true
n03224	10	0.6700	n06162	n01418 n02950	240		true
n03225	9	0.6700	n05136	n00221	102		true
n03226	9	0.6700	n06110	n01445 n01545	85		true
n03227	10	0.6700	n03071 n03997	n02730 n05500	1547		true
n03228	8	0.6700	n06202	n01434	76		true
n03229	9	0.6700	n03508	n05221	825		true
n03230	8	0.6700	n02662	n00830	399		true
n03231	7	0.6700	n01343	n01235	141		true
n03232	7	0.6700	n04053 n05812	n02022	57		true
n03233	7	0.6700	n01821	n01716	164		true
n03234	6	0.6700	n02087	n00858	79		true
n03235	6	0.6700	n02651	n01877	559		true
n03236	5	0.6683	n00529		6		true
n03237	28	0.6650	n04271	n00009 n01787	473		true
n03238	17	0.6650	n02687	n01269	78		true
n03239	16	0.6650	n03830	n00723 n01019	607		true
n03240	15	0.6650	n02543 n06053	n01354 n04589	62		true
n03241	14	0.6650	n01921	n01691 n02596	275		true
n03242	13	0.6650	n05859	n00094	130		true
n03243	12	0.6650	n04493	n01969 n02086	1027		true
n03244	12	0.6650	n05676	n00964	335		true
n03245	11	0.6650	n05288	n00622 n02306	119		true
n03246	11	0.6650	n05197	n01966 n03202	30		true
n03247	11	0.6650	n02692 n03835	n01350	384		true
n03248	10	0.6650	n03618 n05564	n04434	332		true
n03249	8	0.6650	n02960		724		true
n03250	8	0.6650	n06196		261		true
n03251	7	0.6650	n00047	n01879	54		true
n03252	7	0.6650	n05529		91		true
n03253	7	0.6650	n02162 n04869 n05147	n00373	37		true
n03254	8	0.6650	n03710	n05051	115		true
n03255	7	0.6650	n02248	n00593	127		true
n03256	7	0.6650	n01801	n01048	37		true
n03257	6	0.6650	n01058	n01727	1499		true
n03258	6	0.6650	n00956 n05255		772		true
n03259	5	0.6650	n05206		87		true
n03260	6	0.6650	n00108 n04703	n01876	381		true
n03261	8	0.6633	n04327	n01456	71		true
n03262	31	0.6600	n01132	n02902 n04756	901		true
n03263	31	0.6600	n02960	n01634 n03903	127		true
n03264	31	0.6600	n06162	n03787 n04132 n04576	625		true
n03265	26	0.6600	n03178	n01140 n03697 n04500	579		true
n03266	24	0.6600	n05727	n01893 n04713	649		true
n03267	21	0.6600	n04235	n02940 n03804	159		true
n03268	18	0.6600	n01582	n04041	34		true
n03269	18	0.6600	n00011 n05181	n03863 n05075 n05139	83		true
n03270	17	0.6600	n04238	n02964 n02990	1928		true
n03271	11	0.6600	n05357	n00184 n04945	145		true
n03272	12	0.6600	n05849	n01553 n03633	98		true
n03273	11	0.6600	n01335 n04406	n00820	137		true
n03274	12	0.6600	n04210	n02956 n04309	605		true
n03275	11	0.6600	n03928 n05519	n00636 n01575	149		true
n03276	10	0.6600	n03931	n01830 n02485	142		true
n03277	10	0.6600	n04210	n02956 n03820	524		true
n03278	10	0.6600	n03967 n05950	n00803	581		true
n03279	9	0.6600	n01812	n00815	100		true
n03280	9	0.6600	n01812 n04819	n00906	191		true
n03281	9	0.6600	n01923	n02147	241		true
n03282	8	0.6600		n01433 n01832	91		true
n03283	8	0.6600	n04619	n01608	95		true
n03284	9	0.6600	n02005	n00849 n01362	266		true
n03285	8	0.6600	n00051	n00576	142		true
n03286	7	0.6600	n00524 n03744		37		true
n03287	7	0.6600	n00532	n00587	166		true
n03288	8	0.6600	n04511	n01500 n04431	487		true
n03289	6	0.6600	n00086		50		true
n03290	6	0.6600	n03921	n01195	843		true
n03291	6	0.6600	n06089	n01984	91		true
n03292	6	0.6600	n03905	n00387	323		true
n03293	6	0.6600	n02713	n02535	127		true
n03294	6	0.6600	n04248 n04735	n02346	86		true
n03295	5	0.6600	n03602		1146		true
n03296	61	0.6550		n03609 n03828 n04266	1296		true
n03297	40	0.6550	n02198	n03151	133		true
n03298	34	0.6550	n03523	n02778 n04409	249		true
n03299	34	0.6550	n05909	n02243 n03062	465		true
n03300	33	0.6550	n00265	n03926 n04171 n04476 n05372	859		true
n03301	33	0.6550	n03922	n00686 n04237	476		true
n03302	31	0.6550	n05912	n01040 n06110	306		true
n03303	30	0.6550	n05440	n03917 n04214 n05490 n05614	460		true
n03304	21	0.6550	n04806	n03221 n04407	114		true
n03305	21	0.6550	n03496	n00146 n01206	335		true
n03306	20	0.6550	n05924	n01353 n03566	71		true
n03307	13	0.6550	n00688	n00078	415		true
n03308	13	0.6550	n04036 n06177	n02208	332		true
n03309	14	0.6550	n05799 n06162	n01778	2314		true
n03310	12	0.6550	n03834 n05299	n02049 n02605 n03144	300		true
n03311	11	0.6550	n03210 n04180	n01978 n02408	298		true
n03312	11	0.6550	n00033	n00138	296		true
n03313	10	0.6550	n04133	n01660	227		true
n03314	10	0.6550	n05000	n00650 n06161	186		true
n03315	10	0.6550	n02550	n01974	191		true
n03316	9	0.6550	n01687	n00991	70		true
n03317	9	0.6550	n03864	n02375 n02488	65		true
n03318	10	0.6550	n04857	n02092 n05099	135		true
n03319	8	0.6550	n02289 n02937	n00932	651		true
n03320	7	0.6550	n00056		55		true
n03321	7	0.6550	n02907		49		true
n03322	7	0.6550			2176		true
n03323	7	0.6550	n03472	n01069	78		true
n03324	6	0.6550	n05419		47		true
n03325	6	0.6550	n03437 n04413		45		true
n03326	6	0.6550	n02828		43		true
n03327	5	0.6515	n00694		86		true
n03328	27	0.6500	n05116	n02430 n05183	528		true
n03329	24	0.6500	n01801	n00692 n01655	421		true
n03330	21	0.6500	n04758	n01638 n06116	135		true
n03331	21	0.6500	n03123	n03423	386		true
n03332	20	0.6500	n05392	n03078 n06119	2088		true
n03333	20	0.6500		n02286 n03200 n03336	73		true
n03334	20	0.6500	n02160	n03038 n03370	222		true
n03335	18	0.6500	n02960	n00954 n03040 n04229	81		true
n03336	15	0.6500	n03333	n00875	58		true
n03337	12	0.6500	n01801	n02406 n04007	124		true
n03338	13	0.6500	n01812	n00815 n00906	157		true
n03339	11	0.6500	n00274	n01179 n03381	2096		true
n03340	11	0.6500	n00270 n03467	n01031	43		true
n03341	10	0.6500	n06162	n00913 n05784	1170		true
n03342	9	0.6500	n01264	n01251 n03382	34		true
n03343	9	0.6500	n03493 n04179 n05239	n01448	260		true
n03344	9	0.6500	n03733	n03766	427		true
n03345	9	0.6500	n05250	n00354	975		true
n03346	9	0.6500		n00642 n05832	552		true
n03347	8	0.6500	n04625 n05020	n01673	44		true
n03348	8	0.6500	n01687	n00922	67		true
n03349	9	0.6500	n03971	n04315	496		true
n03350	8	0.6500	n01961	n00678 n02498	29		true
n03351	8	0.6500	n03423	n01049	176		true
n03352	8	0.6500	n04865		221		true
n03353	7	0.6500	n03424		82		true
n03354	7	0.6500	n06162	n01570	39		true
n03355	7	0.6500	n04465	n01120	277		true
n03356	6	0.6500	n05522	n02111	374		true
n03357	6	0.6500		n02524	54		true
n03358	6	0.6500	n04731 n05774		293		true
n03359	5	0.6482	n04785 n06081		57		true
n03360	76	0.6450	n03392	n01626 n02119 n05173	666		true
n03361	51	0.6450	n00401	n03395 n04233	110		true
n03362	29	0.6450	n03010	n01390 n01805	1101		true
n03363	24	0.6450	n02960	n02364 n05855	66		true
n03364	25	0.6450	n01883	n04211 n05192	1056		true
n03365	22	0.6450	n04167	n02393 n04923	256		true
n03366	21	0.6450	n03093	n04552 n05299	300		true
n03367	21	0.6450	n03394	n03945 n04410	823		true
n03368	23	0.6450	n03497	n04443 n05491	1487		true
n03369	20	0.6450	n04903 n05845	n02936 n04726	127		true
n03370	17	0.6450	n03334	n02288 n05160	222		true
n03371	14	0.6450	n04281	n01976 n02207	1785		true
n03372	14	0.6450	n05975	n04243	208		true
n03373	13	0.6450	n02752 n05795	n02617 n02954 n03003	240		true
n03374	10	0.6450	n02327 n04035 n05134	n00186 n02226	218		true
n03375	10	0.6450	n04375 n05679	n01428 n02791	126		true
n03376	10	0.6450	n02286	n01601	68		true
n03377	9	0.6450	n00404	n00909 n01371	38		true
n03378	9	0.6450	n03568	n01095	188		true
n03379	8	0.6450	n00072	n01712 n02536	98		true
n03380	7	0.6450	n01801		307		true
n03381	7	0.6450	n01336 n03339	n01373	1004		true
n03382	6	0.6450	n00262 n03342		29		true
n03383	6	0.6450	n00612		91		true
n03384	6	0.6450	n02471 n05688	n01520	25		true
n03385	6	0.6450	n00964 n05134	n02144	102		true
n03386	6	0.6450	n05733		281		true
n03387	7	0.6450	n05386	n01121	48		true
n03388	6	0.6450	n04048	n02307	63		true
n03389	5	0.6450	n01030 n04466		59		true
n03390	5	0.6450	n03542		152		true
n03391	7	0.6432	n00067		158		true
n03392	87	0.6400	n01198 n05441	n03360 n04148 n05698	1306		true
n03393	36	0.6400	n04537	n05549 n05848 n05963	699		true
n03394	30	0.6400	n05175	n03367 n03925	1006		true
n03395	23	0.6400	n03361	n00518	23		true
n03396	26	0.6400	n03829	n02400 n03437 n03968	124		true
n03397	23	0.6400	n06162	n00877 n03865 n03929	504		true
n03398	21	0.6400	n01011 n04200	n00073 n02555	144		true
n03399	21	0.6400	n02540	n04669 n05860	576		true
n03400	18	0.6400	n05008	n00042 n01831	778		true
n03401	14	0.6400	n05860	n00353 n02131 n02762	304		true
n03402	13	0.6400	n00018	n00118	1		true
n03403	13	0.6400	n05567	n02082 n04796	82		true
n03404	13	0.6400	n03217	n01774 n03485	1451		true
n03405	12	0.6400	n04703	n00444 n00921	1548		true
n03406	16	0.6400	n01801	n02334 n02513 n05416	733		true
n03407	12	0.6400	n03859 n04447 n05177	n00156 n00908	14		true
n03408	11	0.6400	n02961	n00451 n01826	95		true
n03409	9	0.6400	n02796 n05469	n00341	109		true
n03410	9	0.6400	n01811	n00630	166		true
n03411	8	0.6400	n00278	n00823 n03203	145		true
n03412	8	0.6400	n04670	n01940 n02141	178		true
n03413	8	0.6400	n05694	n01245	219		true
n03414	7	0.6400	n02642 n04502	n01008	163		true
n03415	6	0.6400	n01465 n04934		110		true
n03416	6	0.6382	n02726	n00941	38		true
n03417	5	0.6364	n02085 n05026 n05709		29		true
n03418	66	0.6350	n02389	n02927 n03208 n03888 n05557	1036		true
n03419	40	0.6350	n05110	n04244 n04753	986		true
n03420	31	0.6350	n02871	n03962	280		true
n03421	27	0.6350	n06162	n00022 n02612	213		true
n03422	19	0.6350	n03176	n02166 n02638	178		true
n03423	18	0.6350	n03331 n04117	n01640 n03351	386		true
n03424	17	0.6350	n03207	n01202 n03353	103		true
n03425	19	0.6350	n02609	n01531 n04451	2381		true
n03426	16	0.6350	n02392	n00064	72		true
n03427	15	0.6350	n05296	n00053	307		true
n03428	14	0.6350	n04233	n02910 n04787	62		true
n03429	18	0.6350	n02467	n01960 n04627	212		true
n03430	14	0.6350	n04861 n06162	n02140 n06205	5725		true
n03431	12	0.6350	n03833	n01146 n02138	347		true
n03432	11	0.6350	n05069	n02088 n03815	574		true
n03433	13	0.6350	n02325	n01650 n06139	261		true
n03434	11	0.6350	n03887	n01604 n03913	100		true
n03435	11	0.6350	n04895	n02215	44		true
n03436	11	0.6350	n01801 n06189	n01112 n02565	614		true
n03437	10	0.6350	n03396 n06183	n03325 n05169	54		true
n03438	10	0.6350		n00484 n02492	393		true
n03439	10	0.6350	n02877	n02628 n03763 n04843	88		true
n03440	9	0.6350	n04335 n04854	n00725 n02312	171		true
n03441	9	0.6350	n03534	n00988	301		true
n03442	8	0.6350	n03969	n01233	190		true
n03443	8	0.6350	n04703 n04999	n00573	1380		true
n03444	8	0.6350	n04922	n00762	480		true
n03445	9	0.6350	n05488	n00561	247		true
n03446	8	0.6350	n03886		70		true
n03447	7	0.6350	n04179 n04372	n01448	119		true
n03448	7	0.6350	n03810	n00834	27		true
n03449	7	0.6350	n04869	n00989	43		true
n03450	7	0.6350	n05733		845		true
n03451	7	0.6350	n04755 n06079	n01171	333		true
n03452	6	0.6350			66		true
n03453	6	0.6350	n02697 n04878	n02427	33		true
n03454	6	0.6350	n02693	n02528	44		true
n03455	6	0.6350	n01345	n01842	181		true
n03456	6	0.6350	n02443 n03677	n01795	163		true
n03457	5	0.6350	n05029 n05876		19		true
n03458	6	0.6332	n04633 n05400	n02527	1709		true
n03459	59	0.6300	n03091	n04357 n04747	1384		true
n03460	32	0.6300	n03584	n04027	908		true
n03461	29	0.6300	n03093	n03210 n05299	465		true
n03462	27	0.6300	n02503	n00028 n00959	675		true
n03463	24	0.6300	n03728	n02327 n05353	373		true
n03464	22	0.6300	n02241	n01585 n04459 n05935	239		true
n03465	23	0.6300	n02776	n03790 n05462	297		true
n03466	24	0.6300	n05853	n05746 n05857	466		true
n03467	18	0.6300	n00516 n01635	n02919 n03340	72		true
n03468	16	0.6300	n01918 n05295	n02004 n03158	121		true
n03469	20	0.6300	n03959 n04902	n02663 n05867	39		true
n03470	14	0.6300	n03214	n04733	655		true
n03471	12	0.6300	n00778	n01935 n03907 n05332	256		true
n03472	11	0.6300	n03863 n04764	n00706 n03323	82		true
n03473	10	0.6300	n01083	n01217 n02012	213		true
n03474	10	0.6300	n05468	n00327 n04396	283		true
n03475	9	0.6300	n01801	n00337	37		true
n03476	8	0.6300	n00046	n01104	224		true
n03477	8	0.6300	n01801	n01437	928		true
n03478	8	0.6300	n05478	n01297 n02491	172		true
n03479	8	0.6300		n00484	191		true
n03480	8	0.6300	n02830	n01490	785		true
n03481	7	0.6300	n05366	n01243	45		true
n03482	7	0.6300	n03126		113		true
n03483	7	0.6300	n01801		1154		true
n03484	7	0.6300			887		true
n03485	7	0.6300	n03404	n00939	352		true
n03486	6	0.6300	n06136		91		true
n03487	6	0.6300	n03770 n04739 n05737	n01186	39		true
n03488	6	0.6300	n02857	n01568	131		true
n03489	6	0.6300	n04590	n02495	112		true
n03490	5	0.6300	n02296 n05269		43		true
n03491	5	0.6294	n00092		84		true
n03492	32	0.6250	n01803	n02117 n06177	401		true
n03493	26	0.6250	n04897	n01825 n02830 n03343 n05088 n06088	928		true
n03494	32	0.6250	n00002	n03832 n04961	368		true
n03495	25	0.6250	n03801	n04118 n05258	386		true
n03496	24	0.6250	n05723	n02181 n03305	335		true
n03497	26	0.6250	n05791	n01970 n03368	1487		true
n03498	21	0.6250	n03011 n05728	n01735 n03571	324		true
n03499	22	0.6250	n00686 n04237	n01885	449		true
n03500	20	0.6250	n03924 n05922	n06180	30		true
n03501	18	0.6250	n05732	n03219 n05077	234		true
n03502	18	0.6250	n04120	n01088 n04297	169		true
n03503	14	0.6250	n00520	n00697 n03756	112		true
n03504	13	0.6250	n04813	n01406 n02905	227		true
n03505	15	0.6250	n05798	n03109 n03135 n05274	530		true
n03506	12	0.6250	n03931	n00487 n01830	194		true
n03507	15	0.6250	n04710	n02212 n03761	1557		true
n03508	12	0.6250	n02752	n02954 n03229	825		true
n03509	11	0.6250	n04542 n06059	n02594 n04156	226		true
n03510	10	0.6250	n03928 n06054	n00322	431		true
n03511	8	0.6250	n04628		167		true
n03512	8	0.6250	n02546	n00208	62		true
n03513	8	0.6250		n01162 n02486	65		true
n03514	8	0.6250	n04703	n01750 n02433	120		true
n03515	7	0.6250	n03709		245		true
n03516	7	0.6250	n00606	n01510	72		true
n03517	7	0.6250	n01643 n03064		92		true
n03518	7	0.6250	n01272	n01259	72		true
n03519	8	0.6250	n05756	n00579	75		true
n03520	5	0.6231	n05205		84		true
n03521	8	0.6224	n00067	n01109	129		true
n03522	5	0.6202	n00134		80		true
n03523	45	0.6200	n02960	n00067 n03298	368		true
n03524	35	0.6200	n02739	n00867 n01758	357		true
n03525	34	0.6200	n01132	n00430 n02896	777		true
n03526	28	0.6200	n05553	n00266	1271		true
n03527	28	0.6200	n03177	n03973 n03990 n05128	336		true
n03528	26	0.6200	n04751	n00007 n04776	708		true
n03529	26	0.6200	n04539	n00114 n00523 n04461	1391		true
n03530	22	0.6200	n05178 n05663	n03701 n05509	268		true
n03531	16	0.6200	n06162	n03935 n04458 n05370	337		true
n03532	14	0.6200	n03927	n00334 n02370	430		true
n03533	12	0.6200	n04762	n00343 n01111	69		true
n03534	12	0.6200	n05350	n00533 n03441 n05104	572		true
n03535	12	0.6200	n02935	n02795 n04304	45		true
n03536	12	0.6200	n04806	n02516 n04020 n04991	611		true
n03537	11	0.6200	n00952	n00473 n05162	514		true
n03538	10	0.6200	n05937	n00643 n02058	330		true
n03539	10	0.6200	n02986 n04277	n02089	119		true
n03540	10	0.6200	n04271	n00184	91		true
n03541	9	0.6200	n02079	n03008	541		true
n03542	10	0.6200	n04622	n03390 n05544	763		true
n03543	9	0.6200	n00528	n02604 n03558	328		true
n03544	9	0.6200	n01688	n00195 n01677	2456		true
n03545	8	0.6200	n00279		498		true
n03546	9	0.6200	n00032	n02734	363		true
n03547	8	0.6200	n00043	n00226	198		true
n03548	7	0.6200	n04588	n00987	52		true
n03549	7	0.6200	n06165		98		true
n03550	7	0.6200	n04285	n01910	93		true
n03551	6	0.6200	n04975		117		true
n03552	6	0.6200	n03571	n02149	176		true
n03553	6	0.6200	n05805		64		true
n03554	6	0.6200	n04503		503		true
n03555	6	0.6200	n00540	n01181	603		true
n03556	6	0.6200	n01801	n01175	76		true
n03557	6	0.6200	n02172 n04184		85		true
n03558	5	0.6181	n03543		47		true
n03559	5	0.6181	n02087		144		true
n03560	27	0.6150	n02116	n05348 n06059	283		true
n03561	23	0.6150	n04028	n05585 n05926	402		true
n03562	21	0.6150	n05291	n01329	236		true
n03563	19	0.6150	n06042	n02958 n03022 n03722 n05402	488		true
n03564	18	0.6150	n03063	n04769 n06192	194		true
n03565	18	0.6150	n01135 n06035	n00784	156		true
n03566	16	0.6150	n03306 n04539	n00523	71		true
n03567	16	0.6150	n01268	n02781 n05228	538		true
n03568	15	0.6150	n05237	n02043 n03378	188		true
n03569	14	0.6150	n00953	n01851	81		true
n03570	15	0.6150	n01398 n02542	n01338 n01596	134		true
n03571	13	0.6150	n03498 n04165 n05127	n01591 n03552	201		true
n03572	12	0.6150	n00033	n00138 n01559	340		true
n03573	11	0.6150	n03693	n00142	105		true
n03574	10	0.6150	n05753	n00172	37		true
n03575	11	0.6150	n05129	n01357 n04846 n06020	117		true
n03576	10	0.6150	n00408	n00761	153		true
n03577	9	0.6150	n03103	n01577	124		true
n03578	9	0.6150		n01173	78		true
n03579	6	0.6150	n05579		42		true
n03580	5	0.6150	n04380		106		true
n03581	6	0.6142	n04139	n01726	15		true
n03582	8	0.6131	n00699	n00222	58		true
n03583	55	0.6100	n04272	n04652 n04809	1110		true
n03584	36	0.6100	n05977	n03460 n05117	914		true
n03585	32	0.6100		n02322 n05664	384		true
n03586	22	0.6100	n04172	n04371 n05071 n05242	601		true
n03587	22	0.6100	n02199	n01651 n05618	94		true
n03588	22	0.6100	n01801	n00605 n05928	365		true
n03589	17	0.6100	n06174	n00049 n00983	901		true
n03590	15	0.6100	n06162	n00544 n02129	584		true
n03591	13	0.6100	n06162	n02724 n06223	163		true
n03592	13	0.6100	n04031	n02478 n05033	396		true
n03593	13	0.6100	n02664	n02172 n04152	140		true
n03594	14	0.6100	n01269	n01415 n03169	50		true
n03595	11	0.6100	n02540	n00891 n05654	181		true
n03596	9	0.6100	n06050	n00557 n03795	88		true
n03597	9	0.6100	n02990	n00363	228		true
n03598	9	0.6100	n01137 n02120	n00997	138		true
n03599	9	0.6100	n02168	n02679 n02848	995		true
n03600	10	0.6100	n03154 n03733	n03766	337		true
n03601	8	0.6100	n05481	n01493	452		true
n03602	8	0.6100	n05852	n02058 n03295	1146		true
n03603	9	0.6100	n03065	n00217 n02143	2079		true
n03604	8	0.6100	n01341 n04769	n01628	51		true
n03605	7	0.6100	n01801	n02314	34		true
n03606	8	0.6061	n01144	n01487	51		true
n03607	47	0.6050		n02739 n04426 n05200 n05520	682		true
n03608	38	0.6050	n04999	n00573 n02742	1400		true
n03609	36	0.6050	n03296	n02160 n05253	671		true
n03610	34	0.6050	n02961 n04164	n02635 n03612	188		true
n03611	29	0.6050	n04323 n04703	n00090 n01636	132		true
n03612	28	0.6050	n03610	n05237 n06003	188		true
n03613	23	0.6050	n02160	n03038 n03940	331		true
n03614	20	0.6050	n02852	n00953 n03682	104		true
n03615	19	0.6050	n04752 n05552	n00342 n01850	90		true
n03616	14	0.6050	n01636	n00374 n02590	87		true
n03617	13	0.6050		n01590	202		true
n03618	14	0.6050	n04036 n05986	n02208 n03248	332		true
n03619	14	0.6050	n04034 n05914	n02402 n04256	534		true
n03620	14	0.6050	n03699	n01347 n03854	663		true
n03621	12	0.6050	n04860	n00328 n01196	600		true
n03622	13	0.6050	n00784	n00175 n02894	124		true
n03623	13	0.6050	n03993	n03748	404		true
n03624	10	0.6050	n00420	n00448	160		true
n03625	10	0.6050	n02119	n00933	73		true
n03626	11	0.6050	n03016	n04393	160		true
n03627	10	0.6050	n04550	n03760	387		true
n03628	8	0.6050	n06200	n01570	85		true
n03629	9	0.6050	n04703	n00818 n02096	111		true
n03630	8	0.6050	n03968		56		true
n03631	10	0.6050	n06162	n02566 n06228	278		true
n03632	7	0.6050	n01801	n01871	61		true
n03633	7	0.6050	n03272	n00749	47		true
n03634	7	0.6050	n02547 n03218	n02227	57		true
n03635	7	0.6050	n02744	n02353	153		true
n03636	7	0.6050	n06162	n01370	77		true
n03637	6	0.6050	n00955	n02429	24		true
n03638	6	0.6050		n02196	105		true
n03639	6	0.6050	n04631	n01673	55		true
n03640	6	0.6050	n01801		67		true
n03641	8	0.6030	n00284 n04376	n05050	241		true
n03642	109	0.6000	n03692	n04198 n04491	1452		true
n03643	48	0.6000	n05054	n05343 n05450	1528		true
n03644	43	0.6000	n01801	n03729 n03961 n04398	728		true
n03645	39	0.6000	n04960	n02398 n05789	375		true
n03646	25	0.6000	n05060	n02444 n05122 n05581	826		true
n03647	21	0.6000	n01528	n01732	194		true
n03648	19	0.6000	n04654	n01733 n04425	212		true
n03649	18	0.6000	n04170	n03070 n05864	105		true
n03650	14	0.6000	n05797	n00531	72		true
n03651	14	0.6000	n03063 n06056	n01341 n04294	212		true
n03652	11	0.6000	n04662	n00565 n05275	416		true
n03653	11	0.6000	n04535 n06038	n01349 n02025	542		true
n03654	10	0.6000	n02858 n05306	n00350	363		true
n03655	9	0.6000	n05000	n00650	107		true
n03656	9	0.6000	n04119	n00583	41		true
n03657	8	0.6000	n00268 n05687	n00360	67		true
n03658	7	0.6000	n00695	n00580 n01130	5		true
n03659	7	0.6000		n00386	55		true
n03660	7	0.6000	n05078	n01456	69		true
n03661	7	0.6000	n02967 n04134		73		true
n03662	6	0.6000	n05770		3342		true
n03663	6	0.6000	n04112	n02527	2248		true
n03664	7	0.5980	n01274 n04557	n01051	50		true
n03665	5	0.5980	n00889		20		true
n03666	75	0.5950	n00401	n04484 n05725	314		true
n03667	49	0.5950	n04703	n04998 n05445	1940		true
n03668	42	0.5950	n02197	n03167 n04754	1004		true
n03669	40	0.5950	n00951	n03740 n05202 n05844	159		true
n03670	23	0.5950	n02960	n00869 n01543	405		true
n03671	22	0.5950	n04363	n00952 n05570	1021		true
n03672	21	0.5950	n02895	n01332 n06058	240		true
n03673	20	0.5950	n02503 n02777	n00028	2016		true
n03674	22	0.5950	n01951	n04866 n05257	824		true
n03675	19	0.5950	n03036	n01334 n02029	1039		true
n03676	18	0.5950		n02861 n03065	2081		true
n03677	19	0.5950	n02745	n01648 n03456 n05426	359		true
n03678	15	0.5950	n03180	n01589	363		true
n03679	14	0.5950	n06162	n04979 n06092	292		true
n03680	14	0.5950	n05357	n03846 n04936	232		true
n03681	12	0.5950	n05362 n05736	n00163 n01616	200		true
n03682	11	0.5950	n03614	n00806 n02499	52		true
n03683	13	0.5950	n02326	n01024 n04829 n05780	130		true
n03684	9	0.5950	n04806	n02260	65		true
n03685	8	0.5950	n01801	n01871	82		true
n03686	8	0.5950	n03999 n05489 n05792		167		true
n03687	8	0.5950	n04456	n01038	52		true
n03688	6	0.5950	n04703	n01672	48		true
n03689	6	0.5950	n00881		81		true
n03690	5	0.5950	n05440		26		true
n03691	5	0.5950	n03110		200		true
n03692	127	0.5900	n02851 n05286	n00061 n00722 n03642	1462		true
n03693	52	0.5900	n04272	n02240 n03573	1868		true
n03694	46	0.5900		n02501 n04560	644		true
n03695	27	0.5900	n05447	n00197 n01584	1810		true
n03696	28	0.5900	n02929	n03213 n05511	396		true
n03697	22	0.5900	n03265	n00428 n02404	570		true
n03698	21	0.5900	n02929	n02561 n05511	622		true
n03699	18	0.5900	n05241	n01769 n03620	663		true
n03700	16	0.5900	n04328 n04399	n00046 n01247	227		true
n03701	15	0.5900	n03530	n01234 n02641	268		true
n03702	14	0.5900	n03928 n06054	n00322 n00636	197		true
n03703	15	0.5900	n02634	n02615 n02807	767		true
n03704	13	0.5900	n03992	n02345 n02804	267		true
n03705	14	0.5900	n05673 n05742	n02334 n05205	735		true
n03706	11	0.5900	n04169	n00441	129		true
n03707	10	0.5900	n05054	n01353	60		true
n03708	10	0.5900	n05678	n00712	124		true
n03709	10	0.5900	n05196	n03515	704		true
n03710	10	0.5900	n02754	n03254	210		true
n03711	11	0.5900	n05863 n05997	n00330 n06156	295		true
n03712	9	0.5900	n05408	n00669	212		true
n03713	9	0.5900	n00087	n00740 n04603	193		true
n03714	8	0.5900	n05871	n01363	44		true
n03715	8	0.5900	n05734	n00361	36		true
n03716	8	0.5900	n04928 n04978	n01387 n01840	456		true
n03717	8	0.5900	n02552 n02666	n00479	339		true
n03718	8	0.5900	n00410	n02681	134		true
n03719	7	0.5900	n01856	n01115	86		true
n03720	8	0.5900	n01464	n01307	233		true
n03721	7	0.5900	n02334 n05416	n01172	38		true
n03722	6	0.5900	n03563	n02109	61		true
n03723	6	0.5900	n01276	n01503	165		true
n03724	6	0.5900	n04457 n05801	n02071	27		true
n03725	6	0.5867	n00789	n01721	37		true
n03726	45	0.5850	n05973	n04372 n06165	956		true
n03727	37	0.5850	n01199	n02465 n05519 n05874	260		true
n03728	36	0.5850	n01801	n03463 n04035 n05676	648		true
n03729	30	0.5850	n03644	n04276 n06181	638		true
n03730	28	0.5850	n03091	n03096 n06206	592		true
n03731	26	0.5850	n06164	n00267	142		true
n03732	29	0.5850	n04703	n02250 n05854	434		true
n03733	26	0.5850	n03094	n03344 n03600 n03743 n05761	1151		true
n03734	23	0.5850	n02159	n02661 n04442	96		true
n03735	25	0.5850	n02709	n03773 n04495 n04826	267		true
n03736	22	0.5850	n00516 n01635	n00270	63		true
n03737	19	0.5850	n04365 n04609	n02090 n05360	208		true
n03738	19	0.5850	n04854 n05559	n02883 n03099	337		true
n03739	18	0.5850	n06038	n00640 n04453	187		true
n03740	16	0.5850	n02543 n03669	n05311	103		true
n03741	12	0.5850	n05300	n01828	524		true
n03742	12	0.5850	n02750	n02479	171		true
n03743	12	0.5850	n03733	n02083	1114		true
n03744	11	0.5850	n00413	n02219 n03286	67		true
n03745	12	0.5850	n05556	n03198 n05900	137		true
n03746	10	0.5850	n00421	n04016	117		true
n03747	10	0.5850	n04074	n01485	736		true
n03748	10	0.5850	n03623 n06194	n00894	403		true
n03749	9	0.5850	n00016	n01934 n04953	306		true
n03750	9	0.5850	n02041	n00816	226		true
n03751	8	0.5850	n01140	n01252 n02459	104		true
n03752	8	0.5850	n02801	n00654 n01503	184		true
n03753	8	0.5850	n02117 n06177	n01053	332		true
n03754	8	0.5850	n04822	n00660	73		true
n03755	8	0.5850	n06162	n00827	455		true
n03756	7	0.5850	n03503 n05081		109		true
n03757	7	0.5850	n04703	n00745	14		true
n03758	8	0.5850	n04866	n00666	246		true
n03759	8	0.5850	n05871	n01363 n02533	60		true
n03760	7	0.5850	n02884 n03627	n00396	387		true
n03761	7	0.5850	n03507 n05248	n00844	113		true
n03762	6	0.5850	n01801	n01871	126		true
n03763	6	0.5850	n03439		43		true
n03764	6	0.5850	n01648		60		true
n03765	5	0.5850	n02960		32		true
n03766	6	0.5829	n03344 n03600	n01066	259		true
n03767	90	0.5800	n04197	n05175 n05840	1530		true
n03768	34	0.5800	n04271	n02945 n03891	252		true
n03769	31	0.5800	n02277	n01918 n05295 n05747	264		true
n03770	30	0.5800	n05557	n03487 n04440	376		true
n03771	21	0.5800	n04998	n00024 n01239	324		true
n03772	20	0.5800	n05731	n05245 n05576 n05677	218		true
n03773	19	0.5800	n03735	n01028 n02582 n03043	255		true
n03774	18	0.5800	n04961 n05729	n00791 n02623	339		true
n03775	17	0.5800	n05340	n03978 n05680	51		true
n03776	18	0.5800	n01920	n01138 n04000	58		true
n03777	17	0.5800	n04906	n02990 n03140	1270		true
n03778	14	0.5800	n02926	n00057	46		true
n03779	15	0.5800	n03091	n02587 n03197 n06218	113		true
n03780	13	0.5800	n00410	n00124	57		true
n03781	15	0.5800	n02120 n04613	n00326 n05313	78		true
n03782	14	0.5800	n01400	n01466 n03106	346		true
n03783	10	0.5800	n02547 n03218 n04703	n00159 n02227	62		true
n03784	12	0.5800	n04289	n01348	924		true
n03785	10	0.5800	n05984	n02893 n05893	726		true
n03786	9	0.5800	n05404	n01761	108		true
n03787	9	0.5800	n03264	n02569	108		true
n03788	8	0.5800	n04934	n00648	142		true
n03789	7	0.5800	n01084		135		true
n03790	7	0.5800	n03465 n04220		115		true
n03791	7	0.5800	n01848		976		true
n03792	7	0.5800	n04410	n01438	398		true
n03793	7	0.5800	n05371	n02062	62		true
n03794	6	0.5800			113		true
n03795	6	0.5800	n03596 n05871	n02533	74		true
n03796	6	0.5787	n01466 n04249		341		true
n03797	6	0.5779	n00527		94		true
n03798	11	0.5765	n00030	n00154 n02099	12		true
n03799	8	0.5765	n00790	n00577 n01723	218		true
n03800	36	0.5750	n05173	n04125 n05123	636		true
n03801	30	0.5750	n03091	n00603 n01222 n03495	422		true
n03802	16	0.5750	n03830	n00109 n00723	259		true
n03803	16	0.5750	n05058	n00956 n05255	1494		true
n03804	15	0.5750	n03267	n02834 n05812	133		true
n03805	13	0.5750	n04126	n00079	221		true
n03806	11	0.5750	n04914 n05456	n00129	27		true
n03807	12	0.5750	n05752	n03111 n04107	427		true
n03808	11	0.5750	n02507	n01282 n01430	65		true
n03809	10	0.5750	n03976	n04258 n04641 n04645	844		true
n03810	10	0.5750	n02200	n03448	45		true
n03811	10	0.5750	n02966	n01100	847		true
n03812	9	0.5750	n06199	n01451	121		true
n03813	9	0.5750	n05860	n00353 n02461	450		true
n03814	10	0.5750	n03962 n04730	n00927 n02517	251		true
n03815	7	0.5750	n03432 n05369	n01106	566		true
n03816	7	0.5750	n05019	n00937	49		true
n03817	7	0.5750		n00654	55		true
n03818	6	0.5750	n04555	n02067	135		true
n03819	6	0.5750	n05394 n06090	n02454	93		true
n03820	6	0.5750	n03277	n02455	95		true
n03821	6	0.5750	n06162		1654		true
n03822	6	0.5750	n05423	n01620	57		true
n03823	6	0.5750	n06162		45		true
n03824	5	0.5750	n05078		40		true
n03825	5	0.5750	n02175		90		true
n03826	80	0.5700	n06162	n03145 n04441	229		true
n03827	47	0.5700	n05389	n00426 n01314 n01679	659		true
n03828	32	0.5700	n03296	n04028 n04364	646		true
n03829	33	0.5700	n00264	n03396 n05467 n05856 n06083	252		true
n03830	25	0.5700	n02960	n03239 n03802	638		true
n03831	23	0.5700	n02743	n02466	150		true
n03832	21	0.5700	n03059 n03494 n06044	n02361	343		true
n03833	23	0.5700		n02440 n03431	515		true
n03834	19	0.5700	n03210	n02408 n03310 n03849 n05972	465		true
n03835	18	0.5700	n05794	n00348 n03247	415		true
n03836	17	0.5700	n02779	n00419 n04092	202		true
n03837	17	0.5700	n05053	n00043 n05868	302		true
n03838	15	0.5700	n03009 n04369	n02757 n03969 n05685	244		true
n03839	15	0.5700	n05352	n00423 n03867	88		true
n03840	14	0.5700	n03154	n04670	343		true
n03841	15	0.5700	n00416	n01716 n03911 n04640	236		true
n03842	11	0.5700	n04703	n00221	46		true
n03843	12	0.5700	n06063	n01780 n02176	351		true
n03844	10	0.5700	n01802	n00969 n05830	296		true
n03845	10	0.5700	n02545 n02690	n00453	62		true
n03846	9	0.5700	n03680	n04945	181		true
n03847	8	0.5700	n05662		60		true
n03848	7	0.5700	n05345	n01508	101		true
n03849	7	0.5700	n03834		208		true
n03850	7	0.5700	n01801	n01108	1945		true
n03851	7	0.5700	n02003	n02112	76		true
n03852	7	0.5700	n01801	n02572	155		true
n03853	6	0.5700	n02043 n02077	n00682	82		true
n03854	6	0.5700	n03620		613		true
n03855	5	0.5700	n05022 n05257 n05762		110		true
n03856	32	0.5650	n06162	n02579	236		true
n03857	28	0.5650	n05848	n04282 n04509 n05885	596		true
n03858	26	0.5650	n06162	n00406 n01103	282		true
n03859	27	0.5650	n05724	n03407 n05562	203		true
n03860	24	0.5650	n02117	n04036 n05564	386		true
n03861	18	0.5650	n03889 n06048	n02546 n03160	103		true
n03862	15	0.5650	n05242	n01898 n02133	555		true
n03863	15	0.5650	n03269	n03472	82		true
n03864	12	0.5650	n00783	n03317 n05971	120		true
n03865	11	0.5650	n03397	n00637 n01161	409		true
n03866	11	0.5650	n01334	n00966 n05542	145		true
n03867	10	0.5650	n03839	n00550	77		true
n03868	12	0.5650	n01639	n03116	124		true
n03869	10	0.5650	n03928 n05519	n00636 n04480	160		true
n03870	11	0.5650	n04703	n00651 n03031	138		true
n03871	9	0.5650	n03104	n01358 n04838	47		true
n03872	9	0.5650	n02902 n05671	n02301	856		true
n03873	8	0.5650	n02757 n03969	n01233	145		true
n03874	9	0.5650	n03963	n02094 n03882	156		true
n03875	7	0.5650	n06162	n01618	671		true
n03876	7	0.5650	n04378 n04922		480		true
n03877	7	0.5650		n01446 n02459	67		true
n03878	7	0.5650	n03091	n02228	197		true
n03879	6	0.5650	n05356	n01906	1126		true
n03880	6	0.5650	n06162	n01617	1178		true
n03881	6	0.5650	n04670	n01066	151		true
n03882	5	0.5650	n03874		84		true
n03883	6	0.5650	n01648	n01627	194		true
n03884	5	0.5632	n01027 n05709		6		true
n03885	6	0.5619	n00299	n01319	97		true
n03886	1836	0.5600		n01524 n01593 n01801 n01821 n02631 n02881 n03033 n03446 n04049 n04493 n04731 n04977 n05137 n05338 n05399 n05895 n06016 n06193	8783		true
n03887	43	0.5600	n04848	n03434 n05979	282		true
n03888	42	0.5600	n03418	n03959 n05176	726		true
n03889	28	0.5600	n05844	n02608 n03861	139		true
n03890	27	0.5600	n01078	n02986 n04277	337		true
n03891	27	0.5600	n00000 n03768	n02189 n04030	105		true
n03892	25	0.5600	n06162	n00604 n02618 n05956	1373		true
n03893	23	0.5600	n00403 n01804	n02941 n03214	677		true
n03894	22	0.5600	n04705	n01685 n05243	1424		true
n03895	20	0.5600	n04577	n00162 n02940	127		true
n03896	21	0.5600	n04024	n02750 n04931	353		true
n03897	19	0.5600		n00971 n05866	1395		true
n03898	16	0.5600	n05612 n05921	n01463 n05810	112		true
n03899	16	0.5600	n05441 n05839 n06167	n00878 n01539	856		true
n03900	18	0.5600	n05460	n03976 n05942	844		true
n03901	14	0.5600	n04703	n05375 n05633 n05870	118		true
n03902	14	0.5600	n06105	n01736	237		true
n03903	14	0.5600	n03263	n01025 n01612	60		true
n03904	13	0.5600	n00014	n02592 n02738	208		true
n03905	12	0.5600	n02122	n02623 n03292 n04311	333		true
n03906	9	0.5600	n02960	n01422	181		true
n03907	9	0.5600	n03471	n01657	256		true
n03908	8	0.5600	n06042	n00986	76		true
n03909	8	0.5600	n02468		196		true
n03910	7	0.5600	n02836		115		true
n03911	7	0.5600	n03841	n00839	131		true
n03912	7	0.5600	n06162	n01314	69		true
n03913	7	0.5600	n03434	n01107	100		true
n03914	7	0.5600	n05861	n01564	394		true
n03915	6	0.5600	n01076 n05878	n01392	89		true
n03916	6	0.5600	n01024	n01720	50		true
n03917	6	0.5600	n03303 n05265	n02530	54		true
n03918	6	0.5600	n06162		46		true
n03919	6	0.5561	n01696		79		true
n03920	100	0.5550	n02851	n01581 n04894 n05788	485		true
n03921	65	0.5550	n05839	n00778 n01124 n03290	1111		true
n03922	38	0.5550	n02960	n00989 n03301	499		true
n03923	34	0.5550	n00951	n04492 n05202 n06048	129		true
n03924	34	0.5550	n05056	n03500 n05297	905		true
n03925	27	0.5550	n03394	n04410 n04962	990		true
n03926	23	0.5550	n03300	n01808	853		true
n03927	22	0.5550	n04203	n02900 n03532	487		true
n03928	23	0.5550	n01199	n03275 n03510 n03702 n03869	470		true
n03929	17	0.5550	n03397	n00637 n01861	464		true
n03930	15	0.5550	n05003	n00064 n01759	42		true
n03931	15	0.5550	n05354	n03276 n03506 n06078	250		true
n03932	15	0.5550	n02636	n00424	450		true
n03933	15	0.5550	n01810	n04785 n06081	127		true
n03934	14	0.5550	n05565	n02052 n03979	1061		true
n03935	13	0.5550	n03531	n02514 n02808	337		true
n03936	13	0.5550	n05748	n00298	217		true
n03937	11	0.5550	n02547 n03218 n04703	n00159	84		true
n03938	12	0.5550	n04662	n00565 n02888 n03088	424		true
n03939	11	0.5550	n06054	n00322	2163		true
n03940	10	0.5550	n03613	n01413	183		true
n03941	10	0.5550	n01080 n04823	n00972 n04741	42		true
n03942	11	0.5550	n04915	n01150 n04599	170		true
n03943	11	0.5550	n01801	n02139 n05217	302		true
n03944	11	0.5550	n04921	n02675	1938		true
n03945	10	0.5550	n03367	n01438 n02415	333		true
n03946	9	0.5550	n05991	n00668	253		true
n03947	9	0.5550	n02124 n05120	n02373	55		true
n03948	8	0.5550	n00064	n00842	29		true
n03949	8	0.5550	n05076	n00741	239		true
n03950	7	0.5550	n03042		83		true
n03951	7	0.5550	n04292	n02359	108		true
n03952	7	0.5550	n04703	n00764	365		true
n03953	7	0.5550	n04703	n00921	1543		true
n03954	6	0.5550	n04850 n05145		95		true
n03955	6	0.5550	n06206		74		true
n03956	6	0.5550	n02687 n05880		26		true
n03957	6	0.5528	n06162	n00945	64		true
n03958	36	0.5500	n04703	n01498 n01525	2653		true
n03959	35	0.5500	n02927 n03208 n03888	n01081 n02548 n03469 n05880	719		true
n03960	36	0.5500	n04752	n01528 n01850	249		true
n03961	30	0.5500	n03644	n04276 n06181	638		true
n03962	28	0.5500	n03420	n02037 n03814	280		true
n03963	24	0.5500	n06162	n02897 n03874	272		true
n03964	19	0.5500	n03091 n05004	n02164 n02994	4424		true
n03965	15	0.5500	n01801	n02476 n05279	383		true
n03966	13	0.5500	n05398	n00843 n03080	115		true
n03967	15	0.5500	n05568	n01451 n03278 n06005	586		true
n03968	15	0.5500	n03396 n05856	n00963 n03630 n04598	82		true
n03969	12	0.5500	n03838	n03442 n03873 n05712	226		true
n03970	13	0.5500	n02000	n00886 n02868	110		true
n03971	13	0.5500	n04086	n01963 n03349	496		true
n03972	13	0.5500	n05122	n01537 n04159	314		true
n03973	12	0.5500	n03527	n01599 n04344	44		true
n03974	12	0.5500	n01801	n00883	50		true
n03975	13	0.5500	n05394	n01896 n04158	166		true
n03976	13	0.5500	n03900 n05738 n05932	n03809 n04696	844		true
n03977	10	0.5500	n06162	n00746 n05594	352		true
n03978	9	0.5500	n03775 n05661	n02027	32		true
n03979	8	0.5500	n03934	n00642	1056		true
n03980	8	0.5500	n04503		2959		true
n03981	7	0.5500	n02855	n01188	40		true
n03982	7	0.5500	n02780		1128		true
n03983	7	0.5500	n04590 n05454	n02495	125		true
n03984	5	0.5500	n03091		118		true
n03985	6	0.5482	n01341		145		true
n03986	6	0.5477	n05204 n05869	n02068	177		true
n03987	6	0.5477	n00302		69		true
n03988	33	0.5450	n05234	n01016 n01811	487		true
n03989	23	0.5450	n02159	n01637	99		true
n03990	21	0.5450	n03527 n04656	n04123	46		true
n03991	19	0.5450	n02960	n00691 n04140	468		true
n03992	17	0.5450	n02797	n03020 n03704	305		true
n03993	18	0.5450	n05614	n03623 n05213 n06012 n06194	405		true
n03994	15	0.5450	n02199 n04720	n01958 n04345	127		true
n03995	15	0.5450	n04125	n00332 n03084	166		true
n03996	14	0.5450	n01921	n02596 n02676	288		true
n03997	13	0.5450	n05301	n02212 n03227	1547		true
n03998	12	0.5450	n04168	n01411	2126		true
n03999	13	0.5450	n04132	n03686 n04591	572		true
n04000	12	0.5450	n03776	n00482 n02085	58		true
n04001	12	0.5450	n04499	n00728 n02224	175		true
n04002	11	0.5450	n01270	n00383 n01454	67		true
n04003	10	0.5450	n05340	n01359	38		true
n04004	10	0.5450	n02240	n00319	1601		true
n04005	11	0.5450	n01138	n05709	36		true
n04006	11	0.5450	n00028	n01067 n01748	274		true
n04007	9	0.5450	n03337	n01602	124		true
n04008	9	0.5450		n02183 n05222	140		true
n04009	9	0.5450	n05944	n01422 n02460	229		true
n04010	10	0.5450	n04170 n04621	n02792	1033		true
n04011	9	0.5450		n01304 n04070	80		true
n04012	8	0.5450	n05720	n01255	32		true
n04013	8	0.5450	n05057	n00847	200		true
n04014	8	0.5450	n01853	n00219	223		true
n04015	8	0.5450	n01639	n00738 n02420	109		true
n04016	7	0.5450	n03746	n01293	117		true
n04017	7	0.5450	n02802		186		true
n04018	6	0.5450	n01637	n02070	74		true
n04019	7	0.5450	n05886	n01368 n02426	367		true
n04020	6	0.5450	n03536		76		true
n04021	6	0.5450	n05017 n05682	n02344	192		true
n04022	5	0.5450	n05124 n05636		258		true
n04023	54	0.5400	n04704	n03147 n06130	2632		true
n04024	47	0.5400	n02239	n03896 n04077 n05449	2590		true
n04025	34	0.5400	n05112	n04579 n05612	364		true
n04026	31	0.5400	n02686	n00202 n01918	233		true
n04027	30	0.5400	n03460	n02367 n02984 n06021	775		true
n04028	26	0.5400	n03828	n03561	646		true
n04029	32	0.5400		n04491 n04823 n05471	303		true
n04030	23	0.5400	n02820 n03891	n01014	86		true
n04031	24	0.5400	n04809 n05843	n03013 n03592	396		true
n04032	23	0.5400	n02960	n02162 n04869	294		true
n04033	22	0.5400	n04399	n00105 n02123	161		true
n04034	20	0.5400	n05919	n03619 n06069	925		true
n04035	18	0.5400	n03728	n00333 n03374	250		true
n04036	19	0.5400	n03860	n03308 n03618 n05271	341		true
n04037	19	0.5400	n05992	n00938 n04377	91		true
n04038	18	0.5400	n02931	n00528 n01174	328		true
n04039	18	0.5400	n04713	n01746 n04045	393		true
n04040	16	0.5400	n05978	n01901 n02588 n04924	839		true
n04041	16	0.5400	n03268	n00055 n01324	26		true
n04042	16	0.5400	n05448	n01472 n02046	267		true
n04043	16	0.5400	n00014	n00051 n02592	922		true
n04044	13	0.5400	n04905 n05398	n02024 n02787	232		true
n04045	12	0.5400	n04039 n04616	n00089	171		true
n04046	12	0.5400	n05361	n01236 n02411	384		true
n04047	12	0.5400	n01329	n02332	186		true
n04048	14	0.5400	n01733	n00608 n03388	177		true
n04049	11	0.5400	n03886 n05246 n06105	n00817	58		true
n04050	10	0.5400		n02703	136		true
n04051	10	0.5400	n01462	n02303	121		true
n04052	10	0.5400	n05072	n00209	170		true
n04053	11	0.5400	n02940	n03232	75		true
n04054	10	0.5400	n03128	n02913	87		true
n04055	9	0.5400	n00422	n00466	85		true
n04056	9	0.5400	n04850		86		true
n04057	9	0.5400	n05345	n02019	1167		true
n04058	8	0.5400	n06162		172		true
n04059	8	0.5400	n02552		1612		true
n04060	8	0.5400	n06162	n02140	6185		true
n04061	8	0.5400	n04460	n00915	236		true
n04062	8	0.5400	n03091	n00501	1351		true
n04063	8	0.5400	n00030	n02099 n02652	24		true
n04064	7	0.5400	n04166	n01392	89		true
n04065	7	0.5400	n04923	n01724	108		true
n04066	7	0.5400			78		true
n04067	7	0.5400	n02863 n04319	n01007	457		true
n04068	7	0.5400	n06056		282		true
n04069	7	0.5400	n02960	n00854	25		true
n04070	6	0.5400	n04011 n06070	n02489	67		true
n04071	6	0.5400	n05973	n02388	29		true
n04072	5	0.5393	n02615 n05823		304		true
n04073	7	0.5354	n02209 n04489		306		true
n04074	134	0.5350	n05105	n01431 n02508 n02634 n03747 n04865 n05063 n05224 n05458 n05572 n05727	2353		true
n04075	59	0.5350	n02633	n04114 n05555	934		true
n04076	41	0.5350	n04322	n04384 n05444 n05960	2631		true
n04077	41	0.5350	n04024	n01201 n02750 n06146	2207		true
n04078	35	0.5350	n04536	n03094	1156		true
n04079	29	0.5350	n02960	n04444 n05668	718		true
n04080	24	0.5350	n02036	n01013	173		true
n04081	22	0.5350	n00867	n00409 n01959	260		true
n04082	24	0.5350	n05847	n04332 n04443	1491		true
n04083	21	0.5350	n03096	n05405 n05798	530		true
n04084	17	0.5350	n04703	n02838 n05136	425		true
n04085	16	0.5350	n05009	n05072	186		true
n04086	16	0.5350	n02960	n02991 n03971	496		true
n04087	14	0.5350	n02960	n00199 n00717	87		true
n04088	14	0.5350	n02390	n01941 n05485	185		true
n04089	14	0.5350	n01801	n05414 n05694	243		true
n04090	12	0.5350	n04971	n00537 n05537	238		true
n04091	12	0.5350	n02857	n00795	207		true
n04092	11	0.5350	n03836	n00316	149		true
n04093	14	0.5350	n05190	n03115 n05583	2442		true
n04094	10	0.5350	n00417	n01035	197		true
n04095	11	0.5350		n05539	240		true
n04096	10	0.5350	n05752	n02091 n02811	467		true
n04097	9	0.5350		n00209	81		true
n04098	9	0.5350	n04703	n01497 n05501	185		true
n04099	10	0.5350	n02960 n04970 n05756	n00579	249		true
n04100	8	0.5350		n00754	278		true
n04101	8	0.5350	n06162	n00487	2839		true
n04102	9	0.5350	n06080	n00846 n02181	129		true
n04103	8	0.5350	n05203	n01556	235		true
n04104	7	0.5350	n06162	n00833	93		true
n04105	7	0.5350	n06162	n01615	224		true
n04106	7	0.5350	n01408	n01168 n01674	105		true
n04107	6	0.5350	n03807	n02457	253		true
n04108	6	0.5350	n01801		859		true
n04109	6	0.5350	n02800	n02238	64		true
n04110	5	0.5350			7		true
n04111	5	0.5350	n02847		213		true
n04112	86	0.5300		n01446 n01786 n02797 n03663 n05345 n06155	3401		true
n04113	66	0.5300	n03176	n04280 n05978	1612		true
n04114	48	0.5300	n04075	n00045 n05115	930		true
n04115	29	0.5300	n02960	n02440 n04718	523		true
n04116	22	0.5300	n01265	n05071 n05220 n05361	997		true
n04117	24	0.5300	n04236	n02323 n03423	386		true
n04118	21	0.5300	n00603 n03495	n01330 n04975	136		true
n04119	21	0.5300	n04703	n02469 n03656	65		true
n04120	22	0.5300	n01079 n03212	n03183 n03502	201		true
n04121	19	0.5300	n02633	n00045 n01610	40		true
n04122	19	0.5300	n02242 n05061	n02600 n05191	74		true
n04123	18	0.5300	n03990	n00485 n00786	39		true
n04124	18	0.5300	n01801	n04412 n04457 n05801	135		true
n04125	18	0.5300	n03800	n03995 n04558	166		true
n04126	16	0.5300		n00719 n03805	221		true
n04127	16	0.5300	n04239	n00061	191		true
n04128	16	0.5300	n05297	n00046 n05141	905		true
n04129	16	0.5300	n03205	n02064 n02326	130		true
n04130	15	0.5300	n05002	n01530 n04245	1307		true
n04131	17	0.5300	n04712 n05343	n01817 n05267	1421		true
n04132	16	0.5300	n03264	n03999 n05489	572		true
n04133	17	0.5300	n04763	n03190 n03313 n05377 n05427	284		true
n04134	15	0.5300	n04913	n00798 n02648 n03661	199		true
n04135	13	0.5300	n02468	n02401 n04828	188		true
n04136	13	0.5300	n01685 n05243	n02444 n05382	1424		true
n04137	11	0.5300	n00403 n01804	n00132	655		true
n04138	11	0.5300	n04573	n00471 n00830	427		true
n04139	11	0.5300	n00027	n00715 n03581	72		true
n04140	12	0.5300	n03991	n01352	420		true
n04141	10	0.5300	n04907	n01784	105		true
n04142	11	0.5300	n01141	n01597 n05162	474		true
n04143	10	0.5300	n04859	n00166	70		true
n04144	10	0.5300	n02161	n02371	430		true
n04145	10	0.5300	n03091 n06062	n02728	399		true
n04146	9	0.5300	n04407	n01225 n02020	55		true
n04147	9	0.5300	n04503 n05758		130		true
n04148	10	0.5300	n03392 n05316	n02499 n04944	1280		true
n04149	10	0.5300	n02400	n04598	78		true
n04150	8	0.5300	n04703	n00999	68		true
n04151	8	0.5300	n01405	n00845	243		true
n04152	8	0.5300	n03593 n05631	n01364	83		true
n04153	8	0.5300	n05977	n01223	322		true
n04154	7	0.5300	n02584	n01307	109		true
n04155	7	0.5300	n02640 n06128		56		true
n04156	7	0.5300	n03509 n05067	n01614	200		true
n04157	6	0.5300	n01650 n06093	n01981	244		true
n04158	6	0.5300	n03975	n01518 n02454	26		true
n04159	6	0.5300	n03972 n05581	n01010	186		true
n04160	6	0.5300	n05720		60		true
n04161	8	0.5276	n01642		83		true
n04162	9	0.5253	n03070 n05864	n00925	103		true
n04163	44	0.5250	n04199	n01583 n02162 n02438	537		true
n04164	40	0.5250	n04607 n05788	n00722 n03610	250		true
n04165	33	0.5250	n03011	n00413 n03571	344		true
n04166	33	0.5250	n02926	n02506 n04064 n05417 n05741	180		true
n04167	29	0.5250	n02540	n00891 n03365	303		true
n04168	28	0.5250	n02578	n02777 n03998	2126		true
n04169	27	0.5250	n04402	n01806 n03706 n04870	235		true
n04170	25	0.5250	n06108	n03649 n04010	1036		true
n04171	26	0.5250	n03300	n01827 n02752	825		true
n04172	25	0.5250	n01265	n03586 n05220	928		true
n04173	25	0.5250	n04901	n00819 n05354	462		true
n04174	19	0.5250	n06162	n03017	713		true
n04175	18	0.5250	n01133	n01586 n05621	55		true
n04176	19	0.5250	n04493	n02086 n05012	698		true
n04177	17	0.5250	n04703	n03072 n04681	119		true
n04178	14	0.5250	n05397 n05616	n01033 n01888	88		true
n04179	15	0.5250	n06165	n01825 n03343 n03447 n05032	428		true
n04180	14	0.5250	n00684	n03311	319		true
n04181	13	0.5250	n01801 n04651	n00467 n00708	271		true
n04182	13	0.5250	n02436	n01533	121		true
n04183	13	0.5250	n03099	n00702 n05816	330		true
n04184	11	0.5250	n02664	n03557	102		true
n04185	9	0.5250	n05200	n00380 n02352	304		true
n04186	8	0.5250	n04551 n05309	n00732	64		true
n04187	8	0.5250	n05563	n00365	100		true
n04188	8	0.5250	n05440	n01711	458		true
n04189	7	0.5250	n00779	n02145	175		true
n04190	10	0.5250	n06202	n01434 n05431	97		true
n04191	7	0.5250	n06087		717		true
n04192	7	0.5250		n01234	223		true
n04193	6	0.5250	n02960	n01980	1897		true
n04194	6	0.5250	n04708	n02319	67		true
n04195	5	0.5250			163		true
n04196	5	0.5226	n01801 n05678		334		true
n04197	108	0.5200	n01801	n01577 n02610 n03767	1574		true
n04198	89	0.5200	n03642	n02826 n04486 n05915 n05980 n05992	1445		true
n04199	85	0.5200	n02960	n04163 n06034	850		true
n04200	48	0.5200	n06163	n03398 n05116	535		true
n04201	36	0.5200	n01801	n03178 n05459	602		true
n04202	29	0.5200	n06040	n01085 n02963 n06203	280		true
n04203	25	0.5200	n01996	n03927	494		true
n04204	24	0.5200	n06031	n00269	154		true
n04205	20	0.5200	n01268	n03156	537		true
n04206	19	0.5200	n01884	n00410 n06186	155		true
n04207	17	0.5200	n01801	n00421	185		true
n04208	15	0.5200	n04966	n02887 n06207	3239		true
n04209	15	0.5200	n05859	n00094 n02342	158		true
n04210	15	0.5200		n03274 n03277	607		true
n04211	14	0.5200	n03364	n02783	1011		true
n04212	14	0.5200	n00007	n00701	610		true
n04213	13	0.5200	n01681	n01020 n04416	86		true
n04214	14	0.5200	n03303	n00472 n00894	426		true
n04215	12	0.5200	n04722	n01894 n04638	139		true
n04216	12	0.5200	n02960	n01962	127		true
n04217	12	0.5200	n05400	n00128 n02527	1709		true
n04218	11	0.5200	n02281	n00316	157		true
n04219	11	0.5200	n05132	n00533 n02446	289		true
n04220	10	0.5200	n02776	n01545 n03790	115		true
n04221	9	0.5200		n00729	195		true
n04222	8	0.5200		n01429	64		true
n04223	8	0.5200	n01336	n01373	1751		true
n04224	7	0.5200	n00280		127		true
n04225	7	0.5200	n00608	n00503	78		true
n04226	7	0.5200	n00106	n00491	188		true
n04227	7	0.5200	n01801		53		true
n04228	6	0.5200	n01534 n02831	n01762	41		true
n04229	5	0.5200	n03335 n05605		39		true
n04230	5	0.5200	n06097		53		true
n04231	6	0.5178	n01688	n02032	2132		true
n04232	30	0.5150	n03206	n02199 n04720	155		true
n04233	31	0.5150	n03361 n05725	n03428 n05508 n05587	109		true
n04234	32	0.5150	n04754	n00781 n02247	1002		true
n04235	24	0.5150	n02579	n03267 n05039	187		true
n04236	26	0.5150	n03123	n01701 n04117	386		true
n04237	26	0.5150	n03301	n03499 n04594	457		true
n04238	22	0.5150	n04490	n03270 n04906	1952		true
n04239	20	0.5150	n05792	n04127 n05707	236		true
n04240	18	0.5150	n01135	n00285 n00805	136		true
n04241	16	0.5150	n05927	n03067	223		true
n04242	14	0.5150	n05858	n00111	578		true
n04243	11	0.5150	n03372 n05807	n00151	188		true
n04244	10	0.5150	n03419 n05017	n00710	204		true
n04245	10	0.5150	n04130	n00170	902		true
n04246	10	0.5150	n04712	n01101	164		true
n04247	9	0.5150	n01958	n01224	107		true
n04248	9	0.5150	n04666	n03294	112		true
n04249	9	0.5150	n00693	n03796	341		true
n04250	9	0.5150	n01084	n00461	866		true
n04251	8	0.5150	n04910	n02146	104		true
n04252	8	0.5150		n02223	305		true
n04253	8	0.5150	n02717	n00844	128		true
n04254	7	0.5150	n01801		606		true
n04255	7	0.5150	n04703	n01612	59		true
n04256	7	0.5150	n03619 n05079		526		true
n04257	7	0.5150	n06117		186		true
n04258	7	0.5150	n03809		844		true
n04259	7	0.5150	n06212	n00851	253		true
n04260	6	0.5150	n00289	n02418	5		true
n04261	6	0.5150	n05525		89		true
n04262	6	0.5150	n01465		111		true
n04263	6	0.5150	n05368 n05808	n01056	736		true
n04264	6	0.5150			62		true
n04265	6	0.5150	n05322	n01566	77		true
n04266	6	0.5150	n03296		900		true
n04267	6	0.5146	n00435		67		true
n04268	6	0.5127	n00445 n04800	n00770	44		true
n04269	6	0.5126	n01030	n01751	35		true
n04270	7	0.5126	n02334	n01172 n02143	220		true
n04271	3336	0.5100		n01191 n01859 n02158 n02803 n02953 n02995 n03075 n03237 n03540 n03768 n04467 n04672 n04678 n04687 n04849 n04858 n05106 n05108 n05113 n05153 n05184 n05268 n05357 n05381 n05399 n05531 n05532 n05547 n05577 n05704 n05707 n05720 n05765 n05799 n05807 n05818 n05831 n06022 n06032 n06143 n06162 n06224 n06227	13452		true
n04272	107	0.5100		n03583 n03693	2047		true
n04273	76	0.5100	n04849 n06162	n04704 n05240	2656		true
n04274	55	0.5100	n01524	n04358 n04980	915		true
n04275	47	0.5100	n05107	n04494 n04707 n05962 n06197	763		true
n04276	27	0.5100	n03729 n03961	n04978 n06046	510		true
n04277	22	0.5100	n03890	n00420 n03539	251		true
n04278	20	0.5100	n03091	n00112 n02126	301		true
n04279	19	0.5100	n01012	n00414	920		true
n04280	18	0.5100	n04113	n02583	139		true
n04281	18	0.5100	n05504	n03371 n04460	1813		true
n04282	18	0.5100	n03857	n01609 n02169	593		true
n04283	17	0.5100	n05462	n01887	241		true
n04284	17	0.5100	n02818	n02166 n03200	168		true
n04285	17	0.5100		n02827 n03550	173		true
n04286	15	0.5100	n04905	n01646 n02787	329		true
n04287	15	0.5100	n05064	n02510	153		true
n04288	16	0.5100	n02874	n02772 n05601	59		true
n04289	13	0.5100	n04329	n03784	924		true
n04290	13	0.5100	n01801	n00085	215		true
n04291	13	0.5100	n05393	n00726 n03139	86		true
n04292	11	0.5100	n05916	n00126 n03951	116		true
n04293	11	0.5100	n05934 n06177	n01153 n04521	293		true
n04294	11	0.5100	n03651	n01899 n03196	210		true
n04295	11	0.5100	n00040	n02949	242		true
n04296	10	0.5100	n05504	n00633	133		true
n04297	10	0.5100	n03502	n00335	144		true
n04298	9	0.5100	n02960	n01759 n03090	167		true
n04299	10	0.5100	n04703	n02815 n05270	58		true
n04300	10	0.5100	n04665	n00482	354		true
n04301	10	0.5100	n04572	n02812	251		true
n04302	11	0.5100	n06162	n04941 n05893	994		true
n04303	8	0.5100	n04447 n05562	n00908	11		true
n04304	8	0.5100	n01888 n03535	n01845	30		true
n04305	8	0.5100	n01801		101		true
n04306	8	0.5100	n06162	n01495	85		true
n04307	9	0.5100	n01923	n05899	263		true
n04308	7	0.5100	n01888	n01292	73		true
n04309	7	0.5100	n03274 n05686		542		true
n04310	9	0.5100	n02467	n06023	150		true
n04311	7	0.5100	n03905	n00387	145		true
n04312	7	0.5100	n01822	n01915	90		true
n04313	6	0.5100	n02170 n05081	n02434	14		true
n04314	6	0.5100	n02207		455		true
n04315	6	0.5100	n01963 n03349 n05586	n01728	115		true
n04316	5	0.5100	n02960		15		true
n04317	5	0.5100	n04974		86		true
n04318	7	0.5096	n00432	n01293	71		true
n04319	11	0.5075	n01641	n00924 n04067	457		true
n04320	8	0.5075	n01592	n00733	96		true
n04321	5	0.5075	n06162		49		true
n04322	44	0.5050	n03147	n04076 n05851	2631		true
n04323	40	0.5050		n03611 n05846	240		true
n04324	30	0.5050	n05662	n02436	367		true
n04325	32	0.5050	n05390	n00892 n02745	680		true
n04326	24	0.5050	n01680	n01529	366		true
n04327	19	0.5050	n05005	n03261 n04414 n05078	103		true
n04328	19	0.5050	n05660	n02282 n03700	227		true
n04329	20	0.5050	n03091	n02470 n04289	1222		true
n04330	17	0.5050	n01806	n00441 n02559	148		true
n04331	18	0.5050	n04579	n02325 n02613 n06093	298		true
n04332	16	0.5050	n04082	n00082 n02769	1487		true
n04333	16	0.5050	n02748	n00160 n00940 n01111	55		true
n04334	16	0.5050	n04611	n01736 n04932	393		true
n04335	15	0.5050	n01802	n02883 n03440 n04802	193		true
n04336	13	0.5050	n05980	n00289	112		true
n04337	13	0.5050	n01014	n01251 n02216 n04526	31		true
n04338	11	0.5050	n05505	n00539	153		true
n04339	11	0.5050	n02169	n00616 n05439	427		true
n04340	10	0.5050	n04608	n00712 n05715	167		true
n04341	10	0.5050	n04703	n02379 n02600	55		true
n04342	11	0.5050	n01801	n00554 n01437	1193		true
n04343	9	0.5050	n02965	n00197	1787		true
n04344	9	0.5050	n03973 n04656	n00485	29		true
n04345	8	0.5050	n03994 n05410	n01224	94		true
n04346	8	0.5050	n01735	n01670	225		true
n04347	8	0.5050	n01960 n04581	n01311	122		true
n04348	7	0.5050			37		true
n04349	7	0.5050	n00290 n06209	n00595	41		true
n04350	7	0.5050	n02119		51		true
n04351	6	0.5050	n05449	n01187	2062		true
n04352	6	0.5050	n05151		869		true
n04353	6	0.5050	n04719 n05034		132		true
n04354	5	0.5050	n01801		454		true
n04355	6	0.5025	n02545		168		true
n04356	62	0.5000	n04650	n01041 n02823 n06043	407		true
n04357	51	0.5000	n03459	n00458 n04853 n06182	769		true
n04358	50	0.5000	n04274	n02695 n04655	915		true
n04359	45	0.5000	n05055	n00010 n01135	674		true
n04360	44	0.5000	n04652	n01952 n05843	542		true
n04361	41	0.5000	n01801	n04424 n04537	707		true
n04362	29	0.5000	n05846	n00538 n01636	190		true
n04363	26	0.5000	n03122	n02602 n03671	1529		true
n04364	25	0.5000	n03828	n02932 n05637 n06185	628		true
n04365	25	0.5000	n02709	n03737 n06007	286		true
n04366	22	0.5000	n04576	n01156 n04862	615		true
n04367	20	0.5000	n05232	n00519 n06187	290		true
n04368	19	0.5000	n00403 n01804	n00811 n02941	285		true
n04369	19	0.5000	n05719	n03838 n05404	263		true
n04370	18	0.5000	n02960	n00606 n00717	135		true
n04371	18	0.5000	n03586	n01898 n02591 n05865	372		true
n04372	17	0.5000	n03726	n00720 n01825 n03447 n05032	340		true
n04373	16	0.5000	n04579	n01713 n02613	300		true
n04374	16	0.5000	n02440	n00219 n01146	340		true
n04375	16	0.5000	n05796	n03375 n05083	194		true
n04376	15	0.5000	n00782	n03641 n05418	241		true
n04377	14	0.5000	n04037	n01020 n01844	87		true
n04378	15	0.5000	n06162	n02698 n03876 n04880	537		true
n04379	11	0.5000	n05448	n01472 n01979	112		true
n04380	11	0.5000	n05720	n01472 n03580	133		true
n04381	11	0.5000	n02168	n00721 n01624	156		true
n04382	10	0.5000	n02960	n01661	144		true
n04383	10	0.5000	n02396	n00710 n02355	261		true
n04384	9	0.5000	n04076 n05851	n00191	2602		true
n04385	8	0.5000	n02802	n00502	267		true
n04386	8	0.5000	n01801	n01555	60		true
n04387	7	0.5000	n00288 n05085	n01457 n01718	56		true
n04388	7	0.5000	n02401	n01453	62		true
n04389	7	0.5000	n03106		58		true
n04390	8	0.5000	n01814	n02306	229		true
n04391	7	0.5000	n03091		72		true
n04392	7	0.5000	n06132		97		true
n04393	7	0.5000	n02290 n03626		131		true
n04394	6	0.5000	n06162		1268		true
n04395	6	0.5000			155		true
n04396	6	0.5000	n03474 n05936	n00947	272		true
n04397	5	0.5000	n04738 n05642		81		true
n04398	36	0.4950	n03644	n05917 n06046	323		true
n04399	34	0.4950	n01327	n03700 n04033	326		true
n04400	30	0.4950	n00866	n00955 n06113	223		true
n04401	29	0.4950	n05604	n02779 n04622	1950		true
n04402	29	0.4950	n05838	n04169 n04964	252		true
n04403	27	0.4950	n01801	n01398 n02542 n05679	252		true
n04404	25	0.4950	n06111	n02279 n05465	230		true
n04405	21	0.4950	n01994	n00699 n02333	143		true
n04406	20	0.4950	n01952	n03273 n05011	244		true
n04407	18	0.4950	n03304 n05607	n03025 n04146 n04925 n06151	82		true
n04408	20	0.4950	n02960	n01886 n04824	1871		true
n04409	16	0.4950	n03298	n00700 n01097	108		true
n04410	18	0.4950	n03367 n03925	n03181 n03792	807		true
n04411	14	0.4950	n00517	n00083	334		true
n04412	13	0.4950	n04124 n06047	n00934 n01968	116		true
n04413	12	0.4950	n05467 n05669	n03325 n04949	157		true
n04414	12	0.4950	n04327	n01699 n05211	62		true
n04415	11	0.4950	n01803	n00913	356		true
n04416	8	0.4950	n04213 n04963	n01936	7		true
n04417	8	0.4950	n05309 n05457	n02141	127		true
n04418	8	0.4950	n04508	n02494	820		true
n04419	7	0.4950	n06162		103		true
n04420	7	0.4950	n01018	n01232	53		true
n04421	7	0.4950	n04914	n01610	31		true
n04422	7	0.4950	n02698 n04880	n01370	85		true
n04423	7	0.4950	n04515	n00756	68		true
n04424	7	0.4950	n04361 n05029		44		true
n04425	6	0.4950	n03648	n02307	51		true
n04426	6	0.4950	n03607	n02352	303		true
n04427	6	0.4950	n05408		140		true
n04428	6	0.4950	n01801	n01306	378		true
n04429	6	0.4950	n06007 n06162		128		true
n04430	5	0.4950	n01407		39		true
n04431	5	0.4950	n03288 n06016		42		true
n04432	7	0.4949	n04496		257		true
n04433	7	0.4925	n00080	n02191	73		true
n04434	7	0.4925	n02208 n03248	n01068	332		true
n04435	5	0.4925	n02670 n06136		34		true
n04436	8	0.4921	n01892	n01005	60		true
n04437	44	0.4900	n03091	n00014 n04813	1180		true
n04438	30	0.4900	n04535	n01921 n03021 n04698	300		true
n04439	28	0.4900	n05841	n01084 n02165	936		true
n04440	25	0.4900	n03770 n04751	n00405 n05254	370		true
n04441	25	0.4900	n03826	n00018 n02557	48		true
n04442	19	0.4900	n03734	n02082 n05571	82		true
n04443	20	0.4900	n03368 n04082	n02002 n02214	1487		true
n04444	18	0.4900	n04079	n01019 n02646	661		true
n04445	16	0.4900	n05978	n02484 n02588	553		true
n04446	16	0.4900	n03176	n00631 n02644	213		true
n04447	17	0.4900	n02960	n03407 n04303 n05817	34		true
n04448	16	0.4900	n04703	n02343 n04631 n05020	98		true
n04449	15	0.4900	n00406	n01822 n02813 n05102	150		true
n04450	15	0.4900	n00267	n01894 n05687	139		true
n04451	15	0.4900	n03425	n00171 n01859	361		true
n04452	14	0.4900	n01951	n05022 n05257	210		true
n04453	13	0.4900	n03739	n02760 n04874	187		true
n04454	14	0.4900	n01587	n00874	3190		true
n04455	14	0.4900	n06162	n01925 n04986	243		true
n04456	12	0.4900	n02960	n02171 n03687	210		true
n04457	12	0.4900	n04124	n01968 n03724	116		true
n04458	14	0.4900	n03531	n02514 n05713	296		true
n04459	12	0.4900	n03464	n02016 n04679	158		true
n04460	11	0.4900	n04281	n01351 n04061	645		true
n04461	10	0.4900	n01817 n03529	n00351	1391		true
n04462	10	0.4900	n01685	n02518 n05382	1424		true
n04463	9	0.4900	n05191 n05925	n02379	56		true
n04464	9	0.4900	n01805	n01289	1085		true
n04465	10	0.4900	n03091	n02705 n03355	309		true
n04466	9	0.4900	n01886 n05563	n03389	1868		true
n04467	8	0.4900	n04271	n01288	91		true
n04468	8	0.4900	n06135	n01054	424		true
n04469	7	0.4900	n01771	n02066	281		true
n04470	7	0.4900	n03176		153		true
n04471	7	0.4900	n04850		90		true
n04472	7	0.4900	n02983	n00657	90		true
n04473	8	0.4900	n01143	n01869	287		true
n04474	7	0.4900	n06162		83		true
n04475	6	0.4900	n02784	n01793	96		true
n04476	7	0.4900	n03300	n01385	252		true
n04477	6	0.4900	n06162	n02309	3413		true
n04478	6	0.4900	n05194		420		true
n04479	6	0.4900	n05256	n01756	315		true
n04480	5	0.4900	n03869		143		true
n04481	5	0.4899	n05632		154		true
n04482	7	0.4896	n02554	n01192	34		true
n04483	11	0.4873	n02586	n00709 n01366	43		true
n04484	49	0.4850	n03666	n02686 n04546	292		true
n04485	48	0.4850	n05660	n00474 n05056	930		true
n04486	36	0.4850	n04198	n00672 n02775	300		true
n04487	33	0.4850	n03057	n00323 n02073	166		true
n04488	33	0.4850		n01883 n06150	1137		true
n04489	28	0.4850	n05602	n03063 n04073 n06056	313		true
n04490	28	0.4850	n04703	n04238 n05938	1957		true
n04491	25	0.4850	n03642 n04029	n01080	139		true
n04492	21	0.4850	n03923 n05452	n02543 n04671	129		true
n04493	22	0.4850	n03886 n06162	n03243 n04176	1027		true
n04494	20	0.4850	n04275	n01279 n03024	266		true
n04495	19	0.4850	n03735 n06039	n02582 n02714	52		true
n04496	17	0.4850	n02749	n00127 n01868 n04432 n05592	486		true
n04497	15	0.4850	n05454	n01342 n04737	165		true
n04498	14	0.4850	n01801	n00085 n03186	207		true
n04499	15	0.4850		n04001 n04672	178		true
n04500	13	0.4850	n02934 n03265	n02404	233		true
n04501	12	0.4850	n06173	n01273 n02157	93		true
n04502	12	0.4850	n01528	n02512 n03414	182		true
n04503	14	0.4850	n05609	n03554 n03980 n04147 n05273	2988		true
n04504	12	0.4850	n05118 n05620	n01470 n04514	64		true
n04505	12	0.4850	n04970 n06179	n02735 n04686	161		true
n04506	11	0.4850	n05974 n06062	n01211	407		true
n04507	10	0.4850	n05468	n00327	229		true
n04508	11	0.4850	n04969 n05749	n02414 n04418	858		true
n04509	10	0.4850	n03857	n00767 n01609	64		true
n04510	10	0.4850	n01640	n00653 n01049	115		true
n04511	12	0.4850	n01801	n03288	487		true
n04512	9	0.4850	n00045	n00568	8		true
n04513	9	0.4850	n02039	n02178	194		true
n04514	9	0.4850	n04504	n04533	64		true
n04515	11	0.4850		n01866 n04423	125		true
n04516	9	0.4850	n02717	n01221	294		true
n04517	10	0.4850	n01801 n05809	n00457	90		true
n04518	8	0.4850	n05614		181		true
n04519	8	0.4850	n04916	n02631	710		true
n04520	8	0.4850	n04984	n01067	132		true
n04521	7	0.4850	n02117 n04293	n01053	163		true
n04522	7	0.4850	n06162	n00945	37		true
n04523	7	0.4850	n01801		141		true
n04524	7	0.4850	n05556		151		true
n04525	6	0.4850	n00036	n02456	1		true
n04526	6	0.4850	n04337		24		true
n04527	6	0.4850	n01781 n02711	n01872	60		true
n04528	6	0.4850	n05579 n05703		139		true
n04529	6	0.4850	n06188	n00257	47		true
n04530	6	0.4850	n04983 n05703	n02310	105		true
n04531	5	0.4850	n04707 n05962		591		true
n04532	6	0.4848	n02009	n02521	120		true
n04533	7	0.4824	n01470 n04514	n01300	64		true
n04534	5	0.4824	n05766		62		true
n04535	67	0.4800	n03091	n00640 n03653 n04438 n05292	815		true
n04536	44	0.4800	n05053	n04078 n05304	1156		true
n04537	37	0.4800	n04361	n03393	701		true
n04538	34	0.4800	n04703	n01397 n04557	307		true
n04539	30	0.4800	n02741	n01817 n03529 n03566	1395		true
n04540	25	0.4800	n02798 n04808	n04547 n05561	286		true
n04541	23	0.4800	n03091	n02047 n02128	1372		true
n04542	21	0.4800	n05348	n03509 n05067	259		true
n04543	18	0.4800	n05734	n00361 n01463	86		true
n04544	18	0.4800	n01765	n01943 n02040	1612		true
n04545	17	0.4800	n04703	n00032 n06066	363		true
n04546	17	0.4800	n04484	n02210 n05941	105		true
n04547	15	0.4800	n04540 n04657	n02914 n05877	158		true
n04548	15	0.4800	n04575	n02693	86		true
n04549	13	0.4800	n04606	n02291 n05096	2909		true
n04550	13	0.4800	n04610	n02884 n03627	392		true
n04551	13	0.4800	n05304	n01927 n04186	145		true
n04552	12	0.4800	n03366	n01592	97		true
n04553	11	0.4800	n01683	n00635 n05717	269		true
n04554	11	0.4800	n05720	n02046	253		true
n04555	11	0.4800		n02561 n03818	623		true
n04556	11	0.4800	n05391	n01211	785		true
n04557	11	0.4800	n04538	n00775 n03664	53		true
n04558	10	0.4800	n04125	n00332	57		true
n04559	9	0.4800		n00338	111		true
n04560	10	0.4800	n03694	n00729	162		true
n04561	10	0.4800	n04868	n02018 n06025	781		true
n04562	11	0.4800	n02610	n00559 n03203 n05498	155		true
n04563	10	0.4800	n02960	n00730 n01436	2230		true
n04564	9	0.4800	n02197	n03007	57		true
n04565	8	0.4800	n02881	n00366	438		true
n04566	9	0.4800	n01467	n01483	516		true
n04567	9	0.4800	n02851 n05286	n02792	1030		true
n04568	6	0.4800	n05955	n00862	147		true
n04569	6	0.4800		n01833	2796		true
n04570	6	0.4800	n03184	n02063	28		true
n04571	5	0.4800	n05354		67		true
n04572	41	0.4750	n03206 n05339	n02871 n04301 n04730	462		true
n04573	27	0.4750	n01801	n02872 n04138	644		true
n04574	26	0.4750		n01016 n02556	2353		true
n04575	27	0.4750	n04703	n01730 n04548	289		true
n04576	27	0.4750	n03264	n02569 n04366 n04591	615		true
n04577	24	0.4750	n02579	n03895 n05812	157		true
n04578	21	0.4750	n04707	n01203 n01902 n05681	394		true
n04579	22	0.4750	n01801 n04025	n04331 n04373	331		true
n04580	17	0.4750	n02465	n01337 n06019	231		true
n04581	19	0.4750	n02467	n04347 n04627 n05703	279		true
n04582	15	0.4750	n02466	n00439 n00572	115		true
n04583	15	0.4750	n05856	n00963 n05204	207		true
n04584	14	0.4750	n03091	n04982 n05820	381		true
n04585	13	0.4750	n02001	n01021	86		true
n04586	12	0.4750	n01638 n06116	n00980 n02065	39		true
n04587	13	0.4750	n02468	n04828 n06086	175		true
n04588	12	0.4750	n01333	n02015 n03548	65		true
n04589	11	0.4750	n03240	n02372 n04996	59		true
n04590	9	0.4750	n03091	n03489 n03983	125		true
n04591	9	0.4750	n03999 n04576	n01156	564		true
n04592	8	0.4750	n05474		38		true
n04593	8	0.4750	n04781		218		true
n04594	8	0.4750	n04237	n01554	304		true
n04595	8	0.4750	n01347	n00370	269		true
n04596	7	0.4750	n01801		87		true
n04597	7	0.4750	n02819		33		true
n04598	7	0.4750	n03968 n04149 n05204	n00588	63		true
n04599	7	0.4750	n03942		170		true
n04600	6	0.4750	n03219 n05077	n02149	234		true
n04601	6	0.4750	n06162		77		true
n04602	6	0.4750	n04766 n05851	n02308	149		true
n04603	6	0.4750	n03713 n05152		149		true
n04604	7	0.4750	n06130	n00753 n02525	223		true
n04605	5	0.4724	n01211		152		true
n04606	98	0.4700	n05786	n04549 n05008 n05190 n05838	3700		true
n04607	61	0.4700	n05911	n02822 n04164	316		true
n04608	52	0.4700	n02818	n02908 n04340 n05246 n05678 n06105	693		true
n04609	41	0.4700	n02709	n03737 n05344	217		true
n04610	37	0.4700	n01801	n04550 n05608	1446		true
n04611	29	0.4700	n06105	n04334 n04761 n05137	399		true
n04612	21	0.4700	n06112	n00298 n02044	351		true
n04613	23	0.4700	n02036	n03781 n05244	255		true
n04614	19	0.4700	n03036 n04709 n05603	n01334 n04780	353		true
n04615	17	0.4700	n05057	n00969 n02837	348		true
n04616	15	0.4700	n04713 n04968 n05458	n01588 n04045	174		true
n04617	15	0.4700		n00887 n02626	172		true
n04618	14	0.4700	n06179	n02735 n02832	214		true
n04619	13	0.4700	n02960	n02048 n02433 n03283	120		true
n04620	13	0.4700	n05299	n03144 n05825	144		true
n04621	14	0.4700	n05980	n04010	1033		true
n04622	12	0.4700	n04401 n04966	n02887 n03542	763		true
n04623	11	0.4700	n06123	n02088 n02913	136		true
n04624	13	0.4700		n02996 n05590 n06220	395		true
n04625	11	0.4700	n04703	n03045 n03347	51		true
n04626	11	0.4700	n05240	n00382	511		true
n04627	13	0.4700	n03429 n04581	n04983	180		true
n04628	12	0.4700	n03091	n02294 n03511	193		true
n04629	10	0.4700	n04703	n00573	617		true
n04630	10	0.4700	n02585 n04721	n00563 n05433	152		true
n04631	10	0.4700	n04448	n02768 n03639	73		true
n04632	9	0.4700	n01850	n00190	32		true
n04633	10	0.4700	n05667	n02019 n03458	1711		true
n04634	8	0.4700	n05512	n01521	59		true
n04635	8	0.4700	n01736	n00480	85		true
n04636	8	0.4700	n02510	n00831	69		true
n04637	7	0.4700	n02469	n00583	22		true
n04638	7	0.4700	n04215 n05282	n01298	139		true
n04639	7	0.4700	n00431		75		true
n04640	7	0.4700	n03841		86		true
n04641	7	0.4700	n03809 n05942		170		true
n04642	6	0.4700	n05813	n02155	98		true
n04643	6	0.4700	n06008	n01449	479		true
n04644	6	0.4700	n02826 n05691	n02453	33		true
n04645	6	0.4700	n03809		835		true
n04646	6	0.4697	n02862 n03076		284		true
n04647	7	0.4694	n00077		105		true
n04648	7	0.4673	n02210		49		true
n04649	84	0.4650	n04703	n02186 n02925 n05339 n06079	852		true
n04650	70	0.4650	n05106 n06162	n01412 n02740 n04356	429		true
n04651	61	0.4650	n05338	n00754 n04181 n06036	620		true
n04652	49	0.4650	n03583	n00462 n04360	1097		true
n04653	46	0.4650	n05975	n00034 n03123	625		true
n04654	44	0.4650	n01846	n03648 n04707 n05962	771		true
n04655	45	0.4650	n04358	n05288 n06211	898		true
n04656	31	0.4650	n03177	n00145 n03990 n04344	69		true
n04657	24	0.4650	n05984	n04547 n05035 n06178	506		true
n04658	22	0.4650	n06162	n03131 n05199	168		true
n04659	20	0.4650	n03061	n00041 n00621	29		true
n04660	19	0.4650	n05505	n03155	746		true
n04661	16	0.4650	n00406	n02665	220		true
n04662	16	0.4650	n00781	n03652 n03938	552		true
n04663	16	0.4650	n05292	n01349 n04942	524		true
n04664	14	0.4650	n06162	n00442 n01420	98		true
n04665	13	0.4650	n00405	n01346 n04300	354		true
n04666	12	0.4650	n01801	n04248 n04735	261		true
n04667	12	0.4650	n02960	n00900 n01608	97		true
n04668	12	0.4650	n02200	n00834 n02998	208		true
n04669	12	0.4650	n03399	n02131 n02265	210		true
n04670	13	0.4650	n03840	n02337 n03412 n03881	288		true
n04671	11	0.4650	n04492 n06048	n02562	109		true
n04672	12	0.4650	n04271 n04499	n05882	178		true
n04673	11	0.4650	n01769	n00370 n02154	233		true
n04674	11	0.4650	n02897	n02296 n05269	109		true
n04675	10	0.4650	n02742	n01414	671		true
n04676	10	0.4650	n05071 n05242	n02133 n02649	395		true
n04677	11	0.4650		n02601 n03046	2146		true
n04678	11	0.4650	n04271	n02917 n05647	2067		true
n04679	9	0.4650	n04459	n03201	153		true
n04680	10	0.4650	n04703	n01219 n02155	576		true
n04681	9	0.4650	n04177	n00724	65		true
n04682	10	0.4650	n02079 n02829	n00711	541		true
n04683	9	0.4650	n05409 n05527	n01050 n01662	684		true
n04684	9	0.4650	n02465	n01659	195		true
n04685	8	0.4650		n00756	111		true
n04686	9	0.4650	n04505	n00579	85		true
n04687	7	0.4650	n04271		78		true
n04688	7	0.4650	n02832	n00252	96		true
n04689	7	0.4650	n06162	n01374	143		true
n04690	6	0.4650	n06137		139		true
n04691	6	0.4650		n01447	19		true
n04692	6	0.4650	n04931		191		true
n04693	6	0.4650	n01209		40		true
n04694	6	0.4650	n00888	n02531	133		true
n04695	6	0.4650	n01801		1112		true
n04696	6	0.4650	n03976 n05942		77		true
n04697	6	0.4650	n06162	n02573	127		true
n04698	5	0.4650	n04438		47		true
n04699	5	0.4650	n02907		21		true
n04700	5	0.4650	n00068		51		true
n04701	6	0.4650	n01461	n01308	67		true
n04702	6	0.4619	n01409	n02528	44		true
n04703	3225	0.4600		n00037 n00133 n00338 n00452 n01148 n01333 n01565 n01779 n01814 n02095 n02254 n02336 n02564 n02611 n02627 n02629 n02668 n02793 n02895 n02946 n02960 n03029 n03137 n03260 n03405 n03443 n03514 n03611 n03629 n03667 n03688 n03732 n03757 n03783 n03842 n03870 n03901 n03937 n03952 n03953 n03958 n04084 n04098 n04119 n04150 n04177 n04255 n04299 n04341 n04448 n04490 n04538 n04545 n04575 n04625 n04629 n04649 n04680 n04725 n04732 n04837 n04871 n04884 n04907 n04915 n04929 n04974 n05019 n05062 n05074 n05155 n05180 n05196 n05406 n05412 n05504 n05536 n05553 n05644 n05756 n05778 n05849 n05912 n05973 n05989 n05999 n06071 n06077 n06118 n06134 n06145 n06188	11877		true
n04704	60	0.4600	n04273	n04023 n05298	2632		true
n04705	38	0.4600	n03091	n02660 n03894	1641		true
n04706	30	0.4600	n05109	n03036 n04709	1837		true
n04707	25	0.4600	n04275 n04654	n04531 n04578	647		true
n04708	23	0.4600	n05172	n00012 n04194	67		true
n04709	24	0.4600	n03148 n04706	n04614 n06094	381		true
n04710	23	0.4600	n01134 n03060	n02637 n03507	1597		true
n04711	21	0.4600		n00034 n00209	315		true
n04712	22	0.4600	n05450	n04131 n04246	1452		true
n04713	20	0.4600	n03266	n04039 n04616	394		true
n04714	19	0.4600	n06162	n05069 n06123	953		true
n04715	19	0.4600	n02322	n00415	303		true
n04716	19	0.4600	n05559	n00702 n02837	385		true
n04717	19	0.4600	n06040	n02640 n02963	291		true
n04718	18	0.4600	n04115	n01146 n01209	361		true
n04719	19	0.4600	n02504	n01521 n02204 n04353	371		true
n04720	18	0.4600	n04232	n03994 n05410	132		true
n04721	18	0.4600	n02243	n01890 n04630	368		true
n04722	18	0.4600	n00268	n01813 n04215	142		true
n04723	14	0.4600	n01801	n00063	198		true
n04724	14	0.4600	n06181	n04928 n04978	591		true
n04725	14	0.4600	n04703	n01274	132		true
n04726	14	0.4600	n03369	n00163 n02766	93		true
n04727	13	0.4600	n05663	n00308 n01567	259		true
n04728	12	0.4600	n02607	n02836	132		true
n04729	13	0.4600	n05196	n02407 n05430	707		true
n04730	13	0.4600	n04572	n02812 n03814	251		true
n04731	13	0.4600	n03886	n01700 n03358	322		true
n04732	13	0.4600	n04703	n00444 n02343	353		true
n04733	11	0.4600	n03470	n00132	655		true
n04734	10	0.4600	n05471	n00972	54		true
n04735	9	0.4600	n04666	n03294	242		true
n04736	10	0.4600		n01618 n01786	2243		true
n04737	9	0.4600	n04497	n00203 n02495	134		true
n04738	9	0.4600	n03101 n06133	n04397	99		true
n04739	9	0.4600	n02799	n03487	205		true
n04740	7	0.4600	n02292	n01982 n02571	106		true
n04741	7	0.4600	n03941	n00585	39		true
n04742	7	0.4600		n01248	500		true
n04743	6	0.4600	n00521	n01936	6		true
n04744	6	0.4600	n02960		22		true
n04745	6	0.4600	n00305		521		true
n04746	7	0.4600	n05138	n01611	559		true
n04747	6	0.4600	n02825 n03459	n01185	36		true
n04748	8	0.4592	n01739	n01913 n02156	37		true
n04749	5	0.4573	n05411		106		true
n04750	71	0.4550	n03091	n02743 n04895	607		true
n04751	49	0.4550	n02389	n03528 n04440	722		true
n04752	42	0.4550	n06104	n03615 n03960	290		true
n04753	37	0.4550	n03419	n00691 n01328	931		true
n04754	37	0.4550	n03668	n04234 n05182 n05327	1002		true
n04755	31	0.4550	n02871	n02037 n03451	356		true
n04756	28	0.4550	n03262	n02896	901		true
n04757	31	0.4550	n04807	n05507 n05817	85		true
n04758	25	0.4550	n03092	n02962 n03330	179		true
n04759	22	0.4550		n01278 n06052	1104		true
n04760	21	0.4550	n06041	n01400	353		true
n04761	21	0.4550	n04611	n00158 n02381 n04932	315		true
n04762	19	0.4550	n01200	n03533 n05996	82		true
n04763	20	0.4550	n05666	n04133 n05706	829		true
n04764	18	0.4550	n05181	n01102 n03472	82		true
n04765	15	0.4550	n05739	n00063	95		true
n04766	15	0.4550	n05558	n04602 n05529	320		true
n04767	15	0.4550		n01363 n02668	105		true
n04768	14	0.4550	n02164	n01531 n03089	2523		true
n04769	15	0.4550	n03564	n01092 n03604 n05638	106		true
n04770	16	0.4550	n06162	n03110 n05256	582		true
n04771	13	0.4550	n02984	n00327 n02377	259		true
n04772	13	0.4550	n01801	n00926 n02656	97		true
n04773	13	0.4550	n02745	n00978 n05824	480		true
n04774	12	0.4550	n04852	n00536 n05281	572		true
n04775	13	0.4550	n01684	n02010 n02368	528		true
n04776	14	0.4550	n03528	n00701 n05769	660		true
n04777	13	0.4550	n02876	n02211	4053		true
n04778	11	0.4550		n01275	219		true
n04779	10	0.4550	n03220	n00556	241		true
n04780	10	0.4550	n04614	n00970	265		true
n04781	11	0.4550		n03140 n04593	259		true
n04782	10	0.4550	n06191	n00193	361		true
n04783	10	0.4550	n04806	n01159 n02516	388		true
n04784	9	0.4550	n00523	n00181	71		true
n04785	9	0.4550	n03073 n03933	n01481 n03359	111		true
n04786	9	0.4550	n02689	n00192	167		true
n04787	9	0.4550	n03428	n00200	52		true
n04788	8	0.4550	n05733		794		true
n04789	9	0.4550	n05556	n02180 n04840	629		true
n04790	8	0.4550	n05413	n01497	187		true
n04791	7	0.4550	n02960	n02344	198		true
n04792	8	0.4550	n02960	n01436	3200		true
n04793	7	0.4550	n02960	n00923	41		true
n04794	7	0.4550	n05819		124		true
n04795	7	0.4550	n02710	n02426	436		true
n04796	6	0.4550	n03403	n02070	76		true
n04797	6	0.4550	n06090	n02454	138		true
n04798	5	0.4550	n05377		90		true
n04799	5	0.4550	n02960		231		true
n04800	9	0.4545	n00070	n00244 n04268	44		true
n04801	7	0.4541	n01820	n01240	51		true
n04802	6	0.4523	n04335	n02312	60		true
n04803	6	0.4523	n02562 n05311		62		true
n04804	5	0.4523			249		true
n04805	65	0.4500	n06162	n02464	231		true
n04806	53	0.4500	n00778	n03304 n03536 n03684 n04783 n04879 n05607 n05881	894		true
n04807	38	0.4500	n05111	n04757 n04899	85		true
n04808	35	0.4500	n06162	n04540 n05984	797		true
n04809	36	0.4500	n03583	n00462 n04031 n05569	1006		true
n04810	28	0.4500	n06162	n00103 n05740	479		true
n04811	29	0.4500	n02960	n00306 n02038	494		true
n04812	25	0.4500	n02960	n00269 n00916	150		true
n04813	26	0.4500	n04437	n03504 n04857	353		true
n04814	21	0.4500	n01679	n00271	590		true
n04815	20	0.4500	n02822	n01642 n01826	156		true
n04816	19	0.4500	n02037	n00280 n02517	135		true
n04817	17	0.4500	n02198	n00143 n00223	62		true
n04818	17	0.4500	n04961	n02122	361		true
n04819	16	0.4500	n06115	n02329 n03280	258		true
n04820	14	0.4500	n05561	n00229 n00295	95		true
n04821	16	0.4500	n05235	n02402 n05079	568		true
n04822	14	0.4500	n03124	n01272 n03754	117		true
n04823	14	0.4500	n04029	n03941	183		true
n04824	13	0.4500	n04408	n01030	95		true
n04825	12	0.4500	n00275	n00470 n00594	298		true
n04826	12	0.4500	n03735	n01028 n06027	203		true
n04827	11	0.4500	n05015 n05307	n00620	135		true
n04828	9	0.4500	n04135 n04587	n00903	170		true
n04829	9	0.4500	n03683	n01865	124		true
n04830	10	0.4500		n01970 n04889	116		true
n04831	9	0.4500	n01801	n01048	51		true
n04832	9	0.4500	n01801	n02137	340		true
n04833	9	0.4500	n02960	n00900	65		true
n04834	8	0.4500	n05453	n00985	152		true
n04835	8	0.4500	n05258	n01557	386		true
n04836	8	0.4500	n03091	n01717 n01908	101		true
n04837	7	0.4500	n04703	n01498	185		true
n04838	6	0.4500	n03871 n06208	n01321	47		true
n04839	6	0.4500		n01619	1492		true
n04840	6	0.4500	n04789 n04921		409		true
n04841	6	0.4500	n02611	n02274	182		true
n04842	6	0.4500	n00525		163		true
n04843	6	0.4500	n03439		61		true
n04844	5	0.4500			1713		true
n04845	5	0.4500			142		true
n04846	5	0.4500	n03575		58		true
n04847	8	0.4485	n00871		459		true
n04848	145	0.4450	n05337 n05785	n02689 n03887 n05787	1478		true
n04849	110	0.4450	n04271	n03069 n04273 n05879	2659		true
n04850	49	0.4450	n06031	n03177 n03954 n04056 n04471	351		true
n04851	30	0.4450	n03151	n00780	115		true
n04852	28	0.4450	n05392	n01889 n02468 n04774	790		true
n04853	28	0.4450	n04357	n01267 n04855	278		true
n04854	23	0.4450	n05057	n03440 n03738	372		true
n04855	22	0.4450	n04853	n01922 n02560	270		true
n04856	22	0.4450	n01801	n00889 n01270	125		true
n04857	23	0.4450	n04813	n01406 n02669 n03318	353		true
n04858	18	0.4450	n04271	n02584	519		true
n04859	17	0.4450	n05558	n02078 n04143	116		true
n04860	18	0.4450	n06162	n00546 n02365 n03621	652		true
n04861	19	0.4450		n01383 n03430	6466		true
n04862	16	0.4450	n04366	n01271	609		true
n04863	14	0.4450	n05356 n05838	n00081 n01906	1185		true
n04864	14	0.4450	n01801	n01965 n02139 n05161	320		true
n04865	16	0.4450	n04074	n02977 n03352 n05823	821		true
n04866	18	0.4450	n03674	n03758 n04990 n05427 n05706 n05762	824		true
n04867	13	0.4450	n00272	n01645	134		true
n04868	13	0.4450	n02121	n01280 n04561	781		true
n04869	11	0.4450	n04032	n03253 n03449	60		true
n04870	11	0.4450	n04169 n04964	n02559	75		true
n04871	11	0.4450	n04703	n00444	342		true
n04872	12	0.4450	n05183	n02368	528		true
n04873	11	0.4450	n02960	n00854 n01554	128		true
n04874	10	0.4450	n04453	n02445	64		true
n04875	10	0.4450	n00029	n00714	414		true
n04876	9	0.4450	n05607	n02151	187		true
n04877	9	0.4450	n05876	n00354	535		true
n04878	9	0.4450	n06001	n03453	74		true
n04879	8	0.4450	n04806	n01935	194		true
n04880	10	0.4450	n04378	n04422	109		true
n04881	8	0.4450	n01407	n00581	69		true
n04882	8	0.4450	n05308	n01118 n01396	58		true
n04883	7	0.4450	n03091	n01873	80		true
n04884	7	0.4450	n04703		57		true
n04885	7	0.4450	n02479	n01367 n02522	145		true
n04886	6	0.4450	n02044		195		true
n04887	6	0.4450	n01801	n02382	1165		true
n04888	6	0.4450	n01801	n02269	98		true
n04889	5	0.4450	n04830		102		true
n04890	5	0.4433	n00123		64		true
n04891	8	0.4427	n01086		52		true
n04892	6	0.4422	n05676		229		true
n04893	6	0.4410	n02476	n01395	142		true
n04894	87	0.4400	n03920	n05172 n05911	377		true
n04895	47	0.4400	n04750 n05231	n02198 n03435	151		true
n04896	40	0.4400	n02774	n00313 n06109	512		true
n04897	30	0.4400	n06165	n03493 n05239 n05514	928		true
n04898	28	0.4400	n02960	n01200	202		true
n04899	31	0.4400	n04807	n03061 n05507	79		true
n04900	24	0.4400	n05973	n01796 n02747	757		true
n04901	27	0.4400	n06162	n04173	501		true
n04902	25	0.4400	n02799	n01081 n03469 n05737	48		true
n04903	23	0.4400		n03369 n05535	129		true
n04904	22	0.4400	n01730	n02899	270		true
n04905	20	0.4400	n02980	n04044 n04286	330		true
n04906	19	0.4400	n04238	n03777	1584		true
n04907	19	0.4400	n04703	n01639 n04141	207		true
n04908	19	0.4400	n03091	n00301 n00431	223		true
n04909	17	0.4400	n02960	n00449 n01962	174		true
n04910	17	0.4400	n02360	n01203 n04251	248		true
n04911	17	0.4400	n05608	n02972 n06191	1230		true
n04912	17	0.4400	n05123	n02251 n02790	636		true
n04913	18	0.4400	n02393	n02967 n04134	211		true
n04914	15	0.4400	n05560	n03806 n04421	43		true
n04915	16	0.4400	n04703	n02832 n03942	239		true
n04916	16	0.4400	n06162	n02881 n04519	874		true
n04917	15	0.4400	n03014	n03185	1091		true
n04918	15	0.4400		n00905 n01275	397		true
n04919	14	0.4400	n05913	n01819	200		true
n04920	13	0.4400		n00348 n01786	1722		true
n04921	15	0.4400	n05556	n03944 n04840	1976		true
n04922	12	0.4400	n06162	n03444 n03876	480		true
n04923	12	0.4400	n03365	n02678 n04065	168		true
n04924	11	0.4400	n04040	n01032 n01125	782		true
n04925	11	0.4400	n04407	n03136	66		true
n04926	12	0.4400	n00692	n00612	140		true
n04927	11	0.4400	n05453	n00985 n01971	155		true
n04928	11	0.4400	n04724	n02770 n03716	589		true
n04929	11	0.4400	n04703	n00555 n02232	917		true
n04930	10	0.4400	n01402	n00155	15		true
n04931	10	0.4400	n03896	n02217 n04692	212		true
n04932	10	0.4400	n04334 n04761	n00480	289		true
n04933	10	0.4400	n05448	n01215 n01979	64		true
n04934	11	0.4400	n06120	n03415 n03788	142		true
n04935	10	0.4400	n01678	n00546	164		true
n04936	10	0.4400	n03680	n02482	130		true
n04937	10	0.4400	n01957	n00657	820		true
n04938	8	0.4400	n01403	n01001	484		true
n04939	9	0.4400	n05911	n04956	54		true
n04940	8	0.4400	n02693	n00910	52		true
n04941	8	0.4400	n04302	n00384	813		true
n04942	7	0.4400	n04663		114		true
n04943	7	0.4400	n05916	n02388	109		true
n04944	7	0.4400	n04148	n01626	1280		true
n04945	6	0.4400	n03271 n03846	n01676	121		true
n04946	7	0.4400	n01801	n02346	93		true
n04947	6	0.4400	n05800		56		true
n04948	6	0.4400	n01339	n01386	25		true
n04949	6	0.4400	n04413 n05869 n06083		44		true
n04950	6	0.4400		n02492	349		true
n04951	6	0.4400	n06162	n01318	1655		true
n04952	7	0.4400	n02080	n02105	35		true
n04953	6	0.4400	n03749	n02386	61		true
n04954	6	0.4400	n03091 n05391	n02230	72		true
n04955	5	0.4400	n02960		290		true
n04956	5	0.4400	n04939		30		true
n04957	11	0.4372	n02285	n01284 n05821	89		true
n04958	6	0.4372	n01133		21		true
n04959	197	0.4350	n02960	n02924 n05003	2468		true
n04960	102	0.4350	n06162	n00001 n02633 n03645	1208		true
n04961	26	0.4350	n03059 n03494	n03774 n04818	362		true
n04962	23	0.4350	n03925	n03132 n03181	988		true
n04963	21	0.4350	n01681	n03098 n04416	147		true
n04964	18	0.4350	n04402	n02509 n04870	160		true
n04965	18	0.4350		n02553 n02601 n05573	3652		true
n04966	18	0.4350	n05604	n04208 n04622	3239		true
n04967	18	0.4350	n01584	n00050 n05383	631		true
n04968	18	0.4350	n05727	n04616	188		true
n04969	16	0.4350	n05174	n01100 n04508	1136		true
n04970	16	0.4350	n05062	n04099 n04505	341		true
n04971	15	0.4350	n06162	n01735 n04090	238		true
n04972	14	0.4350	n01801	n00881	220		true
n04973	14	0.4350	n02960	n01087	130		true
n04974	14	0.4350	n04703	n01274 n04317	139		true
n04975	12	0.4350	n04118	n00799 n03551	117		true
n04976	13	0.4350	n06065	n00961 n06010	409		true
n04977	12	0.4350	n03886 n06064	n01383 n01474	2591		true
n04978	11	0.4350	n04276 n04724	n02298 n03716	460		true
n04979	11	0.4350	n03679 n05721	n02293 n05781	286		true
n04980	11	0.4350	n04274	n00474 n00571	349		true
n04981	10	0.4350	n03158	n00825 n02384	66		true
n04982	10	0.4350	n04584	n02705	320		true
n04983	11	0.4350	n04627	n02050 n04530	105		true
n04984	11	0.4350	n00028	n04520	524		true
n04985	8	0.4350	n01801	n01662	182		true
n04986	9	0.4350	n04455	n02706	240		true
n04987	9	0.4350	n02797	n00832 n02345	1102		true
n04988	7	0.4350	n00522 n05726		28		true
n04989	6	0.4350	n05972	n01122	337		true
n04990	6	0.4350	n04866 n05666		811		true
n04991	6	0.4350	n03536		360		true
n04992	6	0.4350	n00050	n02266	555		true
n04993	6	0.4350	n02641		258		true
n04994	7	0.4350	n02838	n00764	423		true
n04995	7	0.4322	n01145		99		true
n04996	6	0.4322	n03130 n04589 n05311		42		true
n04997	6	0.4308	n00069	n01073	39		true
n04998	44	0.4300	n03667	n01584 n03771	1058		true
n04999	44	0.4300		n02946 n03443 n03608	1823		true
n05000	34	0.4300	n02960	n01090 n01689 n03314 n03655 n05378	518		true
n05001	34	0.4300		n00756 n01078	384		true
n05002	28	0.4300	n05236	n01266 n04130	1354		true
n05003	27	0.4300	n04959	n03930 n05118	88		true
n05004	26	0.4300		n02609 n03964	4463		true
n05005	24	0.4300	n02960	n04327 n05530	221		true
n05006	24	0.4300	n01682	n02245 n02935	132		true
n05007	22	0.4300	n05110	n00691 n05017	603		true
n05008	24	0.4300	n04606	n02999 n03115 n03400	1721		true
n05009	19	0.4300	n05609	n04085 n05758	210		true
n05010	17	0.4300		n02760 n05569	397		true
n05011	17	0.4300	n04406	n02857	239		true
n05012	16	0.4300	n04176	n02292 n05822	374		true
n05013	15	0.4300	n00952	n01141	655		true
n05014	17	0.4300	n02899	n01409 n06004	193		true
n05015	15	0.4300	n02985	n00757 n04827	323		true
n05016	13	0.4300		n00792 n02997	46		true
n05017	13	0.4300	n05007	n04021 n04244	286		true
n05018	12	0.4300	n02960	n00813 n01864	77		true
n05019	12	0.4300	n04703	n01540 n03816	74		true
n05020	11	0.4300	n04448	n02768 n03347	59		true
n05021	11	0.4300	n02197	n03007	235		true
n05022	10	0.4300	n04452	n02731 n03855	150		true
n05023	11	0.4300	n05993	n01349 n02268	487		true
n05024	10	0.4300	n02040	n06015	1612		true
n05025	10	0.4300	n01801	n01743 n02416	237		true
n05026	10	0.4300	n01138	n03417 n05438	36		true
n05027	10	0.4300	n02851 n05286		685		true
n05028	11	0.4300	n05723	n00146	63		true
n05029	10	0.4300	n01801	n03457 n04424	55		true
n05030	10	0.4300	n01801	n00457 n01909	114		true
n05031	9	0.4300			89		true
n05032	9	0.4300	n04179 n04372	n01448 n02869	329		true
n05033	9	0.4300	n03013 n03592	n00478	396		true
n05034	10	0.4300	n00017	n01903 n04353	425		true
n05035	8	0.4300	n04657		68		true
n05036	9	0.4300	n01818 n05601	n00639 n05657	37		true
n05037	8	0.4300	n00515	n01507	32		true
n05038	9	0.4300	n02124	n01763 n02517	42		true
n05039	8	0.4300	n04235 n05525		100		true
n05040	7	0.4300	n02588		553		true
n05041	7	0.4300	n03091	n02522	163		true
n05042	7	0.4300	n05409	n01050 n01840	626		true
n05043	7	0.4300	n02473		273		true
n05044	6	0.4300	n05414 n05694	n00942	82		true
n05045	6	0.4300	n00148	n01990	404		true
n05046	6	0.4300	n05241	n02233	625		true
n05047	6	0.4300	n01887	n02427	50		true
n05048	6	0.4300	n03091	n01908	280		true
n05049	6	0.4300	n01896	n02062	160		true
n05050	5	0.4294	n03641		236		true
n05051	6	0.4293	n00141 n03254 n05252	n02105	112		true
n05052	7	0.4278	n01404	n01113	68		true
n05053	63	0.4250	n05442	n01549 n03837 n04536	1275		true
n05054	67	0.4250	n03091	n00782 n03643 n03707	1686		true
n05055	59	0.4250	n05554	n03149 n04359	734		true
n05056	42	0.4250	n04485	n00105 n03924	930		true
n05057	40	0.4250	n01802	n04013 n04615 n04854 n05559	566		true
n05058	29	0.4250		n01527 n03803	1985		true
n05059	29	0.4250	n00867	n00409 n06112	353		true
n05060	27	0.4250	n02660	n03646	1519		true
n05061	23	0.4250	n01397	n04122 n05478	217		true
n05062	24	0.4250	n04703	n04970 n06179	450		true
n05063	20	0.4250	n04074	n03217	2047		true
n05064	19	0.4250		n04287 n05319	177		true
n05065	16	0.4250	n06162	n00277	217		true
n05066	16	0.4250	n02119	n00933 n01737	220		true
n05067	17	0.4250	n04542	n01690 n04156 n05827	236		true
n05068	15	0.4250	n00271	n01770	574		true
n05069	14	0.4250	n04714	n02699 n03432	602		true
n05070	14	0.4250	n00953	n01205 n02701	94		true
n05071	13	0.4250	n03586 n04116	n02591 n04676	439		true
n05072	13	0.4250	n04085	n03189 n04052	175		true
n05073	14	0.4250	n05672	n00148 n01984	491		true
n05074	15	0.4250	n04703	n02907 n05146	113		true
n05075	12	0.4250	n03269	n00962 n01069	58		true
n05076	12	0.4250	n05192	n02647 n03949	281		true
n05077	11	0.4250	n03501	n00705 n04600	234		true
n05078	11	0.4250	n04327	n03660 n03824	89		true
n05079	11	0.4250	n04821	n04256 n05212	560		true
n05080	12	0.4250	n01269	n02130 n06160	75		true
n05081	11	0.4250	n00520	n03756 n04313	115		true
n05082	12	0.4250	n02549	n02998	221		true
n05083	11	0.4250	n04375	n01428 n02051	179		true
n05084	9	0.4250	n02901 n05477	n02061	57		true
n05085	10	0.4250	n03067	n04387	77		true
n05086	9	0.4250	n01801	n02656	52		true
n05087	9	0.4250	n05920	n00906	164		true
n05088	8	0.4250	n03493 n05239	n00364	388		true
n05089	8	0.4250	n05363	n00991	26		true
n05090	7	0.4250	n02960		300		true
n05091	7	0.4250	n01205	n00758	74		true
n05092	7	0.4250	n01801	n01050	950		true
n05093	7	0.4250	n02612		139		true
n05094	6	0.4250	n02470	n02570	69		true
n05095	6	0.4250	n05745	n01839	34		true
n05096	6	0.4250	n04549 n05838	n01906	1882		true
n05097	7	0.4250	n06162	n00746	261		true
n05098	6	0.4250	n01801		81		true
n05099	6	0.4250	n03318	n01572	108		true
n05100	6	0.4250	n03194		46		true
n05101	6	0.4250	n06162	n01985	492		true
n05102	7	0.4221	n02581 n04449	n01915	97		true
n05103	6	0.4213	n01026	n02026	29		true
n05104	5	0.4213	n03534		51		true
n05105	168	0.4200	n03091	n04074 n06166	2364		true
n05106	87	0.4200	n04271	n00035 n02828 n04650	668		true
n05107	51	0.4200	n01846	n04275 n05334	766		true
n05108	53	0.4200	n04271	n01003 n02980 n05398	700		true
n05109	49	0.4200		n03148 n04706	2214		true
n05110	43	0.4200	n02960	n03419 n05007	1045		true
n05111	40	0.4200	n02960	n04807	85		true
n05112	42	0.4200	n06036	n04025 n05921	379		true
n05113	35	0.4200	n04271	n00403 n01804	679		true
n05114	36	0.4200	n02239	n02115 n02801 n05898	380		true
n05115	34	0.4200	n04114 n05555	n01012 n02185	930		true
n05116	34	0.4200	n01011 n04200	n02555 n03328	528		true
n05117	28	0.4200	n03584	n01223 n02984	483		true
n05118	23	0.4200	n05003	n02392 n04504	76		true
n05119	23	0.4200	n06044	n01555 n02361 n05998	186		true
n05120	21	0.4200	n02037	n00280 n03947	148		true
n05121	20	0.4200	n01132	n00430 n01421	900		true
n05122	20	0.4200	n03646 n05232	n00519 n03972	681		true
n05123	19	0.4200	n03800	n04912 n05366	636		true
n05124	20	0.4200	n06162	n03017 n04022	728		true
n05125	19	0.4200		n02936 n05800	123		true
n05126	17	0.4200	n02979	n02472 n02845	225		true
n05127	17	0.4200	n05728 n05732	n03219 n03571	280		true
n05128	16	0.4200	n03527	n00786	310		true
n05129	17	0.4200		n03575 n06147	184		true
n05130	15	0.4200	n05352	n00423 n05953	88		true
n05131	15	0.4200	n03215	n00808 n01491	140		true
n05132	15	0.4200	n05740	n01613 n04219	328		true
n05133	15	0.4200	n05243	n00349 n02444	604		true
n05134	16	0.4200	n05353	n03374 n03385	287		true
n05135	15	0.4200	n02709	n03042 n06007	204		true
n05136	13	0.4200	n04084	n03225	112		true
n05137	12	0.4200	n03886 n04611	n00158 n00817	47		true
n05138	14	0.4200		n03046 n04746	1039		true
n05139	13	0.4200	n03269	n00962 n02537	68		true
n05140	12	0.4200	n05799 n06162	n01778	2320		true
n05141	11	0.4200	n04128	n00318	187		true
n05142	11	0.4200	n02856	n01367 n02217	222		true
n05143	11	0.4200		n00892	181		true
n05144	12	0.4200	n01953	n02184 n02865	63		true
n05145	12	0.4200	n02960	n02414 n03954	243		true
n05146	10	0.4200	n05074	n05431	93		true
n05147	10	0.4200	n02960	n02526 n03253	131		true
n05148	10	0.4200	n02636	n00174	118		true
n05149	10	0.4200	n02902	n01421 n02352	774		true
n05150	9	0.4200		n00722	306		true
n05151	10	0.4200	n01801	n02920 n04352	873		true
n05152	10	0.4200	n00087	n01165 n04603	744		true
n05153	8	0.4200	n04271	n00475	202		true
n05154	9	0.4200	n06162	n01658	316		true
n05155	8	0.4200	n04703	n02222	621		true
n05156	7	0.4200	n02960		7		true
n05157	7	0.4200	n01801	n01984 n02314	74		true
n05158	7	0.4200	n06162		136		true
n05159	7	0.4200	n05255		1200		true
n05160	6	0.4200	n03370	n02182	42		true
n05161	6	0.4200	n04864		297		true
n05162	6	0.4200	n03537 n04142	n02231	290		true
n05163	6	0.4200	n01801	n02572	98		true
n05164	5	0.4200	n03136		37		true
n05165	7	0.4192	n00298	n00919	183		true
n05166	5	0.4192	n02645 n05990		444		true
n05167	6	0.4188	n01146	n02313	151		true
n05168	8	0.4175	n02249	n00483	152		true
n05169	8	0.4171	n03437 n06083	n00982	49		true
n05170	6	0.4171	n02661		81		true
n05171	81	0.4150	n06162	n00867 n05389	1013		true
n05172	72	0.4150	n01581 n04894	n02822 n04708	242		true
n05173	49	0.4150	n03360	n03800 n05325 n06114	641		true
n05174	36	0.4150	n02960	n04969 n05749 n06051	1172		true
n05175	33	0.4150	n03767	n03394 n05522	1201		true
n05176	33	0.4150	n02927 n03208 n03888	n01240 n02799	717		true
n05177	27	0.4150	n05724	n03407 n05562	203		true
n05178	26	0.4150	n02240	n03530 n05481	570		true
n05179	27	0.4150	n06162	n00705 n05617	292		true
n05180	26	0.4150	n04703	n01017 n02875	371		true
n05181	24	0.4150	n00005	n03269 n04764	83		true
n05182	24	0.4150	n04754	n00781	986		true
n05183	24	0.4150	n03328	n01684 n02716 n04872 n05315	528		true
n05184	22	0.4150	n04271	n05794	466		true
n05185	22	0.4150	n02541	n00084 n00115	90		true
n05186	21	0.4150	n06162	n00475 n00785	196		true
n05187	20	0.4150	n01883	n03016 n05192	308		true
n05188	18	0.4150	n01078	n02986 n05305	225		true
n05189	16	0.4150	n06162	n03220	241		true
n05190	16	0.4150	n04606	n02291 n04093	2449		true
n05191	16	0.4150	n04122 n05293	n04463 n05197	64		true
n05192	16	0.4150	n03364 n05187	n02290 n05076	281		true
n05193	17	0.4150	n05611	n00041 n06141	54		true
n05194	17	0.4150	n05721	n02293 n02704 n04478	656		true
n05195	16	0.4150	n05795	n03003 n05683	287		true
n05196	16	0.4150	n04703	n03709 n04729	707		true
n05197	13	0.4150	n03015 n05191	n03246	56		true
n05198	15	0.4150	n05513	n01424 n02480	225		true
n05199	12	0.4150	n04658	n01777 n03166	100		true
n05200	12	0.4150	n03607 n05671 n05675	n00879 n04185	304		true
n05201	12	0.4150	n03091	n01425 n01987	480		true
n05202	11	0.4150	n03669 n03923 n05452	n01354	55		true
n05203	12	0.4150	n01887	n02179 n04103	240		true
n05204	11	0.4150	n04583	n03986 n04598	195		true
n05205	10	0.4150	n03065 n03705	n01703 n03520 n05894	730		true
n05206	10	0.4150	n05928	n01829 n03259	134		true
n05207	9	0.4150	n03184	n00632 n02063	177		true
n05208	10	0.4150		n00373 n00637	395		true
n05209	10	0.4150	n03182	n00176	133		true
n05210	8	0.4150	n06131	n00746	280		true
n05211	8	0.4150	n04414	n00214	47		true
n05212	9	0.4150	n05079	n01369	438		true
n05213	7	0.4150	n03993		48		true
n05214	7	0.4150	n05368		888		true
n05215	7	0.4150	n05369	n01106 n02309	1716		true
n05216	8	0.4150	n02960	n01554	68		true
n05217	7	0.4150	n03943	n01175	117		true
n05218	7	0.4150			143		true
n05219	7	0.4150			60		true
n05220	6	0.4150	n04116 n04172		754		true
n05221	6	0.4150	n03229 n05372		670		true
n05222	6	0.4150	n04008	n01910	69		true
n05223	6	0.4150	n06091	n02154	141		true
n05224	7	0.4150	n04074	n02228	434		true
n05225	7	0.4133	n00095	n01494	38		true
n05226	8	0.4121	n00956	n01045	1494		true
n05227	7	0.4121	n01531		1386		true
n05228	6	0.4121	n03567	n02426	244		true
n05229	8	0.4108	n00606	n01510	23		true
n05230	6	0.4103	n00076		45		true
n05231	91	0.4100	n03091	n02659 n04895 n05981	388		true
n05232	63	0.4100	n03091	n02659 n04367 n05122	771		true
n05233	58	0.4100	n03009	n02197 n05482	1025		true
n05234	38	0.4100		n03153 n03988	778		true
n05235	35	0.4100	n05914	n00551 n00874 n04821	2914		true
n05236	32	0.4100	n06162	n05002 n05674	1354		true
n05237	25	0.4100	n03612	n01731 n03568	188		true
n05238	25	0.4100		n00013 n00905	447		true
n05239	26	0.4100	n04897	n01825 n02830 n03343 n05088 n06088	928		true
n05240	20	0.4100	n04273	n00273 n04626	523		true
n05241	21	0.4100	n01801	n03699 n05046	663		true
n05242	20	0.4100	n03586	n03862 n04676 n05865	572		true
n05243	19	0.4100	n03894	n04136 n05133	1424		true
n05244	17	0.4100	n04613	n00326 n01276	255		true
n05245	15	0.4100	n03772	n00812 n02171	201		true
n05246	15	0.4100	n04608	n00712 n04049	100		true
n05247	14	0.4100	n02469	n00529	46		true
n05248	15	0.4100	n05510	n02717 n03761	377		true
n05249	13	0.4100	n02981	n01018 n03133	163		true
n05250	14	0.4100	n05995	n00659 n03345	984		true
n05251	12	0.4100	n06162	n00102	762		true
n05252	12	0.4100	n02960	n01110 n05051	470		true
n05253	12	0.4100	n03609	n01926 n02182	427		true
n05254	12	0.4100	n04440	n01027 n05438	28		true
n05255	12	0.4100	n01527 n03803	n03258 n05159	1351		true
n05256	12	0.4100	n04770	n02258 n04479	413		true
n05257	10	0.4100	n03674 n04452	n00864 n03855	176		true
n05258	11	0.4100	n00603 n03495	n02017 n04835	386		true
n05259	9	0.4100	n06172	n00821	33		true
n05260	10	0.4100	n06162	n02621	377		true
n05261	9	0.4100	n05626	n01548	712		true
n05262	9	0.4100	n05988	n01246	558		true
n05263	9	0.4100	n00874	n00730	1791		true
n05264	8	0.4100	n01891 n02690	n00763	98		true
n05265	9	0.4100	n06162	n01988 n03917	365		true
n05266	9	0.4100	n02284	n00372 n01263	19		true
n05267	8	0.4100	n04131	n02452	128		true
n05268	7	0.4100	n04271		36		true
n05269	8	0.4100	n04674	n03490	108		true
n05270	7	0.4100	n04299		49		true
n05271	7	0.4100	n04036 n05564		64		true
n05272	7	0.4100	n05944	n02460	153		true
n05273	7	0.4100	n04503		2951		true
n05274	7	0.4100	n03505 n05405 n06206	n01302	139		true
n05275	7	0.4100	n03652	n01725	350		true
n05276	8	0.4100	n03017	n02347	450		true
n05277	6	0.4100		n02268	253		true
n05278	6	0.4100	n06162	n01566	71		true
n05279	6	0.4100	n03965		222		true
n05280	6	0.4100		n01983	95		true
n05281	6	0.4100	n04774		452		true
n05282	11	0.4091	n01813	n00321 n04638	139		true
n05283	7	0.4070	n02960		97		true
n05284	6	0.4070	n02960		9		true
n05285	6	0.4070	n03091	n02496	210		true
n05286	178	0.4050	n02685	n02435 n03692 n04567 n05027 n05627 n05714	1895		true
n05287	76	0.4050		n01176 n01200 n02873 n05341	526		true
n05288	39	0.4050	n04655	n03152 n03245	856		true
n05289	39	0.4050	n03091	n02097 n05604	3291		true
n05290	33	0.4050	n01882	n01134 n03060	1798		true
n05291	24	0.4050	n00602	n03562	242		true
n05292	25	0.4050	n04535	n04663 n05993	524		true
n05293	21	0.4050	n02242	n03015 n05191	138		true
n05294	20	0.4050	n02635	n00339 n02077	93		true
n05295	20	0.4050	n03769	n03468 n06057	156		true
n05296	20	0.4050	n06162	n00762 n03427 n05684	350		true
n05297	19	0.4050	n03924	n02282 n04128	905		true
n05298	16	0.4050	n04704	n00504 n01532	167		true
n05299	17	0.4050	n03366 n03461	n03310 n04620	300		true
n05300	16	0.4050	n03091	n01340 n03741 n05653	524		true
n05301	18	0.4050	n02637	n03071 n03997	1590		true
n05302	17	0.4050	n06162	n03166 n05629	287		true
n05303	15	0.4050		n00467 n05804	1145		true
n05304	17	0.4050	n04536	n04551 n05309	196		true
n05305	14	0.4050	n05188	n02006 n02703	165		true
n05306	15	0.4050	n02688	n02009 n03654	366		true
n05307	14	0.4050	n02985	n00607 n04827	139		true
n05308	13	0.4050	n01801	n02885 n04882	80		true
n05309	13	0.4050	n05304	n04186 n04417	128		true
n05310	12	0.4050	n05445	n00197 n01239	1880		true
n05311	14	0.4050	n03740	n01354 n04803 n04996	82		true
n05312	11	0.4050		n02789 n02889	102		true
n05313	11	0.4050	n03781	n00997 n05902	68		true
n05314	12	0.4050	n00415	n02297 n02311	291		true
n05315	11	0.4050	n05183	n02974	443		true
n05316	13	0.4050	n06162	n01744 n04148	1280		true
n05317	12	0.4050	n02879	n00615	969		true
n05318	11	0.4050		n02702	1068		true
n05319	10	0.4050	n05064	n02765	87		true
n05320	10	0.4050	n01814	n00189	203		true
n05321	11	0.4050	n06162	n02134 n02916	881		true
n05322	9	0.4050	n05626	n01548 n04265	703		true
n05323	9	0.4050	n05442	n01549 n03034	365		true
n05324	8	0.4050	n02006	n01105 n01305	147		true
n05325	8	0.4050	n05173	n01244	69		true
n05326	7	0.4050	n00091	n00230	21		true
n05327	7	0.4050	n04754		222		true
n05328	7	0.4050	n06191		382		true
n05329	7	0.4050	n02785	n01722 n02182	130		true
n05330	8	0.4050	n01801	n02225	133		true
n05331	6	0.4050	n05402	n02109	242		true
n05332	6	0.4050	n03471	n01517	168		true
n05333	6	0.4050	n06162		158		true
n05334	6	0.4050	n05107	n02064	27		true
n05335	6	0.4050	n05721	n02462	938		true
n05336	7	0.4020	n02464	n01946 n01949	51		true
n05337	162	0.4000	n06162	n00604 n04848	2344		true
n05338	69	0.4000	n03886	n04651 n05760	657		true
n05339	48	0.4000	n04649	n02815 n04572	519		true
n05340	44	0.4000	n00263	n02181 n03775 n04003 n06172	155		true
n05341	43	0.4000	n05287 n06162	n03011 n05728	439		true
n05342	40	0.4000	n01801	n00021 n05920	294		true
n05343	40	0.4000	n03643	n02741 n04131	1496		true
n05344	36	0.4000	n04609	n06039	200		true
n05345	33	0.4000	n04112	n03848 n04057 n06171	2461		true
n05346	27	0.4000	n01950	n00342 n01999	136		true
n05347	26	0.4000	n02960	n02055 n02243	471		true
n05348	24	0.4000	n03560	n00861 n04542	264		true
n05349	24	0.4000	n05719	n00689 n01761	244		true
n05350	20	0.4000	n06162	n02302 n03534	839		true
n05351	20	0.4000	n00007	n02544	708		true
n05352	19	0.4000	n03146	n03839 n05130	90		true
n05353	20	0.4000	n03463	n00964 n05134	361		true
n05354	20	0.4000	n04173	n03931 n04571 n05957	452		true
n05355	19	0.4000	n06162	n03101 n06133	376		true
n05356	17	0.4000	n05786	n03879 n04863	1185		true
n05357	19	0.4000	n04271	n03271 n03680	255		true
n05358	19	0.4000	n03062	n00522 n05767	131		true
n05359	18	0.4000		n02826 n05691	604		true
n05360	15	0.4000	n03737 n06039	n00047	191		true
n05361	15	0.4000	n04116	n01414 n04046	659		true
n05362	16	0.4000	n05730	n03023 n03681	211		true
n05363	16	0.4000	n02960	n01687 n05089	84		true
n05364	14	0.4000	n02580	n03170	94		true
n05365	13	0.4000	n02797	n03163	165		true
n05366	13	0.4000	n05123	n02251 n03481	636		true
n05367	12	0.4000		n00743 n01717	122		true
n05368	12	0.4000	n06162	n04263 n05214	1135		true
n05369	11	0.4000	n06162	n03815 n05215	1716		true
n05370	12	0.4000	n03531	n02808	337		true
n05371	12	0.4000	n01801	n00463 n03793	84		true
n05372	12	0.4000	n03300	n01385 n02954 n05221	687		true
n05373	10	0.4000	n01687	n00922 n00991	70		true
n05374	10	0.4000	n05621	n01216	47		true
n05375	9	0.4000	n03901	n01426 n02186	118		true
n05376	9	0.4000	n01690	n01972	69		true
n05377	8	0.4000	n04133	n04798	184		true
n05378	8	0.4000	n05000	n00649	88		true
n05379	8	0.4000	n02473		316		true
n05380	7	0.4000	n02960	n01913	94		true
n05381	7	0.4000	n04271	n01983	149		true
n05382	7	0.4000	n04136 n04462	n01835	1424		true
n05383	7	0.4000	n04967 n05487	n01169	580		true
n05384	6	0.4000	n00785	n02422	134		true
n05385	6	0.3990	n00615		908		true
n05386	10	0.3970	n00286 n03182	n00176 n03387	127		true
n05387	8	0.3970	n00607	n00567	102		true
n05388	53	0.3950	n06162	n05913	442		true
n05389	51	0.3950	n05171	n03827 n05617	690		true
n05390	54	0.3950		n02983 n04325	1170		true
n05391	45	0.3950	n05838	n01806 n04556 n04954 n06062	1080		true
n05392	37	0.3950	n05720	n03332 n04852	2089		true
n05393	37	0.3950	n01801	n01398 n02542 n04291	289		true
n05394	37	0.3950	n01801	n03819 n03975 n05733	1035		true
n05395	25	0.3950	n00266	n02391 n03097	1261		true
n05396	20	0.3950	n01680	n01589 n01866	372		true
n05397	18	0.3950	n01682	n02935 n04178	100		true
n05398	17	0.3950	n05108	n03966 n04044	242		true
n05399	17	0.3950	n03886 n04271	n00785	199		true
n05400	16	0.3950	n05667	n03458 n04217	1734		true
n05401	15	0.3950	n02875	n00065 n01904	364		true
n05402	14	0.3950	n03563	n00104 n05331	488		true
n05403	14	0.3950	n06164	n00086	461		true
n05404	14	0.3950	n04369	n02218 n03786	221		true
n05405	15	0.3950	n04083	n01675 n02843 n05274	484		true
n05406	15	0.3950	n04703	n02250 n05584	260		true
n05407	12	0.3950	n03013	n00091	24		true
n05408	12	0.3950		n03712 n04427	212		true
n05409	12	0.3950	n01801	n04683 n05042	684		true
n05410	11	0.3950	n04720	n04345	102		true
n05411	12	0.3950	n06162	n00548 n04749	158		true
n05412	11	0.3950	n04703	n00562	45		true
n05413	11	0.3950		n02729 n04790	193		true
n05414	10	0.3950	n04089	n01218 n05044	144		true
n05415	10	0.3950	n02960	n00803	427		true
n05416	10	0.3950	n03406	n03721	65		true
n05417	9	0.3950	n04166	n00856 n01392	89		true
n05418	9	0.3950	n04376	n00560	236		true
n05419	9	0.3950	n06162	n03324	59		true
n05420	9	0.3950		n00346	242		true
n05421	10	0.3950	n05935	n00590 n03201	173		true
n05422	9	0.3950		n00386 n02524	66		true
n05423	9	0.3950		n02975 n03822	139		true
n05424	9	0.3950	n05612	n01749 n02599	64		true
n05425	8	0.3950	n02331	n01323	449		true
n05426	8	0.3950	n03677	n01795	106		true
n05427	7	0.3950	n04133 n04866	n00666	277		true
n05428	7	0.3950	n05680		32		true
n05429	7	0.3950	n00608	n00503	137		true
n05430	7	0.3950	n04729		707		true
n05431	6	0.3950	n04190 n05146	n02493	69		true
n05432	6	0.3950	n00703		50		true
n05433	7	0.3950	n04630	n01262 n01668	146		true
n05434	6	0.3950	n00617 n02642	n00995	86		true
n05435	6	0.3950			74		true
n05436	6	0.3950	n06162		196		true
n05437	6	0.3937	n01532 n03147		79		true
n05438	7	0.3920	n05026 n05254		23		true
n05439	6	0.3920	n04339		340		true
n05440	101	0.3900	n06162	n00515 n03303 n03690 n04188 n06164	861		true
n05441	104	0.3900	n02819	n03392 n03899 n05506	1712		true
n05442	74	0.3900	n03091	n05053 n05323 n06014 n06135	1331		true
n05443	44	0.3900		n00609 n00707 n06107	571		true
n05444	35	0.3900	n04076	n00191 n05558	1898		true
n05445	33	0.3900	n03667	n05310 n05447	1903		true
n05446	29	0.3900	n01198	n02852	139		true
n05447	29	0.3900	n05445	n03695	1882		true
n05448	26	0.3900	n05720	n04042 n04379 n04933	315		true
n05449	26	0.3900	n04024	n01201 n04351 n06146	2457		true
n05450	26	0.3900	n03643	n01074 n04712	1456		true
n05451	25	0.3900	n03148	n01766 n02223 n06124	698		true
n05452	27	0.3900	n00951	n04492 n05202 n06053	138		true
n05453	23	0.3900	n02116	n04834 n04927 n06059	327		true
n05454	23	0.3900	n06169	n03983 n04497 n05961	310		true
n05455	23	0.3900	n03091	n01828 n05466	569		true
n05456	21	0.3900	n02823 n05560	n00095 n03806	65		true
n05457	22	0.3900	n03094	n03154 n04417	394		true
n05458	20	0.3900	n04074	n02294 n04616	191		true
n05459	19	0.3900	n04201	n00493 n05517	422		true
n05460	20	0.3900	n05985	n03900 n05932	844		true
n05461	18	0.3900		n01462 n01792	183		true
n05462	20	0.3900	n03465	n04283 n06001	268		true
n05463	18	0.3900	n02464	n05635 n05878	124		true
n05464	19	0.3900	n02960	n01886	1868		true
n05465	17	0.3900	n04404 n06113	n02285	152		true
n05466	17	0.3900	n05455	n02989	138		true
n05467	17	0.3900	n03829	n04413 n05869	207		true
n05468	16	0.3900	n02984	n03474 n04507	313		true
n05469	19	0.3900	n01999	n01739 n03409	111		true
n05470	15	0.3900	n03036	n02965	1793		true
n05471	16	0.3900	n04029	n04734 n06016	212		true
n05472	15	0.3900	n01801	n00446 n00554	670		true
n05473	14	0.3900	n02960	n00109 n05776	155		true
n05474	14	0.3900	n02960	n04592 n05576	56		true
n05475	13	0.3900	n05838	n00081 n01473	170		true
n05476	14	0.3900		n02249 n03085	192		true
n05477	14	0.3900	n02506	n01273 n05084	74		true
n05478	12	0.3900	n05061	n02379 n02600 n03478	198		true
n05479	12	0.3900	n00781	n00615	964		true
n05480	11	0.3900	n00022	n05599	86		true
n05481	12	0.3900	n05178	n02727 n03601	507		true
n05482	12	0.3900	n05233	n02218 n06149	124		true
n05483	11	0.3900	n01801	n01474	900		true
n05484	13	0.3900	n01583 n02438	n05579 n05703	217		true
n05485	10	0.3900	n04088	n00324	145		true
n05486	10	0.3900	n02932	n01547 n01560	259		true
n05487	10	0.3900	n01584	n00336 n05383	601		true
n05488	12	0.3900	n06162	n03445	264		true
n05489	11	0.3900	n04132	n02569 n03686	188		true
n05490	9	0.3900	n03303	n00472 n02530	118		true
n05491	8	0.3900	n03368	n00734	92		true
n05492	8	0.3900	n06200	n01905	155		true
n05493	9	0.3900	n05721	n02302	824		true
n05494	10	0.3900	n06162	n02850	506		true
n05495	7	0.3900	n06162	n00833	130		true
n05496	7	0.3900	n00095	n01494	48		true
n05497	7	0.3900	n02075	n01450	222		true
n05498	7	0.3900	n04562	n01261	23		true
n05499	6	0.3900	n05584		104		true
n05500	6	0.3900	n03227	n01665	1543		true
n05501	6	0.3889	n04098	n01754	71		true
n05502	6	0.3889	n00294	n00772	21		true
n05503	7	0.3861	n01144		33		true
n05504	64	0.3850	n04703	n04281 n04296 n05914 n05919 n05948	3897		true
n05505	29	0.3850	n02960	n04338 n04660	854		true
n05506	23	0.3850	n05441	n02119	340		true
n05507	24	0.3850	n04757 n04899	n05611	79		true
n05508	22	0.3850	n04233	n01734	77		true
n05509	19	0.3850	n03530	n02641 n02727	265		true
n05510	20	0.3850	n01134 n03060	n00492 n05248	383		true
n05511	18	0.3850	n03696 n03698	n02067 n03067	334		true
n05512	17	0.3850		n04634 n05623	257		true
n05513	17	0.3850	n06051	n05198	232		true
n05514	18	0.3850	n04897	n01499 n02830	857		true
n05515	16	0.3850	n06162	n00045 n00833	62		true
n05516	16	0.3850	n02279	n01465	193		true
n05517	16	0.3850	n05459	n01140	419		true
n05518	15	0.3850	n00271	n00486 n00624	451		true
n05519	15	0.3850	n03727	n03275 n03869	175		true
n05520	14	0.3850	n03607	n00957	306		true
n05521	14	0.3850	n06162	n00296 n02305	144		true
n05522	15	0.3850	n05175	n01467 n03356	956		true
n05523	13	0.3850	n02960	n00700	105		true
n05524	13	0.3850	n02118	n00703	122		true
n05525	15	0.3850	n06162	n02834 n04261 n05039	146		true
n05526	13	0.3850		n02945	211		true
n05527	12	0.3850	n01801	n04683	880		true
n05528	11	0.3850	n02937	n00932 n01513	386		true
n05529	12	0.3850	n04766	n02308 n02380 n03252	312		true
n05530	11	0.3850	n05005	n01456 n01661	193		true
n05531	12	0.3850	n04271	n00544 n05588	325		true
n05532	10	0.3850	n04271	n01288 n02969	112		true
n05533	10	0.3850	n01956	n02145	167		true
n05534	10	0.3850	n00023	n00180	25		true
n05535	10	0.3850	n04903	n00712 n02766	63		true
n05536	10	0.3850	n04703	n00999 n01672	55		true
n05537	9	0.3850	n04090		170		true
n05538	8	0.3850	n06006	n00993 n02028	241		true
n05539	9	0.3850	n04095 n06162	n00728	220		true
n05540	8	0.3850	n01778	n01167	2314		true
n05541	8	0.3850	n03160	n02451	102		true
n05542	8	0.3850	n03866	n01055 n02060	116		true
n05543	9	0.3850	n03187	n02377	201		true
n05544	7	0.3850	n02779 n03542	n01242	763		true
n05545	7	0.3850	n01801		609		true
n05546	8	0.3850	n01801	n02225	104		true
n05547	6	0.3850	n04271		97		true
n05548	6	0.3850	n00523		47		true
n05549	6	0.3850	n03393		37		true
n05550	7	0.3838	n01924	n00995	57		true
n05551	6	0.3819	n02130 n03169	n02387	42		true
n05552	118	0.3800	n06104	n01950 n03615	859		true
n05553	83	0.3800	n04703	n02982 n03035 n03526 n06184	1572		true
n05554	68	0.3800	n05909	n03062 n05055	842		true
n05555	47	0.3800	n04075	n02606 n05115	934		true
n05556	45	0.3800	n01801	n03745 n04524 n04789 n04921 n06063	2038		true
n05557	31	0.3800	n03418	n03770	505		true
n05558	28	0.3800	n05444	n04766 n04859	338		true
n05559	28	0.3800	n05057	n03738 n04716	392		true
n05560	24	0.3800	n02740	n04914 n05456	79		true
n05561	21	0.3800	n04540	n04820 n05877	152		true
n05562	21	0.3800	n03012 n03859 n05177	n01767 n04303	202		true
n05563	22	0.3800		n04187 n04466 n05689	1904		true
n05564	20	0.3800	n03860	n03248 n05271 n06072	386		true
n05565	19	0.3800		n03934 n05832	1061		true
n05566	17	0.3800	n00269	n01686 n06208	150		true
n05567	17	0.3800	n01637	n02661 n03403	99		true
n05568	17	0.3800	n03121	n03967 n06148	589		true
n05569	14	0.3800	n04809 n05010	n02478 n05575	397		true
n05570	12	0.3800	n03671	n00614	745		true
n05571	11	0.3800	n04442	n00123	73		true
n05572	11	0.3800	n04074	n00977 n01323	1346		true
n05573	11	0.3800	n04965	n01741	3498		true
n05574	11	0.3800	n02076	n00807	350		true
n05575	10	0.3800	n05569	n02445	68		true
n05576	10	0.3800	n03772 n05474	n00812	52		true
n05577	11	0.3800	n04271	n02011	1991		true
n05578	10	0.3800	n01801	n02866 n05782	371		true
n05579	9	0.3800	n05484	n03579 n04528	142		true
n05580	10	0.3800	n01801	n02951	410		true
n05581	10	0.3800	n03646	n00634 n04159	455		true
n05582	9	0.3800	n06162	n02134	812		true
n05583	9	0.3800	n04093	n01546	2433		true
n05584	10	0.3800	n05406	n01098 n05499	122		true
n05585	8	0.3800	n03561	n00390	51		true
n05586	9	0.3800	n02991	n04315	141		true
n05587	9	0.3800	n04233	n00920 n02771	25		true
n05588	8	0.3800	n05531		68		true
n05589	9	0.3800	n01801	n02415	253		true
n05590	7	0.3800	n04624	n00835	349		true
n05591	7	0.3800		n01234	38		true
n05592	7	0.3800	n02938 n04496	n01836	398		true
n05593	7	0.3800	n01801	n01245	231		true
n05594	6	0.3800	n03977 n05957		136		true
n05595	6	0.3800	n06162		532		true
n05596	6	0.3800	n02960		352		true
n05597	8	0.3797	n00151	n00652	180		true
n05598	10	0.3769	n00525	n01542	201		true
n05599	8	0.3769	n00074 n05480	n00907	60		true
n05600	7	0.3769	n02759	n02146	58		true
n05601	13	0.3756	n00021 n04288	n00427 n05036	37		true
n05602	107	0.3750	n03091	n00431 n01199 n02933 n04489 n06157	945		true
n05603	39	0.3750	n03148	n01766 n04614 n06124	870		true
n05604	34	0.3750	n05289	n04401 n04966	3245		true
n05605	26	0.3750	n02960	n00076 n00954 n04229	126		true
n05606	25	0.3750		n00077 n01639	295		true
n05607	23	0.3750	n04806	n04407 n04876	237		true
n05608	24	0.3750	n04610	n02616 n04911 n06008	1383		true
n05609	24	0.3750		n04503 n05009	3022		true
n05610	22	0.3750	n01801	n00173 n01769	397		true
n05611	22	0.3750	n05507	n02244 n05193	65		true
n05612	19	0.3750	n04025 n06162	n03898 n05424	116		true
n05613	19	0.3750		n02877	348		true
n05614	20	0.3750	n03303	n03993 n04518	424		true
n05615	21	0.3750	n05974	n00042 n01211 n02999	762		true
n05616	18	0.3750	n02928	n04178	264		true
n05617	17	0.3750	n05179 n05389	n00426 n02957	161		true
n05618	16	0.3750	n03587	n00059	78		true
n05619	17	0.3750		n02473	429		true
n05620	16	0.3750	n02960	n04504 n05755	65		true
n05621	14	0.3750	n04175	n01961 n05374	54		true
n05622	14	0.3750	n05793	n00086	99		true
n05623	14	0.3750	n05512 n06175	n00107 n01521	233		true
n05624	14	0.3750	n02960	n03107	135		true
n05625	13	0.3750	n05930	n00885 n02157	80		true
n05626	13	0.3750	n06162	n05261 n05322	719		true
n05627	12	0.3750	n02851 n05286	n00335 n00672	189		true
n05628	11	0.3750	n05667	n00128	691		true
n05629	11	0.3750	n05302	n00194 n01382	259		true
n05630	11	0.3750	n06187	n00469 n01753	274		true
n05631	12	0.3750	n02664	n03026 n04152	108		true
n05632	10	0.3750	n01801	n00889 n04481	166		true
n05633	9	0.3750	n03901	n00745 n02186	42		true
n05634	9	0.3750	n02830	n00364	648		true
n05635	9	0.3750	n01076 n05463	n00460	69		true
n05636	10	0.3750	n06162	n01382 n04022	282		true
n05637	9	0.3750	n04364	n01227 n01842	420		true
n05638	9	0.3750	n04769 n06192	n01628	63		true
n05639	9	0.3750	n01801	n00566	3041		true
n05640	9	0.3750	n01801		46		true
n05641	9	0.3750		n01157	88		true
n05642	9	0.3750	n03101	n02059 n04397	186		true
n05643	7	0.3750	n00874	n01178	2314		true
n05644	7	0.3750	n04703	n01750	429		true
n05645	7	0.3750		n01620	56		true
n05646	7	0.3750	n02862		288		true
n05647	8	0.3750	n04678	n01561	1938		true
n05648	6	0.3750	n05720	n01453	39		true
n05649	6	0.3750	n03158	n02384	40		true
n05650	6	0.3750	n01801	n02103	332		true
n05651	6	0.3750	n01801		81		true
n05652	9	0.3744	n00422	n00901	64		true
n05653	6	0.3724	n05300 n06169	n01944	475		true
n05654	8	0.3719	n03595		181		true
n05655	7	0.3719	n01025	n00990	31		true
n05656	7	0.3719	n05662		61		true
n05657	6	0.3719	n05036		19		true
n05658	6	0.3719	n02942	n01519	185		true
n05659	8	0.3711	n00043 n05868	n01260	198		true
n05660	56	0.3700	n01327	n03004 n04328 n04485	968		true
n05661	54	0.3700	n00263	n03978 n05723	348		true
n05662	48	0.3700	n05721	n02302 n02704 n03847 n04324 n05656	915		true
n05663	36	0.3700	n02240	n02362 n03530 n04727	323		true
n05664	28	0.3700	n03585	n00517 n05754	384		true
n05665	25	0.3700	n02823	n03124	153		true
n05666	23	0.3700	n00004	n04763 n04990	829		true
n05667	23	0.3700	n06171	n04633 n05400 n05628	2074		true
n05668	22	0.3700	n04079	n02038	392		true
n05669	23	0.3700	n01131	n04413 n06083 n06183	219		true
n05670	21	0.3700	n01634	n00990 n02001	98		true
n05671	19	0.3700		n03872 n05200	978		true
n05672	20	0.3700	n01801	n02713 n05073	524		true
n05673	19	0.3700		n03065 n03705	2081		true
n05674	16	0.3700	n05236	n00049	306		true
n05675	16	0.3700		n02903 n05200	367		true
n05676	16	0.3700	n03728	n03244 n04892	449		true
n05677	14	0.3700	n03772	n02171	217		true
n05678	13	0.3700	n04608	n03708 n04196	380		true
n05679	14	0.3700	n04403	n01983 n03375	150		true
n05680	12	0.3700	n03775	n01359 n05428	39		true
n05681	13	0.3700	n04578	n01145	362		true
n05682	13	0.3700	n02960	n02630 n04021	609		true
n05683	14	0.3700	n05195	n02378 n02617	127		true
n05684	12	0.3700	n05296	n00116	187		true
n05685	11	0.3700	n03838	n02218 n05712	138		true
n05686	12	0.3700		n04309 n05764	567		true
n05687	12	0.3700	n04450	n02736 n03657	139		true
n05688	13	0.3700	n02073	n00325 n03384	40		true
n05689	12	0.3700	n01886 n05563	n01030	651		true
n05690	10	0.3700	n06042	n02958 n03002	124		true
n05691	11	0.3700	n05359	n01228 n04644	65		true
n05692	11	0.3700	n03091	n00349 n01229	1104		true
n05693	10	0.3700	n02872	n00594 n00830	615		true
n05694	11	0.3700	n04089	n03413 n05044	219		true
n05695	9	0.3700		n00462	1553		true
n05696	9	0.3700	n02201	n01862	96		true
n05697	9	0.3700	n02442	n01747 n02320	258		true
n05698	9	0.3700	n03392	n00945	152		true
n05699	10	0.3700	n02862	n01356	111		true
n05700	8	0.3700		n02311	81		true
n05701	8	0.3700	n03091	n00501	332		true
n05702	8	0.3700		n01172	66		true
n05703	10	0.3700	n04581 n05484	n04528 n04530	216		true
n05704	7	0.3700	n04271	n01233	159		true
n05705	7	0.3700	n00078		213		true
n05706	8	0.3700	n04763 n04866	n00666	813		true
n05707	7	0.3700	n04239 n04271		79		true
n05708	7	0.3700	n02964	n01439	1798		true
n05709	9	0.3700	n04005	n03417 n03884	29		true
n05710	7	0.3700	n02209		286		true
n05711	7	0.3700	n03091		62		true
n05712	6	0.3700	n03969 n05685		65		true
n05713	7	0.3700	n02808 n04458	n00765	296		true
n05714	6	0.3700	n02851 n05286		37		true
n05715	7	0.3692	n04340	n01452	165		true
n05716	9	0.3668	n02079	n01190 n03008	351		true
n05717	7	0.3668	n04553	n01376	269		true
n05718	6	0.3668	n06162		129		true
n05719	100	0.3650	n06162	n01678 n04369 n05349	1165		true
n05720	83	0.3650	n04271	n02915 n04012 n04160 n04380 n04554 n05392 n05448 n05648	2855		true
n05721	67	0.3650	n06162	n04979 n05194 n05335 n05493 n05662	1262		true
n05722	65	0.3650	n06033	n01077 n01723	1340		true
n05723	45	0.3650	n05661	n02580 n03496 n05028 n06080	348		true
n05724	40	0.3650	n02960	n03012 n03859 n05177	242		true
n05725	35	0.3650	n03666	n04233	128		true
n05726	32	0.3650	n03149	n00010 n00438 n04988	560		true
n05727	27	0.3650	n04074	n03266 n04968	661		true
n05728	26	0.3650	n05341	n03498 n05127	391		true
n05729	25	0.3650	n00002	n01555 n03774 n05998	365		true
n05730	26	0.3650	n05790	n02249 n05362 n05736	343		true
n05731	23	0.3650	n02960	n03772	227		true
n05732	21	0.3650	n06162	n03501 n05127	280		true
n05733	24	0.3650	n05394	n03386 n03450 n04788 n05833 n05955	1000		true
n05734	21	0.3650	n05921	n03715 n04543	102		true
n05735	20	0.3650	n01683	n00272	156		true
n05736	20	0.3650	n05730	n00483 n03681	291		true
n05737	19	0.3650	n04902	n02663 n03487	45		true
n05738	21	0.3650	n05985	n03976 n05759 n06099	848		true
n05739	18	0.3650	n01801	n01955 n04765	108		true
n05740	19	0.3650	n04810	n05132	372		true
n05741	16	0.3650	n04166	n01392 n03161 n05891	180		true
n05742	17	0.3650	n01801	n02861 n03705	737		true
n05743	16	0.3650	n06162	n00056	102		true
n05744	16	0.3650	n05916	n02053 n03105	108		true
n05745	15	0.3650	n05849	n01771 n05095	320		true
n05746	16	0.3650	n00868 n03466	n02003	183		true
n05747	16	0.3650	n03769	n02397 n05945	177		true
n05748	14	0.3650		n03936	217		true
n05749	14	0.3650	n05174	n04508	864		true
n05750	13	0.3650		n02861	738		true
n05751	13	0.3650	n06114	n00332 n01788	78		true
n05752	15	0.3650	n06162	n03807 n04096	549		true
n05753	14	0.3650	n01801	n02947 n03574	84		true
n05754	13	0.3650	n05664	n03162	118		true
n05755	13	0.3650	n05620	n01470	65		true
n05756	12	0.3650	n04703	n03519 n04099	256		true
n05757	12	0.3650		n00609	251		true
n05758	12	0.3650	n05009	n04147	135		true
n05759	11	0.3650	n05738	n00622	111		true
n05760	10	0.3650	n05338 n06162	n01932	172		true
n05761	9	0.3650	n03733	n01281 n01940	410		true
n05762	9	0.3650	n04866	n03855	125		true
n05763	10	0.3650		n02626	115		true
n05764	9	0.3650	n05686	n02975	256		true
n05765	9	0.3650	n04271	n00841	64		true
n05766	10	0.3650		n01416 n04534	130		true
n05767	9	0.3650	n05358 n06077	n01262	124		true
n05768	9	0.3650	n02991		137		true
n05769	9	0.3650	n04776	n01443	648		true
n05770	10	0.3650		n02264 n03662	3407		true
n05771	8	0.3650	n06162	n01495	307		true
n05772	8	0.3650	n01405		222		true
n05773	8	0.3650	n06162	n00488	138		true
n05774	9	0.3650		n03358	427		true
n05775	7	0.3650			104		true
n05776	8	0.3650	n05473	n00938 n01945	154		true
n05777	7	0.3650	n01801	n01175	316		true
n05778	6	0.3650	n04703		41		true
n05779	6	0.3650	n01801		86		true
n05780	6	0.3650	n03683	n01720	46		true
n05781	6	0.3650	n04979 n06092		272		true
n05782	6	0.3650	n05578	n01379	235		true
n05783	8	0.3618	n00699	n00222	81		true
n05784	7	0.3604	n03341	n01617	1170		true
n05785	258	0.3600	n06162	n02819 n04848	2191		true
n05786	176	0.3600		n02114 n04606 n05356 n06121	4991		true
n05787	126	0.3600	n04848	n05839 n05979 n06117 n06167	1412		true
n05788	53	0.3600	n03920	n00061 n04164	358		true
n05789	31	0.3600	n00001 n03645	n00935 n01680	375		true
n05790	31	0.3600	n05845	n02936 n05730	377		true
n05791	28	0.3600	n05847	n03497	1566		true
n05792	22	0.3600		n03686 n04239	307		true
n05793	20	0.3600	n06162	n00435 n05622	130		true
n05794	20	0.3600	n05184 n06162	n02692 n03835	424		true
n05795	19	0.3600	n01808	n03373 n05195	298		true
n05796	18	0.3600	n01398 n02542	n04375	199		true
n05797	18	0.3600	n03211	n03068 n03650	228		true
n05798	16	0.3600	n04083	n03505	530		true
n05799	18	0.3600	n04271	n03309 n05140 n06216	2320		true
n05800	15	0.3600	n05125	n03222 n04947	110		true
n05801	14	0.3600	n04124	n00934 n03724	116		true
n05802	14	0.3600	n02323	n00434 n02108	221		true
n05803	13	0.3600	n01768	n00961	400		true
n05804	12	0.3600	n05303	n00534	1145		true
n05805	13	0.3600	n05989	n02590 n03553	67		true
n05806	11	0.3600	n02960	n01110 n01864	509		true
n05807	14	0.3600	n04271	n04243	218		true
n05808	12	0.3600	n06162	n02911 n04263	1340		true
n05809	12	0.3600		n04517	128		true
n05810	10	0.3600	n03898	n01713 n02599	93		true
n05811	10	0.3600	n03091	n02358 n02867	107		true
n05812	10	0.3600	n03804 n04577	n01044 n03232	92		true
n05813	10	0.3600	n05973	n03141 n04642	118		true
n05814	10	0.3600	n06162	n02850	502		true
n05815	9	0.3600	n01801		43		true
n05816	9	0.3600	n04183	n00558	330		true
n05817	10	0.3600	n04447 n04757	n00156	30		true
n05818	9	0.3600	n04271	n01787	418		true
n05819	10	0.3600	n01801	n04794	174		true
n05820	8	0.3600	n04584		132		true
n05821	8	0.3600	n04957		50		true
n05822	8	0.3600	n05012	n02571 n02632	264		true
n05823	9	0.3600	n04865	n03053 n04072	648		true
n05824	8	0.3600	n02443 n04773	n01795	480		true
n05825	8	0.3600	n04620	n00733	99		true
n05826	7	0.3600	n03101		163		true
n05827	7	0.3600	n05067	n01614	200		true
n05828	7	0.3600		n01435	117		true
n05829	6	0.3600	n06162		79		true
n05830	6	0.3600	n03844	n00847	252		true
n05831	6	0.3600	n04271		367		true
n05832	6	0.3600	n03346 n05565		552		true
n05833	6	0.3600	n05733		163		true
n05834	9	0.3590	n00056	n00179	71		true
n05835	7	0.3587	n01533	n01174	39		true
n05836	7	0.3586	n02692		234		true
n05837	7	0.3568	n02818		219		true
n05838	85	0.3550	n04606	n04402 n04863 n05096 n05391 n05475 n05974	3063		true
n05839	73	0.3550	n05787	n03899 n03921	1121		true
n05840	62	0.3550	n03767	n02540	762		true
n05841	56	0.3550	n03091	n00301 n02470 n04439	1328		true
n05842	44	0.3550	n02960	n01339 n01612 n03057	168		true
n05843	37	0.3550	n04360	n01335 n04031 n05884	464		true
n05844	33	0.3550	n03669	n03889 n06048	145		true
n05845	34	0.3550		n03369 n05790	388		true
n05846	31	0.3550	n04323	n04362	230		true
n05847	32	0.3550		n04082 n05791	1569		true
n05848	31	0.3550	n03393	n03857	692		true
n05849	28	0.3550	n02501 n04703	n03272 n05745	370		true
n05850	27	0.3550		n02744	636		true
n05851	28	0.3550	n04322	n02886 n04384 n04602 n05960	2602		true
n05852	26	0.3550	n02797	n03602 n05929 n06096	1206		true
n05853	27	0.3550	n02278	n00868 n03466	466		true
n05854	23	0.3550	n03732	n01098 n03126	330		true
n05855	21	0.3550	n03363	n00870 n01037	60		true
n05856	20	0.3550	n03829	n03968 n04583	211		true
n05857	20	0.3550	n00868 n03466	n02589 n03039 n05951	451		true
n05858	18	0.3550	n02960	n04242 n05931	600		true
n05859	18	0.3550	n01801	n03242 n04209	163		true
n05860	19	0.3550	n03399	n02265 n03401 n03813	547		true
n05861	16	0.3550	n01801	n01140 n03914	414		true
n05862	15	0.3550		n01771	795		true
n05863	16	0.3550	n02960	n00218 n03711	316		true
n05864	15	0.3550	n03649 n06045	n00312 n04162	105		true
n05865	14	0.3550	n04371 n05242	n00646 n02649	286		true
n05866	14	0.3550	n03897	n00067 n00248	293		true
n05867	15	0.3550	n01081 n03469	n01967 n02684	33		true
n05868	14	0.3550	n03837	n01213 n05659	302		true
n05869	12	0.3550	n05467	n01931 n03986 n04949	196		true
n05870	11	0.3550	n03901	n00745 n01426	103		true
n05871	13	0.3550		n03714 n03759 n03795	113		true
n05872	11	0.3550	n02167	n02132	213		true
n05873	11	0.3550		n00348 n00756	86		true
n05874	11	0.3550	n03727	n01575 n01578	52		true
n05875	11	0.3550	n03156	n02620	253		true
n05876	12	0.3550	n01801	n03457 n04877	795		true
n05877	10	0.3550	n04547 n05561 n06178	n02563	97		true
n05878	10	0.3550	n05463	n01946 n03915	104		true
n05879	11	0.3550	n04849 n06162	n00736 n03118	218		true
n05880	9	0.3550	n03959 n05910	n03956	34		true
n05881	10	0.3550	n04806	n01653 n02151	529		true
n05882	9	0.3550	n04672	n00728	95		true
n05883	9	0.3550	n06184	n00198	155		true
n05884	9	0.3550	n05843	n01709	81		true
n05885	9	0.3550	n03857	n01609	116		true
n05886	9	0.3550	n06060	n04019	430		true
n05887	9	0.3550	n03091	n01868	133		true
n05888	8	0.3550		n01792	66		true
n05889	8	0.3550	n06162		326		true
n05890	8	0.3550	n01801	n01977	108		true
n05891	7	0.3550	n05741	n01291	46		true
n05892	6	0.3550	n03091		170		true
n05893	6	0.3550	n03785 n04302	n01875	663		true
n05894	6	0.3550	n02334 n05205	n02143	709		true
n05895	6	0.3550	n01736 n03886	n02381	139		true
n05896	6	0.3550	n02960	n00941	214		true
n05897	6	0.3550	n02114		2901		true
n05898	6	0.3550	n05114	n01503	187		true
n05899	7	0.3550	n04307	n02147	246		true
n05900	8	0.3535	n03745 n06063		113		true
n05901	7	0.3535	n01020		6		true
n05902	7	0.3535	n05313		40		true
n05903	7	0.3535	n02331 n02403		295		true
n05904	11	0.3526	n00034	n00139	253		true
n05905	10	0.3518	n00283	n01654	36		true
n05906	8	0.3518	n03121	n00668	47		true
n05907	6	0.3518	n00535	n01523	36		true
n05908	6	0.3512	n02761	n01762	32		true
n05909	79	0.3500		n03299 n05554	1053		true
n05910	72	0.3500	n00683	n01967 n02821 n05880	142		true
n05911	68	0.3500	n01581 n04894	n04607 n04939	377		true
n05912	50	0.3500	n04703	n03302 n05983 n05987	479		true
n05913	52	0.3500	n05388	n03207 n04919	442		true
n05914	44	0.3500	n05504	n01587 n03619 n05235	3198		true
n05915	42	0.3500	n04198	n00540 n02453 n02775	692		true
n05916	33	0.3500	n05973	n04292 n04943 n05744	287		true
n05917	29	0.3500	n04398	n00525 n02201	273		true
n05918	31	0.3500	n03012	n01687 n01767	241		true
n05919	27	0.3500	n05504	n00551 n04034	943		true
n05920	25	0.3500	n05342	n01807 n05087	265		true
n05921	25	0.3500	n05112 n06162	n03898 n05734	131		true
n05922	25	0.3500	n06162	n00735 n03500	35		true
n05923	25	0.3500		n00076 n02328 n02628	268		true
n05924	22	0.3500	n02741	n03306	150		true
n05925	19	0.3500	n02242	n02600 n02860 n04463	148		true
n05926	19	0.3500	n03561	n02932	387		true
n05927	19	0.3500	n03213	n04241	223		true
n05928	19	0.3500	n03588	n03168 n05206	365		true
n05929	17	0.3500	n05852	n02700 n05937	1206		true
n05930	15	0.3500	n02962	n02125 n05625	85		true
n05931	15	0.3500	n05858	n02206	143		true
n05932	15	0.3500	n05460	n03976	844		true
n05933	14	0.3500	n00262	n00058 n01714	44		true
n05934	14	0.3500	n05986	n01646 n04293	338		true
n05935	14	0.3500	n03464	n00796 n05421	182		true
n05936	16	0.3500	n02984	n03090 n03187 n04396	316		true
n05937	14	0.3500	n05929	n03163 n03538	352		true
n05938	14	0.3500	n04490	n02515 n03140	258		true
n05939	13	0.3500	n03217	n00371 n00977	1834		true
n05940	13	0.3500	n03156	n00315 n01488	290		true
n05941	13	0.3500	n04546	n00200 n02056	76		true
n05942	15	0.3500	n03900	n00571 n04641 n04696	376		true
n05943	12	0.3500	n06162	n00103	226		true
n05944	12	0.3500	n02960	n04009 n05272	233		true
n05945	12	0.3500	n05747	n01823	158		true
n05946	12	0.3500	n00029	n00542	330		true
n05947	11	0.3500		n02655	460		true
n05948	11	0.3500	n05504	n01351	960		true
n05949	11	0.3500	n02960	n01090	431		true
n05950	12	0.3500	n02960	n03278	581		true
n05951	11	0.3500	n05857	n00144	451		true
n05952	10	0.3500	n03069	n01149	163		true
n05953	10	0.3500	n05130	n00550	77		true
n05954	12	0.3500	n01816	n01348 n02570	924		true
n05955	11	0.3500	n05733	n04568	875		true
n05956	9	0.3500	n03892	n00644	291		true
n05957	9	0.3500	n05354	n02485 n05594	312		true
n05958	9	0.3500	n02796 n06106	n01283	62		true
n05959	9	0.3500	n01922	n01042	168		true
n05960	10	0.3500	n04076 n05851	n02680	393		true
n05961	9	0.3500	n05454		239		true
n05962	8	0.3500	n04275 n04654	n04531	681		true
n05963	8	0.3500	n03393	n00767	30		true
n05964	7	0.3500			3806		true
n05965	6	0.3500	n02960		1903		true
n05966	6	0.3500	n00306	n01511	366		true
n05967	6	0.3500	n02865	n02421	29		true
n05968	6	0.3500	n06162		565		true
n05969	6	0.3500	n06162		32		true
n05970	6	0.3500	n02292	n02571	195		true
n05971	6	0.3485	n00282 n03864		110		true
n05972	11	0.3467	n03834	n02049 n04989	348		true
n05973	109	0.3450	n04703	n02410 n03174 n03726 n04071 n04900 n05813 n05916	1573		true
n05974	51	0.3450	n05838	n01054 n01806 n04506 n05615	883		true
n05975	52	0.3450	n06162	n03372 n04653	636		true
n05976	47	0.3450	n03145	n00008 n00119 n01638	149		true
n05977	46	0.3450	n02960	n01697 n03584 n04153	992		true
n05978	47	0.3450	n04113	n01765 n04040 n04445	1612		true
n05979	38	0.3450	n03887 n05787	n00866	282		true
n05980	40	0.3450	n04198	n04336 n04621 n06108	1123		true
n05981	38	0.3450	n05231	n00143 n01526	251		true
n05982	27	0.3450	n01997	n02073	166		true
n05983	31	0.3450	n05912	n01040 n06110	306		true
n05984	26	0.3450	n02798 n04808	n03785 n04657	774		true
n05985	28	0.3450	n03152	n05460 n05738	848		true
n05986	26	0.3450	n01803	n03618 n05934 n06177	391		true
n05987	23	0.3450	n05912	n02746	242		true
n05988	25	0.3450		n02702 n02859 n05262	1275		true
n05989	24	0.3450	n04703	n01636 n05805	122		true
n05990	22	0.3450	n01012	n01403 n05166	930		true
n05991	20	0.3450	n03121	n02074 n03946	293		true
n05992	21	0.3450	n04198	n02135 n04037	108		true
n05993	18	0.3450	n05292 n06038	n01093 n05023	487		true
n05994	16	0.3450	n01015 n02854	n01139 n02567	230		true
n05995	17	0.3450	n01801	n02144 n05250	988		true
n05996	14	0.3450	n04762	n00160 n00343	66		true
n05997	16	0.3450	n02960	n02447 n03711	355		true
n05998	14	0.3450	n05119 n05729	n00791	165		true
n05999	14	0.3450	n04703	n01696	403		true
n06000	14	0.3450	n01801	n01407 n02314	106		true
n06001	13	0.3450	n05462	n02697 n04878	79		true
n06002	12	0.3450	n00009	n00106	378		true
n06003	13	0.3450	n03612	n00774 n01095	174		true
n06004	11	0.3450	n05014	n00454 n02528	177		true
n06005	11	0.3450	n03967	n00803	365		true
n06006	13	0.3450	n01801	n02721 n05538	272		true
n06007	11	0.3450	n04365 n05135	n02090 n04429	148		true
n06008	11	0.3450	n05608	n02972 n04643	1161		true
n06009	10	0.3450		n00473	491		true
n06010	9	0.3450	n04976	n01052 n02419	109		true
n06011	9	0.3450	n02247	n00859	176		true
n06012	8	0.3450	n03993		44		true
n06013	8	0.3450	n03019	n01226	83		true
n06014	8	0.3450	n05442	n03034	216		true
n06015	7	0.3450	n02118 n05024		424		true
n06016	8	0.3450	n03886 n05471	n04431	174		true
n06017	7	0.3450	n01801		30		true
n06018	7	0.3450	n01801		3770		true
n06019	7	0.3450	n04580	n01578	191		true
n06020	8	0.3450	n03575	n00928	88		true
n06021	8	0.3450	n04027	n00574 n00947	628		true
n06022	6	0.3450	n04271		108		true
n06023	7	0.3450	n01960 n04310	n01442	144		true
n06024	7	0.3450	n06162	n01615	258		true
n06025	7	0.3434	n04561	n00845	702		true
n06026	10	0.3417	n02003	n01036 n02112	167		true
n06027	7	0.3417	n02582 n03043 n04826	n01310	40		true
n06028	7	0.3417	n03018		26		true
n06029	7	0.3417	n06034	n01170	15		true
n06030	6	0.3401	n00049	n02490	163		true
n06031	97	0.3400	n02960	n02390 n04204 n04850	887		true
n06032	96	0.3400	n04271	n01135 n02114 n06035	3333		true
n06033	73	0.3400		n02039 n05722	2256		true
n06034	66	0.3400	n04199	n01583 n01994 n02438 n06029	625		true
n06035	54	0.3400	n06032	n03058 n03565	1096		true
n06036	45	0.3400	n04651	n05112	402		true
n06037	39	0.3400	n03091	n02578	2155		true
n06038	38	0.3400		n03653 n03739 n05993	543		true
n06039	34	0.3400	n05344	n04495 n05360	200		true
n06040	31	0.3400	n06162	n04202 n04717	298		true
n06041	30	0.3400	n01994	n03095 n04760	381		true
n06042	28	0.3400		n03563 n03908 n05690	520		true
n06043	26	0.3400	n04356	n01998	352		true
n06044	26	0.3400	n00002	n03832 n05119	366		true
n06045	26	0.3400	n06108	n00289 n05864	206		true
n06046	23	0.3400	n04276 n04398	n02201 n02298	178		true
n06047	22	0.3400	n01801	n03103 n04412	135		true
n06048	22	0.3400	n03923 n05844	n03861 n04671	109		true
n06049	21	0.3400	n01801	n00085 n02721	451		true
n06050	22	0.3400		n03596 n06070	225		true
n06051	20	0.3400	n05174	n05513 n06068	246		true
n06052	19	0.3400	n04759	n01116 n02168	1091		true
n06053	19	0.3400	n05452	n03130 n03240	67		true
n06054	20	0.3400	n03091	n03510 n03702 n03939	2199		true
n06055	18	0.3400	n00687	n01569 n02370 n02900	187		true
n06056	18	0.3400	n04489	n03651 n04068	284		true
n06057	17	0.3400	n05295	n02004	155		true
n06058	17	0.3400	n03672	n02545	225		true
n06059	17	0.3400	n03560 n05453	n01971 n03509	250		true
n06060	19	0.3400	n03091	n02508 n05886	684		true
n06061	16	0.3400	n00010	n00039	559		true
n06062	19	0.3400	n05391	n04145 n04506	563		true
n06063	17	0.3400	n05556	n03843 n05900	388		true
n06064	15	0.3400		n01598 n04977	2591		true
n06065	15	0.3400	n02505	n04976	605		true
n06066	14	0.3400	n04545	n00065	362		true
n06067	14	0.3400	n06178	n02563 n02893	398		true
n06068	14	0.3400	n06051	n02480 n02976	206		true
n06069	14	0.3400	n04034	n00633 n01219	614		true
n06070	13	0.3400	n06050	n00887 n04070	164		true
n06071	12	0.3400	n04703	n00633	116		true
n06072	12	0.3400	n05564	n03191	132		true
n06073	13	0.3400	n02163	n01408 n02733	149		true
n06074	12	0.3400	n03039	n00144	443		true
n06075	12	0.3400	n01801	n02213	319		true
n06076	12	0.3400		n02140 n02673	4857		true
n06077	13	0.3400	n03062 n04703	n01740 n05767	232		true
n06078	11	0.3400	n03931	n00487 n02485	211		true
n06079	11	0.3400	n04649	n02369 n03451	693		true
n06080	11	0.3400	n05723	n04102	146		true
n06081	11	0.3400	n03933	n02296 n03359	82		true
n06082	10	0.3400	n02287	n00216	213		true
n06083	11	0.3400	n03829 n05669	n04949 n05169	57		true
n06084	9	0.3400	n01850	n00190	38		true
n06085	10	0.3400		n01611 n02601	2146		true
n06086	9	0.3400	n04587	n00903	66		true
n06087	10	0.3400	n01467	n02892 n04191	717		true
n06088	9	0.3400	n03493 n05239	n00364	536		true
n06089	9	0.3400	n01801	n03291	378		true
n06090	10	0.3400	n01801	n03819 n04797	210		true
n06091	11	0.3400	n01801	n03117 n05223	419		true
n06092	9	0.3400	n03679	n01986 n05781	278		true
n06093	9	0.3400	n04331	n04157	270		true
n06094	8	0.3400	n04709	n02223	98		true
n06095	8	0.3400	n03091	n01430	97		true
n06096	8	0.3400	n05852	n00832	1063		true
n06097	8	0.3400	n01801	n00850 n04230	70		true
n06098	7	0.3400	n03024		136		true
n06099	7	0.3400	n05738	n00759	93		true
n06100	8	0.3393	n01819	n00499	159		true
n06101	6	0.3367	n02667 n06162	n01258	169		true
n06102	7	0.3367	n06162	n01495	80		true
n06103	7	0.3353	n00427	n01391	27		true
n06104	139	0.3350	n02960	n04752 n05552	970		true
n06105	37	0.3350	n04608	n03902 n04049 n04611	410		true
n06106	35	0.3350	n01950	n01999 n02326 n05958	157		true
n06107	33	0.3350	n05443	n01462 n02985	421		true
n06108	36	0.3350	n05980	n04170 n06045	1123		true
n06109	32	0.3350	n02981 n04896	n01656 n02853	487		true
n06110	28	0.3350	n03302 n05983	n02776 n03226	305		true
n06111	29	0.3350	n00866	n04404 n06113	231		true
n06112	25	0.3350	n05059	n04612	353		true
n06113	21	0.3350	n04400 n06111	n05465 n06120	152		true
n06114	19	0.3350	n05173	n00789 n05751	81		true
n06115	19	0.3350	n01807	n04819	258		true
n06116	19	0.3350	n03330	n00885 n01791 n04586	130		true
n06117	18	0.3350	n05787	n00025 n04257	347		true
n06118	17	0.3350	n04703	n00443 n02786	215		true
n06119	17	0.3350	n03332	n01889 n02917	1741		true
n06120	16	0.3350	n06113	n01465 n04934	142		true
n06121	17	0.3350	n05786	n00042 n01238	765		true
n06122	19	0.3350		n02669 n03075	1873		true
n06123	15	0.3350	n04714	n03128 n04623	337		true
n06124	16	0.3350	n05451 n05603	n02289	693		true
n06125	15	0.3350	n02580	n02246	137		true
n06126	14	0.3350	n01801	n02213	204		true
n06127	13	0.3350	n03037	n00876	154		true
n06128	14	0.3350	n02963	n02136 n04155	196		true
n06129	13	0.3350		n01648	502		true
n06130	13	0.3350	n04023	n01532 n04604	250		true
n06131	13	0.3350	n06162	n00968 n02955 n05210	353		true
n06132	12	0.3350	n02982	n02594 n04392	609		true
n06133	11	0.3350	n05355	n04738	107		true
n06134	10	0.3350	n04703	n02812	486		true
n06135	11	0.3350	n05442	n01549 n04468	488		true
n06136	9	0.3350	n02941	n03486 n04435	105		true
n06137	9	0.3350		n02097 n04690	213		true
n06138	9	0.3350	n03091	n00897	117		true
n06139	9	0.3350	n03433		64		true
n06140	8	0.3350	n06162	n01231	140		true
n06141	8	0.3350	n05193	n01047	14		true
n06142	9	0.3350	n06162	n01063 n01427	136		true
n06143	8	0.3350	n04271		217		true
n06144	9	0.3350		n00557	87		true
n06145	8	0.3350	n04703	n03120	111		true
n06146	8	0.3350	n04077 n05449	n00665	2148		true
n06147	8	0.3350	n05129	n01303	105		true
n06148	7	0.3350	n05568	n01451	51		true
n06149	7	0.3350	n05482		110		true
n06150	7	0.3350	n04488		648		true
n06151	7	0.3350	n04407	n02020	26		true
n06152	7	0.3350	n02960		200		true
n06153	7	0.3350	n02760	n02025	172		true
n06154	7	0.3350	n02960	n00923	101		true
n06155	7	0.3350	n04112	n02345	2127		true
n06156	7	0.3350	n03711		290		true
n06157	7	0.3350	n05602		190		true
n06158	6	0.3350	n00518		11		true
n06159	7	0.3350	n06162	n01106	1316		true
n06160	6	0.3350	n05080		50		true
n06161	6	0.3333	n03314	n02460	172		true
n06162	2966	0.3300	n04271	n00000 n00079 n00169 n00205 n00217 n00253 n00314 n00402 n00902 n00928 n01015 n01058 n01135 n01433 n01524 n01561 n01688 n01996 n02090 n02127 n02161 n02163 n02221 n02280 n02300 n02441 n02515 n02584 n02654 n02664 n02742 n02774 n02798 n02854 n02873 n02882 n02948 n02969 n02971 n02979 n03134 n03148 n03191 n03224 n03264 n03309 n03341 n03354 n03397 n03421 n03430 n03531 n03590 n03591 n03631 n03636 n03679 n03755 n03821 n03823 n03826 n03856 n03858 n03875 n03880 n03892 n03912 n03918 n03957 n03963 n03977 n04058 n04060 n04101 n04104 n04105 n04174 n04273 n04302 n04306 n04321 n04378 n04394 n04419 n04429 n04455 n04474 n04477 n04493 n04522 n04601 n04650 n04658 n04664 n04689 n04697 n04714 n04770 n04805 n04808 n04810 n04860 n04901 n04916 n04922 n04951 n04960 n04971 n05065 n05097 n05101 n05124 n05140 n05154 n05158 n05171 n05179 n05186 n05189 n05236 n05251 n05260 n05265 n05278 n05296 n05302 n05316 n05321 n05333 n05337 n05341 n05350 n05355 n05368 n05369 n05388 n05411 n05419 n05436 n05440 n05488 n05494 n05495 n05515 n05521 n05525 n05539 n05582 n05595 n05612 n05626 n05636 n05718 n05719 n05721 n05732 n05743 n05752 n05760 n05771 n05773 n05785 n05793 n05794 n05808 n05814 n05829 n05879 n05889 n05921 n05922 n05943 n05968 n05969 n05975 n06024 n06040 n06101 n06102 n06131 n06140 n06142 n06159 n06198 n06200 n06212 n06226	12619		true
n06163	53	0.3300	n03146	n01011 n04200	540		true
n06164	42	0.3300	n05440	n02712 n03731 n05403	464		true
n06165	38	0.3300	n03726	n03549 n04179 n04897	933		true
n06166	35	0.3300	n05105	n00003	204		true
n06167	33	0.3300	n05787	n00025 n03899	1035		true
n06168	33	0.3300	n02979	n02845 n02928	307		true
n06169	32	0.3300	n03091	n01340 n05454 n05653	486		true
n06170	28	0.3300		n00077 n01810	272		true
n06171	25	0.3300	n05345	n05667	2456		true
n06172	24	0.3300	n05340	n02580 n05259	145		true
n06173	20	0.3300	n02464	n02506 n04501	97		true
n06174	20	0.3300	n01266	n03589	1354		true
n06175	21	0.3300	n03091	n03100 n05623	246		true
n06176	21	0.3300	n03091	n00072 n02209	396		true
n06177	21	0.3300	n03492 n05986	n03308 n03753 n04293	347		true
n06178	20	0.3300	n04657	n05877 n06067	499		true
n06179	20	0.3300	n05062	n04505 n04618	274		true
n06180	17	0.3300	n03500	n00030	30		true
n06181	20	0.3300	n03729 n03961	n01862 n04724	629		true
n06182	17	0.3300	n04357	n02507	288		true
n06183	19	0.3300	n05669	n03194 n03437	116		true
n06184	17	0.3300	n05553	n00694 n05883	160		true
n06185	15	0.3300	n04364	n01547 n01926	546		true
n06186	14	0.3300	n04206	n02551	79		true
n06187	14	0.3300	n04367	n01537 n05630	283		true
n06188	15	0.3300	n04703	n01690 n04529	123		true
n06189	14	0.3300		n03436	918		true
n06190	14	0.3300		n00093 n01040	143		true
n06191	14	0.3300	n04911	n04782 n05328	497		true
n06192	15	0.3300	n03564	n01341 n05638	174		true
n06193	13	0.3300	n03886	n02292	267		true
n06194	14	0.3300	n03993	n03748	403		true
n06195	13	0.3300	n02777	n01411	2126		true
n06196	13	0.3300	n01801	n01118 n03250	283		true
n06197	12	0.3300	n04275	n01057 n01698	166		true
n06198	12	0.3300	n06162	n00102 n01618	1076		true
n06199	13	0.3300	n02960	n02447 n03812	125		true
n06200	12	0.3300	n06162	n03628 n05492	172		true
n06201	10	0.3300	n01801	n00157	108		true
n06202	12	0.3300		n03228 n04190	107		true
n06203	10	0.3300	n04202	n00167	97		true
n06204	10	0.3300	n03091	n02867	119		true
n06205	10	0.3300	n03430	n01417	4720		true
n06206	11	0.3300	n03730	n03955 n05274	162		true
n06207	10	0.3300	n04208	n01242 n01484	2573		true
n06208	11	0.3300	n03104 n05566	n03049 n04838	108		true
n06209	10	0.3300	n00954	n02952 n04349	74		true
n06210	9	0.3300	n01801	n01245 n01662	251		true
n06211	9	0.3300	n04655	n02376	247		true
n06212	10	0.3300	n06162	n02057 n04259	288		true
n06213	8	0.3300	n02960	n00989	59		true
n06214	8	0.3300	n00873	n00572	49		true
n06215	8	0.3300	n02960	n01110	480		true
n06216	9	0.3300	n05799	n01907 n02523	1019		true
n06217	8	0.3300			361		true
n06218	8	0.3300	n03779	n01606	73		true
n06219	7	0.3300	n02583		92		true
n06220	7	0.3300	n04624		55		true
n06221	7	0.3300	n02941		231		true
n06222	7	0.3300	n00421		125		true
n06223	7	0.3300	n03591		147		true
n06224	7	0.3300	n04271	n00843	197		true
n06225	7	0.3300		n01180	86		true
n06226	6	0.3300	n06162	n01914	191		true
n06227	6	0.3300	n04271		81		true
n06228	6	0.3300	n03631		84		true
