child	parent
n00000	n04040
n00000	n09259
n00001	n04592
n00001	n04769
n00001	n05077
n00001	n08371
n00001	n08373
n00001	n08581
n00001	n08582
n00001	n08776
n00002	n00519
n00002	n00878
n00002	n00879
n00002	n00880
n00002	n00881
n00002	n00882
n00002	n00884
n00002	n00886
n00002	n00887
n00002	n00889
n00003	n04214
n00003	n04397
n00003	n07249
n00003	n07580
n00003	n08371
n00003	n08373
n00003	n08583
n00003	n08585
n00004	n04040
n00004	n09259
n00005	n04040
n00005	n09259
n00006	n04040
n00006	n09259
n00007	n04040
n00007	n09259
n00008	n02417
n00008	n05184
n00009	n02421
n00010	n05519
n00010	n08371
n00010	n08373
n00011	n04040
n00011	n09259
n00012	n04040
n00012	n09259
n00013	n00000
n00013	n00004
n00013	n00005
n00013	n00006
n00013	n00007
n00013	n00011
n00013	n00012
n00013	n00015
n00013	n00025
n00013	n00026
n00013	n00028
n00013	n00029
n00013	n00030
n00014	n00000
n00014	n00004
n00014	n00005
n00014	n00006
n00014	n00007
n00014	n00011
n00014	n00012
n00014	n00015
n00014	n00025
n00014	n00026
n00014	n00028
n00014	n00029
n00014	n00030
n00015	n04040
n00015	n09259
n00016	n00519
n00016	n00878
n00016	n00879
n00016	n00880
n00016	n00881
n00016	n00882
n00016	n00884
n00016	n00886
n00016	n00887
n00016	n00889
n00017	n04214
n00017	n04397
n00017	n07249
n00017	n07580
n00017	n08371
n00017	n08373
n00017	n08583
n00017	n08585
n00018	n07417
n00018	n07577
n00018	n08372
n00018	n08774
n00018	n09226
n00020	n08407
n00020	n09033
n00021	n04414
n00022	n05397
n00022	n07086
n00023	n00000
n00023	n00004
n00023	n00005
n00023	n00006
n00023	n00007
n00023	n00011
n00023	n00012
n00023	n00015
n00023	n00025
n00023	n00026
n00023	n00028
n00023	n00029
n00023	n00030
n00024	n00000
n00024	n00004
n00024	n00005
n00024	n00006
n00024	n00007
n00024	n00011
n00024	n00012
n00024	n00015
n00024	n00025
n00024	n00026
n00024	n00028
n00024	n00029
n00024	n00030
n00025	n04040
n00025	n09259
n00026	n04040
n00026	n09259
n00027	n00000
n00027	n00004
n00027	n00005
n00027	n00006
n00027	n00007
n00027	n00011
n00027	n00012
n00027	n00015
n00027	n00025
n00027	n00026
n00027	n00028
n00027	n00029
n00027	n00030
n00028	n04040
n00028	n09259
n00029	n04040
n00029	n09259
n00030	n04040
n00030	n09259
n00031	n03325
n00031	n06298
n00032	n00003
n00032	n00017
n00032	n07582
n00033	n03259
n00033	n06130
n00033	n06133
n00033	n06274
n00033	n06436
n00033	n06915
n00033	n06919
n00033	n07419
n00033	n07583
n00035	n00000
n00035	n00004
n00035	n00005
n00035	n00006
n00035	n00007
n00035	n00011
n00035	n00012
n00035	n00015
n00035	n00025
n00035	n00026
n00035	n00028
n00035	n00029
n00035	n00030
n00036	n00000
n00036	n00004
n00036	n00005
n00036	n00006
n00036	n00007
n00036	n00011
n00036	n00012
n00036	n00015
n00036	n00025
n00036	n00026
n00036	n00028
n00036	n00029
n00036	n00030
n00037	n00000
n00037	n00004
n00037	n00005
n00037	n00006
n00037	n00007
n00037	n00011
n00037	n00012
n00037	n00015
n00037	n00025
n00037	n00026
n00037	n00028
n00037	n00029
n00037	n00030
n00038	n00024
n00039	n00024
n00040	n00000
n00040	n00004
n00040	n00005
n00040	n00006
n00040	n00007
n00040	n00011
n00040	n00012
n00040	n00015
n00040	n00025
n00040	n00026
n00040	n00028
n00040	n00029
n00040	n00030
n00041	n02863
n00042	n00008
n00043	n06744
n00043	n06912
n00043	n07416
n00043	n07417
n00043	n07578
n00043	n07767
n00043	n07952
n00043	n08151
n00043	n08152
n00043	n08155
n00043	n08371
n00043	n08372
n00043	n08373
n00043	n08582
n00043	n08585
n00043	n08773
n00043	n08774
n00043	n08775
n00043	n08989
n00043	n08991
n00043	n09226
n00043	n09227
n00043	n09228
n00043	n09229
n00043	n09487
n00044	n06783
n00045	n00522
n00045	n02538
n00045	n07952
n00046	n05194
n00046	n09227
n00047	n03188
n00047	n07118
n00047	n07416
n00047	n07417
n00047	n07577
n00047	n08151
n00047	n08371
n00047	n08372
n00047	n08373
n00047	n08776
n00047	n08987
n00047	n08988
n00047	n08989
n00047	n09227
n00047	n09228
n00047	n09229
n00047	n09487
n00048	n03039
n00048	n08372
n00048	n08773
n00048	n09227
n00049	n08013
n00050	n04414
n00051	n00052
n00051	n00053
n00051	n00054
n00051	n00076
n00051	n00077
n00051	n00078
n00052	n00013
n00052	n00014
n00052	n00023
n00052	n00024
n00052	n00027
n00052	n00035
n00052	n00036
n00052	n00037
n00053	n00013
n00053	n00014
n00053	n00023
n00053	n00027
n00053	n00035
n00053	n00036
n00053	n00037
n00054	n00013
n00054	n00014
n00054	n00023
n00054	n00027
n00054	n00035
n00054	n00036
n00054	n00037
n00055	n00003
n00055	n00017
n00055	n07582
n00056	n00003
n00056	n00017
n00056	n07582
n00057	n07417
n00057	n07577
n00057	n08372
n00057	n08774
n00057	n09226
n00058	n00018
n00058	n00057
n00059	n02863
n00059	n02864
n00060	n03106
n00061	n06625
n00062	n07321
n00062	n08822
n00063	n08814
n00064	n08814
n00065	n01660
n00065	n08581
n00065	n08776
n00065	n09489
n00066	n06273
n00066	n06274
n00066	n06435
n00066	n06914
n00066	n07072
n00066	n07416
n00066	n07418
n00066	n07580
n00066	n08151
n00066	n08153
n00066	n08371
n00066	n08372
n00066	n08581
n00066	n08990
n00066	n09227
n00067	n03809
n00067	n07816
n00068	n05194
n00068	n09227
n00069	n07952
n00069	n08018
n00069	n08373
n00069	n08776
n00069	n08988
n00070	n03719
n00070	n04511
n00071	n02077
n00071	n03055
n00071	n03541
n00071	n06456
n00071	n08775
n00071	n08987
n00072	n02883
n00072	n03897
n00073	n00553
n00074	n05397
n00074	n07086
n00075	n08025
n00075	n08151
n00075	n08581
n00075	n08585
n00075	n08776
n00075	n08987
n00075	n08988
n00075	n08989
n00075	n09226
n00076	n00013
n00076	n00014
n00076	n00023
n00076	n00027
n00076	n00035
n00076	n00036
n00076	n00037
n00077	n00013
n00077	n00014
n00077	n00023
n00077	n00027
n00077	n00035
n00077	n00036
n00077	n00037
n00078	n00013
n00078	n00014
n00078	n00023
n00078	n00027
n00078	n00035
n00078	n00036
n00078	n00037
n00079	n00053
n00079	n00054
n00079	n00076
n00079	n00077
n00079	n00078
n00080	n04781
n00080	n06922
n00080	n07435
n00080	n07786
n00080	n08622
n00080	n09532
n00081	n01167
n00081	n02751
n00082	n03325
n00082	n06298
n00083	n03325
n00083	n06298
n00084	n03325
n00084	n06298
n00085	n00003
n00085	n00017
n00085	n07582
n00087	n02863
n00088	n00526
n00088	n00555
n00089	n03259
n00089	n06130
n00089	n06133
n00089	n06274
n00089	n06436
n00089	n06915
n00089	n06919
n00089	n07419
n00089	n07583
n00090	n04065
n00090	n06130
n00090	n06273
n00090	n06745
n00090	n07419
n00090	n08992
n00091	n07308
n00092	n04139
n00093	n03539
n00093	n07470
n00093	n08151
n00093	n08155
n00093	n08372
n00093	n08582
n00093	n08775
n00093	n09226
n00094	n05654
n00095	n04520
n00095	n04995
n00095	n05105
n00095	n07952
n00095	n08774
n00096	n00545
n00096	n00561
n00096	n00584
n00096	n06329
n00097	n00529
n00097	n03198
n00098	n02985
n00098	n08152
n00098	n08774
n00098	n08775
n00098	n08776
n00099	n03263
n00099	n07818
n00099	n08839
n00100	n03540
n00100	n07416
n00100	n07577
n00100	n08152
n00100	n08372
n00101	n03335
n00101	n05904
n00101	n07859
n00102	n00049
n00103	n07578
n00103	n08582
n00103	n08775
n00103	n08776
n00103	n08988
n00103	n08989
n00103	n09226
n00103	n09227
n00103	n09487
n00103	n09515
n00104	n02067
n00104	n05769
n00104	n08210
n00105	n02220
n00106	n05397
n00106	n07086
n00107	n01856
n00107	n02329
n00107	n02433
n00107	n07416
n00107	n07952
n00107	n08775
n00107	n09228
n00108	n00038
n00108	n00051
n00108	n02900
n00109	n00040
n00109	n00053
n00109	n00054
n00109	n00076
n00109	n00077
n00109	n00078
n00110	n01179
n00110	n04078
n00111	n00031
n00111	n00082
n00111	n00083
n00111	n00084
n00111	n03396
n00112	n02071
n00113	n02976
n00113	n06475
n00113	n08155
n00113	n08776
n00113	n08989
n00113	n09229
n00113	n09487
n00114	n00018
n00114	n00057
n00115	n00018
n00115	n00057
n00116	n00043
n00117	n03197
n00117	n08989
n00117	n09226
n00118	n02650
n00118	n07767
n00118	n08774
n00119	n03892
n00120	n06985
n00121	n06625
n00122	n07954
n00122	n08644
n00123	n00125
n00123	n00527
n00124	n00125
n00124	n00527
n00125	n07127
n00125	n08773
n00125	n09266
n00126	n00063
n00126	n00064
n00126	n00524
n00126	n00539
n00126	n09253
n00127	n00043
n00128	n00043
n00129	n00063
n00129	n00064
n00129	n00524
n00129	n00539
n00130	n00065
n00130	n08774
n00130	n09226
n00130	n09229
n00131	n00066
n00132	n00131
n00132	n03975
n00133	n02866
n00133	n06743
n00133	n06749
n00133	n06912
n00133	n06914
n00133	n06916
n00133	n06917
n00133	n06918
n00133	n07071
n00133	n07074
n00133	n07236
n00133	n07237
n00133	n07239
n00133	n07241
n00133	n07419
n00133	n07580
n00133	n07768
n00133	n07955
n00133	n08154
n00133	n08374
n00133	n08586
n00133	n08990
n00133	n08991
n00133	n09488
n00134	n03463
n00134	n05852
n00134	n05993
n00134	n06130
n00134	n06132
n00134	n06274
n00134	n06275
n00134	n06436
n00134	n06569
n00134	n06744
n00134	n06745
n00134	n06746
n00134	n06747
n00134	n06913
n00134	n06915
n00134	n06919
n00134	n07241
n00134	n07420
n00134	n07579
n00134	n08374
n00134	n08375
n00134	n08588
n00135	n06638
n00135	n08895
n00135	n09094
n00136	n01177
n00136	n08988
n00137	n03108
n00137	n04892
n00138	n00898
n00138	n08012
n00138	n09229
n00139	n03627
n00139	n08601
n00140	n04089
n00140	n06916
n00140	n07074
n00140	n08990
n00141	n04629
n00141	n04888
n00141	n08987
n00141	n08988
n00141	n09226
n00142	n07332
n00142	n09572
n00143	n03800
n00143	n03895
n00143	n08774
n00144	n00047
n00145	n00020
n00145	n00904
n00146	n00020
n00146	n00904
n00147	n02985
n00147	n08152
n00147	n08774
n00147	n08775
n00147	n08776
n00148	n00047
n00149	n03039
n00149	n08372
n00149	n08773
n00149	n09227
n00150	n00048
n00150	n00149
n00150	n02656
n00152	n03655
n00153	n00917
n00153	n03333
n00155	n04173
n00155	n05110
n00156	n06130
n00156	n06133
n00156	n06435
n00156	n06570
n00156	n06744
n00156	n06747
n00156	n06748
n00156	n06911
n00156	n06913
n00156	n07243
n00156	n07582
n00156	n07583
n00156	n07953
n00156	n08209
n00156	n08374
n00156	n08375
n00156	n08583
n00156	n08991
n00156	n09488
n00157	n06623
n00157	n08242
n00158	n02442
n00158	n03042
n00159	n00553
n00159	n08163
n00160	n00051
n00160	n02900
n00160	n06204
n00161	n00031
n00161	n00082
n00161	n00083
n00161	n00084
n00161	n03396
n00162	n01884
n00162	n08586
n00162	n09488
n00163	n01180
n00163	n02209
n00164	n02444
n00165	n00536
n00165	n01887
n00166	n00060
n00166	n07577
n00166	n07602
n00166	n07767
n00166	n08582
n00166	n08773
n00166	n08775
n00167	n06664
n00167	n08498
n00167	n08773
n00167	n08788
n00167	n08988
n00168	n08534
n00168	n08581
n00168	n08776
n00169	n00060
n00169	n07577
n00169	n07602
n00169	n07767
n00169	n08581
n00169	n08582
n00169	n08773
n00169	n08775
n00170	n01430
n00170	n07242
n00170	n07419
n00170	n07642
n00170	n07873
n00170	n08153
n00170	n08374
n00170	n09488
n00171	n00061
n00171	n00121
n00171	n03805
n00172	n01437
n00172	n03732
n00172	n05580
n00173	n00062
n00174	n00062
n00175	n04353
n00175	n05437
n00176	n00543
n00177	n01874
n00177	n06570
n00177	n06914
n00177	n07071
n00177	n08587
n00177	n08588
n00178	n00125
n00178	n00527
n00179	n02427
n00179	n03919
n00179	n09227
n00180	n06181
n00181	n00043
n00182	n08888
n00183	n00574
n00183	n01670
n00183	n02774
n00184	n05852
n00184	n06130
n00184	n06131
n00184	n06132
n00184	n06272
n00184	n06273
n00184	n06274
n00184	n06275
n00184	n06435
n00184	n06436
n00184	n06570
n00184	n06571
n00184	n06743
n00184	n06744
n00184	n06745
n00184	n06746
n00184	n06748
n00184	n06911
n00184	n06913
n00184	n06914
n00184	n06916
n00184	n06917
n00184	n06918
n00184	n06919
n00184	n07071
n00184	n07072
n00184	n07236
n00184	n07237
n00184	n07238
n00184	n07240
n00184	n07241
n00184	n07243
n00184	n07244
n00184	n07418
n00184	n07419
n00184	n07420
n00184	n07579
n00184	n07581
n00184	n07583
n00184	n07768
n00184	n07953
n00184	n07955
n00184	n08153
n00184	n08154
n00184	n08155
n00184	n08374
n00184	n08375
n00184	n08583
n00184	n08584
n00184	n08585
n00184	n08586
n00184	n08588
n00184	n08990
n00184	n08991
n00185	n03913
n00185	n05912
n00185	n08276
n00185	n08361
n00186	n03199
n00186	n05761
n00187	n00070
n00188	n02876
n00189	n00587
n00189	n08027
n00190	n06075
n00191	n01859
n00191	n06840
n00192	n06272
n00192	n06748
n00192	n06915
n00192	n06918
n00192	n07071
n00192	n07072
n00192	n07073
n00192	n07236
n00192	n07238
n00192	n07239
n00192	n07241
n00192	n07244
n00192	n07420
n00192	n07580
n00192	n08375
n00192	n08584
n00192	n08992
n00193	n03281
n00193	n07876
n00194	n07577
n00194	n07681
n00194	n08774
n00194	n08988
n00194	n09227
n00194	n09228
n00194	n09487
n00195	n06569
n00195	n08178
n00196	n02894
n00196	n06221
n00196	n08897
n00197	n02342
n00198	n03474
n00198	n04240
n00199	n03402
n00199	n04167
n00199	n08987
n00200	n04548
n00200	n07879
n00200	n08287
n00201	n06189
n00202	n09089
n00203	n01444
n00203	n07129
n00204	n02861
n00204	n03887
n00204	n04323
n00204	n08371
n00204	n08373
n00204	n09487
n00205	n03571
n00205	n05928
n00206	n00067
n00207	n05927
n00207	n08871
n00208	n00094
n00209	n04916
n00209	n06673
n00209	n08773
n00210	n01871
n00210	n07417
n00210	n08830
n00210	n09226
n00210	n09228
n00211	n08225
n00211	n08413
n00211	n08582
n00211	n08775
n00211	n08776
n00211	n08989
n00211	n09228
n00211	n09229
n00212	n03349
n00212	n05245
n00213	n07416
n00213	n07577
n00213	n07578
n00213	n07767
n00213	n08151
n00213	n08152
n00213	n08371
n00213	n08373
n00213	n08581
n00213	n08582
n00213	n08773
n00213	n08987
n00213	n08988
n00213	n09227
n00213	n09228
n00213	n09229
n00213	n09487
n00214	n06916
n00214	n06918
n00214	n07419
n00214	n07577
n00214	n07580
n00214	n07954
n00214	n08372
n00214	n08585
n00214	n08775
n00214	n08776
n00214	n08990
n00214	n08992
n00214	n09226
n00214	n09228
n00214	n09229
n00214	n09487
n00214	n09581
n00215	n00909
n00215	n02599
n00215	n07417
n00215	n08581
n00215	n08775
n00215	n08988
n00215	n08989
n00216	n00098
n00216	n09229
n00217	n04214
n00217	n05321
n00217	n06569
n00217	n06570
n00217	n07417
n00217	n07578
n00217	n07580
n00217	n07956
n00217	n08151
n00217	n08581
n00217	n08584
n00217	n08776
n00217	n08988
n00217	n08989
n00217	n09487
n00218	n03341
n00218	n05443
n00218	n06601
n00218	n07490
n00218	n08989
n00218	n09407
n00219	n07578
n00219	n08775
n00219	n09136
n00220	n00047
n00221	n02764
n00221	n07417
n00221	n07577
n00221	n07767
n00221	n08581
n00221	n08989
n00221	n09227
n00221	n09228
n00221	n09229
n00222	n04383
n00222	n08005
n00223	n04682
n00223	n04834
n00224	n00548
n00225	n08263
n00225	n08773
n00225	n09408
n00225	n09487
n00226	n08509
n00227	n02077
n00227	n03055
n00227	n03541
n00227	n06456
n00227	n08775
n00227	n08987
n00228	n04528
n00228	n05943
n00228	n09410
n00229	n01666
n00229	n02881
n00229	n08581
n00230	n06744
n00230	n07578
n00230	n07580
n00230	n07582
n00230	n07952
n00230	n07953
n00230	n08151
n00230	n08152
n00230	n08582
n00230	n08583
n00230	n08775
n00230	n08778
n00230	n08988
n00230	n08989
n00230	n08992
n00230	n09226
n00230	n09228
n00230	n09229
n00230	n09487
n00231	n00553
n00232	n06215
n00233	n04355
n00233	n06849
n00233	n09157
n00234	n00080
n00235	n00080
n00236	n00573
n00237	n00081
n00237	n01441
n00237	n04328
n00238	n00111
n00239	n01677
n00239	n08375
n00239	n08583
n00240	n05787
n00240	n06130
n00240	n06570
n00240	n06745
n00240	n06914
n00240	n06915
n00240	n07236
n00240	n07238
n00240	n08991
n00240	n09280
n00242	n01443
n00242	n07417
n00242	n08151
n00242	n08775
n00242	n09227
n00243	n00127
n00243	n00128
n00243	n07577
n00244	n04266
n00244	n04357
n00244	n06274
n00244	n06749
n00244	n07237
n00244	n07241
n00244	n07243
n00244	n07244
n00244	n07419
n00244	n07420
n00244	n07581
n00244	n07955
n00244	n08374
n00244	n08583
n00244	n08584
n00244	n08585
n00244	n08588
n00245	n00059
n00245	n00087
n00245	n04394
n00246	n00921
n00246	n07577
n00246	n07602
n00246	n07767
n00246	n08582
n00246	n08773
n00246	n08775
n00246	n08991
n00247	n00060
n00247	n07577
n00247	n07602
n00247	n07767
n00247	n08582
n00247	n08773
n00247	n08775
n00248	n03647
n00248	n05852
n00248	n05993
n00248	n06131
n00248	n06133
n00248	n06436
n00248	n06570
n00248	n06745
n00248	n06914
n00248	n06916
n00248	n06917
n00248	n07071
n00248	n07073
n00248	n07241
n00248	n07580
n00248	n07581
n00248	n07582
n00248	n07583
n00248	n07954
n00248	n08153
n00248	n08155
n00248	n08375
n00248	n08586
n00248	n08990
n00248	n08991
n00248	n09488
n00249	n00556
n00249	n04519
n00249	n06515
n00250	n00914
n00251	n03148
n00251	n08515
n00251	n08987
n00252	n02967
n00252	n06836
n00252	n08585
n00252	n08989
n00252	n09228
n00252	n09487
n00253	n02088
n00254	n00127
n00254	n08987
n00255	n02438
n00255	n05117
n00255	n05892
n00255	n07074
n00255	n08581
n00255	n08992
n00256	n03818
n00256	n08151
n00256	n08775
n00256	n08976
n00256	n08988
n00256	n09310
n00257	n02994
n00257	n07416
n00257	n08581
n00257	n08582
n00258	n03566
n00258	n05993
n00258	n06130
n00258	n06132
n00258	n06274
n00258	n06275
n00258	n06745
n00258	n06746
n00258	n06911
n00258	n06916
n00258	n06917
n00258	n06919
n00258	n07073
n00258	n07237
n00258	n07238
n00258	n07418
n00258	n07581
n00258	n07583
n00258	n07768
n00258	n07954
n00258	n08155
n00258	n08585
n00258	n08586
n00258	n08990
n00258	n08991
n00258	n08992
n00258	n09488
n00259	n00093
n00260	n03209
n00260	n03921
n00260	n06131
n00260	n06911
n00260	n07439
n00260	n08588
n00260	n08973
n00261	n00103
n00261	n08371
n00261	n08373
n00262	n05882
n00262	n06744
n00262	n06746
n00262	n06915
n00262	n06946
n00262	n07237
n00262	n07238
n00262	n07419
n00262	n07579
n00262	n07582
n00262	n07583
n00262	n08374
n00262	n08586
n00262	n08587
n00263	n03686
n00263	n07952
n00263	n08605
n00263	n08992
n00264	n02348
n00265	n03735
n00265	n09642
n00266	n05438
n00267	n00564
n00267	n08722
n00268	n02766
n00268	n04720
n00269	n01194
n00269	n02754
n00269	n07416
n00269	n07578
n00269	n08774
n00269	n08987
n00269	n09227
n00270	n03051
n00270	n08152
n00270	n08988
n00270	n08989
n00270	n09228
n00270	n09554
n00271	n00093
n00272	n03571
n00272	n05928
n00272	n08152
n00273	n03206
n00273	n03652
n00273	n07577
n00273	n08987
n00273	n09229
n00273	n09283
n00273	n09487
n00274	n03745
n00274	n08089
n00274	n08152
n00274	n08774
n00274	n08776
n00274	n08989
n00274	n09227
n00274	n09229
n00275	n00094
n00276	n00098
n00276	n03420
n00276	n08582
n00276	n08987
n00277	n00097
n00278	n03822
n00278	n06848
n00279	n00585
n00279	n08863
n00279	n09118
n00280	n03140
n00280	n05897
n00281	n01198
n00281	n06003
n00281	n07416
n00281	n07417
n00281	n08372
n00281	n08776
n00281	n09226
n00281	n09229
n00282	n00148
n00283	n00150
n00283	n02861
n00283	n03884
n00283	n08582
n00283	n09228
n00283	n09487
n00284	n00153
n00284	n03924
n00285	n02777
n00285	n05572
n00285	n08582
n00285	n08659
n00286	n02880
n00286	n05939
n00286	n06357
n00286	n09635
n00287	n05334
n00287	n05546
n00287	n06615
n00287	n07359
n00287	n08483
n00288	n01892
n00289	n02667
n00289	n08582
n00290	n00103
n00291	n02218
n00291	n08151
n00291	n08152
n00291	n08775
n00291	n08987
n00291	n08988
n00291	n09227
n00291	n09228
n00292	n03424
n00292	n06921
n00292	n07961
n00293	n02555
n00293	n05027
n00294	n06228
n00294	n06533
n00294	n07768
n00294	n09165
n00294	n09488
n00295	n00104
n00295	n04349
n00295	n07336
n00296	n03143
n00296	n03361
n00297	n00929
n00298	n06047
n00298	n06131
n00298	n08587
n00298	n09211
n00298	n09617
n00299	n06975
n00299	n09435
n00300	n02548
n00300	n03171
n00300	n07363
n00300	n08971
n00301	n00931
n00301	n03979
n00301	n07992
n00302	n00073
n00302	n05041
n00303	n04178
n00303	n04897
n00304	n05688
n00304	n08390
n00304	n08921
n00305	n00080
n00306	n00110
n00306	n02211
n00306	n06911
n00306	n08990
n00307	n03363
n00307	n06140
n00307	n07103
n00307	n08066
n00307	n08151
n00307	n08371
n00307	n08372
n00307	n08373
n00307	n08773
n00307	n08987
n00307	n09228
n00307	n09229
n00308	n00166
n00308	n00921
n00309	n00117
n00309	n03984
n00309	n04099
n00309	n06377
n00309	n07577
n00309	n07578
n00309	n08988
n00309	n09229
n00310	n04369
n00310	n05959
n00310	n06958
n00311	n00168
n00311	n04610
n00311	n07015
n00311	n09228
n00311	n09229
n00312	n01706
n00312	n01877
n00312	n04005
n00312	n05242
n00313	n00119
n00313	n04088
n00314	n05694
n00314	n07756
n00314	n08155
n00314	n08374
n00314	n09488
n00315	n00172
n00315	n05167
n00315	n06351
n00315	n07176
n00315	n08582
n00315	n08987
n00316	n02940
n00316	n07767
n00316	n08581
n00316	n08987
n00317	n00122
n00317	n06131
n00317	n08374
n00318	n04575
n00318	n07189
n00318	n07577
n00318	n08371
n00318	n08372
n00318	n08373
n00318	n08987
n00319	n00173
n00319	n00174
n00320	n02455
n00320	n03217
n00320	n09415
n00320	n09488
n00321	n00928
n00321	n07711
n00321	n08720
n00322	n00123
n00322	n00178
n00322	n07577
n00322	n07627
n00322	n08152
n00322	n08372
n00322	n08582
n00322	n08775
n00322	n09227
n00323	n01458
n00323	n02432
n00323	n03643
n00324	n03059
n00324	n06130
n00324	n06132
n00324	n06272
n00324	n06275
n00324	n06745
n00324	n06746
n00324	n06913
n00324	n06914
n00324	n06915
n00324	n07073
n00324	n07074
n00324	n07236
n00324	n07238
n00324	n07418
n00324	n07953
n00324	n08154
n00324	n08375
n00324	n08585
n00324	n08991
n00324	n09488
n00325	n06076
n00325	n06132
n00325	n06272
n00325	n06274
n00325	n06748
n00325	n06915
n00325	n06919
n00325	n07071
n00325	n07073
n00325	n07240
n00325	n07420
n00325	n07579
n00325	n07581
n00325	n07583
n00325	n07768
n00325	n07953
n00325	n07955
n00325	n08154
n00325	n08155
n00325	n08375
n00325	n08585
n00325	n08586
n00325	n08588
n00325	n08992
n00326	n01219
n00326	n07343
n00326	n07497
n00326	n08815
n00327	n00583
n00328	n00599
n00328	n07157
n00328	n07499
n00328	n07767
n00328	n07952
n00328	n08374
n00328	n08988
n00328	n08989
n00328	n09085
n00329	n00179
n00329	n01466
n00329	n07417
n00329	n07577
n00329	n07767
n00329	n08152
n00329	n08371
n00329	n08773
n00329	n09226
n00330	n07309
n00330	n07713
n00330	n08595
n00331	n02095
n00331	n07416
n00331	n07417
n00331	n07577
n00331	n07578
n00331	n08151
n00331	n08372
n00331	n08581
n00331	n08773
n00331	n08774
n00331	n08987
n00331	n08988
n00331	n09226
n00331	n09228
n00332	n00582
n00332	n03923
n00332	n07416
n00332	n07577
n00332	n07767
n00332	n07952
n00332	n08372
n00332	n08773
n00332	n09228
n00333	n03068
n00334	n00135
n00334	n05449
n00335	n02660
n00335	n06355
n00335	n06371
n00335	n07156
n00335	n07417
n00335	n07921
n00336	n01690
n00337	n02449
n00337	n08773
n00337	n08774
n00337	n09226
n00338	n04190
n00338	n05590
n00339	n00090
n00339	n05852
n00339	n06746
n00339	n06914
n00339	n06916
n00339	n07074
n00339	n07238
n00339	n07240
n00339	n07579
n00339	n07581
n00339	n07844
n00339	n07953
n00339	n08153
n00339	n08155
n00339	n08990
n00339	n08991
n00340	n00590
n00341	n00158
n00341	n02451
n00342	n03512
n00342	n07767
n00342	n08151
n00342	n08773
n00342	n08988
n00342	n09338
n00342	n09661
n00343	n04926
n00343	n05252
n00344	n01986
n00344	n05230
n00344	n07577
n00344	n07578
n00344	n08371
n00344	n08373
n00345	n00133
n00345	n06272
n00345	n06510
n00345	n06746
n00345	n08583
n00346	n00133
n00346	n09088
n00347	n00197
n00348	n04333
n00348	n04739
n00348	n06832
n00348	n09008
n00349	n04282
n00349	n07578
n00349	n07767
n00349	n08151
n00349	n08371
n00349	n09418
n00350	n01456
n00350	n06128
n00350	n08984
n00351	n03155
n00351	n04923
n00352	n00925
n00352	n04907
n00352	n07350
n00352	n07835
n00352	n08988
n00352	n09228
n00352	n09229
n00353	n05680
n00353	n08771
n00354	n02217
n00354	n07010
n00354	n07416
n00354	n08581
n00354	n08775
n00354	n08776
n00354	n08988
n00354	n08989
n00354	n09226
n00354	n09227
n00354	n09234
n00355	n05249
n00355	n06903
n00356	n04100
n00356	n04421
n00356	n07417
n00356	n07577
n00356	n07952
n00356	n08151
n00356	n08152
n00356	n08581
n00356	n08582
n00356	n08697
n00356	n08776
n00356	n08987
n00356	n08988
n00356	n09226
n00356	n09228
n00356	n09487
n00357	n07351
n00357	n08718
n00357	n08773
n00357	n08776
n00357	n09228
n00357	n09487
n00358	n05819
n00358	n07241
n00358	n08990
n00359	n00071
n00359	n00227
n00359	n08773
n00359	n08774
n00359	n09227
n00359	n09229
n00360	n00928
n00360	n08970
n00361	n00139
n00361	n05454
n00361	n06777
n00362	n04831
n00362	n04942
n00362	n07417
n00362	n08521
n00363	n04346
n00363	n08760
n00363	n08773
n00363	n09656
n00364	n03490
n00364	n04556
n00364	n08154
n00365	n01785
n00365	n04186
n00365	n06630
n00365	n06970
n00365	n07505
n00365	n08034
n00365	n08180
n00365	n08260
n00366	n06850
n00366	n07727
n00366	n08278
n00367	n04002
n00368	n07416
n00368	n07417
n00368	n07577
n00368	n07578
n00368	n07952
n00368	n08152
n00368	n08371
n00368	n08372
n00368	n08373
n00368	n08581
n00368	n08582
n00368	n08773
n00368	n08775
n00368	n08776
n00368	n08988
n00368	n08989
n00368	n08991
n00368	n09226
n00368	n09227
n00368	n09228
n00368	n09229
n00368	n09487
n00369	n00153
n00369	n03924
n00370	n08740
n00371	n01478
n00371	n07625
n00371	n07821
n00372	n01474
n00372	n07029
n00372	n07417
n00372	n08372
n00372	n08776
n00372	n09487
n00373	n00155
n00374	n01475
n00375	n03529
n00375	n08688
n00376	n03918
n00376	n06077
n00376	n06109
n00376	n06131
n00376	n06274
n00376	n06748
n00376	n06914
n00376	n06917
n00376	n07071
n00376	n07072
n00376	n07238
n00376	n07240
n00376	n07418
n00376	n08154
n00376	n08375
n00376	n08583
n00376	n09488
n00377	n00156
n00377	n06912
n00378	n00955
n00378	n06273
n00378	n06275
n00378	n07238
n00378	n07418
n00378	n07580
n00378	n08584
n00379	n02915
n00379	n04187
n00379	n06133
n00379	n06914
n00379	n07657
n00379	n08154
n00379	n08374
n00379	n08585
n00380	n03302
n00380	n06244
n00381	n02466
n00381	n05402
n00382	n02233
n00382	n05140
n00382	n06982
n00382	n07183
n00382	n07767
n00382	n08152
n00382	n08581
n00382	n08987
n00382	n08988
n00382	n08989
n00382	n09226
n00383	n01476
n00383	n03562
n00383	n05687
n00383	n08429
n00384	n00591
n00384	n04148
n00384	n04896
n00384	n05829
n00384	n08988
n00385	n03014
n00385	n03843
n00385	n06131
n00385	n06132
n00385	n06272
n00385	n06275
n00385	n06571
n00385	n06743
n00385	n06744
n00385	n06916
n00385	n07074
n00385	n07239
n00385	n07240
n00385	n07243
n00385	n07420
n00385	n07579
n00385	n07580
n00385	n07582
n00385	n07953
n00385	n08583
n00385	n08585
n00385	n08587
n00385	n09488
n00386	n05613
n00386	n08966
n00387	n02899
n00387	n06132
n00387	n06435
n00387	n07580
n00387	n07953
n00387	n08155
n00387	n08583
n00387	n08990
n00387	n08992
n00387	n09488
n00388	n01905
n00388	n03280
n00388	n07416
n00388	n08582
n00388	n09377
n00389	n00108
n00389	n00160
n00389	n01676
n00389	n04498
n00390	n00161
n00390	n00238
n00390	n04403
n00391	n03396
n00391	n08128
n00391	n08635
n00392	n03073
n00392	n06911
n00392	n07071
n00392	n07580
n00392	n07953
n00392	n08992
n00393	n02672
n00393	n05283
n00393	n05957
n00394	n03764
n00394	n06393
n00394	n07320
n00395	n00211
n00395	n07351
n00395	n09487
n00396	n00166
n00396	n00169
n00396	n00247
n00397	n02107
n00398	n00967
n00398	n06435
n00398	n08464
n00399	n03071
n00399	n03451
n00399	n03660
n00399	n05791
n00399	n06688
n00399	n08758
n00399	n08987
n00400	n00629
n00401	n01480
n00401	n06272
n00401	n06275
n00401	n06436
n00401	n06571
n00401	n06746
n00401	n06747
n00401	n06748
n00401	n06749
n00401	n06911
n00401	n06919
n00401	n07071
n00401	n07073
n00401	n07074
n00401	n07236
n00401	n07237
n00401	n07419
n00401	n07580
n00401	n07581
n00401	n07768
n00401	n08153
n00401	n08583
n00401	n08586
n00401	n08588
n00401	n08990
n00401	n08992
n00401	n09488
n00402	n02693
n00402	n04649
n00402	n09265
n00403	n00175
n00403	n04474
n00404	n00214
n00404	n06912
n00404	n07484
n00404	n08581
n00404	n08773
n00405	n05177
n00405	n07577
n00405	n09154
n00406	n04376
n00406	n05991
n00406	n08987
n00407	n03496
n00407	n06860
n00407	n08152
n00407	n08372
n00407	n08581
n00407	n08582
n00407	n08773
n00407	n08774
n00407	n08775
n00407	n08987
n00407	n08988
n00407	n09226
n00407	n09227
n00408	n00207
n00408	n07520
n00409	n02780
n00409	n07570
n00409	n07952
n00409	n08152
n00409	n08371
n00409	n08372
n00409	n08988
n00409	n09226
n00410	n00217
n00410	n04397
n00410	n06368
n00410	n08583
n00410	n09229
n00411	n00604
n00411	n05193
n00411	n06788
n00411	n07952
n00411	n08151
n00411	n08581
n00411	n08773
n00411	n08775
n00411	n08776
n00411	n08987
n00411	n08988
n00412	n01481
n00412	n03144
n00412	n03910
n00412	n04362
n00412	n06133
n00412	n06273
n00412	n06918
n00412	n07239
n00412	n09488
n00413	n00190
n00414	n00157
n00414	n06525
n00414	n09577
n00415	n00598
n00415	n06559
n00415	n08586
n00416	n01232
n00416	n04299
n00416	n08949
n00417	n00639
n00417	n04080
n00417	n04857
n00418	n03236
n00418	n03755
n00418	n07700
n00419	n06723
n00419	n07202
n00419	n09183
n00420	n03430
n00420	n06379
n00420	n08324
n00420	n08526
n00420	n08582
n00420	n08773
n00420	n09227
n00421	n03429
n00421	n08152
n00422	n00295
n00422	n04557
n00423	n00199
n00423	n03610
n00423	n05652
n00424	n00605
n00424	n03775
n00424	n07578
n00424	n08581
n00424	n08987
n00425	n00646
n00425	n04562
n00426	n00939
n00426	n05975
n00426	n08582
n00426	n08773
n00427	n00184
n00427	n05993
n00427	n06569
n00427	n06747
n00427	n07073
n00427	n07239
n00427	n07242
n00427	n07582
n00427	n08587
n00427	n09488
n00428	n00934
n00428	n06565
n00429	n03314
n00429	n05583
n00429	n07217
n00430	n03449
n00430	n03849
n00430	n06745
n00430	n06747
n00430	n07073
n00430	n07074
n00430	n07420
n00430	n07582
n00430	n08375
n00430	n08586
n00430	n08587
n00430	n08992
n00430	n09488
n00431	n02256
n00431	n02573
n00431	n05362
n00431	n05601
n00431	n08581
n00432	n02237
n00432	n08043
n00432	n08581
n00432	n08773
n00432	n08775
n00432	n08988
n00432	n09068
n00432	n09226
n00433	n01222
n00433	n08030
n00433	n08421
n00434	n00193
n00434	n09699
n00435	n00180
n00436	n00181
n00436	n00243
n00436	n00254
n00436	n08581
n00436	n08776
n00437	n00182
n00437	n04212
n00438	n02450
n00438	n08008
n00439	n00221
n00439	n02248
n00439	n08152
n00439	n08582
n00439	n08988
n00440	n00186
n00440	n02253
n00440	n03567
n00441	n03082
n00441	n03136
n00441	n06909
n00442	n00189
n00442	n00989
n00442	n05507
n00442	n08774
n00442	n09223
n00443	n00191
n00443	n04462
n00443	n06121
n00444	n01223
n00444	n07417
n00444	n07578
n00444	n07952
n00444	n08151
n00444	n08371
n00444	n08373
n00444	n08776
n00444	n08988
n00444	n09226
n00444	n09228
n00444	n09487
n00445	n08090
n00446	n00972
n00446	n03237
n00447	n04112
n00447	n06743
n00447	n07405
n00447	n08966
n00448	n04032
n00448	n07212
n00449	n04102
n00449	n05648
n00449	n06398
n00449	n07376
n00449	n07416
n00449	n07767
n00449	n08371
n00449	n08373
n00449	n08582
n00449	n08774
n00449	n08776
n00449	n08988
n00449	n08989
n00449	n09228
n00449	n09487
n00450	n05048
n00450	n05961
n00450	n08871
n00451	n03308
n00451	n03987
n00451	n05180
n00451	n06436
n00451	n06747
n00451	n06916
n00452	n05388
n00452	n06133
n00452	n06273
n00452	n06435
n00452	n06916
n00452	n07243
n00452	n07418
n00452	n07579
n00452	n08153
n00452	n08583
n00452	n08588
n00452	n08990
n00452	n08991
n00453	n01235
n00453	n05443
n00453	n08581
n00453	n08687
n00453	n09226
n00453	n09487
n00454	n03435
n00454	n03568
n00454	n08372
n00454	n08774
n00454	n08989
n00454	n09487
n00455	n00937
n00455	n06124
n00455	n07485
n00455	n07952
n00455	n08151
n00455	n08582
n00455	n08773
n00455	n08987
n00456	n02384
n00457	n00606
n00457	n03650
n00457	n07952
n00457	n08775
n00457	n08989
n00458	n00230
n00458	n07767
n00459	n02099
n00459	n05375
n00459	n08799
n00460	n01227
n00460	n06629
n00460	n08276
n00460	n08889
n00460	n09116
n00461	n00938
n00461	n05706
n00461	n07968
n00461	n08700
n00462	n00609
n00462	n03310
n00462	n06745
n00462	n06746
n00462	n07240
n00463	n00200
n00463	n05498
n00463	n09174
n00464	n02255
n00464	n02680
n00464	n09419
n00465	n00203
n00465	n03220
n00466	n04193
n00466	n06887
n00466	n06911
n00466	n07240
n00466	n07243
n00466	n07418
n00466	n07580
n00466	n09134
n00466	n09488
n00467	n01906
n00467	n07416
n00467	n08554
n00467	n08774
n00467	n08775
n00467	n09228
n00467	n09487
n00468	n00204
n00468	n03343
n00468	n03879
n00468	n08582
n00468	n08987
n00468	n09227
n00468	n09228
n00469	n00940
n00469	n06419
n00469	n09226
n00470	n00218
n00470	n04033
n00470	n05351
n00471	n00581
n00471	n09550
n00472	n00259
n00472	n08991
n00473	n06723
n00473	n07042
n00473	n07707
n00473	n08151
n00474	n00558
n00474	n02101
n00474	n07767
n00474	n08737
n00474	n08776
n00474	n08988
n00474	n09226
n00474	n09228
n00475	n01719
n00475	n03774
n00475	n08775
n00475	n08988
n00475	n09227
n00475	n09487
n00476	n00611
n00476	n05146
n00476	n09440
n00477	n01462
n00477	n04393
n00477	n04465
n00477	n06125
n00478	n01485
n00478	n05072
n00478	n08151
n00478	n08988
n00478	n09226
n00479	n00943
n00479	n04202
n00479	n07416
n00479	n07578
n00479	n08151
n00479	n08152
n00479	n09227
n00479	n09228
n00479	n09229
n00480	n01923
n00481	n00614
n00481	n04158
n00481	n07683
n00481	n09023
n00481	n09081
n00482	n02104
n00482	n04268
n00482	n06156
n00482	n08774
n00483	n00289
n00483	n07417
n00483	n09226
n00484	n00978
n00484	n06175
n00484	n07578
n00484	n08152
n00484	n08304
n00484	n09226
n00484	n09666
n00485	n02787
n00485	n03367
n00485	n05258
n00485	n08372
n00485	n08961
n00485	n08987
n00486	n02891
n00486	n03086
n00486	n05767
n00486	n07416
n00486	n09228
n00487	n03018
n00488	n00753
n00488	n05993
n00488	n06913
n00488	n07074
n00488	n07239
n00488	n07240
n00488	n07418
n00488	n07952
n00488	n08585
n00488	n08990
n00488	n08992
n00488	n09573
n00489	n02715
n00489	n07181
n00489	n09227
n00490	n03013
n00491	n00212
n00491	n08105
n00491	n08558
n00491	n09683
n00492	n05125
n00492	n06555
n00492	n06693
n00492	n07417
n00492	n07578
n00492	n08151
n00492	n08371
n00492	n08372
n00492	n08373
n00492	n08581
n00492	n08774
n00492	n08775
n00492	n08988
n00493	n00215
n00493	n04421
n00493	n07117
n00493	n08371
n00493	n08776
n00494	n02244
n00494	n05117
n00494	n06177
n00494	n06745
n00494	n07074
n00494	n07583
n00494	n07955
n00494	n08440
n00494	n08583
n00495	n00216
n00495	n03246
n00495	n04395
n00496	n01249
n00496	n07736
n00497	n03008
n00497	n06567
n00497	n08947
n00497	n09375
n00498	n00222
n00498	n04373
n00498	n05241
n00498	n09365
n00499	n00619
n00500	n00620
n00500	n03942
n00500	n07416
n00500	n08773
n00500	n08775
n00500	n09227
n00500	n09229
n00501	n00290
n00501	n08773
n00501	n08774
n00501	n09228
n00501	n09229
n00502	n01911
n00502	n06133
n00502	n06177
n00502	n07074
n00502	n07955
n00502	n08097
n00502	n08992
n00503	n01931
n00503	n05081
n00503	n05845
n00503	n06255
n00503	n06273
n00503	n06570
n00503	n06571
n00503	n06747
n00503	n07072
n00503	n07583
n00503	n08155
n00503	n08374
n00503	n08375
n00504	n00955
n00504	n05852
n00504	n06130
n00504	n06131
n00504	n06745
n00504	n06911
n00504	n06915
n00504	n06916
n00504	n07236
n00504	n07240
n00504	n07243
n00504	n07244
n00504	n07953
n00504	n08153
n00504	n08375
n00504	n08585
n00504	n08587
n00504	n08990
n00504	n08992
n00505	n01912
n00505	n03475
n00506	n00226
n00506	n07396
n00507	n03380
n00507	n05618
n00507	n09061
n00508	n03078
n00508	n05585
n00508	n06569
n00508	n06916
n00508	n06917
n00508	n07582
n00508	n08585
n00508	n08753
n00509	n00624
n00509	n02264
n00510	n04133
n00510	n06132
n00510	n06435
n00510	n06436
n00510	n07218
n00511	n03603
n00511	n07062
n00512	n00230
n00512	n07416
n00512	n08990
n00513	n02467
n00513	n03309
n00514	n05064
n00514	n07938
n00514	n09229
n00515	n00159
n00515	n00231
n00515	n00302
n00516	n00232
n00516	n07070
n00517	n05993
n00517	n06130
n00517	n06133
n00517	n06274
n00517	n06436
n00517	n06743
n00517	n06744
n00517	n06745
n00517	n06746
n00517	n06749
n00517	n06911
n00517	n06914
n00517	n06915
n00517	n06916
n00517	n06918
n00517	n06919
n00517	n07238
n00517	n07239
n00517	n07240
n00517	n07241
n00517	n07242
n00517	n07419
n00517	n07420
n00517	n07579
n00517	n07580
n00517	n07581
n00517	n07582
n00517	n07953
n00517	n07955
n00517	n08991
n00519	n03453
n00519	n07579
n00521	n02325
n00521	n02420
n00521	n02422
n00521	n02859
n00521	n02963
n00521	n06297
n00522	n08389
n00522	n09237
n00523	n04592
n00523	n04769
n00523	n05077
n00523	n08371
n00523	n08373
n00523	n08581
n00523	n08582
n00523	n08776
n00524	n08814
n00525	n07777
n00526	n04871
n00526	n07081
n00527	n07127
n00527	n08773
n00527	n09266
n00528	n05879
n00530	n03322
n00530	n05758
n00530	n05873
n00531	n08609
n00531	n08992
n00532	n03463
n00532	n05852
n00532	n05993
n00532	n06130
n00532	n06132
n00532	n06274
n00532	n06275
n00532	n06436
n00532	n06569
n00532	n06744
n00532	n06745
n00532	n06746
n00532	n06747
n00532	n06913
n00532	n06915
n00532	n06919
n00532	n07241
n00532	n07420
n00532	n07579
n00532	n08374
n00532	n08375
n00532	n08588
n00533	n00553
n00534	n00519
n00534	n00878
n00534	n00879
n00534	n00880
n00534	n00881
n00534	n00882
n00534	n00884
n00534	n00886
n00534	n00887
n00534	n00889
n00535	n00519
n00535	n00878
n00535	n00879
n00535	n00880
n00535	n00881
n00535	n00882
n00535	n00884
n00535	n00886
n00535	n00887
n00535	n00889
n00536	n04059
n00536	n04238
n00536	n07767
n00537	n05089
n00538	n00042
n00538	n02863
n00538	n03037
n00538	n05623
n00539	n08814
n00540	n05519
n00540	n08371
n00540	n08373
n00541	n08399
n00541	n08443
n00542	n03469
n00542	n05104
n00542	n09312
n00543	n02874
n00543	n03554
n00545	n06619
n00546	n03701
n00546	n04048
n00546	n05639
n00547	n02742
n00547	n02973
n00548	n04511
n00548	n04824
n00548	n06933
n00549	n03466
n00549	n05852
n00549	n05993
n00549	n06131
n00549	n06272
n00549	n06436
n00549	n06571
n00549	n07242
n00549	n07420
n00549	n08155
n00551	n04414
n00552	n00553
n00553	n00022
n00553	n00074
n00553	n00106
n00554	n00526
n00554	n00555
n00555	n04871
n00555	n07081
n00556	n06195
n00556	n07814
n00556	n08799
n00557	n00063
n00557	n00064
n00557	n00524
n00557	n00539
n00558	n01208
n00558	n05291
n00558	n08774
n00558	n08987
n00558	n08989
n00558	n09229
n00558	n09487
n00559	n04877
n00560	n03532
n00560	n09336
n00561	n06619
n00562	n03034
n00562	n09357
n00563	n00047
n00564	n04332
n00564	n07655
n00565	n02636
n00565	n02740
n00565	n08776
n00566	n05738
n00566	n06028
n00566	n06164
n00567	n05852
n00567	n05993
n00567	n06130
n00567	n06131
n00567	n06132
n00567	n06133
n00567	n06273
n00567	n06274
n00567	n06570
n00567	n06747
n00567	n06913
n00567	n06915
n00567	n06917
n00567	n07071
n00567	n07072
n00567	n07073
n00567	n07074
n00567	n07236
n00567	n07237
n00567	n07239
n00567	n07240
n00567	n07242
n00567	n07420
n00567	n07582
n00567	n07768
n00567	n07955
n00567	n08375
n00568	n06324
n00569	n04807
n00569	n09487
n00570	n00039
n00570	n00051
n00570	n02900
n00571	n02209
n00572	n02421
n00573	n04354
n00573	n04899
n00573	n05119
n00573	n07237
n00573	n07238
n00573	n07579
n00573	n07583
n00574	n08647
n00575	n06649
n00576	n01172
n00576	n01192
n00576	n02098
n00577	n09401
n00578	n01206
n00579	n08906
n00580	n01428
n00580	n05340
n00580	n05670
n00580	n08774
n00581	n03040
n00581	n06191
n00582	n03550
n00582	n05926
n00582	n06901
n00583	n04159
n00583	n06803
n00583	n07071
n00583	n09488
n00584	n06619
n00585	n03194
n00585	n03639
n00585	n09040
n00586	n06140
n00586	n07103
n00586	n08201
n00586	n08435
n00587	n00075
n00587	n08582
n00587	n08775
n00587	n09228
n00588	n05645
n00588	n08036
n00588	n08773
n00588	n09227
n00589	n00070
n00590	n09007
n00591	n04723
n00591	n05102
n00591	n07417
n00592	n08053
n00593	n03724
n00593	n07675
n00594	n00114
n00595	n02072
n00595	n06062
n00596	n04819
n00596	n07417
n00596	n07577
n00596	n07578
n00596	n07767
n00596	n08989
n00597	n06985
n00598	n03120
n00598	n06858
n00598	n07152
n00599	n03547
n00599	n08775
n00599	n09487
n00600	n01196
n00600	n09003
n00601	n03338
n00602	n03049
n00603	n03921
n00603	n06131
n00603	n06303
n00603	n06916
n00603	n08584
n00604	n05121
n00604	n08152
n00604	n08989
n00605	n03045
n00605	n07173
n00605	n07577
n00605	n07633
n00605	n08151
n00605	n08371
n00605	n08373
n00605	n08582
n00605	n08989
n00605	n09228
n00605	n09283
n00606	n04719
n00606	n07880
n00607	n01669
n00608	n00542
n00608	n05441
n00608	n05781
n00609	n02551
n00609	n06748
n00609	n07237
n00609	n07953
n00610	n03050
n00610	n06669
n00610	n09399
n00611	n01436
n00611	n08714
n00611	n08989
n00611	n09227
n00612	n08032
n00614	n03283
n00614	n03813
n00614	n06344
n00614	n08581
n00614	n08774
n00614	n08775
n00615	n00564
n00615	n08722
n00616	n01665
n00616	n03711
n00616	n06633
n00616	n08987
n00616	n09163
n00617	n02554
n00617	n08373
n00617	n08775
n00617	n08776
n00617	n09228
n00617	n09487
n00618	n00069
n00618	n04822
n00618	n07767
n00619	n05014
n00620	n03201
n00620	n07952
n00620	n08152
n00620	n08582
n00620	n08987
n00620	n08989
n00620	n09226
n00621	n07006
n00621	n08488
n00622	n02345
n00622	n03054
n00622	n06273
n00622	n06749
n00622	n06911
n00622	n08584
n00623	n07163
n00623	n07238
n00623	n07239
n00623	n07418
n00623	n07657
n00623	n08153
n00623	n08375
n00623	n08992
n00624	n04365
n00624	n07164
n00624	n09139
n00625	n02346
n00626	n06487
n00626	n09619
n00627	n06389
n00628	n03047
n00628	n03607
n00628	n07577
n00628	n08151
n00628	n08373
n00628	n08776
n00628	n08989
n00628	n09226
n00628	n09229
n00629	n00119
n00629	n06145
n00630	n04460
n00630	n06061
n00631	n07799
n00631	n08151
n00631	n09226
n00631	n09227
n00631	n09228
n00631	n09487
n00632	n04157
n00633	n07308
n00634	n09105
n00635	n05450
n00635	n07952
n00635	n08371
n00635	n08373
n00635	n08582
n00635	n08987
n00635	n09228
n00636	n03139
n00636	n04166
n00637	n03888
n00637	n04816
n00638	n06339
n00638	n08371
n00638	n08373
n00638	n08581
n00638	n09228
n00638	n09662
n00639	n00927
n00639	n03789
n00640	n05841
n00640	n07416
n00640	n07952
n00640	n08581
n00640	n08582
n00640	n08774
n00640	n08987
n00640	n08988
n00640	n09226
n00641	n08721
n00641	n08991
n00642	n06273
n00642	n06911
n00642	n06912
n00642	n07071
n00642	n07236
n00642	n07580
n00642	n07582
n00642	n08153
n00642	n08583
n00642	n08870
n00643	n09298
n00644	n04001
n00644	n07356
n00644	n07898
n00645	n08760
n00646	n01885
n00647	n07034
n00648	n00548
n00649	n02768
n00650	n02895
n00650	n06213
n00650	n07241
n00650	n08155
n00650	n08584
n00650	n08992
n00651	n00156
n00651	n06272
n00653	n00569
n00653	n03276
n00653	n07639
n00653	n08776
n00653	n09124
n00653	n09228
n00654	n02873
n00654	n06229
n00654	n07580
n00654	n07767
n00654	n08152
n00654	n08988
n00654	n08990
n00654	n09487
n00655	n03056
n00655	n06131
n00655	n06569
n00655	n06571
n00655	n06747
n00655	n07073
n00655	n07237
n00655	n07583
n00655	n07954
n00655	n08154
n00655	n08155
n00655	n08375
n00655	n08584
n00655	n08586
n00655	n08992
n00656	n00107
n00656	n04067
n00656	n04148
n00656	n05016
n00656	n09487
n00656	n09530
n00657	n01209
n00657	n07342
n00657	n08616
n00657	n08773
n00657	n09376
n00657	n09487
n00658	n04176
n00658	n07119
n00658	n07577
n00658	n07578
n00658	n08152
n00658	n08371
n00658	n08373
n00659	n03624
n00659	n06748
n00659	n06911
n00659	n07071
n00659	n07074
n00659	n07238
n00659	n07239
n00659	n07242
n00659	n07418
n00659	n08533
n00659	n08586
n00659	n09488
n00660	n00112
n00660	n04919
n00661	n00113
n00661	n00910
n00661	n07578
n00662	n02885
n00662	n03816
n00662	n06185
n00662	n08492
n00663	n04177
n00664	n04163
n00665	n00152
n00666	n02227
n00666	n07767
n00666	n08582
n00667	n03132
n00667	n04912
n00667	n08151
n00667	n08372
n00667	n08581
n00667	n08988
n00668	n00573
n00668	n04444
n00668	n04620
n00668	n06748
n00668	n07419
n00668	n07420
n00668	n07580
n00669	n04110
n00669	n07715
n00669	n09226
n00670	n00948
n00670	n06042
n00670	n06082
n00670	n08582
n00671	n01207
n00671	n05588
n00671	n06133
n00671	n06231
n00671	n06911
n00671	n06919
n00672	n01460
n00672	n02772
n00672	n06699
n00673	n05711
n00673	n08987
n00674	n01451
n00674	n08988
n00674	n09109
n00675	n04001
n00675	n05050
n00676	n04650
n00676	n07072
n00676	n07237
n00676	n07516
n00676	n08583
n00676	n08992
n00677	n03582
n00677	n06803
n00677	n08990
n00678	n03634
n00678	n05433
n00678	n08774
n00678	n08776
n00678	n09229
n00678	n09487
n00679	n01204
n00679	n02855
n00679	n03257
n00679	n04180
n00679	n05843
n00680	n08076
n00681	n01876
n00681	n06909
n00682	n07018
n00683	n01229
n00683	n03297
n00683	n07577
n00683	n08775
n00684	n02468
n00684	n05256
n00685	n07349
n00685	n08151
n00685	n08582
n00685	n08773
n00685	n08776
n00685	n08989
n00685	n09228
n00685	n09487
n00686	n05390
n00687	n07208
n00688	n00621
n00688	n07101
n00689	n00939
n00689	n05135
n00689	n08582
n00690	n00588
n00690	n04259
n00690	n05686
n00691	n07416
n00691	n07577
n00691	n08372
n00691	n08774
n00691	n08775
n00691	n08776
n00691	n08987
n00691	n09226
n00691	n09228
n00691	n09487
n00692	n06878
n00692	n08581
n00692	n08582
n00693	n03289
n00693	n05852
n00693	n06132
n00693	n06399
n00693	n06911
n00693	n06920
n00693	n07072
n00693	n07239
n00693	n07579
n00693	n08991
n00693	n08992
n00693	n09488
n00694	n03989
n00694	n07685
n00694	n08582
n00694	n08987
n00694	n09226
n00695	n04361
n00695	n07519
n00695	n08941
n00696	n04831
n00696	n07952
n00696	n09228
n00697	n04728
n00697	n06712
n00698	n03223
n00698	n07705
n00698	n09227
n00699	n06130
n00699	n06272
n00699	n06273
n00699	n06274
n00699	n06571
n00699	n06746
n00699	n06748
n00699	n07072
n00699	n07236
n00699	n07237
n00699	n07579
n00699	n08583
n00699	n08584
n00699	n08991
n00699	n08992
n00699	n09122
n00699	n09488
n00700	n06749
n00700	n07218
n00700	n07236
n00700	n07238
n00700	n07579
n00700	n07955
n00701	n01913
n00701	n06059
n00702	n03421
n00702	n04758
n00702	n05170
n00703	n06388
n00703	n08468
n00704	n00593
n00704	n02919
n00705	n01216
n00705	n01688
n00705	n08134
n00706	n03565
n00706	n03831
n00706	n05987
n00706	n06247
n00706	n07895
n00707	n00170
n00707	n03304
n00707	n03649
n00707	n07955
n00707	n08154
n00708	n02240
n00708	n08151
n00708	n08582
n00708	n08988
n00708	n08989
n00708	n09227
n00708	n09228
n00709	n02234
n00709	n02780
n00709	n03375
n00710	n02259
n00710	n05023
n00710	n05920
n00710	n08905
n00711	n02115
n00711	n08944
n00712	n03658
n00712	n04009
n00712	n04550
n00712	n08986
n00712	n09227
n00713	n02249
n00713	n03632
n00713	n06611
n00713	n08151
n00713	n08773
n00713	n08774
n00713	n08987
n00713	n08988
n00714	n02091
n00714	n03169
n00714	n08680
n00715	n00966
n00715	n07236
n00715	n08990
n00715	n09596
n00716	n00185
n00716	n05801
n00716	n08889
n00716	n09116
n00716	n09219
n00717	n03009
n00717	n05852
n00717	n06132
n00717	n06273
n00717	n06743
n00717	n06911
n00717	n06917
n00717	n07420
n00717	n07579
n00717	n07583
n00717	n07953
n00717	n08155
n00717	n08587
n00717	n08990
n00717	n08991
n00717	n09488
n00718	n04031
n00718	n06107
n00718	n06744
n00718	n06747
n00718	n06749
n00718	n06918
n00718	n08155
n00718	n08374
n00718	n08584
n00718	n08588
n00718	n09488
n00719	n00258
n00719	n06915
n00720	n03371
n00720	n04165
n00720	n07239
n00720	n07240
n00720	n07579
n00720	n07580
n00721	n04654
n00721	n08372
n00721	n08376
n00721	n08581
n00721	n08776
n00721	n09227
n00722	n00198
n00722	n03119
n00722	n04366
n00723	n01905
n00723	n04565
n00724	n02260
n00724	n03153
n00724	n05800
n00725	n00225
n00725	n07508
n00725	n08775
n00726	n02663
n00726	n07578
n00726	n07952
n00726	n08582
n00726	n09226
n00726	n09227
n00726	n09228
n00727	n00976
n00728	n02117
n00728	n05051
n00729	n02785
n00729	n04337
n00729	n07950
n00729	n09228
n00729	n09487
n00730	n02691
n00730	n05378
n00730	n08502
n00730	n09409
n00731	n01327
n00731	n04569
n00731	n07953
n00731	n08375
n00732	n00255
n00732	n07236
n00732	n07892
n00732	n08588
n00732	n08990
n00733	n03841
n00733	n06423
n00733	n08774
n00733	n09227
n00734	n01465
n00734	n02888
n00734	n06539
n00734	n08774
n00734	n08775
n00734	n09227
n00734	n09511
n00735	n02799
n00735	n04576
n00735	n07952
n00735	n08152
n00736	n03438
n00736	n08358
n00736	n08988
n00736	n09228
n00737	n01229
n00737	n07316
n00737	n08151
n00737	n08372
n00737	n09226
n00737	n09227
n00738	n04380
n00738	n07960
n00738	n08152
n00739	n00980
n00739	n04946
n00739	n07767
n00739	n08152
n00739	n08371
n00739	n08373
n00739	n08581
n00739	n08776
n00739	n09227
n00739	n09229
n00740	n02367
n00740	n02687
n00740	n07952
n00741	n02848
n00741	n03239
n00741	n04317
n00741	n04410
n00741	n07577
n00741	n07767
n00741	n08151
n00741	n08152
n00741	n08988
n00742	n01713
n00742	n04107
n00742	n05203
n00742	n07851
n00742	n08372
n00742	n08774
n00742	n08776
n00742	n09226
n00743	n00156
n00743	n06436
n00743	n06912
n00743	n06917
n00743	n07768
n00744	n01915
n00744	n03926
n00744	n06133
n00744	n06273
n00744	n06917
n00744	n07239
n00744	n07580
n00744	n07955
n00744	n08154
n00744	n09437
n00744	n09488
n00745	n05701
n00745	n06743
n00745	n06745
n00745	n06746
n00745	n06749
n00745	n06916
n00745	n07237
n00745	n07563
n00745	n07579
n00745	n07583
n00745	n07953
n00745	n08014
n00745	n08584
n00745	n08990
n00746	n03511
n00746	n07648
n00747	n01213
n00747	n07750
n00747	n08581
n00747	n08774
n00747	n08987
n00747	n09227
n00747	n09228
n00748	n05488
n00748	n06130
n00748	n06131
n00748	n06275
n00748	n06436
n00748	n06747
n00748	n06917
n00748	n07582
n00748	n07583
n00748	n07908
n00748	n07953
n00748	n07955
n00748	n08153
n00748	n08154
n00748	n08374
n00748	n08375
n00748	n08584
n00748	n08585
n00748	n08588
n00748	n08990
n00749	n06118
n00749	n06884
n00749	n09390
n00750	n02114
n00750	n04129
n00750	n06869
n00751	n00533
n00752	n00065
n00753	n06130
n00753	n06131
n00753	n06132
n00753	n06133
n00753	n06272
n00753	n06273
n00753	n06275
n00753	n06435
n00753	n06571
n00753	n06743
n00753	n06744
n00753	n06745
n00753	n06746
n00753	n06747
n00753	n06748
n00753	n06749
n00753	n06912
n00753	n06914
n00753	n06915
n00753	n06917
n00753	n06918
n00753	n06919
n00753	n07073
n00753	n07236
n00753	n07237
n00753	n07238
n00753	n07241
n00753	n07579
n00753	n07581
n00753	n07583
n00753	n07953
n00753	n07954
n00753	n08154
n00753	n08155
n00753	n08374
n00753	n08375
n00753	n08583
n00753	n08584
n00753	n08588
n00753	n08991
n00753	n09488
n00754	n00116
n00754	n00128
n00754	n08776
n00755	n00174
n00756	n00123
n00756	n03983
n00757	n00581
n00757	n05184
n00758	n02384
n00759	n06131
n00759	n06133
n00759	n06435
n00759	n06570
n00759	n06571
n00759	n06743
n00759	n06745
n00759	n06746
n00759	n06747
n00759	n06912
n00759	n06913
n00759	n06914
n00759	n06915
n00759	n06916
n00759	n06917
n00759	n06918
n00759	n06919
n00759	n07071
n00759	n07072
n00759	n07073
n00759	n07236
n00759	n07237
n00759	n07238
n00759	n07239
n00759	n07240
n00759	n07242
n00759	n07243
n00759	n07244
n00759	n07418
n00759	n07419
n00759	n07580
n00759	n07582
n00759	n07583
n00759	n07953
n00759	n07954
n00759	n07955
n00759	n08153
n00759	n08154
n00759	n08155
n00759	n08374
n00759	n08375
n00759	n08585
n00759	n08586
n00759	n08587
n00759	n08588
n00759	n08990
n00759	n08992
n00759	n09488
n00760	n02076
n00760	n03351
n00760	n05460
n00760	n06133
n00760	n06272
n00760	n06569
n00760	n07238
n00760	n07418
n00760	n07420
n00760	n08154
n00760	n08155
n00760	n08374
n00760	n08992
n00761	n04007
n00762	n04565
n00762	n08202
n00762	n09420
n00763	n04746
n00764	n03358
n00764	n07301
n00764	n08130
n00765	n05690
n00765	n07755
n00766	n00554
n00766	n02157
n00768	n03836
n00768	n03998
n00768	n06915
n00768	n07236
n00768	n07240
n00768	n07579
n00768	n08153
n00768	n08586
n00768	n09488
n00769	n03741
n00769	n08987
n00769	n09127
n00769	n09487
n00770	n06685
n00770	n07536
n00771	n03365
n00772	n00583
n00772	n08545
n00772	n08990
n00773	n00204
n00773	n03884
n00774	n03823
n00774	n05951
n00774	n08152
n00774	n08372
n00774	n08773
n00774	n08793
n00774	n08989
n00775	n00947
n00775	n04422
n00775	n06693
n00775	n07578
n00775	n08371
n00775	n08373
n00775	n08773
n00775	n08775
n00775	n08988
n00776	n08796
n00776	n09228
n00776	n09430
n00776	n09487
n00777	n00222
n00777	n02461
n00777	n06743
n00778	n03292
n00778	n07952
n00778	n08774
n00778	n08775
n00779	n07508
n00779	n08413
n00780	n03159
n00780	n03494
n00780	n04103
n00781	n02454
n00781	n06059
n00781	n06874
n00782	n00595
n00782	n03856
n00783	n02096
n00783	n08590
n00784	n01224
n00784	n02714
n00784	n02757
n00784	n08582
n00784	n08989
n00785	n02453
n00785	n05852
n00785	n06920
n00785	n07071
n00785	n07072
n00785	n07579
n00785	n08583
n00785	n08587
n00785	n08991
n00786	n03224
n00786	n06132
n00786	n06133
n00786	n06272
n00786	n06273
n00786	n06274
n00786	n06275
n00786	n06435
n00786	n06436
n00786	n06570
n00786	n06747
n00786	n06748
n00786	n06749
n00786	n06911
n00786	n06912
n00786	n06916
n00786	n06917
n00786	n06918
n00786	n06919
n00786	n07072
n00786	n07073
n00786	n07074
n00786	n07238
n00786	n07240
n00786	n07243
n00786	n07419
n00786	n07580
n00786	n07582
n00786	n07583
n00786	n07768
n00786	n07953
n00786	n08374
n00786	n08375
n00786	n08583
n00786	n08585
n00786	n08990
n00786	n08991
n00787	n00631
n00787	n07577
n00787	n08152
n00787	n08581
n00787	n08774
n00787	n08987
n00788	n04189
n00788	n06273
n00788	n06570
n00788	n06883
n00788	n06917
n00788	n07236
n00788	n07420
n00788	n07954
n00788	n08153
n00788	n08586
n00788	n09488
n00789	n02572
n00789	n08289
n00789	n09706
n00790	n00557
n00790	n02116
n00791	n04300
n00791	n07240
n00791	n07579
n00791	n08583
n00791	n09362
n00791	n09462
n00792	n00961
n00792	n09396
n00793	n03503
n00793	n03922
n00794	n02674
n00795	n04656
n00795	n05377
n00795	n06417
n00796	n01240
n00796	n03305
n00796	n07192
n00797	n05073
n00797	n05911
n00797	n05962
n00797	n07952
n00797	n09227
n00798	n02251
n00798	n06131
n00798	n06132
n00798	n06272
n00798	n06273
n00798	n06274
n00798	n06275
n00798	n06435
n00798	n06436
n00798	n06571
n00798	n06744
n00798	n06745
n00798	n06747
n00798	n06748
n00798	n06912
n00798	n06915
n00798	n06918
n00798	n07074
n00798	n07237
n00798	n07239
n00798	n07241
n00798	n07243
n00798	n07244
n00798	n07419
n00798	n07420
n00798	n07580
n00798	n07582
n00798	n07955
n00798	n08153
n00798	n08154
n00798	n08587
n00798	n08588
n00798	n08990
n00798	n08991
n00799	n04583
n00799	n05492
n00799	n07214
n00800	n00935
n00800	n02314
n00800	n04106
n00801	n01236
n00801	n07716
n00802	n01225
n00802	n05384
n00802	n07862
n00803	n02997
n00803	n03846
n00803	n08152
n00803	n08989
n00804	n03026
n00804	n08151
n00804	n08152
n00804	n08581
n00804	n08773
n00804	n08988
n00804	n09487
n00805	n02677
n00805	n05603
n00805	n06744
n00805	n06913
n00805	n07073
n00805	n07939
n00805	n07953
n00805	n08153
n00805	n08154
n00805	n08375
n00805	n08583
n00805	n08587
n00805	n08990
n00805	n09488
n00806	n01226
n00806	n03025
n00806	n06133
n00806	n06743
n00806	n06749
n00806	n06911
n00806	n07418
n00806	n08155
n00806	n08887
n00806	n08992
n00806	n09488
n00807	n03440
n00807	n03656
n00807	n06745
n00807	n06748
n00807	n06914
n00807	n07236
n00807	n07243
n00807	n07579
n00807	n08588
n00807	n08990
n00808	n01910
n00809	n02465
n00809	n06725
n00809	n07417
n00810	n00987
n00810	n04213
n00810	n06265
n00811	n00071
n00811	n00227
n00811	n05653
n00811	n07337
n00811	n07577
n00811	n07767
n00811	n08637
n00811	n08776
n00811	n09229
n00811	n09487
n00812	n05379
n00812	n06261
n00812	n08152
n00812	n08989
n00813	n03824
n00813	n04381
n00813	n07952
n00813	n08457
n00813	n08581
n00813	n08773
n00813	n08988
n00813	n09028
n00814	n03113
n00814	n04286
n00814	n05888
n00814	n08015
n00815	n01244
n00815	n02788
n00815	n07753
n00815	n08940
n00816	n00277
n00816	n03168
n00816	n04821
n00817	n04298
n00817	n07936
n00818	n02801
n00818	n05008
n00818	n07900
n00818	n08773
n00818	n09080
n00818	n09220
n00818	n09227
n00819	n00950
n00819	n07577
n00819	n08152
n00819	n08371
n00819	n08373
n00819	n08989
n00819	n09226
n00819	n09229
n00820	n01470
n00820	n04766
n00820	n07577
n00820	n08371
n00820	n08373
n00820	n08585
n00820	n08776
n00821	n03413
n00821	n03681
n00821	n05274
n00821	n08371
n00822	n00986
n00822	n08280
n00823	n00623
n00823	n06133
n00823	n06745
n00823	n07420
n00823	n08374
n00823	n08990
n00823	n08991
n00823	n09488
n00824	n03851
n00824	n05993
n00824	n06131
n00824	n06132
n00824	n06570
n00824	n06743
n00824	n06747
n00824	n06748
n00824	n06912
n00824	n06914
n00824	n06917
n00824	n06919
n00824	n07071
n00824	n07072
n00824	n07073
n00824	n07074
n00824	n07236
n00824	n07241
n00824	n07242
n00824	n07243
n00824	n07419
n00824	n07420
n00824	n07579
n00824	n07583
n00824	n07768
n00824	n07954
n00824	n07955
n00824	n08374
n00824	n08375
n00824	n08583
n00824	n08584
n00824	n08585
n00824	n08586
n00824	n08587
n00824	n09488
n00825	n04108
n00825	n04303
n00825	n08337
n00826	n03603
n00826	n09436
n00827	n00626
n00827	n06429
n00827	n08931
n00828	n01249
n00828	n07737
n00828	n09559
n00829	n03074
n00829	n05367
n00829	n08917
n00829	n09228
n00830	n05698
n00830	n06133
n00830	n06744
n00830	n07073
n00830	n07241
n00830	n07243
n00830	n08109
n00830	n08584
n00831	n03505
n00831	n05383
n00832	n04131
n00833	n00164
n00833	n01697
n00834	n06734
n00834	n08604
n00835	n00195
n00836	n02665
n00836	n08490
n00836	n08773
n00837	n00058
n00837	n03163
n00837	n08581
n00838	n01215
n00838	n05993
n00838	n06273
n00838	n06275
n00838	n06913
n00838	n06914
n00838	n06916
n00838	n06917
n00838	n06918
n00838	n07071
n00838	n07072
n00838	n07236
n00838	n07243
n00838	n07580
n00838	n08154
n00838	n08375
n00838	n08583
n00838	n08585
n00838	n08992
n00838	n09488
n00839	n02904
n00839	n03378
n00839	n08085
n00839	n08695
n00839	n09216
n00840	n03680
n00841	n01923
n00841	n03857
n00842	n04023
n00842	n07553
n00842	n08471
n00843	n02254
n00843	n04036
n00843	n06329
n00844	n03017
n00844	n04477
n00844	n07577
n00844	n08152
n00844	n08582
n00844	n08774
n00844	n08989
n00845	n00213
n00845	n08372
n00846	n01467
n00846	n06692
n00846	n06731
n00846	n07577
n00846	n07578
n00846	n08372
n00846	n08581
n00847	n02241
n00847	n03072
n00847	n03713
n00847	n06953
n00847	n08039
n00847	n09455
n00848	n02926
n00848	n03019
n00848	n04144
n00849	n04203
n00849	n06405
n00849	n07952
n00849	n08987
n00850	n03587
n00850	n05237
n00850	n06820
n00850	n07645
n00850	n09684
n00851	n00218
n00851	n04673
n00851	n08687
n00852	n02463
n00853	n03502
n00853	n06713
n00853	n06747
n00853	n06915
n00853	n07073
n00853	n07581
n00853	n07768
n00853	n08374
n00853	n08584
n00853	n09097
n00853	n09488
n00854	n01710
n00854	n08312
n00854	n09061
n00855	n00888
n00855	n00896
n00855	n00900
n00855	n04433
n00856	n02452
n00856	n05600
n00856	n07952
n00856	n08774
n00856	n08775
n00856	n09343
n00857	n04500
n00857	n06681
n00857	n08732
n00857	n08775
n00857	n08989
n00857	n09228
n00858	n00281
n00858	n05176
n00858	n08582
n00859	n04644
n00859	n07374
n00859	n09228
n00859	n09482
n00860	n05390
n00860	n06935
n00861	n02678
n00861	n07233
n00862	n00196
n00862	n02996
n00863	n03313
n00863	n08870
n00864	n06746
n00864	n06919
n00864	n07048
n00864	n07236
n00864	n07240
n00864	n07717
n00864	n08923
n00865	n05978
n00865	n07026
n00865	n08690
n00865	n08957
n00866	n00219
n00866	n03947
n00866	n05186
n00866	n08581
n00866	n08773
n00867	n04204
n00867	n07417
n00867	n07578
n00867	n07952
n00867	n08371
n00867	n08373
n00867	n08581
n00867	n08776
n00867	n09226
n00867	n09229
n00868	n06434
n00868	n06918
n00869	n00946
n00869	n04921
n00870	n00301
n00870	n03997
n00871	n03076
n00871	n05153
n00871	n07952
n00871	n08581
n00871	n08774
n00871	n08987
n00872	n02942
n00872	n03041
n00872	n08984
n00873	n01189
n00873	n03396
n00873	n04264
n00873	n08635
n00874	n00171
n00875	n01070
n00876	n03068
n00876	n07577
n00877	n00175
n00877	n06898
n00878	n03453
n00878	n07579
n00879	n03453
n00879	n07579
n00880	n03453
n00880	n07579
n00881	n03453
n00881	n07579
n00882	n03453
n00882	n07579
n00883	n00519
n00883	n00878
n00883	n00879
n00883	n00880
n00883	n00881
n00883	n00882
n00883	n00884
n00883	n00886
n00883	n00887
n00883	n00889
n00884	n03453
n00884	n07579
n00885	n00519
n00885	n00878
n00885	n00879
n00885	n00880
n00885	n00881
n00885	n00882
n00885	n00884
n00885	n00886
n00885	n00887
n00885	n00889
n00886	n03453
n00886	n07579
n00887	n03453
n00887	n07579
n00888	n00519
n00888	n00878
n00888	n00879
n00888	n00880
n00888	n00881
n00888	n00882
n00888	n00884
n00888	n00886
n00888	n00887
n00888	n00889
n00889	n03453
n00889	n07579
n00890	n04592
n00890	n04769
n00890	n05077
n00890	n08371
n00890	n08373
n00890	n08581
n00890	n08582
n00890	n08776
n00891	n05637
n00891	n07236
n00892	n05749
n00892	n07438
n00892	n08373
n00892	n08773
n00893	n00519
n00893	n00878
n00893	n00879
n00893	n00880
n00893	n00881
n00893	n00882
n00893	n00884
n00893	n00886
n00893	n00887
n00893	n00889
n00894	n05089
n00895	n03701
n00895	n04048
n00895	n05639
n00896	n00002
n00896	n00016
n00896	n00534
n00896	n00535
n00896	n00883
n00896	n00893
n00897	n05519
n00897	n08371
n00897	n08373
n00898	n03881
n00898	n09042
n00899	n06157
n00899	n09018
n00900	n00002
n00900	n00016
n00900	n00534
n00900	n00535
n00900	n00893
n00900	n01162
n00901	n02421
n00902	n06132
n00902	n06133
n00902	n06272
n00902	n06273
n00902	n06274
n00902	n06435
n00902	n06569
n00902	n06571
n00902	n06743
n00902	n06745
n00902	n06746
n00902	n06749
n00902	n06911
n00902	n06915
n00902	n06917
n00902	n06919
n00902	n07072
n00902	n07073
n00902	n07074
n00902	n07236
n00902	n07240
n00902	n07242
n00902	n07243
n00902	n07244
n00902	n07418
n00902	n07420
n00902	n07579
n00902	n07580
n00902	n07581
n00902	n07583
n00902	n07768
n00902	n07955
n00902	n08991
n00903	n08434
n00903	n08582
n00903	n08989
n00904	n08407
n00904	n09033
n00905	n05738
n00905	n06028
n00905	n06164
n00906	n02333
n00906	n02748
n00907	n00899
n00907	n01860
n00907	n02338
n00907	n03545
n00907	n05548
n00908	n03266
n00909	n00892
n00909	n01440
n00909	n08151
n00910	n06475
n00910	n07660
n00910	n09229
n00911	n04828
n00911	n08371
n00912	n00063
n00912	n00064
n00912	n00524
n00912	n00539
n00913	n01177
n00914	n05298
n00915	n00020
n00915	n00904
n00916	n04429
n00916	n07818
n00917	n07427
n00918	n03795
n00918	n05783
n00918	n06202
n00918	n06661
n00918	n08243
n00919	n03475
n00919	n05130
n00919	n09620
n00920	n04443
n00921	n00060
n00922	n04434
n00923	n04814
n00923	n08987
n00924	n05128
n00925	n04622
n00925	n06802
n00926	n02747
n00927	n02642
n00928	n01878
n00928	n06915
n00928	n07582
n00928	n08155
n00928	n08583
n00928	n08584
n00928	n08585
n00928	n08990
n00929	n09082
n00930	n01674
n00931	n08608
n00932	n00898
n00932	n08152
n00932	n08773
n00933	n00065
n00933	n08372
n00933	n09229
n00934	n05114
n00934	n07019
n00935	n00589
n00935	n06933
n00936	n05924
n00936	n08776
n00936	n09228
n00937	n05243
n00937	n07322
n00938	n05888
n00938	n06979
n00938	n07154
n00938	n09336
n00938	n09534
n00939	n06653
n00939	n07578
n00939	n07767
n00939	n08775
n00940	n08774
n00940	n09653
n00941	n03637
n00941	n08151
n00941	n08152
n00941	n08773
n00941	n09227
n00942	n00067
n00943	n02448
n00943	n08371
n00943	n08373
n00943	n08989
n00943	n09487
n00944	n04170
n00944	n07979
n00944	n08990
n00945	n03051
n00945	n08152
n00946	n03417
n00946	n04255
n00946	n04358
n00947	n02546
n00947	n03739
n00948	n04420
n00948	n04530
n00948	n08773
n00949	n06679
n00950	n05013
n00950	n07416
n00951	n02999
n00952	n04834
n00953	n04729
n00953	n05297
n00953	n08989
n00953	n09487
n00954	n09671
n00955	n03917
n00955	n06132
n00955	n06133
n00955	n06274
n00955	n06570
n00955	n06743
n00955	n06746
n00955	n06912
n00955	n06913
n00955	n06914
n00955	n06917
n00955	n07071
n00955	n07072
n00955	n07074
n00955	n07239
n00955	n07582
n00955	n07583
n00955	n07954
n00955	n08154
n00955	n08155
n00955	n08586
n00955	n08588
n00955	n08991
n00956	n00081
n00957	n03111
n00957	n06475
n00957	n07417
n00958	n02886
n00958	n06505
n00958	n08581
n00959	n02875
n00959	n03057
n00959	n06491
n00959	n08513
n00959	n09101
n00960	n00883
n00960	n00888
n00960	n01159
n00960	n01163
n00960	n01168
n00960	n06179
n00961	n00607
n00962	n03578
n00962	n05784
n00962	n09152
n00963	n03132
n00963	n08774
n00964	n03133
n00964	n05284
n00965	n02989
n00965	n04450
n00965	n08650
n00965	n09326
n00966	n03134
n00967	n04165
n00967	n06133
n00967	n06273
n00967	n06918
n00967	n07418
n00968	n03734
n00969	n04270
n00969	n07952
n00969	n08372
n00969	n08987
n00970	n04000
n00970	n06056
n00971	n03203
n00971	n06570
n00971	n06744
n00971	n06914
n00971	n07238
n00971	n07954
n00971	n08154
n00971	n08155
n00971	n08375
n00971	n08585
n00971	n08587
n00971	n08588
n00971	n08990
n00972	n00575
n00973	n04167
n00973	n04549
n00974	n03049
n00975	n04908
n00975	n07579
n00975	n08153
n00975	n09326
n00975	n09556
n00976	n05022
n00976	n07191
n00976	n07301
n00976	n09456
n00977	n03736
n00977	n05148
n00977	n08456
n00978	n03585
n00978	n04069
n00978	n07767
n00978	n08988
n00978	n08989
n00979	n00906
n00979	n01880
n00979	n03041
n00980	n03299
n00980	n08372
n00981	n00152
n00982	n04260
n00982	n04522
n00982	n08307
n00982	n09377
n00983	n01683
n00983	n07952
n00983	n08773
n00983	n09487
n00983	n09536
n00984	n03588
n00984	n06917
n00984	n06964
n00984	n07646
n00984	n09008
n00985	n00155
n00985	n08661
n00986	n06616
n00987	n03474
n00988	n03131
n00988	n07357
n00988	n08371
n00988	n08372
n00988	n08773
n00988	n09227
n00989	n02794
n00989	n08773
n00989	n09227
n00990	n04276
n00990	n05818
n00991	n03146
n00991	n04917
n00991	n06916
n00991	n09623
n00992	n02558
n00992	n06702
n00992	n09488
n00994	n06870
n00994	n08154
n00994	n08374
n00994	n08644
n00995	n04010
n00995	n05982
n00995	n06070
n00995	n08905
n00996	n05797
n00996	n06053
n00996	n06133
n00996	n06570
n00996	n06749
n00996	n07583
n00996	n07955
n00996	n08153
n00996	n08155
n00996	n08586
n00996	n08992
n00996	n09488
n00997	n01221
n00997	n03995
n00997	n04829
n00997	n07071
n00998	n03662
n00999	n08759
n01000	n06748
n01000	n08529
n01000	n08923
n01000	n09689
n01001	n05018
n01001	n05826
n01001	n06806
n01002	n03006
n01002	n05210
n01002	n06471
n01002	n08154
n01002	n08270
n01002	n08374
n01002	n08583
n01002	n08992
n01002	n09488
n01003	n01453
n01003	n05477
n01003	n06911
n01003	n07238
n01003	n07242
n01003	n07583
n01003	n08587
n01004	n07236
n01004	n07242
n01004	n08154
n01004	n08991
n01004	n08992
n01004	n09335
n01004	n09393
n01004	n09488
n01005	n00152
n01006	n04642
n01006	n04941
n01007	n00144
n01007	n00148
n01007	n00220
n01007	n02158
n01008	n03838
n01008	n07193
n01009	n03205
n01009	n03744
n01009	n07896
n01010	n01682
n01010	n07767
n01010	n08152
n01010	n08582
n01010	n08774
n01010	n08775
n01010	n08988
n01010	n09227
n01011	n04566
n01011	n06901
n01011	n09226
n01012	n03160
n01012	n04911
n01012	n08985
n01013	n08259
n01014	n03572
n01014	n05803
n01014	n07417
n01014	n09453
n01015	n05852
n01015	n07046
n01015	n07581
n01015	n07953
n01015	n08857
n01015	n08925
n01015	n08992
n01016	n01694
n01016	n04455
n01016	n07577
n01016	n08371
n01016	n08373
n01016	n08582
n01016	n08776
n01016	n09226
n01016	n09487
n01017	n03213
n01017	n05209
n01017	n06033
n01017	n06819
n01017	n08582
n01018	n05365
n01018	n06879
n01019	n04577
n01019	n08688
n01020	n03993
n01020	n05696
n01020	n08774
n01021	n03575
n01021	n05021
n01021	n07580
n01021	n08155
n01021	n08581
n01021	n08988
n01021	n09229
n01021	n09487
n01022	n04488
n01022	n09345
n01023	n08316
n01024	n05997
n01024	n08834
n01024	n09558
n01025	n05255
n01026	n05952
n01026	n09141
n01027	n00114
n01027	n04961
n01027	n08151
n01028	n00602
n01029	n02225
n01029	n06088
n01029	n08622
n01030	n04846
n01031	n01452
n01031	n05619
n01031	n08381
n01031	n08582
n01032	n05359
n01032	n06827
n01032	n08452
n01032	n09700
n01033	n01479
n01033	n06089
n01034	n05149
n01034	n08156
n01035	n03084
n01035	n04480
n01036	n05222
n01036	n08960
n01037	n03154
n01037	n06890
n01037	n07578
n01037	n08365
n01037	n08773
n01038	n08319
n01038	n08817
n01038	n09479
n01039	n03508
n01039	n05991
n01039	n06727
n01040	n02902
n01040	n05323
n01041	n03070
n01042	n01904
n01042	n05605
n01042	n06529
n01043	n01894
n01044	n02471
n01044	n06960
n01044	n07316
n01044	n07509
n01044	n08311
n01044	n08582
n01045	n00625
n01045	n01922
n01045	n02806
n01045	n08901
n01046	n03445
n01047	n03150
n01047	n04584
n01048	n04556
n01048	n04643
n01048	n08583
n01049	n04194
n01049	n04764
n01049	n04951
n01049	n08773
n01049	n08987
n01049	n09227
n01050	n02912
n01050	n05348
n01050	n05964
n01050	n08330
n01050	n08372
n01050	n08989
n01050	n09685
n01051	n01483
n01051	n05165
n01051	n07577
n01051	n07767
n01051	n08581
n01051	n08774
n01051	n08988
n01052	n05364
n01052	n06267
n01052	n07525
n01053	n03083
n01053	n06126
n01053	n08332
n01053	n09423
n01054	n03734
n01054	n03939
n01054	n04478
n01054	n08774
n01055	n04848
n01055	n05852
n01055	n06915
n01055	n07583
n01055	n08119
n01055	n08155
n01055	n08374
n01055	n08585
n01055	n08586
n01055	n08990
n01055	n08992
n01056	n00617
n01056	n03241
n01056	n07767
n01056	n08371
n01056	n08581
n01056	n08774
n01057	n03668
n01057	n05761
n01057	n06972
n01057	n08672
n01058	n01252
n01059	n01927
n01059	n08955
n01059	n09487
n01060	n02803
n01060	n03085
n01060	n04468
n01060	n08152
n01061	n02477
n01061	n07417
n01061	n07578
n01061	n07952
n01061	n08152
n01061	n08774
n01061	n09226
n01061	n09227
n01061	n09229
n01061	n09487
n01062	n02110
n01062	n07417
n01062	n07935
n01062	n09228
n01063	n03671
n01063	n04289
n01063	n06436
n01063	n06569
n01063	n06570
n01063	n06743
n01063	n06744
n01063	n06747
n01063	n06748
n01063	n06913
n01063	n06918
n01063	n06919
n01063	n07239
n01063	n07244
n01063	n07418
n01063	n07953
n01063	n08583
n01063	n08584
n01063	n08585
n01063	n08586
n01064	n07564
n01064	n07583
n01064	n08588
n01064	n09463
n01065	n03674
n01065	n07362
n01065	n09374
n01066	n04198
n01067	n03591
n01067	n03944
n01067	n07416
n01067	n08581
n01068	n04435
n01068	n05230
n01068	n07330
n01069	n00138
n01069	n07952
n01069	n08988
n01071	n02992
n01072	n02673
n01072	n04472
n01073	n00923
n01073	n08371
n01074	n03141
n01074	n09591
n01075	n02097
n01075	n05307
n01075	n07239
n01075	n08154
n01075	n08374
n01076	n02569
n01076	n06097
n01076	n07954
n01077	n00208
n01077	n02682
n01077	n07862
n01078	n00929
n01079	n01230
n01079	n07577
n01079	n08283
n01080	n03840
n01080	n05984
n01080	n08775
n01080	n08858
n01081	n00224
n01082	n03372
n01082	n06743
n01082	n06912
n01082	n07418
n01082	n07581
n01082	n08991
n01082	n09433
n01083	n06532
n01083	n06749
n01083	n07239
n01083	n07419
n01083	n08153
n01083	n09166
n01084	n05398
n01084	n05886
n01084	n06245
n01084	n08767
n01085	n04109
n01085	n05788
n01085	n07735
n01085	n08987
n01086	n04274
n01086	n06522
n01087	n03751
n01087	n05852
n01087	n06130
n01087	n09468
n01087	n09623
n01088	n03145
n01088	n03162
n01088	n03683
n01089	n01698
n01089	n03816
n01090	n02781
n01090	n07748
n01091	n01216
n01091	n02157
n01091	n04706
n01091	n09391
n01092	n02550
n01092	n03364
n01092	n05242
n01092	n07554
n01093	n03929
n01093	n05143
n01093	n06911
n01093	n07071
n01093	n07074
n01093	n07238
n01093	n07239
n01093	n07242
n01093	n07418
n01093	n07582
n01093	n07954
n01093	n08153
n01093	n08371
n01093	n08373
n01094	n03067
n01094	n07409
n01095	n01223
n01095	n08581
n01096	n00977
n01096	n04290
n01096	n07966
n01096	n08773
n01096	n09227
n01096	n09229
n01096	n09487
n01097	n03003
n01097	n07071
n01097	n08374
n01097	n08588
n01097	n09703
n01098	n01921
n01098	n02235
n01098	n07242
n01098	n07583
n01098	n08588
n01098	n09221
n01099	n03539
n01099	n03742
n01099	n07718
n01100	n01221
n01100	n06745
n01100	n07712
n01100	n09603
n01101	n02111
n01101	n04502
n01101	n08372
n01101	n08582
n01101	n08774
n01101	n09487
n01102	n00646
n01102	n06181
n01102	n09063
n01103	n00984
n01103	n04230
n01103	n04626
n01103	n06584
n01103	n09003
n01104	n01461
n01104	n06886
n01104	n07416
n01104	n07578
n01104	n08151
n01104	n08582
n01104	n08775
n01104	n08987
n01104	n09228
n01104	n09487
n01105	n03936
n01105	n05062
n01105	n08774
n01105	n08775
n01106	n03663
n01106	n06687
n01106	n06695
n01106	n08874
n01107	n02793
n01107	n05259
n01107	n06743
n01107	n06746
n01107	n06748
n01107	n06912
n01107	n06913
n01107	n07418
n01107	n07954
n01108	n00941
n01108	n07578
n01108	n07605
n01108	n07952
n01108	n08775
n01108	n09487
n01109	n04587
n01109	n06238
n01110	n00278
n01110	n07066
n01110	n08942
n01111	n02089
n01111	n03914
n01111	n07417
n01111	n08275
n01111	n08371
n01111	n08373
n01111	n08773
n01111	n08774
n01112	n03437
n01112	n06101
n01112	n08988
n01113	n02497
n01113	n08143
n01113	n08152
n01113	n08372
n01113	n08773
n01113	n08775
n01113	n09226
n01113	n09227
n01113	n09228
n01114	n01218
n01114	n07755
n01114	n09072
n01114	n09553
n01115	n02458
n01115	n06740
n01115	n07416
n01115	n07767
n01116	n01243
n01116	n06118
n01117	n02808
n01117	n05542
n01117	n07812
n01118	n01709
n01118	n07417
n01118	n07952
n01118	n08900
n01119	n03672
n01119	n04127
n01119	n06275
n01119	n07579
n01119	n07752
n01119	n08991
n01120	n05608
n01120	n05993
n01120	n06274
n01120	n06914
n01120	n08742
n01121	n03504
n01121	n07397
n01121	n08371
n01121	n08373
n01121	n08546
n01122	n03244
n01122	n06534
n01122	n06749
n01122	n06913
n01122	n08584
n01122	n09211
n01122	n09412
n01123	n03763
n01123	n07037
n01123	n08584
n01123	n08587
n01124	n00081
n01124	n00900
n01125	n04116
n01125	n06790
n01125	n06963
n01125	n08582
n01125	n08776
n01125	n09227
n01125	n09228
n01125	n09229
n01126	n05967
n01126	n07417
n01126	n07578
n01126	n08371
n01126	n08372
n01126	n08373
n01126	n08582
n01126	n08773
n01126	n08774
n01126	n08987
n01126	n08988
n01126	n08989
n01126	n09487
n01127	n00959
n01127	n06704
n01127	n07053
n01127	n08764
n01128	n04582
n01129	n02265
n01129	n06133
n01129	n06570
n01129	n07419
n01129	n07580
n01129	n08583
n01129	n08585
n01129	n08587
n01129	n08588
n01129	n08991
n01129	n09488
n01130	n04486
n01130	n04921
n01130	n05233
n01130	n06041
n01130	n08235
n01131	n01712
n01131	n07203
n01132	n02781
n01133	n00196
n01133	n06424
n01133	n09179
n01134	n04285
n01135	n04026
n01135	n09227
n01135	n09487
n01136	n03312
n01136	n08104
n01137	n00608
n01137	n06370
n01138	n03743
n01138	n04502
n01138	n05361
n01138	n08775
n01139	n03848
n01139	n07524
n01139	n07767
n01139	n07952
n01139	n08581
n01139	n08773
n01139	n08988
n01139	n08989
n01140	n03839
n01140	n09663
n01141	n04664
n01141	n07221
n01141	n08151
n01141	n08371
n01141	n08373
n01142	n01231
n01142	n05071
n01142	n08988
n01142	n09229
n01143	n00225
n01143	n08559
n01143	n08988
n01144	n00623
n01144	n05852
n01144	n06436
n01144	n06913
n01144	n07242
n01144	n07419
n01144	n08585
n01145	n02113
n01145	n05370
n01145	n06462
n01146	n05369
n01146	n06274
n01146	n06570
n01146	n07071
n01146	n07418
n01146	n07419
n01146	n08374
n01146	n08375
n01146	n08584
n01146	n08587
n01146	n09439
n01147	n00110
n01147	n05550
n01147	n06435
n01147	n08587
n01148	n00578
n01148	n06935
n01149	n01916
n01149	n02245
n01149	n07417
n01149	n08987
n01149	n09229
n01150	n01379
n01150	n04958
n01151	n02921
n01152	n03376
n01152	n06557
n01152	n07767
n01152	n07952
n01152	n08581
n01153	n02386
n01153	n03672
n01153	n06837
n01153	n07241
n01153	n09009
n01154	n02783
n01154	n05850
n01154	n09229
n01155	n04720
n01155	n05346
n01155	n05842
n01156	n03369
n01157	n05075
n01157	n07932
n01158	n00195
n01158	n06130
n01158	n06133
n01158	n08588
n01159	n00519
n01159	n00878
n01159	n00879
n01159	n00880
n01159	n00881
n01159	n00882
n01159	n00884
n01159	n00886
n01159	n00887
n01159	n00889
n01161	n06578
n01161	n08592
n01161	n08597
n01162	n00519
n01162	n00878
n01162	n00879
n01162	n00880
n01162	n00881
n01162	n00882
n01162	n00884
n01162	n00886
n01162	n00887
n01162	n00889
n01163	n00885
n01163	n04040
n01164	n00518
n01164	n00520
n01165	n05879
n01166	n00521
n01167	n06179
n01168	n00519
n01168	n00878
n01168	n00879
n01168	n00880
n01168	n00881
n01168	n00882
n01168	n00884
n01168	n00886
n01168	n00887
n01168	n00889
n01169	n02636
n01169	n02740
n01169	n08776
n01170	n05879
n01171	n06598
n01171	n06774
n01171	n07613
n01172	n06280
n01173	n05093
n01173	n07256
n01173	n08387
n01174	n03466
n01174	n05852
n01174	n05993
n01174	n06131
n01174	n06272
n01174	n06436
n01174	n06571
n01174	n07242
n01174	n07420
n01174	n08155
n01175	n07991
n01175	n08793
n01175	n09229
n01176	n09574
n01177	n04338
n01177	n08775
n01178	n03028
n01178	n04046
n01178	n07098
n01178	n08780
n01179	n03891
n01179	n09488
n01180	n07840
n01181	n00526
n01181	n00555
n01182	n02421
n01183	n02747
n01184	n04866
n01184	n05535
n01184	n06744
n01185	n00522
n01185	n02538
n01185	n07952
n01186	n00529
n01186	n03198
n01187	n08009
n01187	n08162
n01188	n05089
n01189	n04403
n01189	n04599
n01189	n05229
n01189	n06137
n01190	n03108
n01190	n04892
n01191	n04518
n01191	n05282
n01191	n05518
n01192	n06280
n01193	n07882
n01194	n03799
n01194	n03894
n01195	n04735
n01195	n07578
n01196	n03534
n01196	n05406
n01196	n05726
n01197	n02747
n01198	n03407
n01198	n05187
n01198	n08371
n01198	n08373
n01198	n08774
n01198	n09487
n01199	n04874
n01199	n05748
n01200	n03266
n01201	n03259
n01201	n06130
n01201	n06133
n01201	n06274
n01201	n06436
n01201	n06915
n01201	n06919
n01201	n07419
n01201	n07583
n01202	n00086
n01203	n01865
n01204	n03190
n01205	n01177
n01205	n07767
n01206	n00541
n01207	n03798
n01207	n06569
n01207	n06744
n01207	n06747
n01207	n06838
n01207	n06914
n01207	n06918
n01207	n07072
n01207	n07583
n01207	n08375
n01207	n08583
n01207	n08991
n01208	n06311
n01208	n09353
n01209	n03621
n01209	n08893
n01210	n04624
n01211	n00566
n01211	n00905
n01211	n01438
n01211	n09325
n01212	n04609
n01212	n09227
n01212	n09228
n01213	n04337
n01213	n07894
n01214	n03553
n01215	n05852
n01215	n06130
n01215	n06131
n01215	n06132
n01215	n06133
n01215	n06272
n01215	n06274
n01215	n06435
n01215	n06436
n01215	n06569
n01215	n06570
n01215	n06571
n01215	n06743
n01215	n06744
n01215	n06745
n01215	n06746
n01215	n06747
n01215	n06748
n01215	n06749
n01215	n06911
n01215	n06912
n01215	n06915
n01215	n06919
n01215	n07073
n01215	n07074
n01215	n07237
n01215	n07239
n01215	n07240
n01215	n07242
n01215	n07244
n01215	n07418
n01215	n07419
n01215	n07420
n01215	n07579
n01215	n07581
n01215	n07582
n01215	n07583
n01215	n07768
n01215	n07953
n01215	n07954
n01215	n07955
n01215	n08153
n01215	n08155
n01215	n08374
n01215	n08584
n01215	n08586
n01215	n08587
n01215	n08588
n01215	n08990
n01215	n08991
n01216	n00088
n01216	n01181
n01217	n02080
n01217	n09226
n01217	n09228
n01218	n03222
n01218	n08586
n01219	n09129
n01220	n02341
n01220	n05852
n01220	n06133
n01220	n06272
n01220	n06913
n01220	n06916
n01220	n06917
n01220	n07072
n01220	n07244
n01220	n07420
n01220	n07583
n01220	n07954
n01221	n03043
n01221	n08677
n01222	n03561
n01222	n04628
n01222	n06526
n01222	n06859
n01223	n05024
n01223	n07416
n01223	n07577
n01223	n08372
n01223	n08582
n01223	n08774
n01223	n08775
n01223	n08987
n01223	n08989
n01223	n09227
n01223	n09229
n01224	n00065
n01224	n08774
n01224	n09226
n01224	n09487
n01225	n06807
n01225	n08890
n01226	n05797
n01226	n06492
n01226	n06570
n01226	n07583
n01226	n07955
n01226	n08153
n01226	n08991
n01227	n06188
n01227	n06476
n01227	n08779
n01228	n06747
n01228	n07239
n01228	n07240
n01228	n07419
n01228	n07579
n01228	n07768
n01228	n08031
n01228	n08588
n01229	n03481
n01229	n03653
n01229	n06960
n01229	n08581
n01230	n02878
n01230	n08152
n01231	n03812
n01231	n09226
n01231	n09487
n01232	n02535
n01232	n03908
n01232	n08078
n01233	n04161
n01233	n05057
n01233	n09369
n01234	n03122
n01234	n05576
n01234	n06049
n01235	n05309
n01235	n07111
n01236	n05134
n01237	n02213
n01238	n00136
n01238	n01205
n01239	n07417
n01239	n07577
n01239	n08371
n01239	n08372
n01239	n08373
n01239	n08773
n01239	n08775
n01239	n08776
n01239	n08988
n01239	n09229
n01240	n03807
n01241	n02343
n01241	n07590
n01242	n04230
n01242	n05468
n01243	n02222
n01243	n08052
n01244	n02545
n01244	n06384
n01245	n00146
n01245	n03573
n01246	n02441
n01246	n06697
n01246	n06916
n01246	n08588
n01246	n08804
n01247	n03493
n01247	n05852
n01247	n06131
n01247	n06133
n01247	n06435
n01247	n06570
n01247	n06571
n01247	n06912
n01247	n06913
n01247	n06918
n01247	n06919
n01247	n07074
n01247	n07240
n01247	n07241
n01247	n08375
n01247	n08583
n01247	n08584
n01247	n08587
n01247	n08990
n01248	n02668
n01248	n05852
n01248	n05993
n01248	n06133
n01248	n06274
n01248	n06436
n01248	n06569
n01248	n06570
n01248	n06571
n01248	n06743
n01248	n06914
n01248	n06919
n01248	n07236
n01248	n07239
n01248	n07582
n01248	n07953
n01248	n08374
n01248	n08581
n01248	n08583
n01248	n08586
n01248	n08775
n01248	n08990
n01248	n09488
n01249	n03295
n01250	n04915
n01250	n08773
n01251	n03216
n01251	n05265
n01251	n05852
n01251	n06743
n01251	n06913
n01251	n07236
n01251	n07243
n01251	n07581
n01251	n07955
n01251	n08154
n01251	n08374
n01251	n08375
n01251	n08583
n01251	n08586
n01252	n03827
n01252	n06958
n01252	n07467
n01253	n04751
n01253	n07614
n01254	n05355
n01254	n06748
n01254	n07532
n01254	n08288
n01255	n02795
n01256	n07577
n01256	n07578
n01256	n07767
n01256	n08581
n01256	n08987
n01256	n08988
n01256	n09226
n01256	n09487
n01257	n03058
n01257	n07953
n01258	n06914
n01258	n07518
n01258	n08371
n01259	n06132
n01259	n06715
n01259	n06914
n01259	n06915
n01259	n06916
n01259	n06918
n01259	n07073
n01259	n07237
n01259	n07240
n01259	n07241
n01259	n07419
n01259	n07581
n01259	n07582
n01259	n08583
n01259	n08585
n01259	n08587
n01259	n08588
n01259	n08991
n01259	n08992
n01260	n04732
n01260	n07416
n01260	n07767
n01260	n08536
n01260	n08988
n01261	n00924
n01261	n05194
n01261	n05647
n01262	n01222
n01262	n08030
n01262	n08421
n01263	n07036
n01263	n07288
n01263	n08725
n01264	n03920
n01264	n08320
n01264	n08920
n01265	n03981
n01265	n08278
n01265	n08443
n01266	n06530
n01267	n03435
n01267	n04736
n01268	n06132
n01268	n06911
n01268	n08294
n01268	n08990
n01268	n09488
n01269	n02663
n01269	n07416
n01269	n08152
n01269	n08372
n01269	n08774
n01269	n09227
n01270	n01436
n01270	n05146
n01270	n08714
n01271	n02089
n01271	n05250
n01271	n07577
n01271	n07578
n01271	n08152
n01271	n08372
n01271	n08988
n01272	n04368
n01272	n05966
n01272	n05993
n01272	n06274
n01272	n06435
n01272	n06745
n01272	n06911
n01272	n06914
n01272	n06919
n01272	n07237
n01272	n07241
n01272	n07581
n01272	n08583
n01272	n08584
n01272	n08990
n01272	n08991
n01272	n09488
n01273	n05967
n01273	n06003
n01273	n07767
n01273	n08775
n01273	n09227
n01273	n09229
n01274	n04382
n01275	n04466
n01275	n08928
n01275	n09487
n01276	n03423
n01276	n08332
n01276	n08582
n01276	n08775
n01276	n09226
n01277	n03842
n01277	n04929
n01277	n09226
n01278	n03941
n01278	n06226
n01278	n07946
n01279	n05637
n01279	n06130
n01279	n06131
n01279	n06483
n01279	n06545
n01279	n06569
n01279	n06748
n01279	n07239
n01279	n07241
n01279	n07242
n01279	n07244
n01279	n07418
n01279	n07420
n01279	n07955
n01279	n08584
n01280	n03225
n01280	n08773
n01280	n08774
n01280	n08987
n01281	n04636
n01281	n08712
n01281	n09277
n01281	n09516
n01282	n06467
n01282	n06747
n01282	n07476
n01282	n08336
n01282	n08990
n01283	n01711
n01283	n03721
n01284	n02770
n01284	n05697
n01284	n08314
n01285	n03064
n01285	n07890
n01286	n02354
n01286	n06746
n01286	n06916
n01286	n07071
n01286	n07530
n01286	n07583
n01286	n07768
n01286	n07955
n01286	n08154
n01286	n08374
n01286	n08583
n01286	n08587
n01286	n09488
n01287	n05852
n01287	n06133
n01287	n06569
n01287	n07239
n01287	n07768
n01287	n08584
n01287	n08588
n01287	n08919
n01287	n08992
n01287	n09488
n01288	n07417
n01288	n08152
n01288	n08372
n01288	n09227
n01288	n09229
n01288	n09487
n01289	n07731
n01289	n08369
n01289	n08775
n01289	n09392
n01290	n01691
n01290	n09227
n01290	n09228
n01290	n09457
n01291	n04747
n01291	n07026
n01292	n04745
n01292	n07910
n01292	n08773
n01292	n09226
n01292	n09228
n01293	n02351
n01293	n04035
n01293	n09229
n01294	n02099
n01294	n07369
n01295	n04660
n01295	n06402
n01296	n01459
n01296	n03108
n01297	n03510
n01297	n05038
n01297	n05081
n01297	n05563
n01297	n06570
n01297	n06571
n01297	n06747
n01297	n07072
n01297	n07583
n01297	n08155
n01298	n03497
n01298	n05493
n01298	n05835
n01299	n07558
n01299	n09683
n01300	n05155
n01300	n06416
n01300	n06436
n01300	n06918
n01300	n07420
n01300	n07955
n01300	n08340
n01300	n08586
n01300	n08587
n01301	n02807
n01301	n08151
n01301	n08152
n01302	n02474
n01302	n04567
n01302	n06272
n01302	n06275
n01302	n06912
n01302	n06917
n01302	n07072
n01302	n07243
n01302	n07955
n01302	n08588
n01303	n02784
n01303	n07952
n01303	n08581
n01303	n08582
n01303	n08775
n01303	n09227
n01303	n09228
n01304	n00971
n01304	n06876
n01304	n06916
n01305	n02355
n01305	n03570
n01305	n03934
n01305	n05060
n01305	n07416
n01306	n03074
n01306	n05479
n01306	n05848
n01306	n06817
n01306	n09228
n01306	n09229
n01307	n05260
n01307	n07704
n01307	n07726
n01308	n02906
n01308	n08553
n01309	n02348
n01309	n06235
n01310	n03503
n01310	n05592
n01311	n00203
n01311	n05689
n01311	n05822
n01311	n09678
n01312	n02681
n01312	n05950
n01312	n08345
n01312	n08581
n01313	n01721
n01313	n08152
n01313	n08371
n01313	n08372
n01313	n08773
n01313	n08775
n01314	n04589
n01314	n06131
n01314	n06274
n01314	n07240
n01314	n07670
n01315	n03746
n01315	n03863
n01315	n04038
n01315	n04311
n01315	n04314
n01315	n04438
n01315	n06192
n01315	n07577
n01315	n07917
n01315	n08773
n01315	n08774
n01316	n04945
n01316	n09286
n01316	n09545
n01316	n09614
n01317	n03079
n01317	n06892
n01317	n07365
n01317	n07542
n01317	n08371
n01317	n08373
n01317	n08989
n01318	n02688
n01318	n04948
n01318	n07730
n01319	n04025
n01319	n06694
n01320	n05968
n01320	n07416
n01320	n07577
n01320	n08581
n01320	n08988
n01321	n02109
n01321	n07577
n01321	n08707
n01321	n09228
n01322	n05609
n01322	n06951
n01322	n07922
n01322	n08901
n01323	n05993
n01323	n06532
n01323	n07237
n01323	n09690
n01324	n01914
n01324	n05494
n01324	n07577
n01324	n07578
n01324	n07767
n01324	n08775
n01324	n09229
n01325	n04760
n01326	n06744
n01326	n06912
n01326	n07738
n01326	n08155
n01326	n08340
n01326	n08375
n01326	n08583
n01326	n08990
n01326	n08992
n01327	n04183
n01327	n05122
n01328	n06389
n01329	n00920
n01329	n02850
n01330	n04088
n01330	n07973
n01331	n04728
n01331	n07757
n01332	n09151
n01333	n03135
n01333	n08541
n01333	n09394
n01334	n05597
n01334	n07625
n01334	n08268
n01335	n01452
n01336	n03114
n01336	n04286
n01336	n06091
n01337	n09431
n01338	n00953
n01338	n03370
n01338	n08775
n01338	n08987
n01339	n05081
n01339	n06406
n01339	n06435
n01339	n06571
n01339	n06747
n01339	n07072
n01339	n07074
n01339	n07266
n01339	n07954
n01339	n08375
n01339	n08990
n01340	n01897
n01340	n01898
n01340	n04647
n01340	n07412
n01340	n07416
n01340	n08776
n01341	n03447
n01341	n06262
n01342	n05824
n01343	n04118
n01343	n06392
n01343	n09149
n01344	n04895
n01344	n05010
n01344	n05066
n01345	n04123
n01345	n04756
n01345	n05980
n01346	n08335
n01347	n03377
n01347	n04280
n01347	n06569
n01347	n06914
n01348	n03590
n01348	n06435
n01348	n06747
n01348	n06915
n01348	n06917
n01348	n07244
n01348	n07580
n01348	n08057
n01348	n08374
n01348	n08587
n01348	n08588
n01348	n08992
n01349	n00176
n01349	n03953
n01349	n06180
n01350	n03580
n01350	n05881
n01350	n06525
n01350	n09140
n01351	n04355
n01351	n05178
n01352	n01701
n01352	n07749
n01353	n02685
n01353	n05248
n01354	n03012
n01354	n04842
n01354	n08146
n01355	n04584
n01355	n05579
n01355	n08777
n01356	n03070
n01356	n05161
n01356	n09156
n01357	n00588
n01357	n02939
n01357	n03642
n01357	n04449
n01357	n04939
n01358	n03834
n01358	n05590
n01358	n07170
n01359	n01913
n01359	n08812
n01360	n01248
n01360	n06272
n01360	n06435
n01360	n07578
n01360	n07767
n01360	n07952
n01360	n07955
n01360	n08372
n01360	n08585
n01360	n08774
n01361	n02676
n01361	n04662
n01362	n02460
n01362	n06919
n01362	n07236
n01362	n07240
n01362	n07242
n01362	n07243
n01362	n08375
n01362	n08584
n01362	n08587
n01362	n08990
n01362	n08992
n01363	n03069
n01363	n05374
n01363	n08518
n01364	n00616
n01364	n08150
n01364	n08542
n01364	n08582
n01365	n03176
n01365	n03379
n01365	n06927
n01366	n02908
n01366	n07207
n01366	n08582
n01367	n00602
n01367	n00974
n01368	n02784
n01368	n07577
n01368	n08151
n01368	n08978
n01368	n08989
n01368	n09229
n01369	n03311
n01369	n06105
n01369	n06712
n01370	n01907
n01370	n05617
n01370	n09226
n01371	n02686
n01371	n06422
n01372	n07234
n01372	n07763
n01372	n08775
n01372	n08989
n01373	n04105
n01373	n06893
n01373	n07417
n01373	n07577
n01373	n08773
n01373	n08988
n01373	n09229
n01374	n01231
n01374	n07561
n01374	n08987
n01375	n03360
n01375	n05807
n01375	n09328
n01376	n05381
n01376	n06413
n01376	n06570
n01376	n07073
n01376	n07238
n01376	n07954
n01376	n08375
n01376	n08992
n01377	n02243
n01377	n05584
n01377	n07049
n01377	n08914
n01378	n05173
n01378	n07366
n01378	n07580
n01379	n02654
n01379	n04920
n01379	n08774
n01379	n09226
n01380	n00058
n01380	n04021
n01380	n08151
n01380	n08581
n01381	n00194
n01381	n08734
n01382	n00597
n01382	n01900
n01383	n03833
n01383	n04519
n01383	n06978
n01383	n07114
n01383	n09584
n01384	n03514
n01384	n07416
n01384	n07578
n01384	n08775
n01385	n04564
n01385	n07041
n01386	n02800
n01386	n04780
n01386	n05408
n01387	n04008
n01387	n06518
n01388	n01220
n01388	n07236
n01388	n08118
n01388	n08154
n01388	n08155
n01388	n08585
n01388	n08586
n01388	n09488
n01389	n04479
n01389	n05248
n01390	n05475
n01390	n07205
n01391	n04295
n01391	n06270
n01391	n08139
n01391	n08151
n01391	n08585
n01391	n08774
n01392	n03592
n01392	n09227
n01393	n03759
n01393	n08542
n01393	n08754
n01394	n05839
n01394	n06711
n01394	n08562
n01395	n02358
n01395	n08121
n01395	n08585
n01396	n00102
n01396	n00223
n01396	n00952
n01396	n04467
n01397	n01895
n01397	n02462
n01397	n04206
n01397	n07417
n01397	n07952
n01397	n08774
n01397	n08987
n01397	n08989
n01397	n09229
n01398	n02824
n01398	n06275
n01398	n06744
n01398	n06915
n01398	n06917
n01398	n07244
n01398	n07418
n01398	n07579
n01398	n07581
n01398	n07583
n01398	n08153
n01398	n08374
n01398	n08375
n01398	n08586
n01398	n08587
n01398	n08991
n01398	n08992
n01399	n00102
n01399	n04467
n01399	n04721
n01400	n04748
n01400	n07074
n01400	n07420
n01400	n07581
n01400	n07768
n01401	n00571
n01401	n01180
n01401	n01442
n01401	n01865
n01402	n02100
n01402	n07047
n01402	n09217
n01402	n09487
n01403	n00210
n01403	n03075
n01403	n07577
n01403	n09487
n01404	n00558
n01404	n02574
n01404	n07719
n01404	n08974
n01405	n03365
n01405	n07869
n01405	n08539
n01406	n01246
n01406	n07580
n01406	n07954
n01406	n08583
n01407	n06407
n01407	n09183
n01408	n00628
n01408	n04077
n01408	n06410
n01408	n08371
n01408	n08987
n01408	n09228
n01409	n01824
n01410	n06544
n01410	n06908
n01410	n08308
n01411	n02095
n01411	n08582
n01411	n08774
n01411	n08988
n01412	n03317
n01412	n07954
n01412	n08154
n01412	n08572
n01412	n08586
n01412	n08990
n01413	n02112
n01413	n08582
n01413	n08987
n01413	n09228
n01414	n03011
n01414	n07737
n01415	n00279
n01415	n03640
n01416	n04979
n01416	n07262
n01416	n07610
n01416	n07790
n01416	n08393
n01416	n09539
n01416	n09569
n01417	n05993
n01417	n06130
n01417	n06133
n01417	n06274
n01417	n06436
n01417	n06743
n01417	n06744
n01417	n06745
n01417	n06746
n01417	n06749
n01417	n06911
n01417	n06914
n01417	n06915
n01417	n06916
n01417	n06918
n01417	n06919
n01417	n07238
n01417	n07239
n01417	n07240
n01417	n07241
n01417	n07242
n01417	n07419
n01417	n07420
n01417	n07579
n01417	n07580
n01417	n07581
n01417	n07582
n01417	n07953
n01417	n07955
n01417	n08991
n01418	n05993
n01418	n06130
n01418	n06133
n01418	n06274
n01418	n06436
n01418	n06743
n01418	n06744
n01418	n06745
n01418	n06746
n01418	n06749
n01418	n06911
n01418	n06914
n01418	n06915
n01418	n06916
n01418	n06918
n01418	n06919
n01418	n07238
n01418	n07239
n01418	n07240
n01418	n07241
n01418	n07242
n01418	n07419
n01418	n07420
n01418	n07579
n01418	n07580
n01418	n07581
n01418	n07582
n01418	n07953
n01418	n07955
n01418	n08991
n01421	n08612
n01422	n08609
n01422	n08992
n01423	n01166
n01423	n05204
n01424	n06449
n01425	n03478
n01425	n03966
n01425	n04168
n01426	n00008
n01427	n04877
n01428	n06319
n01428	n06480
n01428	n07603
n01429	n03465
n01429	n04058
n01429	n05205
n01429	n09092
n01430	n05305
n01430	n05533
n01430	n06131
n01430	n07123
n01430	n07768
n01431	n06911
n01431	n07071
n01431	n07580
n01431	n07597
n01432	n07840
n01433	n05852
n01433	n05993
n01433	n06130
n01433	n06131
n01433	n06132
n01433	n06133
n01433	n06273
n01433	n06274
n01433	n06570
n01433	n06747
n01433	n06913
n01433	n06915
n01433	n06917
n01433	n07071
n01433	n07072
n01433	n07073
n01433	n07074
n01433	n07236
n01433	n07237
n01433	n07239
n01433	n07240
n01433	n07242
n01433	n07420
n01433	n07582
n01433	n07768
n01433	n07955
n01433	n08375
n01434	n09605
n01435	n08411
n01435	n08775
n01435	n09281
n01436	n07881
n01437	n08060
n01437	n08773
n01437	n09226
n01438	n05738
n01438	n06028
n01438	n06164
n01439	n04414
n01440	n05749
n01440	n07438
n01440	n08373
n01440	n08773
n01441	n00002
n01441	n00016
n01441	n00534
n01441	n00535
n01441	n00893
n01441	n01163
n01442	n02209
n01442	n06777
n01443	n00536
n01443	n01887
n01444	n09605
n01445	n02079
n01446	n00892
n01446	n01440
n01447	n00002
n01447	n00016
n01447	n00534
n01447	n00535
n01447	n00893
n01447	n01168
n01448	n04802
n01448	n07141
n01448	n09608
n01449	n04140
n01449	n08151
n01450	n04729
n01450	n08773
n01451	n07416
n01451	n07417
n01451	n07835
n01451	n08152
n01451	n08376
n01451	n09228
n01452	n07323
n01452	n08037
n01452	n09346
n01453	n07680
n01453	n08375
n01453	n08585
n01453	n08586
n01453	n09488
n01454	n04342
n01454	n05753
n01455	n06222
n01455	n08151
n01455	n08776
n01456	n02871
n01456	n04823
n01457	n04350
n01457	n06275
n01457	n07074
n01457	n07236
n01457	n07237
n01457	n07768
n01458	n05141
n01459	n03692
n01459	n04593
n01459	n05622
n01459	n07245
n01459	n07586
n01459	n08774
n01459	n09307
n01460	n04722
n01460	n08493
n01461	n06509
n01461	n07952
n01461	n08773
n01461	n09226
n01462	n04091
n01462	n04447
n01463	n05779
n01463	n06206
n01463	n08702
n01464	n08151
n01464	n08582
n01465	n06654
n01465	n08683
n01465	n09226
n01466	n04367
n01467	n05318
n01467	n09115
n01468	n00586
n01469	n07482
n01469	n07864
n01470	n00099
n01470	n08774
n01470	n09587
n01471	n02084
n01471	n03492
n01473	n08913
n01474	n03046
n01474	n07578
n01474	n08581
n01474	n09228
n01474	n09283
n01475	n05941
n01475	n08280
n01476	n04076
n01476	n06300
n01477	n00146
n01478	n02443
n01478	n08268
n01479	n03564
n01480	n03355
n01480	n06131
n01480	n06133
n01480	n06274
n01480	n06435
n01480	n06570
n01480	n06744
n01480	n06912
n01480	n06913
n01480	n06914
n01480	n06915
n01480	n06916
n01480	n06917
n01480	n06918
n01480	n07238
n01480	n07239
n01480	n07241
n01480	n07242
n01480	n07243
n01480	n07418
n01480	n07420
n01480	n07579
n01480	n07582
n01480	n07583
n01480	n07954
n01480	n08584
n01480	n08585
n01480	n08991
n01481	n00177
n01481	n06912
n01481	n07237
n01482	n03486
n01482	n04733
n01482	n07238
n01482	n07580
n01483	n01888
n01483	n03473
n01483	n08582
n01483	n08773
n01483	n08987
n01483	n09227
n01483	n09487
n01484	n01206
n01485	n03749
n01485	n04182
n01485	n08152
n01485	n08581
n01485	n08774
n01485	n08987
n01486	n06130
n01486	n06275
n01486	n06747
n01486	n06912
n01486	n06917
n01486	n06918
n01486	n07072
n01486	n07241
n01486	n07420
n01486	n07582
n01486	n07768
n01486	n08587
n01486	n09335
n01487	n00140
n01487	n05387
n01487	n06130
n01487	n06749
n01487	n06919
n01487	n07953
n01488	n02553
n01488	n06223
n01488	n08152
n01488	n09228
n01488	n09487
n01489	n03140
n01489	n08657
n01490	n03138
n01491	n02769
n01491	n06132
n01491	n06133
n01491	n06275
n01491	n06746
n01491	n06913
n01491	n06919
n01491	n07582
n01491	n08155
n01491	n08375
n01491	n08583
n01492	n05239
n01492	n08031
n01492	n08990
n01493	n05566
n01494	n04931
n01494	n05792
n01494	n06875
n01494	n08425
n01495	n01691
n01495	n09416
n01496	n04079
n01496	n06683
n01496	n07497
n01496	n07515
n01497	n00157
n01497	n05881
n01497	n06525
n01498	n06381
n01498	n08151
n01498	n08269
n01499	n03721
n01499	n07032
n01500	n01703
n01500	n07952
n01500	n09226
n01501	n00105
n01501	n04499
n01502	n00600
n01502	n06593
n01502	n07211
n01503	n06868
n01503	n07580
n01503	n08153
n01503	n08374
n01504	n04377
n01504	n06744
n01504	n07238
n01505	n03855
n01505	n07074
n01505	n07583
n01505	n08155
n01505	n08587
n01505	n08992
n01505	n09060
n01506	n05684
n01506	n07499
n01506	n08582
n01506	n09036
n01507	n00613
n01508	n04759
n01508	n04953
n01509	n03212
n01509	n07578
n01509	n07767
n01509	n08581
n01509	n08988
n01509	n08989
n01510	n00138
n01510	n05494
n01511	n02895
n01511	n07954
n01511	n08583
n01512	n06056
n01512	n07861
n01512	n09632
n01513	n06961
n01513	n08739
n01514	n03129
n01514	n07703
n01514	n08152
n01514	n08581
n01514	n08775
n01515	n04306
n01515	n08650
n01515	n09585
n01516	n01473
n01516	n05693
n01516	n08987
n01516	n09226
n01516	n09228
n01517	n06107
n01517	n06274
n01517	n06749
n01517	n07236
n01517	n07583
n01518	n05573
n01518	n06745
n01518	n07122
n01518	n08583
n01518	n09432
n01519	n03673
n01519	n05993
n01519	n06132
n01519	n06744
n01519	n06747
n01519	n06823
n01519	n06918
n01519	n07237
n01519	n07240
n01519	n07241
n01519	n07582
n01519	n07583
n01519	n08153
n01519	n08588
n01519	n08992
n01520	n03227
n01520	n06085
n01521	n03511
n01522	n02789
n01522	n09299
n01523	n04569
n01523	n05685
n01523	n08713
n01523	n09608
n01524	n04277
n01524	n06745
n01524	n08567
n01525	n00162
n01525	n03854
n01525	n05143
n01525	n07074
n01525	n08127
n01525	n08588
n01525	n09203
n01526	n04952
n01526	n06035
n01526	n07625
n01526	n08088
n01527	n03081
n01527	n05465
n01527	n08151
n01527	n08373
n01527	n08774
n01527	n09228
n01527	n09229
n01528	n04124
n01528	n04284
n01528	n08990
n01529	n00171
n01529	n03685
n01529	n07677
n01530	n01912
n01531	n03233
n01531	n06302
n01531	n06435
n01531	n07418
n01531	n07573
n01531	n07954
n01531	n08584
n01531	n08585
n01532	n00968
n01532	n06340
n01532	n07767
n01532	n08774
n01533	n02559
n01533	n06090
n01533	n08151
n01533	n08152
n01533	n08581
n01534	n03434
n01534	n07961
n01535	n01920
n01535	n03428
n01535	n07403
n01536	n07884
n01536	n08234
n01536	n08775
n01536	n08776
n01536	n08989
n01536	n09228
n01536	n09229
n01536	n09421
n01537	n02362
n01537	n09178
n01538	n04384
n01538	n05027
n01539	n04192
n01539	n08768
n01539	n08937
n01539	n09699
n01540	n02577
n01540	n06250
n01540	n08152
n01541	n04837
n01541	n06913
n01541	n07583
n01541	n07953
n01541	n09164
n01542	n07546
n01543	n03690
n01543	n05961
n01544	n03650
n01544	n05964
n01544	n08372
n01545	n00601
n01545	n03357
n01545	n05476
n01545	n05751
n01546	n02236
n01546	n06684
n01546	n09017
n01547	n03020
n01547	n06027
n01548	n03852
n01548	n04668
n01548	n06273
n01548	n06274
n01548	n06915
n01548	n07071
n01548	n07238
n01548	n07240
n01548	n07241
n01548	n07420
n01548	n08374
n01548	n08375
n01548	n08587
n01548	n08588
n01548	n08991
n01549	n05048
n01549	n08326
n01550	n05050
n01550	n05820
n01550	n07356
n01551	n02257
n01551	n02792
n01552	n00270
n01552	n00945
n01552	n04570
n01552	n08987
n01552	n09037
n01553	n06403
n01553	n07382
n01553	n07761
n01554	n02570
n01554	n07212
n01554	n07395
n01555	n03762
n01555	n04391
n01555	n06486
n01555	n07843
n01556	n01242
n01556	n05406
n01556	n06584
n01556	n06994
n01556	n08752
n01556	n09003
n01557	n05822
n01557	n08300
n01557	n09456
n01558	n01470
n01558	n02262
n01558	n07577
n01558	n08776
n01558	n09226
n01559	n01472
n01559	n06531
n01560	n02094
n01560	n08372
n01560	n08989
n01560	n09135
n01560	n09226
n01561	n02365
n01561	n06880
n01561	n07578
n01561	n07767
n01561	n08371
n01561	n08372
n01561	n08373
n01562	n01475
n01563	n07562
n01564	n02555
n01564	n04384
n01564	n04469
n01564	n08485
n01565	n08123
n01566	n03442
n01566	n06213
n01566	n06569
n01566	n06744
n01566	n06911
n01566	n06914
n01566	n07242
n01566	n08588
n01566	n09488
n01567	n04579
n01567	n05825
n01567	n07546
n01568	n01251
n01568	n07058
n01568	n07907
n01568	n08749
n01568	n09467
n01569	n01711
n01569	n03859
n01570	n04304
n01570	n06747
n01570	n07238
n01570	n07579
n01570	n07955
n01570	n08154
n01570	n08338
n01570	n08990
n01571	n00048
n01571	n00149
n01571	n02656
n01571	n03879
n01571	n08774
n01571	n08987
n01571	n09487
n01572	n05841
n01572	n08751
n01572	n08774
n01572	n08775
n01572	n08987
n01572	n08988
n01573	n03359
n01573	n06557
n01573	n08152
n01573	n08372
n01573	n08987
n01573	n08988
n01573	n09227
n01574	n00581
n01574	n05405
n01575	n07416
n01575	n07577
n01575	n07578
n01575	n08411
n01575	n08987
n01575	n09226
n01575	n09281
n01576	n03086
n01576	n04339
n01576	n09228
n01577	n04754
n01577	n07578
n01577	n08364
n01577	n08988
n01578	n00071
n01578	n00227
n01578	n05653
n01578	n07767
n01578	n08774
n01579	n06569
n01579	n08584
n01580	n08813
n01581	n02566
n01581	n05710
n01582	n03928
n01582	n07710
n01583	n03845
n01583	n07926
n01584	n08963
n01585	n04641
n01585	n07874
n01585	n08371
n01585	n08987
n01586	n01448
n01586	n01875
n01586	n08328
n01586	n08375
n01586	n08990
n01587	n01902
n01587	n07928
n01587	n07952
n01587	n08152
n01587	n08581
n01587	n08773
n01587	n09226
n01587	n09229
n01588	n01908
n01588	n04144
n01588	n08145
n01589	n03933
n01589	n04591
n01590	n02600
n01590	n06956
n01590	n09226
n01590	n09429
n01591	n01700
n01591	n05663
n01591	n05704
n01591	n08453
n01592	n01448
n01592	n02455
n01592	n05921
n01592	n08328
n01592	n08996
n01593	n01708
n01594	n03433
n01594	n07188
n01595	n02252
n01595	n07417
n01595	n08773
n01595	n08775
n01595	n08987
n01596	n02567
n01596	n07577
n01596	n07578
n01596	n07952
n01596	n08371
n01596	n08373
n01596	n08773
n01596	n08774
n01596	n08776
n01596	n08988
n01596	n08989
n01596	n09228
n01596	n09229
n01597	n04476
n01597	n05993
n01597	n06746
n01597	n06913
n01597	n06916
n01597	n06919
n01597	n07074
n01597	n07238
n01597	n07242
n01597	n07243
n01597	n08583
n01597	n08584
n01597	n08991
n01598	n04114
n01598	n06097
n01598	n06638
n01598	n09450
n01599	n01720
n01599	n05644
n01599	n07069
n01599	n07501
n01599	n07767
n01599	n09226
n01600	n04191
n01601	n01477
n01601	n05709
n01601	n08120
n01601	n08362
n01602	n03820
n01602	n04849
n01602	n07236
n01602	n07240
n01602	n07243
n01602	n07579
n01602	n07581
n01602	n07582
n01602	n08991
n01603	n03437
n01603	n08455
n01603	n08774
n01603	n08987
n01604	n02908
n01604	n07410
n01604	n07529
n01604	n07578
n01604	n07767
n01604	n07952
n01605	n02910
n01605	n06942
n01605	n08559
n01605	n08582
n01605	n08775
n01606	n02259
n01606	n05317
n01607	n02356
n01607	n07416
n01607	n07578
n01607	n07952
n01607	n08152
n01607	n08773
n01608	n07215
n01608	n07416
n01608	n07578
n01608	n08371
n01608	n08373
n01608	n08775
n01608	n08776
n01608	n09119
n01608	n09228
n01609	n02457
n01609	n09224
n01610	n03945
n01610	n04793
n01610	n08092
n01610	n08544
n01610	n08774
n01611	n04015
n01611	n07418
n01611	n07767
n01611	n08372
n01611	n08989
n01611	n09227
n01612	n03847
n01612	n08103
n01613	n04497
n01613	n08930
n01613	n09484
n01614	n00982
n01614	n05484
n01614	n08582
n01615	n02897
n01615	n07511
n01616	n03450
n01616	n07052
n01617	n04004
n01617	n06272
n01617	n06919
n01617	n07550
n01617	n08153
n01617	n08155
n01617	n08583
n01617	n08584
n01617	n08587
n01618	n03229
n01618	n04891
n01618	n08582
n01619	n01443
n01619	n04435
n01620	n05388
n01621	n01703
n01621	n08574
n01621	n08987
n01621	n09227
n01622	n03240
n01622	n03667
n01622	n08747
n01622	n09226
n01623	n01490
n01623	n03188
n01623	n08573
n01623	n08582
n01624	n00756
n01624	n06910
n01624	n08582
n01624	n09565
n01625	n03307
n01625	n06133
n01625	n06273
n01625	n06570
n01625	n06746
n01625	n06748
n01625	n06912
n01625	n06916
n01625	n07072
n01625	n07236
n01625	n07241
n01625	n07418
n01625	n07580
n01625	n08153
n01625	n08154
n01625	n08155
n01625	n08374
n01625	n08584
n01625	n08588
n01625	n08991
n01626	n01463
n01626	n03952
n01626	n07578
n01626	n08581
n01626	n08987
n01626	n08988
n01627	n05121
n01627	n06788
n01627	n09310
n01627	n09633
n01628	n01707
n01628	n05363
n01628	n09069
n01629	n02570
n01630	n03517
n01630	n03713
n01630	n07944
n01630	n08152
n01630	n08774
n01630	n08776
n01630	n08987
n01630	n09487
n01631	n02897
n01631	n04666
n01632	n02158
n01632	n04767
n01632	n08582
n01632	n09226
n01633	n01468
n01633	n02108
n01633	n08372
n01633	n09227
n01634	n03368
n01634	n06271
n01634	n07197
n01634	n08302
n01634	n09226
n01635	n01709
n01635	n04496
n01635	n07952
n01635	n08152
n01635	n08581
n01635	n08582
n01635	n08774
n01636	n03769
n01636	n04385
n01636	n04487
n01637	n00907
n01637	n03145
n01637	n03676
n01637	n06663
n01637	n07512
n01637	n09202
n01638	n03772
n01638	n06409
n01638	n06569
n01638	n06917
n01638	n08588
n01638	n09389
n01639	n05275
n01639	n07942
n01639	n08919
n01639	n08991
n01640	n03495
n01640	n08775
n01640	n08987
n01640	n09331
n01641	n00965
n01641	n05046
n01641	n06545
n01641	n07418
n01641	n08153
n01641	n08586
n01642	n03214
n01642	n03370
n01642	n05065
n01642	n07404
n01642	n07417
n01642	n08582
n01642	n08773
n01643	n03651
n01643	n04004
n01643	n06131
n01643	n06132
n01643	n06272
n01643	n06912
n01643	n07074
n01643	n07241
n01643	n07420
n01643	n07953
n01643	n07954
n01643	n08587
n01643	n08992
n01644	n02108
n01644	n04210
n01644	n07416
n01644	n08151
n01644	n08371
n01644	n08372
n01644	n08373
n01644	n08774
n01644	n08776
n01644	n08988
n01644	n09228
n01644	n09229
n01644	n09487
n01645	n04299
n01645	n06242
n01645	n06553
n01645	n08281
n01646	n00296
n01646	n09181
n01647	n02347
n01647	n07952
n01647	n08806
n01648	n07071
n01648	n08099
n01648	n08991
n01648	n08992
n01649	n03761
n01649	n07578
n01649	n08926
n01650	n00929
n01651	n00073
n01651	n00832
n01652	n03853
n01652	n06547
n01652	n08773
n01653	n00110
n01653	n01861
n01653	n07580
n01653	n08375
n01654	n00261
n01654	n00290
n01655	n00256
n01655	n03824
n01655	n05883
n01655	n08359
n01656	n00122
n01656	n08153
n01657	n01486
n01657	n06132
n01657	n06272
n01657	n06273
n01657	n06743
n01657	n06913
n01657	n06916
n01657	n07071
n01657	n07074
n01657	n07418
n01657	n07419
n01657	n07954
n01657	n08154
n01657	n08585
n01657	n08586
n01657	n08990
n01657	n08991
n01658	n05993
n01658	n06130
n01658	n06133
n01658	n06274
n01658	n06436
n01658	n06743
n01658	n06744
n01658	n06745
n01658	n06746
n01658	n06749
n01658	n06911
n01658	n06914
n01658	n06915
n01658	n06916
n01658	n06918
n01658	n06919
n01658	n07238
n01658	n07239
n01658	n07240
n01658	n07241
n01658	n07242
n01658	n07419
n01658	n07420
n01658	n07579
n01658	n07580
n01658	n07581
n01658	n07582
n01658	n07953
n01658	n07955
n01658	n08991
n01659	n04992
n01659	n07089
n01659	n07975
n01660	n05746
n01660	n09228
n01661	n00531
n01661	n01422
n01662	n05400
n01662	n05871
n01662	n06292
n01663	n07424
n01663	n08590
n01664	n04518
n01664	n05282
n01664	n05518
n01665	n00565
n01665	n01169
n01665	n03878
n01665	n07577
n01666	n03740
n01666	n05772
n01666	n07952
n01667	n00003
n01667	n00017
n01667	n07582
n01668	n03705
n01669	n06187
n01669	n06628
n01669	n08774
n01670	n08647
n01671	n09089
n01673	n01166
n01673	n05204
n01674	n00046
n01674	n00068
n01674	n02539
n01675	n05532
n01675	n05909
n01675	n07266
n01675	n08409
n01675	n08587
n01676	n00052
n01677	n06435
n01677	n07072
n01677	n07776
n01677	n08587
n01677	n08990
n01677	n08991
n01677	n09488
n01678	n00529
n01678	n03198
n01679	n02641
n01680	n07141
n01680	n09296
n01680	n09517
n01681	n01866
n01681	n04522
n01681	n08645
n01681	n08773
n01682	n06961
n01682	n07303
n01682	n07578
n01683	n06821
n01683	n06963
n01684	n04901
n01684	n07417
n01685	n05676
n01685	n08775
n01686	n00908
n01686	n01200
n01687	n05112
n01687	n05993
n01687	n07243
n01687	n07419
n01687	n07579
n01687	n07953
n01687	n08585
n01688	n00526
n01688	n00555
n01689	n02430
n01689	n02869
n01690	n05911
n01691	n07300
n01691	n08499
n01691	n09613
n01692	n09070
n01693	n01423
n01693	n01673
n01694	n07767
n01695	n02334
n01695	n04084
n01695	n04174
n01695	n07179
n01696	n03735
n01697	n02444
n01698	n03731
n01699	n06219
n01699	n08371
n01699	n09651
n01700	n05198
n01700	n06496
n01700	n07002
n01700	n08987
n01701	n05470
n01702	n03287
n01703	n05559
n01704	n04265
n01704	n07417
n01705	n03625
n01705	n04090
n01706	n07494
n01707	n04081
n01707	n08059
n01708	n05448
n01708	n07178
n01709	n06997
n01709	n08151
n01709	n08773
n01709	n08988
n01710	n04543
n01710	n05562
n01710	n07317
n01711	n02556
n01712	n06867
n01712	n08774
n01713	n00569
n01713	n02216
n01713	n06680
n01714	n02659
n01714	n06912
n01714	n06915
n01714	n07241
n01714	n07953
n01715	n05240
n01715	n06220
n01715	n09272
n01716	n02341
n01716	n06748
n01716	n07237
n01716	n08374
n01716	n08992
n01717	n00575
n01718	n05151
n01718	n07304
n01718	n08151
n01718	n08774
n01719	n07417
n01719	n07846
n01719	n08151
n01719	n08371
n01719	n08373
n01719	n08774
n01719	n08776
n01719	n08989
n01720	n02102
n01720	n08152
n01720	n09159
n01720	n09487
n01721	n04250
n01721	n07578
n01721	n07952
n01721	n08987
n01721	n09226
n01722	n00618
n01722	n03342
n01722	n08371
n01723	n02994
n01723	n07416
n01723	n08428
n01723	n08581
n01724	n03116
n01724	n05575
n01724	n07416
n01724	n08151
n01724	n08989
n01725	n05852
n01725	n06133
n01725	n06570
n01725	n06744
n01725	n06746
n01725	n06747
n01725	n06749
n01725	n06911
n01725	n06916
n01725	n06917
n01725	n06918
n01725	n07073
n01725	n07237
n01725	n07579
n01725	n07581
n01725	n07583
n01725	n07768
n01725	n08154
n01725	n08155
n01725	n08374
n01725	n08375
n01725	n08587
n01725	n08991
n01726	n05744
n01726	n07913
n01727	n05363
n01728	n03662
n01729	n05169
n01729	n07717
n01730	n03819
n01730	n04179
n01730	n04900
n01731	n05162
n01731	n05480
n01731	n08086
n01732	n03835
n01732	n06459
n01732	n07074
n01732	n07236
n01732	n07242
n01732	n08155
n01732	n08583
n01732	n08587
n01732	n08805
n01733	n03832
n01734	n03084
n01734	n08257
n01735	n04658
n01735	n08209
n01735	n09164
n01737	n05364
n01737	n09227
n01738	n05149
n01739	n07702
n01739	n08761
n01739	n08774
n01739	n08989
n01740	n01894
n01741	n08339
n01742	n02347
n01742	n02779
n01742	n06563
n01743	n04275
n01743	n08100
n01744	n02350
n01744	n06633
n01744	n08774
n01744	n08775
n01745	n05863
n01745	n06002
n01745	n06220
n01745	n06443
n01745	n07090
n01745	n07169
n01745	n08397
n01745	n08403
n01746	n02360
n01746	n09696
n01747	n06391
n01747	n08360
n01748	n05372
n01748	n06274
n01748	n06745
n01748	n06918
n01748	n07377
n01748	n08991
n01748	n09054
n01749	n04020
n01749	n07416
n01749	n07577
n01749	n07578
n01749	n08151
n01749	n08152
n01749	n08582
n01749	n08773
n01749	n08775
n01749	n09227
n01750	n04829
n01750	n07712
n01750	n08154
n01751	n04462
n01751	n06864
n01751	n07033
n01751	n08095
n01752	n03752
n01752	n07874
n01752	n08729
n01753	n06745
n01753	n06916
n01753	n07237
n01753	n07238
n01753	n07579
n01753	n08584
n01753	n08991
n01753	n09276
n01754	n02352
n01754	n04034
n01754	n08025
n01754	n08774
n01754	n08988
n01754	n09227
n01754	n09228
n01755	n03015
n01755	n06914
n01755	n07379
n01756	n03753
n01756	n05059
n01756	n07767
n01756	n08151
n01756	n08774
n01756	n08987
n01757	n04929
n01757	n05045
n01757	n08516
n01757	n09229
n01758	n04938
n01758	n06131
n01758	n06133
n01758	n06272
n01758	n06275
n01758	n06571
n01758	n06743
n01758	n06744
n01758	n06912
n01758	n07072
n01758	n07073
n01758	n07239
n01758	n07243
n01758	n07418
n01758	n07583
n01758	n07768
n01758	n08375
n01758	n08583
n01759	n04845
n01759	n04957
n01759	n05138
n01759	n07578
n01759	n07952
n01759	n08372
n01759	n08581
n01760	n08321
n01760	n08367
n01761	n05830
n01761	n06130
n01761	n06273
n01761	n06274
n01761	n06435
n01761	n06570
n01761	n06913
n01761	n06916
n01761	n06919
n01761	n07072
n01761	n07074
n01761	n07237
n01761	n07241
n01761	n07243
n01761	n07420
n01761	n07579
n01761	n07953
n01761	n08587
n01761	n08588
n01761	n08992
n01762	n02773
n01762	n03866
n01762	n08254
n01763	n03820
n01763	n06130
n01763	n06131
n01763	n06743
n01763	n06746
n01763	n07243
n01763	n07579
n01763	n07954
n01763	n08588
n01764	n00525
n01764	n03509
n01764	n03948
n01764	n08323
n01764	n08927
n01765	n01228
n01765	n06131
n01765	n06746
n01765	n06911
n01765	n06913
n01765	n07237
n01765	n08153
n01765	n08586
n01766	n05692
n01766	n09297
n01767	n02456
n01767	n04125
n01767	n07767
n01767	n08775
n01767	n08776
n01767	n09194
n01767	n09228
n01767	n09229
n01768	n04580
n01768	n05076
n01768	n07417
n01768	n08372
n01768	n08582
n01768	n08776
n01768	n09226
n01768	n09227
n01769	n04763
n01769	n09025
n01769	n09161
n01769	n09226
n01769	n09549
n01770	n02884
n01770	n03161
n01770	n07416
n01770	n08987
n01770	n09226
n01770	n09228
n01770	n09487
n01771	n04944
n01771	n06529
n01772	n03940
n01772	n08104
n01772	n08348
n01773	n03948
n01773	n06433
n01774	n01909
n01774	n03682
n01774	n08581
n01775	n04389
n01775	n04645
n01775	n07731
n01775	n08371
n01775	n08373
n01775	n08544
n01775	n09226
n01776	n01928
n01776	n06863
n01776	n07577
n01776	n07578
n01776	n08151
n01776	n08773
n01776	n08774
n01776	n08988
n01776	n09226
n01776	n09227
n01777	n01164
n01777	n01659
n01777	n03166
n01777	n06209
n01778	n05056
n01778	n07048
n01778	n07243
n01778	n09488
n01779	n03243
n01779	n05264
n01780	n05812
n01780	n05988
n01780	n08081
n01780	n08098
n01781	n05610
n01781	n06430
n01782	n04128
n01782	n06716
n01782	n08375
n01783	n06882
n01783	n07937
n01784	n05993
n01784	n06132
n01784	n06745
n01784	n06748
n01784	n06915
n01784	n07418
n01784	n07580
n01784	n07709
n01784	n08585
n01785	n02214
n01785	n03406
n01785	n07506
n01786	n04856
n01786	n07373
n01786	n08987
n01787	n08271
n01788	n07577
n01788	n07578
n01788	n07952
n01788	n08152
n01788	n08371
n01788	n08373
n01788	n08422
n01788	n08581
n01788	n08773
n01788	n08775
n01788	n09042
n01788	n09229
n01790	n02105
n01790	n02424
n01790	n02640
n01790	n04571
n01790	n07577
n01790	n07767
n01790	n08773
n01791	n03666
n01791	n09078
n01792	n04269
n01792	n05253
n01792	n07952
n01793	n04429
n01793	n06836
n01793	n08152
n01793	n08774
n01793	n09051
n01794	n04288
n01794	n07767
n01794	n08371
n01794	n08373
n01794	n09228
n01795	n02918
n01795	n04896
n01795	n07293
n01795	n07417
n01795	n07577
n01796	n02246
n01796	n02672
n01797	n05426
n01797	n05575
n01797	n07578
n01797	n08151
n01797	n08402
n01797	n08707
n01797	n08776
n01797	n08988
n01797	n09227
n01797	n09228
n01797	n09229
n01798	n03066
n01798	n07416
n01798	n07952
n01798	n08581
n01798	n08582
n01798	n08989
n01799	n02802
n01799	n09062
n01800	n03431
n01800	n08291
n01801	n05360
n01801	n07577
n01801	n07767
n01801	n08371
n01801	n08373
n01801	n08773
n01801	n08775
n01802	n01903
n01802	n08371
n01802	n08373
n01802	n09307
n01803	n06122
n01803	n06131
n01803	n06570
n01803	n06746
n01803	n06918
n01803	n07071
n01803	n07236
n01803	n07244
n01803	n07581
n01803	n07768
n01803	n08153
n01803	n08155
n01803	n08585
n01803	n08992
n01804	n02906
n01805	n02915
n01805	n03000
n01805	n06914
n01805	n07239
n01805	n07794
n01805	n08007
n01805	n08992
n01806	n04392
n01806	n07577
n01806	n08375
n01807	n02226
n01807	n06914
n01807	n07413
n01807	n08887
n01807	n08991
n01807	n08992
n01808	n04378
n01808	n05175
n01808	n07963
n01808	n08397
n01809	n01695
n01809	n04464
n01809	n06396
n01809	n06881
n01810	n06120
n01810	n06689
n01811	n02911
n01811	n06273
n01811	n06912
n01811	n07073
n01811	n07419
n01811	n07580
n01811	n07583
n01811	n08051
n01811	n08990
n01812	n05501
n01813	n00141
n01813	n03840
n01813	n08568
n01814	n02357
n01814	n05988
n01815	n02475
n01815	n05849
n01815	n06905
n01815	n08152
n01815	n09227
n01816	n05350
n01816	n06710
n01816	n08581
n01816	n09226
n01817	n04659
n01817	n07049
n01817	n08146
n01818	n02476
n01819	n03852
n01819	n06275
n01819	n06435
n01819	n06743
n01819	n06912
n01819	n06913
n01819	n06918
n01819	n07071
n01819	n07238
n01819	n07239
n01819	n07580
n01819	n07953
n01819	n08153
n01819	n08583
n01820	n04850
n01820	n08335
n01821	n03373
n01821	n08125
n01822	n06434
n01823	n00031
n01823	n00082
n01823	n00083
n01823	n00084
n01823	n04599
n01824	n00139
n01824	n06777
n01825	n00108
n01825	n00160
n01825	n03453
n01825	n04964
n01826	n06357
n01826	n06810
n01826	n08461
n01827	n00951
n01827	n04695
n01827	n06111
n01827	n07417
n01827	n08372
n01827	n08773
n01827	n09227
n01828	n06720
n01828	n06746
n01828	n09147
n01829	n02675
n01829	n08775
n01829	n09453
n01830	n05157
n01830	n09414
n01831	n05043
n01831	n07517
n01832	n02470
n01832	n07127
n01832	n07577
n01832	n08372
n01832	n09102
n01833	n03844
n01833	n07941
n01833	n09295
n01834	n03060
n01834	n08115
n01835	n03005
n01835	n07416
n01835	n08151
n01835	n08774
n01835	n08775
n01836	n05840
n01836	n07416
n01836	n07582
n01836	n08152
n01836	n08791
n01836	n09226
n01837	n02473
n01837	n07766
n01838	n01210
n01838	n03436
n01838	n07327
n01838	n07416
n01838	n08555
n01838	n08581
n01839	n07578
n01839	n07767
n01839	n08301
n01839	n08371
n01839	n08373
n01839	n08581
n01839	n08775
n01839	n08776
n01839	n08987
n01839	n09226
n01840	n02242
n01840	n03403
n01840	n05152
n01840	n05222
n01840	n05223
n01841	n04386
n01841	n04914
n01841	n05076
n01841	n08152
n01841	n09487
n01842	n01232
n01842	n08281
n01842	n08709
n01843	n00231
n01843	n00832
n01844	n05616
n01844	n07225
n01844	n08151
n01844	n08774
n01844	n09227
n01845	n07417
n01845	n07577
n01845	n07767
n01845	n08151
n01845	n08185
n01845	n08372
n01845	n08581
n01845	n08775
n01845	n08987
n01845	n08988
n01845	n08989
n01845	n09229
n01846	n00206
n01846	n00942
n01846	n04910
n01847	n00228
n01847	n04431
n01847	n08266
n01848	n03600
n01848	n04474
n01848	n06898
n01849	n04853
n01849	n04943
n01849	n09422
n01850	n03084
n01850	n05965
n01851	n00944
n01852	n02255
n01852	n05802
n01852	n06735
n01853	n02571
n01853	n07414
n01853	n07579
n01853	n08375
n01854	n00250
n01854	n02692
n01855	n00229
n01855	n05930
n01855	n07338
n01856	n03524
n01857	n02745
n01857	n03186
n01859	n03467
n01859	n06447
n01859	n09256
n01860	n06157
n01860	n09018
n01861	n03891
n01862	n06158
n01863	n03615
n01863	n04509
n01863	n07603
n01864	n02966
n01864	n04682
n01865	n07840
n01866	n08212
n01867	n05852
n01867	n06133
n01867	n06273
n01867	n06570
n01867	n06746
n01867	n08375
n01867	n08588
n01868	n08446
n01868	n08581
n01868	n09487
n01869	n04527
n01869	n06018
n01870	n06272
n01870	n07071
n01870	n08195
n01870	n08649
n01870	n09314
n01871	n06601
n01871	n07111
n01871	n08372
n01871	n08581
n01871	n08987
n01871	n08989
n01872	n00891
n01872	n04070
n01872	n05993
n01872	n06132
n01872	n06275
n01872	n06570
n01872	n06747
n01872	n06912
n01872	n06913
n01872	n06915
n01872	n07073
n01872	n07240
n01872	n07241
n01872	n07583
n01872	n07954
n01872	n07955
n01872	n08375
n01872	n08587
n01872	n08990
n01872	n08991
n01872	n09488
n01873	n02966
n01873	n04682
n01874	n06478
n01874	n06569
n01874	n06743
n01874	n06746
n01874	n06749
n01874	n06915
n01874	n06919
n01874	n07074
n01874	n07244
n01874	n07580
n01874	n07581
n01874	n07582
n01874	n07768
n01874	n07954
n01874	n08154
n01874	n08584
n01874	n08585
n01874	n08991
n01875	n03484
n01875	n04616
n01876	n01172
n01876	n01192
n01876	n02098
n01876	n07775
n01877	n09099
n01878	n05218
n01878	n05993
n01878	n06132
n01878	n06272
n01878	n06275
n01878	n06435
n01878	n06436
n01878	n06571
n01878	n06743
n01878	n06744
n01878	n06745
n01878	n06747
n01878	n06748
n01878	n06911
n01878	n06912
n01878	n06913
n01878	n06914
n01878	n06918
n01878	n07071
n01878	n07074
n01878	n07237
n01878	n07238
n01878	n07240
n01878	n07242
n01878	n07243
n01878	n07419
n01878	n07580
n01878	n07583
n01878	n07768
n01878	n07954
n01878	n08374
n01878	n08586
n01878	n08992
n01879	n08829
n01879	n09338
n01880	n02333
n01880	n02748
n01881	n04327
n01881	n09542
n01882	n05993
n01882	n06130
n01882	n06131
n01882	n06132
n01882	n06133
n01882	n06272
n01882	n06273
n01882	n06274
n01882	n06436
n01882	n06569
n01882	n06743
n01882	n06744
n01882	n06749
n01882	n06911
n01882	n06912
n01882	n06915
n01882	n06916
n01882	n06917
n01882	n06918
n01882	n06919
n01882	n07071
n01882	n07073
n01882	n07074
n01882	n07236
n01882	n07237
n01882	n07238
n01882	n07239
n01882	n07240
n01882	n07241
n01882	n07243
n01882	n07244
n01882	n07420
n01882	n07579
n01882	n07580
n01882	n07581
n01882	n07582
n01882	n07583
n01882	n07955
n01882	n08154
n01882	n08375
n01882	n08583
n01882	n08588
n01882	n08991
n01882	n08992
n01883	n06274
n01883	n06823
n01883	n06913
n01883	n06917
n01883	n07074
n01883	n07243
n01883	n07953
n01883	n09488
n01884	n04716
n01884	n05852
n01884	n06745
n01884	n06746
n01884	n06747
n01884	n07420
n01884	n07580
n01885	n04949
n01885	n08214
n01886	n05419
n01887	n04059
n01887	n04238
n01887	n07767
n01888	n09228
n01888	n09500
n01889	n07578
n01889	n07767
n01889	n09228
n01890	n09652
n01891	n02988
n01892	n05109
n01892	n05344
n01892	n08187
n01892	n09265
n01893	n04241
n01893	n07074
n01893	n08584
n01893	n08843
n01893	n08992
n01894	n07165
n01894	n08267
n01894	n09386
n01895	n04442
n01896	n01179
n01896	n07580
n01897	n00910
n01898	n02746
n01898	n06475
n01899	n02645
n01899	n08372
n01900	n00120
n01901	n03983
n01902	n07417
n01902	n08151
n01902	n08988
n01903	n05438
n01904	n05328
n01905	n01866
n01905	n07578
n01905	n07806
n01905	n07952
n01905	n08371
n01905	n08372
n01905	n08373
n01905	n08645
n01905	n08773
n01905	n09226
n01905	n09228
n01905	n09487
n01906	n05675
n01906	n08151
n01906	n08371
n01906	n08372
n01906	n08373
n01906	n08582
n01906	n08773
n01906	n08776
n01906	n08988
n01906	n08989
n01906	n09229
n01907	n06465
n01907	n07329
n01907	n08274
n01907	n08371
n01908	n08258
n01908	n09227
n01909	n05937
n01909	n07674
n01909	n07767
n01909	n09227
n01909	n09246
n01910	n09650
n01911	n07583
n01911	n07688
n01911	n09387
n01912	n03277
n01912	n08024
n01912	n09043
n01913	n03485
n01914	n00898
n01914	n08776
n01915	n04904
n01915	n05852
n01915	n06743
n01915	n07581
n01915	n08511
n01915	n08583
n01915	n08584
n01915	n08586
n01915	n08991
n01916	n01446
n01916	n08371
n01917	n09674
n01918	n04922
n01918	n06246
n01919	n06066
n01919	n06452
n01920	n00176
n01921	n02219
n01921	n06570
n01921	n06571
n01921	n07582
n01921	n08153
n01921	n08155
n01921	n08991
n01922	n02346
n01923	n00612
n01923	n02083
n01923	n08924
n01924	n00582
n01924	n07767
n01924	n08371
n01924	n08372
n01925	n07889
n01925	n08371
n01925	n08373
n01925	n08581
n01925	n09229
n01926	n01694
n01926	n04455
n01926	n07577
n01926	n08774
n01927	n04097
n01927	n07577
n01928	n01685
n01928	n07417
n01928	n08582
n01929	n03916
n01929	n08305
n01930	n04261
n01930	n05852
n01930	n07239
n01930	n08154
n01930	n08584
n01930	n08588
n01930	n09488
n01931	n01893
n01931	n06913
n01931	n07236
n01931	n07237
n01931	n09488
n01932	n03073
n01933	n00920
n01933	n04547
n01933	n05652
n01934	n06537
n01935	n02743
n01935	n03718
n01935	n03966
n01935	n09158
n01936	n08151
n01936	n08456
n01936	n08728
n01937	n05577
n01937	n07043
n01937	n07533
n01937	n07767
n01937	n08773
n01937	n08987
n01938	n05788
n01938	n08715
n01939	n06912
n01939	n07696
n01939	n08154
n01939	n08155
n01939	n08375
n01939	n08588
n01939	n08992
n01940	n03060
n01940	n06914
n01940	n07698
n01941	n02666
n01941	n02996
n01941	n07887
n01941	n09686
n01942	n03839
n01942	n05591
n01943	n00135
n01943	n07195
n01944	n03499
n01944	n06912
n01944	n06913
n01944	n07071
n01944	n07240
n01944	n07419
n01944	n07581
n01944	n07768
n01944	n08374
n01944	n08585
n01944	n08588
n01944	n08991
n01945	n02766
n01945	n05842
n01946	n05599
n01946	n08523
n01946	n08727
n01947	n09033
n01948	n00941
n01948	n07578
n01948	n08581
n01948	n08582
n01948	n08776
n01948	n09228
n01948	n09536
n01949	n05298
n01949	n05916
n01949	n06982
n01949	n07767
n01949	n08151
n01950	n06209
n01950	n06383
n01950	n07384
n01951	n03490
n01951	n04643
n01952	n03292
n01952	n07417
n01952	n08506
n01952	n08987
n01952	n09226
n01952	n09228
n01953	n07565
n01954	n05852
n01954	n06272
n01954	n06275
n01954	n06570
n01954	n06745
n01954	n06747
n01954	n06749
n01954	n06911
n01954	n06914
n01954	n06915
n01954	n06916
n01954	n06918
n01954	n07237
n01954	n07239
n01954	n07241
n01954	n07242
n01954	n07243
n01954	n07244
n01954	n07420
n01954	n07583
n01954	n07953
n01954	n07955
n01954	n08374
n01954	n08583
n01954	n08584
n01954	n08586
n01954	n08588
n01954	n08991
n01954	n08992
n01955	n04126
n01955	n08763
n01955	n09488
n01956	n02246
n01956	n03196
n01956	n05283
n01958	n05586
n01958	n07575
n01959	n01918
n01959	n02417
n01959	n07552
n01960	n01459
n01961	n08915
n01962	n03026
n01962	n07416
n01962	n08371
n01962	n08372
n01962	n08373
n01962	n08582
n01962	n08775
n01962	n08989
n01962	n09226
n01962	n09229
n01962	n09487
n01963	n07816
n01963	n08318
n01964	n02353
n01964	n07578
n01964	n07580
n01964	n08372
n01964	n08581
n01964	n08775
n01965	n01482
n01965	n04289
n01965	n06272
n01965	n07390
n01965	n07697
n01965	n08584
n01966	n02249
n01966	n05059
n01966	n07767
n01966	n07952
n01966	n08773
n01966	n08775
n01966	n09226
n01966	n09228
n01967	n01909
n01967	n05044
n01967	n09698
n01968	n02675
n01968	n05803
n01968	n07204
n01968	n07578
n01968	n08775
n01969	n03568
n01969	n08518
n01969	n09487
n01970	n04744
n01970	n08136
n01970	n08987
n01970	n09208
n01970	n09228
n01971	n05603
n01971	n07411
n01971	n08110
n01971	n08991
n01972	n03441
n01972	n06232
n01973	n03666
n01973	n05897
n01973	n06632
n01973	n07004
n01973	n08657
n01974	n06249
n01974	n07348
n01974	n07504
n01974	n08188
n01974	n09068
n01974	n09189
n01975	n03007
n01975	n09191
n01976	n00100
n01976	n03935
n01977	n05482
n01977	n05561
n01977	n05580
n01977	n07723
n01977	n08988
n01978	n05993
n01978	n06272
n01978	n06744
n01978	n06747
n01978	n07045
n01978	n08153
n01979	n00179
n01979	n02459
n01979	n07222
n01979	n08371
n01980	n04013
n01980	n08144
n01980	n08151
n01980	n08581
n01980	n08582
n01980	n08773
n01980	n09487
n01981	n05666
n01981	n08582
n01981	n09226
n01981	n09228
n01982	n04752
n01982	n06952
n01982	n09197
n01983	n02791
n01983	n04667
n01983	n05954
n01983	n09229
n01984	n02366
n01985	n01250
n01985	n05691
n01985	n07416
n01985	n08152
n01985	n08776
n01985	n08987
n01985	n09487
n01986	n01443
n01986	n08988
n01987	n02557
n01987	n03829
n01987	n03860
n01988	n01876
n01988	n03136
n01989	n06021
n01989	n06312
n01989	n06631
n01989	n08322
n01990	n03525
n01990	n03875
n01990	n03967
n01990	n07416
n01990	n08372
n01990	n08774
n01991	n05471
n01991	n07402
n01991	n08977
n01992	n03844
n01992	n05487
n01992	n07954
n01992	n08151
n01992	n09279
n01993	n02913
n01993	n08894
n01994	n02340
n01994	n03065
n01994	n08317
n01994	n09186
n01994	n09643
n01995	n01696
n01995	n07943
n01996	n05031
n01996	n06133
n01996	n06390
n01996	n08112
n01996	n08588
n01996	n09488
n01997	n04472
n01997	n06627
n01997	n08469
n01998	n07565
n01999	n03581
n01999	n08114
n02000	n04375
n02000	n06559
n02001	n01471
n02001	n04271
n02001	n05036
n02002	n04475
n02002	n09170
n02003	n07216
n02003	n08254
n02004	n04114
n02004	n04493
n02004	n08703
n02005	n03993
n02005	n05053
n02005	n07417
n02005	n08151
n02005	n09226
n02005	n09228
n02006	n03301
n02006	n06546
n02007	n02357
n02007	n05812
n02008	n08100
n02009	n05331
n02009	n05516
n02009	n07916
n02010	n02722
n02010	n06436
n02010	n07074
n02010	n07418
n02010	n08587
n02011	n06264
n02011	n07577
n02011	n08372
n02011	n08988
n02011	n09227
n02012	n03855
n02012	n05720
n02012	n07419
n02012	n07420
n02012	n07582
n02012	n08586
n02012	n09107
n02012	n09248
n02013	n07375
n02013	n08151
n02013	n08774
n02013	n08987
n02013	n08988
n02013	n09227
n02013	n09229
n02014	n02679
n02014	n05478
n02014	n08354
n02014	n08921
n02015	n04669
n02016	n03687
n02016	n08988
n02017	n03008
n02017	n06831
n02018	n04657
n02018	n07767
n02018	n08151
n02018	n08372
n02018	n08773
n02018	n09228
n02019	n06889
n02019	n08372
n02019	n09228
n02020	n00988
n02020	n07557
n02020	n07952
n02020	n08152
n02020	n08775
n02021	n04024
n02021	n05099
n02021	n06849
n02021	n08773
n02022	n04572
n02022	n06273
n02022	n06435
n02022	n07073
n02022	n07242
n02022	n07243
n02022	n07419
n02022	n07579
n02022	n07582
n02022	n07768
n02022	n07954
n02022	n08588
n02022	n08991
n02023	n00615
n02023	n06678
n02023	n08703
n02024	n03158
n02024	n07416
n02024	n08774
n02024	n09482
n02025	n05067
n02025	n07416
n02025	n08048
n02025	n08151
n02025	n08773
n02025	n08774
n02025	n09226
n02025	n09227
n02026	n02676
n02026	n08560
n02026	n09270
n02027	n04291
n02027	n08560
n02028	n03024
n02028	n04200
n02028	n06130
n02028	n06131
n02028	n06743
n02028	n06745
n02028	n06919
n02028	n07072
n02028	n07237
n02028	n07582
n02028	n08586
n02029	n01690
n02029	n06308
n02030	n05252
n02031	n01899
n02031	n03574
n02031	n04035
n02031	n09229
n02032	n03165
n02032	n03985
n02032	n06303
n02032	n06569
n02032	n06745
n02032	n06917
n02032	n07073
n02032	n07418
n02032	n08990
n02032	n08991
n02033	n03286
n02033	n03579
n02033	n05371
n02033	n07577
n02033	n07578
n02034	n04079
n02034	n04297
n02034	n07343
n02034	n07515
n02034	n08815
n02035	n00963
n02035	n04063
n02035	n07578
n02035	n08151
n02035	n08775
n02035	n09228
n02036	n05950
n02036	n08549
n02036	n08582
n02036	n08776
n02037	n04293
n02037	n06817
n02037	n08917
n02037	n08989
n02037	n09193
n02038	n04960
n02038	n08769
n02039	n02247
n02039	n06911
n02039	n06917
n02039	n06918
n02039	n07065
n02039	n07071
n02039	n07072
n02039	n07237
n02039	n07418
n02039	n07583
n02039	n07953
n02039	n08155
n02039	n08583
n02039	n08584
n02039	n08585
n02039	n08992
n02040	n04924
n02040	n07654
n02040	n08433
n02041	n01211
n02041	n03172
n02041	n04695
n02041	n07417
n02041	n08371
n02041	n08373
n02041	n08773
n02041	n09226
n02041	n09487
n02042	n04749
n02042	n06253
n02043	n02119
n02043	n03513
n02043	n06912
n02044	n00649
n02044	n06427
n02045	n06130
n02045	n06133
n02045	n06432
n02045	n06914
n02045	n06916
n02045	n07418
n02045	n07579
n02045	n08990
n02046	n00966
n02046	n07240
n02047	n00179
n02047	n01466
n02047	n07416
n02047	n08372
n02048	n03758
n02048	n06272
n02048	n06436
n02048	n06569
n02048	n06745
n02048	n06746
n02048	n06748
n02048	n07722
n02048	n07768
n02048	n08375
n02049	n03667
n02049	n07103
n02049	n08066
n02049	n08773
n02049	n08774
n02049	n08987
n02049	n08988
n02049	n09229
n02050	n02925
n02050	n04505
n02050	n05863
n02050	n06000
n02050	n06002
n02050	n09660
n02051	n00229
n02051	n04963
n02051	n05851
n02051	n07339
n02052	n03659
n02052	n03678
n02052	n06913
n02052	n08983
n02053	n03156
n02053	n08910
n02053	n08939
n02054	n02472
n02054	n07416
n02054	n07578
n02054	n08155
n02054	n08988
n02054	n09229
n02055	n00960
n02055	n01162
n02055	n04328
n02056	n00245
n02056	n04278
n02056	n05847
n02057	n03090
n02058	n07081
n02058	n07590
n02058	n07775
n02062	n05303
n02064	n08411
n02064	n08775
n02064	n09281
n02065	n06131
n02065	n06274
n02065	n06913
n02066	n03328
n02066	n03968
n02066	n08780
n02067	n04236
n02067	n07626
n02069	n04225
n02069	n09546
n02070	n06156
n02072	n06216
n02073	n07577
n02073	n08372
n02074	n08434
n02074	n08989
n02074	n09227
n02075	n04234
n02075	n04235
n02076	n04619
n02076	n04805
n02076	n05993
n02076	n06275
n02076	n06570
n02076	n06744
n02076	n06745
n02076	n06746
n02076	n06747
n02076	n06748
n02076	n06912
n02076	n06913
n02076	n06915
n02076	n06916
n02076	n07071
n02076	n07072
n02076	n07073
n02076	n07239
n02076	n07241
n02076	n07243
n02076	n07419
n02076	n07581
n02076	n07582
n02076	n07583
n02076	n07954
n02076	n07955
n02076	n08375
n02076	n08583
n02076	n08585
n02076	n08586
n02076	n08587
n02076	n08588
n02076	n08990
n02076	n08991
n02076	n09488
n02077	n08726
n02077	n09228
n02078	n04414
n02079	n02974
n02080	n03478
n02080	n04168
n02081	n00042
n02081	n02864
n02081	n03037
n02082	n08422
n02082	n09228
n02083	n08032
n02084	n03791
n02084	n04068
n02085	n00049
n02086	n02339
n02087	n03619
n02087	n06914
n02088	n00067
n02088	n04153
n02089	n06129
n02089	n08989
n02089	n09227
n02090	n02215
n02090	n06081
n02090	n06918
n02090	n07580
n02090	n07953
n02090	n08151
n02090	n08154
n02090	n08155
n02090	n08990
n02091	n04150
n02091	n05768
n02091	n06658
n02091	n07416
n02091	n09226
n02092	n00069
n02092	n04822
n02093	n03796
n02093	n04169
n02094	n04396
n02094	n04710
n02094	n08462
n02094	n08912
n02095	n06568
n02095	n08152
n02095	n08989
n02096	n03725
n02096	n08230
n02097	n08520
n02098	n06280
n02099	n05669
n02099	n06512
n02099	n06978
n02099	n07814
n02099	n09103
n02100	n03425
n02100	n04363
n02100	n06987
n02101	n01208
n02101	n08371
n02101	n08774
n02101	n09227
n02101	n09487
n02102	n07502
n02102	n07578
n02102	n08587
n02102	n08774
n02102	n08775
n02102	n08992
n02102	n09229
n02103	n04145
n02103	n04537
n02104	n03905
n02104	n04438
n02104	n06192
n02104	n09298
n02105	n03549
n02105	n05873
n02105	n08151
n02105	n09228
n02105	n09487
n02106	n00562
n02107	n03638
n02108	n00586
n02108	n07577
n02109	n03116
n02109	n08989
n02110	n08265
n02110	n08486
n02111	n05429
n02111	n05556
n02111	n07578
n02111	n08508
n02111	n09343
n02112	n08302
n02112	n08776
n02112	n09032
n02112	n09480
n02113	n04785
n02113	n08813
n02114	n02223
n02114	n03630
n02114	n05294
n02114	n09606
n02115	n05587
n02115	n08773
n02115	n09426
n02116	n02762
n02117	n06069
n02117	n09227
n02118	n07902
n02119	n00154
n02119	n03802
n02120	n05353
n02120	n05945
n02120	n09041
n02121	n03146
n02122	n02350
n02122	n03711
n02122	n09227
n02122	n09229
n02123	n06130
n02123	n06435
n02123	n06662
n02123	n07240
n02123	n07420
n02123	n07579
n02123	n07768
n02123	n08153
n02123	n08155
n02123	n08585
n02123	n08586
n02123	n08588
n02124	n01481
n02124	n03130
n02124	n09406
n02125	n05394
n02125	n09227
n02125	n09416
n02125	n09504
n02126	n02356
n02126	n07416
n02126	n07952
n02126	n09227
n02127	n05684
n02127	n07952
n02127	n09085
n02128	n05948
n02129	n05012
n02129	n05817
n02129	n06132
n02129	n06667
n02129	n08990
n02130	n02890
n02130	n06969
n02130	n07446
n02130	n07608
n02130	n07884
n02130	n08373
n02130	n08637
n02130	n08774
n02130	n09226
n02130	n09227
n02130	n09487
n02131	n02106
n02131	n07658
n02131	n09227
n02132	n01682
n02132	n07417
n02132	n08371
n02132	n08773
n02132	n08775
n02132	n08987
n02132	n08988
n02132	n09226
n02133	n05035
n02133	n06542
n02134	n07572
n02134	n07767
n02134	n07952
n02134	n08371
n02134	n08373
n02134	n08773
n02134	n09228
n02135	n03504
n02135	n03589
n02135	n08773
n02135	n09227
n02136	n06116
n02136	n07577
n02137	n02568
n02137	n06686
n02138	n03219
n02138	n06528
n02138	n07220
n02139	n08325
n02139	n08551
n02139	n08585
n02139	n09488
n02140	n02236
n02140	n06443
n02140	n07741
n02140	n07963
n02141	n01234
n02141	n05922
n02142	n05159
n02142	n06233
n02142	n08581
n02142	n08987
n02143	n01699
n02144	n05043
n02144	n06871
n02145	n06098
n02145	n07577
n02145	n07767
n02145	n08152
n02145	n08775
n02145	n08988
n02145	n09226
n02145	n09229
n02145	n09487
n02146	n04935
n02146	n07016
n02147	n01702
n02147	n08576
n02148	n02237
n02148	n04296
n02148	n09404
n02149	n02797
n02150	n05700
n02150	n08371
n02150	n08372
n02150	n08373
n02150	n08705
n02150	n08774
n02150	n08988
n02150	n09227
n02151	n04754
n02151	n07416
n02151	n07417
n02151	n07767
n02151	n07952
n02151	n08151
n02151	n08582
n02151	n08773
n02151	n08775
n02151	n09226
n02152	n04847
n02153	n01471
n02153	n04388
n02154	n03851
n02154	n06726
n02154	n06911
n02154	n07071
n02154	n07583
n02154	n07955
n02154	n08154
n02154	n08374
n02155	n02233
n02155	n03408
n02155	n05140
n02155	n07183
n02155	n07577
n02155	n08241
n02155	n08372
n02155	n08989
n02156	n02809
n02156	n04018
n02156	n05268
n02157	n00526
n02157	n00555
n02158	n00563
n02159	n00957
n02159	n04647
n02159	n07416
n02159	n08775
n02160	n03928
n02160	n05814
n02161	n08371
n02161	n08581
n02161	n08987
n02162	n06515
n02162	n09171
n02164	n06569
n02164	n06570
n02164	n06913
n02164	n07237
n02164	n07476
n02164	n07583
n02164	n08154
n02164	n08990
n02164	n09673
n02165	n03934
n02165	n03951
n02165	n08151
n02165	n08371
n02165	n08773
n02165	n08987
n02166	n04658
n02166	n05589
n02166	n06435
n02167	n04379
n02167	n08494
n02167	n09418
n02168	n05049
n02168	n07392
n02169	n02905
n02169	n07952
n02169	n08152
n02169	n08372
n02169	n08581
n02169	n08774
n02169	n09226
n02170	n04192
n02170	n08700
n02171	n02257
n02171	n02670
n02172	n06771
n02172	n08474
n02172	n08595
n02173	n00522
n02173	n02538
n02173	n05598
n02173	n07416
n02173	n07577
n02173	n07767
n02173	n08152
n02173	n08372
n02173	n08582
n02173	n08773
n02173	n08774
n02173	n08987
n02173	n08988
n02173	n09227
n02174	n03825
n02174	n05054
n02174	n08817
n02175	n03022
n02175	n04092
n02176	n05735
n02176	n06104
n02176	n08372
n02176	n08773
n02177	n04312
n02177	n04398
n02177	n04765
n02177	n04773
n02177	n05859
n02177	n06132
n02177	n06570
n02177	n06926
n02177	n07074
n02177	n07240
n02177	n07243
n02177	n09689
n02178	n04290
n02178	n07011
n02178	n08152
n02178	n08988
n02178	n09167
n02179	n04094
n02179	n04578
n02179	n08773
n02180	n03597
n02180	n05972
n02181	n03583
n02181	n06273
n02181	n06275
n02181	n06911
n02181	n08049
n02181	n09588
n02182	n03147
n02182	n04885
n02182	n07417
n02182	n07578
n02182	n08987
n02182	n09226
n02182	n09228
n02183	n06240
n02183	n06269
n02184	n08108
n02185	n02786
n02185	n08998
n02185	n09499
n02186	n03937
n02186	n06586
n02186	n07986
n02186	n08681
n02187	n03381
n02187	n06394
n02187	n08745
n02188	n00953
n02188	n01450
n02188	n03214
n02188	n03730
n02188	n07952
n02188	n08988
n02189	n06543
n02189	n07577
n02189	n07952
n02189	n08371
n02189	n08582
n02190	n03850
n02190	n06913
n02190	n07072
n02190	n07074
n02190	n07237
n02190	n07581
n02190	n07953
n02190	n08153
n02190	n08374
n02190	n08587
n02190	n09488
n02191	n04960
n02191	n07577
n02191	n07578
n02191	n07952
n02191	n08371
n02191	n08372
n02191	n08774
n02191	n08775
n02191	n08987
n02192	n04581
n02192	n05142
n02192	n08583
n02193	n07501
n02193	n07665
n02193	n08331
n02193	n08907
n02193	n09159
n02193	n09445
n02194	n02097
n02194	n08199
n02194	n08990
n02195	n05362
n02195	n05629
n02195	n07284
n02195	n09212
n02195	n09228
n02196	n04373
n02196	n05707
n02196	n07034
n02196	n08743
n02196	n09365
n02196	n09638
n02197	n03234
n02197	n03954
n02197	n04218
n02197	n04510
n02197	n05986
n02197	n08153
n02197	n08582
n02198	n00167
n02198	n07910
n02198	n08141
n02198	n08989
n02198	n09227
n02199	n02114
n02200	n02689
n02200	n06659
n02200	n09286
n02201	n00648
n02201	n05010
n02201	n05066
n02202	n07188
n02203	n04937
n02203	n08086
n02204	n07581
n02204	n07767
n02204	n08583
n02204	n09396
n02205	n02843
n02206	n06578
n02206	n08592
n02206	n08597
n02207	n02849
n02208	n07101
n02208	n08380
n02209	n07840
n02210	n03703
n02211	n03891
n02211	n07071
n02211	n07580
n02211	n07776
n02212	n05093
n02212	n07256
n02212	n08387
n02213	n06671
n02214	n08470
n02215	n01870
n02215	n06130
n02216	n03544
n02216	n07771
n02216	n08371
n02216	n08987
n02216	n09487
n02217	n05435
n02217	n06499
n02217	n08151
n02217	n08991
n02217	n08999
n02217	n09228
n02218	n08238
n02218	n08582
n02218	n09229
n02219	n05852
n02219	n06130
n02219	n06131
n02219	n06132
n02219	n06133
n02219	n06272
n02219	n06273
n02219	n06274
n02219	n06275
n02219	n06435
n02219	n06436
n02219	n06569
n02219	n06743
n02219	n06744
n02219	n06746
n02219	n06747
n02219	n06748
n02219	n06749
n02219	n06912
n02219	n06913
n02219	n06914
n02219	n06919
n02219	n07073
n02219	n07236
n02219	n07237
n02219	n07238
n02219	n07239
n02219	n07240
n02219	n07241
n02219	n07243
n02219	n07244
n02219	n07579
n02219	n07581
n02219	n07768
n02219	n07953
n02219	n08585
n02219	n08586
n02219	n08587
n02219	n08992
n02220	n02339
n02221	n00020
n02221	n00904
n02222	n03976
n02223	n06800
n02224	n02081
n02225	n04638
n02225	n05326
n02225	n06186
n02226	n09309
n02226	n09595
n02227	n01177
n02227	n02534
n02228	n01206
n02229	n00562
n02230	n02998
n02230	n09029
n02231	n00917
n02231	n03333
n02231	n09014
n02232	n03254
n02232	n08686
n02233	n04063
n02233	n05916
n02233	n09227
n02234	n01679
n02234	n08987
n02235	n02219
n02235	n06570
n02235	n06915
n02235	n07419
n02235	n07420
n02235	n07955
n02236	n04401
n02236	n06365
n02236	n08403
n02237	n08370
n02237	n08371
n02237	n08373
n02237	n09227
n02238	n09108
n02238	n09618
n02239	n01193
n02239	n05115
n02240	n07883
n02240	n08723
n02241	n06239
n02242	n02093
n02243	n02979
n02243	n05108
n02243	n06799
n02243	n09342
n02244	n06519
n02244	n06995
n02244	n07892
n02245	n01446
n02245	n04421
n02245	n08371
n02246	n01864
n02246	n01873
n02246	n05721
n02247	n02661
n02247	n08374
n02248	n02764
n02248	n07417
n02248	n07577
n02248	n07767
n02248	n08581
n02248	n09228
n02248	n09229
n02249	n05464
n02250	n02763
n02250	n07495
n02250	n09483
n02250	n09488
n02251	n05032
n02251	n05852
n02251	n05993
n02251	n06133
n02251	n06569
n02251	n06570
n02251	n06917
n02251	n07072
n02251	n07240
n02251	n08584
n02251	n08585
n02251	n09488
n02252	n03754
n02252	n08152
n02253	n03199
n02253	n05145
n02253	n05762
n02254	n00924
n02254	n09227
n02255	n00202
n02255	n01671
n02255	n05342
n02256	n00580
n02256	n08987
n02257	n03226
n02258	n07416
n02258	n08371
n02258	n08373
n02258	n08582
n02258	n08773
n02258	n08774
n02258	n08989
n02258	n09226
n02258	n09227
n02258	n09228
n02258	n09555
n02259	n07897
n02260	n05455
n02260	n06991
n02260	n08855
n02261	n02221
n02261	n03573
n02261	n05129
n02262	n00099
n02262	n02879
n02262	n08152
n02263	n00589
n02263	n05445
n02264	n04365
n02265	n04918
n02265	n05272
n02265	n08584
n02266	n07739
n02266	n08564
n02266	n09210
n02267	n02795
n02268	n06130
n02268	n06275
n02268	n06435
n02268	n06436
n02268	n06745
n02268	n06749
n02268	n06911
n02268	n06915
n02268	n06917
n02268	n06919
n02268	n07074
n02268	n07236
n02268	n07237
n02268	n07239
n02268	n07954
n02268	n08197
n02268	n08374
n02268	n08583
n02268	n08585
n02268	n08587
n02268	n09488
n02269	n06378
n02269	n07673
n02269	n08773
n02269	n09487
n02270	n02445
n02270	n03247
n02270	n06743
n02271	n03432
n02271	n05229
n02271	n06298
n02272	n02565
n02272	n03532
n02272	n04374
n02272	n06065
n02272	n09534
n02273	n04400
n02273	n04670
n02273	n05905
n02274	n04548
n02274	n05486
n02275	n04566
n02275	n05926
n02275	n06645
n02275	n07416
n02275	n08371
n02275	n08581
n02275	n08582
n02275	n08774
n02275	n09227
n02275	n09228
n02275	n09229
n02276	n04372
n02276	n05976
n02276	n06916
n02277	n04377
n02277	n06273
n02277	n06536
n02277	n07073
n02277	n08153
n02277	n08155
n02277	n08587
n02277	n09413
n02277	n09488
n02278	n06132
n02278	n06274
n02278	n06571
n02278	n06646
n02278	n06745
n02278	n06916
n02278	n06917
n02278	n07071
n02278	n07244
n02278	n07768
n02278	n08374
n02278	n08588
n02279	n06718
n02279	n07579
n02279	n07844
n02279	n07953
n02279	n08154
n02279	n08155
n02279	n08375
n02279	n08588
n02279	n08992
n02280	n02677
n02280	n06911
n02280	n06915
n02280	n07238
n02280	n07243
n02280	n07583
n02280	n08154
n02280	n08587
n02280	n08991
n02281	n05699
n02281	n05838
n02281	n09227
n02282	n03913
n02282	n05801
n02282	n06188
n02282	n07289
n02282	n07468
n02282	n09112
n02283	n01464
n02283	n04207
n02283	n07203
n02283	n07767
n02283	n08775
n02283	n09228
n02284	n03501
n02284	n07767
n02284	n08093
n02284	n08989
n02285	n04093
n02285	n05993
n02285	n06274
n02285	n06748
n02285	n07074
n02285	n07243
n02285	n07418
n02285	n07579
n02285	n07581
n02285	n08124
n02285	n08153
n02285	n08584
n02286	n05827
n02287	n04954
n02287	n09707
n02288	n00630
n02289	n03553
n02290	n07577
n02290	n08151
n02290	n08152
n02290	n08372
n02290	n08581
n02290	n08775
n02290	n08989
n02290	n09228
n02291	n02892
n02291	n08581
n02291	n08582
n02291	n08987
n02291	n09228
n02292	n03433
n02292	n07039
n02293	n05120
n02293	n05347
n02293	n07071
n02293	n07072
n02293	n08371
n02293	n08751
n02293	n08991
n02293	n08992
n02294	n03023
n02294	n05836
n02295	n06535
n02295	n09572
n02296	n05266
n02296	n07534
n02297	n04166
n02297	n04185
n02297	n05070
n02297	n07845
n02297	n08582
n02298	n02922
n02298	n05834
n02298	n09216
n02299	n05963
n02299	n07365
n02299	n07542
n02299	n07578
n02299	n08151
n02299	n09227
n02300	n03914
n02300	n06742
n02300	n08152
n02300	n08371
n02300	n08373
n02300	n08774
n02300	n08989
n02301	n07416
n02301	n07556
n02301	n07724
n02301	n08582
n02301	n08988
n02301	n09571
n02302	n02500
n02302	n08187
n02303	n02244
n02303	n06428
n02303	n08097
n02303	n08992
n02304	n03443
n02304	n07071
n02304	n07609
n02305	n03080
n02305	n09465
n02306	n05789
n02306	n08149
n02307	n03303
n02307	n05586
n02308	n03930
n02308	n09059
n02308	n09150
n02309	n03147
n02309	n07227
n02309	n07925
n02309	n08372
n02309	n09487
n02310	n03589
n02310	n04485
n02310	n08581
n02310	n08775
n02310	n09226
n02311	n04586
n02311	n05482
n02311	n08371
n02311	n08987
n02312	n03125
n02312	n06400
n02312	n06960
n02312	n08152
n02312	n08311
n02312	n08774
n02312	n08987
n02313	n04947
n02313	n05528
n02313	n08774
n02313	n09457
n02314	n00187
n02314	n00589
n02315	n00197
n02316	n03152
n02316	n08407
n02317	n04171
n02317	n07206
n02318	n02914
n02318	n03218
n02318	n03879
n02318	n08371
n02318	n08373
n02319	n05490
n02319	n06933
n02320	n04500
n02320	n07400
n02320	n07952
n02320	n08776
n02320	n09226
n02321	n00157
n02321	n05432
n02322	n00621
n02323	n00634
n02324	n07075
n02325	n07962
n02325	n09226
n02326	n07260
n02327	n01164
n02328	n01164
n02329	n03524
n02330	n05092
n02330	n07440
n02331	n02742
n02331	n02973
n02332	n05288
n02333	n02862
n02334	n09328
n02335	n02747
n02336	n06272
n02336	n06275
n02336	n07071
n02336	n07582
n02336	n07583
n02336	n07955
n02336	n08195
n02336	n08649
n02337	n03329
n02338	n06157
n02338	n09018
n02339	n00021
n02339	n00050
n02339	n00551
n02339	n01439
n02339	n02078
n02340	n07230
n02340	n07239
n02340	n07955
n02341	n05796
n02341	n06275
n02341	n06570
n02341	n06912
n02341	n07240
n02342	n05630
n02342	n08043
n02342	n09044
n02343	n04534
n02343	n05760
n02344	n05303
n02345	n04808
n02346	n03346
n02346	n06999
n02347	n03477
n02347	n08610
n02348	n04906
n02348	n09311
n02349	n05759
n02349	n06771
n02349	n07978
n02350	n01665
n02350	n04256
n02350	n08987
n02351	n02650
n02351	n02984
n02351	n03569
n02352	n04456
n02352	n07622
n02352	n08152
n02353	n09647
n02354	n03480
n02354	n06275
n02354	n07237
n02355	n01194
n02355	n09227
n02356	n05785
n02356	n08582
n02356	n08774
n02356	n08987
n02356	n09226
n02357	n06362
n02358	n06273
n02358	n07582
n02358	n08583
n02358	n08724
n02358	n09006
n02359	n01683
n02359	n07577
n02359	n08151
n02359	n08371
n02359	n08373
n02359	n08987
n02359	n08988
n02360	n05931
n02360	n09143
n02361	n06683
n02361	n08815
n02362	n06243
n02362	n09380
n02363	n03989
n02363	n07685
n02363	n08581
n02363	n08582
n02364	n02090
n02364	n02336
n02364	n05852
n02364	n07768
n02364	n08583
n02364	n08584
n02365	n05254
n02365	n08094
n02365	n08582
n02366	n00158
n02366	n04633
n02366	n07226
n02367	n03294
n02367	n05291
n02367	n08261
n02367	n08371
n02367	n08775
n02367	n09227
n02368	n03512
n02368	n07577
n02368	n07578
n02368	n07767
n02368	n08151
n02368	n08775
n02368	n08776
n02368	n08988
n02369	n06732
n02369	n07675
n02370	n02673
n02370	n08698
n02370	n09448
n02371	n02569
n02371	n09624
n02372	n07949
n02372	n08152
n02372	n08776
n02372	n08854
n02372	n09229
n02373	n06891
n02373	n07195
n02373	n08942
n02374	n05958
n02374	n06507
n02375	n07329
n02375	n09226
n02376	n05608
n02376	n07564
n02376	n07580
n02376	n07583
n02376	n08375
n02376	n08585
n02376	n08587
n02376	n09488
n02377	n05267
n02377	n08475
n02377	n09394
n02378	n02925
n02378	n06650
n02379	n02100
n02379	n03797
n02379	n06660
n02379	n09383
n02380	n08346
n02381	n03746
n02381	n04268
n02381	n05936
n02381	n07917
n02382	n05262
n02382	n08151
n02382	n08774
n02383	n02464
n02383	n06745
n02383	n07236
n02383	n07420
n02383	n07732
n02383	n08375
n02383	n08992
n02384	n08646
n02384	n09398
n02386	n02496
n02386	n07345
n02386	n08155
n02386	n08992
n02387	n01213
n02388	n04006
n02388	n04648
n02389	n06095
n02389	n06681
n02389	n07125
n02389	n08773
n02389	n08775
n02389	n08987
n02389	n08988
n02389	n08989
n02390	n03930
n02390	n04661
n02390	n08135
n02391	n03677
n02391	n09485
n02392	n03594
n02392	n07578
n02392	n08372
n02392	n08581
n02392	n08582
n02392	n09226
n02392	n09227
n02392	n09228
n02392	n09229
n02392	n09487
n02393	n04115
n02393	n07252
n02393	n07391
n02395	n04116
n02395	n07578
n02395	n07952
n02395	n08151
n02395	n08371
n02395	n08373
n02395	n08582
n02395	n09228
n02395	n09229
n02395	n09536
n02396	n07334
n02397	n07933
n02397	n07952
n02397	n08152
n02397	n08776
n02397	n09227
n02397	n09228
n02398	n02884
n02398	n04714
n02398	n08579
n02398	n08773
n02398	n08987
n02398	n09226
n02398	n09228
n02399	n05369
n02399	n06274
n02399	n06435
n02399	n06912
n02399	n07583
n02399	n07709
n02400	n03429
n02401	n06436
n02401	n06569
n02401	n06700
n02401	n07240
n02401	n07372
n02401	n07955
n02401	n08153
n02401	n08588
n02402	n05373
n02402	n06102
n02402	n06131
n02402	n06436
n02402	n06569
n02402	n06913
n02402	n06918
n02402	n07074
n02402	n07239
n02402	n07243
n02402	n07418
n02402	n07581
n02402	n07954
n02402	n08155
n02402	n08585
n02403	n04121
n02403	n07061
n02403	n07838
n02404	n06564
n02404	n08338
n02405	n04301
n02405	n04463
n02405	n07955
n02405	n08153
n02406	n02923
n02406	n03151
n02407	n04113
n02407	n04979
n02407	n08851
n02407	n09539
n02408	n02239
n02408	n06724
n02409	n03089
n02409	n08090
n02410	n06226
n02410	n06411
n02411	n07067
n02411	n08866
n02412	n00605
n02412	n05612
n02412	n09229
n02413	n02575
n02413	n05147
n02413	n06513
n02413	n08582
n02413	n08989
n02413	n09229
n02414	n09214
n02415	n00961
n02416	n03249
n02417	n05715
n02417	n05716
n02417	n06923
n02418	n06134
n02419	n07260
n02420	n07962
n02420	n09226
n02421	n00001
n02421	n00523
n02421	n00890
n02422	n07962
n02422	n09226
n02423	n02324
n02423	n02845
n02423	n03095
n02423	n04217
n02423	n04221
n02424	n03182
n02424	n04513
n02424	n04985
n02424	n05734
n02424	n08774
n02425	n01659
n02426	n03871
n02427	n07644
n02428	n06156
n02429	n06952
n02430	n03401
n02431	n06798
n02431	n07480
n02432	n05141
n02433	n03524
n02434	n02081
n02434	n03100
n02435	n02752
n02435	n04427
n02436	n04140
n02436	n08151
n02437	n08432
n02438	n05870
n02438	n06130
n02438	n07240
n02438	n07581
n02438	n08583
n02438	n09229
n02439	n06620
n02439	n08371
n02439	n08373
n02439	n08582
n02439	n08774
n02440	n03748
n02440	n04631
n02441	n05852
n02441	n06275
n02441	n06436
n02441	n06569
n02441	n06748
n02441	n06911
n02441	n06914
n02441	n06915
n02441	n06917
n02441	n06919
n02441	n07072
n02441	n07238
n02441	n07239
n02441	n07243
n02441	n07244
n02441	n07418
n02441	n07420
n02441	n07582
n02441	n07768
n02441	n07953
n02441	n08584
n02441	n08585
n02442	n00550
n02443	n04800
n02443	n06035
n02444	n03552
n02445	n03623
n02446	n02641
n02446	n07458
n02447	n09594
n02448	n03124
n02448	n03727
n02449	n08177
n02449	n08988
n02450	n06799
n02451	n02442
n02451	n03042
n02451	n06520
n02452	n08466
n02453	n05120
n02453	n06435
n02453	n07239
n02453	n07580
n02453	n07953
n02453	n08155
n02453	n08990
n02453	n08992
n02454	n05339
n02454	n06183
n02454	n08812
n02455	n01680
n02455	n08375
n02455	n08583
n02456	n02890
n02456	n06969
n02456	n07446
n02456	n07608
n02456	n07884
n02456	n07952
n02456	n08373
n02456	n08773
n02456	n08774
n02456	n09487
n02457	n03823
n02457	n09229
n02457	n09487
n02458	n04360
n02458	n07578
n02458	n08151
n02458	n08371
n02458	n08581
n02458	n08582
n02458	n08773
n02458	n08987
n02458	n08988
n02459	n02427
n02459	n03919
n02459	n08372
n02459	n08581
n02460	n03493
n02460	n06748
n02460	n06918
n02460	n08087
n02461	n04383
n02461	n07824
n02462	n07888
n02463	n07454
n02463	n08264
n02464	n02986
n02464	n07335
n02465	n08152
n02465	n08773
n02465	n08774
n02465	n08987
n02465	n08988
n02466	n06360
n02466	n07182
n02467	n07000
n02467	n08931
n02469	n00162
n02469	n08533
n02469	n09568
n02470	n04461
n02470	n07627
n02471	n03125
n02471	n06865
n02472	n03821
n02473	n06560
n02473	n07022
n02473	n07618
n02473	n08062
n02474	n03996
n02474	n06571
n02474	n06911
n02474	n06916
n02474	n07583
n02474	n08583
n02474	n08992
n02475	n07416
n02475	n08371
n02475	n08373
n02475	n08776
n02475	n09162
n02476	n05810
n02476	n09213
n02477	n01685
n02477	n05037
n02478	n03067
n02479	n03208
n02479	n03649
n02479	n06415
n02479	n07072
n02479	n07242
n02479	n08586
n02480	n07240
n02480	n07693
n02480	n08736
n02480	n09696
n02481	n06274
n02481	n06705
n02481	n07578
n02481	n08272
n02481	n08371
n02481	n08373
n02481	n08776
n02481	n09227
n02481	n09229
n02482	n03771
n02482	n05852
n02482	n06132
n02482	n06275
n02482	n06517
n02482	n06569
n02482	n06745
n02482	n07236
n02482	n07244
n02482	n07954
n02482	n07955
n02482	n08583
n02482	n08989
n02483	n03760
n02483	n08958
n02483	n09076
n02484	n04475
n02484	n07250
n02484	n09065
n02485	n05852
n02485	n05993
n02485	n06569
n02485	n06698
n02485	n06748
n02485	n06749
n02485	n06912
n02485	n06913
n02485	n06917
n02485	n07074
n02485	n07237
n02485	n07239
n02485	n07241
n02485	n07419
n02485	n07955
n02485	n08374
n02485	n08583
n02485	n08588
n02485	n09488
n02486	n03342
n02486	n03413
n02486	n05215
n02486	n07578
n02487	n03691
n02488	n02997
n02488	n07577
n02488	n08371
n02488	n08373
n02488	n08581
n02488	n08582
n02488	n08989
n02488	n09227
n02489	n03713
n02489	n04117
n02489	n07521
n02489	n07944
n02489	n08372
n02489	n08988
n02489	n09064
n02490	n02758
n02490	n03119
n02490	n03739
n02490	n04085
n02490	n04635
n02491	n03242
n02491	n09684
n02492	n04301
n02492	n04372
n02492	n04484
n02492	n08755
n02492	n09705
n02493	n04302
n02493	n06110
n02493	n07341
n02494	n05604
n02494	n06812
n02494	n07734
n02495	n06912
n02495	n07386
n02496	n07867
n02496	n07954
n02496	n08583
n02497	n03641
n02497	n07116
n02497	n07416
n02497	n07767
n02497	n07952
n02497	n08151
n02498	n00065
n02498	n07577
n02498	n08151
n02498	n08774
n02498	n09226
n02499	n00564
n02499	n05570
n02499	n08722
n02500	n08561
n02501	n03427
n02501	n04227
n02502	n05613
n02502	n07405
n02503	n01907
n02503	n09209
n02504	n05969
n02504	n05993
n02504	n06130
n02504	n06133
n02504	n06273
n02504	n06275
n02504	n06569
n02504	n06570
n02504	n06571
n02504	n06745
n02504	n06747
n02504	n06911
n02504	n06919
n02504	n07071
n02504	n07073
n02504	n07237
n02504	n07240
n02504	n07241
n02504	n07579
n02504	n07955
n02504	n08586
n02504	n08992
n02505	n06236
n02505	n06272
n02505	n06435
n02505	n06569
n02505	n06746
n02505	n06749
n02505	n06911
n02505	n06913
n02505	n06914
n02505	n07074
n02505	n07236
n02505	n07241
n02505	n07243
n02505	n07418
n02505	n07420
n02505	n07581
n02505	n07583
n02505	n07953
n02505	n08374
n02505	n08583
n02505	n08584
n02505	n08588
n02506	n03904
n02506	n07057
n02506	n07239
n02506	n09071
n02507	n04028
n02507	n07417
n02507	n07639
n02507	n08371
n02507	n08372
n02508	n04014
n02508	n07544
n02509	n01469
n02509	n02879
n02509	n02968
n02509	n07577
n02509	n08585
n02509	n08776
n02509	n08987
n02509	n09226
n02509	n09587
n02510	n07416
n02510	n08774
n02510	n08775
n02510	n08928
n02510	n09227
n02511	n07028
n02511	n07394
n02512	n04487
n02513	n02368
n02513	n08372
n02513	n09226
n02513	n09487
n02513	n09591
n02514	n07363
n02514	n08952
n02515	n01233
n02515	n07013
n02515	n08218
n02515	n09229
n02516	n00596
n02516	n07952
n02516	n08152
n02517	n01203
n02517	n07751
n02517	n08132
n02518	n03374
n02518	n08982
n02519	n03765
n02519	n09226
n02520	n04746
n02520	n09676
n02521	n05368
n02521	n06422
n02521	n08372
n02522	n04870
n02522	n05828
n02523	n07747
n02523	n07952
n02523	n08151
n02523	n08582
n02523	n08775
n02523	n08988
n02523	n09226
n02524	n07767
n02524	n09677
n02525	n03061
n02525	n04492
n02525	n08741
n02526	n04465
n02526	n09471
n02527	n06884
n02528	n03773
n02528	n06131
n02528	n06916
n02528	n06918
n02528	n07242
n02528	n08155
n02528	n08357
n02528	n08992
n02528	n09305
n02529	n06258
n02530	n07021
n02530	n07577
n02530	n07952
n02530	n08582
n02530	n08773
n02530	n08776
n02530	n08987
n02530	n09227
n02530	n09228
n02530	n09229
n02531	n01464
n02531	n07177
n02531	n08372
n02531	n08581
n02531	n08776
n02531	n08988
n02531	n08989
n02531	n09226
n02531	n09229
n02531	n09245
n02532	n00234
n02532	n00235
n02533	n06134
n02534	n04777
n02534	n05086
n02534	n06154
n02534	n06589
n02535	n07433
n02536	n06134
n02537	n04865
n02537	n05090
n02537	n05197
n02537	n07416
n02537	n07417
n02537	n08806
n02537	n09270
n02538	n08389
n02538	n09237
n02539	n05194
n02539	n09227
n02540	n03327
n02540	n03392
n02540	n05727
n02542	n08797
n02543	n06449
n02544	n02862
n02545	n04228
n02546	n03641
n02546	n08582
n02546	n08989
n02546	n09228
n02546	n09487
n02547	n03971
n02548	n06965
n02549	n03872
n02549	n04870
n02550	n03331
n02550	n04231
n02551	n06749
n02551	n06912
n02551	n06913
n02551	n06914
n02551	n07038
n02551	n07236
n02551	n07238
n02551	n07243
n02551	n07579
n02551	n07581
n02551	n07954
n02551	n08584
n02551	n08588
n02551	n08991
n02552	n00926
n02552	n01183
n02552	n01197
n02552	n02335
n02552	n09487
n02553	n04074
n02553	n08581
n02554	n07416
n02554	n07417
n02554	n07577
n02554	n07952
n02554	n08773
n02554	n09229
n02555	n04538
n02555	n07578
n02556	n03793
n02556	n09327
n02557	n07134
n02558	n03476
n02558	n06130
n02558	n06132
n02558	n06274
n02558	n06743
n02558	n06911
n02558	n06914
n02558	n06915
n02558	n06919
n02558	n07236
n02558	n07583
n02558	n08153
n02558	n08587
n02559	n05777
n02559	n07952
n02559	n08485
n02560	n07577
n02560	n08372
n02561	n03789
n02562	n00545
n02562	n00561
n02562	n00584
n02563	n03800
n02563	n04439
n02563	n07130
n02563	n07416
n02564	n05336
n02565	n03114
n02565	n03537
n02565	n03648
n02565	n05888
n02566	n07186
n02567	n03902
n02567	n05932
n02567	n09232
n02567	n09487
n02568	n08775
n02568	n09044
n02569	n04453
n02569	n06668
n02569	n07352
n02570	n08077
n02570	n08613
n02570	n09047
n02571	n08050
n02571	n08585
n02571	n09385
n02572	n05158
n02572	n06217
n02572	n08626
n02573	n00580
n02574	n01208
n02574	n07767
n02574	n08774
n02574	n09487
n02575	n07175
n02575	n07416
n02575	n08774
n02576	n01193
n02576	n05115
n02577	n05453
n02577	n09160
n02578	n02343
n02578	n04701
n02578	n06173
n02579	n04171
n02580	n04547
n02580	n04549
n02580	n04855
n02580	n05652
n02581	n07762
n02581	n07952
n02581	n08582
n02581	n08773
n02581	n08774
n02581	n08987
n02581	n08988
n02581	n08989
n02582	n07417
n02582	n07577
n02582	n07578
n02582	n07767
n02582	n07952
n02582	n08152
n02582	n08371
n02582	n08372
n02582	n08373
n02582	n08581
n02582	n08582
n02582	n08774
n02582	n08775
n02582	n08988
n02582	n09226
n02582	n09227
n02582	n09487
n02583	n04620
n02583	n05119
n02583	n06682
n02583	n07420
n02583	n07953
n02584	n04628
n02584	n08030
n02584	n08421
n02584	n08730
n02585	n02782
n02585	n06131
n02585	n06435
n02585	n06570
n02585	n06571
n02585	n06911
n02585	n07237
n02585	n07580
n02585	n07582
n02585	n08583
n02585	n08584
n02585	n08585
n02585	n08587
n02586	n03004
n02586	n04852
n02587	n06535
n02587	n07539
n02588	n06888
n02588	n08236
n02589	n04752
n02590	n03005
n02590	n07578
n02590	n07767
n02590	n08581
n02590	n09227
n02591	n05163
n02591	n06132
n02591	n06274
n02591	n06435
n02591	n06570
n02591	n06749
n02591	n07072
n02591	n07074
n02591	n07242
n02591	n07418
n02591	n07954
n02592	n00979
n02592	n03670
n02593	n03221
n02593	n04559
n02593	n07393
n02593	n07767
n02593	n08774
n02594	n05261
n02594	n07046
n02594	n07768
n02594	n08566
n02594	n08584
n02595	n06105
n02595	n06268
n02596	n08344
n02596	n08776
n02596	n09460
n02597	n05811
n02597	n05852
n02597	n06130
n02597	n06743
n02597	n06749
n02597	n06912
n02597	n06913
n02597	n06916
n02597	n06917
n02597	n07071
n02597	n07074
n02597	n07237
n02597	n07239
n02597	n07579
n02597	n07582
n02597	n07583
n02597	n08153
n02597	n08154
n02597	n08374
n02597	n08375
n02597	n08588
n02597	n08991
n02597	n08992
n02598	n06130
n02598	n06132
n02598	n06133
n02598	n06272
n02598	n06275
n02598	n06435
n02598	n06570
n02598	n06745
n02598	n06746
n02598	n06749
n02598	n06911
n02598	n06912
n02598	n06918
n02598	n06919
n02598	n07072
n02598	n07236
n02598	n07237
n02598	n07239
n02598	n07240
n02598	n07241
n02598	n07242
n02598	n07244
n02598	n07579
n02598	n07581
n02598	n07582
n02598	n07583
n02598	n07953
n02598	n08153
n02598	n08375
n02598	n08583
n02598	n08585
n02598	n08587
n02598	n08588
n02598	n08992
n02598	n09488
n02599	n00892
n02599	n01440
n02599	n07577
n02599	n08152
n02599	n08582
n02599	n08774
n02599	n09228
n02600	n06834
n02600	n07416
n02600	n07591
n02600	n08582
n02600	n08988
n02600	n09227
n02601	n03358
n02602	n01683
n02602	n08151
n02602	n08152
n02602	n08371
n02602	n08373
n02602	n08478
n02602	n08776
n02603	n03014
n02603	n06130
n02603	n06748
n02603	n07072
n02603	n07237
n02603	n07238
n02603	n07239
n02603	n07241
n02603	n07418
n02603	n07580
n02603	n08155
n02603	n08375
n02603	n08584
n02603	n08585
n02604	n01328
n02604	n08024
n02604	n09043
n02605	n07416
n02605	n07720
n02605	n07952
n02605	n08774
n02605	n08775
n02605	n09631
n02606	n02352
n02606	n08027
n02606	n08988
n02607	n04298
n02607	n07924
n02608	n08155
n02608	n08341
n02608	n09413
n02609	n04942
n02609	n07389
n02609	n07417
n02609	n09228
n02610	n06394
n02610	n07378
n02611	n03756
n02611	n04037
n02611	n07582
n02611	n08089
n02611	n08151
n02611	n08581
n02612	n03366
n02612	n08299
n02612	n08654
n02612	n08774
n02613	n03448
n02613	n08076
n02614	n04160
n02614	n06793
n02615	n04738
n02615	n08774
n02615	n08988
n02615	n08989
n02615	n09226
n02616	n08334
n02616	n08766
n02616	n09182
n02617	n07549
n02618	n04664
n02618	n07400
n02618	n07417
n02618	n08988
n02618	n08989
n02619	n00236
n02619	n05338
n02619	n06026
n02619	n06571
n02619	n06744
n02619	n08586
n02620	n06248
n02620	n09010
n02620	n09660
n02621	n06874
n02622	n04663
n02623	n00610
n02623	n08988
n02624	n03500
n02624	n04762
n02624	n06266
n02625	n03382
n02625	n06869
n02625	n07185
n02627	n00168
n02627	n04607
n02627	n06017
n02627	n09227
n02628	n02562
n02628	n05965
n02629	n03432
n02629	n08140
n02630	n08914
n02630	n09195
n02630	n09228
n02631	n07416
n02631	n07417
n02631	n07578
n02631	n07767
n02631	n08151
n02631	n08581
n02631	n08582
n02631	n08776
n02631	n08987
n02631	n08988
n02631	n08989
n02631	n09227
n02631	n09228
n02631	n09487
n02632	n00299
n02633	n07417
n02633	n07767
n02633	n07952
n02633	n08152
n02633	n08581
n02633	n08775
n02633	n08989
n02633	n09229
n02634	n07577
n02635	n02739
n02635	n03097
n02635	n03251
n02635	n03395
n02635	n03459
n02636	n05731
n02636	n06282
n02636	n08373
n02636	n08412
n02637	n06156
n02638	n03398
n02639	n07101
n02639	n08380
n02640	n03182
n02640	n04513
n02640	n04985
n02640	n05734
n02640	n08774
n02641	n08192
n02641	n08773
n02641	n09020
n02642	n00034
n02642	n00544
n02642	n01672
n02643	n08371
n02643	n08373
n02643	n08400
n02643	n09515
n02644	n05303
n02645	n03128
n02646	n04716
n02646	n07768
n02646	n08586
n02647	n03260
n02647	n05306
n02648	n04518
n02648	n05282
n02648	n05518
n02649	n03607
n02649	n05758
n02649	n08776
n02650	n05116
n02651	n08028
n02651	n09227
n02652	n07836
n02652	n07955
n02653	n07858
n02654	n07416
n02654	n09059
n02655	n07952
n02655	n08018
n02655	n08988
n02656	n03039
n02656	n08372
n02656	n08773
n02656	n09227
n02657	n08836
n02658	n01202
n02659	n05210
n02659	n07239
n02659	n07299
n02659	n07581
n02659	n07955
n02660	n04340
n02660	n07416
n02660	n07578
n02660	n07767
n02660	n08151
n02660	n08582
n02660	n08774
n02660	n08775
n02660	n08987
n02660	n09228
n02661	n05220
n02661	n07239
n02661	n08587
n02661	n08990
n02662	n06485
n02662	n07857
n02663	n07466
n02663	n08371
n02663	n08373
n02663	n09631
n02664	n07162
n02664	n08651
n02665	n08581
n02665	n08988
n02666	n03284
n02666	n06208
n02667	n03915
n02667	n07686
n02667	n08773
n02667	n08989
n02667	n09487
n02668	n07581
n02669	n07149
n02669	n07577
n02670	n01686
n02671	n00081
n02671	n00883
n02672	n01864
n02672	n01873
n02673	n07297
n02673	n08247
n02674	n06827
n02674	n09153
n02675	n07650
n02675	n08152
n02675	n08371
n02675	n08581
n02675	n08584
n02675	n09645
n02676	n08029
n02676	n08866
n02677	n05463
n02677	n07071
n02677	n08584
n02678	n07682
n02679	n05006
n02679	n05944
n02679	n07272
n02680	n00202
n02680	n01671
n02681	n03348
n02681	n03973
n02681	n07767
n02681	n08152
n02681	n08582
n02681	n09228
n02682	n00094
n02683	n02866
n02683	n06917
n02683	n07071
n02683	n08224
n02683	n08584
n02686	n04157
n02686	n08372
n02687	n03294
n02687	n08371
n02687	n08775
n02687	n08989
n02687	n09227
n02688	n05458
n02688	n06197
n02688	n08037
n02688	n09004
n02689	n09664
n02690	n01434
n02690	n02877
n02690	n06494
n02691	n02990
n02691	n05246
n02692	n00914
n02693	n03645
n02693	n08083
n02694	n03111
n02694	n03326
n02694	n07577
n02694	n07578
n02694	n08151
n02694	n08155
n02694	n08775
n02694	n08776
n02694	n08989
n02694	n08990
n02695	n07364
n02696	n04177
n02697	n07914
n02697	n08581
n02697	n08987
n02697	n09226
n02698	n06382
n02698	n06706
n02698	n07302
n02698	n07952
n02698	n08152
n02698	n08987
n02698	n09227
n02699	n05358
n02699	n07416
n02699	n07577
n02699	n07767
n02699	n07952
n02699	n08371
n02699	n08372
n02699	n08987
n02700	n07548
n02701	n02911
n02701	n06273
n02701	n06912
n02701	n06913
n02701	n07073
n02701	n07581
n02702	n04947
n02702	n08946
n02702	n09226
n02703	n04759
n02703	n07767
n02703	n08152
n02703	n08581
n02703	n09227
n02704	n04757
n02704	n06131
n02704	n06274
n02704	n06275
n02704	n06571
n02704	n06743
n02704	n06747
n02704	n06911
n02704	n06913
n02704	n07074
n02704	n07239
n02704	n07240
n02704	n07241
n02704	n07242
n02704	n07243
n02704	n07418
n02704	n07419
n02704	n07579
n02704	n07953
n02704	n07955
n02704	n08154
n02704	n08155
n02704	n08587
n02705	n04194
n02705	n09198
n02705	n09704
n02706	n03858
n02706	n05378
n02706	n08131
n02707	n05691
n02707	n08582
n02707	n08987
n02707	n09130
n02707	n09226
n02708	n03665
n02708	n09473
n02709	n02910
n02709	n03654
n02709	n07823
n02709	n07952
n02709	n08151
n02709	n08152
n02709	n08371
n02709	n08373
n02709	n08582
n02709	n08988
n02709	n08989
n02710	n04758
n02710	n08748
n02710	n09566
n02711	n04302
n02711	n08026
n02711	n09229
n02712	n04743
n02712	n07051
n02713	n02339
n02714	n00130
n02714	n00752
n02714	n08988
n02715	n06540
n02715	n07578
n02715	n08428
n02716	n03004
n02716	n07549
n02717	n07679
n02718	n05046
n02718	n06483
n02718	n08935
n02719	n06115
n02719	n06567
n02719	n09175
n02720	n04027
n02720	n07578
n02720	n07767
n02720	n08152
n02720	n08372
n02720	n08538
n02720	n08581
n02720	n09228
n02720	n09487
n02721	n02571
n02721	n06274
n02721	n06569
n02721	n06918
n02721	n07072
n02721	n07236
n02721	n07583
n02721	n08154
n02721	n09488
n02722	n06079
n02722	n07844
n02723	n04006
n02723	n06970
n02723	n07025
n02723	n07054
n02724	n04281
n02724	n05794
n02724	n07039
n02724	n07582
n02724	n07954
n02724	n09645
n02725	n02224
n02725	n02434
n02725	n03817
n02725	n03861
n02725	n05394
n02726	n04007
n02726	n06743
n02727	n00188
n02727	n09154
n02728	n04839
n02728	n04891
n02728	n06254
n02728	n08582
n02729	n05981
n02729	n08088
n02730	n04287
n02730	n07417
n02730	n08581
n02730	n08988
n02731	n03645
n02731	n05039
n02732	n04178
n02732	n05789
n02733	n02903
n02733	n08298
n02733	n08774
n02733	n08989
n02733	n09227
n02734	n06626
n02734	n07715
n02734	n09190
n02734	n09226
n02735	n00952
n02735	n03949
n02736	n02916
n02736	n04351
n02736	n07415
n02736	n08468
n02737	n00208
n02737	n00275
n02737	n02682
n02739	n02418
n02739	n02533
n02739	n02536
n02740	n05731
n02740	n06282
n02740	n08373
n02740	n08412
n02742	n04875
n02743	n02421
n02743	n08774
n02743	n08988
n02744	n04518
n02744	n05282
n02744	n05518
n02745	n01160
n02745	n02060
n02745	n02061
n02745	n03455
n02746	n00032
n02746	n00055
n02746	n00056
n02746	n00085
n02746	n01667
n02746	n07767
n02747	n03696
n02747	n03876
n02747	n07952
n02747	n09226
n02748	n02862
n02749	n05633
n02749	n06588
n02749	n08151
n02749	n08152
n02749	n08988
n02750	n07416
n02750	n07577
n02750	n07767
n02750	n07952
n02750	n08152
n02750	n08372
n02751	n00002
n02751	n00016
n02751	n00534
n02751	n00535
n02751	n00893
n02752	n08022
n02754	n08371
n02754	n09598
n02755	n08825
n02755	n09232
n02756	n00002
n02756	n00016
n02756	n00534
n02756	n00535
n02756	n00893
n02756	n01159
n02757	n00065
n02758	n01424
n02758	n02543
n02758	n03096
n02758	n03256
n02758	n04994
n02759	n04057
n02759	n08599
n02760	n03788
n02760	n06475
n02761	n04717
n02761	n08371
n02761	n08373
n02761	n08989
n02761	n09227
n02761	n09228
n02762	n00129
n02763	n05313
n02763	n06275
n02763	n06336
n02763	n08990
n02764	n03792
n02764	n04639
n02764	n06634
n02764	n09226
n02764	n09487
n02765	n06133
n02765	n06743
n02765	n08991
n02765	n09305
n02766	n05934
n02767	n08371
n02767	n08373
n02767	n08400
n02767	n09515
n02768	n04017
n02769	n05852
n02769	n05993
n02769	n06131
n02769	n06273
n02769	n06274
n02769	n06569
n02769	n06571
n02769	n06744
n02769	n06747
n02769	n06748
n02769	n06749
n02769	n06912
n02769	n06916
n02769	n07071
n02769	n07241
n02769	n07579
n02769	n07581
n02769	n08374
n02769	n08585
n02770	n03491
n02770	n08987
n02770	n09229
n02771	n04432
n02771	n08582
n02771	n08774
n02771	n08775
n02771	n08989
n02772	n08493
n02773	n00542
n02773	n06370
n02774	n08647
n02775	n04225
n02775	n09546
n02776	n03977
n02776	n08068
n02777	n05310
n02777	n08774
n02778	n07236
n02778	n07418
n02779	n04163
n02779	n08615
n02780	n02446
n02780	n09227
n02781	n07475
n02782	n04248
n02782	n07953
n02782	n08586
n02782	n08676
n02782	n08992
n02783	n02082
n02783	n07577
n02783	n07578
n02783	n08372
n02783	n08989
n02783	n09487
n02784	n06988
n02784	n07416
n02784	n08152
n02784	n08774
n02784	n08776
n02784	n08987
n02784	n08988
n02785	n08219
n02785	n08776
n02785	n09229
n02785	n09657
n02786	n05136
n02786	n08255
n02787	n00903
n02787	n08893
n02788	n02545
n02788	n05536
n02788	n07577
n02789	n05516
n02789	n06155
n02789	n07268
n02789	n07789
n02790	n03056
n02790	n06748
n02790	n08155
n02790	n08375
n02790	n08584
n02791	n07687
n02791	n07848
n02791	n08581
n02791	n08987
n02791	n09226
n02792	n01686
n02793	n07236
n02793	n09649
n02794	n00075
n02794	n08582
n02795	n05337
n02796	n03143
n02796	n07767
n02797	n09411
n02798	n03415
n02798	n03986
n02799	n03329
n02799	n04679
n02799	n07355
n02799	n08371
n02799	n08373
n02799	n09227
n02800	n03290
n02800	n04273
n02800	n06623
n02801	n04551
n02801	n05596
n02802	n01892
n02803	n02217
n02804	n00590
n02805	n01882
n02805	n07072
n02805	n08990
n02806	n02346
n02807	n04742
n02807	n06108
n02807	n08711
n02808	n01859
n02808	n06864
n02809	n03354
n02810	n02782
n02810	n06744
n02810	n06746
n02810	n06913
n02810	n06917
n02810	n07074
n02810	n07238
n02810	n07241
n02810	n07581
n02810	n07768
n02810	n08155
n02810	n08571
n02810	n08990
n02811	n01919
n02812	n02256
n02812	n02573
n02812	n07441
n02812	n07538
n02812	n07541
n02813	n02903
n02813	n07767
n02813	n08734
n02814	n05930
n02814	n07339
n02814	n07733
n02814	n08936
n02815	n04378
n02815	n07623
n02815	n08403
n02815	n08696
n02815	n09017
n02815	n09272
n02816	n04283
n02816	n06549
n02816	n08656
n02816	n09550
n02817	n03975
n02817	n08299
n02817	n08773
n02817	n08989
n02818	n04479
n02819	n06408
n02819	n07691
n02819	n08187
n02820	n03442
n02820	n06272
n02820	n06749
n02820	n07074
n02820	n07241
n02820	n07954
n02820	n08375
n02820	n08583
n02820	n09348
n02821	n00251
n02822	n00241
n02823	n00097
n02823	n01186
n02824	n07407
n02825	n07183
n02825	n07577
n02825	n07767
n02825	n08372
n02825	n08581
n02825	n08987
n02825	n08988
n02825	n09226
n02825	n09229
n02826	n04755
n02826	n06130
n02826	n06273
n02826	n06275
n02826	n06749
n02826	n07420
n02826	n08309
n02826	n08584
n02826	n08585
n02827	n03586
n02827	n09656
n02828	n05465
n02828	n08151
n02828	n08581
n02828	n08775
n02828	n08989
n02829	n04587
n02829	n04940
n02830	n05808
n02830	n05895
n02830	n07228
n02830	n07952
n02831	n02891
n02831	n07130
n02831	n07416
n02831	n08372
n02831	n09228
n02832	n00969
n02832	n07577
n02832	n07578
n02832	n07582
n02832	n07767
n02832	n08371
n02832	n08373
n02832	n09229
n02833	n06880
n02833	n07525
n02833	n07767
n02833	n09227
n02833	n09229
n02834	n06077
n02834	n07236
n02834	n07768
n02834	n08742
n02834	n09488
n02835	n06710
n02835	n07767
n02835	n08371
n02835	n08372
n02835	n08373
n02835	n08987
n02835	n08988
n02835	n09487
n02836	n06872
n02836	n08318
n02837	n04932
n02837	n06237
n02838	n04575
n02838	n08988
n02839	n06131
n02839	n06745
n02839	n06915
n02839	n07073
n02839	n07419
n02839	n07580
n02839	n08154
n02840	n00970
n02840	n05278
n02841	n03228
n02841	n04489
n02842	n07979
n02842	n08062
n02842	n08556
n02842	n09289
n02844	n07081
n02844	n07590
n02844	n07775
n02845	n07075
n02847	n05398
n02848	n02324
n02848	n02845
n02848	n03095
n02848	n04217
n02848	n04221
n02849	n07986
n02850	n03027
n02850	n03031
n02850	n04779
n02851	n03259
n02851	n06130
n02851	n06133
n02851	n06274
n02851	n06436
n02851	n06915
n02851	n06919
n02851	n07419
n02851	n07583
n02852	n03327
n02852	n03392
n02852	n05727
n02853	n04684
n02853	n05410
n02853	n05520
n02854	n06931
n02855	n02745
n02855	n03186
n02856	n08185
n02856	n09242
n02857	n07417
n02857	n07767
n02857	n07952
n02857	n08152
n02857	n08581
n02857	n08775
n02857	n08989
n02857	n09229
n02858	n03703
n02859	n07962
n02859	n09226
n02860	n02421
n02860	n08988
n02861	n02633
n02861	n02857
n02861	n03780
n02861	n07578
n02861	n08151
n02861	n08774
n02861	n08776
n02861	n08988
n02861	n09226
n02862	n01421
n02863	n00008
n02864	n00008
n02864	n04039
n02865	n07977
n02866	n06843
n02866	n06915
n02866	n07244
n02866	n07420
n02866	n07579
n02866	n08588
n02867	n02540
n02867	n02852
n02868	n03710
n02868	n04789
n02869	n03401
n02870	n02068
n02870	n07578
n02870	n08581
n02870	n08988
n02870	n09228
n02871	n02544
n02872	n05107
n02872	n06132
n02872	n06274
n02872	n06744
n02872	n06747
n02872	n06911
n02872	n07072
n02872	n07955
n02872	n08587
n02873	n04866
n02873	n05662
n02874	n05551
n02874	n05620
n02875	n08424
n02876	n08848
n02877	n09605
n02878	n03717
n02878	n08256
n02879	n00916
n02879	n08372
n02879	n09228
n02880	n05940
n02880	n06818
n02881	n05772
n02881	n07292
n02882	n06184
n02882	n06642
n02882	n08826
n02883	n05677
n02884	n04086
n02884	n09227
n02885	n04471
n02886	n03804
n02887	n05558
n02887	n07297
n02888	n02868
n02888	n06806
n02889	n01196
n02890	n06456
n02890	n07158
n02891	n03412
n02891	n09227
n02892	n02545
n02893	n00529
n02893	n03198
n02894	n03284
n02894	n06208
n02895	n05343
n02895	n07318
n02895	n08625
n02895	n09488
n02896	n06577
n02896	n07146
n02897	n04292
n02898	n08447
n02898	n09053
n02899	n05852
n02899	n07239
n02899	n08294
n02900	n00052
n02900	n00053
n02900	n00054
n02900	n00076
n02900	n00077
n02900	n00078
n02901	n08882
n02902	n05904
n02902	n09675
n02903	n05503
n02904	n03357
n02904	n07500
n02905	n02082
n02905	n07767
n02905	n09487
n02906	n08265
n02906	n08646
n02906	n09648
n02907	n03636
n02907	n07417
n02908	n06675
n02908	n08151
n02908	n08371
n02908	n08373
n02908	n08774
n02908	n08988
n02908	n09229
n02909	n06039
n02909	n07494
n02910	n07578
n02910	n08500
n02910	n08773
n02911	n05799
n02911	n05993
n02911	n06569
n02911	n06749
n02911	n06911
n02911	n06916
n02911	n06919
n02911	n07242
n02911	n07582
n02911	n07955
n02911	n08153
n02911	n08154
n02911	n08586
n02911	n08992
n02912	n02982
n02912	n06772
n02912	n09487
n02913	n07314
n02914	n00150
n02914	n03343
n02915	n02872
n02915	n05993
n02915	n06130
n02915	n06131
n02915	n06273
n02915	n06275
n02915	n06436
n02915	n06569
n02915	n06571
n02915	n06746
n02915	n06749
n02915	n06915
n02915	n06916
n02915	n06918
n02915	n06919
n02915	n07073
n02915	n07237
n02915	n07241
n02915	n07242
n02915	n07579
n02915	n07581
n02915	n07582
n02915	n07583
n02915	n08153
n02915	n08155
n02915	n08375
n02915	n08584
n02915	n08990
n02916	n02086
n02916	n02220
n02916	n02713
n02917	n05679
n02917	n07237
n02917	n08155
n02917	n08693
n02917	n08992
n02918	n00107
n02918	n04096
n02918	n05640
n02919	n03724
n02920	n04809
n02920	n07199
n02920	n07786
n02921	n04452
n02922	n04734
n02922	n04820
n02923	n03287
n02924	n03480
n02924	n05993
n02924	n06916
n02924	n07239
n02924	n07240
n02924	n07241
n02924	n07418
n02924	n07419
n02924	n07579
n02924	n07581
n02924	n08374
n02924	n08375
n02924	n08583
n02925	n04832
n02926	n02106
n02926	n02229
n02926	n03185
n02927	n05014
n02928	n05142
n02928	n05607
n02928	n07239
n02928	n07906
n02928	n08990
n02929	n05031
n02929	n06133
n02929	n08583
n02929	n09595
n02930	n07072
n02930	n07768
n02930	n07953
n02930	n08586
n02930	n09449
n02930	n09488
n02931	n07802
n02931	n07920
n02931	n07955
n02931	n08990
n02931	n09302
n02932	n05501
n02932	n08292
n02933	n04655
n02933	n07507
n02934	n07578
n02935	n04656
n02936	n07919
n02936	n09474
n02937	n05611
n02937	n05852
n02937	n06130
n02937	n06133
n02937	n06570
n02937	n06748
n02937	n07418
n02937	n07419
n02937	n07582
n02937	n08586
n02937	n08588
n02937	n08990
n02938	n02220
n02939	n08036
n02939	n08220
n02939	n09227
n02940	n04724
n02940	n05536
n02941	n03209
n02941	n05314
n02941	n06569
n02941	n06745
n02941	n06917
n02942	n04247
n02942	n05553
n02943	n00912
n02943	n03235
n02944	n05794
n02944	n06133
n02945	n03306
n02945	n06133
n02945	n06571
n02945	n06748
n02945	n06916
n02945	n07072
n02945	n07580
n02945	n07583
n02945	n07768
n02945	n08154
n02945	n08587
n02946	n05166
n02946	n09701
n02947	n06709
n02947	n07393
n02947	n08151
n02947	n08152
n02947	n08371
n02947	n08373
n02947	n08581
n02947	n09229
n02948	n03925
n02948	n04483
n02949	n00079
n02949	n00570
n02949	n03453
n02949	n04498
n02950	n06380
n02950	n08842
n02951	n06127
n02951	n06627
n02951	n08698
n02951	n09448
n02952	n04840
n02953	n04284
n02953	n05021
n02953	n07416
n02953	n07417
n02953	n07580
n02953	n08155
n02954	n06736
n02954	n07190
n02954	n08142
n02954	n08586
n02955	n07213
n02956	n08347
n02956	n09435
n02957	n01896
n02957	n03384
n02957	n05271
n02957	n07368
n02957	n08990
n02958	n03524
n02958	n06119
n02958	n07417
n02958	n07577
n02958	n07952
n02959	n00909
n02959	n01916
n02959	n02599
n02959	n07952
n02959	n08372
n02959	n08776
n02959	n08987
n02959	n08989
n02960	n00525
n02962	n02324
n02962	n02845
n02962	n03095
n02962	n04217
n02962	n04221
n02963	n07962
n02963	n09226
n02965	n02058
n02965	n02844
n02966	n03694
n02966	n04042
n02967	n05999
n02967	n08184
n02968	n03458
n02970	n05089
n02971	n05852
n02971	n06133
n02971	n06273
n02971	n06570
n02971	n06746
n02971	n08375
n02971	n08588
n02973	n04875
n02974	n05742
n02975	n05759
n02975	n07978
n02975	n08164
n02976	n07660
n02977	n02330
n02977	n06436
n02977	n08990
n02978	n06446
n02979	n08008
n02980	n06189
n02981	n07578
n02981	n07767
n02981	n09228
n02982	n09229
n02982	n09273
n02982	n09322
n02983	n06477
n02984	n03128
n02984	n07767
n02984	n08774
n02985	n07827
n02985	n09228
n02985	n09487
n02986	n06822
n02986	n07579
n02986	n09060
n02987	n03740
n02987	n05772
n02988	n02534
n02988	n06346
n02989	n05002
n02989	n06745
n02989	n08154
n02989	n09609
n02990	n02103
n02991	n01449
n02991	n02436
n02991	n06814
n02991	n07577
n02991	n07578
n02991	n09227
n02992	n09337
n02993	n06973
n02993	n09145
n02994	n05884
n02994	n08371
n02994	n08372
n02994	n08773
n02995	n05114
n02996	n03284
n02996	n06029
n02996	n06208
n02997	n06513
n02997	n06672
n02998	n06027
n02998	n07290
n02998	n09611
n02999	n00566
n02999	n00905
n02999	n01438
n02999	n07119
n03000	n02872
n03000	n06745
n03000	n07418
n03000	n07768
n03000	n08991
n03001	n02979
n03001	n05108
n03002	n05765
n03002	n07417
n03002	n07577
n03002	n07952
n03002	n08151
n03002	n08152
n03002	n08373
n03002	n08989
n03003	n05852
n03003	n06132
n03003	n06743
n03003	n07238
n03003	n07242
n03003	n07875
n03003	n07953
n03003	n08153
n03003	n08583
n03003	n08992
n03004	n07498
n03005	n08773
n03005	n09384
n03006	n03416
n03006	n06916
n03006	n07236
n03006	n07237
n03006	n07240
n03006	n07244
n03006	n08153
n03006	n08588
n03007	n07503
n03008	n03350
n03008	n05938
n03009	n06570
n03009	n07236
n03009	n07237
n03009	n07240
n03009	n07242
n03009	n07581
n03009	n07954
n03009	n08084
n03009	n08153
n03009	n08154
n03009	n08374
n03009	n08583
n03009	n08584
n03009	n08586
n03010	n01458
n03010	n02432
n03010	n06201
n03011	n02549
n03011	n03191
n03011	n07843
n03012	n06363
n03013	n08052
n03014	n03646
n03014	n06912
n03014	n07073
n03014	n07768
n03014	n08990
n03015	n04179
n03016	n00192
n03016	n05019
n03016	n06913
n03017	n01455
n03017	n07952
n03018	n09177
n03019	n02106
n03019	n02229
n03019	n03398
n03020	n08927
n03021	n06109
n03021	n06569
n03021	n06744
n03021	n06746
n03021	n06747
n03021	n07072
n03021	n08154
n03022	n03644
n03022	n05226
n03022	n05809
n03023	n04098
n03023	n07198
n03024	n04459
n03024	n05852
n03024	n06133
n03024	n06436
n03024	n06569
n03024	n06570
n03024	n07071
n03024	n07236
n03024	n07238
n03024	n07242
n03024	n07579
n03024	n07580
n03024	n07954
n03024	n08155
n03025	n02226
n03025	n05797
n03025	n06570
n03025	n08586
n03026	n00936
n03026	n07767
n03027	n07441
n03028	n07085
n03028	n07577
n03028	n08372
n03029	n04684
n03029	n05410
n03029	n05520
n03030	n01659
n03031	n07441
n03032	n02848
n03032	n04226
n03032	n04319
n03033	n04684
n03033	n05410
n03033	n05520
n03034	n03871
n03035	n05730
n03036	n03871
n03037	n00008
n03038	n02421
n03038	n08988
n03038	n08989
n03039	n04229
n03039	n08151
n03039	n08776
n03039	n08988
n03039	n09226
n03040	n02417
n03040	n05636
n03040	n05745
n03041	n03877
n03042	n00550
n03043	n04064
n03043	n07122
n03043	n09054
n03044	n07840
n03045	n06618
n03045	n06944
n03045	n09487
n03046	n07416
n03046	n07952
n03047	n05813
n03048	n03117
n03048	n06916
n03048	n07244
n03048	n07579
n03048	n08154
n03049	n07968
n03049	n07971
n03050	n06861
n03051	n07302
n03051	n07952
n03052	n08169
n03053	n05311
n03053	n05852
n03053	n05993
n03053	n06130
n03053	n06132
n03053	n06273
n03053	n06275
n03053	n06435
n03053	n06569
n03053	n06571
n03053	n06745
n03053	n06746
n03053	n06748
n03053	n06912
n03053	n06913
n03053	n06914
n03053	n06915
n03053	n06916
n03053	n07071
n03053	n07072
n03053	n07073
n03053	n07237
n03053	n07238
n03053	n07239
n03053	n07240
n03053	n07241
n03053	n07242
n03053	n07243
n03053	n07244
n03053	n07418
n03053	n07419
n03053	n07420
n03053	n07579
n03053	n07580
n03053	n07582
n03053	n07768
n03053	n07953
n03053	n07955
n03053	n08154
n03053	n08375
n03053	n08587
n03053	n08991
n03054	n05224
n03054	n05993
n03054	n06275
n03054	n06570
n03054	n06744
n03054	n06747
n03054	n06748
n03054	n06912
n03054	n07239
n03054	n07240
n03054	n07419
n03054	n07581
n03054	n07583
n03054	n08375
n03054	n08586
n03054	n08588
n03054	n08990
n03055	n02749
n03055	n04878
n03055	n07446
n03055	n07952
n03055	n09226
n03055	n09228
n03056	n01675
n03056	n05424
n03056	n06334
n03056	n06912
n03057	n08424
n03058	n07714
n03059	n05993
n03059	n06436
n03059	n06570
n03059	n07071
n03059	n07239
n03059	n07240
n03059	n07420
n03059	n08153
n03059	n08587
n03059	n08655
n03059	n08990
n03059	n08992
n03060	n04652
n03060	n06506
n03060	n08151
n03061	n03789
n03062	n02430
n03062	n02869
n03063	n07416
n03063	n07577
n03063	n08582
n03063	n08774
n03064	n07616
n03065	n07230
n03065	n07239
n03065	n07955
n03066	n05457
n03066	n08371
n03066	n08372
n03066	n08373
n03066	n08774
n03066	n08987
n03066	n08988
n03067	n07174
n03068	n04448
n03069	n06367
n03069	n07417
n03070	n03726
n03070	n09586
n03071	n02080
n03071	n07577
n03071	n08151
n03071	n08775
n03071	n09226
n03071	n09227
n03072	n04117
n03072	n08892
n03073	n00239
n03074	n05678
n03074	n08152
n03074	n08217
n03074	n08582
n03074	n08828
n03074	n08988
n03075	n01871
n03076	n06372
n03076	n08371
n03076	n08373
n03076	n09615
n03077	n01872
n03077	n02345
n03077	n05667
n03077	n06130
n03077	n06743
n03077	n06911
n03077	n07580
n03077	n08584
n03078	n04730
n03078	n08375
n03078	n08588
n03079	n01684
n03079	n04087
n03079	n07416
n03079	n08152
n03079	n08581
n03079	n09226
n03079	n09228
n03081	n05247
n03081	n07417
n03081	n08371
n03081	n08372
n03082	n00576
n03082	n03137
n03083	n04833
n03083	n05681
n03083	n07545
n03084	n00096
n03084	n00930
n03085	n02217
n03086	n00143
n03087	n00592
n03087	n05030
n03088	n01204
n03088	n03635
n03089	n00613
n03090	n04504
n03090	n04966
n03090	n05391
n03090	n05712
n03091	n02057
n03092	n05183
n03094	n08153
n03094	n08386
n03095	n07075
n03096	n06449
n03097	n02418
n03097	n02533
n03097	n02536
n03098	n01862
n03098	n05743
n03099	n02867
n03099	n03622
n03099	n03969
n03100	n00008
n03101	n06454
n03102	n07101
n03102	n08380
n03103	n02969
n03103	n02972
n03105	n07416
n03105	n07417
n03105	n07577
n03105	n07578
n03105	n08151
n03107	n05092
n03107	n05882
n03107	n06436
n03107	n08375
n03107	n08990
n03109	n07450
n03109	n08204
n03110	n07577
n03111	n00003
n03111	n00017
n03111	n08988
n03112	n02330
n03112	n06569
n03112	n06570
n03112	n06743
n03112	n06916
n03112	n06918
n03112	n07241
n03112	n07581
n03112	n07955
n03112	n08154
n03113	n05200
n03114	n06789
n03114	n07968
n03115	n05852
n03115	n06132
n03115	n06273
n03115	n06435
n03115	n06436
n03115	n06571
n03115	n06912
n03115	n07239
n03115	n07241
n03115	n07242
n03115	n07244
n03115	n07419
n03115	n07420
n03115	n07580
n03115	n07582
n03115	n07953
n03115	n07954
n03115	n07955
n03115	n08153
n03115	n08155
n03115	n08587
n03115	n08588
n03115	n08991
n03116	n08171
n03116	n09600
n03117	n01867
n03117	n02971
n03117	n05993
n03117	n06131
n03117	n06272
n03117	n06275
n03117	n06435
n03117	n06436
n03117	n06571
n03117	n06743
n03117	n06744
n03117	n06747
n03117	n06748
n03117	n06913
n03117	n06918
n03117	n07071
n03117	n07073
n03117	n07237
n03117	n07238
n03117	n07240
n03117	n07242
n03117	n07243
n03117	n07418
n03117	n07581
n03117	n07768
n03117	n07954
n03117	n08586
n03117	n08587
n03117	n08992
n03118	n03269
n03118	n03697
n03118	n04071
n03118	n05852
n03118	n06130
n03118	n06131
n03118	n06744
n03118	n07073
n03118	n07243
n03118	n07582
n03118	n08586
n03119	n01424
n03119	n02543
n03119	n03096
n03119	n03256
n03119	n04994
n03119	n08582
n03120	n04801
n03120	n06470
n03121	n03043
n03121	n06569
n03121	n06913
n03122	n07017
n03122	n09308
n03123	n08867
n03124	n03472
n03124	n08582
n03125	n05821
n03125	n08988
n03126	n08670
n03127	n00529
n03127	n03198
n03128	n01173
n03128	n02212
n03129	n05009
n03129	n06356
n03129	n07417
n03129	n08776
n03130	n06478
n03130	n06743
n03130	n06746
n03130	n06919
n03130	n07244
n03130	n07580
n03130	n07582
n03131	n06489
n03131	n08151
n03131	n09262
n03132	n05160
n03133	n07310
n03134	n03904
n03134	n05307
n03134	n07311
n03135	n04812
n03135	n08231
n03135	n09586
n03136	n01172
n03136	n01192
n03136	n02098
n03137	n01172
n03137	n01192
n03137	n02098
n03138	n05444
n03138	n07445
n03139	n03052
n03139	n03405
n03139	n04155
n03139	n04876
n03139	n07643
n03139	n09226
n03140	n09078
n03140	n09599
n03141	n04894
n03141	n07416
n03141	n07767
n03141	n08775
n03142	n04998
n03142	n08152
n03142	n08371
n03142	n08373
n03142	n08446
n03142	n08581
n03142	n08774
n03142	n08775
n03142	n09487
n03143	n04552
n03144	n06132
n03144	n06478
n03144	n06570
n03144	n06912
n03144	n07955
n03144	n08375
n03144	n08583
n03145	n00899
n03145	n01860
n03145	n02338
n03145	n03545
n03145	n05548
n03146	n05668
n03146	n06273
n03146	n06743
n03146	n06745
n03146	n06747
n03146	n06912
n03146	n07419
n03146	n07581
n03146	n07768
n03147	n05547
n03147	n08072
n03147	n08988
n03147	n08989
n03147	n09227
n03148	n04345
n03148	n08581
n03149	n03546
n03149	n07661
n03150	n00574
n03150	n01670
n03150	n02774
n03151	n03287
n03152	n09610
n03153	n08855
n03154	n04741
n03154	n06194
n03155	n04348
n03156	n09324
n03157	n03141
n03157	n08151
n03157	n08371
n03157	n08373
n03157	n08989
n03157	n09226
n03158	n07878
n03158	n08987
n03159	n00072
n03160	n01891
n03160	n03526
n03160	n06361
n03161	n02771
n03161	n04086
n03161	n05462
n03161	n07578
n03161	n08581
n03161	n08988
n03161	n09227
n03162	n04905
n03162	n06663
n03162	n09640
n03163	n04961
n03164	n01189
n03164	n04264
n03164	n08635
n03165	n04731
n03165	n06524
n03166	n09382
n03167	n00925
n03167	n09109
n03168	n02893
n03168	n03127
n03168	n06385
n03169	n05823
n03169	n08152
n03169	n08987
n03169	n09226
n03170	n00105
n03170	n02086
n03170	n02713
n03171	n06965
n03172	n00566
n03172	n00905
n03172	n01438
n03172	n07119
n03172	n08479
n03173	n00153
n03173	n09014
n03174	n00927
n03175	n05438
n03175	n07577
n03176	n00579
n03177	n02095
n03177	n07578
n03177	n08581
n03177	n09229
n03177	n09487
n03178	n00920
n03178	n03464
n03179	n02764
n03179	n07011
n03179	n09227
n03180	n03454
n03180	n06272
n03180	n07239
n03180	n07768
n03180	n08990
n03181	n04860
n03181	n05189
n03182	n02960
n03183	n05714
n03183	n07076
n03184	n05507
n03184	n08151
n03184	n08988
n03185	n08810
n03186	n01160
n03186	n02060
n03186	n02061
n03186	n03455
n03187	n09048
n03187	n09227
n03188	n07107
n03188	n08773
n03189	n05852
n03189	n05993
n03189	n06130
n03189	n06131
n03189	n06132
n03189	n06133
n03189	n06273
n03189	n06274
n03189	n06570
n03189	n06747
n03189	n06913
n03189	n06915
n03189	n06917
n03189	n07071
n03189	n07072
n03189	n07073
n03189	n07074
n03189	n07236
n03189	n07237
n03189	n07239
n03189	n07240
n03189	n07242
n03189	n07420
n03189	n07582
n03189	n07768
n03189	n07955
n03189	n08375
n03190	n05295
n03191	n03872
n03191	n04870
n03192	n02332
n03192	n03400
n03193	n00034
n03193	n00544
n03193	n01672
n03194	n05292
n03195	n07416
n03195	n07577
n03195	n07767
n03195	n07952
n03195	n08152
n03195	n08372
n03196	n01864
n03196	n01873
n03197	n04717
n03197	n08151
n03197	n09227
n03197	n09228
n03199	n05798
n03200	n00034
n03200	n00544
n03200	n01672
n03201	n06034
n03201	n07417
n03202	n06052
n03202	n06302
n03202	n06435
n03202	n06436
n03202	n06745
n03202	n06746
n03202	n07071
n03202	n07242
n03202	n08990
n03202	n08992
n03203	n01886
n03203	n03470
n03203	n07582
n03204	n04409
n03204	n07236
n03205	n03715
n03206	n07417
n03206	n07633
n03207	n04450
n03208	n07831
n03208	n08884
n03208	n09488
n03209	n01191
n03209	n01664
n03209	n02648
n03209	n02744
n03209	n06302
n03209	n06436
n03209	n06746
n03209	n06749
n03209	n07071
n03209	n07072
n03209	n07418
n03209	n08585
n03210	n01191
n03210	n01664
n03210	n02648
n03210	n02744
n03210	n05196
n03210	n06302
n03210	n06436
n03210	n06569
n03210	n06745
n03210	n06746
n03210	n06917
n03211	n01886
n03211	n03470
n03211	n06748
n03211	n07238
n03211	n07239
n03211	n08374
n03212	n07416
n03212	n08151
n03212	n08775
n03212	n09226
n03212	n09228
n03213	n05782
n03213	n06175
n03213	n09226
n03214	n07823
n03214	n08152
n03214	n08446
n03214	n08581
n03214	n08774
n03214	n09487
n03215	n06133
n03215	n06436
n03215	n06748
n03215	n06918
n03215	n07236
n03215	n07582
n03215	n07768
n03215	n08990
n03216	n03803
n03216	n06273
n03216	n06747
n03216	n08588
n03217	n01680
n03217	n03484
n03217	n08587
n03218	n00150
n03219	n08064
n03220	n01444
n03220	n02877
n03221	n06497
n03221	n09487
n03222	n08033
n03223	n04233
n03223	n08151
n03224	n05852
n03224	n05993
n03224	n06130
n03224	n06131
n03224	n06569
n03224	n06743
n03224	n06744
n03224	n06745
n03224	n06746
n03224	n06913
n03224	n06915
n03224	n07071
n03224	n07237
n03224	n07239
n03224	n07241
n03224	n07242
n03224	n07418
n03224	n07420
n03224	n08154
n03224	n08155
n03224	n08584
n03224	n08587
n03224	n08588
n03224	n08992
n03225	n08582
n03225	n08900
n03226	n01686
n03227	n02548
n03227	n03171
n03228	n07693
n03228	n07904
n03229	n05735
n03229	n05766
n03229	n07485
n03229	n08006
n03229	n08220
n03230	n07679
n03230	n08441
n03231	n09674
n03232	n06618
n03233	n03661
n03233	n03985
n03234	n05131
n03234	n08581
n03234	n08776
n03234	n08934
n03234	n08988
n03235	n00126
n03235	n00557
n03236	n05137
n03236	n07535
n03237	n00575
n03237	n09227
n03238	n00939
n03239	n03695
n03239	n03868
n03239	n04406
n03239	n05732
n03239	n07417
n03239	n07578
n03239	n07952
n03239	n08582
n03239	n08773
n03239	n08987
n03240	n04644
n03240	n05442
n03240	n09228
n03240	n09229
n03241	n02554
n03241	n08152
n03241	n08776
n03241	n08987
n03241	n08989
n03242	n02993
n03242	n08484
n03243	n04470
n03243	n07112
n03243	n08186
n03244	n04095
n03244	n06915
n03244	n07240
n03244	n07579
n03244	n07953
n03244	n08585
n03244	n08586
n03245	n03047
n03245	n08987
n03245	n08989
n03245	n09229
n03246	n00098
n03246	n00147
n03247	n00061
n03247	n00121
n03247	n03623
n03248	n03249
n03249	n03091
n03250	n02058
n03250	n02844
n03251	n02418
n03251	n02533
n03251	n02536
n03252	n02324
n03252	n02845
n03252	n03095
n03252	n04217
n03252	n04221
n03253	n04865
n03253	n05090
n03253	n05197
n03253	n07416
n03253	n07417
n03253	n08806
n03253	n09270
n03254	n03865
n03254	n04783
n03255	n03782
n03255	n03867
n03256	n06449
n03257	n01160
n03257	n02060
n03257	n02061
n03257	n03455
n03258	n07101
n03258	n08380
n03259	n04680
n03259	n05993
n03259	n06131
n03259	n06273
n03259	n06744
n03259	n06918
n03259	n07072
n03260	n09552
n03261	n06131
n03261	n06743
n03261	n06746
n03261	n06747
n03261	n06911
n03261	n06913
n03261	n06915
n03261	n07072
n03261	n07074
n03261	n07236
n03261	n07238
n03261	n07579
n03261	n07580
n03261	n08153
n03261	n08586
n03262	n04416
n03263	n02967
n03263	n06602
n03263	n08372
n03263	n09228
n03263	n09487
n03264	n02856
n03265	n04790
n03265	n07578
n03266	n06469
n03267	n07609
n03268	n04792
n03268	n07581
n03268	n07955
n03268	n08154
n03269	n02542
n03269	n07447
n03270	n01420
n03270	n01858
n03270	n02753
n03271	n00100
n03272	n07578
n03272	n07624
n03272	n07767
n03272	n08152
n03272	n08774
n03272	n09228
n03273	n08582
n03273	n08618
n03273	n08619
n03273	n09227
n03274	n07132
n03275	n06211
n03275	n07072
n03275	n07239
n03275	n07241
n03275	n07420
n03275	n08992
n03276	n03544
n03276	n08371
n03276	n08987
n03276	n09487
n03277	n06813
n03277	n09317
n03278	n02641
n03278	n07578
n03279	n08151
n03280	n01866
n03280	n08151
n03280	n08645
n03280	n08773
n03280	n08987
n03280	n09227
n03280	n09229
n03280	n09487
n03281	n04691
n03281	n07489
n03282	n06130
n03282	n06273
n03282	n06274
n03282	n06436
n03282	n06569
n03282	n06744
n03282	n06748
n03282	n06749
n03282	n06914
n03282	n06918
n03282	n06919
n03282	n07236
n03282	n07420
n03282	n07953
n03282	n08374
n03282	n08375
n03282	n08990
n03282	n09071
n03283	n03489
n03284	n01869
n03284	n09242
n03285	n06484
n03285	n07136
n03286	n08773
n03286	n09102
n03287	n05332
n03287	n08152
n03288	n05131
n03288	n08054
n03288	n08581
n03288	n08776
n03289	n06435
n03289	n06990
n03289	n07580
n03289	n08583
n03289	n08587
n03289	n08990
n03289	n09230
n03290	n03542
n03290	n04514
n03291	n04689
n03291	n07767
n03291	n08658
n03292	n09119
n03292	n09227
n03292	n09487
n03293	n06436
n03293	n08585
n03293	n08877
n03294	n05917
n03294	n09228
n03295	n03684
n03295	n05325
n03296	n00922
n03296	n06159
n03296	n07287
n03296	n09607
n03297	n03481
n03297	n03653
n03298	n07353
n03298	n07577
n03299	n08896
n03300	n01212
n03300	n03336
n03300	n04521
n03300	n05732
n03300	n07767
n03300	n07952
n03300	n08372
n03300	n08988
n03301	n00104
n03301	n06227
n03302	n05127
n03302	n06320
n03302	n09576
n03303	n06934
n03303	n07786
n03304	n01430
n03304	n06665
n03304	n07242
n03304	n07642
n03304	n08374
n03304	n09488
n03305	n03807
n03306	n06272
n03306	n06273
n03306	n06275
n03306	n06436
n03306	n06570
n03306	n06743
n03306	n06745
n03306	n06746
n03306	n06747
n03306	n06749
n03306	n06912
n03306	n06915
n03306	n06919
n03306	n07237
n03306	n07238
n03306	n07239
n03306	n07241
n03306	n07243
n03306	n07579
n03306	n07582
n03306	n07954
n03306	n07955
n03306	n08153
n03306	n08375
n03306	n08584
n03306	n08585
n03306	n08586
n03306	n08990
n03306	n08991
n03307	n06366
n03307	n08583
n03307	n08585
n03308	n03211
n03308	n07692
n03308	n08153
n03308	n08154
n03308	n08586
n03308	n08588
n03308	n08990
n03308	n08992
n03309	n07000
n03310	n02551
n03310	n09694
n03311	n08522
n03311	n09669
n03312	n04740
n03312	n08891
n03313	n06436
n03313	n08945
n03313	n08990
n03313	n08992
n03314	n05695
n03314	n06387
n03315	n03828
n03316	n06075
n03317	n04188
n03317	n09673
n03318	n01897
n03318	n02746
n03318	n07578
n03318	n08989
n03318	n09487
n03319	n03091
n03320	n02416
n03320	n03248
n03320	n05620
n03322	n03182
n03322	n04513
n03322	n04985
n03322	n05734
n03323	n06769
n03325	n03183
n03325	n04399
n03325	n05515
n03326	n00003
n03326	n00017
n03327	n00045
n03327	n01185
n03328	n07085
n03328	n08004
n03329	n06949
n03330	n02544
n03331	n03270
n03332	n08371
n03332	n08373
n03332	n08400
n03332	n09515
n03333	n07427
n03334	n04418
n03334	n07805
n03334	n08416
n03335	n04608
n03335	n04873
n03336	n04609
n03336	n09227
n03336	n09228
n03337	n03533
n03337	n03611
n03338	n05664
n03339	n04424
n03339	n04793
n03339	n08774
n03340	n07593
n03341	n05844
n03341	n07417
n03341	n08372
n03342	n00019
n03342	n02541
n03342	n04693
n03342	n04879
n03342	n07416
n03342	n07952
n03342	n08372
n03342	n08581
n03342	n08776
n03342	n08989
n03343	n04323
n03343	n07577
n03343	n08151
n03343	n08773
n03343	n08776
n03343	n08988
n03343	n09226
n03344	n02750
n03344	n03195
n03344	n04634
n03344	n05004
n03345	n02896
n03346	n07180
n03347	n08080
n03347	n09227
n03348	n07416
n03348	n07417
n03348	n07577
n03348	n07578
n03348	n07952
n03348	n08151
n03348	n08371
n03348	n08373
n03348	n08988
n03349	n06196
n03350	n03977
n03350	n05906
n03350	n08068
n03351	n04805
n03351	n05852
n03351	n05993
n03351	n06275
n03351	n06570
n03351	n06745
n03351	n06746
n03351	n06747
n03351	n06748
n03351	n06912
n03351	n06913
n03351	n06915
n03351	n06916
n03351	n06917
n03351	n07071
n03351	n07072
n03351	n07073
n03351	n07237
n03351	n07241
n03351	n07242
n03351	n07243
n03351	n07583
n03351	n07954
n03351	n07955
n03351	n08375
n03351	n08583
n03351	n08585
n03351	n08587
n03351	n08990
n03351	n08991
n03351	n09488
n03352	n08762
n03353	n09366
n03354	n07985
n03354	n08236
n03355	n05472
n03355	n08154
n03356	n03899
n03356	n05755
n03356	n06805
n03357	n08886
n03358	n08452
n03358	n08665
n03358	n09045
n03359	n07860
n03359	n08775
n03360	n04017
n03361	n04552
n03361	n08774
n03362	n02072
n03363	n07767
n03363	n08201
n03363	n09226
n03363	n09315
n03363	n09487
n03364	n05534
n03364	n08058
n03365	n05232
n03366	n07594
n03366	n09355
n03367	n03737
n03367	n07767
n03367	n09487
n03368	n02882
n03368	n06993
n03368	n07578
n03368	n08988
n03369	n04709
n03370	n05126
n03370	n06696
n03371	n07243
n03371	n08464
n03372	n06501
n03372	n08697
n03373	n08512
n03374	n02225
n03374	n05708
n03375	n01679
n03375	n02446
n03375	n09227
n03376	n03404
n03376	n06482
n03376	n08151
n03376	n08773
n03376	n08774
n03376	n08987
n03376	n08988
n03376	n09227
n03377	n07040
n03378	n03357
n03379	n00579
n03379	n07020
n03380	n05970
n03380	n07030
n03381	n05952
n03382	n03506
n03383	n00117
n03383	n06481
n03384	n01179
n03384	n01861
n03384	n07071
n03385	n00948
n03385	n06058
n03385	n08581
n03386	n02416
n03386	n03248
n03388	n05852
n03388	n06131
n03388	n06273
n03388	n06912
n03388	n06914
n03388	n06916
n03388	n07238
n03388	n07240
n03388	n07244
n03390	n02058
n03390	n02844
n03392	n00045
n03392	n01185
n03393	n02058
n03393	n02844
n03394	n06762
n03394	n07578
n03394	n09227
n03395	n02418
n03395	n02533
n03395	n02536
n03396	n03325
n03397	n04684
n03397	n05410
n03397	n05520
n03398	n08810
n03399	n06590
n03400	n05288
n03401	n03866
n03401	n08194
n03402	n03027
n03402	n03031
n03402	n04779
n03402	n05404
n03402	n08372
n03402	n08774
n03403	n02969
n03403	n02972
n03404	n04692
n03404	n05545
n03405	n08169
n03406	n07263
n03406	n08016
n03407	n06141
n03407	n07767
n03407	n08151
n03407	n08773
n03407	n08775
n03407	n08987
n03408	n03974
n03409	n03118
n03409	n09302
n03410	n04609
n03410	n04617
n03410	n05417
n03410	n08774
n03411	n02969
n03411	n02972
n03412	n04428
n03413	n00019
n03413	n02541
n03413	n04693
n03413	n04879
n03413	n07416
n03413	n07952
n03413	n08372
n03413	n08581
n03413	n08776
n03413	n09227
n03414	n06913
n03415	n05923
n03415	n07978
n03416	n06131
n03416	n06273
n03416	n06967
n03416	n07074
n03416	n08584
n03417	n03262
n03417	n05900
n03417	n06328
n03418	n00529
n03418	n03198
n03419	n09239
n03420	n02985
n03420	n07417
n03420	n08774
n03421	n08227
n03421	n08627
n03421	n09286
n03422	n02071
n03423	n03272
n03423	n08773
n03424	n09096
n03424	n09345
n03425	n02431
n03426	n06037
n03426	n09350
n03427	n06835
n03428	n02874
n03428	n03249
n03428	n03554
n03429	n09027
n03430	n06676
n03430	n07417
n03430	n08232
n03430	n08371
n03430	n08581
n03431	n09358
n03432	n08635
n03433	n06829
n03433	n07147
n03434	n03320
n03434	n06921
n03434	n08040
n03435	n08206
n03435	n09372
n03436	n04624
n03436	n07767
n03437	n08908
n03438	n06356
n03438	n06853
n03438	n07578
n03438	n08773
n03438	n08776
n03438	n08987
n03439	n03319
n03439	n03424
n03440	n05352
n03440	n05459
n03440	n06743
n03440	n07240
n03440	n07953
n03441	n05430
n03441	n07869
n03442	n05103
n03442	n06747
n03442	n06919
n03442	n07072
n03442	n07579
n03442	n08587
n03443	n07673
n03444	n07012
n03444	n08607
n03445	n06502
n03445	n09627
n03446	n03571
n03446	n05928
n03446	n09131
n03447	n04691
n03447	n07196
n03449	n04371
n03449	n06855
n03449	n06913
n03449	n07236
n03450	n09185
n03451	n01217
n03451	n03598
n03452	n00153
n03452	n09014
n03453	n03092
n03454	n04309
n03454	n06749
n03454	n07241
n03454	n07953
n03454	n08584
n03457	n06442
n03458	n05407
n03458	n09498
n03459	n02418
n03459	n02533
n03459	n02536
n03461	n06598
n03461	n06774
n03461	n07613
n03462	n08615
n03463	n06131
n03463	n06272
n03463	n06273
n03463	n06435
n03463	n06571
n03463	n06748
n03463	n06916
n03463	n06917
n03463	n07240
n03463	n07242
n03463	n07582
n03463	n08154
n03464	n03027
n03464	n03031
n03464	n04779
n03464	n05629
n03464	n08774
n03466	n06130
n03466	n07579
n03467	n02425
n03467	n03030
n03467	n08173
n03468	n04407
n03468	n09257
n03469	n09540
n03470	n05419
n03471	n05852
n03471	n06130
n03471	n06132
n03471	n06272
n03471	n06275
n03471	n06436
n03471	n06569
n03471	n06571
n03471	n06743
n03471	n06744
n03471	n06745
n03471	n06747
n03471	n06748
n03471	n06913
n03471	n06915
n03471	n06916
n03471	n07071
n03471	n07074
n03471	n07121
n03471	n07236
n03471	n07237
n03471	n07241
n03471	n07244
n03471	n07581
n03471	n07582
n03471	n07583
n03471	n07954
n03471	n07955
n03471	n08153
n03471	n08154
n03471	n08155
n03471	n08375
n03471	n08585
n03471	n08992
n03472	n04437
n03472	n09232
n03472	n09491
n03473	n09228
n03473	n09500
n03474	n00568
n03475	n09317
n03476	n03882
n03476	n09258
n03477	n07788
n03478	n07815
n03479	n03265
n03479	n04334
n03479	n04690
n03480	n05005
n03480	n05764
n03480	n06744
n03480	n06911
n03480	n06917
n03480	n06918
n03480	n07072
n03480	n07236
n03480	n07243
n03480	n07244
n03481	n08241
n03481	n09058
n03482	n02750
n03482	n03195
n03482	n04634
n03482	n05004
n03483	n03118
n03483	n06133
n03484	n07825
n03484	n09296
n03485	n03337
n03486	n06054
n03486	n06275
n03486	n06828
n03487	n08023
n03488	n04541
n03488	n06038
n03489	n06498
n03490	n02983
n03490	n06131
n03490	n06435
n03490	n07237
n03491	n02750
n03491	n03195
n03491	n04634
n03491	n05004
n03492	n03791
n03492	n04068
n03493	n04545
n03493	n06274
n03493	n06275
n03493	n06746
n03493	n06749
n03493	n06911
n03493	n07071
n03493	n07238
n03493	n07768
n03493	n08374
n03493	n08586
n03494	n03897
n03494	n03972
n03495	n08883
n03495	n09226
n03496	n07417
n03496	n07577
n03496	n07767
n03496	n07952
n03496	n08371
n03497	n08371
n03497	n08581
n03498	n02769
n03498	n07074
n03498	n07420
n03498	n07580
n03498	n07954
n03498	n08583
n03499	n08251
n03500	n04359
n03500	n06073
n03501	n07577
n03501	n07578
n03501	n08151
n03501	n08152
n03501	n08582
n03501	n08773
n03501	n08774
n03501	n08776
n03501	n08988
n03501	n09227
n03501	n09228
n03501	n09487
n03502	n06131
n03502	n06914
n03502	n07242
n03502	n07953
n03502	n07954
n03502	n08049
n03502	n08375
n03502	n08588
n03502	n08990
n03503	n04672
n03504	n02896
n03504	n07767
n03505	n02670
n03505	n02792
n03506	n08694
n03506	n09414
n03507	n05355
n03507	n06744
n03507	n06912
n03507	n07579
n03507	n08584
n03508	n04828
n03508	n07989
n03509	n02230
n03509	n08152
n03510	n03994
n03510	n07266
n03510	n07995
n03510	n08396
n03510	n08409
n03511	n00918
n03511	n05469
n03511	n06841
n03512	n07484
n03512	n07632
n03513	n00154
n03513	n03802
n03513	n06911
n03514	n06902
n03514	n07417
n03514	n07577
n03514	n07767
n03514	n08152
n03514	n08774
n03515	n03474
n03515	n04085
n03516	n02069
n03516	n02775
n03517	n02241
n03517	n09654
n03521	n06143
n03521	n07425
n03522	n01160
n03522	n02060
n03522	n02061
n03522	n03455
n03523	n08593
n03524	n06161
n03524	n08774
n03524	n08776
n03524	n08987
n03525	n09562
n03526	n04777
n03526	n05086
n03526	n06154
n03526	n06589
n03526	n07767
n03528	n08582
n03528	n08773
n03528	n08774
n03528	n08987
n03529	n02739
n03529	n03097
n03529	n03251
n03529	n03395
n03529	n03459
n03530	n07265
n03531	n06305
n03532	n05200
n03532	n09512
n03533	n06450
n03533	n07275
n03533	n08779
n03534	n08636
n03535	n07249
n03535	n07956
n03535	n08151
n03535	n08989
n03537	n03113
n03537	n07968
n03538	n06024
n03539	n06812
n03539	n07837
n03539	n08371
n03539	n08373
n03540	n00019
n03540	n02541
n03540	n04693
n03540	n04879
n03541	n08726
n03541	n09228
n03542	n03963
n03542	n05881
n03542	n06956
n03543	n06451
n03544	n01175
n03544	n03781
n03544	n09034
n03545	n06157
n03545	n09018
n03546	n06794
n03547	n06067
n03547	n06801
n03547	n09573
n03548	n05651
n03549	n03607
n03549	n06786
n03550	n03709
n03550	n07578
n03550	n08775
n03550	n08776
n03550	n08988
n03551	n07305
n03551	n07578
n03551	n07767
n03551	n08774
n03551	n08989
n03552	n07487
n03553	n08600
n03554	n05551
n03554	n05620
n03555	n05427
n03555	n07142
n03556	n07767
n03556	n09598
n03558	n09598
n03559	n07977
n03561	n04696
n03562	n04076
n03562	n06300
n03563	n02645
n03563	n08372
n03564	n08156
n03564	n08414
n03565	n07915
n03565	n08249
n03565	n08988
n03566	n05852
n03566	n06131
n03566	n06133
n03566	n06272
n03566	n06273
n03566	n06435
n03566	n06436
n03566	n06570
n03566	n06571
n03566	n06743
n03566	n06747
n03566	n06748
n03566	n06749
n03566	n06913
n03566	n06914
n03566	n06918
n03566	n07071
n03566	n07072
n03566	n07074
n03566	n07236
n03566	n07239
n03566	n07240
n03566	n07242
n03566	n07243
n03566	n07244
n03566	n07419
n03566	n07420
n03566	n07579
n03566	n07580
n03566	n07582
n03566	n07953
n03566	n07955
n03566	n08153
n03566	n08154
n03566	n08374
n03566	n08375
n03566	n08587
n03566	n08588
n03567	n01176
n03567	n05761
n03568	n07929
n03569	n03128
n03569	n08372
n03570	n01194
n03570	n09227
n03571	n09075
n03572	n09091
n03573	n00020
n03573	n00904
n03574	n02645
n03574	n07767
n03574	n08774
n03575	n08239
n03575	n08583
n03575	n08585
n03576	n02345
n03576	n06748
n03576	n07237
n03577	n02750
n03577	n03195
n03577	n04634
n03577	n05004
n03578	n06347
n03579	n05447
n03579	n08372
n03579	n09266
n03580	n05432
n03580	n07637
n03580	n09577
n03582	n05935
n03582	n08872
n03583	n04813
n03583	n06745
n03583	n06912
n03583	n07244
n03583	n07419
n03583	n07955
n03583	n08583
n03583	n08586
n03584	n05927
n03585	n04835
n03586	n08760
n03587	n07120
n03588	n04333
n03588	n05406
n03589	n02896
n03589	n07767
n03590	n02659
n03590	n06471
n03590	n07768
n03590	n08583
n03590	n09488
n03591	n04199
n03591	n09168
n03592	n08774
n03592	n08987
n03592	n09424
n03593	n05456
n03593	n06003
n03593	n07416
n03593	n08152
n03593	n08776
n03593	n09226
n03593	n09228
n03593	n09229
n03594	n07767
n03594	n08371
n03594	n08373
n03594	n08775
n03594	n08987
n03595	n03213
n03595	n08582
n03595	n08776
n03595	n09228
n03596	n02960
n03596	n07417
n03596	n07577
n03596	n07767
n03596	n08151
n03596	n08152
n03596	n08581
n03596	n08582
n03596	n08774
n03596	n08775
n03596	n08989
n03596	n09228
n03596	n09229
n03597	n06166
n03598	n02080
n03598	n08372
n03598	n08988
n03598	n09226
n03598	n09228
n03598	n09487
n03599	n07373
n03600	n03633
n03601	n02451
n03602	n02354
n03602	n06130
n03602	n06131
n03602	n06273
n03602	n06747
n03602	n07074
n03602	n07241
n03602	n07418
n03602	n07583
n03602	n08153
n03602	n08154
n03602	n08583
n03602	n08990
n03603	n02385
n03603	n04825
n03604	n02938
n03604	n06388
n03605	n00133
n03605	n06558
n03605	n06844
n03606	n00094
n03606	n07862
n03607	n03182
n03607	n04513
n03607	n04985
n03607	n05734
n03608	n06289
n03608	n06440
n03610	n03027
n03610	n03031
n03610	n04779
n03610	n08774
n03611	n06450
n03611	n07275
n03611	n08779
n03612	n04057
n03613	n06590
n03614	n06595
n03614	n07099
n03614	n07993
n03615	n02850
n03616	n07577
n03616	n08372
n03617	n04418
n03617	n07805
n03617	n08416
n03618	n05195
n03619	n08990
n03620	n04795
n03620	n08508
n03621	n08434
n03621	n08989
n03622	n02540
n03622	n02852
n03623	n06625
n03623	n09542
n03624	n06132
n03624	n06272
n03624	n06275
n03624	n06321
n03624	n06569
n03624	n06570
n03624	n06743
n03624	n06749
n03624	n06913
n03624	n06914
n03624	n06945
n03624	n07243
n03624	n07244
n03624	n07579
n03624	n07581
n03624	n07953
n03624	n07955
n03624	n08155
n03624	n08375
n03624	n08583
n03624	n08990
n03624	n08991
n03625	n02745
n03625	n03186
n03625	n05099
n03626	n07955
n03626	n09373
n03627	n05879
n03629	n03275
n03629	n08155
n03629	n09488
n03630	n06800
n03631	n03101
n03631	n04151
n03632	n02752
n03632	n05290
n03633	n07833
n03634	n05894
n03634	n06031
n03635	n03190
n03636	n06005
n03636	n08372
n03637	n07264
n03637	n07577
n03637	n07767
n03637	n07981
n03637	n08371
n03637	n08372
n03637	n08373
n03637	n08774
n03637	n08987
n03639	n05292
n03639	n06015
n03639	n06792
n03639	n09501
n03640	n03639
n03640	n06631
n03640	n09040
n03641	n04625
n03641	n07577
n03641	n08987
n03642	n05735
n03642	n08036
n03642	n08773
n03642	n09227
n03643	n03543
n03643	n04141
n03643	n04237
n03643	n05997
n03644	n07138
n03645	n05774
n03645	n07139
n03646	n06436
n03646	n07449
n03646	n08153
n03647	n06747
n03647	n06915
n03647	n07072
n03647	n07074
n03647	n07236
n03647	n07240
n03647	n07419
n03647	n07420
n03647	n08374
n03648	n03113
n03648	n07968
n03649	n01430
n03649	n07238
n03649	n07419
n03649	n07642
n03649	n08374
n03649	n09488
n03650	n04719
n03650	n08869
n03651	n06748
n03651	n06749
n03651	n06914
n03651	n07419
n03651	n07855
n03651	n08154
n03651	n08583
n03651	n08586
n03652	n07633
n03652	n08371
n03652	n08373
n03653	n08241
n03653	n09058
n03654	n06936
n03654	n08500
n03654	n09228
n03655	n09041
n03655	n09301
n03656	n04804
n03656	n06131
n03657	n07867
n03658	n03897
n03659	n04243
n03659	n06748
n03659	n07954
n03659	n09639
n03660	n02080
n03660	n07416
n03660	n07577
n03660	n08151
n03660	n08988
n03661	n08073
n03661	n09646
n03662	n04811
n03663	n06350
n03664	n03472
n03664	n08582
n03664	n08989
n03664	n09229
n03665	n08371
n03665	n08773
n03666	n05003
n03666	n07453
n03667	n05442
n03667	n05658
n03667	n08435
n03668	n05762
n03669	n07333
n03669	n07767
n03669	n08773
n03669	n09227
n03669	n09228
n03670	n00906
n03670	n01880
n03670	n02544
n03671	n04093
n03671	n06272
n03671	n07073
n03671	n07420
n03671	n07579
n03671	n08070
n03671	n08587
n03672	n02496
n03672	n06746
n03672	n06919
n03672	n07580
n03672	n07581
n03672	n08374
n03672	n08584
n03672	n08587
n03672	n08990
n03672	n08992
n03673	n06131
n03673	n06436
n03673	n06570
n03673	n06911
n03673	n07456
n03673	n08374
n03673	n08585
n03673	n08587
n03674	n05330
n03674	n08284
n03675	n05997
n03675	n07296
n03676	n06333
n03678	n06745
n03678	n06746
n03678	n07240
n03678	n09639
n03679	n05567
n03679	n07416
n03679	n08151
n03679	n08277
n03680	n07004
n03680	n09599
n03681	n00618
n03681	n02092
n03681	n08774
n03681	n09227
n03682	n03426
n03682	n05937
n03682	n09246
n03682	n09429
n03683	n00907
n03683	n07903
n03684	n02549
n03684	n03191
n03684	n06486
n03685	n03805
n03685	n08005
n03686	n02553
n03686	n06911
n03686	n08988
n03688	n08998
n03688	n09113
n03689	n00591
n03689	n04067
n03689	n05640
n03689	n07184
n03690	n02447
n03690	n05219
n03691	n07578
n03691	n08773
n03691	n08987
n03691	n09226
n03693	n07075
n03693	n07416
n03693	n07577
n03693	n07578
n03693	n07767
n03693	n08776
n03694	n02326
n03694	n02419
n03695	n02324
n03695	n02845
n03695	n03095
n03695	n04217
n03695	n04221
n03695	n09487
n03696	n09513
n03697	n02542
n03697	n07447
n03698	n06590
n03699	n05730
n03700	n06770
n03701	n05407
n03701	n07578
n03702	n07249
n03702	n07956
n03702	n08151
n03702	n08989
n03703	n09237
n03704	n09284
n03708	n08587
n03709	n04990
n03709	n06163
n03709	n08373
n03710	n08802
n03710	n09023
n03711	n03878
n03711	n08371
n03712	n04884
n03712	n04890
n03712	n08439
n03713	n02325
n03713	n02420
n03713	n02422
n03713	n02859
n03713	n02963
n03713	n06297
n03714	n06610
n03715	n06323
n03715	n06352
n03715	n07618
n03716	n03118
n03718	n02421
n03718	n08372
n03719	n03794
n03719	n05106
n03719	n06011
n03720	n09227
n03721	n03793
n03721	n08833
n03723	n03468
n03723	n04533
n03723	n08026
n03724	n06078
n03725	n09319
n03725	n09560
n03726	n07996
n03727	n03472
n03727	n08582
n03728	n06947
n03728	n07997
n03729	n07416
n03729	n07577
n03729	n08582
n03729	n08774
n03730	n06942
n03730	n07578
n03730	n08151
n03730	n08446
n03730	n08581
n03731	n02437
n03732	n04699
n03732	n08060
n03732	n08152
n03732	n08775
n03733	n06132
n03733	n06272
n03733	n06275
n03733	n06321
n03733	n06569
n03733	n06570
n03733	n06743
n03733	n06746
n03733	n06913
n03733	n07243
n03733	n07244
n03733	n07579
n03733	n07581
n03733	n07953
n03733	n07955
n03733	n08155
n03733	n08375
n03733	n08583
n03733	n08586
n03733	n08819
n03733	n08990
n03733	n08991
n03733	n09488
n03734	n08151
n03734	n08458
n03735	n05198
n03735	n09371
n03736	n06083
n03737	n02074
n03737	n08582
n03738	n02336
n03738	n06133
n03738	n06273
n03738	n06436
n03738	n06569
n03738	n06746
n03738	n06911
n03738	n06919
n03738	n07240
n03738	n07579
n03738	n08153
n03739	n08004
n03739	n08582
n03740	n05541
n03740	n08215
n03741	n07153
n03741	n08773
n03741	n08807
n03742	n06358
n03742	n09227
n03743	n06234
n03743	n07952
n03743	n09228
n03744	n03715
n03744	n04257
n03745	n06057
n03745	n07416
n03745	n07417
n03745	n08151
n03746	n05665
n03747	n02868
n03748	n02068
n03748	n07578
n03748	n08989
n03749	n06359
n03749	n08582
n03750	n02222
n03751	n06131
n03751	n06743
n03751	n06746
n03751	n06913
n03751	n06915
n03751	n07072
n03751	n07074
n03751	n07237
n03751	n07579
n03751	n07580
n03751	n07581
n03751	n07768
n03751	n07954
n03751	n07955
n03751	n08154
n03751	n08374
n03751	n08586
n03751	n09488
n03752	n08675
n03752	n08773
n03753	n03356
n03753	n03632
n03753	n08152
n03753	n08371
n03753	n08373
n03754	n02651
n03755	n04539
n03755	n05137
n03756	n07577
n03756	n07578
n03756	n07952
n03756	n08152
n03756	n08582
n03756	n08775
n03756	n08987
n03757	n03046
n03757	n08581
n03757	n08773
n03758	n06130
n03758	n06133
n03758	n06273
n03758	n06435
n03758	n06912
n03758	n06916
n03758	n07071
n03758	n07074
n03758	n07237
n03758	n07241
n03758	n07582
n03758	n07583
n03758	n08155
n03758	n08583
n03758	n08585
n03758	n08586
n03758	n08587
n03759	n04881
n03759	n08444
n03759	n08775
n03760	n09563
n03761	n09227
n03762	n07803
n03762	n08082
n03763	n06132
n03763	n06571
n03763	n06747
n03763	n07240
n03763	n07582
n03763	n08153
n03763	n08585
n03763	n09126
n03764	n06703
n03764	n07676
n03765	n08774
n03765	n08883
n03765	n08988
n03765	n09331
n03765	n09487
n03766	n07503
n03767	n01230
n03767	n08773
n03768	n06991
n03769	n06998
n03769	n07689
n03770	n00931
n03770	n03979
n03770	n07992
n03771	n05993
n03771	n06131
n03771	n06133
n03771	n06272
n03771	n06435
n03771	n06744
n03771	n06746
n03771	n06748
n03771	n06749
n03771	n06918
n03771	n07073
n03771	n07238
n03771	n07420
n03771	n07579
n03771	n07581
n03771	n07953
n03771	n08155
n03772	n04705
n03772	n06087
n03772	n06912
n03772	n07420
n03772	n08992
n03773	n05852
n03773	n05956
n03773	n06130
n03773	n06132
n03773	n06919
n03773	n07244
n03773	n07420
n03774	n04011
n03774	n08581
n03774	n08582
n03774	n09229
n03775	n03045
n03775	n08582
n03775	n09228
n03776	n02843
n03777	n02416
n03777	n03248
n03778	n07426
n03778	n08159
n03780	n07417
n03780	n07767
n03780	n07952
n03780	n08152
n03780	n08581
n03780	n08775
n03780	n08989
n03780	n09229
n03781	n07991
n03781	n08793
n03781	n09229
n03783	n07577
n03784	n03394
n03785	n03523
n03786	n02739
n03786	n03097
n03786	n03251
n03786	n03395
n03786	n03459
n03787	n05089
n03787	n08813
n03788	n00032
n03788	n00055
n03788	n00056
n03788	n00085
n03788	n01667
n03788	n03326
n03789	n00034
n03789	n00544
n03789	n01672
n03790	n05756
n03790	n08003
n03791	n05528
n03792	n08151
n03792	n08372
n03792	n08773
n03792	n08774
n03792	n08776
n03792	n08987
n03793	n04227
n03793	n07631
n03794	n05087
n03795	n07113
n03795	n09275
n03796	n02969
n03796	n02972
n03797	n05301
n03798	n04702
n03798	n06272
n03798	n06436
n03798	n06913
n03798	n07236
n03798	n07238
n03798	n07239
n03798	n07581
n03798	n08586
n03799	n09598
n03800	n09562
n03801	n06148
n03801	n07578
n03801	n08371
n03801	n08373
n03801	n08582
n03801	n08773
n03803	n06130
n03803	n06133
n03803	n06272
n03803	n06275
n03803	n06744
n03803	n06748
n03803	n06916
n03803	n06917
n03803	n07072
n03803	n07244
n03803	n07419
n03803	n07580
n03803	n07582
n03803	n07583
n03803	n08991
n03805	n06625
n03806	n05539
n03806	n07963
n03807	n08222
n03807	n09076
n03808	n05771
n03808	n06040
n03808	n09228
n03810	n05308
n03810	n08773
n03810	n09226
n03811	n04424
n03811	n09229
n03811	n09487
n03812	n09095
n03812	n09227
n03813	n04542
n03813	n05656
n03813	n07767
n03813	n08371
n03813	n08989
n03813	n09226
n03814	n03467
n03815	n06643
n03815	n07242
n03816	n02437
n03816	n07137
n03817	n01426
n03817	n02081
n03818	n04683
n03818	n07144
n03819	n06507
n03820	n05324
n03820	n06744
n03820	n06748
n03820	n07071
n03820	n07237
n03820	n07418
n03820	n07583
n03821	n09090
n03822	n06657
n03823	n06193
n03824	n05880
n03824	n08976
n03824	n08989
n03825	n07989
n03825	n09291
n03826	n05040
n03826	n09227
n03827	n08821
n03828	n02334
n03828	n04084
n03828	n04174
n03829	n07134
n03830	n04335
n03831	n04898
n03833	n09103
n03834	n09086
n03835	n04601
n03835	n06436
n03835	n06745
n03835	n07580
n03835	n08992
n03835	n09255
n03836	n02652
n03836	n06131
n03836	n06190
n03836	n07074
n03836	n07238
n03836	n07581
n03837	n02653
n03838	n03205
n03839	n07209
n03840	n03992
n03841	n00069
n03841	n04822
n03841	n05215
n03842	n04341
n03842	n08507
n03843	n05029
n03843	n06745
n03843	n07073
n03843	n07244
n03843	n08154
n03844	n02087
n03844	n07243
n03844	n07418
n03844	n07581
n03844	n07612
n03844	n08588
n03844	n08991
n03845	n05144
n03845	n07496
n03845	n08814
n03846	n00577
n03846	n08987
n03847	n07328
n03847	n09655
n03848	n07417
n03848	n08371
n03848	n08373
n03848	n08582
n03848	n08774
n03848	n08776
n03848	n09227
n03848	n09229
n03848	n09487
n03849	n02464
n03849	n04371
n03849	n08154
n03850	n08282
n03850	n08586
n03850	n08990
n03851	n04196
n03851	n06744
n03851	n06915
n03851	n06916
n03851	n06918
n03851	n07237
n03851	n07240
n03851	n07580
n03851	n07581
n03851	n08153
n03851	n08155
n03851	n08991
n03852	n03352
n03852	n06130
n03852	n06133
n03852	n06436
n03852	n06570
n03852	n07074
n03852	n07237
n03852	n07244
n03852	n07768
n03852	n08155
n03852	n08585
n03853	n09257
n03854	n04716
n03854	n05852
n03854	n06745
n03854	n06747
n03854	n06917
n03854	n07420
n03854	n07580
n03854	n08992
n03855	n08154
n03855	n09255
n03856	n05790
n03857	n00612
n03857	n02083
n03858	n08708
n03858	n09047
n03859	n09692
n03860	n04504
n03860	n04966
n03860	n05391
n03860	n05712
n03861	n05715
n03861	n05716
n03861	n06923
n03862	n05079
n03862	n06437
n03863	n08157
n03864	n03181
n03864	n05624
n03865	n07601
n03866	n02058
n03866	n02844
n03868	n02324
n03868	n02845
n03868	n03095
n03868	n04217
n03868	n04221
n03868	n09487
n03869	n07577
n03870	n05631
n03871	n08810
n03872	n03460
n03873	n05081
n03873	n07074
n03873	n08191
n03873	n08374
n03874	n07585
n03874	n07952
n03874	n08376
n03874	n08773
n03874	n08774
n03874	n08775
n03875	n09562
n03876	n09513
n03877	n02862
n03878	n02636
n03878	n02740
n03879	n02633
n03879	n02857
n03879	n03780
n03880	n05852
n03880	n06132
n03880	n06273
n03880	n06435
n03880	n06436
n03880	n06571
n03880	n06912
n03880	n07239
n03880	n07241
n03880	n07242
n03880	n07244
n03880	n07419
n03880	n07420
n03880	n07580
n03880	n07582
n03880	n07953
n03880	n07954
n03880	n07955
n03880	n08153
n03880	n08155
n03880	n08587
n03880	n08588
n03880	n08991
n03881	n03399
n03881	n03613
n03881	n03698
n03881	n08987
n03882	n06136
n03882	n08197
n03882	n09280
n03882	n09510
n03883	n06285
n03883	n08595
n03883	n09086
n03884	n04232
n03885	n01199
n03886	n07628
n03887	n02633
n03887	n02857
n03887	n03780
n03887	n08774
n03888	n08800
n03889	n04787
n03890	n06603
n03890	n09062
n03891	n01661
n03891	n04517
n03891	n08991
n03891	n09252
n03892	n04595
n03892	n04678
n03892	n04772
n03892	n07263
n03892	n08180
n03893	n07273
n03893	n07799
n03893	n07952
n03893	n08152
n03893	n08582
n03893	n08989
n03894	n09598
n03895	n04727
n03895	n09227
n03896	n09145
n03897	n02332
n03897	n03400
n03898	n08615
n03899	n02752
n03899	n05752
n03899	n09487
n03900	n06285
n03900	n08595
n03900	n09086
n03901	n03463
n03901	n07073
n03901	n07581
n03901	n08584
n03901	n08587
n03902	n06572
n03902	n07416
n03902	n08377
n03902	n08581
n03903	n05212
n03903	n08779
n03904	n05428
n03904	n06612
n03904	n06690
n03905	n04613
n03905	n07983
n03906	n04056
n03907	n00565
n03907	n01169
n03907	n08371
n03908	n04618
n03909	n03053
n03909	n08586
n03909	n08877
n03910	n06478
n03910	n06570
n03910	n06749
n03910	n06915
n03910	n07074
n03910	n08154
n03910	n08991
n03911	n01191
n03911	n01664
n03911	n02648
n03911	n02744
n03911	n04220
n03911	n06302
n03911	n06435
n03911	n06436
n03911	n06746
n03911	n07242
n03911	n08154
n03912	n06337
n03913	n05672
n03913	n07281
n03914	n04925
n03914	n08581
n03914	n08582
n03914	n09227
n03915	n04252
n03915	n08774
n03916	n07952
n03916	n08151
n03916	n09228
n03917	n05763
n03917	n06272
n03917	n06435
n03917	n06436
n03917	n06748
n03917	n07419
n03917	n07579
n03917	n07581
n03918	n03115
n03918	n03880
n03918	n06744
n03918	n07073
n03918	n08990
n03918	n09329
n03919	n07644
n03920	n03883
n03920	n03900
n03921	n03202
n03921	n08991
n03922	n03536
n03923	n03550
n03923	n06645
n03923	n08151
n03923	n08152
n03923	n08371
n03923	n08582
n03923	n09226
n03924	n00917
n03924	n03333
n03924	n09014
n03925	n06106
n03926	n04904
n03926	n06130
n03926	n06915
n03926	n07240
n03926	n08511
n03927	n02087
n03928	n05118
n03928	n05946
n03928	n07893
n03929	n03624
n03929	n04810
n03929	n06917
n03929	n07073
n03929	n07240
n03929	n07695
n03929	n07768
n03930	n08581
n03930	n08987
n03930	n09226
n03931	n03537
n03931	n03648
n03932	n02557
n03932	n03829
n03933	n09644
n03934	n03556
n03934	n03799
n03934	n03894
n03935	n03050
n03935	n08582
n03936	n04629
n03936	n06670
n03936	n08858
n03936	n09226
n03937	n00600
n03937	n06847
n03938	n02553
n03938	n08372
n03939	n05671
n03940	n04170
n03940	n07839
n03941	n02993
n03941	n03896
n03941	n05237
n03942	n03201
n03942	n06516
n03942	n08989
n03943	n06132
n03943	n06478
n03943	n06569
n03943	n06912
n03943	n07581
n03943	n07768
n03943	n07954
n03943	n08584
n03943	n08585
n03943	n08587
n03944	n07767
n03944	n08372
n03944	n08775
n03944	n08989
n03944	n09227
n03945	n02664
n03945	n04645
n03945	n08987
n03946	n06354
n03946	n08372
n03946	n08775
n03946	n09227
n03946	n09228
n03947	n04689
n03947	n07577
n03947	n09136
n03948	n02998
n03948	n08436
n03949	n02085
n03949	n02966
n03949	n04721
n03950	n00123
n03951	n03556
n03951	n03558
n03951	n04356
n03952	n02073
n03952	n02560
n03952	n03616
n03952	n07416
n03952	n08152
n03952	n08153
n03952	n08587
n03952	n08776
n03953	n04504
n03953	n04966
n03953	n05391
n03953	n05712
n03954	n07599
n03955	n07075
n03955	n07416
n03955	n07577
n03955	n07578
n03955	n07767
n03955	n08776
n03956	n06272
n03956	n08386
n03958	n04223
n03961	n06304
n03962	n06289
n03962	n06440
n03963	n04222
n03963	n05402
n03964	n06929
n03964	n07606
n03965	n04875
n03965	n07578
n03966	n02421
n03967	n09562
n03968	n07085
n03968	n08004
n03969	n02540
n03969	n02852
n03970	n03184
n03970	n04417
n03970	n06941
n03970	n07767
n03970	n08585
n03971	n03264
n03971	n04138
n03972	n02332
n03972	n03400
n03973	n07416
n03973	n07417
n03973	n07577
n03973	n07578
n03973	n07952
n03973	n08151
n03973	n08371
n03973	n08373
n03973	n08988
n03974	n07829
n03974	n08216
n03974	n08371
n03974	n08373
n03974	n08582
n03975	n07416
n03975	n07418
n03975	n08372
n03976	n08431
n03976	n08643
n03978	n07461
n03979	n08608
n03980	n03614
n03980	n07291
n03980	n07647
n03980	n09583
n03981	n03618
n03981	n05025
n03982	n04679
n03983	n00125
n03983	n00527
n03984	n04717
n03984	n07416
n03984	n08151
n03984	n08776
n03984	n08989
n03984	n09227
n03984	n09228
n03985	n03714
n03985	n07072
n03986	n03883
n03986	n03900
n03987	n01886
n03987	n03470
n03987	n05227
n03988	n04055
n03988	n04062
n03988	n07417
n03989	n07577
n03989	n08226
n03989	n08775
n03990	n07416
n03990	n07577
n03990	n08582
n03990	n08774
n03991	n06600
n03991	n08774
n03991	n08776
n03991	n09079
n03992	n04888
n03992	n09360
n03993	n06577
n03993	n08371
n03993	n08372
n03993	n08373
n03993	n08581
n03993	n08775
n03993	n08987
n03993	n08988
n03994	n04241
n03994	n06272
n03994	n06435
n03994	n08843
n03995	n06131
n03995	n06744
n03995	n07242
n03995	n08677
n03996	n03282
n03996	n08063
n03996	n08584
n03997	n00931
n03997	n03979
n03998	n02652
n03998	n06190
n03998	n06745
n03998	n07074
n03998	n07239
n03998	n07581
n03998	n08154
n03998	n08990
n03999	n03571
n03999	n05928
n03999	n09227
n04000	n08682
n04001	n05299
n04001	n06155
n04001	n08426
n04001	n09524
n04002	n08067
n04003	n04715
n04003	n08692
n04004	n06274
n04004	n06569
n04004	n06743
n04004	n06911
n04004	n07582
n04004	n07855
n04004	n08375
n04005	n00092
n04005	n03331
n04006	n05132
n04006	n08445
n04007	n08248
n04007	n09024
n04009	n02883
n04009	n03192
n04009	n05331
n04010	n04534
n04010	n05760
n04010	n06173
n04010	n08003
n04011	n01889
n04011	n02981
n04011	n07416
n04011	n08152
n04011	n08371
n04011	n08373
n04011	n08774
n04011	n08776
n04011	n09226
n04012	n02653
n04012	n04091
n04013	n07848
n04013	n08372
n04013	n08988
n04014	n08480
n04014	n09311
n04015	n08582
n04015	n08987
n04015	n08988
n04016	n04172
n04017	n06198
n04018	n03354
n04019	n07870
n04019	n09388
n04020	n08581
n04020	n08774
n04020	n08776
n04020	n08987
n04020	n08989
n04020	n09228
n04021	n00114
n04022	n06275
n04022	n06435
n04022	n07074
n04022	n07420
n04022	n07580
n04022	n08153
n04022	n08584
n04022	n08587
n04022	n08990
n04022	n08992
n04022	n09306
n04022	n09510
n04023	n05949
n04023	n07171
n04024	n04602
n04024	n04786
n04025	n08482
n04025	n09665
n04026	n02907
n04026	n08206
n04026	n08667
n04026	n08989
n04028	n04336
n04028	n04788
n04028	n05203
n04028	n08989
n04029	n02912
n04029	n08372
n04029	n08987
n04030	n03419
n04031	n03293
n04031	n07583
n04031	n07868
n04031	n07954
n04031	n08990
n04032	n05862
n04032	n08151
n04033	n03341
n04033	n08581
n04033	n08776
n04033	n08987
n04033	n08988
n04033	n09228
n04033	n09487
n04034	n04456
n04034	n08152
n04034	n08773
n04034	n09487
n04035	n00118
n04036	n00924
n04038	n08157
n04039	n05715
n04039	n05716
n04039	n06923
n04040	n03092
n04042	n02326
n04042	n02419
n04044	n05623
n04045	n05623
n04046	n07085
n04046	n07577
n04046	n08372
n04047	n06143
n04047	n07425
n04048	n08606
n04049	n07767
n04049	n08371
n04049	n08372
n04049	n08373
n04049	n08581
n04049	n08582
n04049	n08989
n04051	n04777
n04051	n05086
n04051	n06154
n04051	n06589
n04052	n01419
n04052	n03957
n04052	n03959
n04052	n03960
n04052	n04043
n04052	n04782
n04053	n03703
n04054	n05877
n04054	n07417
n04054	n07767
n04054	n08152
n04054	n08774
n04054	n08775
n04055	n02749
n04055	n04878
n04056	n03398
n04057	n05517
n04057	n06785
n04059	n03528
n04059	n04989
n04059	n07952
n04059	n08372
n04059	n08581
n04059	n09226
n04059	n09228
n04059	n09229
n04060	n04233
n04060	n08151
n04060	n09511
n04061	n04057
n04061	n08599
n04062	n02749
n04062	n04878
n04063	n08216
n04063	n08371
n04063	n08373
n04063	n08582
n04064	n06275
n04064	n06570
n04064	n06746
n04064	n06747
n04064	n06748
n04064	n06911
n04064	n06915
n04064	n06916
n04064	n07791
n04064	n08585
n04065	n08585
n04065	n09087
n04065	n09488
n04066	n08773
n04067	n01856
n04067	n02329
n04067	n02433
n04068	n05528
n04069	n03032
n04069	n04405
n04069	n07952
n04069	n08774
n04069	n08776
n04069	n09487
n04070	n05637
n04070	n07236
n04071	n02542
n04071	n07447
n04072	n09294
n04073	n03789
n04074	n05853
n04074	n07115
n04074	n07236
n04074	n07241
n04074	n09011
n04075	n07332
n04075	n09572
n04076	n05865
n04076	n08879
n04076	n09227
n04077	n05758
n04078	n03891
n04078	n07072
n04078	n07778
n04079	n06063
n04080	n03789
n04080	n08152
n04081	n07826
n04081	n08648
n04082	n03748
n04083	n08152
n04083	n08446
n04083	n08581
n04084	n09328
n04085	n01424
n04085	n02543
n04085	n03096
n04085	n03256
n04085	n04994
n04085	n08582
n04085	n08811
n04086	n03104
n04086	n03707
n04086	n07417
n04086	n07577
n04086	n08151
n04087	n04901
n04087	n07417
n04088	n03892
n04089	n05852
n04089	n05993
n04089	n06273
n04089	n06275
n04089	n06435
n04089	n06569
n04089	n06570
n04089	n06571
n04089	n06743
n04089	n06744
n04089	n06745
n04089	n06746
n04089	n06747
n04089	n06911
n04089	n06912
n04089	n06914
n04089	n06917
n04089	n06918
n04089	n07236
n04089	n07237
n04089	n07238
n04089	n07244
n04089	n07419
n04089	n07580
n04089	n07582
n04089	n07954
n04089	n08374
n04089	n08583
n04089	n08587
n04089	n09488
n04090	n03190
n04091	n05011
n04092	n05226
n04093	n05216
n04093	n06571
n04093	n06745
n04093	n06917
n04093	n07072
n04093	n07237
n04093	n07241
n04093	n07419
n04093	n07583
n04093	n08154
n04093	n08155
n04093	n08991
n04093	n09488
n04094	n04334
n04095	n03275
n04095	n07418
n04095	n09488
n04096	n05102
n04096	n07416
n04096	n09582
n04097	n08948
n04099	n03197
n04099	n08773
n04100	n03394
n04100	n07117
n04100	n07416
n04100	n08372
n04100	n08774
n04102	n06031
n04102	n07578
n04102	n08151
n04102	n08372
n04102	n08581
n04102	n08987
n04102	n09226
n04103	n00072
n04104	n08152
n04104	n08581
n04104	n08598
n04104	n09228
n04105	n00566
n04105	n00905
n04105	n01438
n04105	n05899
n04106	n03719
n04107	n00569
n04107	n03276
n04107	n09227
n04108	n03320
n04108	n04441
n04108	n04858
n04108	n06921
n04109	n07417
n04109	n08774
n04110	n08252
n04111	n03043
n04111	n06274
n04111	n06913
n04111	n06918
n04112	n00066
n04112	n03975
n04113	n06068
n04114	n06911
n04114	n08496
n04116	n06310
n04116	n07264
n04116	n07629
n04116	n08152
n04116	n08372
n04116	n08987
n04117	n01423
n04117	n01673
n04117	n07952
n04117	n08989
n04117	n09487
n04118	n00556
n04119	n02645
n04119	n02984
n04120	n01694
n04120	n04455
n04120	n07417
n04120	n07577
n04120	n07952
n04120	n08371
n04120	n08373
n04120	n08773
n04120	n09487
n04121	n04980
n04121	n05188
n04121	n05627
n04121	n07416
n04121	n07577
n04121	n07578
n04121	n07767
n04121	n07952
n04121	n08581
n04121	n09227
n04122	n04343
n04122	n07112
n04122	n08186
n04123	n07850
n04124	n03821
n04125	n02890
n04125	n06969
n04125	n08234
n04126	n01687
n04126	n06272
n04126	n06918
n04127	n03657
n04127	n07244
n04127	n07419
n04127	n09488
n04128	n07953
n04128	n09672
n04129	n03382
n04131	n00552
n04131	n00751
n04132	n04086
n04132	n04432
n04132	n07578
n04132	n07952
n04132	n08773
n04132	n08774
n04132	n08987
n04133	n01883
n04133	n05993
n04133	n06746
n04133	n07236
n04133	n07238
n04134	n02416
n04134	n03248
n04134	n03953
n04136	n06442
n04137	n07980
n04137	n08167
n04138	n02856
n04139	n03270
n04140	n03531
n04140	n07455
n04140	n08598
n04141	n06451
n04143	n06911
n04143	n07071
n04143	n07580
n04143	n07597
n04144	n03185
n04144	n03398
n04145	n06937
n04145	n07977
n04146	n02739
n04146	n03097
n04146	n03251
n04146	n03395
n04146	n03459
n04147	n04999
n04147	n05001
n04147	n06325
n04147	n08773
n04148	n01856
n04148	n02329
n04148	n02433
n04148	n07416
n04148	n08775
n04149	n03331
n04150	n04066
n04150	n07578
n04150	n07593
n04150	n08151
n04150	n08371
n04151	n06454
n04152	n06613
n04152	n08011
n04153	n03809
n04154	n04326
n04155	n08169
n04156	n02430
n04156	n02869
n04157	n06980
n04158	n07284
n04158	n08371
n04158	n08989
n04158	n09226
n04160	n03885
n04160	n06950
n04160	n09576
n04161	n03723
n04162	n06985
n04163	n08449
n04163	n09533
n04164	n08221
n04164	n09351
n04165	n03471
n04165	n07419
n04165	n07420
n04165	n07794
n04165	n08007
n04165	n08583
n04165	n08586
n04166	n03052
n04166	n03405
n04166	n04155
n04166	n04876
n04166	n08581
n04167	n07344
n04167	n08774
n04168	n07815
n04169	n02969
n04169	n02972
n04170	n05657
n04171	n06640
n04172	n02645
n04172	n09273
n04173	n06176
n04174	n09328
n04175	n04343
n04176	n05738
n04176	n06164
n04176	n08788
n04176	n08987
n04176	n09228
n04176	n09229
n04177	n08441
n04178	n04546
n04178	n06064
n04179	n06507
n04180	n04090
n04181	n07502
n04181	n07578
n04181	n08775
n04181	n08988
n04182	n06359
n04182	n07416
n04182	n07578
n04182	n09227
n04183	n09142
n04184	n00926
n04184	n01183
n04184	n01197
n04184	n02335
n04184	n08371
n04184	n08373
n04184	n08989
n04185	n06655
n04185	n08616
n04186	n03406
n04186	n07506
n04186	n08470
n04187	n05107
n04187	n06272
n04187	n06911
n04187	n06912
n04187	n07072
n04187	n07073
n04187	n07240
n04187	n07243
n04188	n01675
n04188	n05424
n04188	n06334
n04188	n07072
n04188	n07995
n04189	n04563
n04189	n06500
n04189	n06916
n04189	n08587
n04189	n08990
n04190	n06636
n04191	n06350
n04192	n05933
n04193	n03798
n04193	n06132
n04193	n06570
n04193	n06744
n04193	n06916
n04193	n06917
n04193	n06918
n04193	n07242
n04193	n07420
n04193	n07582
n04193	n07583
n04193	n07768
n04193	n08583
n04193	n08585
n04193	n08587
n04194	n04094
n04194	n07315
n04194	n07866
n04194	n08775
n04195	n08442
n04195	n09227
n04196	n05852
n04196	n06133
n04196	n06272
n04196	n06273
n04196	n06274
n04196	n06275
n04196	n06436
n04196	n06571
n04196	n06745
n04196	n06746
n04196	n06749
n04196	n07239
n04196	n07244
n04196	n07418
n04196	n07953
n04196	n08588
n04196	n08990
n04196	n08992
n04197	n01476
n04197	n03562
n04198	n07340
n04198	n09063
n04199	n07767
n04200	n04459
n04200	n06436
n04200	n06569
n04200	n06744
n04200	n06915
n04200	n06917
n04200	n07238
n04200	n07243
n04200	n08583
n04200	n08584
n04200	n08587
n04200	n08588
n04200	n08991
n04200	n09488
n04201	n02766
n04202	n02448
n04202	n07354
n04203	n05251
n04203	n08988
n04204	n03826
n04204	n08774
n04204	n08987
n04204	n09228
n04205	n07886
n04205	n08480
n04206	n07888
n04207	n03279
n04207	n05661
n04207	n08774
n04208	n07871
n04208	n09634
n04209	n04078
n04209	n05557
n04210	n00586
n04210	n08582
n04212	n03126
n04213	n02758
n04213	n03474
n04214	n04674
n04214	n05392
n04214	n06276
n04215	n00517
n04215	n01417
n04215	n01418
n04215	n01658
n04217	n07075
n04218	n07599
n04219	n02961
n04219	n02964
n04220	n06150
n04220	n06273
n04220	n06274
n04220	n06918
n04220	n07239
n04221	n07075
n04222	n03864
n04223	n04868
n04224	n07577
n04225	n04600
n04225	n04863
n04226	n02423
n04226	n02962
n04226	n03252
n04226	n09229
n04227	n08820
n04228	n03785
n04228	n07602
n04229	n04232
n04229	n07416
n04230	n02849
n04231	n01420
n04231	n01858
n04231	n02753
n04232	n02633
n04232	n02857
n04232	n03780
n04233	n07092
n04234	n02635
n04234	n03786
n04234	n04146
n04235	n03530
n04235	n07822
n04236	n09267
n04237	n06451
n04238	n03528
n04238	n04989
n04238	n07416
n04238	n08152
n04238	n08372
n04238	n08776
n04238	n08989
n04239	n03531
n04239	n06003
n04239	n07455
n04240	n06172
n04240	n08582
n04241	n05411
n04241	n06917
n04241	n07073
n04241	n07954
n04241	n07972
n04241	n08154
n04241	n08586
n04242	n04795
n04242	n06148
n04242	n08988
n04243	n04827
n04243	n07243
n04244	n03462
n04244	n03898
n04245	n08817
n04245	n09263
n04246	n09239
n04247	n02862
n04248	n06617
n04248	n06745
n04248	n06914
n04248	n06919
n04248	n08154
n04249	n09589
n04250	n06042
n04250	n08151
n04250	n08639
n04251	n02969
n04251	n02972
n04252	n02337
n04254	n05754
n04254	n08988
n04255	n07654
n04255	n08487
n04256	n00565
n04256	n01169
n04256	n08371
n04256	n08988
n04257	n06352
n04257	n09021
n04258	n04812
n04258	n07996
n04259	n00547
n04259	n02331
n04259	n07578
n04259	n08773
n04260	n07577
n04260	n07578
n04260	n07806
n04260	n09227
n04261	n07073
n04261	n08881
n04262	n05131
n04262	n06744
n04262	n08151
n04262	n08581
n04262	n08774
n04262	n08776
n04263	n02071
n04264	n04403
n04264	n04599
n04264	n05229
n04264	n06137
n04265	n03339
n04266	n06130
n04266	n06131
n04266	n06133
n04266	n06273
n04266	n06275
n04266	n06435
n04266	n06436
n04266	n06570
n04266	n06571
n04266	n06746
n04266	n06747
n04266	n06748
n04266	n06911
n04266	n06912
n04266	n06914
n04266	n06917
n04266	n06918
n04266	n07071
n04266	n07073
n04266	n07239
n04266	n07240
n04266	n07242
n04266	n07418
n04266	n07579
n04266	n07580
n04266	n07582
n04266	n07583
n04266	n08153
n04266	n08155
n04266	n08586
n04266	n08990
n04266	n08991
n04266	n08992
n04266	n09488
n04267	n08061
n04268	n03905
n04268	n04438
n04268	n09298
n04269	n06224
n04269	n06620
n04269	n07417
n04270	n08012
n04270	n08166
n04270	n08775
n04270	n08776
n04271	n02084
n04271	n03492
n04272	n02979
n04272	n05108
n04273	n03542
n04275	n08244
n04276	n02340
n04276	n03065
n04276	n03626
n04277	n05919
n04277	n06274
n04277	n06743
n04277	n06744
n04277	n06911
n04277	n06914
n04278	n00041
n04278	n00059
n04278	n00087
n04278	n00538
n04278	n02081
n04279	n01189
n04279	n04264
n04280	n07240
n04281	n08849
n04282	n06652
n04282	n07416
n04283	n03912
n04283	n05745
n04284	n03575
n04284	n05439
n04285	n06495
n04285	n06846
n04286	n00560
n04286	n06789
n04286	n06862
n04287	n05138
n04287	n07577
n04287	n09227
n04288	n08776
n04288	n08988
n04288	n08989
n04288	n09227
n04289	n06130
n04289	n06917
n04289	n07074
n04289	n07145
n04289	n07582
n04289	n07954
n04289	n08375
n04290	n06083
n04290	n08372
n04292	n06060
n04293	n06691
n04293	n08987
n04293	n09226
n04294	n03543
n04294	n04141
n04294	n04237
n04294	n05997
n04295	n04718
n04295	n07416
n04295	n07953
n04295	n08152
n04295	n08587
n04295	n08775
n04295	n08988
n04295	n09226
n04296	n04707
n04296	n05192
n04296	n07578
n04296	n08188
n04296	n08371
n04296	n08373
n04296	n08807
n04297	n01219
n04297	n09172
n04298	n06375
n04299	n05942
n04300	n00954
n04300	n06912
n04300	n07236
n04300	n08991
n04301	n06272
n04301	n06386
n04301	n09488
n04302	n07670
n04302	n09622
n04303	n04553
n04305	n02553
n04305	n07952
n04305	n08987
n04306	n03516
n04306	n06460
n04306	n07579
n04306	n09321
n04307	n03918
n04307	n06913
n04307	n06917
n04307	n07238
n04307	n07418
n04307	n07583
n04308	n04037
n04309	n05719
n04309	n06138
n04309	n06274
n04309	n06569
n04309	n06744
n04309	n06748
n04309	n06911
n04309	n06917
n04309	n07072
n04309	n07237
n04309	n07243
n04309	n07954
n04309	n07955
n04309	n08153
n04309	n08588
n04309	n08991
n04310	n05079
n04310	n06437
n04311	n08157
n04312	n04507
n04312	n05856
n04312	n07077
n04312	n07254
n04313	n05079
n04313	n06437
n04314	n08157
n04316	n02058
n04316	n02844
n04317	n02324
n04317	n02845
n04317	n03095
n04317	n04217
n04317	n04221
n04318	n03778
n04318	n06007
n04318	n06439
n04318	n08782
n04319	n02423
n04319	n02962
n04319	n03252
n04319	n09229
n04320	n06570
n04320	n06746
n04320	n06748
n04320	n06775
n04320	n06911
n04320	n07073
n04320	n07954
n04320	n08153
n04320	n08584
n04320	n08588
n04320	n09495
n04321	n01862
n04321	n05743
n04322	n04329
n04323	n02633
n04323	n02857
n04323	n03780
n04324	n04329
n04326	n02849
n04326	n06286
n04327	n01187
n04328	n00885
n04328	n06179
n04329	n01419
n04329	n03957
n04329	n03959
n04329	n03960
n04329	n04043
n04329	n04782
n04331	n04326
n04332	n05538
n04333	n02207
n04333	n04615
n04334	n04790
n04335	n08674
n04335	n08987
n04336	n01175
n04336	n03781
n04337	n08219
n04338	n05901
n04338	n07952
n04339	n03525
n04340	n08989
n04340	n09555
n04341	n06020
n04342	n07417
n04342	n09303
n04343	n09544
n04344	n05521
n04344	n05907
n04344	n06780
n04346	n07332
n04347	n05757
n04349	n02067
n04350	n03115
n04350	n03880
n04350	n06911
n04350	n07583
n04350	n09329
n04351	n02339
n04352	n03462
n04352	n03898
n04353	n06626
n04353	n07833
n04354	n02977
n04354	n03107
n04354	n03112
n04354	n06914
n04354	n08153
n04355	n06954
n04356	n09598
n04357	n06130
n04357	n06917
n04357	n07242
n04357	n08992
n04358	n03262
n04358	n05900
n04358	n08487
n04359	n04431
n04359	n05214
n04361	n02430
n04361	n02869
n04362	n06478
n04362	n06569
n04362	n06743
n04362	n06744
n04362	n06746
n04362	n06919
n04362	n07244
n04362	n07580
n04362	n07581
n04362	n07582
n04362	n07768
n04362	n07954
n04362	n08584
n04362	n08585
n04362	n08992
n04363	n08126
n04364	n06696
n04364	n09226
n04365	n07361
n04366	n03474
n04367	n02427
n04367	n03919
n04367	n08775
n04368	n06130
n04368	n06131
n04368	n06133
n04368	n06918
n04368	n08154
n04369	n02079
n04370	n07161
n04370	n09137
n04371	n02986
n04371	n07418
n04371	n07583
n04371	n08805
n04372	n06745
n04372	n07420
n04372	n07537
n04372	n08991
n04373	n04327
n04373	n06144
n04373	n06147
n04374	n03537
n04374	n03648
n04374	n08015
n04375	n07477
n04375	n08583
n04376	n04245
n04376	n08371
n04376	n08773
n04376	n09226
n04377	n05993
n04377	n06336
n04377	n08583
n04378	n05863
n04378	n06000
n04378	n07481
n04379	n07328
n04379	n09352
n04380	n05994
n04380	n08998
n04381	n03728
n04381	n05880
n04381	n07577
n04381	n08152
n04381	n08776
n04381	n08989
n04382	n02547
n04382	n05582
n04383	n01881
n04384	n04538
n04385	n07689
n04386	n05304
n04386	n05908
n04386	n08674
n04386	n09227
n04386	n09228
n04387	n06530
n04388	n05666
n04388	n08569
n04389	n03811
n04389	n04425
n04389	n08372
n04390	n06945
n04390	n07242
n04390	n08154
n04390	n08585
n04390	n08588
n04391	n08082
n04392	n07475
n04392	n08091
n04393	n04091
n04394	n02224
n04394	n02863
n04394	n05858
n04395	n02985
n04395	n09229
n04397	n04674
n04397	n05392
n04397	n06276
n04398	n04507
n04398	n05856
n04398	n07077
n04398	n07254
n04399	n05714
n04399	n07076
n04400	n01419
n04400	n03957
n04400	n03959
n04400	n03960
n04400	n04043
n04400	n04782
n04401	n05718
n04401	n06000
n04403	n03325
n04404	n01160
n04404	n02060
n04404	n02061
n04404	n03455
n04405	n04226
n04405	n04319
n04405	n07577
n04406	n02324
n04406	n02845
n04406	n03095
n04406	n04217
n04406	n04221
n04407	n08798
n04408	n06581
n04409	n09527
n04410	n02324
n04410	n02845
n04410	n03095
n04410	n04217
n04410	n04221
n04410	n09487
n04411	n09013
n04412	n04053
n04413	n05999
n04413	n06929
n04413	n07606
n04415	n06952
n04416	n06943
n04417	n05507
n04417	n08151
n04417	n08988
n04418	n04325
n04419	n05000
n04419	n09269
n04420	n04611
n04420	n06594
n04421	n03784
n04421	n08773
n04422	n03328
n04422	n03968
n04422	n07577
n04422	n08987
n04423	n07270
n04424	n06182
n04425	n06182
n04425	n07962
n04425	n08152
n04426	n09013
n04427	n02537
n04427	n03253
n04428	n09562
n04429	n03458
n04429	n03701
n04429	n05639
n04430	n03529
n04430	n04234
n04431	n03465
n04431	n04058
n04431	n05205
n04432	n03104
n04432	n03707
n04433	n00002
n04433	n00016
n04433	n00534
n04433	n00535
n04433	n00893
n04434	n08415
n04435	n03528
n04435	n04989
n04435	n08372
n04436	n05730
n04437	n03874
n04438	n06808
n04438	n07463
n04438	n07983
n04439	n03967
n04440	n07416
n04440	n07417
n04440	n08152
n04440	n08582
n04440	n08776
n04440	n08989
n04441	n03860
n04441	n07250
n04441	n07276
n04441	n07961
n04442	n09064
n04443	n06984
n04443	n08774
n04444	n05092
n04444	n05852
n04444	n06436
n04444	n08990
n04444	n08991
n04445	n05305
n04445	n05533
n04446	n01191
n04446	n01664
n04446	n02648
n04446	n02744
n04446	n06302
n04446	n06436
n04446	n06569
n04446	n06745
n04446	n06746
n04446	n06911
n04446	n06917
n04447	n07858
n04447	n08790
n04449	n00547
n04449	n02331
n04449	n07578
n04449	n08773
n04450	n07841
n04451	n02747
n04451	n09487
n04452	n03557
n04454	n04154
n04454	n04331
n04455	n07767
n04456	n06045
n04456	n07416
n04456	n07577
n04457	n03712
n04457	n04335
n04458	n02979
n04458	n05108
n04459	n05993
n04459	n06275
n04459	n06435
n04459	n06747
n04459	n06749
n04459	n06912
n04459	n06913
n04459	n06914
n04459	n06916
n04459	n07239
n04459	n08585
n04459	n08992
n04460	n07488
n04461	n03273
n04461	n09565
n04462	n03285
n04462	n03467
n04463	n09395
n04464	n02334
n04464	n04084
n04464	n04174
n04465	n04447
n04466	n07577
n04466	n08373
n04466	n08582
n04466	n08776
n04466	n09226
n04466	n09228
n04467	n00049
n04468	n05435
n04468	n06499
n04468	n07416
n04468	n08774
n04468	n09228
n04469	n04538
n04470	n04175
n04470	n09637
n04471	n02437
n04471	n03787
n04471	n05425
n04471	n06335
n04471	n06462
n04472	n02887
n04473	n03725
n04474	n04353
n04475	n03319
n04475	n03320
n04475	n07109
n04475	n07961
n04476	n06130
n04476	n06131
n04476	n06132
n04476	n06133
n04476	n06272
n04476	n06273
n04476	n06275
n04476	n06436
n04476	n06569
n04476	n06570
n04476	n06743
n04476	n06745
n04476	n06748
n04476	n06914
n04476	n06918
n04476	n07071
n04476	n07073
n04476	n07236
n04476	n07237
n04476	n07579
n04476	n07580
n04476	n07583
n04476	n07954
n04476	n07955
n04476	n08154
n04476	n08374
n04476	n08375
n04476	n08586
n04477	n06222
n04477	n09249
n04478	n05671
n04478	n06340
n04480	n08257
n04481	n02880
n04482	n06134
n04483	n05554
n04484	n03483
n04484	n06272
n04484	n06916
n04484	n07419
n04484	n07537
n04484	n07954
n04484	n08990
n04484	n09488
n04485	n03345
n04485	n08774
n04485	n08988
n04486	n08530
n04487	n06998
n04487	n09344
n04488	n02557
n04488	n03829
n04489	n07904
n04490	n04316
n04490	n04361
n04490	n07519
n04491	n07334
n04492	n03193
n04492	n03200
n04492	n04073
n04492	n04080
n04493	n05538
n04493	n08496
n04494	n04181
n04494	n08907
n04495	n05440
n04495	n05817
n04496	n06997
n04496	n07031
n04496	n08151
n04496	n08988
n04496	n09226
n04497	n07027
n04497	n09670
n04498	n00051
n04498	n00109
n04498	n02900
n04499	n02339
n04500	n07649
n04500	n09487
n04501	n03481
n04501	n03653
n04502	n06234
n04502	n07578
n04502	n07952
n04502	n08581
n04503	n04397
n04503	n07491
n04503	n07580
n04503	n08155
n04503	n08585
n04503	n09487
n04504	n02205
n04504	n03776
n04505	n05279
n04505	n06139
n04505	n07587
n04507	n02846
n04507	n04041
n04507	n04135
n04508	n06272
n04508	n08386
n04509	n04861
n04509	n05395
n04510	n07599
n04511	n07620
n04512	n06570
n04512	n06746
n04512	n06748
n04512	n06775
n04512	n06911
n04512	n07073
n04512	n07954
n04512	n08153
n04512	n08584
n04512	n08588
n04512	n09495
n04513	n02960
n04514	n04222
n04515	n04777
n04515	n05086
n04515	n06154
n04515	n06589
n04516	n05852
n04516	n05993
n04516	n06131
n04516	n06132
n04516	n06272
n04516	n06274
n04516	n06275
n04516	n06435
n04516	n06436
n04516	n06569
n04516	n06743
n04516	n06744
n04516	n06747
n04516	n06749
n04516	n06914
n04516	n06917
n04516	n06919
n04516	n07071
n04516	n07237
n04516	n07238
n04516	n07418
n04516	n07582
n04516	n07768
n04516	n07953
n04516	n07954
n04516	n08154
n04516	n08374
n04516	n08585
n04517	n00531
n04517	n01422
n04518	n06150
n04518	n06744
n04518	n06918
n04518	n07238
n04518	n07239
n04519	n03521
n04520	n06318
n04521	n04226
n04521	n04317
n04521	n04319
n04522	n04054
n04522	n06608
n04522	n08989
n04523	n04865
n04523	n05090
n04523	n05197
n04524	n04867
n04524	n08989
n04524	n08992
n04524	n09538
n04525	n06442
n04526	n04050
n04526	n04864
n04526	n05740
n04527	n05101
n04528	n03465
n04528	n04058
n04528	n05205
n04529	n03328
n04529	n03968
n04529	n08780
n04530	n08371
n04530	n09031
n04532	n07638
n04532	n07767
n04532	n08775
n04533	n04407
n04533	n09257
n04534	n06472
n04535	n07101
n04535	n08380
n04536	n02084
n04536	n03492
n04537	n06937
n04537	n07977
n04538	n06134
n04539	n03720
n04540	n07464
n04541	n02969
n04541	n02972
n04542	n04060
n04542	n08582
n04543	n08832
n04543	n09516
n04544	n04797
n04544	n06274
n04544	n07238
n04544	n08155
n04545	n06503
n04546	n06624
n04547	n03610
n04547	n04443
n04548	n07651
n04549	n01863
n04549	n07094
n04549	n08774
n04550	n03897
n04551	n03291
n04551	n03970
n04552	n05770
n04552	n08899
n04553	n04441
n04553	n07912
n04554	n04532
n04554	n07578
n04555	n04441
n04555	n05620
n04556	n02983
n04557	n02067
n04557	n08868
n04558	n07416
n04558	n07417
n04558	n08152
n04558	n08774
n04558	n09228
n04558	n09487
n04559	n06497
n04560	n04318
n04560	n04685
n04561	n05444
n04562	n04949
n04562	n07306
n04563	n06743
n04563	n07073
n04563	n07074
n04563	n07239
n04563	n08430
n04563	n08991
n04564	n07262
n04564	n08801
n04564	n08851
n04565	n01681
n04565	n09110
n04566	n06852
n04566	n07577
n04566	n08776
n04566	n08987
n04567	n06911
n04567	n08063
n04568	n02213
n04568	n07578
n04569	n05650
n04569	n06911
n04569	n07071
n04569	n07072
n04569	n07580
n04569	n08153
n04569	n08155
n04569	n08991
n04570	n03051
n04571	n03549
n04571	n08774
n04571	n09487
n04572	n08375
n04572	n08584
n04572	n08990
n04572	n09659
n04573	n00585
n04573	n04713
n04574	n04624
n04575	n03991
n04575	n07466
n04575	n09487
n04576	n03915
n04576	n08581
n04576	n08987
n04577	n02075
n04577	n02535
n04578	n04334
n04578	n07952
n04578	n08371
n04578	n08372
n04578	n08582
n04579	n07671
n04580	n04335
n04580	n06674
n04580	n07891
n04580	n08989
n04580	n09487
n04581	n07906
n04581	n08375
n04581	n08584
n04582	n02885
n04582	n03731
n04583	n06522
n04584	n00183
n04586	n06989
n04586	n07416
n04586	n07578
n04586	n08151
n04586	n08773
n04586	n09226
n04587	n04267
n04588	n06133
n04588	n06272
n04588	n06435
n04588	n06570
n04588	n06749
n04588	n06915
n04588	n07071
n04588	n07073
n04588	n07579
n04588	n07953
n04589	n06916
n04589	n07341
n04589	n07367
n04589	n09369
n04590	n03550
n04590	n08371
n04591	n07462
n04591	n09644
n04592	n09489
n04594	n05079
n04594	n06437
n04595	n04312
n04595	n04398
n04595	n04773
n04595	n05859
n04595	n06926
n04596	n06574
n04596	n07417
n04596	n08372
n04597	n07417
n04599	n03325
n04600	n05739
n04600	n08374
n04601	n03180
n04602	n01160
n04602	n02060
n04602	n02061
n04602	n03455
n04604	n04320
n04604	n04512
n04604	n06917
n04604	n07772
n04604	n07953
n04604	n08585
n04604	n08992
n04605	n05852
n04605	n05993
n04605	n06130
n04605	n06132
n04605	n06133
n04605	n06272
n04605	n06275
n04605	n06436
n04605	n06570
n04605	n06571
n04605	n06748
n04605	n06911
n04605	n06913
n04605	n06919
n04605	n07071
n04605	n07072
n04605	n07073
n04605	n07238
n04605	n07242
n04605	n07243
n04605	n07419
n04605	n07420
n04605	n07582
n04605	n08991
n04606	n03872
n04607	n03608
n04607	n03962
n04607	n04869
n04607	n07577
n04607	n08989
n04608	n03870
n04609	n06473
n04609	n06962
n04610	n03608
n04610	n03962
n04610	n04869
n04611	n07416
n04611	n07767
n04612	n04413
n04612	n09498
n04613	n05638
n04613	n06761
n04613	n06796
n04613	n07428
n04614	n03870
n04615	n02849
n04616	n07776
n04616	n08205
n04617	n03695
n04617	n04226
n04617	n04319
n04617	n08776
n04617	n09228
n04618	n04234
n04619	n00891
n04619	n04070
n04620	n03107
n04621	n09294
n04622	n06787
n04622	n08371
n04622	n08373
n04622	n08581
n04622	n08775
n04623	n02426
n04624	n03340
n04625	n02066
n04625	n04529
n04626	n02849
n04626	n05726
n04627	n06312
n04627	n09040
n04628	n04696
n04629	n07294
n04629	n09487
n04630	n05650
n04630	n06911
n04630	n07071
n04630	n07072
n04630	n07580
n04631	n02068
n04631	n07578
n04632	n00891
n04632	n04070
n04632	n06273
n04632	n06435
n04632	n06913
n04632	n06915
n04632	n07073
n04632	n07241
n04632	n07768
n04632	n07954
n04632	n07955
n04632	n08586
n04632	n08587
n04632	n08991
n04632	n09488
n04633	n02442
n04633	n03042
n04634	n07416
n04634	n07577
n04634	n07767
n04634	n07952
n04634	n08152
n04634	n08372
n04635	n01424
n04635	n02543
n04635	n03096
n04635	n03256
n04635	n04994
n04636	n07850
n04637	n06955
n04637	n08470
n04638	n07435
n04638	n09038
n04639	n08151
n04639	n08372
n04639	n08773
n04639	n08774
n04639	n08776
n04639	n08987
n04640	n09589
n04641	n07989
n04641	n08675
n04641	n08773
n04642	n03557
n04642	n09007
n04643	n02983
n04644	n08505
n04645	n07162
n04645	n08152
n04645	n08651
n04646	n06983
n04646	n07870
n04647	n06112
n04647	n07417
n04648	n05132
n04648	n06955
n04648	n08034
n04649	n08083
n04650	n06275
n04650	n08990
n04650	n09122
n04650	n09488
n04651	n05321
n04651	n07491
n04651	n07582
n04651	n09229
n04652	n03555
n04653	n05993
n04653	n06133
n04653	n06272
n04653	n06273
n04653	n06274
n04653	n06570
n04653	n06571
n04653	n06745
n04653	n06746
n04653	n06747
n04653	n06911
n04653	n06914
n04653	n06917
n04653	n07071
n04653	n07072
n04653	n07074
n04653	n07239
n04653	n07243
n04653	n07244
n04653	n07579
n04653	n07953
n04653	n07955
n04653	n08375
n04653	n08583
n04653	n08991
n04653	n08992
n04654	n00577
n04654	n07952
n04654	n08988
n04656	n07960
n04656	n08152
n04657	n07264
n04657	n08478
n04657	n08581
n04657	n08776
n04657	n09487
n04657	n09536
n04658	n05852
n04658	n05993
n04658	n06132
n04658	n06272
n04658	n06273
n04658	n06274
n04658	n06275
n04658	n06436
n04658	n06569
n04658	n06571
n04658	n06745
n04658	n06749
n04658	n06915
n04658	n06916
n04658	n06917
n04658	n07071
n04658	n07073
n04658	n07074
n04658	n07236
n04658	n07237
n04658	n07238
n04658	n07240
n04658	n07241
n04658	n07420
n04658	n07579
n04658	n07580
n04658	n07581
n04658	n07768
n04658	n07954
n04658	n08154
n04658	n08585
n04658	n08587
n04658	n08588
n04658	n08990
n04658	n08992
n04659	n03001
n04659	n04458
n04660	n06036
n04660	n07186
n04661	n06219
n04662	n08029
n04663	n08517
n04664	n00209
n04665	n06369
n04665	n08151
n04666	n04292
n04666	n09522
n04667	n07687
n04667	n07849
n04667	n08773
n04667	n08774
n04667	n08987
n04668	n03352
n04668	n08992
n04669	n04197
n04670	n03296
n04671	n02448
n04671	n08989
n04671	n09487
n04672	n00091
n04672	n00633
n04673	n03341
n04673	n08776
n04673	n08987
n04674	n04308
n04674	n06911
n04674	n07071
n04674	n07241
n04674	n07418
n04674	n07420
n04675	n04861
n04675	n05395
n04676	n07075
n04676	n07416
n04676	n07577
n04676	n07578
n04676	n07767
n04676	n08776
n04677	n06574
n04677	n07417
n04677	n08372
n04678	n06008
n04678	n07976
n04679	n05510
n04679	n06283
n04679	n06580
n04680	n06912
n04680	n06916
n04680	n07241
n04681	n03954
n04681	n04218
n04681	n04510
n04681	n06130
n04682	n03694
n04682	n04042
n04682	n09503
n04683	n04596
n04683	n04677
n04683	n04976
n04683	n07970
n04684	n08394
n04684	n08988
n04685	n03778
n04685	n06007
n04685	n06439
n04685	n08782
n04686	n03521
n04687	n07577
n04687	n07767
n04687	n08581
n04687	n08773
n04688	n03722
n04688	n06781
n04689	n07274
n04690	n04790
n04690	n07578
n04691	n05221
n04692	n07416
n04692	n07578
n04694	n07305
n04694	n07578
n04694	n07767
n04694	n08774
n04694	n08989
n04695	n06028
n04695	n08788
n04695	n09541
n04697	n08001
n04698	n06463
n04699	n07577
n04700	n08164
n04700	n09057
n04701	n03457
n04701	n04136
n04701	n04525
n04701	n04991
n04702	n05852
n04702	n05993
n04702	n06273
n04702	n06275
n04702	n06435
n04702	n06743
n04702	n06748
n04702	n06749
n04702	n06915
n04702	n07071
n04702	n07073
n04702	n07241
n04702	n07419
n04702	n07953
n04702	n08155
n04702	n08374
n04702	n08584
n04703	n02208
n04703	n02639
n04703	n03102
n04703	n03258
n04703	n04535
n04703	n05733
n04703	n09501
n04704	n05852
n04704	n06133
n04704	n06273
n04704	n06275
n04704	n06435
n04704	n06570
n04704	n06571
n04704	n06744
n04704	n06747
n04704	n06748
n04704	n06913
n04704	n06914
n04704	n06919
n04704	n07071
n04704	n07072
n04704	n07074
n04704	n07237
n04704	n07238
n04704	n07239
n04704	n07240
n04704	n07242
n04704	n07418
n04704	n07419
n04704	n07579
n04704	n07580
n04704	n07583
n04704	n07954
n04705	n06570
n04705	n07236
n04705	n07244
n04705	n07621
n04706	n04871
n04707	n05634
n04707	n07604
n04708	n04047
n04708	n04686
n04708	n05202
n04708	n06295
n04709	n05416
n04710	n07828
n04711	n04618
n04712	n06474
n04713	n02208
n04713	n02639
n04713	n03102
n04713	n03258
n04713	n04535
n04713	n06021
n04713	n09501
n04714	n03104
n04714	n03707
n04714	n08372
n04716	n06132
n04716	n06272
n04716	n06275
n04716	n06321
n04716	n06569
n04716	n06570
n04716	n06743
n04716	n06913
n04716	n07243
n04716	n07244
n04716	n07579
n04716	n07581
n04716	n07953
n04716	n07955
n04716	n08155
n04716	n08375
n04716	n08583
n04716	n08819
n04716	n08990
n04716	n08991
n04717	n08198
n04717	n09487
n04718	n02073
n04718	n02560
n04718	n03616
n04719	n07005
n04719	n08773
n04719	n08776
n04719	n09228
n04720	n04246
n04720	n05211
n04721	n00049
n04721	n05721
n04723	n07293
n04723	n07577
n04723	n08652
n04724	n05296
n04725	n04692
n04725	n05545
n04725	n09226
n04726	n02207
n04726	n04154
n04726	n04331
n04726	n04615
n04727	n07666
n04728	n08420
n04729	n07483
n04729	n08152
n04729	n08581
n04730	n04704
n04730	n06911
n04730	n08584
n04731	n03714
n04731	n06275
n04731	n06749
n04731	n06911
n04731	n07072
n04731	n08154
n04732	n07417
n04732	n07582
n04733	n06828
n04733	n07419
n04733	n07420
n04733	n07582
n04733	n08375
n04733	n09488
n04734	n03886
n04734	n05786
n04734	n08451
n04735	n05007
n04736	n08987
n04736	n09521
n04737	n06679
n04738	n04422
n04738	n05421
n04739	n04726
n04739	n06917
n04740	n07839
n04741	n06677
n04742	n08689
n04742	n08987
n04743	n04715
n04744	n05947
n04745	n06804
n04745	n07486
n04745	n08989
n04746	n07662
n04747	n06171
n04747	n09576
n04748	n06132
n04748	n06571
n04748	n06919
n04748	n07238
n04748	n08224
n04748	n08837
n04748	n09088
n04750	n07672
n04751	n07795
n04752	n07493
n04752	n08632
n04753	n04794
n04753	n05209
n04753	n05417
n04753	n05782
n04753	n06309
n04753	n06819
n04753	n08151
n04753	n08581
n04753	n08773
n04753	n08775
n04753	n09226
n04754	n06854
n04754	n07577
n04754	n08372
n04755	n06131
n04755	n06272
n04755	n06435
n04755	n06570
n04755	n06571
n04755	n06743
n04755	n06744
n04755	n06745
n04755	n06746
n04755	n06747
n04755	n06912
n04755	n06913
n04755	n06916
n04755	n06917
n04755	n06919
n04755	n07071
n04755	n07072
n04755	n07073
n04755	n07074
n04755	n07236
n04755	n07238
n04755	n07239
n04755	n07240
n04755	n07242
n04755	n07243
n04755	n07244
n04755	n07418
n04755	n07419
n04755	n07580
n04755	n07582
n04755	n07583
n04755	n07953
n04755	n07954
n04755	n07955
n04755	n08154
n04755	n08155
n04755	n08374
n04755	n08375
n04755	n08583
n04755	n08586
n04755	n08992
n04756	n04636
n04757	n03215
n04757	n05993
n04757	n06132
n04757	n06749
n04757	n06917
n04757	n07071
n04757	n07073
n04757	n07580
n04757	n07581
n04757	n08585
n04757	n08588
n04758	n03353
n04759	n05466
n04759	n05578
n04761	n01785
n04761	n04186
n04761	n04595
n04761	n07614
n04761	n09551
n04762	n04359
n04762	n05552
n04763	n08372
n04763	n08603
n04763	n08987
n04763	n09034
n04763	n09227
n04764	n07866
n04764	n08929
n04765	n06130
n04765	n06133
n04765	n06436
n04765	n06569
n04765	n06746
n04765	n06912
n04765	n06914
n04765	n06917
n04765	n07238
n04765	n07239
n04765	n07241
n04765	n07418
n04765	n07420
n04765	n08155
n04765	n08584
n04765	n08587
n04765	n08991
n04765	n09488
n04766	n00099
n04766	n01469
n04767	n00047
n04768	n01888
n04768	n03473
n04768	n07416
n04768	n07578
n04768	n07952
n04768	n08152
n04768	n08372
n04768	n08775
n04768	n08989
n04768	n09229
n04769	n09489
n04770	n08152
n04771	n04770
n04771	n04859
n04771	n04968
n04771	n05857
n04771	n07417
n04771	n07578
n04771	n07952
n04771	n08158
n04772	n04312
n04772	n04398
n04772	n04773
n04772	n05859
n04772	n06926
n04773	n04507
n04773	n05856
n04773	n07077
n04773	n07254
n04775	n06275
n04775	n07768
n04775	n08153
n04775	n08386
n04775	n08583
n04775	n08585
n04776	n06581
n04777	n09251
n04779	n07441
n04780	n04222
n04781	n06752
n04781	n07993
n04783	n07601
n04784	n07416
n04784	n07577
n04784	n08168
n04785	n05089
n04786	n04404
n04787	n04688
n04788	n01175
n04788	n03781
n04789	n08802
n04789	n09023
n04790	n09246
n04791	n09013
n04792	n02330
n04792	n05413
n04792	n05852
n04793	n08019
n04793	n09227
n04794	n03868
n04794	n04226
n04794	n04319
n04794	n08774
n04795	n03612
n04795	n07577
n04795	n07767
n04795	n09226
n04796	n05868
n04797	n05852
n04797	n05993
n04797	n06130
n04797	n06132
n04797	n06133
n04797	n06272
n04797	n06273
n04797	n06275
n04797	n06436
n04797	n06569
n04797	n06570
n04797	n06571
n04797	n06744
n04797	n06745
n04797	n06746
n04797	n06747
n04797	n06912
n04797	n06916
n04797	n06917
n04797	n06918
n04797	n06919
n04797	n07073
n04797	n07581
n04797	n07583
n04797	n08583
n04798	n02750
n04798	n03195
n04798	n04634
n04798	n05004
n04799	n02208
n04799	n02639
n04799	n03102
n04799	n03258
n04799	n04535
n04800	n08001
n04801	n09505
n04802	n07778
n04802	n08205
n04803	n08164
n04803	n09057
n04804	n06996
n04805	n00891
n04805	n04070
n04806	n04411
n04806	n04426
n04806	n04791
n04806	n05414
n04806	n06466
n04807	n03544
n04807	n08987
n04808	n00891
n04808	n04070
n04809	n03614
n04809	n04781
n04809	n07291
n04809	n07647
n04809	n09035
n04810	n06275
n04810	n06321
n04810	n06913
n04810	n07244
n04810	n07581
n04810	n07953
n04810	n08154
n04810	n08155
n04810	n08583
n04810	n08819
n04810	n08990
n04810	n08992
n04811	n09264
n04812	n04598
n04812	n07615
n04813	n06272
n04813	n08666
n04813	n08992
n04814	n06465
n04814	n08581
n04815	n01423
n04815	n01673
n04815	n07952
n04815	n08418
n04815	n08989
n04816	n08800
n04817	n00567
n04817	n01433
n04817	n03189
n04817	n05217
n04817	n06272
n04817	n06296
n04817	n06914
n04817	n07583
n04817	n07953
n04818	n07434
n04818	n08775
n04820	n03886
n04821	n00529
n04821	n03198
n04822	n07952
n04822	n08018
n04822	n08373
n04822	n08776
n04822	n08988
n04823	n00906
n04824	n04796
n04824	n04882
n04824	n05087
n04826	n02750
n04826	n03195
n04826	n04634
n04826	n05004
n04827	n06966
n04827	n08584
n04827	n08588
n04828	n04245
n04829	n03043
n04829	n06131
n04829	n06745
n04829	n06913
n04829	n07238
n04829	n07242
n04829	n07418
n04829	n07580
n04829	n08990
n04830	n03836
n04830	n07072
n04831	n06225
n04831	n08581
n04831	n08776
n04831	n08988
n04832	n03806
n04832	n08363
n04833	n05497
n04833	n08776
n04834	n00049
n04835	n01212
n04835	n03336
n04835	n03410
n04836	n05763
n04836	n07237
n04836	n08375
n04837	n05852
n04837	n06130
n04837	n06131
n04837	n06132
n04837	n06133
n04837	n06273
n04837	n06275
n04837	n06436
n04837	n06569
n04837	n06571
n04837	n06744
n04837	n06745
n04837	n06746
n04837	n06747
n04837	n06748
n04837	n06912
n04837	n06915
n04837	n06916
n04837	n06917
n04837	n06919
n04837	n07071
n04837	n07072
n04837	n07074
n04837	n07236
n04837	n07237
n04837	n07238
n04837	n07239
n04837	n07240
n04837	n07241
n04837	n07242
n04837	n07243
n04837	n07244
n04837	n07419
n04837	n07579
n04837	n07768
n04837	n07954
n04837	n08154
n04837	n08155
n04837	n08587
n04837	n08588
n04837	n08990
n04837	n08992
n04838	n02551
n04838	n08990
n04839	n02742
n04839	n02973
n04840	n00201
n04840	n02980
n04840	n08701
n04841	n03626
n04841	n08374
n04842	n06363
n04843	n08064
n04844	n04629
n04844	n07578
n04844	n08151
n04844	n08988
n04845	n07416
n04845	n07767
n04845	n08582
n04845	n08773
n04847	n04171
n04848	n06130
n04848	n06748
n04848	n07071
n04848	n07072
n04848	n07244
n04848	n07419
n04848	n07581
n04848	n08588
n04848	n08991
n04849	n05324
n04849	n06436
n04849	n06744
n04849	n06749
n04849	n06914
n04849	n07071
n04849	n07583
n04849	n08584
n04851	n03546
n04851	n07661
n04852	n07498
n04852	n08903
n04853	n08669
n04853	n09069
n04854	n05653
n04854	n08987
n04855	n03464
n04855	n03615
n04855	n04443
n04856	n03123
n04857	n00927
n04857	n03789
n04858	n02416
n04858	n03248
n04859	n08152
n04860	n04974
n04861	n05080
n04862	n03954
n04862	n04218
n04862	n04510
n04862	n06130
n04863	n05739
n04863	n08994
n04865	n05878
n04865	n06765
n04865	n07577
n04865	n08372
n04865	n08582
n04866	n04867
n04867	n04681
n04867	n04862
n04867	n08585
n04868	n05514
n04869	n06289
n04869	n06440
n04870	n03460
n04872	n07990
n04872	n09250
n04873	n05631
n04874	n07999
n04875	n03958
n04876	n08169
n04877	n05903
n04878	n05633
n04878	n06588
n04878	n08151
n04878	n08152
n04878	n08988
n04880	n05660
n04880	n06790
n04881	n02636
n04881	n02740
n04881	n07952
n04881	n08371
n04882	n05868
n04883	n04051
n04884	n02634
n04884	n03110
n04884	n03783
n04884	n03869
n04884	n04224
n04884	n07416
n04884	n07767
n04884	n07952
n04884	n08371
n04884	n08373
n04884	n09229
n04885	n04999
n04885	n06325
n04886	n05641
n04886	n06436
n04886	n08990
n04888	n05898
n04888	n06809
n04888	n07634
n04888	n08151
n04889	n04056
n04890	n02634
n04890	n03110
n04890	n03783
n04890	n03869
n04890	n04224
n04890	n07416
n04890	n07767
n04890	n07952
n04890	n08371
n04890	n08373
n04890	n09229
n04891	n03965
n04893	n04678
n04893	n07464
n04894	n01879
n04895	n04796
n04895	n04882
n04896	n01856
n04896	n02329
n04896	n02433
n04896	n08775
n04897	n03462
n04897	n03898
n04898	n05754
n04899	n03112
n04899	n03268
n04899	n06132
n04899	n06913
n04899	n06946
n04900	n04072
n04900	n04621
n04901	n07767
n04901	n08582
n04901	n08774
n04903	n06172
n04904	n05993
n04904	n06132
n04904	n06274
n04904	n06435
n04904	n06436
n04904	n06569
n04904	n06570
n04904	n06571
n04904	n06746
n04904	n06747
n04904	n06911
n04904	n06912
n04904	n06913
n04904	n06914
n04904	n06916
n04904	n06918
n04904	n07072
n04904	n07074
n04904	n07236
n04904	n07237
n04904	n07238
n04904	n07241
n04904	n07242
n04904	n07243
n04904	n07244
n04904	n07418
n04904	n07419
n04904	n07420
n04904	n07579
n04904	n07582
n04904	n07583
n04904	n07768
n04904	n07953
n04904	n08155
n04904	n08374
n04904	n08375
n04904	n08587
n04904	n08588
n04904	n08992
n04905	n09053
n04907	n04622
n04907	n08151
n04907	n08372
n04907	n08774
n04907	n08987
n04907	n09227
n04908	n02069
n04908	n02775
n04909	n08998
n04909	n09499
n04910	n03809
n04911	n04515
n04911	n04883
n04911	n07159
n04912	n03974
n04912	n07578
n04913	n09604
n04914	n04884
n04914	n04890
n04914	n08151
n04914	n08439
n04914	n08775
n04914	n09227
n04915	n04818
n04915	n07640
n04915	n08614
n04915	n09227
n04915	n09228
n04916	n07452
n04916	n08835
n04917	n05668
n04917	n06131
n04917	n07238
n04917	n07239
n04918	n08374
n04918	n09123
n04919	n08882
n04920	n08152
n04920	n09059
n04921	n03262
n04921	n05900
n04922	n06826
n04923	n04348
n04924	n07807
n04924	n08624
n04925	n01449
n04925	n02436
n04925	n07767
n04926	n03888
n04926	n04816
n04927	n03800
n04927	n03875
n04927	n04428
n04928	n05675
n04928	n08582
n04929	n04341
n04929	n08152
n04929	n08581
n04929	n08989
n04929	n09487
n04930	n04723
n04930	n08773
n04930	n08776
n04930	n08987
n04931	n06205
n04931	n09553
n04932	n06753
n04933	n04814
n04933	n08987
n04936	n04718
n04936	n06206
n04936	n07416
n04936	n07767
n04936	n07953
n04936	n08773
n04936	n08775
n04936	n08776
n04938	n05679
n04938	n06130
n04938	n07580
n04938	n08584
n04938	n08990
n04938	n09488
n04939	n04891
n04939	n08036
n04940	n04267
n04941	n03557
n04941	n09007
n04942	n07577
n04942	n07767
n04942	n08371
n04942	n08372
n04942	n08373
n04942	n08582
n04942	n08773
n04942	n08988
n04942	n09226
n04942	n09227
n04944	n07331
n04945	n06659
n04945	n08514
n04946	n06354
n04946	n08372
n04947	n08706
n04947	n09613
n04948	n05458
n04948	n06197
n04949	n06343
n04950	n04173
n04950	n05110
n04951	n03479
n04951	n04094
n04951	n06200
n04951	n07767
n04951	n08151
n04953	n09368
n04954	n07609
n04955	n01451
n04955	n07952
n04955	n08988
n04956	n05146
n04956	n09208
n04957	n07416
n04957	n08582
n04957	n08773
n04957	n08774
n04957	n08987
n04958	n02654
n04959	n03561
n04959	n08421
n04960	n07528
n04960	n07767
n04961	n00115
n04962	n03281
n04963	n01666
n04963	n02881
n04963	n02987
n04964	n00051
n04964	n00079
n04964	n02900
n04965	n00920
n04965	n03402
n04965	n04547
n04966	n02205
n04966	n03776
n04967	n06751
n04968	n08152
n04969	n07417
n04969	n07952
n04971	n05860
n04971	n05861
n04971	n05995
n04971	n07423
n04972	n06757
n04972	n07767
n04974	n07591
n04975	n00517
n04975	n01417
n04975	n01418
n04975	n01658
n04976	n06574
n04976	n07417
n04976	n08372
n04977	n08777
n04979	n07257
n04980	n04597
n04980	n08774
n04981	n06576
n04982	n06005
n04983	n04312
n04983	n04398
n04983	n04773
n04983	n05859
n04983	n06926
n04984	n04315
n04985	n02960
n04986	n06278
n04986	n06754
n04987	n06578
n04987	n08592
n04987	n08597
n04988	n05633
n04988	n06588
n04989	n08582
n04989	n08773
n04989	n08774
n04989	n08987
n04990	n09487
n04991	n06442
n04992	n07592
n04993	n09278
n04994	n06449
n04995	n06318
n04995	n08987
n04996	n06783
n04997	n07417
n04997	n08151
n04997	n09487
n04998	n03028
n04998	n04046
n04998	n07098
n04999	n04884
n04999	n04890
n04999	n08439
n05000	n05852
n05000	n05993
n05000	n06130
n05000	n06131
n05000	n06274
n05000	n06275
n05000	n06435
n05000	n06436
n05000	n06745
n05000	n06748
n05000	n06911
n05000	n06913
n05000	n07072
n05000	n07240
n05000	n07242
n05000	n07243
n05000	n07418
n05000	n07583
n05001	n04884
n05001	n04890
n05001	n08439
n05002	n05739
n05002	n06132
n05002	n06913
n05002	n07581
n05003	n06331
n05003	n08800
n05004	n07416
n05004	n07577
n05004	n07767
n05004	n07952
n05004	n08152
n05004	n08372
n05005	n05852
n05005	n06132
n05005	n06133
n05005	n06272
n05005	n06569
n05005	n06570
n05005	n06743
n05005	n06749
n05005	n06912
n05005	n06913
n05005	n06914
n05005	n06915
n05005	n06919
n05005	n07073
n05005	n07242
n05006	n06582
n05006	n07856
n05007	n05231
n05007	n08152
n05008	n04972
n05008	n07819
n05008	n08585
n05008	n09226
n05008	n09487
n05009	n09612
n05010	n04796
n05010	n04882
n05011	n07858
n05012	n09070
n05013	n08987
n05013	n08988
n05014	n05721
n05014	n08659
n05015	n06603
n05015	n09062
n05016	n01856
n05016	n02329
n05016	n02433
n05016	n08775
n05017	n05775
n05018	n08450
n05018	n08989
n05018	n09511
n05019	n06272
n05019	n06748
n05019	n06915
n05019	n06918
n05019	n07071
n05019	n07072
n05019	n07073
n05019	n07236
n05019	n07238
n05019	n07239
n05019	n07241
n05019	n07244
n05019	n07420
n05019	n07580
n05019	n08375
n05019	n08584
n05019	n08992
n05020	n06140
n05020	n07577
n05020	n07767
n05020	n08581
n05020	n08776
n05020	n08988
n05020	n09227
n05021	n03535
n05021	n03702
n05022	n09356
n05023	n05756
n05024	n08773
n05024	n09405
n05025	n05195
n05026	n02750
n05026	n03195
n05026	n04634
n05026	n05004
n05027	n04538
n05028	n03890
n05028	n05015
n05029	n03646
n05029	n06133
n05029	n07834
n05029	n08992
n05030	n02079
n05031	n06435
n05031	n07238
n05031	n08113
n05031	n08584
n05032	n06130
n05032	n06746
n05032	n06749
n05032	n06913
n05032	n06914
n05032	n06916
n05032	n06919
n05032	n07071
n05032	n07073
n05032	n07238
n05032	n07242
n05032	n07418
n05032	n07579
n05032	n07583
n05032	n07768
n05032	n07953
n05032	n08155
n05032	n08374
n05032	n08375
n05032	n08583
n05033	n00094
n05034	n08992
n05034	n09107
n05035	n03971
n05035	n04709
n05036	n02084
n05036	n03492
n05037	n05676
n05037	n09228
n05038	n04241
n05038	n06913
n05038	n07236
n05038	n08843
n05038	n09488
n05039	n07139
n05041	n00553
n05042	n05558
n05042	n08247
n05043	n08815
n05043	n09628
n05044	n05937
n05044	n08151
n05044	n08371
n05044	n08372
n05044	n08581
n05044	n08988
n05045	n04607
n05045	n07267
n05045	n07668
n05045	n08582
n05046	n02989
n05047	n03547
n05047	n09036
n05048	n09594
n05049	n06851
n05050	n08473
n05050	n09679
n05051	n07767
n05051	n07952
n05051	n08371
n05051	n08372
n05051	n09226
n05052	n05681
n05052	n08151
n05052	n08152
n05053	n07416
n05053	n07577
n05053	n07578
n05053	n08371
n05053	n08373
n05053	n08582
n05053	n08773
n05053	n08775
n05053	n08988
n05053	n09227
n05054	n08371
n05054	n08581
n05056	n06570
n05057	n03723
n05058	n09682
n05059	n02435
n05059	n03356
n05060	n03556
n05060	n06904
n05060	n09226
n05061	n04629
n05061	n07577
n05061	n07952
n05061	n08372
n05061	n09227
n05062	n06670
n05062	n08301
n05062	n08372
n05063	n08225
n05063	n08582
n05063	n08776
n05064	n01233
n05064	n07909
n05065	n01868
n05065	n07416
n05065	n08774
n05065	n09227
n05066	n04796
n05066	n04882
n05068	n02873
n05068	n06744
n05068	n07582
n05068	n07953
n05068	n08152
n05068	n08988
n05069	n00112
n05069	n03422
n05070	n06655
n05070	n08046
n05070	n08476
n05071	n03812
n05071	n07767
n05071	n09487
n05072	n03749
n05072	n07416
n05072	n07417
n05072	n08775
n05073	n06050
n05073	n07401
n05073	n08372
n05073	n08987
n05074	n02228
n05074	n05195
n05075	n01890
n05075	n06285
n05076	n03830
n05076	n04457
n05077	n09489
n05078	n03863
n05078	n04038
n05078	n04311
n05078	n04314
n05079	n07082
n05080	n05078
n05081	n08386
n05081	n08588
n05082	n02961
n05082	n02964
n05085	n06277
n05085	n08152
n05085	n08773
n05086	n09251
n05087	n05996
n05087	n07088
n05088	n06009
n05089	n02741
n05089	n03324
n05089	n03527
n05089	n03609
n05089	n03706
n05090	n05878
n05090	n06765
n05090	n07577
n05090	n08372
n05090	n08582
n05091	n05728
n05092	n05875
n05092	n07093
n05093	n06773
n05094	n07417
n05095	n04865
n05095	n05090
n05095	n05197
n05096	n08798
n05097	n06747
n05097	n07236
n05097	n07239
n05097	n07813
n05099	n04404
n05100	n07460
n05101	n07436
n05102	n01856
n05102	n02329
n05102	n02433
n05102	n08775
n05102	n09226
n05103	n06275
n05103	n06435
n05103	n07244
n05103	n07418
n05103	n08991
n05103	n09009
n05104	n09540
n05105	n06318
n05106	n05087
n05107	n06748
n05107	n06913
n05107	n07953
n05107	n08588
n05107	n09488
n05108	n08008
n05109	n03254
n05110	n06176
n05111	n07105
n05111	n09253
n05112	n08208
n05113	n03098
n05115	n07882
n05116	n03128
n05116	n08372
n05117	n08586
n05117	n09592
n05118	n09347
n05119	n03107
n05119	n05852
n05119	n06132
n05119	n06746
n05119	n06913
n05119	n07954
n05119	n08155
n05119	n08991
n05120	n06132
n05120	n09230
n05120	n09488
n05121	n05880
n05121	n06815
n05121	n07577
n05121	n09028
n05121	n09487
n05122	n05650
n05122	n06911
n05122	n07071
n05122	n07072
n05122	n07580
n05122	n09488
n05123	n09070
n05124	n09021
n05125	n02066
n05125	n04529
n05125	n07416
n05125	n07577
n05125	n08987
n05126	n08152
n05126	n08371
n05126	n08373
n05126	n08446
n05126	n08581
n05127	n03885
n05128	n04778
n05129	n00020
n05129	n00904
n05130	n02429
n05130	n04415
n05131	n05506
n05131	n08584
n05131	n08587
n05131	n08591
n05132	n08808
n05132	n09551
n05133	n05754
n05133	n08988
n05134	n08811
n05135	n04558
n05135	n07578
n05135	n07767
n05135	n08775
n05135	n09229
n05136	n08233
n05137	n03720
n05138	n07767
n05138	n08371
n05138	n08987
n05139	n05970
n05140	n04063
n05140	n04912
n05140	n08773
n05140	n08774
n05141	n03543
n05141	n04141
n05141	n04237
n05141	n08834
n05142	n08448
n05142	n08991
n05143	n03733
n05143	n04810
n05143	n06917
n05143	n07073
n05143	n07240
n05143	n07768
n05144	n09104
n05145	n01176
n05146	n05213
n05146	n05549
n05146	n08989
n05146	n09226
n05147	n06040
n05147	n07416
n05148	n08240
n05149	n06341
n05150	n03801
n05151	n05020
n05151	n05320
n05152	n03796
n05152	n04169
n05153	n06372
n05153	n08988
n05153	n09228
n05153	n09487
n05154	n07417
n05154	n07577
n05154	n07578
n05154	n08371
n05154	n08373
n05154	n08581
n05154	n08773
n05154	n08987
n05154	n08989
n05154	n09229
n05155	n06130
n05155	n06131
n05155	n06133
n05155	n06272
n05155	n06911
n05155	n06915
n05155	n06917
n05155	n07072
n05155	n07073
n05155	n07238
n05155	n07241
n05155	n07419
n05155	n07579
n05155	n07581
n05155	n07582
n05155	n07768
n05155	n07953
n05155	n08153
n05155	n08154
n05155	n08585
n05155	n08588
n05155	n08990
n05157	n08846
n05157	n09606
n05158	n06839
n05158	n08822
n05159	n06671
n05160	n06055
n05160	n08716
n05161	n03726
n05161	n07325
n05163	n04813
n05163	n06273
n05163	n06275
n05163	n06436
n05163	n06746
n05163	n06914
n05163	n07581
n05164	n08852
n05165	n01888
n05165	n03473
n05165	n07416
n05165	n07578
n05165	n07952
n05165	n08152
n05165	n08582
n05165	n08773
n05165	n08776
n05165	n08987
n05165	n08989
n05165	n09487
n05166	n07417
n05166	n07577
n05166	n08151
n05166	n08372
n05166	n08582
n05166	n08774
n05166	n08988
n05166	n08989
n05166	n09226
n05166	n09227
n05166	n09228
n05166	n09487
n05167	n01437
n05167	n08372
n05167	n08774
n05168	n06132
n05168	n06272
n05168	n06436
n05168	n06743
n05168	n06746
n05168	n06748
n05168	n06749
n05168	n06912
n05168	n06915
n05168	n07072
n05168	n07074
n05168	n07244
n05168	n07580
n05168	n07581
n05168	n07583
n05168	n07953
n05168	n08153
n05168	n08584
n05168	n08990
n05168	n08991
n05169	n06130
n05169	n06132
n05169	n06274
n05169	n06275
n05169	n06435
n05169	n06436
n05169	n06744
n05169	n06745
n05169	n06747
n05169	n06749
n05169	n06913
n05169	n06916
n05169	n07071
n05169	n07072
n05169	n07073
n05169	n07074
n05169	n07237
n05169	n07239
n05169	n07241
n05169	n07242
n05169	n07243
n05169	n07244
n05169	n07419
n05169	n07581
n05169	n07768
n05169	n07953
n05169	n08374
n05169	n08375
n05169	n08584
n05169	n08586
n05169	n08990
n05170	n03353
n05170	n09286
n05171	n05852
n05171	n06744
n05171	n06745
n05171	n06916
n05171	n07236
n05171	n07237
n05171	n07238
n05171	n07239
n05171	n08154
n05171	n08585
n05172	n02657
n05172	n06624
n05173	n06856
n05174	n07567
n05174	n08987
n05174	n09226
n05175	n07899
n05175	n08699
n05176	n01198
n05176	n07417
n05177	n00188
n05178	n04090
n05178	n05843
n05178	n07172
n05179	n01466
n05179	n07577
n05179	n08581
n05180	n03211
n05180	n08932
n05180	n08992
n05181	n04396
n05183	n05713
n05183	n06573
n05183	n06922
n05184	n05715
n05184	n05716
n05184	n06923
n05186	n06757
n05187	n06141
n05188	n04597
n05188	n08774
n05189	n04974
n05190	n06924
n05191	n03389
n05191	n03520
n05191	n04402
n05191	n07772
n05191	n09006
n05192	n08168
n05193	n04596
n05193	n04677
n05193	n04976
n05194	n04778
n05195	n04984
n05196	n05282
n05197	n05878
n05197	n06765
n05197	n07577
n05197	n08372
n05197	n08582
n05198	n08182
n05199	n04329
n05200	n08611
n05200	n09254
n05201	n09264
n05202	n03521
n05203	n01175
n05203	n03781
n05203	n09549
n05204	n02325
n05204	n02420
n05204	n02422
n05204	n02859
n05204	n02963
n05204	n06297
n05204	n09227
n05204	n09228
n05206	n07609
n05207	n06782
n05208	n07128
n05208	n09528
n05209	n04405
n05209	n04406
n05209	n07416
n05209	n08371
n05209	n08373
n05210	n06637
n05211	n09239
n05212	n05523
n05212	n05890
n05213	n03105
n05213	n06022
n05213	n07767
n05213	n07952
n05213	n08581
n05213	n08776
n05214	n03465
n05214	n04058
n05214	n05205
n05215	n00019
n05215	n02541
n05215	n04693
n05215	n04879
n05215	n07416
n05215	n07952
n05215	n08372
n05215	n08581
n05215	n08989
n05216	n06133
n05216	n06273
n05216	n06275
n05216	n06435
n05216	n06912
n05216	n06914
n05216	n07236
n05216	n07240
n05216	n07768
n05216	n08374
n05217	n05852
n05217	n05993
n05217	n06130
n05217	n06131
n05217	n06132
n05217	n06133
n05217	n06273
n05217	n06274
n05217	n06570
n05217	n06747
n05217	n06913
n05217	n06915
n05217	n06917
n05217	n07071
n05217	n07072
n05217	n07073
n05217	n07074
n05217	n07236
n05217	n07237
n05217	n07239
n05217	n07240
n05217	n07242
n05217	n07420
n05217	n07582
n05217	n07768
n05217	n07955
n05217	n08375
n05218	n01867
n05218	n02971
n05218	n06131
n05218	n06917
n05218	n07073
n05218	n07241
n05218	n07418
n05219	n09594
n05220	n02765
n05222	n03103
n05223	n03103
n05224	n04805
n05224	n06132
n05224	n06745
n05224	n06746
n05224	n06913
n05224	n06915
n05224	n06916
n05224	n07071
n05224	n07072
n05224	n07073
n05224	n07241
n05224	n07243
n05224	n07954
n05224	n07955
n05224	n08583
n05224	n08585
n05224	n08587
n05224	n08991
n05224	n09488
n05225	n08640
n05226	n05423
n05227	n05419
n05227	n06130
n05227	n06131
n05228	n04827
n05229	n06293
n05230	n03528
n05230	n04989
n05230	n08372
n05231	n03708
n05232	n07630
n05233	n03262
n05233	n05900
n05235	n02066
n05235	n04529
n05235	n05421
n05235	n07767
n05236	n06133
n05236	n06272
n05236	n06273
n05236	n06436
n05236	n06569
n05236	n06746
n05236	n06911
n05236	n06919
n05236	n07071
n05236	n07240
n05236	n07579
n05236	n07580
n05236	n07582
n05236	n08153
n05236	n08195
n05236	n08649
n05237	n03334
n05237	n07120
n05238	n03479
n05239	n08153
n05239	n08246
n05239	n08374
n05240	n05544
n05240	n09017
n05241	n01881
n05242	n03331
n05242	n04231
n05244	n06057
n05244	n09228
n05245	n06196
n05246	n04145
n05246	n04537
n05247	n08056
n05247	n08773
n05249	n00201
n05249	n02980
n05249	n08679
n05250	n05655
n05250	n06639
n05250	n08773
n05250	n09228
n05251	n07578
n05251	n07767
n05251	n08151
n05251	n08581
n05251	n09226
n05251	n09227
n05252	n05569
n05253	n04082
n05254	n07417
n05254	n08262
n05254	n08775
n05254	n08989
n05255	n08259
n05257	n05777
n05257	n07458
n05257	n07952
n05257	n08485
n05257	n08581
n05258	n07578
n05258	n08582
n05258	n08893
n05258	n08989
n05259	n05228
n05259	n06131
n05259	n06745
n05259	n06749
n05259	n08990
n05259	n09649
n05261	n03738
n05261	n05915
n05261	n07581
n05261	n07953
n05262	n07952
n05262	n08372
n05262	n08581
n05262	n08582
n05262	n08898
n05262	n08989
n05262	n09226
n05262	n09228
n05262	n09229
n05263	n02769
n05263	n07074
n05263	n07420
n05263	n07580
n05263	n07582
n05263	n07768
n05263	n07954
n05263	n08154
n05263	n08586
n05264	n04470
n05265	n03803
n05265	n06570
n05266	n06841
n05266	n07648
n05267	n04258
n05268	n03354
n05269	n02443
n05269	n07625
n05269	n07821
n05270	n00918
n05271	n01179
n05271	n01861
n05271	n08375
n05271	n08583
n05271	n09517
n05272	n07690
n05272	n07955
n05273	n02886
n05273	n08581
n05274	n02092
n05275	n04261
n05276	n03116
n05276	n05575
n05276	n09226
n05276	n09228
n05277	n03133
n05277	n06159
n05278	n04000
n05278	n07861
n05279	n09497
n05280	n05396
n05281	n00517
n05281	n01417
n05281	n01418
n05281	n01658
n05282	n06150
n05282	n06273
n05282	n06918
n05282	n07239
n05282	n08583
n05283	n03694
n05283	n04042
n05284	n04329
n05284	n05403
n05285	n05522
n05285	n07578
n05286	n03860
n05286	n03953
n05287	n08611
n05287	n09254
n05288	n09039
n05289	n06911
n05289	n07071
n05289	n07580
n05289	n07597
n05290	n04865
n05290	n05090
n05290	n05197
n05291	n05285
n05292	n02208
n05292	n02639
n05292	n03102
n05292	n03258
n05292	n04535
n05293	n07767
n05293	n08371
n05293	n08372
n05293	n08373
n05293	n08581
n05293	n08582
n05293	n08989
n05294	n06800
n05295	n01857
n05295	n04602
n05296	n03523
n05296	n08774
n05297	n03028
n05297	n04046
n05297	n07098
n05299	n07800
n05300	n07416
n05300	n07417
n05300	n08152
n05300	n08582
n05300	n08776
n05300	n08989
n05301	n06210
n05301	n07108
n05301	n07809
n05301	n08617
n05302	n05418
n05302	n05529
n05302	n06913
n05302	n06916
n05302	n07073
n05302	n07243
n05302	n07277
n05303	n01178
n05303	n06936
n05304	n04884
n05304	n04890
n05304	n08439
n05305	n07271
n05305	n07813
n05306	n05741
n05306	n06282
n05307	n04409
n05307	n09488
n05308	n07465
n05308	n08828
n05309	n05322
n05309	n05725
n05309	n05914
n05309	n06160
n05309	n06816
n05309	n07104
n05309	n09227
n05309	n09228
n05310	n09503
n05311	n05555
n05312	n03115
n05312	n03880
n05312	n09329
n05313	n06274
n05313	n06918
n05313	n07580
n05313	n09306
n05314	n01191
n05314	n01664
n05314	n02648
n05314	n02744
n05314	n06288
n05314	n06302
n05314	n06436
n05314	n06746
n05314	n06749
n05314	n07071
n05314	n07418
n05314	n07580
n05316	n03535
n05316	n03702
n05316	n08775
n05317	n03457
n05317	n04136
n05317	n04525
n05317	n04991
n05318	n08812
n05319	n09005
n05320	n05422
n05320	n08630
n05321	n06479
n05321	n08155
n05321	n08585
n05322	n06764
n05322	n07577
n05322	n08152
n05322	n08371
n05322	n08373
n05322	n08773
n05322	n08774
n05323	n04608
n05325	n07803
n05326	n07435
n05326	n09038
n05327	n07239
n05327	n07581
n05327	n07768
n05327	n07954
n05327	n07955
n05327	n08154
n05327	n08374
n05327	n09373
n05328	n07326
n05328	n08065
n05328	n09397
n05329	n02643
n05329	n02767
n05329	n03332
n05329	n08413
n05329	n09227
n05330	n06635
n05331	n05288
n05332	n09027
n05333	n09048
n05333	n09227
n05334	n03335
n05334	n06332
n05335	n00891
n05335	n04070
n05335	n06131
n05335	n06132
n05335	n06435
n05335	n06913
n05335	n06915
n05335	n07073
n05335	n07241
n05335	n07582
n05335	n07954
n05335	n07955
n05335	n08587
n05335	n08991
n05335	n09488
n05338	n02977
n05338	n04886
n05338	n07581
n05338	n07955
n05338	n08154
n05339	n07275
n05339	n08654
n05340	n04509
n05340	n06322
n05340	n06480
n05341	n04341
n05342	n09089
n05343	n07420
n05343	n07583
n05343	n07953
n05343	n08245
n05343	n08586
n05344	n06938
n05346	n04246
n05346	n05211
n05347	n05007
n05347	n07578
n05347	n08773
n05348	n02982
n05349	n03981
n05350	n09360
n05351	n03341
n05351	n08463
n05352	n06749
n05352	n06912
n05352	n06913
n05352	n06996
n05352	n07581
n05353	n06203
n05353	n09580
n05354	n02649
n05354	n03322
n05354	n06786
n05354	n07952
n05354	n08151
n05354	n08371
n05354	n08373
n05354	n08989
n05354	n09487
n05355	n03414
n05355	n06743
n05355	n07236
n05355	n07237
n05356	n03980
n05356	n04809
n05356	n06186
n05357	n03133
n05358	n07578
n05360	n03988
n05360	n04854
n05360	n08637
n05360	n09487
n05361	n04242
n05361	n06234
n05361	n08582
n05361	n08773
n05361	n08987
n05361	n09228
n05362	n01428
n05362	n08372
n05363	n04081
n05364	n08069
n05364	n08582
n05364	n09403
n05365	n07417
n05365	n07767
n05365	n08988
n05365	n09227
n05366	n05323
n05366	n07359
n05367	n08285
n05367	n08582
n05367	n08634
n05367	n09229
n05367	n09487
n05368	n08864
n05369	n05852
n05369	n06130
n05369	n06131
n05369	n06133
n05369	n06436
n05369	n06571
n05369	n06746
n05369	n06749
n05369	n06911
n05369	n06914
n05369	n06916
n05369	n06919
n05369	n07074
n05369	n07236
n05369	n07240
n05369	n07242
n05369	n07243
n05369	n07244
n05369	n07420
n05369	n07579
n05369	n07768
n05369	n07954
n05369	n07955
n05369	n08583
n05369	n08586
n05369	n08991
n05369	n08992
n05369	n09488
n05370	n03787
n05370	n04785
n05371	n07678
n05371	n08152
n05371	n08372
n05371	n09102
n05371	n09266
n05372	n04604
n05372	n05573
n05372	n06131
n05372	n07071
n05372	n07238
n05372	n07580
n05372	n08583
n05373	n05993
n05373	n06130
n05373	n06133
n05373	n06272
n05373	n06435
n05373	n06743
n05373	n06744
n05373	n06745
n05373	n06746
n05373	n06914
n05373	n06915
n05373	n06919
n05373	n07073
n05373	n07237
n05373	n07238
n05373	n07242
n05373	n07582
n05373	n08374
n05373	n08375
n05373	n08990
n05374	n06367
n05375	n06512
n05375	n07814
n05376	n07417
n05376	n07767
n05376	n08776
n05376	n08896
n05376	n08989
n05376	n09228
n05376	n09487
n05377	n04909
n05378	n02990
n05379	n06750
n05379	n07416
n05379	n07577
n05379	n07578
n05379	n08151
n05379	n08773
n05379	n08775
n05379	n08776
n05379	n09228
n05379	n09229
n05380	n01694
n05380	n04455
n05380	n07417
n05380	n08582
n05380	n08775
n05381	n06130
n05381	n06131
n05381	n06133
n05381	n06272
n05381	n06273
n05381	n06274
n05381	n06435
n05381	n06569
n05381	n06571
n05381	n06912
n05381	n06919
n05381	n07071
n05381	n07074
n05381	n07240
n05381	n07243
n05381	n07768
n05381	n08153
n05381	n08154
n05381	n08584
n05381	n08587
n05381	n09488
n05382	n08773
n05382	n09226
n05382	n09228
n05383	n02670
n05384	n08890
n05385	n03655
n05386	n02991
n05386	n07417
n05387	n04089
n05387	n06916
n05387	n07074
n05387	n08990
n05388	n00192
n05388	n05019
n05389	n01209
n05390	n00578
n05390	n02228
n05391	n02205
n05391	n03776
n05392	n04308
n05392	n06911
n05392	n07071
n05392	n07241
n05392	n07418
n05392	n07420
n05393	n05852
n05393	n05853
n05393	n07236
n05393	n07241
n05394	n05715
n05394	n05716
n05394	n06923
n05395	n08157
n05396	n04771
n05397	n05996
n05398	n06277
n05399	n08777
n05400	n08784
n05401	n07255
n05402	n05624
n05403	n01419
n05403	n03957
n05403	n03959
n05403	n03960
n05403	n04043
n05403	n04782
n05404	n04861
n05404	n05395
n05405	n05728
n05406	n05508
n05406	n05869
n05406	n06756
n05407	n06587
n05407	n07952
n05407	n08151
n05408	n05402
n05409	n07416
n05409	n07577
n05409	n08168
n05410	n08394
n05410	n08988
n05411	n05512
n05411	n05874
n05411	n06131
n05411	n08596
n05412	n07577
n05412	n07767
n05412	n08581
n05412	n08773
n05413	n07440
n05413	n08585
n05413	n08991
n05413	n08992
n05414	n09013
n05415	n06277
n05415	n08152
n05415	n08773
n05416	n03264
n05416	n04138
n05417	n02423
n05417	n02962
n05417	n03252
n05417	n09487
n05418	n06301
n05418	n06748
n05418	n06912
n05418	n07242
n05418	n08991
n05419	n07641
n05420	n08798
n05421	n07116
n05421	n07578
n05421	n08987
n05422	n09548
n05424	n05532
n05424	n05909
n05424	n07266
n05424	n08409
n05424	n08587
n05425	n00537
n05425	n00894
n05425	n01188
n05425	n02970
n05425	n05531
n05425	n08813
n05426	n01662
n05427	n06316
n05428	n07792
n05428	n08816
n05428	n09488
n05429	n04057
n05429	n07577
n05429	n07767
n05429	n09226
n05429	n09227
n05430	n09523
n05431	n03269
n05431	n03697
n05431	n04071
n05431	n05852
n05431	n07243
n05431	n07802
n05431	n08990
n05432	n04780
n05432	n05907
n05433	n05894
n05433	n08376
n05434	n03101
n05434	n04151
n05435	n07421
n05435	n08987
n05436	n07577
n05436	n08442
n05437	n07833
n05437	n09333
n05438	n00137
n05438	n01190
n05438	n09570
n05439	n04214
n05439	n05316
n05439	n07582
n05439	n08583
n05440	n09070
n05441	n08856
n05442	n07416
n05442	n07801
n05442	n08151
n05442	n08372
n05442	n08581
n05443	n05309
n05443	n08776
n05443	n08987
n05444	n07635
n05445	n03794
n05445	n05106
n05446	n07105
n05446	n09253
n05447	n03273
n05447	n07416
n05447	n07952
n05449	n08895
n05450	n02647
n05450	n08773
n05451	n06446
n05452	n06189
n05453	n07847
n05453	n09499
n05454	n03627
n05456	n03407
n05457	n07417
n05458	n06281
n05458	n08381
n05458	n09543
n05459	n05852
n05459	n06130
n05459	n06744
n05459	n06749
n05459	n06912
n05459	n06913
n05459	n06916
n05459	n07237
n05459	n07238
n05459	n07418
n05459	n07581
n05459	n07583
n05459	n07954
n05459	n08991
n05460	n04805
n05460	n06274
n05460	n06435
n05460	n06745
n05460	n06746
n05460	n06913
n05460	n06915
n05460	n06916
n05460	n07071
n05460	n07072
n05460	n07073
n05460	n07241
n05460	n07243
n05460	n07244
n05460	n07582
n05460	n07954
n05460	n07955
n05460	n08153
n05460	n08583
n05460	n08585
n05460	n08587
n05460	n08991
n05460	n09488
n05461	n02334
n05461	n04084
n05461	n04174
n05462	n04432
n05462	n07577
n05462	n08151
n05462	n08774
n05462	n08775
n05463	n05852
n05463	n05993
n05463	n06133
n05463	n06272
n05463	n06273
n05463	n06275
n05463	n06435
n05463	n06436
n05463	n06743
n05463	n06747
n05463	n06748
n05463	n06749
n05463	n06914
n05463	n06916
n05463	n06917
n05463	n06918
n05463	n06919
n05463	n07236
n05463	n07237
n05463	n07240
n05463	n07241
n05463	n07418
n05463	n07419
n05463	n07420
n05463	n07579
n05463	n07580
n05463	n07581
n05463	n07768
n05463	n07955
n05463	n08155
n05463	n08585
n05464	n02435
n05464	n08055
n05465	n08056
n05465	n08582
n05465	n09226
n05465	n09227
n05466	n09368
n05468	n04454
n05469	n08096
n05470	n06364
n05471	n02873
n05471	n07582
n05471	n07767
n05471	n09487
n05472	n05852
n05472	n05993
n05472	n06132
n05472	n06569
n05472	n06745
n05472	n07240
n05472	n08374
n05472	n08375
n05473	n06644
n05473	n07307
n05474	n05567
n05476	n03338
n05477	n06571
n05477	n07418
n05477	n07684
n05477	n07954
n05477	n08374
n05477	n08584
n05477	n08992
n05478	n05944
n05479	n03810
n05479	n08217
n05480	n08904
n05481	n07436
n05482	n06989
n05482	n07578
n05482	n07952
n05482	n08372
n05482	n08773
n05482	n09226
n05483	n05319
n05483	n08989
n05483	n09228
n05483	n09487
n05484	n04260
n05484	n08151
n05484	n08774
n05484	n08987
n05484	n09229
n05484	n09487
n05485	n03978
n05485	n04703
n05486	n05498
n05487	n03927
n05487	n08588
n05488	n06274
n05488	n06745
n05488	n07238
n05488	n08229
n05488	n08991
n05488	n08992
n05489	n05566
n05490	n05445
n05490	n09635
n05491	n05852
n05491	n09335
n05491	n09393
n05491	n09488
n05492	n05467
n05493	n04101
n05493	n08581
n05493	n08987
n05494	n00932
n05494	n08371
n05494	n08373
n05496	n06744
n05496	n06746
n05496	n07768
n05496	n07954
n05496	n08990
n05496	n09389
n05497	n03551
n05497	n04694
n05497	n08581
n05497	n08987
n05497	n08988
n05497	n09229
n05498	n03267
n05498	n05206
n05499	n06821
n05499	n07629
n05499	n08478
n05499	n08773
n05499	n09487
n05499	n09536
n05500	n05454
n05501	n02684
n05502	n00923
n05503	n08773
n05503	n09114
n05504	n07691
n05504	n08561
n05505	n06076
n05505	n06130
n05505	n06436
n05505	n06915
n05505	n07073
n05505	n07242
n05505	n07420
n05505	n07579
n05505	n08375
n05506	n04214
n05506	n04397
n05506	n07417
n05506	n07956
n05506	n08155
n05506	n08371
n05506	n08373
n05507	n06757
n05507	n07416
n05507	n08776
n05508	n04977
n05508	n05399
n05509	n06132
n05509	n06272
n05509	n08386
n05510	n03693
n05510	n03955
n05510	n04676
n05510	n08775
n05511	n07257
n05512	n03094
n05512	n04775
n05513	n06583
n05514	n05867
n05515	n05714
n05515	n07076
n05516	n07787
n05517	n03323
n05518	n06150
n05518	n06744
n05518	n06918
n05518	n07238
n05518	n07239
n05519	n07577
n05519	n08169
n05519	n08581
n05519	n08774
n05520	n08394
n05520	n08988
n05521	n04222
n05521	n05402
n05522	n08151
n05522	n08795
n05523	n08787
n05524	n08154
n05524	n08174
n05526	n04050
n05526	n04864
n05526	n05740
n05527	n05731
n05527	n07417
n05527	n08412
n05529	n06301
n05529	n06748
n05529	n06912
n05529	n07242
n05529	n08991
n05530	n08798
n05531	n05089
n05532	n03873
n05532	n06275
n05532	n07236
n05532	n07768
n05532	n08583
n05532	n08585
n05533	n07271
n05533	n07813
n05534	n03270
n05534	n04231
n05535	n04867
n05535	n08621
n05536	n03785
n05537	n07464
n05539	n06925
n05539	n07589
n05540	n08401
n05541	n02210
n05541	n02858
n05542	n07136
n05543	n07768
n05543	n08154
n05543	n09373
n05544	n04401
n05545	n07416
n05545	n07578
n05546	n07859
n05547	n04999
n05547	n06325
n05548	n06157
n05548	n09018
n05549	n07853
n05550	n03891
n05550	n07071
n05551	n03319
n05551	n03860
n05552	n03465
n05552	n04058
n05552	n05205
n05553	n02871
n05553	n03330
n05555	n06133
n05555	n06911
n05555	n07074
n05555	n08153
n05556	n04057
n05556	n07577
n05556	n07767
n05556	n09226
n05557	n01861
n05557	n06435
n05557	n07072
n05557	n07778
n05558	n03631
n05559	n07699
n05559	n08152
n05560	n03331
n05560	n04139
n05561	n04699
n05561	n08152
n05561	n08775
n05562	n04411
n05562	n04426
n05562	n04791
n05562	n05414
n05562	n06466
n05562	n09516
n05563	n04241
n05563	n06569
n05563	n08843
n05564	n02750
n05564	n03195
n05564	n04634
n05564	n05004
n05565	n06275
n05565	n07955
n05565	n08588
n05565	n08880
n05565	n08990
n05566	n07331
n05566	n08847
n05567	n09625
n05568	n07845
n05568	n08434
n05569	n03888
n05569	n04816
n05570	n04332
n05571	n02750
n05571	n03195
n05571	n04634
n05571	n05004
n05572	n05310
n05572	n08774
n05573	n09363
n05573	n09603
n05574	n02072
n05575	n08171
n05576	n07017
n05577	n09626
n05578	n07417
n05578	n08773
n05579	n00574
n05579	n01670
n05579	n02774
n05580	n04699
n05580	n07469
n05580	n08372
n05580	n08773
n05580	n08774
n05580	n08775
n05581	n02638
n05581	n03906
n05581	n04889
n05582	n03971
n05583	n09636
n05584	n02979
n05584	n05108
n05584	n09342
n05585	n05993
n05585	n06132
n05585	n06745
n05585	n06915
n05585	n07166
n05585	n08153
n05585	n08375
n05585	n08587
n05585	n08588
n05586	n06435
n05587	n05436
n05587	n07952
n05587	n08372
n05587	n08774
n05588	n03798
n05588	n06132
n05588	n06570
n05588	n06744
n05588	n06745
n05588	n06912
n05588	n06916
n05588	n06917
n05588	n06918
n05588	n07237
n05588	n07242
n05588	n07420
n05588	n07583
n05588	n07768
n05588	n08153
n05588	n08583
n05588	n08992
n05589	n05852
n05589	n05993
n05589	n06130
n05589	n06272
n05589	n06273
n05589	n06275
n05589	n06436
n05589	n06569
n05589	n06745
n05589	n06749
n05589	n06915
n05589	n07074
n05589	n07236
n05589	n07237
n05589	n07238
n05589	n07240
n05589	n07241
n05589	n07243
n05589	n07579
n05589	n07581
n05589	n07954
n05589	n08583
n05589	n08585
n05589	n08990
n05589	n08992
n05590	n06230
n05591	n08501
n05592	n08253
n05593	n07768
n05593	n08375
n05594	n03989
n05594	n08581
n05595	n03140
n05596	n07767
n05596	n07819
n05596	n08582
n05596	n08658
n05596	n09226
n05597	n04697
n05597	n07358
n05600	n04242
n05600	n08152
n05600	n08466
n05601	n05340
n05601	n08774
n05602	n01452
n05603	n05852
n05603	n05993
n05603	n06130
n05603	n06131
n05603	n06132
n05603	n06272
n05603	n06273
n05603	n06275
n05603	n06435
n05603	n06436
n05603	n06571
n05603	n06743
n05603	n06745
n05603	n06746
n05603	n06747
n05603	n06914
n05603	n06916
n05603	n06917
n05603	n06918
n05603	n07071
n05603	n07072
n05603	n07236
n05603	n07237
n05603	n07240
n05603	n07241
n05603	n07242
n05603	n07244
n05603	n07418
n05603	n07420
n05603	n07580
n05603	n07582
n05603	n07768
n05603	n07954
n05603	n07955
n05603	n08584
n05603	n08588
n05603	n08992
n05604	n03742
n05605	n05328
n05606	n06080
n05607	n08448
n05608	n05852
n05608	n06131
n05608	n06132
n05608	n06133
n05608	n06273
n05608	n06569
n05608	n06570
n05608	n06571
n05608	n06743
n05608	n06744
n05608	n06745
n05608	n06747
n05608	n06748
n05608	n06749
n05608	n06912
n05608	n06913
n05608	n06915
n05608	n06917
n05608	n06918
n05608	n07071
n05608	n07073
n05608	n07074
n05608	n07237
n05608	n07238
n05608	n07239
n05608	n07240
n05608	n07241
n05608	n07242
n05608	n07243
n05608	n07419
n05608	n07420
n05608	n07579
n05608	n07581
n05608	n07955
n05608	n08155
n05608	n08374
n05608	n08990
n05609	n03722
n05609	n06781
n05610	n04003
n05610	n04743
n05610	n06256
n05611	n06132
n05611	n06273
n05611	n06275
n05611	n06436
n05611	n06749
n05611	n06911
n05611	n06913
n05611	n06914
n05611	n06915
n05611	n06917
n05611	n07071
n05611	n07074
n05611	n07238
n05611	n07240
n05611	n07242
n05611	n07243
n05611	n07580
n05611	n07583
n05611	n07768
n05611	n08374
n05611	n08583
n05611	n08584
n05611	n08992
n05612	n03045
n05613	n00131
n05614	n04153
n05615	n01874
n05615	n08662
n05616	n02669
n05616	n07767
n05616	n08582
n05616	n08987
n05617	n08274
n05618	n05139
n05618	n09516
n05619	n07323
n05620	n03091
n05623	n05858
n05624	n04860
n05624	n05189
n05626	n06278
n05626	n06754
n05627	n04597
n05627	n08774
n05628	n08581
n05629	n05080
n05630	n06767
n05632	n03393
n05633	n07578
n05633	n08372
n05634	n05409
n05634	n08629
n05635	n03521
n05635	n04047
n05636	n04408
n05636	n04776
n05636	n05728
n05637	n08804
n05638	n05625
n05639	n05407
n05639	n07578
n05640	n04049
n05640	n05293
n05640	n07988
n05640	n08776
n05640	n08987
n05640	n09226
n05640	n09229
n05641	n05092
n05642	n03608
n05642	n03962
n05642	n04869
n05644	n04867
n05644	n08791
n05644	n08989
n05644	n08992
n05644	n09229
n05645	n04875
n05646	n01420
n05646	n01858
n05646	n02753
n05647	n04778
n05648	n05894
n05649	n03710
n05649	n04789
n05649	n09528
n05650	n06132
n05650	n08583
n05650	n08992
n05650	n08996
n05651	n06166
n05652	n03027
n05652	n03031
n05652	n04675
n05652	n04779
n05653	n04055
n05653	n04062
n05653	n07608
n05654	n06807
n05655	n03531
n05655	n07416
n05655	n07455
n05656	n04060
n05656	n08582
n05657	n06146
n05657	n07253
n05657	n08477
n05658	n07801
n05658	n07982
n05659	n04689
n05659	n06575
n05659	n08371
n05659	n08372
n05659	n08373
n05660	n05088
n05660	n08989
n05661	n08151
n05662	n09567
n05663	n05198
n05664	n06453
n05665	n04613
n05665	n07983
n05666	n03791
n05666	n04068
n05667	n00891
n05667	n04070
n05667	n06913
n05667	n06915
n05667	n07073
n05667	n07241
n05667	n07953
n05667	n07954
n05667	n07955
n05667	n08587
n05667	n08991
n05667	n09488
n05668	n06746
n05668	n06911
n05668	n07073
n05668	n07074
n05668	n07237
n05668	n07580
n05668	n07953
n05668	n08374
n05668	n09488
n05669	n04519
n05669	n04708
n05669	n05635
n05669	n07114
n05670	n06322
n05670	n06968
n05670	n07094
n05671	n04330
n05671	n05098
n05672	n07459
n05673	n00529
n05673	n03198
n05674	n02430
n05674	n02869
n05675	n07417
n05675	n07577
n05675	n07767
n05675	n08152
n05675	n09226
n05676	n06981
n05676	n08581
n05677	n02332
n05677	n03400
n05678	n07416
n05678	n07578
n05678	n07952
n05678	n08774
n05678	n09304
n05679	n06435
n05679	n06745
n05679	n07236
n05679	n07244
n05679	n07449
n05679	n08586
n05679	n08991
n05680	n02978
n05680	n05451
n05681	n07305
n05681	n08987
n05681	n09229
n05682	n06337
n05683	n07496
n05684	n09055
n05685	n05650
n05685	n06911
n05685	n07071
n05685	n07072
n05685	n07580
n05686	n05766
n05686	n08036
n05686	n08773
n05686	n09227
n05687	n04076
n05689	n01434
n05689	n01444
n05690	n01218
n05691	n04818
n05691	n07640
n05691	n09228
n05692	n00151
n05692	n04902
n05693	n05805
n05694	n03053
n05694	n06274
n05694	n08992
n05695	n09636
n05696	n06577
n05696	n07767
n05696	n08775
n05696	n08988
n05697	n03491
n05697	n04826
n05697	n05564
n05698	n06915
n05698	n06919
n05698	n08918
n05699	n06983
n05699	n09388
n05700	n08297
n05701	n02778
n05701	n07307
n05702	n04260
n05702	n08775
n05703	n04735
n05703	n07577
n05703	n08151
n05703	n08774
n05703	n08987
n05703	n08988
n05704	n06496
n05704	n08987
n05705	n07417
n05705	n07577
n05705	n07952
n05705	n08372
n05705	n08987
n05706	n06979
n05706	n07154
n05706	n09534
n05707	n09100
n05708	n04638
n05708	n05326
n05709	n00915
n05711	n02669
n05711	n07767
n05711	n07952
n05711	n08371
n05711	n08372
n05711	n09226
n05712	n02205
n05712	n03776
n05713	n06136
n05714	n06278
n05714	n06754
n05715	n09235
n05716	n09235
n05717	n06920
n05717	n07248
n05717	n07579
n05717	n08155
n05718	n06139
n05718	n07587
n05719	n03388
n05719	n05993
n05719	n06132
n05719	n06133
n05719	n06435
n05719	n06570
n05719	n06915
n05719	n06918
n05719	n06919
n05719	n08585
n05720	n05719
n05720	n06138
n05720	n06571
n05720	n07239
n05720	n07768
n05721	n04971
n05721	n07251
n05722	n06005
n05723	n06924
n05724	n07258
n05725	n06764
n05725	n08988
n05726	n05508
n05726	n05869
n05726	n06756
n05727	n00045
n05727	n01185
n05728	n06581
n05729	n03956
n05729	n04508
n05729	n05509
n05730	n09238
n05731	n06928
n05731	n08372
n05732	n02324
n05732	n02845
n05732	n03095
n05732	n04217
n05732	n04221
n05733	n08384
n05734	n02960
n05735	n05514
n05736	n07767
n05736	n08371
n05736	n08987
n05736	n08988
n05737	n08792
n05738	n07990
n05739	n07237
n05739	n09492
n05741	n06446
n05742	n07457
n05743	n06158
n05744	n01419
n05744	n03957
n05744	n03959
n05744	n03960
n05744	n04043
n05744	n04782
n05745	n04039
n05745	n05728
n05746	n08775
n05747	n04867
n05747	n08583
n05747	n08776
n05748	n07999
n05749	n03784
n05750	n04407
n05751	n06294
n05752	n04523
n05752	n05095
n05753	n05884
n05755	n05752
n05756	n03457
n05756	n04136
n05756	n04525
n05756	n04991
n05757	n09590
n05758	n05893
n05759	n09057
n05760	n06472
n05761	n08664
n05762	n07460
n05763	n05993
n05763	n06569
n05763	n06571
n05763	n06744
n05763	n06747
n05763	n06749
n05763	n06918
n05763	n06919
n05763	n07073
n05763	n07241
n05763	n07242
n05763	n07420
n05763	n07768
n05763	n07955
n05763	n08374
n05763	n08583
n05763	n09488
n05764	n05852
n05764	n06132
n05764	n06133
n05764	n06272
n05764	n06569
n05764	n06570
n05764	n06743
n05764	n06749
n05764	n06912
n05764	n06913
n05764	n06914
n05764	n06915
n05764	n06919
n05764	n07073
n05764	n07242
n05765	n02649
n05766	n05645
n05766	n07578
n05767	n09562
n05768	n04066
n05768	n07578
n05768	n07593
n05768	n08151
n05768	n08371
n05769	n04236
n05770	n08489
n05771	n07416
n05771	n09491
n05772	n05541
n05772	n06596
n05772	n08215
n05773	n07270
n05774	n09247
n05774	n09593
n05776	n08156
n05776	n09560
n05777	n05724
n05777	n07617
n05777	n08372
n05778	n08154
n05779	n07577
n05779	n09226
n05780	n09049
n05781	n03250
n05781	n08856
n05782	n04405
n05782	n07416
n05782	n09487
n05783	n07113
n05783	n09275
n05785	n07417
n05785	n07577
n05785	n07767
n05785	n08151
n05785	n08775
n05785	n08988
n05786	n07298
n05787	n06272
n05787	n06274
n05787	n06744
n05787	n06746
n05787	n07237
n05787	n07579
n05787	n07583
n05787	n08587
n05788	n07417
n05788	n07767
n05788	n08774
n05788	n09227
n05788	n09520
n05789	n04244
n05789	n06064
n05790	n03362
n05791	n02080
n05791	n02743
n05791	n08775
n05791	n09226
n05792	n06205
n05792	n08783
n05793	n07846
n05793	n07952
n05793	n08151
n05793	n08774
n05793	n08987
n05794	n08074
n05795	n01176
n05795	n08672
n05796	n05993
n05796	n06130
n05796	n06435
n05796	n06436
n05796	n06569
n05796	n06571
n05796	n06743
n05796	n06746
n05796	n06911
n05796	n06915
n05796	n06918
n05796	n06919
n05796	n07071
n05796	n07073
n05796	n07238
n05796	n07579
n05796	n07582
n05796	n07768
n05796	n07955
n05796	n08375
n05796	n08587
n05796	n08990
n05797	n03901
n05797	n08583
n05797	n09309
n05798	n01176
n05798	n08671
n05800	n08855
n05801	n05672
n05801	n06629
n05802	n00202
n05802	n01671
n05803	n06656
n05803	n08153
n05803	n08581
n05803	n08584
n05804	n05308
n05805	n03274
n05805	n07417
n05805	n07578
n05805	n08582
n05805	n08774
n05806	n03982
n05806	n08372
n05806	n09228
n05807	n04017
n05808	n04883
n05808	n06770
n05808	n07159
n05809	n07138
n05811	n03815
n05811	n06746
n05811	n07581
n05811	n07768
n05811	n07954
n05811	n08990
n05812	n06362
n05813	n00530
n05814	n05118
n05814	n08286
n05815	n00065
n05815	n07577
n05815	n08152
n05816	n02430
n05816	n02869
n05816	n03390
n05817	n01692
n05817	n05123
n05818	n03626
n05818	n07073
n05818	n09488
n05819	n06054
n05819	n07580
n05819	n08375
n05819	n08992
n05820	n08473
n05820	n09400
n05821	n05225
n05821	n06162
n05821	n08151
n05821	n08773
n05822	n09133
n05823	n07416
n05823	n07885
n05824	n06074
n05824	n09662
n05826	n07009
n05827	n04640
n05827	n06824
n05828	n04391
n05829	n04930
n05829	n07578
n05830	n06436
n05830	n06569
n05830	n06571
n05830	n06744
n05830	n06747
n05830	n06749
n05830	n06914
n05830	n07242
n05830	n07418
n05830	n07580
n05830	n07581
n05830	n07583
n05830	n07954
n05830	n08153
n05830	n08991
n05832	n06571
n05832	n07418
n05832	n07582
n05832	n07583
n05832	n08583
n05832	n09144
n05834	n08451
n05835	n04101
n05836	n04098
n05836	n09229
n05837	n03006
n05837	n06914
n05837	n07581
n05837	n08155
n05837	n08585
n05837	n08990
n05837	n09488
n05839	n05571
n05839	n08761
n05839	n08776
n05840	n03288
n05840	n04262
n05840	n07953
n05840	n09538
n05841	n01195
n05842	n04246
n05842	n05211
n05843	n03190
n05844	n05322
n05844	n05914
n05844	n06816
n05844	n08775
n05844	n08830
n05845	n04241
n05845	n06435
n05845	n07418
n05845	n08843
n05845	n08990
n05846	n03982
n05846	n09228
n05847	n02224
n05847	n02863
n05847	n03861
n05847	n05394
n05848	n03810
n05848	n07416
n05848	n08152
n05848	n08774
n05849	n05253
n05849	n08987
n05849	n09162
n05850	n02082
n05850	n08987
n05851	n02881
n05851	n08581
n05853	n06272
n05853	n06569
n05853	n06912
n05855	n05852
n05855	n05853
n05855	n07236
n05855	n07241
n05856	n02846
n05856	n04041
n05856	n04135
n05857	n08152
n05858	n05715
n05858	n05716
n05858	n06923
n05859	n04507
n05859	n05856
n05859	n07077
n05859	n07254
n05862	n04216
n05862	n04506
n05862	n05185
n05863	n05279
n05863	n06139
n05863	n07587
n05865	n07598
n05866	n06004
n05866	n06585
n05867	n08786
n05868	n07088
n05868	n08163
n05869	n04977
n05869	n05399
n05870	n04516
n05871	n08784
n05872	n06924
n05873	n03182
n05873	n04513
n05873	n04985
n05873	n05734
n05874	n03094
n05874	n04775
n05875	n05993
n05875	n06130
n05875	n06131
n05875	n06133
n05875	n06272
n05875	n06273
n05875	n06274
n05875	n06275
n05875	n06435
n05875	n06745
n05875	n06747
n05875	n06749
n05875	n06911
n05875	n06912
n05875	n06917
n05875	n06919
n05875	n07071
n05875	n07072
n05875	n07073
n05875	n07074
n05875	n07236
n05875	n07240
n05875	n07242
n05875	n07243
n05875	n07244
n05875	n07768
n05875	n08583
n05875	n08588
n05876	n07416
n05876	n07577
n05876	n08168
n05877	n08172
n05877	n08988
n05880	n04596
n05880	n04677
n05880	n04976
n05880	n07767
n05880	n08371
n05880	n08373
n05880	n08582
n05880	n08774
n05880	n09229
n05881	n04222
n05881	n05402
n05882	n05875
n05882	n06569
n05882	n06570
n05882	n06743
n05882	n06916
n05882	n07093
n05882	n07241
n05882	n07581
n05883	n04683
n05883	n07767
n05883	n08371
n05883	n08373
n05883	n08582
n05883	n08774
n05883	n09227
n05883	n09229
n05884	n08181
n05885	n03777
n05885	n04858
n05886	n03964
n05887	n03778
n05887	n06007
n05887	n06439
n05887	n07427
n05887	n08782
n05888	n08611
n05888	n09254
n05889	n08581
n05889	n08618
n05889	n09226
n05890	n08787
n05892	n07277
n05892	n07579
n05892	n08155
n05893	n06605
n05893	n07804
n05894	n08410
n05895	n03700
n05896	n04990
n05896	n06163
n05897	n06331
n05897	n06609
n05898	n07577
n05898	n09227
n05898	n09292
n05899	n06028
n05900	n04416
n05901	n05895
n05902	n05852
n05902	n05993
n05902	n06130
n05902	n06132
n05902	n06133
n05902	n06272
n05902	n06275
n05902	n06436
n05902	n06570
n05902	n06571
n05902	n06748
n05902	n06911
n05902	n06913
n05902	n06919
n05902	n07071
n05902	n07072
n05902	n07073
n05902	n07238
n05902	n07242
n05902	n07243
n05902	n07419
n05902	n07420
n05902	n07582
n05902	n08991
n05904	n03870
n05904	n06784
n05905	n04322
n05905	n04324
n05905	n05744
n05907	n07437
n05907	n09026
n05908	n04884
n05908	n04890
n05908	n08439
n05909	n03873
n05909	n06275
n05909	n07236
n05909	n07768
n05909	n08583
n05909	n08585
n05910	n06782
n05911	n09067
n05912	n07281
n05912	n08779
n05913	n04692
n05913	n05545
n05914	n06764
n05914	n07577
n05914	n08152
n05914	n08371
n05914	n08373
n05914	n08773
n05914	n08774
n05915	n01870
n05915	n06273
n05915	n06919
n05915	n07579
n05915	n08153
n05916	n08216
n05917	n05522
n05917	n07160
n05917	n07417
n05918	n06130
n05918	n06743
n05918	n06744
n05918	n06916
n05918	n07418
n05919	n03882
n05920	n05756
n05920	n07272
n05921	n08205
n05921	n09517
n05922	n09308
n05923	n03883
n05923	n03900
n05924	n05433
n05924	n05648
n05924	n09227
n05925	n02868
n05925	n05649
n05926	n03709
n05926	n06959
n05926	n07417
n05926	n07578
n05926	n08776
n05926	n08988
n05926	n08989
n05928	n09075
n05929	n09121
n05930	n08673
n05931	n05775
n05932	n06572
n05932	n08376
n05932	n08377
n05932	n08581
n05933	n07971
n05933	n09056
n05934	n04246
n05934	n05211
n05936	n03905
n05936	n05665
n05937	n07417
n05937	n08987
n05938	n05906
n05939	n02070
n05939	n02428
n05939	n02637
n05939	n06165
n05940	n02070
n05940	n02428
n05940	n02637
n05940	n06165
n05940	n07983
n05941	n09341
n05941	n09361
n05942	n03908
n05942	n04711
n05943	n01429
n05943	n05552
n05944	n07856
n05944	n08170
n05945	n06203
n05946	n09347
n05947	n05549
n05947	n08775
n05947	n09229
n05947	n09487
n05949	n07578
n05949	n08371
n05950	n09125
n05950	n09227
n05950	n09228
n05951	n08776
n05951	n08785
n05952	n07767
n05953	n06679
n05954	n07849
n05954	n08873
n05955	n02219
n05955	n07072
n05955	n07074
n05955	n07418
n05955	n07419
n05955	n07420
n05955	n07580
n05955	n07954
n05955	n08153
n05955	n08990
n05956	n05993
n05956	n06273
n05956	n06274
n05956	n06275
n05956	n06436
n05956	n06570
n05956	n06571
n05956	n06744
n05956	n06745
n05956	n06911
n05956	n06912
n05956	n06913
n05956	n06915
n05956	n06917
n05956	n07073
n05956	n07236
n05956	n07240
n05956	n07241
n05956	n07243
n05956	n08153
n05956	n08585
n05956	n09488
n05957	n03196
n05958	n04900
n05959	n00592
n05959	n01445
n05960	n04979
n05960	n05511
n05960	n07262
n05961	n02447
n05961	n05219
n05962	n05306
n05962	n09228
n05963	n04901
n05963	n07577
n05963	n07952
n05963	n08372
n05963	n08775
n05963	n08988
n05964	n06342
n05964	n08869
n05965	n00545
n05965	n00561
n05965	n00584
n05966	n06130
n05966	n07240
n05966	n08525
n05966	n08588
n05967	n04104
n05967	n07577
n05968	n07417
n05968	n07777
n05968	n07952
n05968	n08371
n05968	n08373
n05968	n08582
n05968	n08774
n05968	n08776
n05968	n08989
n05968	n09229
n05969	n06131
n05969	n06132
n05969	n06272
n05969	n06436
n05969	n06743
n05969	n06748
n05969	n06912
n05969	n07074
n05969	n07236
n05969	n07238
n05969	n07420
n05969	n07580
n05969	n07583
n05969	n08153
n05969	n08155
n05969	n08583
n05969	n08588
n05969	n08990
n05969	n08991
n05970	n08071
n05971	n04273
n05971	n06957
n05972	n06036
n05972	n07852
n05972	n09084
n05974	n01877
n05974	n05534
n05974	n07494
n05975	n05135
n05975	n08295
n05975	n08372
n05975	n08581
n05975	n09227
n05976	n07420
n05976	n08021
n05976	n09395
n05977	n04630
n05977	n08713
n05978	n06171
n05979	n03223
n05979	n09227
n05980	n04636
n05981	n03644
n05981	n05809
n05982	n04534
n05982	n05756
n05982	n05760
n05982	n06173
n05983	n07496
n05984	n05350
n05985	n04423
n05985	n05773
n05985	n07340
n05986	n04262
n05986	n07582
n05986	n08152
n05986	n08988
n05986	n08989
n05986	n09226
n05987	n07915
n05988	n06362
n05989	n02855
n05989	n03522
n05989	n04090
n05989	n05843
n05990	n02080
n05990	n03718
n05990	n09228
n05990	n09487
n05991	n00911
n05991	n08773
n05992	n00914
n05994	n06753
n05996	n07078
n05997	n05182
n05998	n06751
n05999	n06277
n05999	n07416
n05999	n07417
n05999	n07952
n05999	n08151
n05999	n08773
n05999	n09227
n06000	n05279
n06000	n06139
n06000	n07587
n06001	n08581
n06002	n05279
n06002	n06139
n06002	n07587
n06003	n06141
n06004	n09500
n06005	n06763
n06006	n09238
n06007	n07426
n06007	n08159
n06008	n04312
n06008	n04398
n06008	n04773
n06008	n05859
n06008	n06926
n06009	n06153
n06010	n06578
n06010	n08592
n06010	n08597
n06011	n05087
n06012	n08581
n06012	n08618
n06012	n09226
n06014	n07416
n06014	n07417
n06014	n08152
n06014	n08582
n06014	n08776
n06014	n08989
n06015	n05733
n06016	n08177
n06016	n09522
n06017	n03608
n06017	n03962
n06017	n04869
n06019	n05631
n06020	n06017
n06020	n07577
n06021	n05733
n06022	n07416
n06022	n07417
n06022	n07577
n06022	n07578
n06022	n08151
n06023	n04866
n06023	n05535
n06023	n06744
n06024	n03469
n06024	n05104
n06024	n09312
n06025	n06451
n06026	n05641
n06026	n05852
n06026	n08991
n06027	n06016
n06027	n08406
n06028	n04872
n06029	n05101
n06030	n07113
n06031	n06464
n06032	n06272
n06032	n06746
n06032	n07071
n06032	n07237
n06032	n07240
n06032	n07420
n06032	n07582
n06032	n08195
n06032	n08586
n06032	n08649
n06033	n04405
n06033	n04521
n06033	n09487
n06034	n09575
n06035	n06939
n06035	n07280
n06036	n05651
n06038	n02969
n06038	n02972
n06039	n03270
n06039	n04231
n06040	n08151
n06040	n08775
n06040	n08776
n06040	n09491
n06041	n03262
n06041	n05900
n06042	n04420
n06043	n07416
n06043	n07577
n06043	n08582
n06043	n08774
n06044	n07417
n06044	n08582
n06044	n08774
n06045	n07798
n06046	n07417
n06046	n07578
n06046	n08372
n06046	n08582
n06046	n08774
n06047	n04797
n06047	n06274
n06047	n07074
n06048	n00032
n06048	n00055
n06048	n00056
n06048	n00085
n06048	n01667
n06048	n08990
n06049	n09308
n06050	n03260
n06050	n08371
n06050	n08373
n06051	n01176
n06052	n01191
n06052	n01664
n06052	n02648
n06052	n02744
n06052	n06151
n06052	n06275
n06052	n06569
n06052	n06749
n06052	n06913
n06052	n06917
n06052	n07418
n06052	n08154
n06052	n08585
n06053	n07237
n06053	n07238
n06053	n07244
n06053	n09309
n06054	n06326
n06054	n07240
n06055	n07471
n06056	n07473
n06057	n08371
n06057	n08372
n06057	n08373
n06057	n08773
n06057	n08987
n06057	n08988
n06058	n04530
n06058	n08775
n06059	n03337
n06061	n08590
n06062	n05201
n06063	n05113
n06063	n06315
n06063	n08221
n06063	n08850
n06064	n03462
n06064	n03898
n06065	n03537
n06065	n03648
n06065	n05287
n06065	n05888
n06066	n07371
n06067	n06174
n06067	n09334
n06068	n07430
n06068	n07610
n06068	n07790
n06069	n07417
n06069	n07577
n06069	n07767
n06069	n08151
n06069	n08152
n06069	n08372
n06069	n08775
n06069	n08987
n06070	n04534
n06070	n05760
n06071	n09082
n06072	n06041
n06072	n06328
n06072	n08433
n06073	n01429
n06073	n05214
n06074	n02552
n06076	n00140
n06076	n05387
n06077	n04350
n06077	n05312
n06077	n06133
n06077	n06570
n06077	n06915
n06077	n06916
n06077	n06918
n06077	n06919
n06077	n07579
n06077	n07581
n06077	n08374
n06077	n08585
n06077	n08992
n06078	n07872
n06079	n00090
n06080	n06447
n06081	n01870
n06081	n06130
n06082	n04530
n06083	n08240
n06083	n08776
n06083	n08987
n06084	n09082
n06085	n02548
n06085	n03171
n06086	n06746
n06086	n06749
n06086	n07236
n06086	n07244
n06086	n07492
n06086	n07581
n06086	n07768
n06086	n08990
n06086	n08992
n06086	n09488
n06087	n05993
n06087	n06131
n06087	n06272
n06087	n06275
n06087	n06435
n06087	n06570
n06087	n06571
n06087	n06748
n06087	n06915
n06087	n07236
n06087	n07238
n06087	n07243
n06087	n07244
n06087	n07955
n06087	n08583
n06088	n03980
n06088	n07199
n06088	n07786
n06089	n05776
n06090	n05777
n06090	n08485
n06090	n08987
n06090	n08988
n06090	n09226
n06091	n00560
n06091	n07968
n06092	n08773
n06092	n08774
n06093	n06049
n06093	n07479
n06094	n07767
n06094	n08151
n06094	n08371
n06094	n08372
n06094	n08373
n06094	n08581
n06094	n08988
n06094	n09227
n06095	n07649
n06095	n08151
n06095	n08371
n06095	n08372
n06095	n08373
n06096	n08678
n06096	n08775
n06096	n09531
n06097	n04453
n06097	n08154
n06098	n07417
n06098	n07578
n06098	n08987
n06098	n08989
n06099	n03206
n06100	n02215
n06100	n05915
n06100	n06081
n06100	n06918
n06100	n07580
n06100	n08151
n06100	n08154
n06100	n08155
n06100	n08587
n06100	n08990
n06101	n05150
n06101	n06769
n06101	n09228
n06102	n05852
n06102	n05993
n06102	n06130
n06102	n06133
n06102	n06272
n06102	n06273
n06102	n06275
n06102	n06435
n06102	n06571
n06102	n06744
n06102	n06747
n06102	n06912
n06102	n06915
n06102	n06919
n06102	n07073
n06102	n07237
n06102	n07238
n06102	n07242
n06102	n07420
n06102	n07579
n06102	n08374
n06102	n08990
n06102	n08991
n06103	n07871
n06104	n07577
n06104	n08775
n06105	n08684
n06106	n05554
n06106	n07584
n06107	n03293
n06107	n03909
n06107	n06272
n06108	n07578
n06108	n08689
n06109	n01457
n06109	n07073
n06110	n05750
n06110	n07001
n06110	n09622
n06111	n01211
n06111	n08987
n06111	n09226
n06112	n02760
n06113	n05852
n06113	n05993
n06113	n06130
n06113	n06132
n06113	n06274
n06113	n06275
n06113	n06436
n06113	n06569
n06113	n06570
n06113	n06571
n06113	n06744
n06113	n06911
n06113	n06912
n06113	n06916
n06113	n06917
n06113	n06918
n06113	n06919
n06113	n07072
n06113	n07236
n06113	n07237
n06113	n07238
n06113	n07240
n06113	n07241
n06113	n07244
n06113	n07418
n06113	n07579
n06113	n07580
n06113	n07582
n06113	n07953
n06113	n07955
n06113	n08153
n06113	n08154
n06113	n08583
n06113	n08585
n06113	n08586
n06113	n08587
n06113	n08991
n06113	n08992
n06117	n06285
n06117	n07713
n06118	n03750
n06119	n05640
n06119	n07416
n06119	n08151
n06119	n08652
n06119	n09530
n06120	n08313
n06121	n06840
n06122	n03651
n06122	n05852
n06122	n06133
n06122	n07243
n06122	n07579
n06122	n08374
n06122	n08588
n06123	n01458
n06123	n02432
n06124	n05243
n06124	n08775
n06124	n08989
n06125	n04091
n06125	n04447
n06125	n08502
n06126	n05052
n06126	n08581
n06126	n08774
n06126	n08988
n06126	n09228
n06126	n09487
n06127	n05434
n06127	n06648
n06128	n00906
n06128	n05553
n06128	n09227
n06129	n04925
n06129	n06639
n06134	n07584
n06135	n07769
n06137	n06278
n06137	n06754
n06138	n03388
n06138	n05993
n06138	n06132
n06138	n06133
n06138	n06435
n06138	n06570
n06138	n06915
n06138	n06918
n06138	n06919
n06138	n08585
n06139	n09497
n06140	n04770
n06140	n04859
n06140	n04968
n06140	n05857
n06140	n08158
n06140	n08775
n06141	n09496
n06142	n07416
n06142	n08151
n06143	n02738
n06143	n03093
n06143	n03519
n06144	n08162
n06145	n04312
n06145	n04398
n06145	n04773
n06145	n05859
n06145	n06926
n06146	n07252
n06147	n08162
n06148	n06142
n06148	n07783
n06149	n07774
n06150	n05191
n06151	n06150
n06151	n06273
n06151	n06918
n06151	n07239
n06151	n08153
n06153	n05866
n06153	n06441
n06154	n09251
n06155	n07787
n06156	n06761
n06156	n07428
n06157	n06576
n06157	n07985
n06158	n05286
n06159	n04329
n06160	n06764
n06160	n08988
n06161	n08408
n06161	n09229
n06162	n04050
n06162	n04864
n06162	n05740
n06162	n07578
n06163	n09487
n06164	n07990
n06165	n06156
n06167	n06592
n06169	n08806
n06170	n04047
n06171	n07999
n06172	n01424
n06172	n02543
n06172	n03096
n06172	n03256
n06172	n04994
n06173	n03457
n06173	n04136
n06173	n04525
n06173	n04991
n06174	n08000
n06175	n04405
n06175	n04410
n06175	n08775
n06176	n05540
n06176	n06134
n06176	n06779
n06177	n06911
n06177	n07277
n06177	n07420
n06177	n07579
n06177	n07581
n06177	n08155
n06177	n08586
n06178	n04418
n06178	n07805
n06178	n08416
n06179	n00519
n06179	n00878
n06179	n00879
n06179	n00880
n06179	n00881
n06179	n00882
n06179	n00884
n06179	n00886
n06179	n00887
n06179	n00889
n06180	n05551
n06181	n08214
n06182	n08019
n06182	n09025
n06183	n03533
n06183	n03611
n06184	n09287
n06185	n00537
n06185	n00894
n06185	n01188
n06185	n02970
n06185	n04785
n06185	n05531
n06186	n03614
n06186	n07291
n06186	n07647
n06187	n08151
n06188	n05212
n06190	n07836
n06190	n07955
n06191	n07663
n06192	n04613
n06192	n07983
n06193	n08776
n06193	n08785
n06193	n08987
n06194	n07131
n06194	n08987
n06194	n09227
n06195	n03521
n06195	n06170
n06196	n08186
n06197	n06281
n06197	n08381
n06197	n09543
n06198	n07611
n06199	n05540
n06199	n06779
n06200	n03265
n06200	n04690
n06200	n09226
n06201	n03543
n06201	n04141
n06201	n04237
n06201	n09558
n06202	n06030
n06204	n00038
n06204	n00052
n06206	n02073
n06206	n02560
n06206	n03616
n06206	n08152
n06206	n08587
n06206	n09226
n06207	n05319
n06207	n06759
n06208	n01869
n06208	n09242
n06209	n08794
n06209	n09256
n06209	n09601
n06210	n02063
n06210	n05525
n06210	n07952
n06211	n04797
n06211	n06435
n06211	n06743
n06211	n07071
n06211	n07236
n06211	n07242
n06211	n07243
n06211	n07244
n06211	n07419
n06211	n07580
n06211	n07582
n06211	n07768
n06211	n08154
n06211	n08374
n06211	n08991
n06212	n08827
n06213	n05103
n06213	n06747
n06213	n07579
n06213	n08374
n06213	n08586
n06213	n08587
n06214	n09349
n06216	n05201
n06217	n08822
n06218	n04858
n06218	n09065
n06219	n08987
n06219	n09226
n06220	n05544
n06220	n07623
n06220	n07963
n06220	n09526
n06221	n03284
n06221	n06208
n06222	n08460
n06223	n07115
n06223	n07577
n06223	n08581
n06223	n08776
n06223	n09229
n06224	n02068
n06224	n07578
n06224	n09229
n06224	n09487
n06225	n06207
n06225	n09513
n06226	n06973
n06226	n07645
n06227	n02067
n06228	n05993
n06228	n06130
n06228	n06132
n06228	n06133
n06228	n06272
n06228	n06274
n06228	n06569
n06228	n06571
n06228	n06743
n06228	n06746
n06228	n06748
n06228	n06912
n06228	n06915
n06228	n06917
n06228	n07073
n06228	n07074
n06228	n07236
n06228	n07240
n06228	n07418
n06228	n07582
n06228	n07583
n06228	n08153
n06228	n08155
n06228	n08588
n06229	n05662
n06229	n07582
n06229	n07953
n06230	n06636
n06231	n03798
n06231	n06274
n06231	n06745
n06231	n06746
n06231	n06747
n06231	n07579
n06231	n07954
n06231	n08153
n06231	n08154
n06231	n08992
n06232	n08178
n06232	n09627
n06233	n06671
n06234	n03620
n06234	n09227
n06235	n04906
n06236	n02765
n06236	n07238
n06236	n07240
n06236	n08154
n06236	n08992
n06236	n09488
n06237	n08998
n06238	n08045
n06238	n09610
n06239	n04815
n06239	n08892
n06240	n07667
n06241	n02215
n06241	n05915
n06241	n06081
n06241	n06435
n06241	n07237
n06241	n07580
n06241	n08586
n06242	n02075
n06242	n04430
n06243	n07417
n06243	n07577
n06243	n07952
n06243	n08152
n06243	n08371
n06243	n08373
n06243	n08775
n06243	n08988
n06243	n08989
n06243	n09226
n06244	n05127
n06244	n08690
n06245	n02882
n06245	n08704
n06245	n09032
n06246	n05405
n06246	n06826
n06246	n07442
n06246	n09550
n06247	n04254
n06247	n04898
n06247	n05133
n06248	n05279
n06248	n06650
n06249	n07604
n06249	n08371
n06249	n08373
n06249	n08495
n06249	n09487
n06250	n05453
n06251	n08721
n06252	n04528
n06252	n05943
n06254	n04259
n06254	n04449
n06254	n08006
n06254	n08372
n06255	n03994
n06255	n05563
n06255	n06912
n06255	n08992
n06256	n08692
n06257	n03131
n06257	n06374
n06257	n08581
n06259	n04819
n06259	n07767
n06259	n08581
n06260	n05852
n06260	n05993
n06260	n06130
n06260	n06131
n06260	n06132
n06260	n06133
n06260	n06272
n06260	n06275
n06260	n06435
n06260	n06436
n06260	n06570
n06260	n06744
n06260	n06745
n06260	n06746
n06260	n07072
n06260	n07242
n06260	n07243
n06260	n07419
n06260	n07580
n06260	n07582
n06260	n07583
n06260	n07955
n06260	n08153
n06260	n08586
n06260	n08587
n06260	n08588
n06260	n08990
n06260	n09488
n06261	n05951
n06261	n09132
n06262	n07196
n06263	n07416
n06263	n07417
n06263	n08151
n06263	n08371
n06263	n08372
n06263	n09228
n06264	n07416
n06264	n07952
n06264	n08151
n06264	n08773
n06264	n08775
n06264	n08776
n06264	n09226
n06264	n09487
n06265	n04366
n06266	n01429
n06266	n04431
n06266	n04528
n06266	n05552
n06267	n07578
n06267	n07952
n06267	n08975
n06267	n08988
n06269	n02995
n06269	n08910
n06270	n04718
n06271	n02882
n06271	n04612
n06271	n05398
n06271	n05886
n06271	n08582
n06271	n09228
n06271	n09285
n06271	n09487
n06276	n04308
n06276	n06911
n06276	n07071
n06276	n07241
n06276	n07418
n06276	n07420
n06279	n06132
n06279	n06438
n06279	n07953
n06280	n04967
n06280	n05998
n06281	n05182
n06282	n06928
n06283	n03693
n06283	n03955
n06283	n04676
n06283	n08775
n06284	n07973
n06285	n08164
n06286	n05508
n06286	n05869
n06286	n06756
n06287	n05864
n06287	n07091
n06288	n06150
n06288	n06273
n06288	n06918
n06288	n07239
n06288	n08585
n06289	n06291
n06290	n07973
n06291	n07967
n06292	n08784
n06293	n03183
n06293	n04399
n06293	n05515
n06294	n04986
n06294	n05626
n06295	n03521
n06296	n05852
n06296	n05993
n06296	n06130
n06296	n06131
n06296	n06132
n06296	n06133
n06296	n06273
n06296	n06274
n06296	n06436
n06296	n06570
n06296	n06571
n06296	n06745
n06296	n06748
n06296	n06912
n06296	n06913
n06296	n06915
n06296	n06916
n06296	n06917
n06296	n06918
n06296	n07071
n06296	n07073
n06296	n07236
n06296	n07237
n06296	n07238
n06296	n07239
n06296	n07240
n06296	n07243
n06296	n07582
n06296	n07768
n06296	n07955
n06296	n08585
n06297	n07962
n06297	n09226
n06298	n03183
n06298	n04399
n06298	n05515
n06299	n05401
n06300	n05865
n06301	n05870
n06301	n07419
n06301	n08153
n06302	n08193
n06303	n06151
n06303	n06275
n06303	n06749
n06303	n08154
n06304	n08607
n06305	n05737
n06307	n04053
n06308	n06940
n06309	n02423
n06309	n02962
n06309	n03252
n06309	n09487
n06310	n06009
n06310	n07605
n06311	n05285
n06311	n07577
n06312	n05733
n06313	n06591
n06313	n07416
n06313	n07577
n06313	n08372
n06313	n09229
n06314	n06294
n06314	n06453
n06314	n07076
n06315	n03098
n06316	n06013
n06317	n07577
n06317	n07578
n06317	n07952
n06317	n08151
n06317	n08372
n06317	n08373
n06317	n08582
n06317	n08773
n06317	n08775
n06318	n09262
n06319	n05080
n06320	n07999
n06321	n00033
n06321	n00089
n06321	n01201
n06321	n02851
n06321	n06435
n06321	n08585
n06322	n04675
n06323	n05524
n06324	n04903
n06325	n04884
n06325	n04890
n06325	n08439
n06326	n06795
n06326	n07954
n06327	n07124
n06328	n04416
n06329	n05194
n06329	n09227
n06330	n09547
n06331	n06948
n06332	n04873
n06333	n08447
n06334	n05532
n06334	n05909
n06334	n07266
n06334	n08153
n06334	n08587
n06334	n09488
n06335	n08432
n06336	n06130
n06336	n06436
n06336	n06743
n06336	n06745
n06336	n06749
n06336	n06913
n06336	n07237
n06336	n07239
n06336	n07954
n06336	n08374
n06336	n08585
n06336	n08991
n06336	n09510
n06337	n05091
n06337	n05184
n06337	n05394
n06337	n05405
n06338	n01867
n06338	n02971
n06338	n05993
n06338	n06132
n06338	n06272
n06338	n06275
n06338	n06571
n06338	n06744
n06338	n06745
n06338	n06748
n06338	n06912
n06338	n06913
n06338	n06918
n06338	n07238
n06338	n07239
n06338	n07240
n06338	n07583
n06338	n07955
n06338	n08153
n06339	n02747
n06339	n08773
n06339	n09227
n06340	n08458
n06341	n07424
n06341	n08590
n06342	n09322
n06343	n05891
n06343	n06791
n06344	n04060
n06344	n08582
n06345	n08841
n06346	n04883
n06346	n07159
n06348	n04705
n06349	n04717
n06351	n04699
n06351	n08775
n06352	n05524
n06353	n01693
n06354	n08896
n06355	n04340
n06355	n07578
n06355	n08152
n06355	n09226
n06356	n07820
n06357	n02070
n06357	n02428
n06357	n02637
n06357	n06165
n06358	n06468
n06359	n07577
n06360	n07637
n06361	n04883
n06361	n07159
n06361	n08582
n06362	n08641
n06362	n08653
n06365	n05863
n06365	n06925
n06365	n08397
n06365	n09272
n06365	n09300
n06366	n05852
n06366	n05993
n06366	n06130
n06366	n06131
n06366	n06132
n06366	n06272
n06366	n06275
n06366	n06436
n06366	n06569
n06366	n06571
n06366	n06915
n06366	n06917
n06366	n06919
n06366	n07074
n06366	n07244
n06366	n07420
n06366	n07581
n06366	n07582
n06366	n07768
n06366	n08375
n06366	n08586
n06366	n08587
n06366	n09488
n06367	n09521
n06368	n05321
n06368	n07582
n06369	n08152
n06369	n08371
n06369	n08372
n06369	n08581
n06369	n08775
n06369	n08987
n06370	n03250
n06370	n03469
n06370	n05104
n06370	n09312
n06371	n07577
n06371	n07767
n06371	n07952
n06371	n08151
n06371	n08372
n06371	n08773
n06371	n09555
n06372	n07578
n06372	n07767
n06372	n08151
n06372	n08372
n06372	n08582
n06372	n09226
n06372	n09227
n06372	n09229
n06373	n08692
n06374	n06489
n06376	n02751
n06377	n04717
n06377	n08402
n06377	n08987
n06377	n08989
n06377	n09227
n06377	n09228
n06378	n06214
n06379	n07577
n06379	n07578
n06379	n08232
n06379	n08581
n06379	n09226
n06381	n07236
n06382	n08238
n06383	n07450
n06383	n08794
n06383	n09601
n06384	n08987
n06384	n09509
n06385	n00097
n06386	n03483
n06386	n05431
n06386	n08991
n06388	n02086
n06388	n02713
n06389	n00919
n06390	n05852
n06390	n05993
n06390	n06130
n06390	n06131
n06390	n06132
n06390	n06275
n06390	n06571
n06390	n06749
n06390	n07240
n06390	n07243
n06390	n08154
n06390	n08583
n06391	n08590
n06392	n00556
n06392	n04519
n06393	n07676
n06395	n03416
n06395	n08057
n06395	n08585
n06396	n05461
n06397	n05330
n06397	n07857
n06398	n03634
n06398	n08151
n06398	n08152
n06398	n08372
n06398	n08775
n06398	n08987
n06399	n06990
n06399	n07236
n06399	n07580
n06399	n08153
n06399	n08990
n06400	n05225
n06400	n07952
n06400	n09226
n06401	n03796
n06401	n04169
n06401	n06038
n06402	n03548
n06402	n06036
n06404	n06917
n06404	n07420
n06404	n07680
n06404	n08375
n06404	n08584
n06404	n08586
n06405	n07577
n06405	n07578
n06405	n07767
n06405	n08371
n06405	n08581
n06405	n08774
n06405	n09226
n06406	n06569
n06406	n06913
n06406	n07071
n06406	n07418
n06406	n08396
n06406	n08596
n06406	n08992
n06407	n07707
n06407	n08773
n06407	n08987
n06408	n05028
n06408	n06938
n06408	n07007
n06409	n03815
n06409	n05852
n06409	n06131
n06409	n06272
n06409	n06274
n06409	n06571
n06409	n06914
n06409	n06918
n06409	n07240
n06409	n07418
n06409	n07420
n06409	n07580
n06409	n07582
n06409	n07955
n06409	n08374
n06410	n03047
n06411	n03617
n06411	n06178
n06411	n07645
n06412	n07319
n06413	n06919
n06413	n08991
n06413	n09362
n06414	n08531
n06415	n07238
n06415	n08884
n06416	n07237
n06416	n07696
n06416	n08584
n06416	n08991
n06416	n09488
n06417	n08152
n06417	n09499
n06418	n07416
n06418	n07578
n06418	n07952
n06418	n08151
n06418	n08582
n06418	n08774
n06418	n08775
n06418	n08987
n06418	n08988
n06418	n09226
n06418	n09227
n06419	n09653
n06420	n06071
n06421	n06750
n06421	n07416
n06421	n07577
n06421	n07578
n06421	n07952
n06421	n08151
n06421	n08775
n06421	n08988
n06421	n08989
n06421	n09228
n06421	n09229
n06422	n06980
n06422	n09227
n06423	n02655
n06423	n05274
n06423	n07767
n06424	n02666
n06424	n02894
n06425	n03655
n06427	n02768
n06427	n03360
n06428	n05302
n06428	n06273
n06428	n06571
n06428	n07244
n06428	n07580
n06428	n08423
n06429	n09330
n06429	n09619
n06430	n04003
n06430	n06373
n06431	n05817
n06432	n03656
n06433	n02998
n06433	n08773
n06437	n07082
n06438	n05717
n06439	n07426
n06439	n08159
n06440	n06291
n06440	n09249
n06441	n06004
n06441	n06585
n06442	n08390
n06442	n09260
n06443	n05279
n06443	n05718
n06443	n07589
n06444	n07973
n06446	n08623
n06447	n07592
n06447	n08161
n06448	n07416
n06448	n07577
n06448	n08168
n06449	n08395
n06450	n06149
n06451	n06597
n06451	n07269
n06452	n05643
n06452	n06152
n06452	n06445
n06453	n06932
n06455	n03701
n06455	n04048
n06455	n05639
n06456	n04988
n06457	n06294
n06457	n06768
n06458	n07577
n06458	n07767
n06458	n08581
n06458	n08773
n06459	n06571
n06459	n09030
n06460	n04863
n06460	n06913
n06461	n04053
n06462	n05089
n06463	n08154
n06463	n08211
n06464	n07577
n06464	n08993
n06465	n07472
n06465	n08773
n06466	n09013
n06467	n03873
n06467	n09488
n06468	n07416
n06468	n07578
n06470	n09505
n06471	n04605
n06471	n05902
n06471	n06131
n06471	n06273
n06471	n06743
n06471	n06746
n06471	n08584
n06471	n08586
n06472	n03457
n06472	n04136
n06472	n04525
n06472	n04991
n06473	n03032
n06474	n09545
n06475	n06048
n06476	n05523
n06476	n05890
n06477	n07420
n06477	n09323
n06478	n00549
n06478	n01174
n06478	n06916
n06478	n07073
n06478	n07236
n06478	n07238
n06478	n07241
n06478	n08153
n06478	n08586
n06478	n09269
n06479	n07416
n06479	n08589
n06479	n08775
n06479	n09490
n06480	n05080
n06481	n04717
n06481	n08171
n06482	n04692
n06482	n05545
n06482	n09226
n06483	n05002
n06483	n09556
n06484	n02425
n06484	n03030
n06484	n08173
n06484	n08794
n06485	n08491
n06486	n04606
n06487	n06168
n06488	n05423
n06489	n04142
n06489	n04603
n06490	n03714
n06490	n04518
n06490	n05518
n06490	n06131
n06490	n07241
n06490	n07953
n06491	n08424
n06492	n03901
n06492	n06914
n06494	n09629
n06497	n08775
n06498	n05208
n06499	n07421
n06499	n08987
n06500	n08084
n06501	n06749
n06501	n08020
n06502	n05430
n06503	n05993
n06503	n06130
n06503	n06132
n06503	n06436
n06503	n06569
n06503	n06747
n06503	n06914
n06503	n06915
n06503	n06917
n06503	n07237
n06503	n07239
n06503	n07419
n06503	n07420
n06503	n07582
n06503	n07954
n06503	n07955
n06504	n06130
n06504	n06131
n06504	n06743
n06504	n06744
n06504	n06916
n06504	n07418
n06505	n03804
n06505	n08371
n06506	n05427
n06506	n09066
n06507	n04072
n06507	n04621
n06508	n04707
n06508	n07767
n06508	n07952
n06508	n08987
n06508	n09487
n06510	n06132
n06510	n06743
n06510	n06749
n06510	n06843
n06510	n06912
n06510	n06914
n06510	n07237
n06510	n07238
n06510	n08990
n06511	n01176
n06512	n04519
n06512	n04708
n06512	n05635
n06512	n07114
n06513	n08376
n06513	n08825
n06514	n05756
n06514	n08003
n06515	n06170
n06516	n06034
n06516	n08582
n06516	n08774
n06517	n05877
n06519	n05418
n06519	n05529
n06519	n06273
n06519	n06918
n06519	n07236
n06519	n07579
n06519	n08423
n06520	n00550
n06523	n00075
n06524	n05196
n06524	n06151
n06524	n06275
n06524	n06288
n06524	n06749
n06524	n06913
n06524	n07072
n06524	n08154
n06525	n04344
n06528	n08064
n06529	n08065
n06531	n08632
n06532	n05852
n06532	n06130
n06532	n06132
n06532	n06133
n06532	n06272
n06532	n06273
n06532	n06274
n06532	n06435
n06532	n06436
n06532	n06569
n06532	n06570
n06532	n06571
n06532	n06743
n06532	n06744
n06532	n06745
n06532	n06746
n06532	n06747
n06532	n06911
n06532	n06915
n06532	n06919
n06532	n07071
n06532	n07072
n06532	n07238
n06532	n07243
n06532	n07244
n06532	n07418
n06532	n07420
n06532	n07580
n06532	n07581
n06532	n07582
n06532	n07953
n06532	n07955
n06532	n08154
n06532	n08155
n06532	n08375
n06532	n08584
n06532	n08587
n06532	n08990
n06532	n08991
n06532	n08992
n06533	n05993
n06533	n06130
n06533	n06131
n06533	n06132
n06533	n06133
n06533	n06272
n06533	n06273
n06533	n06436
n06533	n06569
n06533	n06743
n06533	n06744
n06533	n06748
n06533	n06749
n06533	n06911
n06533	n06912
n06533	n06915
n06533	n06916
n06533	n06917
n06533	n06918
n06533	n06919
n06533	n07236
n06533	n07237
n06533	n07238
n06533	n07239
n06533	n07240
n06533	n07241
n06533	n07243
n06533	n07420
n06533	n07579
n06533	n07580
n06533	n07583
n06533	n07955
n06533	n08154
n06533	n08155
n06533	n08375
n06533	n08583
n06533	n08586
n06533	n08588
n06533	n08992
n06534	n04544
n06534	n06211
n06534	n07237
n06534	n07579
n06534	n08375
n06534	n08990
n06535	n08581
n06535	n09271
n06536	n02763
n06537	n08617
n06539	n08581
n06539	n08683
n06539	n08773
n06539	n08987
n06539	n09226
n06540	n01454
n06541	n04894
n06541	n08372
n06542	n04382
n06542	n05416
n06543	n07416
n06543	n07767
n06543	n08151
n06543	n08152
n06543	n08987
n06543	n09226
n06545	n03207
n06545	n08374
n06546	n00104
n06547	n07767
n06548	n05040
n06548	n08152
n06548	n08371
n06548	n08373
n06548	n09226
n06549	n03912
n06550	n08264
n06551	n06915
n06552	n02343
n06552	n05756
n06552	n06070
n06553	n02075
n06553	n04711
n06554	n04446
n06554	n06435
n06554	n07242
n06554	n08154
n06554	n08588
n06555	n00947
n06555	n07416
n06555	n07767
n06555	n08152
n06555	n09227
n06556	n03902
n06556	n05932
n06556	n07578
n06556	n08371
n06556	n08373
n06556	n09227
n06557	n07653
n06558	n06843
n06558	n06914
n06558	n08837
n06559	n06858
n06559	n08583
n06560	n05124
n06561	n01880
n06561	n04247
n06561	n04823
n06562	n06131
n06562	n06132
n06562	n06273
n06562	n06274
n06562	n06825
n06562	n07071
n06562	n07072
n06562	n07074
n06562	n07240
n06562	n07241
n06562	n07420
n06562	n07581
n06562	n07953
n06562	n07954
n06562	n08154
n06562	n08374
n06562	n08587
n06562	n08588
n06563	n04163
n06564	n07757
n06565	n07019
n06566	n04360
n06566	n08151
n06566	n08773
n06566	n08987
n06567	n02776
n06567	n07865
n06568	n07767
n06568	n07952
n06568	n08371
n06568	n08373
n06568	n08775
n06568	n09227
n06572	n07417
n06572	n07767
n06573	n06136
n06574	n07416
n06575	n06757
n06576	n08385
n06577	n07965
n06578	n05079
n06578	n06437
n06579	n05279
n06579	n05718
n06580	n03693
n06580	n03955
n06580	n04676
n06580	n08775
n06581	n07259
n06582	n05401
n06583	n07429
n06584	n05508
n06584	n05869
n06584	n06756
n06585	n09500
n06586	n05508
n06586	n05869
n06586	n06756
n06587	n02847
n06587	n07416
n06587	n07417
n06588	n07578
n06588	n08372
n06589	n09251
n06590	n08388
n06591	n04972
n06591	n06575
n06592	n05190
n06592	n05723
n06592	n05872
n06592	n07781
n06592	n08384
n06593	n05508
n06593	n05869
n06593	n06756
n06594	n07416
n06594	n07767
n06595	n06934
n06596	n04053
n06597	n09004
n06598	n06144
n06598	n06147
n06600	n07100
n06601	n05725
n06601	n06160
n06601	n07104
n06602	n05407
n06602	n09001
n06603	n03865
n06603	n04783
n06605	n07278
n06607	n08581
n06607	n08618
n06607	n09226
n06608	n05877
n06608	n07417
n06608	n07767
n06608	n08152
n06608	n08774
n06608	n08775
n06609	n06948
n06610	n04220
n06610	n07439
n06611	n05290
n06611	n08581
n06612	n07792
n06612	n08816
n06612	n09488
n06613	n05730
n06613	n06006
n06613	n08164
n06614	n00547
n06614	n02331
n06614	n07578
n06615	n03870
n06616	n09341
n06617	n06130
n06617	n06132
n06617	n06436
n06617	n06743
n06617	n06748
n06617	n06918
n06617	n07072
n06617	n07073
n06617	n07243
n06618	n08405
n06619	n00046
n06619	n00068
n06619	n02539
n06619	n05647
n06620	n02068
n06620	n07578
n06621	n07417
n06621	n09037
n06622	n02849
n06623	n03963
n06623	n05521
n06624	n04352
n06625	n01171
n06625	n03461
n06625	n08803
n06625	n09024
n06625	n09261
n06626	n01668
n06627	n06648
n06629	n05523
n06629	n05890
n06630	n07464
n06631	n06015
n06631	n06792
n06632	n06331
n06632	n06609
n06633	n00565
n06633	n01169
n06633	n05527
n06633	n07952
n06633	n08581
n06634	n08151
n06634	n08372
n06634	n08773
n06634	n08774
n06634	n08987
n06636	n09318
n06637	n04605
n06637	n05902
n06637	n08586
n06638	n06463
n06638	n06911
n06639	n04239
n06639	n07767
n06641	n04060
n06642	n03964
n06642	n09287
n06643	n06132
n06643	n06133
n06643	n06348
n06643	n06911
n06643	n08586
n06644	n08014
n06645	n03709
n06645	n07578
n06645	n08776
n06645	n08988
n06646	n06912
n06646	n06918
n06646	n07347
n06646	n07419
n06646	n07582
n06646	n08153
n06646	n08375
n06647	n05752
n06647	n06611
n06647	n08628
n06648	n03101
n06648	n04151
n06649	n05315
n06649	n09083
n06650	n05539
n06651	n05896
n06651	n07952
n06652	n08853
n06653	n04558
n06654	n03710
n06654	n04789
n06655	n03052
n06655	n03405
n06655	n04155
n06655	n04876
n06656	n03187
n06656	n05333
n06656	n07474
n06656	n08152
n06656	n08638
n06657	n08154
n06658	n04066
n06659	n04560
n06659	n08627
n06660	n05301
n06660	n06798
n06660	n07480
n06661	n09015
n06661	n09275
n06662	n05005
n06662	n05764
n06662	n06273
n06662	n06436
n06662	n07237
n06662	n07241
n06662	n08991
n06663	n00899
n06663	n01860
n06663	n02338
n06663	n03545
n06663	n05548
n06664	n07416
n06664	n07577
n06664	n07578
n06664	n07767
n06664	n08151
n06664	n08152
n06664	n08371
n06664	n08372
n06664	n08373
n06664	n08581
n06664	n08582
n06664	n08775
n06664	n08987
n06664	n09229
n06665	n05305
n06665	n05533
n06665	n06911
n06665	n07237
n06665	n08990
n06666	n02860
n06666	n03478
n06666	n04168
n06666	n08151
n06667	n09070
n06668	n06747
n06668	n06913
n06668	n06915
n06668	n07073
n06668	n07242
n06668	n07419
n06668	n08374
n06668	n08586
n06669	n08668
n06670	n04440
n06670	n05300
n06670	n06014
n06670	n08988
n06670	n09487
n06671	n08371
n06671	n09226
n06672	n02755
n06673	n07125
n06673	n08835
n06674	n04147
n06675	n04347
n06675	n07842
n06676	n07416
n06676	n07767
n06676	n08152
n06676	n08774
n06676	n08775
n06677	n07131
n06677	n09093
n06678	n04332
n06679	n03628
n06680	n04807
n06680	n08691
n06681	n07649
n06682	n04444
n06682	n04886
n06682	n06026
n06682	n06571
n06682	n08586
n06683	n05113
n06683	n06315
n06683	n06977
n06683	n08850
n06684	n04401
n06684	n08699
n06684	n09272
n06686	n09227
n06687	n05546
n06688	n03478
n06688	n04168
n06688	n08151
n06688	n08372
n06688	n08775
n06688	n08988
n06688	n08989
n06688	n09226
n06688	n09227
n06688	n09229
n06689	n08852
n06690	n07792
n06690	n08816
n06690	n09488
n06691	n07416
n06691	n07444
n06691	n07577
n06691	n07767
n06691	n08372
n06691	n08581
n06691	n08634
n06691	n08774
n06691	n08775
n06691	n08988
n06692	n05318
n06693	n02066
n06693	n04529
n06693	n07577
n06695	n05546
n06695	n06019
n06695	n08483
n06696	n01868
n06696	n04083
n06697	n09459
n06698	n06132
n06698	n06272
n06698	n06274
n06698	n06275
n06698	n06570
n06698	n06571
n06698	n06746
n06698	n06911
n06698	n07071
n06698	n07072
n06698	n07238
n06698	n07244
n06698	n07580
n06698	n07581
n06698	n07582
n06698	n07953
n06698	n08153
n06698	n08154
n06699	n04722
n06700	n05852
n06700	n05993
n06700	n06133
n06700	n06273
n06700	n06274
n06700	n06275
n06700	n06435
n06700	n06570
n06700	n06571
n06700	n06743
n06700	n06744
n06700	n06747
n06700	n06748
n06700	n06912
n06700	n06914
n06700	n06919
n06700	n07071
n06700	n07072
n06700	n07236
n06700	n07238
n06700	n07239
n06700	n07242
n06700	n07244
n06700	n07420
n06700	n07582
n06700	n08154
n06700	n08155
n06700	n08584
n06700	n08586
n06700	n08992
n06701	n05141
n06702	n03476
n06702	n06275
n06702	n09259
n06704	n02875
n06704	n03057
n06704	n06491
n06705	n07585
n06705	n07952
n06705	n08376
n06705	n08582
n06705	n08774
n06705	n08989
n06705	n09228
n06705	n09487
n06706	n08238
n06706	n08775
n06706	n09554
n06707	n06510
n06707	n06571
n06707	n06919
n06707	n07582
n06707	n08155
n06707	n08224
n06707	n08585
n06708	n04979
n06708	n05511
n06708	n07430
n06708	n08393
n06708	n08801
n06708	n09569
n06709	n07578
n06709	n09227
n06710	n07416
n06710	n07578
n06710	n08152
n06710	n08582
n06710	n08773
n06710	n08774
n06710	n08776
n06710	n08989
n06710	n09227
n06710	n09228
n06711	n03491
n06711	n05026
n06711	n08987
n06711	n09227
n06711	n09228
n06711	n09229
n06712	n08685
n06713	n06132
n06713	n06273
n06713	n06274
n06713	n06275
n06713	n06435
n06713	n06436
n06713	n06749
n06713	n06911
n06713	n06918
n06713	n07953
n06713	n08375
n06713	n08588
n06713	n08991
n06713	n09588
n06714	n07493
n06715	n05993
n06715	n06133
n06715	n06274
n06715	n06275
n06715	n06435
n06715	n06436
n06715	n06569
n06715	n06749
n06715	n06919
n06715	n07238
n06715	n07242
n06715	n07243
n06715	n07244
n06715	n07420
n06715	n07583
n06715	n07768
n06715	n07955
n06715	n08153
n06715	n08584
n06718	n05852
n06718	n06130
n06718	n06132
n06718	n06133
n06718	n06272
n06718	n06274
n06718	n06275
n06718	n06435
n06718	n06569
n06718	n06745
n06718	n06748
n06718	n06749
n06718	n06911
n06718	n06912
n06718	n06913
n06718	n06917
n06718	n07071
n06718	n07072
n06718	n07073
n06718	n07236
n06718	n07237
n06718	n07238
n06718	n07240
n06718	n07242
n06718	n07243
n06718	n07244
n06718	n07418
n06718	n07419
n06718	n07580
n06718	n07582
n06718	n07768
n06718	n08587
n06718	n08990
n06718	n08991
n06719	n08371
n06720	n05356
n06720	n06922
n06721	n07714
n06722	n05993
n06722	n06272
n06722	n06273
n06722	n06745
n06722	n06916
n06722	n06917
n06722	n07239
n06722	n07241
n06722	n07244
n06722	n07954
n06722	n08154
n06723	n03347
n06723	n08152
n06725	n06834
n06725	n07767
n06725	n08774
n06725	n09226
n06726	n04196
n06726	n06130
n06726	n06435
n06726	n07238
n06726	n07582
n06727	n04828
n06727	n07989
n06727	n08773
n06728	n03215
n06728	n05852
n06728	n05993
n06728	n06130
n06728	n06131
n06728	n06132
n06728	n06272
n06728	n06273
n06728	n06275
n06728	n06569
n06728	n06570
n06728	n06571
n06728	n07072
n06728	n07073
n06728	n07074
n06728	n07242
n06728	n07244
n06729	n02668
n06729	n05852
n06729	n05993
n06729	n06133
n06729	n06273
n06729	n06274
n06729	n06436
n06729	n06569
n06729	n06570
n06729	n06571
n06729	n06743
n06729	n06744
n06729	n06917
n06729	n06919
n06729	n07071
n06729	n07236
n06729	n07237
n06729	n07239
n06729	n07579
n06729	n07582
n06729	n07953
n06729	n07954
n06729	n08154
n06729	n08374
n06729	n08583
n06729	n08586
n06729	n08990
n06730	n01895
n06730	n07708
n06731	n09115
n06732	n07872
n06734	n06080
n06735	n05342
n06736	n02652
n06736	n06190
n06736	n08990
n06737	n05480
n06738	n02427
n06738	n03919
n06738	n07577
n06739	n07353
n06739	n08152
n06740	n04360
n06740	n09226
n06741	n00599
n06742	n05386
n06742	n08372
n06742	n08775
n06742	n09226
n06750	n05181
n06751	n07958
n06756	n04977
n06756	n05399
n06757	n04969
n06758	n07417
n06758	n07767
n06758	n07952
n06758	n08152
n06758	n08372
n06758	n08581
n06758	n08582
n06758	n08774
n06758	n08775
n06759	n09005
n06761	n05625
n06762	n07785
n06763	n09508
n06764	n07416
n06764	n07578
n06764	n07767
n06764	n07952
n06764	n08151
n06764	n08582
n06764	n09229
n06766	n06004
n06766	n06585
n06767	n05865
n06768	n04986
n06768	n05626
n06768	n05714
n06769	n09519
n06770	n04777
n06770	n05086
n06770	n06154
n06770	n06589
n06771	n09238
n06772	n09241
n06773	n06772
n06774	n06144
n06774	n06147
n06775	n06436
n06775	n06919
n06775	n07240
n06775	n07241
n06775	n07244
n06775	n07579
n06775	n09231
n06776	n07417
n06777	n08183
n06778	n08160
n06778	n08371
n06778	n08373
n06779	n08401
n06780	n05408
n06780	n07437
n06784	n05631
n06785	n03323
n06786	n03182
n06786	n04513
n06786	n04985
n06786	n05734
n06787	n07577
n06787	n07578
n06788	n04683
n06788	n07767
n06788	n08371
n06788	n08373
n06788	n08774
n06788	n09011
n06788	n09227
n06788	n09229
n06789	n05200
n06790	n05088
n06791	n04423
n06791	n05773
n06792	n05733
n06793	n07999
n06794	n06782
n06795	n05993
n06795	n06133
n06795	n06914
n06795	n06917
n06795	n07074
n06795	n07236
n06796	n05625
n06797	n07252
n06797	n08154
n06798	n06210
n06798	n07108
n06798	n07809
n06799	n07793
n06799	n09274
n06800	n06606
n06801	n08044
n06802	n06787
n06802	n07417
n06802	n07767
n06802	n08372
n06802	n09227
n06803	n08872
n06804	n03696
n06804	n03876
n06805	n02537
n06805	n03253
n06806	n03710
n06806	n04789
n06806	n08773
n06806	n08987
n06807	n03961
n06808	n04613
n06808	n07782
n06809	n07279
n06809	n08371
n06809	n08373
n06810	n02070
n06810	n02428
n06810	n02637
n06810	n06165
n06812	n08417
n06812	n09227
n06813	n02429
n06813	n04415
n06814	n05655
n06815	n05883
n06815	n09228
n06816	n06764
n06816	n07577
n06816	n08152
n06816	n08371
n06816	n08373
n06816	n08773
n06816	n08774
n06817	n07444
n06817	n07578
n06817	n08151
n06817	n08773
n06817	n08774
n06817	n09226
n06818	n02070
n06818	n02428
n06818	n02637
n06818	n06165
n06819	n04405
n06819	n07416
n06819	n09487
n06820	n03334
n06821	n05660
n06821	n06766
n06821	n07600
n06821	n08775
n06822	n06275
n06822	n06459
n06822	n09248
n06823	n07636
n06823	n07954
n06823	n08154
n06823	n08583
n06823	n08586
n06823	n08587
n06824	n09589
n06825	n05852
n06825	n06130
n06825	n06275
n06825	n06436
n06825	n06571
n06825	n06746
n06825	n06747
n06825	n06917
n06825	n07236
n06825	n07237
n06825	n07239
n06825	n07580
n06825	n07583
n06825	n08585
n06825	n08991
n06826	n03861
n06826	n04408
n06826	n04776
n06828	n06131
n06828	n06795
n06828	n06912
n06828	n07243
n06829	n08849
n06830	n03261
n06830	n07954
n06830	n07955
n06831	n05906
n06832	n04154
n06832	n04331
n06832	n06622
n06835	n06930
n06836	n02968
n06836	n08371
n06836	n08372
n06836	n08373
n06836	n08582
n06836	n08775
n06836	n08776
n06836	n08987
n06836	n09226
n06836	n09229
n06837	n04817
n06838	n04702
n06838	n06132
n06838	n06274
n06838	n06570
n06838	n06571
n06838	n06746
n06838	n06916
n06838	n06917
n06838	n07242
n06838	n07420
n06838	n07579
n06838	n07768
n06838	n07954
n06838	n08154
n06839	n07102
n06840	n03285
n06841	n06202
n06841	n06452
n06842	n01432
n06843	n04419
n06843	n06133
n06843	n06273
n06843	n06744
n06843	n06747
n06843	n07953
n06843	n08375
n06843	n08587
n06843	n08992
n06844	n06915
n06844	n06917
n06844	n07071
n06844	n08154
n06844	n08837
n06845	n05340
n06846	n07652
n06847	n03534
n06847	n09003
n06848	n09077
n06849	n02855
n06849	n03257
n06849	n06954
n06850	n03618
n06850	n05025
n06850	n06935
n06850	n08399
n06851	n03487
n06852	n06651
n06852	n08372
n06852	n08773
n06853	n07820
n06854	n09227
n06855	n06743
n06855	n06822
n06855	n07580
n06855	n07583
n06855	n08583
n06855	n08805
n06856	n09621
n06857	n03886
n06858	n04801
n06858	n06470
n06859	n08075
n06860	n07416
n06860	n07577
n06860	n07767
n06860	n07952
n06860	n08371
n06861	n08481
n06861	n09297
n06862	n05200
n06862	n09336
n06862	n09534
n06863	n05676
n06863	n07417
n06863	n09229
n06863	n09487
n06864	n07148
n06865	n05225
n06865	n08151
n06865	n08203
n06865	n08775
n06867	n03279
n06867	n05661
n06867	n09367
n06868	n05720
n06868	n06130
n06868	n06272
n06868	n06275
n06868	n06436
n06868	n06743
n06868	n06745
n06868	n07073
n06868	n07074
n06868	n07236
n06868	n07418
n06868	n07420
n06868	n07579
n06868	n07582
n06868	n08990
n06869	n07728
n06870	n06131
n06870	n06745
n06870	n07238
n06870	n07579
n06870	n07581
n06870	n07768
n06870	n09624
n06871	n06977
n06871	n08815
n06872	n07430
n06873	n04708
n06873	n09584
n06874	n05339
n06875	n06205
n06875	n09072
n06875	n09553
n06876	n03203
n06876	n03987
n06876	n05993
n06876	n06275
n06876	n06744
n06876	n06918
n06876	n07237
n06876	n08374
n06876	n08585
n06878	n07578
n06878	n08773
n06878	n08776
n06878	n09229
n06878	n09232
n06878	n09491
n06879	n07417
n06879	n07767
n06879	n08774
n06879	n08987
n06879	n08988
n06879	n09227
n06880	n08262
n06880	n08774
n06880	n08987
n06881	n02334
n06881	n04084
n06881	n04174
n06881	n07179
n06883	n04563
n06883	n07319
n06883	n08583
n06884	n08431
n06885	n03048
n06885	n06130
n06885	n06274
n06885	n07955
n06885	n08153
n06885	n08155
n06885	n08584
n06885	n08991
n06886	n06509
n06886	n07952
n06887	n01207
n06887	n06131
n06887	n08588
n06889	n04184
n06889	n06339
n06889	n07417
n06890	n04741
n06890	n07952
n06890	n08987
n06890	n09227
n06891	n08154
n06892	n04901
n06892	n08152
n06892	n08372
n06892	n09226
n06892	n09228
n06893	n00951
n06893	n03172
n06893	n07416
n06893	n08152
n06893	n08989
n06894	n08582
n06894	n08705
n06895	n05353
n06896	n00921
n06897	n02550
n06897	n07494
n06897	n09641
n06898	n03633
n06898	n04353
n06899	n03139
n06899	n08371
n06899	n08372
n06899	n08988
n06900	n06363
n06901	n05896
n06901	n08775
n06901	n08776
n06901	n08987
n06902	n08582
n06902	n08987
n06903	n05452
n06903	n08679
n06904	n01194
n06905	n02440
n06905	n04082
n06905	n08371
n06905	n08373
n06906	n06076
n06906	n06130
n06906	n06131
n06906	n06133
n06906	n06749
n06906	n06913
n06906	n07418
n06907	n05468
n06907	n06832
n06907	n06964
n06909	n00576
n06910	n00124
n06910	n00178
n06910	n01901
n06920	n07236
n06920	n09230
n06921	n02416
n06921	n03248
n06922	n06752
n06923	n09235
n06924	n07246
n06924	n07959
n06925	n09497
n06926	n04507
n06926	n05856
n06926	n07077
n06926	n07254
n06927	n09000
n06928	n06927
n06929	n05085
n06929	n05415
n06929	n07416
n06929	n07417
n06929	n07767
n06929	n07952
n06929	n08151
n06929	n09227
n06931	n02327
n06931	n02328
n06932	n04986
n06932	n05626
n06932	n06137
n06933	n06011
n06934	n05864
n06934	n07091
n06935	n04984
n06936	n03028
n06936	n04046
n06936	n07098
n06937	n08152
n06937	n08790
n06938	n03865
n06938	n04783
n06941	n05507
n06941	n08151
n06941	n08988
n06942	n03028
n06942	n04046
n06942	n07098
n06943	n09236
n06944	n07282
n06945	n08819
n06946	n05413
n06946	n06569
n06946	n06570
n06946	n06743
n06946	n06916
n06946	n07241
n06946	n07581
n06946	n07954
n06946	n07955
n06946	n08154
n06946	n08155
n06947	n05193
n06948	n09506
n06949	n07796
n06950	n07999
n06951	n03722
n06951	n06781
n06953	n04993
n06954	n02745
n06954	n03186
n06954	n03522
n06954	n04404
n06955	n04137
n06956	n07591
n06957	n03963
n06958	n05742
n06959	n05896
n06959	n08987
n06960	n04526
n06960	n05526
n06960	n06162
n06960	n07417
n06960	n07952
n06960	n08773
n06960	n08988
n06961	n08151
n06962	n03032
n06963	n05088
n06963	n06310
n06963	n08775
n06964	n06586
n06964	n06622
n06966	n06130
n06966	n06744
n06966	n06914
n06966	n07237
n06966	n07238
n06966	n07579
n06966	n07581
n06966	n07583
n06966	n07953
n06966	n08991
n06967	n04605
n06967	n05902
n06967	n06274
n06967	n06569
n06967	n06744
n06968	n05404
n06968	n06319
n06969	n06456
n06969	n07158
n06970	n07464
n06971	n07817
n06972	n05100
n06973	n03617
n06974	n04688
n06976	n05096
n06977	n04321
n06978	n04686
n06978	n05202
n06978	n06295
n06979	n09056
n06980	n08017
n06981	n08372
n06982	n08216
n06984	n03027
n06984	n03031
n06984	n04675
n06984	n04779
n06985	n01663
n06986	n08213
n06987	n06798
n06987	n07480
n06987	n08841
n06988	n07585
n06988	n08372
n06988	n08376
n06988	n08773
n06988	n09491
n06990	n05853
n06990	n07071
n06990	n07953
n06990	n08375
n06990	n08584
n06991	n03560
n06992	n05658
n06992	n08176
n06993	n06184
n06994	n02849
n06994	n06593
n06994	n06917
n06995	n05302
n06995	n07236
n06995	n07579
n06995	n08155
n06995	n08587
n06995	n08990
n06996	n05852
n06996	n06744
n06996	n06746
n06996	n07954
n06996	n08991
n06997	n08371
n06997	n08775
n06997	n09227
n06998	n09364
n06999	n07135
n07000	n07035
n07001	n04407
n07001	n06976
n07003	n07273
n07003	n07799
n07003	n07952
n07003	n08152
n07003	n08582
n07003	n08989
n07004	n06971
n07005	n08838
n07006	n05929
n07007	n03890
n07007	n05015
n07007	n09265
n07008	n03717
n07008	n08256
n07009	n08802
n07009	n08988
n07009	n09227
n07010	n05435
n07010	n06499
n07010	n07952
n07010	n08372
n07010	n08840
n07011	n03792
n07011	n04639
n07012	n06748
n07012	n06914
n07012	n07073
n07012	n07240
n07012	n07242
n07012	n08154
n07013	n04161
n07013	n05057
n07013	n05750
n07014	n06131
n07014	n06743
n07014	n06912
n07014	n07237
n07015	n08372
n07015	n08534
n07015	n08775
n07017	n04887
n07019	n08154
n07020	n02978
n07020	n05451
n07021	n07416
n07021	n07767
n07021	n08151
n07021	n08372
n07022	n07443
n07023	n07416
n07023	n08773
n07024	n08372
n07024	n08873
n07025	n04893
n07025	n06630
n07025	n08445
n07026	n06171
n07026	n06320
n07026	n06793
n07026	n06950
n07027	n09359
n07028	n03194
n07028	n06212
n07029	n03046
n07029	n07578
n07029	n08152
n07029	n09229
n07030	n04806
n07030	n09516
n07031	n09227
n07033	n03109
n07033	n03285
n07033	n05542
n07033	n07812
n07034	n07824
n07034	n09100
n07035	n08916
n07036	n06744
n07036	n06917
n07036	n07242
n07036	n07579
n07036	n07955
n07036	n08155
n07036	n08375
n07037	n06133
n07037	n06435
n07037	n06912
n07037	n06916
n07037	n07238
n07037	n07241
n07037	n08155
n07037	n08586
n07037	n08588
n07037	n08991
n07037	n08992
n07037	n09126
n07037	n09488
n07038	n05918
n07038	n06504
n07038	n07583
n07039	n08074
n07039	n08849
n07040	n09370
n07041	n05511
n07041	n07430
n07041	n07790
n07041	n08801
n07041	n09569
n07042	n07578
n07042	n07638
n07043	n07514
n07043	n09626
n07046	n03738
n07046	n06032
n07046	n06435
n07046	n06747
n07046	n06748
n07046	n06914
n07046	n07236
n07046	n08374
n07047	n02431
n07047	n08969
n07047	n09120
n07048	n06272
n07048	n06569
n07048	n06570
n07048	n06912
n07048	n06914
n07048	n06917
n07048	n08497
n07049	n03001
n07049	n04272
n07050	n08987
n07052	n05336
n07053	n02875
n07053	n03057
n07053	n06491
n07054	n04893
n07054	n05132
n07054	n07614
n07054	n07795
n07054	n09564
n07055	n09153
n07057	n07240
n07057	n09596
n07058	n03216
n07058	n05265
n07058	n07239
n07058	n07954
n07059	n06130
n07059	n06272
n07059	n06275
n07059	n06436
n07059	n06569
n07059	n06743
n07059	n06744
n07059	n06746
n07059	n06911
n07059	n06912
n07059	n06913
n07059	n06916
n07059	n06919
n07059	n07071
n07059	n07240
n07059	n07242
n07059	n07243
n07059	n07418
n07059	n07954
n07059	n08374
n07059	n08588
n07060	n04266
n07060	n04357
n07060	n06274
n07060	n06569
n07060	n06749
n07060	n08583
n07061	n07504
n07061	n09404
n07062	n02385
n07062	n04825
n07063	n02218
n07063	n06382
n07063	n07416
n07063	n08151
n07063	n09228
n07064	n03842
n07064	n04610
n07064	n09228
n07064	n09229
n07065	n05220
n07065	n05993
n07065	n06131
n07065	n06435
n07065	n06747
n07065	n06913
n07065	n06914
n07065	n07238
n07065	n07239
n07065	n07242
n07065	n07579
n07065	n08154
n07065	n08374
n07066	n03822
n07067	n09052
n07068	n01453
n07068	n06914
n07068	n06919
n07068	n07579
n07068	n07580
n07068	n07954
n07069	n08152
n07069	n08678
n07069	n08775
n07069	n08791
n07070	n06215
n07075	n06750
n07076	n06278
n07076	n06754
n07077	n02846
n07077	n04041
n07077	n04135
n07079	n07422
n07080	n07422
n07081	n06751
n07083	n07594
n07084	n05860
n07084	n05861
n07084	n05995
n07084	n07423
n07084	n08994
n07086	n05996
n07087	n08391
n07088	n07078
n07089	n04774
n07089	n05083
n07089	n05084
n07089	n08383
n07090	n05279
n07090	n05718
n07092	n06760
n07092	n07984
n07092	n09002
n07093	n05993
n07093	n06130
n07093	n06131
n07093	n06133
n07093	n06272
n07093	n06273
n07093	n06274
n07093	n06275
n07093	n06435
n07093	n06745
n07093	n06747
n07093	n06749
n07093	n06911
n07093	n06912
n07093	n06917
n07093	n06919
n07093	n07071
n07093	n07072
n07093	n07073
n07093	n07074
n07093	n07236
n07093	n07240
n07093	n07242
n07093	n07243
n07093	n07244
n07093	n07768
n07093	n08583
n07093	n08588
n07094	n04861
n07095	n06576
n07096	n05094
n07096	n06776
n07096	n07578
n07097	n08176
n07098	n07085
n07098	n07577
n07098	n08372
n07099	n06287
n07099	n07432
n07100	n08989
n07102	n09236
n07103	n07097
n07104	n06764
n07104	n08988
n07105	n08182
n07106	n07096
n07107	n07445
n07108	n02063
n07108	n05525
n07108	n07952
n07109	n03777
n07109	n03860
n07109	n04134
n07110	n04687
n07110	n05412
n07110	n06458
n07110	n08372
n07111	n05725
n07111	n06160
n07111	n07104
n07113	n09015
n07114	n04686
n07114	n05202
n07114	n06295
n07115	n07416
n07116	n03328
n07116	n03968
n07116	n07577
n07117	n06762
n07119	n05738
n07119	n06164
n07119	n09541
n07120	n04325
n07121	n05993
n07121	n06131
n07121	n06274
n07121	n06570
n07121	n06749
n07121	n06911
n07121	n06912
n07121	n06917
n07121	n07073
n07121	n07238
n07121	n07242
n07121	n07768
n07121	n07953
n07121	n08587
n07121	n08991
n07122	n04320
n07122	n04512
n07122	n07791
n07123	n05097
n07123	n07954
n07125	n09537
n07127	n05889
n07127	n06012
n07127	n06607
n07127	n07417
n07128	n04060
n07129	n00044
n07129	n04996
n07130	n09227
n07130	n09562
n07131	n07417
n07131	n07767
n07131	n08581
n07131	n08774
n07131	n08775
n07131	n08988
n07132	n08372
n07134	n03319
n07134	n05885
n07134	n06921
n07134	n07250
n07135	n04787
n07136	n02425
n07136	n03030
n07136	n08173
n07137	n00537
n07137	n00894
n07137	n01188
n07137	n02970
n07137	n05531
n07138	n06488
n07139	n09593
n07140	n07852
n07140	n09084
n07141	n08205
n07142	n06316
n07143	n05299
n07143	n09299
n07144	n03728
n07145	n05852
n07145	n05993
n07145	n06131
n07145	n06132
n07145	n06133
n07145	n06275
n07145	n06435
n07145	n06746
n07145	n06912
n07145	n06914
n07145	n07236
n07145	n07240
n07145	n07242
n07145	n07243
n07145	n07768
n07146	n07416
n07146	n07577
n07146	n07952
n07147	n08818
n07148	n03814
n07149	n07417
n07150	n05418
n07150	n05529
n07150	n06571
n07150	n07236
n07150	n07244
n07150	n07579
n07150	n08588
n07151	n07140
n07152	n08992
n07153	n05192
n07153	n05634
n07153	n07838
n07153	n08188
n07154	n09056
n07155	n02975
n07155	n08011
n07156	n07416
n07156	n08773
n07156	n09555
n07157	n06174
n07157	n07417
n07157	n08581
n07157	n08773
n07158	n07578
n07158	n08371
n07159	n04051
n07160	n08795
n07161	n06474
n07162	n08019
n07162	n08207
n07162	n09487
n07163	n05993
n07163	n06130
n07163	n06131
n07163	n06132
n07163	n06272
n07163	n06273
n07163	n06274
n07163	n06275
n07163	n06435
n07163	n06570
n07163	n06571
n07163	n06743
n07163	n06744
n07163	n06746
n07163	n06747
n07163	n06748
n07163	n06749
n07163	n06912
n07163	n06915
n07163	n06916
n07163	n06917
n07163	n06918
n07163	n07071
n07163	n07072
n07163	n07073
n07163	n07074
n07163	n07236
n07163	n07243
n07163	n07244
n07163	n07581
n07163	n07582
n07163	n07583
n07163	n07768
n07163	n07953
n07163	n07954
n07163	n07955
n07163	n08154
n07163	n08155
n07163	n08583
n07163	n08586
n07163	n08587
n07163	n08588
n07164	n06811
n07165	n07133
n07166	n04704
n07166	n06274
n07166	n06749
n07166	n06918
n07166	n07244
n07166	n07581
n07166	n07768
n07166	n09488
n07167	n06327
n07167	n08885
n07169	n04505
n07169	n05544
n07169	n07623
n07170	n06230
n07171	n08371
n07172	n01857
n07172	n02855
n07172	n04786
n07173	n06618
n07173	n08152
n07173	n09487
n07175	n06040
n07175	n08376
n07176	n04699
n07176	n08060
n07176	n08773
n07176	n09226
n07177	n07578
n07177	n08151
n07177	n08371
n07177	n08373
n07177	n08582
n07177	n09227
n07179	n09293
n07180	n03889
n07181	n04342
n07181	n09226
n07183	n07952
n07183	n08371
n07183	n08373
n07183	n08773
n07183	n09228
n07183	n09487
n07184	n04723
n07184	n09228
n07185	n08694
n07186	n03548
n07186	n07151
n07187	n05923
n07188	n07147
n07189	n07416
n07189	n08582
n07189	n08773
n07189	n09079
n07189	n09228
n07190	n02652
n07190	n06190
n07190	n06913
n07190	n07072
n07190	n07580
n07190	n08990
n07192	n08222
n07193	n03715
n07194	n03282
n07194	n05993
n07194	n06132
n07194	n06570
n07194	n07071
n07194	n07243
n07194	n07244
n07194	n07418
n07194	n07582
n07194	n08154
n07194	n08584
n07194	n08586
n07195	n05778
n07196	n05221
n07197	n06993
n07197	n08774
n07197	n08987
n07197	n08988
n07199	n04638
n07199	n05326
n07199	n06752
n07200	n05129
n07201	n05226
n07201	n06488
n07202	n07638
n07202	n08152
n07202	n08372
n07202	n08581
n07202	n08773
n07202	n08774
n07202	n08987
n07202	n09226
n07203	n03279
n07203	n05661
n07203	n08774
n07204	n06656
n07204	n07650
n07204	n07767
n07204	n08151
n07205	n07168
n07207	n04347
n07207	n08151
n07207	n08152
n07207	n08987
n07207	n08989
n07207	n09226
n07208	n03419
n07209	n08501
n07210	n08911
n07210	n09226
n07210	n09227
n07211	n02889
n07212	n08077
n07212	n08151
n07215	n08151
n07216	n05441
n07216	n06280
n07216	n08194
n07217	n09636
n07218	n01883
n07218	n06912
n07218	n09691
n07219	n07153
n07219	n08775
n07220	n08064
n07220	n09050
n07221	n06673
n07221	n07952
n07221	n08581
n07221	n08776
n07221	n08987
n07221	n09226
n07221	n09228
n07222	n02427
n07222	n03919
n07222	n07416
n07222	n07767
n07222	n09226
n07223	n04346
n07223	n09656
n07224	n01458
n07224	n02432
n07224	n05997
n07224	n07296
n07225	n02669
n07226	n00550
n07227	n04914
n07227	n08072
n07227	n08989
n07228	n01891
n07228	n04911
n07228	n07510
n07229	n04263
n07229	n04919
n07230	n05543
n07231	n03480
n07231	n07074
n07231	n07583
n07231	n08154
n07231	n08585
n07232	n04544
n07232	n06047
n07232	n06131
n07232	n06748
n07232	n06913
n07232	n06914
n07232	n07954
n07233	n07682
n07234	n08151
n07234	n08371
n07234	n08372
n07234	n08373
n07234	n08581
n07234	n08776
n07234	n08987
n07234	n08988
n07234	n09227
n07235	n00183
n07248	n05393
n07248	n05855
n07248	n07239
n07248	n08584
n07249	n08379
n07250	n02416
n07250	n03248
n07251	n05860
n07251	n05861
n07251	n05995
n07251	n07423
n07252	n08997
n07253	n07252
n07254	n02846
n07254	n04041
n07254	n04135
n07255	n04970
n07255	n04973
n07257	n07969
n07258	n08789
n07259	n09504
n07260	n04971
n07260	n07084
n07260	n07251
n07260	n07964
n07261	n07767
n07261	n08371
n07261	n08987
n07261	n08988
n07262	n07257
n07263	n06008
n07263	n07976
n07264	n06004
n07264	n06585
n07264	n08988
n07265	n02739
n07265	n03097
n07265	n03251
n07265	n03395
n07265	n03459
n07266	n05509
n07267	n06289
n07268	n05190
n07268	n05723
n07268	n05872
n07268	n07781
n07269	n09004
n07271	n06743
n07271	n06745
n07271	n06913
n07271	n07073
n07271	n07240
n07271	n07580
n07272	n09260
n07273	n03608
n07273	n03962
n07273	n04869
n07274	n03184
n07274	n04417
n07274	n06941
n07275	n06149
n07275	n08809
n07276	n03319
n07276	n03386
n07276	n04134
n07276	n07957
n07277	n09022
n07278	n02424
n07278	n02640
n07279	n09292
n07281	n05212
n07282	n08405
n07282	n08774
n07282	n09529
n07283	n03184
n07283	n04417
n07283	n06941
n07283	n08371
n07283	n08373
n07284	n04060
n07284	n08582
n07285	n04427
n07286	n06604
n07287	n04052
n07287	n04329
n07288	n09290
n07289	n05212
n07291	n06595
n07291	n07099
n07291	n07993
n07292	n04412
n07292	n06307
n07292	n06596
n07293	n06161
n07293	n08775
n07294	n09074
n07295	n05303
n07296	n03543
n07296	n04141
n07296	n04237
n07297	n03631
n07297	n06648
n07298	n06314
n07298	n07628
n07299	n06637
n07299	n06746
n07299	n08990
n07301	n09045
n07302	n08427
n07303	n07577
n07304	n05422
n07305	n07624
n07306	n06343
n07307	n07236
n07308	n03536
n07309	n05759
n07309	n08164
n07310	n04400
n07310	n05905
n07310	n07832
n07311	n09332
n07312	n07417
n07312	n07577
n07312	n07578
n07312	n07767
n07312	n07952
n07312	n08151
n07312	n08987
n07312	n09227
n07313	n04812
n07315	n06200
n07315	n07417
n07315	n08151
n07316	n07998
n07316	n08203
n07316	n08581
n07317	n08510
n07318	n06296
n07318	n06744
n07318	n08245
n07319	n05852
n07319	n06130
n07319	n06131
n07319	n06132
n07319	n06272
n07319	n06275
n07319	n06435
n07319	n06569
n07319	n06571
n07319	n06743
n07319	n06745
n07319	n06746
n07319	n06747
n07319	n06748
n07319	n06749
n07319	n06911
n07319	n06912
n07319	n06913
n07319	n06914
n07319	n06915
n07319	n06918
n07319	n06919
n07319	n07071
n07319	n07072
n07319	n07073
n07319	n07074
n07319	n07239
n07319	n07242
n07319	n07418
n07319	n07419
n07319	n07579
n07319	n07583
n07319	n07768
n07319	n07953
n07319	n08155
n07319	n08584
n07319	n08588
n07319	n08991
n07321	n08586
n07321	n08626
n07322	n07577
n07322	n08786
n07323	n06986
n07324	n05993
n07324	n06273
n07324	n06569
n07324	n06912
n07324	n06917
n07324	n07074
n07324	n07236
n07324	n07241
n07324	n07243
n07324	n08374
n07326	n09073
n07327	n03340
n07329	n08223
n07330	n08774
n07331	n07126
n07332	n08371
n07332	n09271
n07333	n07416
n07335	n06822
n07335	n07242
n07336	n05769
n07337	n02749
n07337	n04878
n07337	n07446
n07337	n07952
n07337	n09228
n07338	n05772
n07338	n06461
n07338	n08673
n07339	n03740
n07340	n07270
n07341	n07001
n07342	n05568
n07342	n08372
n07342	n08989
n07343	n06063
n07344	n01863
n07345	n06569
n07345	n08042
n07345	n08583
n07345	n08587
n07346	n07124
n07347	n05852
n07347	n05993
n07347	n06130
n07347	n06272
n07347	n06273
n07347	n06275
n07347	n06436
n07347	n06569
n07347	n06743
n07347	n06747
n07347	n06749
n07347	n06913
n07347	n07074
n07347	n07236
n07347	n07237
n07347	n07238
n07347	n07240
n07347	n07241
n07347	n07242
n07347	n07579
n07347	n07581
n07347	n07955
n07347	n08585
n07347	n08990
n07347	n08991
n07347	n08992
n07348	n07604
n07348	n08371
n07348	n08373
n07348	n08495
n07348	n09487
n07349	n07438
n07349	n08372
n07349	n08987
n07349	n09226
n07349	n09229
n07350	n04622
n07350	n07952
n07350	n08582
n07350	n09226
n07351	n05329
n07351	n08989
n07351	n09226
n07351	n09229
n07352	n09597
n07353	n03808
n07353	n08987
n07354	n03124
n07354	n03727
n07354	n08371
n07354	n08373
n07354	n09487
n07355	n06949
n07356	n07143
n07356	n08620
n07356	n09524
n07357	n06318
n07357	n07577
n07357	n07767
n07357	n08151
n07357	n09226
n07358	n08310
n07359	n00101
n07360	n02219
n07360	n06570
n07360	n06911
n07361	n06811
n07362	n05330
n07362	n06485
n07365	n01684
n07365	n04087
n07365	n06044
n07365	n08372
n07366	n09488
n07366	n09621
n07367	n07001
n07367	n09257
n07368	n01861
n07368	n02211
n07368	n05550
n07368	n08375
n07368	n08583
n07368	n09517
n07369	n05669
n07369	n06512
n07369	n09584
n07370	n06745
n07370	n06746
n07370	n06915
n07370	n07580
n07370	n07581
n07370	n07954
n07371	n08398
n07371	n09275
n07372	n05852
n07372	n05993
n07372	n06131
n07372	n06132
n07372	n06133
n07372	n06272
n07372	n06273
n07372	n06274
n07372	n06275
n07372	n06435
n07372	n06570
n07372	n06571
n07372	n06743
n07372	n06744
n07372	n06745
n07372	n06746
n07372	n06747
n07372	n06748
n07372	n06912
n07372	n06914
n07372	n06915
n07372	n06916
n07372	n06917
n07372	n07071
n07372	n07072
n07372	n07074
n07372	n07236
n07372	n07238
n07372	n07239
n07372	n07243
n07372	n07244
n07372	n07420
n07372	n07582
n07372	n08154
n07372	n08155
n07372	n08586
n07372	n08992
n07373	n03123
n07374	n05151
n07374	n09487
n07375	n05755
n07375	n06647
n07375	n07952
n07375	n08989
n07376	n03634
n07376	n08773
n07377	n07072
n07377	n07238
n07377	n07580
n07377	n09363
n07378	n08774
n07379	n03389
n07379	n03520
n07379	n04402
n07380	n06130
n07380	n06131
n07380	n06133
n07380	n06274
n07380	n06275
n07380	n06435
n07380	n06436
n07380	n06570
n07380	n06571
n07380	n06746
n07380	n06747
n07380	n06748
n07380	n06749
n07380	n06911
n07380	n06912
n07380	n06914
n07380	n06917
n07380	n06918
n07380	n07071
n07380	n07073
n07380	n07237
n07380	n07239
n07380	n07240
n07380	n07241
n07380	n07242
n07380	n07243
n07380	n07418
n07380	n07419
n07380	n07420
n07380	n07579
n07380	n07580
n07380	n07581
n07380	n07582
n07380	n07955
n07380	n08153
n07380	n08155
n07380	n08583
n07380	n08584
n07380	n08585
n07380	n08586
n07380	n08588
n07380	n08990
n07380	n08991
n07380	n08992
n07380	n09488
n07382	n06833
n07384	n01659
n07385	n02354
n07385	n05993
n07385	n06745
n07385	n06746
n07385	n06748
n07385	n06916
n07385	n07240
n07386	n06435
n07388	n04011
n07388	n07952
n07388	n08372
n07388	n08773
n07388	n08987
n07388	n08989
n07388	n09227
n07389	n07577
n07389	n07767
n07389	n07952
n07389	n08582
n07389	n08773
n07389	n08988
n07389	n09227
n07390	n03486
n07390	n06130
n07390	n07145
n07390	n08992
n07391	n08519
n07391	n08891
n07392	n03487
n07392	n08081
n07393	n08372
n07393	n08775
n07394	n06212
n07395	n08196
n07395	n08613
n07396	n08210
n07396	n08509
n07397	n04485
n07397	n08152
n07398	n05788
n07398	n07952
n07398	n08151
n07398	n08152
n07398	n08372
n07398	n08987
n07399	n05852
n07399	n06130
n07399	n06131
n07399	n06133
n07399	n06273
n07399	n06275
n07399	n06436
n07399	n06569
n07399	n06571
n07399	n06744
n07399	n06746
n07399	n06747
n07399	n06748
n07399	n06911
n07399	n06912
n07399	n06914
n07399	n06915
n07399	n06916
n07399	n06919
n07399	n07071
n07399	n07072
n07399	n07074
n07399	n07236
n07399	n07237
n07399	n07238
n07399	n07239
n07399	n07240
n07399	n07241
n07399	n07242
n07399	n07243
n07399	n07419
n07399	n07583
n07399	n07953
n07399	n07954
n07399	n08155
n07399	n08587
n07399	n08990
n07399	n08992
n07400	n04916
n07400	n09229
n07401	n02647
n07401	n08371
n07401	n08373
n07402	n02873
n07402	n07767
n07402	n09226
n07402	n09487
n07403	n02874
n07403	n03554
n07404	n04364
n07404	n05126
n07404	n07578
n07404	n09228
n07405	n00132
n07406	n00135
n07407	n05852
n07407	n05993
n07407	n06131
n07407	n06133
n07407	n06274
n07407	n06435
n07407	n06436
n07407	n06569
n07407	n06571
n07407	n06745
n07407	n06748
n07407	n06912
n07407	n06914
n07407	n06916
n07407	n06918
n07407	n06919
n07407	n07072
n07407	n07073
n07407	n07237
n07407	n07238
n07407	n07240
n07407	n07242
n07407	n07243
n07407	n07420
n07407	n07768
n07407	n08154
n07407	n08585
n07407	n08990
n07409	n07174
n07410	n06675
n07410	n08371
n07410	n08373
n07410	n08581
n07410	n08775
n07410	n09229
n07411	n05852
n07411	n05993
n07411	n06130
n07411	n06131
n07411	n06132
n07411	n06272
n07411	n06273
n07411	n06275
n07411	n06435
n07411	n06436
n07411	n06571
n07411	n06743
n07411	n06744
n07411	n06745
n07411	n06746
n07411	n06747
n07411	n06911
n07411	n06913
n07411	n06914
n07411	n06915
n07411	n06916
n07411	n06917
n07411	n06918
n07411	n07071
n07411	n07072
n07411	n07236
n07411	n07237
n07411	n07238
n07411	n07240
n07411	n07241
n07411	n07242
n07411	n07244
n07411	n07418
n07411	n07580
n07411	n07953
n07411	n07954
n07411	n08154
n07411	n08584
n07411	n08587
n07411	n08588
n07411	n08990
n07412	n00910
n07412	n02746
n07412	n03788
n07413	n06053
n07413	n07239
n07414	n06435
n07414	n09385
n07415	n02938
n07415	n06388
n07421	n04592
n07421	n04769
n07421	n05077
n07422	n05621
n07422	n05854
n07424	n07079
n07424	n07080
n07425	n02738
n07425	n03093
n07425	n03519
n07427	n07426
n07427	n08159
n07428	n05625
n07429	n08165
n07430	n07969
n07432	n05864
n07432	n07091
n07433	n02739
n07433	n03097
n07433	n03251
n07433	n03395
n07433	n03459
n07434	n07577
n07434	n07578
n07434	n07767
n07434	n08151
n07434	n08371
n07434	n08372
n07434	n08373
n07434	n08581
n07435	n07993
n07437	n07784
n07438	n06762
n07439	n06151
n07439	n06274
n07439	n06913
n07439	n08992
n07440	n05875
n07440	n07093
n07440	n08584
n07441	n04861
n07441	n05395
n07442	n03861
n07442	n05636
n07443	n09021
n07444	n05094
n07444	n06776
n07446	n04988
n07447	n08797
n07449	n05852
n07449	n05993
n07449	n06273
n07449	n06274
n07449	n06569
n07449	n06570
n07449	n06746
n07449	n06747
n07449	n06749
n07449	n06911
n07449	n06913
n07449	n06914
n07449	n06915
n07449	n06917
n07449	n06919
n07449	n07071
n07449	n07242
n07449	n07419
n07449	n07581
n07449	n07954
n07449	n07955
n07449	n08374
n07449	n08588
n07450	n07089
n07450	n07975
n07450	n08604
n07451	n09015
n07451	n09275
n07452	n09537
n07453	n06331
n07453	n08800
n07454	n03703
n07455	n06305
n07456	n05852
n07456	n06133
n07456	n06272
n07456	n06275
n07456	n06569
n07456	n06571
n07456	n06743
n07456	n06748
n07456	n06915
n07456	n06916
n07456	n06919
n07456	n07071
n07456	n07072
n07456	n07073
n07456	n07242
n07456	n07244
n07456	n07419
n07456	n07420
n07456	n07580
n07456	n07581
n07456	n08584
n07458	n05724
n07458	n07617
n07459	n05523
n07459	n05890
n07461	n05733
n07461	n08827
n07461	n09501
n07462	n04322
n07462	n04324
n07462	n05199
n07463	n04613
n07463	n07782
n07464	n04137
n07464	n06008
n07464	n07976
n07465	n07444
n07465	n09304
n07466	n06600
n07466	n08151
n07466	n08581
n07466	n08776
n07467	n05742
n07467	n08821
n07468	n07281
n07469	n07577
n07469	n07952
n07469	n08152
n07469	n09226
n07470	n07577
n07470	n09046
n07471	n07829
n07471	n08582
n07471	n09226
n07474	n09048
n07474	n09227
n07476	n03873
n07476	n08375
n07476	n08584
n07476	n09488
n07477	n04801
n07477	n06470
n07479	n09308
n07480	n06210
n07480	n07108
n07480	n07809
n07481	n06002
n07481	n06443
n07481	n07090
n07481	n09012
n07482	n07818
n07483	n08446
n07484	n07417
n07484	n09581
n07485	n07577
n07485	n08786
n07485	n09226
n07486	n06664
n07486	n08774
n07487	n01202
n07488	n08156
n07489	n08157
n07490	n05309
n07490	n08775
n07491	n06479
n07491	n08371
n07491	n08373
n07491	n08379
n07492	n04704
n07492	n08584
n07494	n00092
n07494	n09099
n07495	n05313
n07495	n06132
n07495	n07236
n07495	n07583
n07496	n08865
n07497	n04321
n07497	n06063
n07498	n07478
n07499	n06801
n07499	n09055
n07499	n09487
n07499	n09571
n07500	n05664
n07500	n06768
n07501	n04524
n07501	n05535
n07501	n07578
n07501	n08775
n07502	n01184
n07502	n06023
n07502	n07664
n07502	n08776
n07504	n06448
n07504	n07952
n07504	n08371
n07504	n08372
n07504	n08373
n07504	n08987
n07505	n07263
n07505	n08470
n07506	n07263
n07506	n08016
n07507	n08375
n07508	n08263
n07508	n08400
n07509	n05225
n07509	n07577
n07509	n08773
n07509	n09226
n07509	n09227
n07510	n02988
n07511	n04292
n07512	n06333
n07512	n08608
n07513	n04898
n07515	n06063
n07516	n06275
n07516	n08990
n07516	n09122
n07517	n05620
n07517	n07957
n07517	n09628
n07519	n03062
n07519	n04156
n07520	n05927
n07521	n04993
n07521	n06353
n07522	n09380
n07523	n09117
n07524	n07417
n07524	n07577
n07524	n07578
n07524	n08371
n07524	n08373
n07524	n08582
n07524	n08776
n07525	n08069
n07525	n08152
n07525	n08773
n07526	n07416
n07526	n07417
n07526	n07577
n07526	n07578
n07526	n08152
n07526	n08371
n07526	n08373
n07526	n08581
n07526	n08773
n07526	n08987
n07526	n09226
n07527	n02769
n07527	n06132
n07527	n06275
n07527	n06435
n07527	n06436
n07527	n06570
n07527	n06746
n07527	n06913
n07527	n06914
n07527	n06919
n07527	n07074
n07527	n07239
n07527	n07240
n07527	n07243
n07527	n07418
n07527	n07419
n07527	n07420
n07527	n07580
n07527	n07583
n07527	n07954
n07527	n08375
n07527	n08588
n07528	n07416
n07528	n07417
n07529	n07842
n07529	n08371
n07529	n08373
n07530	n05993
n07530	n06275
n07530	n06571
n07530	n06662
n07530	n06744
n07530	n06918
n07530	n07072
n07530	n07074
n07530	n07236
n07530	n07238
n07530	n07240
n07530	n07243
n07530	n07244
n07530	n07420
n07530	n07581
n07530	n07953
n07530	n08584
n07531	n03647
n07531	n05993
n07531	n06131
n07531	n06436
n07531	n06745
n07531	n06911
n07531	n06913
n07531	n07239
n07531	n08586
n07532	n03414
n07532	n07014
n07532	n07236
n07532	n07238
n07532	n08584
n07533	n07952
n07533	n09626
n07534	n07648
n07535	n04539
n07537	n03409
n07537	n06915
n07537	n08842
n07538	n05629
n07538	n06845
n07538	n08774
n07539	n08581
n07539	n09226
n07541	n05629
n07541	n06845
n07541	n08774
n07542	n01684
n07542	n04087
n07542	n06044
n07542	n09226
n07542	n09487
n07543	n07416
n07543	n07952
n07543	n08151
n07543	n08152
n07543	n08372
n07543	n08376
n07543	n08988
n07543	n09227
n07543	n09232
n07543	n09491
n07545	n07523
n07546	n04913
n07546	n07671
n07547	n06915
n07547	n07240
n07547	n07953
n07547	n08585
n07547	n09617
n07548	n07334
n07550	n06273
n07550	n06274
n07550	n06435
n07550	n06569
n07550	n06570
n07550	n06743
n07550	n06744
n07550	n06745
n07550	n06825
n07550	n06911
n07550	n06915
n07550	n06916
n07550	n07071
n07550	n07072
n07550	n07073
n07550	n07238
n07550	n07240
n07550	n07244
n07550	n07955
n07550	n08375
n07551	n00139
n07551	n05454
n07552	n05405
n07552	n07442
n07552	n09550
n07553	n07171
n07553	n08773
n07554	n04149
n07554	n05534
n07554	n06039
n07554	n08058
n07556	n08372
n07556	n08581
n07556	n08773
n07556	n08774
n07556	n08775
n07557	n03131
n07557	n04520
n07557	n05105
n07557	n07416
n07557	n07417
n07557	n08372
n07558	n00212
n07559	n07577
n07559	n08442
n07559	n08775
n07560	n02655
n07560	n03342
n07560	n05215
n07560	n05274
n07560	n08371
n07561	n03812
n07561	n08581
n07562	n03925
n07562	n06134
n07563	n02778
n07563	n06913
n07563	n07238
n07564	n05852
n07564	n06131
n07564	n06132
n07564	n06133
n07564	n06273
n07564	n06435
n07564	n06569
n07564	n06570
n07564	n06571
n07564	n06743
n07564	n06744
n07564	n06745
n07564	n06747
n07564	n06749
n07564	n06912
n07564	n06913
n07564	n06915
n07564	n06917
n07564	n06918
n07564	n07071
n07564	n07072
n07564	n07073
n07564	n07074
n07564	n07237
n07564	n07238
n07564	n07239
n07564	n07240
n07564	n07241
n07564	n07242
n07564	n07243
n07564	n07418
n07564	n07419
n07564	n07420
n07564	n07579
n07564	n07581
n07564	n07768
n07564	n07955
n07564	n08155
n07564	n08374
n07564	n08990
n07566	n06667
n07567	n04150
n07567	n05768
n07567	n07416
n07567	n08152
n07568	n01432
n07568	n02209
n07569	n03546
n07570	n02446
n07570	n03278
n07570	n07767
n07570	n08581
n07570	n08774
n07571	n03571
n07571	n05928
n07572	n02771
n07572	n04714
n07573	n03985
n07573	n04731
n07573	n06745
n07573	n06917
n07573	n07242
n07573	n08073
n07574	n01222
n07575	n08763
n07576	n03818
n07576	n06788
n07576	n08457
n07576	n08775
n07576	n08976
n07576	n09310
n07585	n06572
n07585	n08377
n07587	n09497
n07589	n09497
n07592	n04774
n07592	n05083
n07592	n05084
n07592	n08383
n07593	n08773
n07594	n07774
n07596	n05506
n07596	n08581
n07596	n08591
n07597	n06279
n07599	n07596
n07599	n08584
n07600	n06004
n07600	n06585
n07601	n09247
n07602	n08593
n07603	n05080
n07604	n08168
n07605	n06766
n07605	n07600
n07606	n05085
n07606	n05415
n07606	n07416
n07606	n07417
n07606	n07767
n07606	n07952
n07606	n08151
n07606	n09227
n07607	n03956
n07607	n04508
n07607	n05509
n07608	n05633
n07608	n06588
n07609	n09019
n07610	n07257
n07612	n06744
n07612	n06745
n07612	n06746
n07612	n06913
n07612	n06914
n07612	n06916
n07612	n07238
n07613	n06144
n07613	n06147
n07614	n07980
n07614	n08167
n07617	n07258
n07618	n05513
n07619	n04984
n07620	n05397
n07620	n05868
n07620	n06011
n07620	n07086
n07621	n08642
n07622	n06313
n07623	n04401
n07623	n06579
n07624	n07416
n07624	n07417
n07624	n07577
n07624	n08372
n07625	n06939
n07625	n07280
n07626	n07797
n07627	n05889
n07627	n06012
n07627	n06607
n07627	n07417
n07628	n06457
n07629	n06009
n07629	n07981
n07632	n08152
n07633	n07282
n07633	n07416
n07633	n07767
n07634	n07279
n07634	n08371
n07634	n08373
n07636	n06130
n07636	n06745
n07636	n07418
n07636	n07456
n07636	n08991
n07637	n07437
n07638	n07416
n07638	n07417
n07638	n07577
n07638	n07952
n07638	n08371
n07639	n01175
n07639	n03781
n07640	n07434
n07640	n08775
n07641	n00902
n07641	n05852
n07642	n05305
n07642	n05533
n07642	n06131
n07642	n07123
n07642	n07768
n07643	n07417
n07643	n07578
n07643	n07952
n07643	n08151
n07643	n08152
n07644	n00095
n07645	n04418
n07645	n07805
n07645	n08416
n07646	n06622
n07647	n06595
n07647	n07099
n07647	n07993
n07648	n06030
n07648	n08398
n07649	n07417
n07649	n07452
n07649	n09229
n07650	n03187
n07650	n05333
n07650	n07474
n07651	n03267
n07651	n05206
n07652	n08419
n07653	n03404
n07653	n08775
n07654	n06943
n07654	n08624
n07656	n03184
n07656	n04417
n07656	n06941
n07656	n07767
n07656	n08585
n07657	n05993
n07657	n06130
n07657	n06131
n07657	n06132
n07657	n06272
n07657	n06273
n07657	n06274
n07657	n06275
n07657	n06435
n07657	n06569
n07657	n06571
n07657	n06744
n07657	n06746
n07657	n06747
n07657	n06748
n07657	n06749
n07657	n06911
n07657	n06912
n07657	n06915
n07657	n06916
n07657	n06918
n07657	n06919
n07657	n07072
n07657	n07073
n07657	n07236
n07657	n07237
n07657	n07240
n07657	n07241
n07657	n07243
n07657	n07244
n07657	n07579
n07657	n07580
n07657	n07581
n07657	n07582
n07657	n07583
n07657	n07953
n07657	n07955
n07657	n08155
n07657	n08583
n07657	n08584
n07657	n08587
n07657	n08588
n07658	n02426
n07659	n08832
n07660	n00032
n07660	n00055
n07660	n00056
n07660	n00085
n07660	n01667
n07660	n07417
n07660	n07767
n07661	n05207
n07661	n05910
n07661	n06794
n07662	n08663
n07663	n05636
n07663	n08656
n07664	n04866
n07664	n05535
n07664	n06744
n07665	n05535
n07665	n07578
n07665	n08587
n07665	n08774
n07665	n08775
n07665	n08776
n07665	n08992
n07666	n09562
n07667	n09324
n07668	n05341
n07668	n05642
n07668	n09487
n07669	n07417
n07669	n08172
n07669	n08775
n07669	n08987
n07669	n09229
n07670	n05420
n07670	n06976
n07671	n09604
n07672	n03036
n07672	n03906
n07672	n04889
n07673	n09349
n07674	n06037
n07674	n07578
n07675	n07872
n07675	n08774
n07677	n06625
n07678	n07416
n07678	n07952
n07678	n08582
n07678	n08619
n07678	n08773
n07678	n09227
n07680	n06913
n07680	n07863
n07680	n08154
n07680	n08583
n07681	n07417
n07681	n08151
n07681	n08152
n07681	n08371
n07681	n08372
n07681	n08373
n07681	n08581
n07681	n08773
n07681	n08775
n07681	n08987
n07683	n04542
n07683	n07128
n07683	n07284
n07683	n07767
n07683	n08371
n07683	n08581
n07683	n08989
n07683	n09226
n07684	n06570
n07684	n07241
n07684	n07863
n07684	n08585
n07685	n07767
n07685	n08152
n07685	n09227
n07686	n07796
n07686	n08988
n07687	n05846
n07688	n06571
n07688	n07244
n07688	n08440
n07688	n08583
n07689	n09364
n07690	n08106
n07691	n03890
n07691	n05015
n07692	n05419
n07692	n06748
n07692	n06912
n07692	n07071
n07692	n07238
n07692	n07239
n07692	n07241
n07692	n07419
n07692	n08583
n07692	n08584
n07692	n09488
n07693	n05775
n07694	n00031
n07694	n00082
n07694	n00083
n07694	n00084
n07694	n03396
n07695	n09568
n07696	n05852
n07696	n05993
n07696	n06130
n07696	n06131
n07696	n06132
n07696	n06133
n07696	n06272
n07696	n06273
n07696	n06274
n07696	n06275
n07696	n06435
n07696	n06569
n07696	n06570
n07696	n06571
n07696	n06745
n07696	n06746
n07696	n06747
n07696	n06748
n07696	n06911
n07696	n06914
n07696	n06916
n07696	n06917
n07696	n06919
n07696	n07071
n07696	n07072
n07696	n07073
n07696	n07238
n07696	n07239
n07696	n07240
n07696	n07241
n07696	n07242
n07696	n07244
n07696	n07580
n07696	n07581
n07696	n07582
n07696	n07583
n07696	n07768
n07696	n07954
n07696	n08374
n07696	n08585
n07697	n05852
n07697	n06054
n07697	n07420
n07697	n07580
n07697	n07583
n07697	n08375
n07697	n08992
n07698	n03555
n07698	n07416
n07698	n08584
n07699	n08371
n07700	n05137
n07701	n06058
n07701	n07417
n07702	n03344
n07702	n04826
n07702	n09226
n07703	n05009
n07705	n04542
n07705	n06344
n07705	n06641
n07705	n07284
n07706	n06058
n07706	n08152
n07706	n08773
n07707	n04554
n07707	n08152
n07708	n04442
n07709	n05852
n07709	n06130
n07709	n06131
n07709	n06133
n07709	n06272
n07709	n06273
n07709	n06569
n07709	n06571
n07709	n06744
n07709	n06746
n07709	n06749
n07709	n06911
n07709	n06913
n07709	n06914
n07709	n06916
n07709	n06919
n07709	n07072
n07709	n07073
n07709	n07238
n07709	n07240
n07709	n07241
n07709	n07242
n07709	n07243
n07709	n07244
n07709	n07420
n07709	n07579
n07709	n07581
n07709	n07768
n07709	n07955
n07709	n08583
n07709	n08586
n07709	n08991
n07709	n09488
n07710	n05118
n07711	n01878
n07711	n03048
n07711	n07953
n07711	n08990
n07712	n03121
n07712	n04111
n07712	n07072
n07713	n02349
n07713	n02975
n07715	n08252
n07715	n08987
n07716	n05134
n07717	n06131
n07717	n06133
n07717	n06273
n07717	n06435
n07717	n06436
n07717	n06744
n07717	n06747
n07717	n06913
n07717	n06916
n07717	n07071
n07717	n07072
n07717	n07073
n07717	n07239
n07717	n07241
n07717	n07244
n07717	n07581
n07717	n08374
n07717	n08497
n07717	n08584
n07717	n08586
n07718	n08585
n07718	n08991
n07718	n09314
n07719	n01208
n07719	n08581
n07720	n07417
n07720	n07577
n07720	n07578
n07721	n07577
n07721	n07578
n07721	n07767
n07721	n07952
n07721	n08582
n07721	n09226
n07722	n05852
n07722	n05993
n07722	n06130
n07722	n06131
n07722	n06132
n07722	n06133
n07722	n06435
n07722	n06571
n07722	n06743
n07722	n06744
n07722	n06747
n07722	n06911
n07722	n06912
n07722	n06916
n07722	n06917
n07722	n07071
n07722	n07074
n07722	n07237
n07722	n07238
n07722	n07239
n07722	n07240
n07722	n07241
n07722	n07243
n07722	n07420
n07722	n07579
n07722	n07581
n07722	n07582
n07722	n07955
n07722	n08155
n07722	n08583
n07722	n08585
n07722	n08586
n07722	n08588
n07723	n06351
n07723	n06989
n07723	n07578
n07724	n07157
n07724	n09036
n07727	n02992
n07728	n08694
n07729	n06002
n07729	n08403
n07729	n09012
n07729	n09017
n07730	n05458
n07730	n06197
n07730	n09004
n07731	n03811
n07731	n07952
n07731	n08651
n07731	n08875
n07732	n06436
n07732	n06459
n07732	n07073
n07732	n07242
n07732	n07579
n07732	n07581
n07732	n07582
n07732	n08155
n07732	n08374
n07732	n08586
n07732	n08587
n07732	n09248
n07732	n09255
n07732	n09488
n07733	n07454
n07733	n08673
n07734	n07577
n07735	n07416
n07735	n07417
n07735	n07577
n07735	n07767
n07735	n09227
n07736	n03684
n07737	n02549
n07737	n03191
n07737	n07843
n07738	n05993
n07738	n06130
n07738	n06272
n07738	n06273
n07738	n06745
n07738	n06747
n07738	n06917
n07738	n07239
n07738	n07240
n07738	n07241
n07738	n07243
n07738	n07244
n07738	n07581
n07738	n07583
n07738	n07954
n07738	n08153
n07741	n05718
n07742	n06866
n07743	n07417
n07743	n07767
n07743	n08582
n07743	n09226
n07744	n01682
n07744	n07417
n07744	n08988
n07744	n09226
n07745	n07416
n07745	n07577
n07745	n07952
n07745	n08775
n07745	n08987
n07745	n08988
n07746	n08151
n07746	n09496
n07747	n07578
n07747	n08152
n07747	n08371
n07747	n08372
n07750	n07894
n07750	n08988
n07751	n06842
n07751	n07568
n07752	n02496
n07752	n03657
n07752	n07419
n07753	n02545
n07754	n04534
n07754	n05760
n07754	n06173
n07755	n03222
n07755	n08425
n07756	n03053
n07756	n06274
n07756	n07868
n07756	n08588
n07758	n00081
n07759	n03406
n07759	n07506
n07759	n08260
n07759	n09564
n07760	n05343
n07760	n06911
n07760	n07579
n07760	n08374
n07760	n08375
n07760	n08584
n07760	n08587
n07760	n08992
n07761	n06833
n07762	n06541
n07762	n07416
n07762	n07767
n07762	n08371
n07762	n08373
n07762	n09228
n07763	n07333
n07763	n07417
n07763	n08151
n07763	n08371
n07763	n08372
n07763	n08373
n07763	n08773
n07763	n08776
n07763	n08987
n07763	n09227
n07763	n09228
n07763	n09487
n07765	n06516
n07765	n07416
n07765	n07952
n07765	n08152
n07765	n08371
n07765	n08373
n07765	n08581
n07765	n08773
n07766	n07022
n07766	n07979
n07769	n06750
n07769	n07416
n07769	n07577
n07769	n07578
n07769	n08151
n07769	n08581
n07769	n08582
n07770	n06135
n07771	n07770
n07772	n09495
n07773	n07767
n07773	n07771
n07775	n04967
n07775	n05998
n07776	n06438
n07776	n08153
n07778	n09252
n07779	n08581
n07780	n08581
n07781	n06924
n07782	n06761
n07782	n07428
n07783	n07416
n07783	n08151
n07784	n05624
n07785	n09010
n07786	n05864
n07786	n07091
n07787	n05190
n07787	n05723
n07787	n05872
n07787	n07781
n07787	n08380
n07789	n07787
n07790	n07257
n07791	n06749
n07791	n06775
n07791	n06917
n07791	n07953
n07791	n07954
n07791	n08153
n07791	n08584
n07791	n08588
n07792	n08189
n07794	n06130
n07794	n06132
n07794	n06274
n07794	n06436
n07794	n06571
n07794	n06743
n07794	n06745
n07794	n06747
n07794	n06749
n07794	n06913
n07794	n06915
n07794	n06916
n07794	n07237
n07794	n07242
n07794	n07581
n07794	n07583
n07794	n07953
n07794	n07954
n07794	n07955
n07794	n08155
n07794	n08587
n07794	n08990
n07794	n09488
n07795	n04772
n07795	n08808
n07796	n09535
n07797	n09007
n07797	n09267
n07798	n05186
n07798	n06591
n07799	n07267
n07800	n06167
n07800	n08179
n07801	n09315
n07802	n06130
n07802	n06131
n07802	n08797
n07803	n03872
n07804	n07278
n07805	n04325
n07806	n07767
n07806	n08152
n07806	n08989
n07808	n05519
n07808	n08775
n07809	n02063
n07809	n05525
n07809	n07952
n07810	n06210
n07810	n07108
n07810	n07809
n07811	n04411
n07811	n04426
n07811	n04791
n07811	n05414
n07811	n06466
n07812	n02425
n07812	n03030
n07812	n07987
n07812	n08173
n07813	n06743
n07813	n06745
n07813	n06913
n07813	n07073
n07813	n07240
n07813	n07580
n07813	n07581
n07814	n05635
n07815	n00009
n07815	n00572
n07815	n00901
n07815	n01182
n07815	n07952
n07817	n06609
n07818	n00546
n07818	n00895
n07818	n06455
n07818	n08184
n07819	n03184
n07819	n04417
n07819	n06941
n07820	n07416
n07820	n08151
n07820	n09226
n07820	n09229
n07821	n08001
n07822	n07265
n07823	n06936
n07823	n08780
n07824	n07448
n07825	n07141
n07825	n07776
n07826	n06599
n07827	n07952
n07827	n08614
n07827	n08773
n07827	n08988
n07827	n08989
n07827	n09226
n07828	n04997
n07829	n07417
n07829	n09284
n07830	n07767
n07831	n05097
n07831	n07237
n07831	n08374
n07832	n07462
n07833	n01668
n07834	n06435
n07834	n06436
n07834	n07236
n07834	n07449
n07835	n06787
n07835	n07767
n07835	n08372
n07835	n08776
n07836	n06747
n07836	n06911
n07836	n07954
n07836	n08374
n07837	n07582
n07837	n07767
n07837	n07952
n07837	n08585
n07837	n09046
n07838	n06448
n07838	n08581
n07838	n08629
n07838	n09226
n07839	n07252
n07839	n08154
n07840	n00528
n07840	n01165
n07840	n01170
n07840	n08183
n07841	n05002
n07841	n06435
n07841	n06460
n07841	n07074
n07842	n09590
n07843	n05325
n07844	n06130
n07844	n06131
n07844	n06132
n07844	n06133
n07844	n06272
n07844	n06273
n07844	n06275
n07844	n06435
n07844	n06569
n07844	n06571
n07844	n06743
n07844	n06745
n07844	n06747
n07844	n06748
n07844	n06749
n07844	n06911
n07844	n06912
n07844	n06913
n07844	n06915
n07844	n06917
n07844	n07071
n07844	n07072
n07844	n07073
n07844	n07236
n07844	n07237
n07844	n07239
n07844	n07241
n07844	n07243
n07844	n07244
n07844	n07419
n07844	n07420
n07844	n07580
n07844	n07582
n07844	n07768
n07845	n00010
n07845	n00540
n07845	n00897
n07845	n07808
n07846	n01889
n07846	n02981
n07846	n08581
n07847	n05994
n07847	n07960
n07848	n08873
n07849	n03982
n07849	n09228
n07851	n04807
n07851	n07767
n07851	n09227
n07852	n05651
n07853	n03105
n07853	n06022
n07853	n08152
n07853	n08582
n07853	n08773
n07854	n07577
n07854	n09521
n07855	n06130
n07855	n06435
n07855	n06571
n07855	n06915
n07855	n06916
n07855	n07072
n07855	n07073
n07855	n07237
n07855	n07238
n07855	n07239
n07855	n07240
n07855	n07583
n07855	n07955
n07855	n08990
n07856	n05401
n07857	n08491
n07858	n02865
n07858	n03559
n07859	n04873
n07859	n06784
n07860	n04692
n07860	n05545
n07860	n07417
n07860	n07577
n07861	n07473
n07862	n06807
n07863	n05852
n07863	n05993
n07863	n06130
n07863	n06131
n07863	n06132
n07863	n06133
n07863	n06272
n07863	n06273
n07863	n06274
n07863	n06435
n07863	n06436
n07863	n06569
n07863	n06743
n07863	n06744
n07863	n06745
n07863	n06746
n07863	n06747
n07863	n06749
n07863	n06912
n07863	n06915
n07863	n06916
n07863	n07071
n07863	n07072
n07863	n07074
n07863	n07237
n07863	n07239
n07863	n07240
n07863	n07243
n07863	n07244
n07863	n07582
n07863	n07768
n07863	n07953
n07863	n08990
n07864	n00546
n07864	n00895
n07864	n06455
n07864	n09051
n07865	n03977
n07865	n08068
n07866	n03265
n07866	n04690
n07867	n04817
n07867	n08625
n07868	n05555
n07868	n05852
n07868	n06130
n07868	n06131
n07868	n06132
n07868	n06273
n07868	n06275
n07868	n06435
n07868	n06569
n07868	n06570
n07868	n06571
n07868	n06743
n07868	n06745
n07868	n06746
n07868	n06748
n07868	n06912
n07868	n06913
n07868	n06914
n07868	n06916
n07868	n06919
n07868	n07071
n07868	n07072
n07868	n07073
n07868	n07237
n07868	n07238
n07868	n07239
n07868	n07240
n07868	n07241
n07868	n07242
n07868	n07243
n07868	n07244
n07868	n07418
n07868	n07419
n07868	n07420
n07868	n07579
n07868	n07580
n07868	n07582
n07868	n07768
n07868	n07953
n07868	n07955
n07868	n08154
n07868	n08375
n07868	n08587
n07869	n07630
n07869	n08178
n07871	n08419
n07872	n07830
n07873	n04445
n07873	n06746
n07873	n06911
n07873	n08846
n07873	n08990
n07874	n08675
n07874	n09226
n07875	n05993
n07875	n06131
n07875	n06272
n07875	n06273
n07875	n06435
n07875	n06436
n07875	n06744
n07875	n06745
n07875	n06746
n07875	n06747
n07875	n06748
n07875	n06749
n07875	n06911
n07875	n06912
n07875	n06913
n07875	n06914
n07875	n06915
n07875	n06916
n07875	n06917
n07875	n06918
n07875	n06919
n07875	n07072
n07875	n07073
n07875	n07236
n07875	n07239
n07875	n07241
n07875	n07244
n07875	n07418
n07875	n07419
n07875	n07582
n07875	n07583
n07875	n07955
n07875	n08375
n07875	n08584
n07875	n08587
n07876	n05395
n07876	n07489
n07876	n08774
n07877	n05434
n07878	n07304
n07878	n09229
n07879	n07651
n07879	n08990
n07880	n07417
n07880	n08773
n07880	n08838
n07880	n09227
n07880	n09228
n07880	n09487
n07881	n05213
n07881	n09229
n07882	n09557
n07883	n07416
n07883	n07417
n07883	n07577
n07883	n07767
n07883	n08152
n07883	n08775
n07884	n07158
n07884	n07417
n07885	n04150
n07885	n05768
n07887	n06018
n07888	n04442
n07889	n06516
n07889	n08372
n07890	n09557
n07891	n04885
n07891	n05001
n07891	n08674
n07892	n06915
n07892	n08423
n07892	n09592
n07893	n09347
n07894	n07416
n07894	n07577
n07894	n07578
n07894	n07767
n07894	n08151
n07894	n08582
n07895	n05754
n07895	n08249
n07896	n04257
n07896	n07979
n07896	n09289
n07897	n03790
n07897	n04701
n07897	n06514
n07897	n06582
n07898	n06155
n07898	n07143
n07899	n06000
n07899	n07481
n07900	n07578
n07900	n07819
n07900	n08152
n07900	n08658
n07901	n05675
n07901	n07416
n07901	n08581
n07901	n08773
n07901	n09487
n07902	n00151
n07902	n04902
n07903	n04905
n07904	n05017
n07905	n05265
n07906	n08448
n07906	n08991
n07907	n05265
n07907	n06273
n07907	n06747
n07908	n05993
n07908	n06274
n07908	n06745
n07908	n06748
n07908	n07238
n07908	n07579
n07908	n07580
n07908	n08229
n07908	n08586
n07909	n04161
n07909	n05057
n07910	n06664
n07910	n08776
n07911	n07577
n07911	n07767
n07911	n08988
n07911	n09226
n07911	n09227
n07912	n03319
n07912	n03386
n07912	n03860
n07912	n06921
n07912	n07250
n07912	n07961
n07913	n04052
n07913	n04400
n07913	n05403
n07914	n07417
n07914	n07578
n07914	n07767
n07914	n08152
n07914	n08582
n07914	n08773
n07914	n08988
n07915	n07168
n07915	n08041
n07916	n08426
n07917	n06808
n07917	n07463
n07917	n08372
n07918	n02218
n07918	n08371
n07918	n08373
n07919	n05251
n07919	n08226
n07920	n06130
n07920	n06131
n07920	n06272
n07920	n06744
n07920	n06745
n07920	n06916
n07920	n08153
n07920	n08586
n07920	n08797
n07920	n08992
n07921	n04340
n07921	n07577
n07921	n07578
n07921	n07767
n07921	n08371
n07921	n08373
n07921	n08582
n07921	n08775
n07921	n08987
n07922	n06974
n07922	n08845
n07925	n03712
n07925	n05908
n07925	n08072
n07925	n08152
n07925	n08581
n07925	n08988
n07925	n08989
n07926	n05683
n07927	n03204
n07927	n08153
n07928	n07417
n07928	n07577
n07928	n07767
n07928	n08151
n07929	n07854
n07929	n08454
n07930	n05429
n07930	n05600
n07930	n08582
n07932	n06285
n07932	n07155
n07932	n08474
n07932	n09652
n07933	n05154
n07933	n07767
n07933	n08151
n07933	n08774
n07935	n02843
n07935	n07578
n07935	n07767
n07935	n07965
n07935	n08151
n07935	n08152
n07935	n08372
n07936	n09428
n07937	n08550
n07938	n05420
n07938	n07013
n07938	n07909
n07939	n05463
n07939	n06130
n07939	n06274
n07939	n06569
n07939	n06570
n07939	n06571
n07939	n06745
n07939	n06912
n07939	n07072
n07939	n07074
n07939	n07239
n07939	n07242
n07939	n07244
n07939	n07582
n07939	n07954
n07939	n08374
n07939	n08586
n07939	n08992
n07940	n06744
n07940	n06746
n07940	n06748
n07940	n06868
n07940	n06911
n07940	n06913
n07940	n06917
n07940	n07072
n07940	n07237
n07940	n07581
n07940	n07583
n07940	n08374
n07941	n02087
n07941	n06130
n07941	n06743
n07941	n07243
n07941	n07418
n07941	n07579
n07941	n07581
n07941	n07612
n07941	n07953
n07941	n08991
n07942	n04261
n07942	n06274
n07942	n07582
n07943	n03735
n07944	n06353
n07944	n09654
n07945	n03989
n07945	n07416
n07945	n08987
n07945	n09226
n07946	n02993
n07946	n03896
n07946	n06820
n07947	n01882
n07947	n06570
n07947	n06747
n07948	n03056
n07948	n06131
n07948	n06467
n07948	n06747
n07948	n07073
n07948	n07237
n07949	n05250
n07949	n06814
n07949	n07417
n07949	n09226
n07950	n09657
n07951	n05565
n07951	n06911
n07951	n06912
n07951	n06915
n07951	n06917
n07951	n07073
n07951	n07239
n07951	n07419
n07951	n07580
n07951	n07768
n07951	n08153
n07956	n09490
n07957	n02416
n07957	n03248
n07960	n06753
n07961	n04134
n07961	n07957
n07962	n07773
n07963	n09497
n07964	n05860
n07964	n05861
n07964	n05995
n07964	n07423
n07964	n08994
n07965	n07416
n07965	n07577
n07967	n09240
n07968	n08597
n07970	n06574
n07971	n05079
n07971	n06437
n07972	n08386
n07973	n04312
n07973	n04398
n07973	n04773
n07973	n05859
n07973	n06926
n07974	n05401
n07975	n04774
n07975	n05083
n07975	n05084
n07975	n08383
n07976	n04312
n07976	n04398
n07976	n04773
n07976	n05859
n07976	n06926
n07977	n04978
n07977	n07595
n07978	n09238
n07979	n07429
n07980	n09016
n07981	n06766
n07981	n07600
n07981	n08988
n07982	n07087
n07983	n06761
n07983	n07428
n07985	n08385
n07986	n05508
n07986	n05869
n07986	n06756
n07987	n07592
n07988	n07767
n07988	n08371
n07988	n08372
n07988	n08373
n07988	n08581
n07988	n08582
n07988	n08989
n07989	n05628
n07989	n06001
n07989	n07779
n07989	n07780
n07990	n09243
n07991	n06135
n07991	n07952
n07991	n08373
n07991	n08775
n07991	n08988
n07992	n04981
n07992	n07095
n07993	n06287
n07993	n07432
n07994	n07611
n07995	n05729
n07995	n07607
n07995	n08153
n07995	n08587
n07996	n04598
n07996	n07615
n07997	n05193
n07998	n04526
n07998	n05526
n07999	n09268
n08000	n07577
n08000	n07583
n08000	n08774
n08000	n08987
n08000	n09227
n08001	n06939
n08001	n07280
n08002	n09288
n08003	n03457
n08003	n04136
n08003	n04525
n08003	n04991
n08003	n08170
n08004	n08404
n08005	n08803
n08005	n09261
n08006	n03958
n08007	n05993
n08007	n06130
n08007	n06131
n08007	n06132
n08007	n06274
n08007	n06275
n08007	n06436
n08007	n06569
n08007	n06571
n08007	n06743
n08007	n06744
n08007	n06745
n08007	n06746
n08007	n06747
n08007	n06748
n08007	n06749
n08007	n06911
n08007	n06913
n08007	n06915
n08007	n06916
n08007	n07072
n08007	n07073
n08007	n07237
n08007	n07241
n08007	n07242
n08007	n07581
n08007	n07582
n08007	n07583
n08007	n07768
n08007	n07953
n08007	n07954
n08007	n07955
n08007	n08153
n08007	n08155
n08007	n08375
n08007	n08584
n08007	n08587
n08007	n08990
n08007	n09488
n08008	n07793
n08009	n07448
n08010	n04329
n08010	n05403
n08011	n08164
n08011	n09057
n08012	n03399
n08012	n03613
n08012	n03698
n08012	n09226
n08013	n05283
n08014	n09276
n08015	n05200
n08015	n05287
n08015	n07971
n08015	n09512
n08016	n04540
n08016	n05537
n08017	n08864
n08018	n03271
n08018	n08581
n08018	n08987
n08019	n02853
n08019	n03029
n08019	n03033
n08019	n03397
n08020	n06748
n08020	n07240
n08020	n09279
n08020	n09295
n08021	n03269
n08021	n03697
n08021	n04071
n08021	n05852
n08021	n06131
n08021	n07243
n08022	n02537
n08022	n03253
n08022	n04523
n08022	n05095
n08022	n06169
n08023	n07286
n08023	n08641
n08024	n09317
n08025	n06313
n08025	n07578
n08025	n09487
n08026	n05530
n08026	n09257
n08027	n06313
n08027	n08152
n08027	n08371
n08027	n08373
n08027	n08581
n08027	n08582
n08027	n08776
n08028	n07577
n08028	n08581
n08028	n08774
n08031	n06743
n08031	n06745
n08031	n07073
n08031	n07236
n08031	n07238
n08031	n07242
n08031	n07580
n08031	n07955
n08031	n08374
n08032	n05234
n08033	n07288
n08033	n08583
n08033	n09505
n08034	n04137
n08034	n04983
n08035	n03334
n08036	n06614
n08037	n08213
n08038	n04997
n08038	n08988
n08038	n09228
n08039	n01166
n08039	n04993
n08040	n05620
n08040	n07276
n08042	n04817
n08042	n06435
n08042	n08153
n08043	n09227
n08044	n09334
n08046	n03052
n08046	n03405
n08046	n04155
n08046	n04876
n08047	n07090
n08047	n09300
n08047	n09526
n08049	n05852
n08049	n05993
n08049	n06132
n08049	n06569
n08049	n06570
n08049	n06571
n08049	n06743
n08049	n06745
n08049	n06748
n08049	n06912
n08049	n06916
n08049	n06917
n08049	n06919
n08049	n07074
n08049	n07236
n08049	n07239
n08049	n07240
n08049	n07244
n08049	n07418
n08049	n07419
n08049	n07420
n08049	n07582
n08049	n07583
n08049	n08154
n08049	n08583
n08049	n08586
n08049	n08587
n08049	n08992
n08050	n06130
n08050	n06132
n08050	n06133
n08050	n06272
n08050	n06273
n08050	n06275
n08050	n06436
n08050	n06743
n08050	n06745
n08050	n06746
n08050	n06747
n08050	n06911
n08050	n06913
n08050	n06914
n08050	n06916
n08050	n06917
n08050	n07071
n08050	n07074
n08050	n07237
n08050	n07239
n08050	n07241
n08050	n07243
n08050	n07244
n08050	n07580
n08050	n07953
n08050	n07955
n08050	n08374
n08050	n08583
n08050	n08990
n08050	n08991
n08050	n08992
n08051	n08844
n08052	n08643
n08053	n02079
n08054	n04214
n08054	n04397
n08054	n06744
n08054	n07956
n08054	n08151
n08054	n08371
n08054	n08373
n08054	n08583
n08054	n08587
n08054	n08774
n08054	n08990
n08055	n07285
n08056	n07578
n08056	n07952
n08056	n08987
n08056	n09487
n08057	n04605
n08057	n05902
n08057	n06131
n08057	n06273
n08057	n06749
n08057	n06914
n08057	n07583
n08057	n07768
n08057	n08584
n08057	n08990
n08058	n04231
n08058	n05646
n08059	n07826
n08060	n07416
n08060	n07577
n08061	n08045
n08062	n07443
n08063	n06744
n08063	n06749
n08063	n06914
n08063	n06918
n08063	n07236
n08063	n07953
n08063	n08375
n08063	n08990
n08063	n09071
n08063	n09488
n08064	n06330
n08065	n09073
n08066	n06992
n08066	n08582
n08069	n07416
n08069	n07577
n08069	n08151
n08069	n08581
n08069	n08774
n08069	n08776
n08069	n09228
n08070	n05216
n08070	n06911
n08070	n07071
n08070	n07145
n08070	n07581
n08070	n07955
n08071	n04806
n08072	n05304
n08072	n06674
n08072	n08775
n08073	n06490
n08073	n08588
n08074	n09320
n08077	n08152
n08078	n02635
n08078	n03786
n08078	n04146
n08078	n07433
n08079	n01172
n08079	n01192
n08079	n02098
n08080	n04532
n08081	n08023
n08082	n09559
n08083	n05774
n08083	n07601
n08084	n06744
n08084	n07238
n08084	n07241
n08084	n07243
n08084	n07580
n08084	n08430
n08085	n05786
n08087	n05852
n08087	n06133
n08087	n06272
n08087	n06503
n08087	n06570
n08087	n06571
n08087	n06743
n08087	n06746
n08087	n06911
n08087	n06916
n08087	n07071
n08087	n07072
n08087	n07073
n08087	n07074
n08087	n07238
n08087	n07241
n08087	n07579
n08087	n07583
n08087	n07768
n08087	n08155
n08087	n08374
n08087	n08585
n08087	n08586
n08089	n07416
n08089	n07417
n08089	n07577
n08089	n07578
n08089	n07767
n08089	n07952
n08089	n08372
n08089	n08582
n08089	n08773
n08089	n08987
n08089	n09487
n08090	n00613
n08092	n07417
n08092	n08207
n08092	n08987
n08093	n07416
n08093	n07577
n08093	n07578
n08093	n08151
n08093	n08152
n08093	n08372
n08093	n08582
n08093	n08774
n08093	n08775
n08093	n08776
n08093	n08987
n08093	n09226
n08093	n09227
n08093	n09228
n08093	n09487
n08094	n07417
n08094	n08775
n08094	n08776
n08095	n03467
n08095	n06484
n08095	n07812
n08096	n03795
n08096	n05783
n08096	n06452
n08096	n07451
n08097	n06911
n08097	n06915
n08097	n07150
n08097	n07581
n08097	n09387
n08098	n07286
n08098	n08653
n08099	n06130
n08099	n06132
n08099	n06274
n08099	n06435
n08099	n06569
n08099	n06570
n08099	n06571
n08099	n06743
n08099	n06744
n08099	n06746
n08099	n06747
n08099	n06748
n08099	n06749
n08099	n06911
n08099	n06912
n08099	n06913
n08099	n06914
n08099	n06915
n08099	n07072
n08099	n07074
n08099	n07237
n08099	n07238
n08099	n07240
n08099	n07241
n08099	n07242
n08099	n07243
n08099	n07419
n08099	n07420
n08099	n07579
n08099	n07582
n08099	n07583
n08099	n07953
n08099	n07955
n08099	n08153
n08099	n08154
n08099	n08375
n08099	n08583
n08099	n08585
n08099	n08588
n08099	n08990
n08099	n09488
n08100	n08244
n08101	n05923
n08101	n06006
n08103	n05345
n08103	n08494
n08104	n06797
n08104	n07839
n08105	n05245
n08106	n06915
n08106	n07236
n08106	n08586
n08106	n09123
n08107	n06866
n08108	n03546
n08109	n05852
n08109	n05993
n08109	n06130
n08109	n06131
n08109	n06132
n08109	n06272
n08109	n06273
n08109	n06274
n08109	n06275
n08109	n06436
n08109	n06569
n08109	n06570
n08109	n06571
n08109	n06743
n08109	n06745
n08109	n06746
n08109	n06747
n08109	n06748
n08109	n06749
n08109	n06912
n08109	n06913
n08109	n06914
n08109	n06915
n08109	n06916
n08109	n06917
n08109	n06918
n08109	n06919
n08109	n07071
n08109	n07074
n08109	n07236
n08109	n07237
n08109	n07239
n08109	n07242
n08109	n07244
n08109	n07418
n08109	n07419
n08109	n07420
n08109	n07579
n08109	n07581
n08109	n07583
n08109	n07768
n08109	n07953
n08109	n07954
n08109	n07955
n08109	n08153
n08109	n08154
n08109	n08375
n08109	n08583
n08109	n08585
n08109	n08586
n08109	n08588
n08109	n08990
n08109	n09488
n08110	n05852
n08110	n05993
n08110	n06130
n08110	n06131
n08110	n06132
n08110	n06272
n08110	n06273
n08110	n06275
n08110	n06435
n08110	n06436
n08110	n06571
n08110	n06743
n08110	n06744
n08110	n06745
n08110	n06746
n08110	n06747
n08110	n06911
n08110	n06913
n08110	n06914
n08110	n06915
n08110	n06916
n08110	n06918
n08110	n07071
n08110	n07072
n08110	n07236
n08110	n07237
n08110	n07238
n08110	n07240
n08110	n07241
n08110	n07242
n08110	n07244
n08110	n07418
n08110	n07420
n08110	n07580
n08110	n07582
n08110	n07768
n08110	n07953
n08110	n07954
n08110	n07955
n08110	n08587
n08110	n08588
n08110	n08990
n08110	n08992
n08111	n07417
n08111	n07577
n08111	n07578
n08111	n07767
n08111	n07952
n08111	n08151
n08111	n08371
n08111	n08372
n08111	n08373
n08111	n08773
n08111	n08776
n08111	n08989
n08111	n09226
n08112	n05852
n08112	n05993
n08112	n06130
n08112	n06131
n08112	n06132
n08112	n06275
n08112	n06570
n08112	n06571
n08112	n06744
n08112	n06746
n08112	n06747
n08112	n06748
n08112	n06749
n08112	n06912
n08112	n06913
n08112	n06915
n08112	n06916
n08112	n06917
n08112	n07071
n08112	n07072
n08112	n07074
n08112	n07236
n08112	n07237
n08112	n07239
n08112	n07240
n08112	n07242
n08112	n07243
n08112	n07244
n08112	n07418
n08112	n07419
n08112	n07581
n08112	n07582
n08112	n07583
n08112	n07768
n08112	n07954
n08112	n08585
n08113	n06130
n08113	n06132
n08113	n06275
n08113	n06571
n08113	n06743
n08113	n06744
n08113	n06746
n08113	n06747
n08113	n06749
n08113	n06912
n08113	n06913
n08113	n06915
n08113	n06916
n08113	n06917
n08113	n07071
n08113	n07072
n08113	n07237
n08113	n07239
n08113	n07242
n08113	n07243
n08113	n07244
n08113	n07418
n08113	n07419
n08113	n07420
n08113	n07581
n08113	n07583
n08113	n07954
n08113	n08154
n08115	n06435
n08115	n06506
n08115	n09227
n08115	n09625
n08116	n06371
n08116	n07156
n08116	n07417
n08116	n08581
n08116	n09226
n08117	n06130
n08117	n06912
n08117	n07073
n08117	n07242
n08117	n07420
n08117	n07582
n08117	n09335
n08117	n09393
n08117	n09488
n08118	n02341
n08118	n05852
n08118	n06131
n08118	n06133
n08118	n06272
n08118	n06744
n08118	n06745
n08118	n06747
n08118	n06913
n08118	n06916
n08118	n07072
n08118	n07074
n08118	n07239
n08118	n07244
n08118	n07420
n08118	n07580
n08118	n07583
n08118	n07953
n08118	n07954
n08119	n05993
n08119	n06131
n08119	n06132
n08119	n06275
n08119	n06748
n08119	n06749
n08119	n06914
n08119	n06917
n08119	n07236
n08119	n07237
n08119	n07240
n08119	n07241
n08119	n07580
n08119	n07582
n08119	n07953
n08119	n08229
n08119	n08375
n08119	n08584
n08120	n00145
n08120	n00146
n08120	n00915
n08121	n06569
n08121	n09447
n08122	n09687
n08123	n04482
n08124	n05852
n08124	n06132
n08124	n06273
n08124	n06275
n08124	n06436
n08124	n06571
n08124	n06747
n08124	n06912
n08124	n06918
n08124	n07238
n08124	n07239
n08124	n07241
n08124	n07580
n08124	n07582
n08124	n07583
n08124	n08154
n08124	n08583
n08125	n08512
n08126	n06345
n08127	n04716
n08127	n04810
n08127	n06745
n08127	n06747
n08127	n06917
n08127	n07073
n08127	n07240
n08127	n07580
n08127	n07768
n08128	n04279
n08129	n03135
n08129	n08475
n08131	n04145
n08131	n04537
n08132	n01432
n08133	n01878
n08133	n06274
n08133	n06915
n08133	n07236
n08133	n07955
n08133	n08155
n08133	n08584
n08133	n08585
n08133	n08990
n08134	n00088
n08134	n01181
n08135	n06219
n08135	n08581
n08136	n01436
n08136	n05947
n08136	n09227
n08137	n07354
n08137	n08989
n08138	n01437
n08138	n07176
n08139	n04718
n08139	n07416
n08139	n07767
n08139	n07953
n08139	n08152
n08139	n08582
n08139	n08587
n08139	n08775
n08141	n08498
n08142	n04830
n08142	n06743
n08142	n06913
n08142	n07237
n08142	n07419
n08142	n07580
n08142	n07768
n08143	n05125
n08143	n05235
n08143	n08909
n08144	n05806
n08144	n05954
n08144	n07024
n08144	n08988
n08145	n08258
n08147	n03494
n08147	n03658
n08148	n00554
n08148	n01181
n08148	n01688
n08148	n04706
n08149	n02657
n08150	n01665
n08150	n03711
n08150	n03907
n08150	n04881
n08150	n06633
n08150	n08774
n08150	n08987
n08150	n09229
n08156	n05621
n08156	n05854
n08157	n09233
n08158	n08152
n08160	n07416
n08161	n04774
n08161	n05083
n08161	n05084
n08161	n08383
n08163	n07078
n08164	n09238
n08165	n06146
n08165	n07253
n08166	n07417
n08166	n08388
n08167	n09016
n08168	n04980
n08168	n05188
n08168	n05627
n08168	n08151
n08169	n07417
n08169	n07952
n08169	n08151
n08169	n08152
n08170	n09260
n08171	n05400
n08171	n05871
n08171	n06292
n08171	n09487
n08173	n01659
n08174	n05513
n08175	n08783
n08175	n08992
n08176	n07982
n08177	n07416
n08178	n09523
n08179	n07787
n08180	n04983
n08180	n06008
n08180	n07976
n08181	n07767
n08181	n08151
n08181	n08774
n08181	n08775
n08181	n08987
n08183	n08601
n08184	n04048
n08184	n08773
n08184	n08988
n08186	n09544
n08187	n03865
n08187	n04783
n08188	n06448
n08189	n06131
n08189	n06743
n08189	n06745
n08189	n06746
n08189	n06747
n08189	n06911
n08189	n06913
n08189	n06915
n08189	n07072
n08189	n07073
n08189	n07074
n08189	n07237
n08189	n07238
n08189	n07242
n08189	n07419
n08189	n07579
n08189	n07580
n08189	n07581
n08189	n07768
n08189	n07954
n08189	n08586
n08190	n03390
n08190	n05632
n08191	n05729
n08191	n07607
n08192	n05724
n08192	n07417
n08192	n07617
n08192	n08151
n08193	n04518
n08193	n05518
n08193	n06273
n08193	n06274
n08193	n07241
n08193	n07953
n08194	n02965
n08195	n09313
n08196	n06937
n08197	n06131
n08197	n06272
n08197	n06746
n08197	n06747
n08197	n06748
n08197	n06912
n08197	n07071
n08197	n07241
n08197	n07418
n08197	n07581
n08197	n07953
n08197	n08588
n08198	n05426
n08199	n09288
n08200	n06306
n08200	n07416
n08201	n07097
n08201	n08775
n08201	n08989
n08202	n04054
n08202	n06608
n08202	n08776
n08203	n06162
n08203	n08371
n08203	n08988
n08204	n02425
n08204	n03030
n08204	n08173
n08205	n01431
n08205	n04143
n08205	n05289
n08205	n09252
n08206	n04982
n08206	n05722
n08207	n04684
n08207	n05410
n08207	n05520
n08207	n07962
n08207	n09229
n08208	n06435
n08209	n05852
n08209	n05993
n08209	n06131
n08209	n06132
n08209	n06273
n08209	n06274
n08209	n06275
n08209	n06569
n08209	n06571
n08209	n06743
n08209	n06745
n08209	n06746
n08209	n06749
n08209	n06914
n08209	n06915
n08209	n06916
n08209	n06918
n08209	n06919
n08209	n07071
n08209	n07072
n08209	n07073
n08209	n07074
n08209	n07236
n08209	n07237
n08209	n07238
n08209	n07239
n08209	n07240
n08209	n07241
n08209	n07242
n08209	n07244
n08209	n07418
n08209	n07419
n08209	n07420
n08209	n07579
n08209	n07580
n08209	n07581
n08209	n07954
n08209	n07955
n08209	n08153
n08209	n08154
n08209	n08155
n08209	n08584
n08209	n08585
n08209	n08586
n08209	n08587
n08209	n08588
n08209	n08990
n08209	n08992
n08210	n07626
n08212	n04054
n08212	n06608
n08212	n08581
n08212	n08989
n08213	n09543
n08214	n08633
n08215	n02210
n08215	n02858
n08216	n03704
n08216	n09487
n08217	n05094
n08217	n06776
n08217	n07578
n08217	n07767
n08217	n07952
n08217	n08773
n08218	n05096
n08218	n05530
n08219	n07416
n08219	n07577
n08219	n07578
n08219	n07767
n08219	n08151
n08219	n08582
n08220	n03965
n08220	n05645
n08220	n07577
n08221	n03098
n08224	n05000
n08224	n06133
n08224	n06273
n08224	n06744
n08224	n06747
n08224	n07953
n08224	n08375
n08224	n08992
n08225	n02643
n08225	n02767
n08225	n03332
n08225	n09226
n08225	n09227
n08226	n07417
n08226	n07578
n08226	n07767
n08226	n08151
n08226	n08152
n08226	n09227
n08227	n08438
n08229	n06133
n08229	n06272
n08229	n06273
n08229	n06435
n08229	n06570
n08229	n06571
n08229	n06743
n08229	n06744
n08229	n06746
n08229	n06911
n08229	n06913
n08229	n06916
n08229	n06918
n08229	n07071
n08229	n07072
n08229	n07073
n08229	n07239
n08229	n07242
n08229	n07243
n08229	n07244
n08229	n07418
n08229	n07419
n08229	n07420
n08229	n07581
n08229	n07954
n08229	n08583
n08229	n08587
n08230	n09319
n08232	n07416
n08232	n07767
n08232	n08151
n08232	n08152
n08232	n08372
n08232	n08774
n08232	n08775
n08232	n08987
n08233	n05994
n08233	n07960
n08233	n08152
n08234	n07158
n08234	n07416
n08234	n07577
n08234	n08152
n08234	n08773
n08235	n04416
n08235	n07807
n08237	n08001
n08238	n06621
n08239	n03535
n08239	n03702
n08239	n07582
n08241	n07417
n08241	n07578
n08241	n07952
n08241	n08371
n08241	n08773
n08242	n04344
n08242	n06957
n08243	n06030
n08245	n09348
n08246	n06131
n08246	n06743
n08246	n06745
n08246	n06746
n08246	n06915
n08246	n07073
n08246	n07236
n08246	n07238
n08246	n07580
n08246	n07954
n08246	n07955
n08246	n08154
n08247	n03631
n08247	n05434
n08249	n08041
n08250	n03886
n08250	n05751
n08251	n05852
n08251	n06435
n08251	n06569
n08251	n06746
n08251	n06748
n08251	n06915
n08251	n06917
n08251	n06918
n08251	n06919
n08251	n07072
n08251	n07073
n08251	n07236
n08251	n07237
n08251	n07241
n08251	n07242
n08251	n07420
n08251	n07580
n08251	n07582
n08251	n07583
n08251	n07953
n08251	n08153
n08251	n08583
n08251	n08587
n08253	n03536
n08254	n03469
n08254	n05104
n08254	n09312
n08255	n05994
n08255	n08152
n08257	n00930
n08258	n05581
n08260	n08016
n08261	n07417
n08261	n07578
n08261	n07767
n08261	n08151
n08261	n08795
n08262	n07577
n08262	n08151
n08262	n08581
n08262	n08776
n08263	n07578
n08263	n08989
n08263	n09229
n08263	n09518
n08264	n04412
n08264	n06307
n08264	n06461
n08265	n09602
n08266	n09410
n08267	n07133
n08268	n08237
n08269	n06501
n08269	n07236
n08269	n07579
n08269	n07954
n08269	n08588
n08270	n05852
n08270	n05993
n08270	n06130
n08270	n06131
n08270	n06132
n08270	n06133
n08270	n06272
n08270	n06273
n08270	n06274
n08270	n06275
n08270	n06436
n08270	n06569
n08270	n06570
n08270	n06571
n08270	n06743
n08270	n06744
n08270	n06745
n08270	n06746
n08270	n06747
n08270	n06911
n08270	n06912
n08270	n06913
n08270	n06915
n08270	n06916
n08270	n06917
n08270	n06919
n08270	n07071
n08270	n07072
n08270	n07073
n08270	n07074
n08270	n07236
n08270	n07237
n08270	n07238
n08270	n07240
n08270	n07241
n08270	n07242
n08270	n07244
n08270	n07419
n08270	n07420
n08270	n07582
n08270	n07954
n08270	n07955
n08270	n08153
n08270	n08375
n08270	n08584
n08270	n08586
n08270	n08588
n08270	n08991
n08272	n04437
n08272	n07577
n08272	n08582
n08272	n08987
n08272	n08989
n08273	n03472
n08273	n07577
n08273	n08989
n08274	n08223
n08274	n09354
n08275	n01449
n08275	n02436
n08275	n08854
n08276	n03903
n08278	n03618
n08278	n05025
n08278	n06935
n08279	n05458
n08279	n06197
n08280	n06616
n08281	n03908
n08282	n05852
n08282	n05993
n08282	n06130
n08282	n06131
n08282	n06133
n08282	n06274
n08282	n06275
n08282	n06435
n08282	n06436
n08282	n06569
n08282	n06570
n08282	n06571
n08282	n06743
n08282	n06746
n08282	n06747
n08282	n06749
n08282	n06911
n08282	n06912
n08282	n06914
n08282	n06916
n08282	n06917
n08282	n06918
n08282	n06919
n08282	n07073
n08282	n07240
n08282	n07241
n08282	n07243
n08282	n07420
n08282	n07580
n08282	n07582
n08282	n07583
n08282	n07954
n08282	n08154
n08282	n08155
n08282	n08375
n08282	n08585
n08282	n08992
n08283	n03717
n08283	n08256
n08283	n08371
n08284	n06635
n08285	n05678
n08285	n07106
n08285	n08581
n08285	n08775
n08285	n09227
n08286	n09347
n08287	n03267
n08287	n05206
n08287	n08990
n08288	n06743
n08288	n06912
n08288	n07237
n08288	n07583
n08289	n05158
n08289	n08847
n08290	n01679
n08290	n07578
n08291	n08471
n08291	n08581
n08293	n06743
n08293	n06748
n08293	n06749
n08293	n07240
n08293	n07583
n08294	n06920
n08294	n07071
n08294	n07072
n08294	n07579
n08294	n08153
n08294	n08375
n08294	n08587
n08294	n08991
n08295	n04558
n08295	n07577
n08295	n07578
n08295	n07767
n08295	n07952
n08295	n08151
n08295	n08371
n08295	n08373
n08295	n08775
n08295	n08987
n08295	n08988
n08295	n08989
n08296	n03322
n08296	n03549
n08296	n08152
n08296	n08774
n08296	n09226
n08297	n07416
n08297	n07577
n08297	n07767
n08297	n08152
n08297	n08775
n08297	n09228
n08298	n07577
n08298	n08988
n08298	n09114
n08299	n07577
n08299	n09355
n08300	n09356
n08301	n07417
n08301	n07952
n08301	n08152
n08302	n08467
n08303	n05334
n08303	n06615
n08304	n04609
n08304	n04794
n08304	n05417
n08304	n06819
n08304	n08151
n08304	n08371
n08304	n08373
n08304	n08582
n08304	n08773
n08304	n08989
n08305	n07578
n08305	n07952
n08305	n08151
n08305	n08581
n08305	n08988
n08305	n08989
n08305	n09228
n08306	n08898
n08306	n08987
n08306	n08988
n08307	n06517
n08307	n07577
n08307	n07578
n08307	n07669
n08307	n08151
n08307	n08202
n08307	n09227
n08307	n09487
n08309	n05852
n08309	n06131
n08309	n06435
n08309	n06436
n08309	n06570
n08309	n06571
n08309	n06743
n08309	n06745
n08309	n06746
n08309	n06747
n08309	n06911
n08309	n06912
n08309	n06913
n08309	n06916
n08309	n06917
n08309	n06919
n08309	n07071
n08309	n07072
n08309	n07073
n08309	n07236
n08309	n07238
n08309	n07239
n08309	n07240
n08309	n07241
n08309	n07242
n08309	n07243
n08309	n07244
n08309	n07418
n08309	n07419
n08309	n07580
n08309	n07582
n08309	n07583
n08309	n07953
n08309	n07954
n08309	n07955
n08309	n08154
n08309	n08155
n08309	n08374
n08309	n08375
n08309	n08586
n08309	n08992
n08310	n08878
n08311	n05225
n08311	n06162
n08311	n07417
n08311	n07577
n08311	n07952
n08311	n08151
n08311	n08988
n08312	n04543
n08312	n05562
n08314	n04826
n08314	n05564
n08314	n08775
n08315	n07135
n08315	n07180
n08316	n01458
n08316	n02432
n08317	n06830
n08317	n07237
n08317	n07239
n08317	n07419
n08317	n07581
n08317	n07768
n08317	n08154
n08317	n08374
n08320	n03415
n08320	n06771
n08321	n06851
n08323	n07290
n08323	n08152
n08324	n07417
n08324	n07577
n08324	n07578
n08324	n08232
n08325	n06133
n08325	n06273
n08325	n06435
n08325	n06436
n08325	n06571
n08325	n06743
n08325	n06747
n08325	n06749
n08325	n06911
n08325	n06912
n08325	n06917
n08325	n06918
n08325	n06919
n08325	n07071
n08325	n07237
n08325	n07241
n08325	n07579
n08325	n07580
n08325	n07581
n08325	n08153
n08325	n08155
n08325	n08374
n08325	n08583
n08325	n08584
n08325	n08588
n08325	n08990
n08327	n04182
n08327	n07952
n08328	n01431
n08328	n04143
n08328	n05289
n08328	n08583
n08328	n08992
n08329	n03638
n08330	n06773
n08330	n07952
n08330	n09229
n08330	n09273
n08331	n06229
n08331	n08583
n08331	n08775
n08332	n03272
n08332	n03551
n08332	n04694
n08332	n08773
n08332	n09487
n08333	n08581
n08333	n08775
n08333	n08898
n08333	n08987
n08333	n09226
n08334	n07181
n08336	n06131
n08336	n06435
n08336	n06569
n08336	n06917
n08336	n07073
n08336	n07237
n08336	n08154
n08336	n08191
n08336	n08586
n08336	n09488
n08337	n04553
n08337	n08915
n08339	n05470
n08340	n05993
n08340	n06130
n08340	n06131
n08340	n06132
n08340	n06133
n08340	n06272
n08340	n06273
n08340	n06274
n08340	n06569
n08340	n06570
n08340	n06571
n08340	n06745
n08340	n06747
n08340	n06748
n08340	n06911
n08340	n06914
n08340	n06915
n08340	n06917
n08340	n06919
n08340	n07071
n08340	n07073
n08340	n07236
n08340	n07237
n08340	n07238
n08340	n07239
n08340	n07240
n08340	n07241
n08340	n07242
n08340	n07244
n08340	n07579
n08340	n07581
n08340	n07583
n08340	n07768
n08340	n07954
n08340	n08153
n08340	n08585
n08341	n05852
n08341	n05993
n08341	n06130
n08341	n06131
n08341	n06132
n08341	n06133
n08341	n06272
n08341	n06274
n08341	n06435
n08341	n06436
n08341	n06570
n08341	n06571
n08341	n06743
n08341	n06744
n08341	n06745
n08341	n06746
n08341	n06747
n08341	n06748
n08341	n06749
n08341	n06911
n08341	n06912
n08341	n06913
n08341	n06914
n08341	n06915
n08341	n06917
n08341	n06918
n08341	n06919
n08341	n07071
n08341	n07072
n08341	n07074
n08341	n07236
n08341	n07237
n08341	n07239
n08341	n07240
n08341	n07241
n08341	n07418
n08341	n07420
n08341	n07579
n08341	n07580
n08341	n07582
n08341	n07583
n08341	n07953
n08341	n07954
n08341	n08154
n08341	n08374
n08341	n08585
n08341	n08586
n08341	n08588
n08341	n09488
n08342	n06335
n08342	n06462
n08343	n04007
n08343	n06743
n08344	n07416
n08344	n07952
n08344	n08372
n08344	n08581
n08344	n08774
n08344	n09491
n08345	n07416
n08345	n07417
n08345	n07577
n08345	n07578
n08345	n07767
n08345	n07952
n08345	n08151
n08345	n08152
n08345	n08371
n08345	n08373
n08345	n08582
n08345	n08775
n08345	n09226
n08346	n08852
n08348	n04170
n08349	n04002
n08350	n04703
n08350	n04713
n08350	n09118
n08351	n03359
n08351	n07653
n08351	n07767
n08351	n08371
n08351	n08372
n08351	n08581
n08351	n08987
n08353	n07890
n08354	n08902
n08355	n08583
n08356	n07241
n08356	n07417
n08356	n07577
n08356	n07767
n08356	n08152
n08356	n08155
n08356	n08371
n08356	n08373
n08356	n09487
n08357	n05852
n08357	n05956
n08357	n06132
n08357	n06272
n08357	n06569
n08357	n06748
n08357	n06749
n08357	n06919
n08357	n07071
n08357	n07237
n08357	n07238
n08357	n07418
n08357	n07420
n08357	n07579
n08357	n07581
n08357	n07582
n08357	n07953
n08357	n08154
n08357	n08584
n08358	n03129
n08358	n06853
n08358	n08773
n08359	n03818
n08359	n08582
n08360	n07424
n08360	n08590
n08361	n05672
n08361	n08779
n08362	n00020
n08362	n00904
n08363	n06925
n08363	n07589
n08363	n07963
n08364	n08987
n08364	n09227
n08365	n04741
n08365	n07416
n08366	n04923
n08367	n06851
n08368	n07952
n08368	n08152
n08368	n08507
n08368	n08776
n08368	n08987
n08368	n08988
n08369	n01704
n08369	n07952
n08369	n08875
n08370	n06508
n08370	n07578
n08370	n08152
n08377	n07417
n08377	n07767
n08378	n05852
n08378	n05993
n08378	n06130
n08378	n06132
n08378	n06133
n08378	n06272
n08378	n06914
n08378	n07237
n08378	n07243
n08378	n07419
n08379	n09494
n08380	n07246
n08380	n07959
n08381	n05182
n08382	n08995
n08382	n09234
n08384	n06924
n08386	n04215
n08386	n04975
n08386	n05281
n08386	n05852
n08386	n07243
n08386	n07244
n08388	n07416
n08389	n07256
n08389	n08387
n08390	n05401
n08391	n05396
n08393	n07969
n08394	n07773
n08394	n08603
n08396	n05509
n08396	n07972
n08397	n05718
n08397	n06000
n08398	n05643
n08398	n06152
n08398	n06445
n08399	n04984
n08400	n09518
n08401	n07584
n08402	n05400
n08402	n05871
n08402	n06292
n08402	n08796
n08403	n04505
n08403	n05718
n08403	n06000
n08403	n06925
n08405	n07952
n08406	n08177
n08408	n04049
n08408	n05293
n08408	n07988
n08409	n05512
n08409	n05874
n08409	n06132
n08410	n06464
n08410	n07952
n08411	n07417
n08411	n07952
n08411	n08152
n08411	n08372
n08411	n08581
n08411	n08582
n08411	n08988
n08412	n06928
n08412	n08372
n08413	n08400
n08413	n09515
n08414	n07079
n08414	n07080
n08415	n04322
n08415	n04324
n08416	n04325
n08417	n06468
n08418	n02325
n08418	n02420
n08418	n02422
n08418	n02859
n08418	n02963
n08418	n06297
n08418	n09228
n08422	n08166
n08422	n08776
n08422	n09244
n08423	n06301
n08423	n07239
n08425	n08175
n08425	n09505
n08426	n07789
n08426	n08620
n08427	n07110
n08427	n08776
n08427	n09226
n08428	n05753
n08428	n07577
n08428	n08371
n08429	n05630
n08429	n06300
n08430	n08437
n08432	n00537
n08432	n00894
n08432	n01188
n08432	n02970
n08432	n05531
n08433	n06943
n08434	n00010
n08434	n00540
n08434	n00897
n08434	n07416
n08434	n08775
n08435	n05280
n08435	n07982
n08436	n06016
n08437	n05993
n08437	n06130
n08437	n06131
n08437	n06133
n08437	n06272
n08437	n06274
n08437	n06275
n08437	n06435
n08437	n06436
n08437	n06569
n08437	n06571
n08437	n06745
n08437	n06746
n08437	n06747
n08437	n06748
n08437	n06749
n08437	n06912
n08437	n06913
n08437	n06915
n08437	n06918
n08437	n06919
n08437	n07071
n08437	n07072
n08437	n07244
n08437	n07418
n08437	n07419
n08437	n07582
n08437	n07768
n08437	n07955
n08437	n08375
n08437	n08585
n08437	n08588
n08437	n08992
n08438	n05887
n08439	n02634
n08439	n03110
n08439	n03783
n08439	n03869
n08439	n04224
n08439	n07416
n08439	n07767
n08439	n07952
n08439	n08371
n08439	n08373
n08439	n09229
n08440	n05418
n08440	n05529
n08440	n07236
n08440	n07579
n08440	n09488
n08441	n08600
n08442	n07416
n08442	n07417
n08442	n07578
n08443	n08824
n08444	n05731
n08444	n08412
n08445	n04137
n08446	n02062
n08446	n02344
n08446	n02644
n08446	n07295
n08447	n00899
n08447	n01860
n08447	n02338
n08447	n03545
n08447	n05548
n08448	n06272
n08448	n06435
n08448	n07236
n08449	n03477
n08450	n05649
n08450	n07578
n08451	n06457
n08451	n06932
n08453	n05198
n08454	n07577
n08454	n08987
n08454	n09521
n08455	n03801
n08457	n07144
n08458	n04330
n08458	n05098
n08459	n05101
n08460	n08382
n08460	n08987
n08460	n09228
n08461	n02070
n08461	n02428
n08461	n02637
n08461	n06165
n08461	n07782
n08461	n08372
n08462	n07417
n08462	n07577
n08462	n08151
n08462	n08371
n08462	n08373
n08463	n05322
n08463	n05914
n08463	n06816
n08463	n08775
n08463	n09227
n08464	n03471
n08464	n06919
n08464	n08374
n08465	n09092
n08466	n03612
n08467	n05398
n08467	n05886
n08467	n07578
n08467	n09001
n08467	n09287
n08467	n09498
n08468	n02339
n08469	n06648
n08470	n08016
n08471	n07578
n08471	n08371
n08472	n05434
n08472	n06648
n08473	n06167
n08473	n07268
n08474	n06613
n08475	n04812
n08475	n07996
n08476	n03052
n08476	n03405
n08476	n04155
n08476	n04876
n08476	n07767
n08477	n06797
n08478	n04880
n08479	n05899
n08479	n09541
n08483	n06332
n08484	n04325
n08485	n07416
n08486	n07767
n08486	n07965
n08486	n08151
n08487	n06328
n08487	n08624
n08490	n07577
n08490	n07578
n08490	n08151
n08490	n08372
n08490	n08582
n08490	n08774
n08491	n06635
n08492	n03787
n08492	n04785
n08492	n05425
n08495	n04597
n08495	n08372
n08495	n08774
n08497	n09616
n08498	n07416
n08498	n07577
n08498	n07578
n08498	n08152
n08498	n08371
n08498	n08372
n08498	n08373
n08498	n08775
n08498	n08987
n08498	n09229
n08498	n09243
n08498	n09487
n08499	n08631
n08500	n04998
n08500	n05297
n08500	n07416
n08502	n07977
n08502	n08152
n08502	n08790
n08503	n08683
n08504	n06982
n08504	n08371
n08504	n08373
n08504	n08582
n08505	n08372
n08505	n08391
n08505	n08581
n08505	n08781
n08506	n07416
n08506	n07577
n08506	n08151
n08506	n08152
n08506	n08372
n08506	n08581
n08506	n08989
n08507	n07577
n08507	n09240
n08508	n02759
n08508	n04061
n08509	n07797
n08510	n08832
n08511	n05993
n08511	n06132
n08511	n06274
n08511	n06435
n08511	n06436
n08511	n06569
n08511	n06570
n08511	n06571
n08511	n06746
n08511	n06747
n08511	n06911
n08511	n06912
n08511	n06913
n08511	n06914
n08511	n06916
n08511	n06918
n08511	n07072
n08511	n07074
n08511	n07236
n08511	n07237
n08511	n07238
n08511	n07241
n08511	n07242
n08511	n07243
n08511	n07244
n08511	n07418
n08511	n07419
n08511	n07420
n08511	n07579
n08511	n07582
n08511	n07583
n08511	n07768
n08511	n07953
n08511	n08155
n08511	n08374
n08511	n08375
n08511	n08587
n08511	n08588
n08511	n08992
n08513	n08424
n08514	n08627
n08514	n09566
n08515	n04345
n08515	n09226
n08516	n03893
n08516	n04607
n08516	n04610
n08516	n05642
n08516	n06020
n08516	n07003
n08516	n08372
n08518	n07417
n08518	n07577
n08518	n09521
n08519	n08154
n08520	n03204
n08520	n07240
n08521	n06207
n08521	n07578
n08521	n08371
n08521	n08373
n08521	n08989
n08521	n09226
n08521	n09487
n08522	n08684
n08523	n09410
n08525	n06131
n08525	n06746
n08525	n06917
n08525	n07239
n08525	n08153
n08525	n08155
n08526	n07417
n08526	n07577
n08526	n07578
n08526	n07952
n08526	n08232
n08526	n08371
n08526	n09226
n08527	n02992
n08528	n04173
n08528	n05110
n08528	n08661
n08529	n05852
n08529	n06130
n08529	n06744
n08529	n06749
n08529	n06912
n08529	n06913
n08529	n06916
n08529	n06918
n08529	n07237
n08529	n07238
n08529	n07418
n08529	n07581
n08529	n07583
n08529	n07954
n08529	n07955
n08529	n08154
n08529	n08991
n08530	n03262
n08530	n05900
n08531	n07167
n08532	n05239
n08532	n06913
n08532	n07237
n08532	n07581
n08533	n01884
n08533	n06749
n08533	n06945
n08533	n08153
n08534	n03893
n08534	n07003
n08534	n07416
n08534	n08151
n08534	n08987
n08534	n08988
n08534	n09226
n08535	n06743
n08535	n06745
n08535	n06746
n08535	n06747
n08535	n06911
n08535	n06913
n08535	n06915
n08535	n07072
n08535	n07073
n08535	n07074
n08535	n07236
n08535	n07237
n08535	n07238
n08535	n07239
n08535	n07240
n08535	n07242
n08535	n07579
n08535	n07580
n08535	n07581
n08535	n07768
n08535	n07955
n08535	n08153
n08535	n08374
n08536	n06747
n08536	n06748
n08536	n07417
n08536	n07582
n08537	n06133
n08537	n06274
n08537	n06436
n08537	n06744
n08537	n06746
n08537	n06747
n08537	n06918
n08537	n06919
n08537	n07073
n08537	n07236
n08537	n07954
n08537	n08153
n08537	n08374
n08537	n08584
n08537	n08991
n08540	n06351
n08540	n07952
n08540	n08060
n08540	n08152
n08540	n08372
n08540	n08774
n08540	n09227
n08541	n04258
n08541	n07313
n08541	n08475
n08542	n03907
n08542	n04881
n08542	n06633
n08542	n08444
n08542	n08773
n08544	n07162
n08544	n08372
n08544	n09340
n08545	n04159
n08545	n07071
n08545	n08153
n08546	n07416
n08546	n07417
n08546	n07577
n08546	n07578
n08546	n07767
n08546	n07952
n08546	n08151
n08546	n08152
n08546	n08775
n08546	n09228
n08547	n05771
n08547	n07952
n08548	n06130
n08548	n06131
n08548	n06745
n08548	n06749
n08548	n06912
n08548	n06913
n08548	n06914
n08548	n07236
n08548	n07243
n08548	n07579
n08548	n07581
n08548	n07954
n08548	n08584
n08548	n08588
n08548	n08991
n08549	n08372
n08549	n08774
n08549	n09125
n08551	n03059
n08551	n08583
n08552	n06130
n08552	n06133
n08552	n06272
n08552	n06273
n08552	n06275
n08552	n06746
n08552	n06747
n08552	n06748
n08552	n06917
n08552	n07237
n08552	n07579
n08552	n08583
n08552	n08586
n08552	n09122
n08552	n09488
n08553	n04504
n08553	n04966
n08553	n05391
n08553	n05712
n08553	n09648
n08554	n04928
n08554	n07578
n08554	n08151
n08554	n08372
n08554	n08987
n08554	n09227
n08554	n09229
n08555	n04624
n08555	n07578
n08555	n07767
n08555	n08371
n08555	n09226
n08556	n06323
n08556	n07443
n08557	n00542
n08557	n02965
n08557	n03538
n08557	n03866
n08557	n06280
n08557	n06370
n08558	n03349
n08559	n07416
n08559	n07417
n08559	n07577
n08559	n07578
n08559	n07767
n08559	n07952
n08559	n08371
n08559	n08372
n08559	n08373
n08559	n08581
n08559	n08773
n08559	n08774
n08559	n09226
n08559	n09227
n08559	n09229
n08559	n09487
n08561	n02232
n08561	n05109
n08562	n02770
n08562	n03482
n08562	n03577
n08562	n04798
n08562	n08151
n08562	n08776
n08563	n05550
n08563	n05557
n08563	n07776
n08563	n08375
n08563	n08587
n08563	n09517
n08565	n05150
n08566	n02090
n08566	n06032
n08566	n06133
n08566	n06241
n08566	n06436
n08566	n06569
n08566	n06748
n08566	n06911
n08566	n08374
n08566	n08991
n08567	n02558
n08567	n05919
n08567	n06570
n08567	n06744
n08567	n07954
n08568	n03992
n08568	n07767
n08568	n08988
n08568	n09226
n08569	n04536
n08570	n07672
n08571	n04248
n08571	n05993
n08571	n06272
n08571	n06747
n08571	n06912
n08571	n07240
n08571	n07418
n08572	n04188
n08572	n06917
n08572	n07476
n08572	n09673
n08573	n05444
n08574	n05559
n08574	n07416
n08574	n07578
n08574	n07767
n08574	n08151
n08574	n08372
n08574	n08581
n08574	n08774
n08574	n08775
n08574	n08988
n08575	n00045
n08575	n01185
n08575	n07416
n08575	n08372
n08575	n09228
n08576	n03287
n08577	n02214
n08577	n04637
n08577	n04893
n08577	n06630
n08577	n06970
n08577	n08034
n08577	n08180
n08577	n08260
n08577	n09564
n08578	n03784
n08578	n04100
n08578	n07952
n08579	n04086
n08579	n07767
n08579	n07952
n08579	n08372
n08579	n09487
n08580	n03490
n08580	n04643
n08580	n08583
n08589	n04674
n08589	n05392
n08589	n06130
n08589	n06276
n08589	n06744
n08589	n07953
n08589	n08152
n08589	n08153
n08589	n08582
n08589	n08587
n08589	n08774
n08589	n08992
n08589	n09226
n08590	n07422
n08591	n04214
n08591	n04397
n08591	n07417
n08591	n07956
n08591	n08155
n08591	n08371
n08591	n08373
n08592	n05079
n08592	n06437
n08593	n09509
n08594	n07597
n08594	n08153
n08595	n08164
n08596	n06275
n08596	n06748
n08596	n07768
n08596	n08386
n08596	n08583
n08597	n09502
n08598	n08792
n08599	n06142
n08599	n07417
n08599	n07577
n08599	n07767
n08599	n07783
n08599	n09226
n08601	n05879
n08602	n05510
n08602	n06283
n08602	n06580
n08602	n08151
n08602	n08372
n08603	n07767
n08603	n07771
n08603	n08773
n08603	n08776
n08603	n08989
n08604	n04992
n08605	n05393
n08605	n05855
n08605	n07953
n08606	n05407
n08606	n08581
n08606	n09227
n08608	n04981
n08608	n07095
n08609	n08594
n08609	n08605
n08609	n08996
n08610	n07788
n08611	n01161
n08611	n02206
n08611	n04987
n08611	n06010
n08613	n06937
n08614	n07434
n08615	n09533
n08616	n08169
n08616	n08581
n08618	n05736
n08618	n07261
n08618	n08774
n08619	n05736
n08619	n07261
n08619	n08151
n08620	n07787
n08621	n04681
n08621	n04862
n08621	n08583
n08622	n06752
n08622	n07993
n08623	n09000
n08625	n06296
n08625	n07420
n08625	n07583
n08625	n07953
n08625	n08586
n08626	n07102
n08627	n04685
n08628	n05290
n08628	n07578
n08628	n08581
n08629	n04784
n08629	n05876
n08630	n05280
n08630	n09548
n08631	n08773
n08633	n05891
n08634	n07096
n08635	n05714
n08635	n07076
n08636	n06286
n08636	n06584
n08636	n09008
n08637	n05633
n08637	n06588
n08637	n08988
n08638	n08200
n08639	n04611
n08639	n06594
n08640	n07416
n08640	n07998
n08641	n06604
n08642	n05993
n08642	n06275
n08642	n06435
n08642	n06748
n08642	n06915
n08642	n07243
n08642	n08583
n08642	n08584
n08644	n06743
n08644	n06745
n08644	n06746
n08644	n06747
n08644	n06911
n08644	n06913
n08644	n06915
n08644	n07072
n08644	n07073
n08644	n07074
n08644	n07236
n08644	n07237
n08644	n07238
n08644	n07239
n08644	n07240
n08644	n07242
n08644	n07419
n08644	n07579
n08644	n07581
n08644	n07768
n08644	n08586
n08644	n08990
n08644	n09488
n08645	n08212
n08647	n09003
n08648	n08669
n08649	n09313
n08650	n04225
n08651	n08019
n08652	n04049
n08652	n05293
n08652	n07988
n08652	n08152
n08652	n09226
n08652	n09229
n08653	n06604
n08654	n08809
n08655	n06133
n08655	n06273
n08655	n06274
n08655	n06435
n08655	n06571
n08655	n06743
n08655	n06744
n08655	n06747
n08655	n06748
n08655	n06749
n08655	n06911
n08655	n06912
n08655	n06917
n08655	n06918
n08655	n06919
n08655	n07237
n08655	n07241
n08655	n07579
n08655	n07581
n08655	n07583
n08655	n07954
n08655	n08374
n08655	n08584
n08656	n02417
n08656	n05091
n08656	n05745
n08657	n05003
n08657	n06609
n08657	n07453
n08658	n05186
n08658	n07274
n08658	n08372
n08659	n05860
n08659	n05861
n08659	n05995
n08659	n07423
n08660	n06210
n08660	n07108
n08660	n07809
n08661	n06176
n08662	n03466
n08662	n06745
n08662	n06748
n08662	n06749
n08662	n06913
n08662	n06916
n08662	n07236
n08662	n07238
n08662	n07240
n08662	n07243
n08662	n07418
n08662	n07583
n08662	n08154
n08662	n08374
n08662	n08586
n08662	n08991
n08663	n05207
n08663	n05910
n08664	n05100
n08666	n05993
n08666	n06130
n08666	n06133
n08666	n06569
n08666	n06571
n08666	n06744
n08666	n06916
n08666	n06917
n08666	n07073
n08666	n07236
n08666	n07237
n08666	n07238
n08666	n07240
n08666	n07241
n08666	n07579
n08666	n07580
n08666	n07583
n08666	n07768
n08666	n08154
n08666	n08155
n08666	n08374
n08666	n08585
n08666	n08587
n08667	n04982
n08667	n05722
n08667	n07417
n08667	n08372
n08668	n07578
n08668	n08481
n08669	n06599
n08671	n07460
n08672	n05100
n08673	n03740
n08674	n09579
n08675	n09263
n08676	n05852
n08676	n06133
n08676	n06275
n08676	n06617
n08676	n06915
n08676	n07071
n08676	n07236
n08676	n07244
n08676	n07579
n08676	n08375
n08676	n08588
n08677	n04064
n08677	n06273
n08677	n06435
n08677	n07239
n08677	n08583
n08677	n08586
n08677	n08990
n08677	n08991
n08678	n04524
n08678	n07502
n08678	n07580
n08679	n06189
n08680	n04066
n08680	n07416
n08680	n08151
n08680	n08371
n08681	n01196
n08682	n07473
n08683	n02868
n08684	n08685
n08685	n08420
n08686	n03890
n08686	n05015
n08687	n05322
n08687	n05914
n08687	n06816
n08687	n07417
n08687	n08372
n08687	n09227
n08688	n08861
n08690	n04874
n08690	n06171
n08690	n06793
n08691	n03544
n08691	n04336
n08691	n08371
n08693	n06745
n08693	n07241
n08693	n07244
n08693	n07834
n08693	n08585
n08693	n08586
n08694	n02223
n08694	n03630
n08694	n05294
n08695	n07628
n08696	n07481
n08697	n06745
n08698	n05434
n08698	n06648
n08699	n05863
n08699	n08047
n08700	n06979
n08701	n05452
n08702	n07577
n08702	n08152
n08702	n08372
n08702	n08587
n08702	n08776
n08702	n09226
n08703	n05538
n08704	n06184
n08704	n08989
n08705	n07416
n08705	n08992
n08705	n09226
n08707	n08171
n08708	n02990
n08708	n08196
n08709	n02535
n08709	n04430
n08709	n04618
n08710	n03265
n08710	n04690
n08710	n08151
n08710	n09226
n08711	n07578
n08711	n08987
n08712	n07850
n08713	n05650
n08713	n07579
n08714	n05549
n08714	n09226
n08714	n09229
n08714	n09487
n08715	n05777
n08715	n07767
n08715	n07952
n08715	n08152
n08715	n08192
n08715	n08371
n08715	n08774
n08715	n09226
n08716	n03408
n08716	n06982
n08716	n07471
n08717	n03273
n08717	n07952
n08717	n08152
n08717	n08581
n08717	n09226
n08718	n05329
n08718	n07578
n08718	n08988
n08719	n05903
n08719	n08152
n08720	n03117
n08720	n06132
n08720	n06745
n08720	n06911
n08720	n06912
n08720	n06914
n08720	n06915
n08720	n06916
n08720	n06917
n08720	n07072
n08720	n07074
n08720	n07241
n08720	n07244
n08720	n07419
n08720	n07582
n08720	n07583
n08720	n07953
n08720	n08154
n08720	n08155
n08720	n08374
n08720	n08583
n08720	n08584
n08720	n08585
n08721	n04249
n08721	n04640
n08721	n06824
n08722	n04332
n08722	n07655
n08723	n09381
n08724	n04507
n08724	n05856
n08724	n07077
n08724	n07254
n08725	n06131
n08725	n06744
n08725	n06917
n08725	n07242
n08725	n07579
n08725	n07955
n08725	n08155
n08725	n08375
n08726	n04055
n08726	n04062
n08726	n07446
n08726	n07952
n08726	n08581
n08727	n08266
n08728	n07416
n08728	n07417
n08728	n07767
n08728	n07952
n08728	n08371
n08728	n08372
n08728	n08373
n08728	n08581
n08728	n08774
n08728	n08989
n08728	n09227
n08729	n08371
n08729	n08581
n08729	n08773
n08731	n07012
n08731	n07236
n08732	n07416
n08732	n07417
n08732	n07577
n08732	n07578
n08732	n07767
n08732	n08151
n08732	n08152
n08732	n08371
n08732	n08373
n08732	n08774
n08732	n09227
n08732	n09229
n08732	n09487
n08734	n07681
n08734	n07952
n08734	n08776
n08735	n03202
n08735	n06911
n08735	n06916
n08735	n07073
n08735	n07439
n08735	n07580
n08735	n08588
n08736	n06130
n08736	n06131
n08736	n06436
n08736	n06748
n08736	n06918
n08736	n07073
n08736	n08991
n08737	n01208
n08737	n07417
n08737	n08371
n08737	n08581
n08737	n08987
n08738	n06130
n08738	n06131
n08738	n06133
n08738	n06274
n08738	n06275
n08738	n06435
n08738	n06436
n08738	n06570
n08738	n06571
n08738	n06743
n08738	n06745
n08738	n06746
n08738	n06747
n08738	n06748
n08738	n06749
n08738	n06911
n08738	n06912
n08738	n06914
n08738	n06917
n08738	n06918
n08738	n07071
n08738	n07073
n08738	n07074
n08738	n07237
n08738	n07239
n08738	n07240
n08738	n07241
n08738	n07242
n08738	n07243
n08738	n07244
n08738	n07418
n08738	n07419
n08738	n07420
n08738	n07579
n08738	n07580
n08738	n07581
n08738	n07582
n08738	n07583
n08738	n07768
n08738	n07955
n08738	n08153
n08738	n08155
n08738	n08583
n08738	n08584
n08738	n08585
n08738	n08586
n08738	n08588
n08738	n08990
n08738	n08991
n08739	n07416
n08739	n07952
n08739	n08151
n08739	n08371
n08739	n08372
n08739	n08581
n08739	n08582
n08739	n08774
n08739	n08775
n08740	n00154
n08740	n03802
n08740	n08586
n08741	n08152
n08742	n05852
n08742	n06130
n08742	n06131
n08742	n06132
n08742	n06133
n08742	n06272
n08742	n06273
n08742	n06275
n08742	n06436
n08742	n06569
n08742	n06570
n08742	n06571
n08742	n06743
n08742	n06745
n08742	n06746
n08742	n06747
n08742	n06748
n08742	n06749
n08742	n06911
n08742	n06912
n08742	n06915
n08742	n06916
n08742	n06918
n08742	n07071
n08742	n07074
n08742	n07237
n08742	n07239
n08742	n07240
n08742	n07241
n08742	n07242
n08742	n07243
n08742	n07244
n08742	n07419
n08742	n07420
n08742	n07579
n08742	n07580
n08742	n07581
n08742	n07582
n08742	n07583
n08742	n07953
n08742	n07954
n08742	n07955
n08742	n08153
n08742	n08155
n08742	n08374
n08742	n08583
n08742	n08584
n08742	n08585
n08742	n08586
n08742	n08587
n08742	n08588
n08742	n08991
n08742	n08992
n08743	n04327
n08744	n09145
n08745	n07767
n08746	n01682
n08746	n07417
n08746	n07952
n08746	n08372
n08746	n08581
n08746	n08582
n08746	n08587
n08746	n08775
n08746	n09226
n08747	n04644
n08747	n05280
n08747	n06140
n08747	n07416
n08747	n07767
n08747	n08371
n08747	n08373
n08747	n08988
n08748	n04318
n08748	n04370
n08748	n09366
n08749	n05993
n08749	n06130
n08749	n06131
n08749	n06133
n08749	n06272
n08749	n06273
n08749	n06275
n08749	n06570
n08749	n06743
n08749	n06744
n08749	n06746
n08749	n06748
n08749	n06913
n08749	n06916
n08749	n06917
n08749	n07071
n08749	n07072
n08749	n07236
n08749	n07239
n08749	n07241
n08749	n07243
n08749	n07244
n08749	n07419
n08749	n07580
n08749	n07581
n08749	n07582
n08749	n07583
n08749	n07954
n08749	n07955
n08749	n08374
n08749	n08375
n08749	n08583
n08749	n08586
n08749	n08588
n08750	n07580
n08750	n09441
n08751	n01195
n08751	n07417
n08751	n07577
n08751	n08372
n08752	n04230
n08752	n04454
n08752	n04739
n08753	n05993
n08753	n06131
n08753	n06132
n08753	n06272
n08753	n06436
n08753	n06915
n08753	n07073
n08753	n07166
n08753	n07236
n08753	n07241
n08753	n07243
n08753	n07955
n08753	n08153
n08753	n08155
n08753	n08374
n08753	n08375
n08753	n08584
n08753	n08586
n08753	n08587
n08753	n08588
n08753	n08990
n08753	n08992
n08754	n04256
n08754	n06633
n08754	n08152
n08754	n08444
n08755	n03409
n08755	n03483
n08755	n06272
n08755	n07419
n08755	n08153
n08755	n09488
n08756	n03054
n08756	n03351
n08756	n06569
n08756	n07238
n08756	n07418
n08756	n08154
n08756	n08155
n08756	n08584
n08757	n04145
n08757	n04537
n08758	n02080
n08758	n07577
n08758	n08151
n08758	n08372
n08758	n08989
n08758	n09228
n08758	n09487
n08759	n01193
n08759	n05115
n08760	n00142
n08760	n04075
n08761	n03482
n08761	n03577
n08761	n04798
n08761	n08988
n08762	n05852
n08762	n06571
n08762	n06747
n08762	n06748
n08762	n06914
n08762	n07579
n08762	n08051
n08762	n08584
n08763	n01687
n08763	n07418
n08763	n08153
n08763	n08374
n08763	n08586
n08764	n02875
n08764	n03057
n08764	n06491
n08765	n06436
n08765	n06570
n08765	n06571
n08765	n06744
n08765	n06749
n08765	n07238
n08765	n07239
n08765	n07240
n08765	n07419
n08765	n07768
n08765	n07954
n08765	n07955
n08765	n08155
n08765	n08251
n08765	n08375
n08765	n08584
n08765	n08585
n08765	n08586
n08766	n07181
n08766	n07578
n08766	n08371
n08766	n08372
n08766	n08581
n08767	n04413
n08767	n08372
n08767	n08774
n08767	n08987
n08767	n09287
n08768	n05933
n08768	n07154
n08769	n07767
n08769	n08151
n08769	n08152
n08769	n08582
n08769	n08773
n08769	n09226
n08770	n08888
n08771	n00579
n08771	n09227
n08772	n00564
n08772	n08722
n08777	n07588
n08778	n07596
n08778	n08585
n08778	n08774
n08779	n08787
n08780	n07085
n08781	n09507
n08782	n07426
n08782	n08159
n08783	n06917
n08783	n07242
n08784	n06758
n08785	n07769
n08785	n07952
n08785	n08775
n08786	n04219
n08786	n05082
n08787	n07083
n08788	n08775
n08788	n09243
n08789	n09520
n08790	n04978
n08790	n07595
n08791	n07599
n08791	n08587
n08791	n08776
n08791	n08778
n08792	n05187
n08793	n08785
n08793	n08988
n08794	n07089
n08794	n07975
n08795	n07416
n08795	n08152
n08795	n08372
n08795	n08373
n08796	n08784
n08797	n07071
n08797	n07237
n08797	n07418
n08798	n09525
n08799	n03521
n08800	n09506
n08801	n07969
n08802	n07416
n08802	n08152
n08802	n08372
n08803	n06598
n08803	n06774
n08804	n06436
n08804	n06571
n08804	n06914
n08804	n06919
n08805	n04309
n08805	n05720
n08805	n06272
n08805	n06275
n08805	n07419
n08805	n08990
n08806	n05878
n08806	n06765
n08807	n06448
n08807	n08372
n08807	n08582
n08808	n07980
n08808	n08167
n08809	n07083
n08810	n02854
n08811	n08395
n08812	n06450
n08815	n05286
n08816	n08153
n08816	n08189
n08817	n09291
n08819	n03259
n08819	n07237
n08819	n08584
n08819	n08587
n08820	n06930
n08821	n07457
n08822	n07102
n08823	n06940
n08824	n07619
n08825	n07578
n08825	n08151
n08825	n08775
n08825	n09491
n08826	n03964
n08826	n04413
n08826	n08581
n08827	n04799
n08828	n09304
n08829	n07578
n08829	n08152
n08830	n06764
n08830	n08371
n08830	n08373
n08831	n06210
n08831	n07108
n08831	n07809
n08832	n07811
n08834	n06025
n08835	n09537
n08836	n04244
n08836	n04897
n08837	n05000
n08837	n06133
n08837	n06273
n08837	n06743
n08837	n06744
n08837	n06747
n08837	n06749
n08837	n06912
n08837	n07237
n08837	n07953
n08837	n08153
n08837	n08375
n08837	n08990
n08837	n08992
n08838	n06778
n08838	n08774
n08839	n03701
n08839	n05639
n08839	n06602
n08841	n06210
n08841	n07108
n08841	n07809
n08842	n02542
n08842	n05852
n08842	n07447
n08843	n05411
n08843	n06917
n08843	n07073
n08843	n07954
n08843	n07972
n08843	n08154
n08843	n08586
n08844	n06132
n08844	n06272
n08844	n06569
n08844	n06745
n08844	n06749
n08844	n06916
n08844	n06917
n08844	n06919
n08844	n07072
n08844	n07242
n08844	n07418
n08844	n07582
n08844	n07954
n08844	n07955
n08844	n08154
n08845	n04688
n08846	n07072
n08846	n07271
n08848	n08987
n08849	n08818
n08849	n09320
n08850	n03098
n08851	n05511
n08851	n07430
n08851	n07610
n08851	n07790
n08852	n09239
n08853	n07593
n08853	n08581
n08854	n04239
n08855	n03560
n08856	n03538
n08857	n06746
n08857	n07419
n08857	n08195
n08857	n08649
n08858	n06809
n08858	n07634
n08858	n08151
n08859	n03184
n08859	n04417
n08859	n06941
n08859	n07767
n08859	n08585
n08859	n09229
n08860	n06798
n08860	n07480
n08861	n03530
n08861	n07433
n08861	n07822
n08862	n07102
n08863	n06212
n08866	n09052
n08868	n04236
n08869	n08151
n08869	n08773
n08869	n08838
n08869	n09241
n08869	n09487
n08870	n06132
n08870	n07953
n08870	n08375
n08873	n03982
n08873	n07952
n08874	n06332
n08875	n04424
n08876	n07417
n08876	n07578
n08876	n07952
n08876	n08372
n08876	n08581
n08876	n08582
n08876	n08774
n08877	n05555
n08877	n05852
n08877	n06130
n08877	n06132
n08877	n06273
n08877	n06275
n08877	n06435
n08877	n06569
n08877	n06571
n08877	n06745
n08877	n06746
n08877	n06748
n08877	n06912
n08877	n06913
n08877	n06914
n08877	n06916
n08877	n06917
n08877	n07071
n08877	n07072
n08877	n07073
n08877	n07237
n08877	n07238
n08877	n07239
n08877	n07240
n08877	n07241
n08877	n07242
n08877	n07243
n08877	n07244
n08877	n07418
n08877	n07419
n08877	n07420
n08877	n07579
n08877	n07580
n08877	n07582
n08877	n07768
n08877	n07953
n08877	n07955
n08877	n08154
n08877	n08375
n08877	n08587
n08878	n07821
n08880	n05852
n08880	n05993
n08880	n06131
n08880	n06133
n08880	n06272
n08880	n06273
n08880	n06274
n08880	n06435
n08880	n06436
n08880	n06570
n08880	n06571
n08880	n06744
n08880	n06745
n08880	n06746
n08880	n06747
n08880	n06913
n08880	n06914
n08880	n06916
n08880	n06918
n08880	n07071
n08880	n07072
n08880	n07237
n08880	n07238
n08880	n07241
n08880	n07242
n08880	n07243
n08880	n07244
n08880	n07418
n08880	n07420
n08880	n07582
n08880	n07583
n08880	n07953
n08880	n07954
n08880	n08154
n08880	n08155
n08880	n08374
n08880	n08375
n08880	n08584
n08880	n08585
n08880	n08586
n08880	n08587
n08880	n08992
n08881	n08155
n08881	n09316
n08882	n02071
n08883	n07578
n08883	n07767
n08883	n07952
n08883	n08372
n08884	n01430
n08884	n07237
n08884	n07642
n08885	n07124
n08886	n05664
n08886	n06314
n08887	n07074
n08887	n09309
n08888	n03126
n08889	n05212
n08889	n08779
n08890	n03961
n08891	n07247
n08891	n08154
n08892	n01423
n08892	n01673
n08892	n07952
n08892	n08989
n08893	n05568
n08895	n04698
n08895	n06743
n08895	n07073
n08896	n03063
n08896	n03729
n08896	n03990
n08896	n06043
n08896	n07952
n08897	n04527
n08897	n09242
n08898	n07416
n08898	n07417
n08898	n07577
n08898	n07578
n08898	n08152
n08898	n08371
n08898	n08373
n08898	n08773
n08899	n08489
n08900	n07578
n08900	n08372
n08900	n08581
n08900	n08775
n08901	n04688
n08902	n05944
n08903	n07478
n08905	n03790
n08905	n06173
n08905	n06514
n08906	n09111
n08907	n05535
n08907	n05747
n08907	n07578
n08907	n07582
n08907	n08775
n08908	n05150
n08908	n09658
n08909	n04738
n08909	n07416
n08909	n07767
n08909	n07952
n08910	n07667
n08911	n07578
n08911	n07952
n08911	n08151
n08911	n08371
n08911	n08372
n08911	n08373
n08911	n08775
n08911	n08989
n08912	n04997
n08912	n07577
n08912	n07952
n08912	n08371
n08912	n08373
n08912	n08582
n08912	n08773
n08912	n08775
n08913	n05805
n08913	n06046
n08913	n07577
n08913	n08151
n08913	n09227
n08914	n09274
n08915	n03320
n08915	n04858
n08915	n07912
n08916	n09330
n08917	n07106
n08917	n07416
n08917	n07577
n08917	n08217
n08917	n08582
n08917	n08774
n08917	n08775
n08917	n08987
n08917	n09227
n08917	n09229
n08918	n05993
n08918	n06130
n08918	n06131
n08918	n06132
n08918	n06272
n08918	n06273
n08918	n06274
n08918	n06569
n08918	n06570
n08918	n06743
n08918	n06745
n08918	n06746
n08918	n06747
n08918	n06748
n08918	n06749
n08918	n06911
n08918	n06912
n08918	n06916
n08918	n06917
n08918	n06918
n08918	n07071
n08918	n07236
n08918	n07237
n08918	n07239
n08918	n07242
n08918	n07419
n08918	n07579
n08918	n07580
n08918	n07582
n08918	n07583
n08918	n07768
n08918	n07953
n08918	n07954
n08918	n07955
n08918	n08153
n08918	n08154
n08918	n08155
n08918	n08374
n08918	n08583
n08918	n08585
n08918	n08586
n08918	n08587
n08918	n08588
n08918	n08990
n08918	n08991
n08918	n08992
n08919	n05993
n08919	n06436
n08919	n06743
n08919	n06744
n08919	n06914
n08919	n06917
n08919	n06918
n08919	n07242
n08919	n07582
n08919	n09316
n08920	n05923
n08921	n05006
n08922	n07416
n08922	n07578
n08922	n08773
n08922	n08774
n08922	n08775
n08923	n05852
n08923	n06130
n08923	n06133
n08923	n06273
n08923	n06435
n08923	n06436
n08923	n06569
n08923	n06571
n08923	n06744
n08923	n06747
n08923	n06749
n08923	n06912
n08923	n06913
n08923	n06914
n08923	n06915
n08923	n06916
n08923	n06917
n08923	n06918
n08923	n07072
n08923	n07073
n08923	n07237
n08923	n07241
n08923	n07242
n08923	n07244
n08923	n07418
n08923	n07579
n08923	n07580
n08923	n07581
n08923	n07582
n08923	n07768
n08923	n07954
n08923	n07955
n08923	n08153
n08923	n08154
n08923	n08155
n08923	n08374
n08923	n08583
n08923	n08584
n08923	n08585
n08923	n08586
n08923	n08587
n08923	n08588
n08923	n08990
n08923	n08991
n08923	n08992
n08924	n09402
n08925	n06032
n08925	n06133
n08925	n06273
n08925	n06275
n08925	n06435
n08925	n06436
n08925	n06569
n08925	n06747
n08925	n06748
n08925	n06911
n08925	n06914
n08925	n06917
n08925	n06919
n08925	n07074
n08925	n07242
n08925	n07243
n08925	n07419
n08925	n07579
n08925	n07955
n08925	n08153
n08925	n08583
n08925	n08587
n08925	n08588
n08926	n08773
n08927	n08436
n08927	n09029
n08928	n07578
n08928	n08151
n08928	n08371
n08928	n08372
n08928	n08373
n08928	n08582
n08928	n08773
n08928	n08776
n08928	n08987
n08928	n08988
n08928	n09228
n08928	n09229
n08929	n05238
n08929	n08372
n08931	n06487
n08931	n09330
n08932	n05227
n08932	n05993
n08932	n06275
n08932	n06744
n08932	n06748
n08932	n06912
n08932	n06913
n08932	n06914
n08932	n06918
n08932	n07071
n08932	n07237
n08932	n07238
n08932	n07239
n08932	n07241
n08932	n07419
n08932	n07953
n08932	n08155
n08932	n08374
n08932	n08375
n08932	n08583
n08932	n08585
n08932	n08586
n08932	n08587
n08933	n06131
n08933	n06133
n08933	n06272
n08933	n06273
n08933	n06275
n08933	n06436
n08933	n06569
n08933	n06743
n08933	n06746
n08933	n06748
n08933	n06749
n08933	n06911
n08933	n06912
n08933	n06913
n08933	n06914
n08933	n06916
n08933	n06919
n08933	n07073
n08933	n07074
n08933	n07237
n08933	n07238
n08933	n07240
n08933	n07241
n08933	n07242
n08933	n07243
n08933	n07419
n08933	n07420
n08933	n07579
n08933	n07580
n08933	n07582
n08933	n07583
n08933	n07768
n08933	n07955
n08933	n08153
n08933	n08154
n08933	n08583
n08933	n08584
n08933	n08585
n08933	n08587
n08933	n08991
n08934	n04214
n08934	n04397
n08934	n06130
n08934	n06744
n08934	n07580
n08934	n07767
n08934	n07956
n08934	n08151
n08934	n08371
n08934	n08373
n08934	n08587
n08934	n08774
n08934	n08775
n08935	n02989
n08935	n07579
n08935	n09207
n08936	n07969
n08937	n05395
n08938	n08255
n08939	n07667
n08940	n05296
n08940	n07577
n08940	n07767
n08940	n08581
n08940	n08582
n08940	n08987
n08941	n03062
n08941	n03250
n08941	n04156
n08941	n05632
n08941	n05674
n08941	n06280
n08942	n06848
n08943	n08372
n08943	n09227
n08943	n09380
n08944	n05436
n08944	n07767
n08944	n08152
n08944	n08372
n08944	n08581
n08944	n08582
n08944	n08773
n08944	n08775
n08944	n08987
n08945	n07507
n08946	n07577
n08946	n08706
n08946	n08773
n08947	n02776
n08947	n07865
n08948	n04077
n08948	n05765
n08948	n07416
n08948	n07417
n08948	n07952
n08948	n08151
n08948	n08152
n08948	n08371
n08948	n08372
n08948	n08373
n08948	n08582
n08948	n08989
n08949	n02535
n08949	n03908
n08949	n04711
n08950	n05852
n08950	n06130
n08950	n06131
n08950	n06132
n08950	n06133
n08950	n06274
n08950	n06275
n08950	n06435
n08950	n06569
n08950	n06570
n08950	n06571
n08950	n06743
n08950	n06744
n08950	n06745
n08950	n06746
n08950	n06747
n08950	n06748
n08950	n06749
n08950	n06911
n08950	n06912
n08950	n06915
n08950	n06916
n08950	n07237
n08950	n07238
n08950	n07239
n08950	n07240
n08950	n07242
n08950	n07243
n08950	n07419
n08950	n07420
n08950	n07579
n08950	n07580
n08950	n07581
n08950	n07954
n08950	n08153
n08950	n08154
n08950	n08155
n08950	n08583
n08950	n08585
n08950	n08586
n08950	n08587
n08950	n09488
n08951	n03359
n08951	n07767
n08951	n08371
n08951	n08581
n08951	n08773
n08951	n08774
n08953	n07072
n08953	n07074
n08953	n07419
n08953	n07420
n08953	n08153
n08953	n08584
n08953	n08587
n08953	n09483
n08954	n06131
n08954	n06133
n08954	n06272
n08954	n06273
n08954	n06275
n08954	n06436
n08954	n06570
n08954	n06747
n08954	n06748
n08954	n06749
n08954	n06911
n08954	n06913
n08954	n06915
n08954	n06916
n08954	n06917
n08954	n06919
n08954	n07071
n08954	n07072
n08954	n07073
n08954	n07074
n08954	n07236
n08954	n07237
n08954	n07238
n08954	n07239
n08954	n07240
n08954	n07241
n08954	n07242
n08954	n07244
n08954	n07418
n08954	n07419
n08954	n07420
n08954	n07579
n08954	n07580
n08954	n07954
n08954	n08155
n08954	n08374
n08954	n08583
n08954	n08584
n08954	n08991
n08955	n00530
n08955	n05765
n08955	n07417
n08955	n07577
n08955	n07767
n08955	n07952
n08955	n08151
n08955	n08371
n08955	n08372
n08955	n08373
n08955	n08582
n08955	n08773
n08955	n08987
n08955	n08989
n08956	n05852
n08956	n05993
n08956	n06130
n08956	n06131
n08956	n06132
n08956	n06272
n08956	n06273
n08956	n06274
n08956	n06275
n08956	n06435
n08956	n06436
n08956	n06569
n08956	n06571
n08956	n06743
n08956	n06744
n08956	n06745
n08956	n06747
n08956	n06748
n08956	n06749
n08956	n06911
n08956	n06913
n08956	n06914
n08956	n06915
n08956	n06916
n08956	n06918
n08956	n07072
n08956	n07073
n08956	n07236
n08956	n07237
n08956	n07238
n08956	n07239
n08956	n07240
n08956	n07241
n08956	n07242
n08956	n07244
n08956	n07418
n08956	n07420
n08956	n07579
n08956	n07580
n08956	n07581
n08956	n07582
n08956	n07583
n08956	n07768
n08956	n07953
n08956	n07954
n08956	n07955
n08956	n08155
n08956	n08583
n08956	n08586
n08956	n08587
n08956	n08588
n08957	n09268
n08960	n03103
n08960	n03403
n08960	n03488
n08961	n03737
n08961	n07767
n08961	n08893
n08962	n03501
n08962	n07416
n08962	n07952
n08962	n08371
n08962	n08372
n08962	n08373
n08962	n08581
n08962	n09226
n08962	n09229
n08963	n07767
n08963	n08774
n08964	n07767
n08964	n08490
n08964	n09226
n08965	n03717
n08965	n07767
n08965	n08256
n08965	n08581
n08966	n00131
n08966	n07243
n08966	n07767
n08966	n08584
n08967	n05852
n08967	n05993
n08967	n06130
n08967	n06131
n08967	n06132
n08967	n06133
n08967	n06272
n08967	n06274
n08967	n06275
n08967	n06435
n08967	n06436
n08967	n06569
n08967	n06570
n08967	n06743
n08967	n06744
n08967	n06745
n08967	n06746
n08967	n06747
n08967	n06748
n08967	n06911
n08967	n06912
n08967	n06913
n08967	n06915
n08967	n06916
n08967	n06918
n08967	n06919
n08967	n07071
n08967	n07237
n08967	n07238
n08967	n07239
n08967	n07241
n08967	n07243
n08967	n07418
n08967	n07420
n08967	n07580
n08967	n07581
n08967	n07582
n08967	n07768
n08967	n07953
n08967	n08154
n08967	n08155
n08967	n08583
n08967	n08584
n08967	n08587
n08967	n08588
n08967	n08992
n08968	n06744
n08968	n06745
n08968	n07418
n08968	n07953
n08968	n08087
n08968	n08154
n08968	n08583
n08968	n08584
n08968	n08587
n08968	n08990
n08968	n08991
n08969	n07810
n08970	n01878
n08970	n06274
n08970	n06338
n08970	n06569
n08970	n06915
n08970	n07420
n08970	n07582
n08970	n08155
n08970	n08583
n08970	n08584
n08970	n08585
n08970	n08991
n08971	n06965
n08972	n01861
n08972	n04078
n08972	n06435
n08972	n07580
n08972	n08375
n08973	n06052
n08973	n07072
n08973	n08584
n08973	n08991
n08974	n01208
n08974	n08581
n08974	n08774
n08974	n09487
n08975	n07417
n08975	n07577
n08975	n08151
n08975	n08152
n08975	n08582
n08975	n08773
n08975	n08775
n08975	n08776
n08975	n09228
n08975	n09487
n08976	n07144
n08976	n08152
n08976	n09282
n08976	n09487
n08977	n04524
n08977	n04866
n08977	n05747
n08977	n07767
n08977	n08153
n08977	n09487
n08977	n09567
n08978	n06988
n08978	n07578
n08978	n08152
n08978	n08371
n08978	n08373
n08978	n08776
n08978	n08987
n08979	n04814
n08979	n08371
n08979	n09226
n08980	n07577
n08980	n07578
n08980	n07767
n08980	n07952
n08980	n08582
n08980	n08774
n08980	n09227
n08981	n02438
n08981	n06748
n08981	n07767
n08981	n07955
n08982	n05708
n08983	n06745
n08983	n06748
n08983	n06912
n08983	n07240
n08983	n07243
n08983	n07954
n08983	n07955
n08983	n09639
n08984	n03877
n08984	n05553
n08985	n06346
n08985	n07767
n08985	n08582
n08985	n08775
n08985	n08988
n08986	n03159
n08986	n04103
n08986	n05331
n08993	n07417
n08994	n09492
n08995	n04592
n08995	n04769
n08995	n05077
n08995	n08371
n08995	n08373
n08996	n07248
n08997	n07247
n08998	n06753
n08999	n07421
n09000	n06755
n09001	n06277
n09001	n07416
n09001	n07417
n09001	n07952
n09001	n08151
n09001	n08773
n09003	n07588
n09004	n06281
n09005	n07416
n09005	n07577
n09005	n07767
n09005	n08151
n09005	n08152
n09005	n08582
n09005	n08774
n09005	n08775
n09005	n08987
n09005	n09229
n09006	n06130
n09006	n06132
n09006	n06915
n09006	n07237
n09008	n05508
n09008	n05869
n09008	n06756
n09009	n05852
n09009	n05993
n09009	n06130
n09009	n06131
n09009	n06132
n09009	n06133
n09009	n06273
n09009	n06274
n09009	n06436
n09009	n06570
n09009	n06571
n09009	n06743
n09009	n06745
n09009	n06748
n09009	n06912
n09009	n06913
n09009	n06915
n09009	n06916
n09009	n06917
n09009	n06918
n09009	n07071
n09009	n07073
n09009	n07236
n09009	n07237
n09009	n07238
n09009	n07240
n09009	n07243
n09009	n07582
n09009	n07768
n09009	n07955
n09009	n08153
n09009	n08154
n09009	n08585
n09011	n07970
n09012	n06579
n09014	n07426
n09014	n08159
n09015	n05643
n09015	n06152
n09015	n06445
n09016	n06145
n09016	n06284
n09016	n06290
n09016	n06444
n09017	n05718
n09017	n06000
n09018	n07992
n09019	n08392
n09020	n05724
n09020	n07617
n09020	n08775
n09021	n05513
n09022	n06130
n09022	n06301
n09022	n06746
n09022	n07072
n09022	n07240
n09022	n07241
n09022	n08375
n09023	n06760
n09023	n07416
n09023	n07417
n09023	n07577
n09023	n07984
n09023	n08152
n09023	n08371
n09023	n08372
n09023	n09002
n09024	n07613
n09025	n08603
n09025	n08988
n09026	n04222
n09026	n07784
n09028	n04596
n09028	n04677
n09028	n04976
n09028	n08582
n09029	n08177
n09030	n04601
n09030	n06746
n09031	n04611
n09031	n06594
n09031	n08988
n09032	n03964
n09032	n08989
n09034	n07770
n09034	n07952
n09034	n08373
n09034	n08988
n09035	n06752
n09035	n07099
n09036	n08000
n09037	n04687
n09037	n05412
n09037	n06458
n09037	n07578
n09038	n03614
n09038	n07291
n09038	n07647
n09040	n02208
n09040	n02639
n09040	n03102
n09040	n03258
n09040	n04535
n09040	n05733
n09040	n09501
n09041	n09580
n09042	n06590
n09042	n08151
n09042	n08774
n09042	n08987
n09042	n09244
n09042	n09487
n09043	n02429
n09043	n04415
n09044	n07598
n09044	n09227
n09046	n06468
n09046	n06744
n09046	n06912
n09046	n08773
n09047	n08196
n09048	n08200
n09049	n07583
n09050	n09547
n09051	n03701
n09051	n05639
n09051	n08773
n09051	n08775
n09051	n09227
n09053	n00899
n09053	n01860
n09053	n02338
n09053	n03545
n09053	n05548
n09054	n04604
n09054	n06275
n09055	n08987
n09056	n09512
n09057	n03035
n09057	n03699
n09057	n04436
n09057	n06006
n09058	n08203
n09058	n08773
n09059	n08581
n09060	n06275
n09060	n07581
n09060	n08374
n09060	n09255
n09061	n07811
n09061	n09277
n09062	n03865
n09062	n04783
n09063	n06791
n09064	n06953
n09065	n03386
n09065	n07109
n09066	n06013
n09067	n08823
n09068	n05409
n09068	n07952
n09068	n08371
n09068	n08373
n09068	n08987
n09068	n08989
n09069	n06599
n09071	n06746
n09071	n06747
n09071	n06913
n09071	n06915
n09071	n07074
n09071	n07238
n09071	n07240
n09071	n07579
n09071	n07580
n09071	n07581
n09071	n07768
n09071	n07954
n09071	n08153
n09072	n08175
n09074	n06809
n09074	n07634
n09075	n00559
n09075	n01427
n09076	n09563
n09077	n06657
n09078	n05003
n09078	n07453
n09079	n07417
n09079	n07578
n09079	n07767
n09079	n07952
n09079	n08152
n09079	n08581
n09079	n08775
n09079	n08989
n09079	n09227
n09079	n09229
n09080	n03184
n09080	n04417
n09080	n06941
n09080	n08152
n09080	n08585
n09081	n04060
n09081	n08152
n09081	n09227
n09082	n04253
n09082	n04531
n09083	n08429
n09084	n05651
n09085	n08773
n09085	n09055
n09086	n04216
n09086	n04506
n09086	n05185
n09087	n06131
n09087	n06132
n09087	n06133
n09087	n06272
n09087	n06275
n09087	n06435
n09087	n06569
n09087	n06570
n09087	n06571
n09087	n06743
n09087	n06744
n09087	n06747
n09087	n06748
n09087	n06912
n09087	n06913
n09087	n06915
n09087	n06917
n09087	n06918
n09087	n06919
n09087	n07071
n09087	n07072
n09087	n07073
n09087	n07236
n09087	n07237
n09087	n07239
n09087	n07241
n09087	n07244
n09087	n07420
n09087	n07580
n09087	n07582
n09087	n07583
n09087	n07768
n09087	n07954
n09087	n07955
n09087	n08154
n09087	n08374
n09087	n08375
n09087	n08583
n09087	n08584
n09087	n08586
n09087	n08588
n09088	n05000
n09088	n06133
n09088	n06273
n09088	n06569
n09088	n06743
n09088	n06744
n09088	n06747
n09088	n06749
n09088	n06912
n09088	n07073
n09088	n07237
n09088	n07582
n09088	n07953
n09088	n07954
n09088	n08155
n09088	n08375
n09088	n08585
n09088	n08990
n09088	n08992
n09089	n06493
n09090	n05316
n09090	n07767
n09090	n08776
n09091	n08372
n09091	n08638
n09091	n08987
n09093	n07417
n09093	n07767
n09093	n08581
n09093	n08988
n09094	n05778
n09095	n07417
n09095	n07578
n09095	n07952
n09095	n08371
n09095	n08372
n09095	n08373
n09095	n08773
n09095	n08776
n09096	n03320
n09096	n03860
n09096	n04134
n09096	n04858
n09096	n07957
n09097	n05852
n09097	n05993
n09097	n06274
n09097	n06569
n09097	n06570
n09097	n06571
n09097	n06743
n09097	n06745
n09097	n06912
n09097	n06916
n09097	n06917
n09097	n06919
n09097	n07071
n09097	n07236
n09097	n07238
n09097	n07240
n09097	n07241
n09097	n07242
n09097	n07244
n09097	n07418
n09097	n07419
n09097	n07420
n09097	n07579
n09097	n07583
n09097	n08154
n09097	n08155
n09097	n08583
n09097	n08586
n09097	n08587
n09097	n08990
n09097	n08992
n09098	n03964
n09098	n04413
n09098	n07577
n09098	n08581
n09098	n08987
n09098	n09001
n09098	n09285
n09098	n09498
n09099	n04139
n09099	n04231
n09102	n03273
n09102	n08581
n09102	n09226
n09103	n04686
n09103	n05202
n09103	n06295
n09106	n07124
n09107	n03454
n09107	n06436
n09107	n06743
n09107	n06745
n09107	n06747
n09107	n06913
n09107	n07071
n09107	n07239
n09107	n07418
n09107	n08154
n09107	n08375
n09108	n01177
n09108	n04515
n09109	n06802
n09109	n07416
n09109	n08371
n09109	n08373
n09109	n08775
n09110	n01866
n09110	n08645
n09111	n02978
n09111	n05451
n09112	n05672
n09113	n07847
n09114	n07578
n09114	n07952
n09114	n08151
n09114	n08152
n09114	n08372
n09114	n08582
n09114	n08775
n09114	n08987
n09115	n07952
n09115	n08152
n09115	n08988
n09115	n09226
n09116	n07289
n09116	n08779
n09117	n03551
n09117	n04694
n09118	n03639
n09118	n03978
n09118	n07028
n09119	n08151
n09119	n08152
n09119	n08372
n09119	n08581
n09119	n08582
n09119	n08989
n09120	n07810
n09120	n08860
n09122	n05852
n09122	n05993
n09122	n06131
n09122	n06132
n09122	n06435
n09122	n06436
n09122	n06569
n09122	n06570
n09122	n06743
n09122	n06744
n09122	n06745
n09122	n06749
n09122	n06911
n09122	n06912
n09122	n06913
n09122	n06914
n09122	n06915
n09122	n06916
n09122	n06918
n09122	n06919
n09122	n07071
n09122	n07073
n09122	n07074
n09122	n07238
n09122	n07239
n09122	n07240
n09122	n07241
n09122	n07242
n09122	n07243
n09122	n07244
n09122	n07418
n09122	n07419
n09122	n07420
n09122	n07580
n09122	n07581
n09122	n07582
n09122	n07583
n09122	n07768
n09122	n07953
n09122	n07954
n09122	n07955
n09122	n08153
n09122	n08154
n09122	n08155
n09122	n08374
n09122	n08375
n09122	n08585
n09122	n08588
n09123	n05852
n09123	n05993
n09123	n06130
n09123	n06131
n09123	n06132
n09123	n06275
n09123	n06435
n09123	n06436
n09123	n06569
n09123	n06571
n09123	n06743
n09123	n06744
n09123	n06745
n09123	n06746
n09123	n06747
n09123	n06748
n09123	n06749
n09123	n06911
n09123	n06912
n09123	n06913
n09123	n06914
n09123	n06916
n09123	n06917
n09123	n06918
n09123	n06919
n09123	n07071
n09123	n07072
n09123	n07073
n09123	n07074
n09123	n07237
n09123	n07238
n09123	n07239
n09123	n07240
n09123	n07241
n09123	n07242
n09123	n07243
n09123	n07244
n09123	n07418
n09123	n07420
n09123	n07581
n09123	n07768
n09123	n08153
n09123	n08375
n09123	n08992
n09124	n03544
n09124	n04788
n09124	n08371
n09124	n08987
n09124	n09487
n09125	n03348
n09125	n03973
n09125	n08773
n09125	n08775
n09125	n09226
n09126	n05993
n09126	n06130
n09126	n06272
n09126	n06273
n09126	n06274
n09126	n06275
n09126	n06436
n09126	n06569
n09126	n06570
n09126	n06743
n09126	n06746
n09126	n06748
n09126	n06749
n09126	n06911
n09126	n06914
n09126	n06915
n09126	n06918
n09126	n06919
n09126	n07071
n09126	n07073
n09126	n07074
n09126	n07236
n09126	n07237
n09126	n07239
n09126	n07243
n09126	n07244
n09126	n07418
n09126	n07419
n09126	n07420
n09126	n07579
n09126	n07580
n09126	n07581
n09126	n07583
n09126	n07768
n09126	n07953
n09126	n07955
n09126	n08154
n09126	n08374
n09126	n08375
n09126	n08583
n09126	n08990
n09127	n07416
n09127	n07577
n09127	n08151
n09127	n08372
n09127	n08581
n09127	n08582
n09127	n08774
n09127	n09227
n09128	n03260
n09128	n08371
n09128	n08373
n09128	n08823
n09129	n04164
n09129	n06063
n09130	n04818
n09130	n07640
n09130	n08988
n09130	n08989
n09131	n05903
n09131	n08152
n09132	n08371
n09132	n08373
n09132	n08776
n09132	n08785
n09132	n09226
n09133	n07129
n09134	n03798
n09134	n06132
n09134	n06570
n09134	n06744
n09134	n06746
n09134	n06747
n09134	n06916
n09134	n06917
n09134	n06918
n09134	n07074
n09134	n07242
n09134	n07244
n09134	n07420
n09134	n07582
n09134	n07583
n09134	n07768
n09134	n07954
n09134	n07955
n09134	n08154
n09134	n08583
n09134	n08585
n09134	n08990
n09135	n07577
n09135	n07578
n09135	n07952
n09135	n08038
n09135	n08582
n09135	n08773
n09135	n08775
n09135	n08776
n09135	n09229
n09136	n05008
n09136	n07656
n09136	n08987
n09136	n09339
n09137	n04712
n09138	n03717
n09138	n08256
n09138	n08371
n09138	n08581
n09139	n07361
n09139	n08228
n09140	n06780
n09140	n07637
n09141	n07767
n09142	n04630
n09142	n08990
n09143	n05017
n09144	n03282
n09144	n05852
n09144	n05993
n09144	n06132
n09144	n06570
n09144	n06911
n09144	n07071
n09144	n07073
n09144	n07237
n09144	n07239
n09144	n07242
n09144	n07244
n09144	n07419
n09144	n08154
n09144	n08584
n09144	n08586
n09145	n03334
n09145	n03617
n09146	n03414
n09146	n06130
n09146	n06743
n09146	n06745
n09146	n06912
n09146	n07236
n09146	n07237
n09146	n07953
n09146	n08584
n09146	n08588
n09146	n08991
n09147	n03980
n09147	n04809
n09147	n07786
n09147	n09532
n09148	n02072
n09148	n06062
n09149	n00556
n09149	n04519
n09150	n08773
n09150	n08987
n09151	n06199
n09152	n06347
n09154	n08848
n09155	n07767
n09155	n08988
n09155	n09108
n09156	n07996
n09156	n09586
n09157	n02745
n09157	n03186
n09158	n02860
n09158	n03038
n09158	n07577
n09158	n08152
n09158	n08372
n09158	n08995
n09159	n05535
n09159	n07578
n09159	n07953
n09159	n08587
n09159	n08774
n09159	n08775
n09159	n08776
n09159	n08992
n09159	n09229
n09160	n07847
n09161	n07417
n09161	n07767
n09161	n07771
n09161	n07952
n09161	n08373
n09161	n08773
n09161	n08774
n09161	n08987
n09161	n08988
n09161	n08989
n09161	n09227
n09162	n02440
n09162	n02870
n09162	n08372
n09163	n03878
n09163	n05527
n09163	n07577
n09163	n07952
n09163	n08371
n09163	n08444
n09163	n08581
n09163	n08774
n09163	n09229
n09164	n05852
n09164	n06131
n09164	n06132
n09164	n06273
n09164	n06275
n09164	n06436
n09164	n06569
n09164	n06571
n09164	n06743
n09164	n06745
n09164	n06746
n09164	n06749
n09164	n06914
n09164	n06915
n09164	n06916
n09164	n06917
n09164	n06918
n09164	n06919
n09164	n07071
n09164	n07072
n09164	n07073
n09164	n07074
n09164	n07236
n09164	n07237
n09164	n07238
n09164	n07239
n09164	n07240
n09164	n07241
n09164	n07242
n09164	n07244
n09164	n07418
n09164	n07419
n09164	n07579
n09164	n07580
n09164	n07768
n09164	n07954
n09164	n07955
n09164	n08153
n09164	n08154
n09164	n08155
n09164	n08584
n09164	n08585
n09164	n08586
n09164	n08587
n09164	n08588
n09164	n08990
n09164	n08992
n09165	n01882
n09165	n06275
n09165	n06571
n09165	n06746
n09165	n06748
n09165	n08153
n09165	n08155
n09165	n08584
n09165	n08585
n09165	n08586
n09165	n08587
n09166	n05852
n09166	n06130
n09166	n06132
n09166	n06133
n09166	n06272
n09166	n06273
n09166	n06274
n09166	n06435
n09166	n06436
n09166	n06569
n09166	n06570
n09166	n06571
n09166	n06743
n09166	n06744
n09166	n06745
n09166	n06746
n09166	n06747
n09166	n06748
n09166	n06911
n09166	n06912
n09166	n06913
n09166	n06915
n09166	n06917
n09166	n06918
n09166	n07071
n09166	n07072
n09166	n07074
n09166	n07236
n09166	n07238
n09166	n07240
n09166	n07241
n09166	n07242
n09166	n07244
n09166	n07418
n09166	n07579
n09166	n07580
n09166	n07581
n09166	n07953
n09166	n08154
n09166	n08155
n09166	n08375
n09166	n08584
n09166	n08585
n09166	n08586
n09166	n08587
n09166	n08588
n09166	n08990
n09166	n08991
n09166	n09488
n09167	n03792
n09167	n04639
n09167	n07417
n09167	n07577
n09167	n07767
n09167	n07952
n09167	n08989
n09168	n07417
n09168	n07767
n09168	n08371
n09168	n08372
n09168	n08373
n09168	n08582
n09168	n08988
n09168	n08989
n09168	n09227
n09169	n06046
n09169	n07416
n09169	n07767
n09169	n08775
n09169	n08876
n09169	n08987
n09169	n08989
n09169	n09228
n09170	n03319
n09170	n03320
n09170	n03860
n09170	n06921
n09170	n07961
n09172	n04164
n09173	n05993
n09173	n06130
n09173	n06131
n09173	n06272
n09173	n06273
n09173	n06274
n09173	n06275
n09173	n06569
n09173	n06570
n09173	n06571
n09173	n06743
n09173	n06745
n09173	n06746
n09173	n06747
n09173	n06748
n09173	n06749
n09173	n06911
n09173	n06912
n09173	n06915
n09173	n06916
n09173	n06917
n09173	n06918
n09173	n06919
n09173	n07071
n09173	n07236
n09173	n07237
n09173	n07238
n09173	n07239
n09173	n07240
n09173	n07241
n09173	n07242
n09173	n07243
n09173	n07419
n09173	n07579
n09173	n07580
n09173	n07582
n09173	n07583
n09173	n07768
n09173	n07953
n09173	n07954
n09173	n07955
n09173	n08153
n09173	n08155
n09173	n08374
n09173	n08583
n09173	n08586
n09173	n08587
n09173	n08588
n09173	n08990
n09173	n08991
n09173	n08992
n09174	n07879
n09175	n02776
n09175	n07865
n09177	n06833
n09178	n07577
n09178	n08581
n09178	n09380
n09179	n08459
n09179	n08897
n09180	n06199
n09181	n05770
n09181	n07767
n09181	n08774
n09181	n08899
n09182	n06069
n09182	n07578
n09182	n07952
n09182	n08371
n09182	n08774
n09182	n09226
n09183	n08080
n09183	n08151
n09183	n08152
n09183	n08581
n09183	n08773
n09183	n08774
n09183	n08987
n09183	n08989
n09184	n08286
n09185	n02564
n09186	n05327
n09186	n06830
n09186	n07237
n09187	n03282
n09187	n05993
n09187	n06131
n09187	n06132
n09187	n06133
n09187	n06272
n09187	n06435
n09187	n06570
n09187	n06571
n09187	n06743
n09187	n06911
n09187	n06912
n09187	n07071
n09187	n07073
n09187	n07237
n09187	n07239
n09187	n07242
n09187	n07243
n09187	n07244
n09187	n07418
n09187	n07419
n09187	n07582
n09187	n07583
n09187	n07955
n09187	n08154
n09187	n08155
n09187	n08583
n09187	n08585
n09187	n08586
n09187	n08588
n09187	n08991
n09187	n08992
n09188	n05020
n09188	n08371
n09188	n08373
n09188	n08774
n09188	n08987
n09189	n04597
n09189	n07577
n09189	n07952
n09189	n08371
n09189	n08372
n09189	n08373
n09189	n08774
n09189	n08988
n09189	n08989
n09189	n09487
n09190	n08371
n09190	n08773
n09190	n08987
n09192	n07416
n09192	n08581
n09192	n08774
n09192	n09653
n09193	n06691
n09193	n07106
n09193	n07952
n09193	n08582
n09193	n08773
n09194	n02890
n09194	n06969
n09194	n07416
n09194	n08151
n09194	n08152
n09194	n08773
n09194	n08774
n09195	n03066
n09195	n07577
n09195	n07578
n09195	n08775
n09195	n08776
n09196	n04728
n09197	n08632
n09198	n07315
n09198	n07866
n09198	n08581
n09198	n08710
n09198	n08775
n09199	n05993
n09199	n06274
n09199	n06570
n09199	n06571
n09199	n06915
n09199	n07236
n09199	n07239
n09199	n07244
n09199	n07581
n09199	n07954
n09199	n08586
n09199	n08588
n09199	n08933
n09200	n04173
n09200	n05110
n09200	n08661
n09201	n03582
n09202	n08447
n09202	n08608
n09203	n01884
n09203	n02646
n09203	n07236
n09204	n05572
n09205	n05671
n09206	n00071
n09206	n00227
n09206	n05653
n09206	n07767
n09206	n08773
n09207	n05002
n09207	n06745
n09207	n07239
n09207	n08154
n09207	n09546
n09208	n05213
n09208	n05549
n09208	n08988
n09208	n08989
n09209	n06465
n09209	n08581
n09210	n09642
n09211	n03629
n09211	n04544
n09211	n07418
n09211	n07955
n09211	n08375
n09212	n07578
n09212	n09081
n09214	n06218
n09214	n06921
n09215	n05232
n09216	n05786
n09217	n06345
n09217	n06987
n09217	n08860
n09218	n08233
n09218	n08998
n09218	n09499
n09219	n08276
n09219	n08361
n09220	n03291
n09220	n05659
n09220	n07577
n09220	n07578
n09220	n08582
n09220	n08987
n09221	n05955
n09221	n06570
n09221	n06571
n09221	n06745
n09221	n06916
n09221	n06917
n09221	n06918
n09221	n07071
n09221	n07582
n09221	n07955
n09221	n08155
n09221	n08583
n09221	n08991
n09222	n09664
n09223	n00587
n09223	n02794
n09223	n07622
n09223	n08773
n09223	n09227
n09224	n03823
n09224	n07417
n09224	n08152
n09224	n08372
n09224	n08773
n09224	n08774
n09224	n08793
n09224	n08989
n09225	n02535
n09225	n08861
n09230	n05853
n09230	n07241
n09230	n08584
n09231	n06743
n09231	n08378
n09232	n07585
n09232	n09226
n09234	n08999
n09235	n03321
n09235	n03387
n09235	n03518
n09238	n05862
n09240	n08382
n09241	n08160
n09241	n09228
n09243	n07767
n09243	n07952
n09243	n08151
n09243	n08581
n09243	n08582
n09243	n08776
n09244	n08388
n09244	n08582
n09244	n09227
n09245	n07416
n09245	n07578
n09245	n08152
n09245	n08582
n09245	n09227
n09246	n07577
n09246	n08152
n09248	n03454
n09248	n06130
n09248	n06272
n09248	n08990
n09249	n09514
n09250	n08774
n09250	n09243
n09251	n02059
n09251	n03391
n09251	n03456
n09251	n03779
n09252	n08594
n09254	n01161
n09254	n02206
n09254	n04987
n09254	n06010
n09255	n03180
n09255	n06571
n09255	n07071
n09256	n07089
n09256	n07975
n09256	n08161
n09258	n05713
n09258	n06573
n09259	n09258
n09260	n06299
n09260	n07974
n09261	n06598
n09261	n06774
n09262	n04142
n09262	n04603
n09262	n07578
n09262	n08582
n09262	n08988
n09263	n05628
n09263	n06001
n09263	n07779
n09263	n07780
n09265	n07601
n09266	n07416
n09266	n08581
n09266	n08618
n09266	n09226
n09269	n05852
n09269	n05993
n09269	n06130
n09269	n06131
n09269	n06274
n09269	n06275
n09269	n06435
n09269	n06436
n09269	n06745
n09269	n06748
n09269	n06911
n09269	n06913
n09269	n07072
n09269	n07240
n09269	n07242
n09269	n07243
n09269	n07418
n09269	n07583
n09271	n08987
n09271	n09226
n09272	n05718
n09272	n06000
n09273	n09241
n09275	n05643
n09275	n06152
n09275	n06445
n09276	n06748
n09276	n06914
n09277	n09013
n09278	n02325
n09278	n02420
n09278	n02422
n09278	n02859
n09278	n02963
n09278	n06297
n09279	n07237
n09279	n07612
n09280	n09561
n09281	n07417
n09281	n07952
n09281	n08152
n09281	n08372
n09281	n08581
n09281	n08582
n09281	n08988
n09282	n06947
n09282	n07767
n09282	n07997
n09282	n08371
n09282	n08373
n09282	n08774
n09282	n08776
n09282	n08987
n09282	n09227
n09282	n09229
n09283	n07416
n09283	n09529
n09284	n07416
n09285	n06929
n09285	n07606
n09285	n08774
n09286	n03778
n09286	n06007
n09286	n06439
n09286	n08782
n09287	n06929
n09287	n07606
n09287	n08371
n09287	n08373
n09288	n07792
n09289	n07443
n09289	n08174
n09290	n08175
n09291	n05628
n09291	n06001
n09291	n07779
n09291	n07780
n09292	n04440
n09292	n05300
n09292	n06014
n09292	n08773
n09293	n07994
n09295	n07612
n09296	n06132
n09296	n06911
n09296	n07071
n09296	n07248
n09296	n07579
n09296	n07580
n09296	n08153
n09296	n08155
n09296	n08992
n09296	n09230
n09299	n07787
n09300	n05718
n09300	n06000
n09301	n09580
n09302	n06130
n09302	n06131
n09302	n06744
n09302	n07073
n09302	n08586
n09302	n08797
n09303	n07577
n09303	n07952
n09303	n08152
n09303	n08181
n09304	n05094
n09304	n06776
n09304	n08371
n09304	n08373
n09305	n05852
n09305	n06130
n09305	n06132
n09305	n06273
n09305	n06274
n09305	n06436
n09305	n06570
n09305	n06745
n09305	n06912
n09305	n06919
n09305	n07073
n09306	n06130
n09306	n06131
n09306	n06133
n09306	n06272
n09306	n06436
n09306	n06571
n09306	n06743
n09306	n06745
n09306	n06746
n09306	n06747
n09306	n06748
n09306	n06749
n09306	n06912
n09306	n06913
n09306	n06917
n09306	n06919
n09306	n07071
n09306	n07237
n09306	n07239
n09306	n07240
n09306	n07241
n09306	n07418
n09306	n07579
n09306	n07953
n09306	n07954
n09306	n08154
n09306	n08374
n09306	n08585
n09306	n08588
n09308	n04887
n09309	n00134
n09309	n00532
n09309	n06912
n09309	n06918
n09309	n07071
n09309	n07072
n09309	n07073
n09309	n07236
n09309	n07243
n09309	n07419
n09309	n07580
n09309	n07581
n09309	n07768
n09309	n07953
n09309	n07954
n09309	n08584
n09309	n08585
n09309	n08587
n09310	n04683
n09310	n09282
n09312	n09540
n09313	n02065
n09313	n05993
n09313	n06132
n09313	n06570
n09313	n06743
n09313	n06745
n09313	n06749
n09313	n06912
n09313	n06916
n09313	n07072
n09313	n07073
n09313	n07239
n09313	n07418
n09313	n07954
n09314	n06745
n09314	n06912
n09314	n07582
n09315	n07087
n09315	n08781
n09316	n06130
n09316	n06131
n09316	n06132
n09316	n06272
n09316	n06273
n09316	n06275
n09316	n06435
n09316	n06570
n09316	n06571
n09316	n06745
n09316	n06746
n09316	n06747
n09316	n06748
n09316	n06911
n09316	n06912
n09316	n06916
n09316	n06919
n09316	n07071
n09316	n07072
n09316	n07074
n09316	n07236
n09316	n07238
n09316	n07240
n09316	n07241
n09316	n07244
n09316	n07418
n09316	n07419
n09316	n07420
n09316	n07581
n09316	n07583
n09316	n07953
n09316	n07954
n09316	n07955
n09316	n08374
n09316	n08375
n09316	n08587
n09316	n08990
n09317	n02429
n09317	n04415
n09321	n04600
n09321	n06913
n09322	n06778
n09322	n07952
n09322	n08773
n09322	n09241
n09323	n05780
n09323	n06749
n09325	n05738
n09325	n06164
n09325	n08774
n09325	n09228
n09326	n04225
n09326	n09321
n09328	n09293
n09329	n05852
n09329	n06132
n09329	n06273
n09329	n06435
n09329	n06436
n09329	n06571
n09329	n06912
n09329	n07239
n09329	n07241
n09329	n07242
n09329	n07244
n09329	n07419
n09329	n07420
n09329	n07580
n09329	n07582
n09329	n07953
n09329	n07954
n09329	n07955
n09329	n08153
n09329	n08155
n09329	n08587
n09329	n08588
n09329	n08991
n09330	n06168
n09331	n07577
n09331	n07578
n09331	n07767
n09331	n07952
n09331	n08371
n09331	n08372
n09331	n09227
n09332	n05428
n09332	n06612
n09332	n06690
n09332	n07955
n09332	n08002
n09332	n08199
n09333	n03705
n09334	n08000
n09335	n06131
n09335	n06133
n09335	n06436
n09335	n06569
n09335	n06744
n09335	n06745
n09335	n06746
n09335	n06748
n09335	n06749
n09335	n06914
n09335	n06915
n09335	n06919
n09335	n07237
n09335	n07239
n09335	n07240
n09335	n07243
n09335	n07244
n09335	n07955
n09335	n08374
n09336	n05287
n09336	n09512
n09337	n03618
n09337	n05025
n09338	n07577
n09338	n07578
n09338	n07632
n09338	n08581
n09338	n08776
n09339	n07819
n09339	n08371
n09339	n08373
n09339	n08859
n09339	n08989
n09339	n09226
n09339	n09227
n09340	n08152
n09340	n08207
n09341	n07584
n09342	n07793
n09342	n09274
n09343	n04057
n09343	n07577
n09343	n07767
n09343	n08581
n09343	n09226
n09343	n09227
n09344	n09668
n09345	n03386
n09345	n05885
n09345	n07957
n09346	n05182
n09348	n05103
n09348	n07239
n09348	n07419
n09348	n07580
n09348	n07581
n09348	n08990
n09349	n08392
n09350	n07578
n09351	n03098
n09353	n06317
n09353	n07416
n09353	n08152
n09354	n07472
n09355	n07416
n09355	n07767
n09357	n04623
n09358	n07578
n09358	n08371
n09358	n09226
n09359	n09050
n09360	n05898
n09361	n06134
n09362	n05852
n09362	n05993
n09362	n06130
n09362	n06131
n09362	n06133
n09362	n06272
n09362	n06273
n09362	n06274
n09362	n06435
n09362	n06436
n09362	n06571
n09362	n06744
n09362	n06746
n09362	n06747
n09362	n06913
n09362	n06914
n09362	n06916
n09362	n07071
n09362	n07242
n09362	n07243
n09362	n07420
n09362	n07582
n09362	n07583
n09362	n07953
n09362	n08154
n09362	n08374
n09362	n08584
n09362	n08585
n09362	n08587
n09363	n06569
n09363	n06775
n09363	n06917
n09363	n07073
n09363	n07953
n09363	n07954
n09363	n08153
n09363	n08584
n09363	n08588
n09364	n09668
n09365	n08009
n09366	n06474
n09366	n08227
n09367	n08151
n09368	n07417
n09368	n07578
n09368	n07952
n09368	n08151
n09368	n08773
n09369	n03468
n09369	n04533
n09371	n05111
n09371	n05446
n09372	n08454
n09373	n03261
n09373	n07240
n09373	n07242
n09374	n08491
n09375	n05906
n09376	n08434
n09376	n08989
n09376	n09227
n09377	n07577
n09377	n07578
n09377	n07806
n09377	n08151
n09377	n08202
n09377	n08987
n09377	n09227
n09377	n09229
n09377	n09487
n09378	n03720
n09379	n07131
n09379	n08152
n09379	n08987
n09379	n09226
n09379	n09227
n09380	n07416
n09380	n07417
n09380	n07578
n09380	n07767
n09380	n07952
n09380	n08151
n09380	n08152
n09380	n08371
n09380	n08373
n09380	n08773
n09380	n08774
n09380	n08775
n09380	n08988
n09380	n08989
n09380	n09226
n09381	n07416
n09381	n07417
n09381	n07577
n09381	n07767
n09381	n08152
n09381	n08773
n09381	n08774
n09381	n09226
n09381	n09487
n09382	n09256
n09382	n09601
n09383	n06798
n09383	n07480
n09384	n07577
n09384	n07952
n09384	n08152
n09384	n08371
n09384	n08372
n09384	n08373
n09384	n08582
n09384	n08987
n09384	n08988
n09384	n08989
n09384	n09226
n09385	n05852
n09385	n06130
n09385	n06132
n09385	n06133
n09385	n06272
n09385	n06273
n09385	n06275
n09385	n06436
n09385	n06743
n09385	n06745
n09385	n06746
n09385	n06747
n09385	n06748
n09385	n06749
n09385	n06911
n09385	n06912
n09385	n06913
n09385	n06914
n09385	n06915
n09385	n06916
n09385	n06917
n09385	n06919
n09385	n07071
n09385	n07073
n09385	n07074
n09385	n07237
n09385	n07239
n09385	n07241
n09385	n07243
n09385	n07244
n09385	n07419
n09385	n07580
n09385	n07581
n09385	n07768
n09385	n07953
n09385	n07955
n09385	n08153
n09385	n08374
n09385	n08583
n09385	n08584
n09385	n08587
n09385	n08990
n09385	n08991
n09385	n08992
n09386	n06975
n09387	n05892
n09387	n06571
n09387	n06995
n09387	n07244
n09387	n07580
n09389	n06131
n09389	n06272
n09389	n06274
n09389	n06571
n09389	n06643
n09389	n06914
n09389	n06919
n09389	n07072
n09389	n07073
n09389	n07074
n09389	n07238
n09389	n07240
n09389	n07418
n09389	n07420
n09389	n07580
n09389	n07953
n09389	n07955
n09389	n08155
n09390	n02222
n09392	n03339
n09392	n03811
n09392	n08875
n09393	n05993
n09393	n06131
n09393	n06133
n09393	n06435
n09393	n06436
n09393	n06569
n09393	n06570
n09393	n06743
n09393	n06744
n09393	n06745
n09393	n06746
n09393	n06748
n09393	n06749
n09393	n06911
n09393	n06913
n09393	n06914
n09393	n06915
n09393	n06919
n09393	n07071
n09393	n07237
n09393	n07239
n09393	n07240
n09393	n07243
n09393	n07244
n09393	n07418
n09393	n07419
n09393	n07579
n09393	n07954
n09393	n08374
n09393	n08583
n09393	n08584
n09394	n07313
n09395	n03716
n09395	n08991
n09396	n06187
n09400	n06167
n09400	n08380
n09401	n02755
n09401	n07416
n09401	n08773
n09401	n08774
n09401	n09228
n09401	n09487
n09402	n08032
n09403	n07416
n09403	n07417
n09403	n07577
n09403	n08151
n09403	n08371
n09403	n08372
n09403	n08373
n09403	n08581
n09403	n08774
n09403	n08775
n09403	n08776
n09403	n08989
n09403	n09228
n09403	n09487
n09404	n07952
n09404	n08371
n09404	n08373
n09404	n08581
n09404	n08807
n09404	n08987
n09404	n09226
n09404	n09227
n09406	n01874
n09406	n06912
n09406	n06917
n09406	n07237
n09406	n07953
n09407	n05309
n09407	n07417
n09407	n08372
n09407	n08775
n09407	n09487
n09408	n07416
n09408	n07417
n09408	n07578
n09408	n07767
n09408	n08151
n09408	n08372
n09408	n08581
n09408	n08776
n09408	n08987
n09408	n08989
n09408	n09226
n09408	n09227
n09408	n09228
n09408	n09229
n09409	n02103
n09409	n08613
n09410	n08465
n09412	n03275
n09412	n06915
n09412	n07240
n09412	n07953
n09412	n07955
n09412	n08155
n09412	n08375
n09412	n08586
n09413	n06435
n09413	n07074
n09413	n07420
n09413	n07495
n09413	n07582
n09414	n06800
n09415	n07825
n09415	n08375
n09415	n08587
n09415	n09517
n09416	n07300
n09418	n08152
n09418	n08987
n09419	n05342
n09420	n01681
n09420	n08776
n09420	n09227
n09420	n09229
n09421	n07416
n09421	n07577
n09421	n07578
n09421	n07952
n09421	n08151
n09421	n08371
n09421	n08581
n09421	n08582
n09421	n08773
n09421	n08988
n09421	n09226
n09422	n09069
n09423	n07523
n09423	n08152
n09423	n08773
n09423	n08776
n09423	n08987
n09423	n08988
n09423	n09227
n09423	n09228
n09423	n09229
n09424	n06577
n09424	n07578
n09424	n07952
n09424	n08152
n09424	n08372
n09424	n08486
n09424	n08581
n09424	n08773
n09424	n08775
n09424	n09228
n09425	n07577
n09425	n07767
n09425	n09227
n09426	n07416
n09426	n07417
n09426	n07577
n09426	n07578
n09426	n07767
n09426	n07952
n09426	n08372
n09426	n08581
n09426	n08774
n09426	n08775
n09426	n08987
n09426	n09226
n09427	n07112
n09429	n07416
n09429	n07577
n09429	n07767
n09429	n08152
n09429	n08773
n09429	n08987
n09429	n09227
n09429	n09350
n09430	n07416
n09430	n07417
n09430	n07577
n09430	n07578
n09430	n07767
n09430	n07952
n09430	n08151
n09430	n08152
n09430	n08372
n09430	n08581
n09430	n08582
n09430	n08773
n09430	n08774
n09430	n08775
n09430	n08776
n09430	n08988
n09430	n08989
n09430	n09226
n09430	n09227
n09430	n09229
n09431	n07952
n09431	n08151
n09431	n08371
n09431	n08373
n09431	n08773
n09431	n08775
n09431	n08987
n09431	n08988
n09431	n08989
n09431	n09227
n09431	n09229
n09432	n07242
n09432	n07418
n09432	n07580
n09432	n07791
n09432	n08154
n09432	n08586
n09432	n09363
n09433	n06130
n09433	n06501
n09433	n07236
n09433	n07579
n09433	n07583
n09433	n07953
n09433	n07954
n09433	n08588
n09434	n06198
n09436	n02385
n09436	n04825
n09437	n04904
n09437	n05852
n09437	n06130
n09437	n06131
n09437	n06272
n09437	n06275
n09437	n06743
n09437	n06744
n09437	n06748
n09437	n06749
n09437	n06915
n09437	n06919
n09437	n07071
n09437	n07073
n09437	n07240
n09437	n07581
n09437	n08511
n09437	n08585
n09437	n08586
n09437	n08990
n09438	n05130
n09439	n05852
n09439	n06130
n09439	n06132
n09439	n06133
n09439	n06275
n09439	n06435
n09439	n06436
n09439	n06743
n09439	n06746
n09439	n06748
n09439	n06749
n09439	n06911
n09439	n06912
n09439	n06915
n09439	n06916
n09439	n06918
n09439	n06919
n09439	n07074
n09439	n07236
n09439	n07237
n09439	n07239
n09439	n07243
n09439	n07244
n09439	n07579
n09439	n07582
n09439	n07583
n09439	n07768
n09439	n07953
n09439	n07954
n09439	n07955
n09439	n08153
n09439	n08154
n09439	n08155
n09439	n08583
n09439	n08586
n09439	n08990
n09439	n08991
n09439	n08992
n09439	n09488
n09440	n01436
n09440	n05947
n09440	n08371
n09440	n08373
n09440	n08714
n09440	n08987
n09440	n09227
n09440	n09228
n09441	n08375
n09442	n06452
n09442	n07371
n09442	n07451
n09443	n08424
n09444	n04733
n09444	n06273
n09444	n06275
n09444	n06569
n09444	n06749
n09444	n07072
n09444	n07241
n09444	n07580
n09444	n07953
n09444	n07954
n09444	n07955
n09444	n08155
n09444	n08374
n09444	n08990
n09444	n08991
n09445	n07416
n09445	n07582
n09445	n07953
n09445	n08155
n09445	n08371
n09445	n08373
n09445	n08581
n09445	n08582
n09445	n08585
n09445	n08587
n09445	n08774
n09445	n08775
n09445	n08776
n09445	n09226
n09445	n09229
n09445	n09490
n09446	n06130
n09446	n06644
n09446	n06743
n09446	n06744
n09446	n06913
n09446	n07237
n09446	n07238
n09446	n07240
n09446	n07418
n09446	n07583
n09446	n07953
n09446	n08990
n09447	n06130
n09447	n06273
n09447	n06435
n09447	n06436
n09447	n06745
n09447	n06912
n09447	n06915
n09447	n06916
n09447	n06918
n09447	n07237
n09447	n07238
n09447	n07239
n09447	n07242
n09447	n07418
n09447	n07419
n09447	n07580
n09447	n07582
n09447	n08153
n09447	n08154
n09447	n08992
n09448	n07877
n09448	n08469
n09448	n08472
n09449	n06133
n09449	n06570
n09449	n06646
n09449	n06744
n09449	n06746
n09449	n06748
n09449	n06911
n09449	n06916
n09449	n06919
n09449	n07071
n09449	n07244
n09449	n07418
n09449	n07420
n09449	n07954
n09449	n08154
n09449	n08155
n09449	n08374
n09449	n08583
n09449	n08584
n09449	n08587
n09451	n07417
n09451	n07577
n09451	n07578
n09451	n07767
n09451	n07952
n09451	n08151
n09451	n08987
n09451	n09227
n09452	n02552
n09452	n06339
n09452	n07417
n09452	n08371
n09452	n08372
n09452	n08373
n09452	n08581
n09452	n08989
n09452	n09228
n09453	n03187
n09453	n05333
n09453	n07474
n09453	n07577
n09453	n08152
n09453	n08371
n09453	n08372
n09453	n08581
n09453	n08584
n09453	n08773
n09453	n08987
n09453	n08988
n09453	n09226
n09454	n07314
n09455	n04993
n09455	n06239
n09455	n08987
n09456	n09356
n09457	n07577
n09457	n09226
n09457	n09613
n09458	n03797
n09458	n08660
n09458	n08831
n09458	n08969
n09459	n05852
n09459	n05993
n09459	n06130
n09459	n06131
n09459	n06274
n09459	n06275
n09459	n06436
n09459	n06569
n09459	n06571
n09459	n06747
n09459	n06748
n09459	n06749
n09459	n06911
n09459	n06912
n09459	n06914
n09459	n06915
n09459	n06919
n09459	n07072
n09459	n07074
n09459	n07237
n09459	n07238
n09459	n07239
n09459	n07242
n09459	n07243
n09459	n07244
n09459	n07418
n09459	n07420
n09459	n07579
n09459	n07581
n09459	n07582
n09459	n07583
n09459	n07768
n09459	n07953
n09459	n08375
n09459	n08585
n09459	n08587
n09460	n07416
n09460	n08372
n09460	n08376
n09460	n08581
n09460	n08774
n09460	n09491
n09461	n06130
n09461	n06917
n09461	n07074
n09461	n07580
n09461	n07581
n09461	n08991
n09461	n09227
n09462	n05565
n09462	n06130
n09462	n06132
n09462	n06743
n09462	n06748
n09462	n06749
n09462	n06912
n09462	n07073
n09462	n07074
n09462	n07581
n09463	n05852
n09463	n05993
n09463	n06130
n09463	n06131
n09463	n06132
n09463	n06133
n09463	n06272
n09463	n06273
n09463	n06274
n09463	n06435
n09463	n06436
n09463	n06569
n09463	n06570
n09463	n06571
n09463	n06743
n09463	n06744
n09463	n06745
n09463	n06746
n09463	n06747
n09463	n06911
n09463	n06912
n09463	n06913
n09463	n06914
n09463	n06915
n09463	n06916
n09463	n06917
n09463	n06918
n09463	n06919
n09463	n07071
n09463	n07072
n09463	n07073
n09463	n07074
n09463	n07236
n09463	n07237
n09463	n07238
n09463	n07239
n09463	n07242
n09463	n07243
n09463	n07244
n09463	n07418
n09463	n07419
n09463	n07420
n09463	n07579
n09463	n07580
n09463	n07581
n09463	n07582
n09463	n07768
n09463	n07953
n09463	n07954
n09463	n08153
n09463	n08154
n09463	n08155
n09463	n08374
n09463	n08375
n09463	n08583
n09463	n08584
n09463	n08585
n09463	n08586
n09463	n08587
n09463	n08990
n09463	n08991
n09463	n08992
n09466	n02087
n09466	n06130
n09466	n06743
n09466	n06749
n09466	n07243
n09466	n07418
n09466	n07579
n09466	n07581
n09466	n07612
n09466	n07953
n09466	n08991
n09467	n03216
n09467	n05852
n09467	n05993
n09467	n06743
n09467	n06746
n09467	n06913
n09467	n07071
n09467	n07236
n09467	n07239
n09467	n07241
n09467	n07243
n09467	n07581
n09467	n07954
n09467	n07955
n09467	n08154
n09467	n08374
n09467	n08583
n09467	n08586
n09468	n06131
n09468	n06743
n09468	n06746
n09468	n06747
n09468	n06913
n09468	n06915
n09468	n07072
n09468	n07073
n09468	n07074
n09468	n07236
n09468	n07237
n09468	n07239
n09468	n07240
n09468	n07242
n09468	n07419
n09468	n07579
n09468	n07580
n09468	n07581
n09468	n07768
n09468	n07954
n09468	n07955
n09468	n08153
n09468	n08154
n09468	n08374
n09468	n08586
n09468	n08990
n09468	n09488
n09469	n06273
n09469	n06274
n09469	n06366
n09469	n06570
n09469	n06744
n09469	n06745
n09469	n06746
n09469	n06747
n09469	n06748
n09469	n06911
n09469	n06912
n09469	n06916
n09469	n06918
n09469	n07072
n09469	n07236
n09469	n07237
n09469	n07238
n09469	n07240
n09469	n07241
n09469	n07242
n09469	n07243
n09469	n07419
n09469	n07579
n09469	n07580
n09469	n08154
n09469	n08155
n09469	n08374
n09469	n08588
n09469	n08990
n09469	n08991
n09469	n08992
n09470	n03488
n09471	n03837
n09472	n04915
n09472	n08152
n09472	n08582
n09472	n08773
n09472	n08774
n09472	n08987
n09472	n09130
n09472	n09487
n09473	n07171
n09473	n08773
n09473	n08987
n09474	n07578
n09474	n07767
n09474	n07952
n09474	n08151
n09474	n08152
n09474	n08371
n09474	n08581
n09474	n08774
n09474	n08987
n09474	n09226
n09474	n09227
n09475	n04318
n09475	n04685
n09475	n05170
n09475	n07161
n09476	n07767
n09476	n08372
n09476	n08582
n09476	n08774
n09476	n09228
n09477	n04274
n09479	n03825
n09479	n09226
n09480	n05085
n09480	n05415
n09481	n04542
n09481	n07128
n09481	n07284
n09481	n07767
n09481	n08371
n09481	n08581
n09481	n08989
n09481	n09226
n09482	n05422
n09482	n08371
n09482	n08373
n09482	n08582
n09482	n08987
n09482	n08989
n09482	n09226
n09482	n09229
n09483	n06130
n09483	n06131
n09483	n06132
n09483	n06133
n09483	n06273
n09483	n06274
n09483	n06275
n09483	n06436
n09483	n06571
n09483	n06743
n09483	n06745
n09483	n06746
n09483	n06747
n09483	n06912
n09483	n06913
n09483	n06917
n09483	n06918
n09483	n06919
n09483	n07071
n09483	n07073
n09483	n07236
n09483	n07237
n09483	n07239
n09483	n07240
n09483	n07241
n09483	n07579
n09483	n07580
n09483	n07581
n09483	n07583
n09483	n07953
n09483	n07954
n09483	n08154
n09483	n08374
n09483	n08585
n09483	n08588
n09483	n08990
n09483	n08991
n09484	n06330
n09484	n09050
n09486	n04197
n09486	n08429
n09489	n07417
n09489	n07578
n09489	n07767
n09489	n08773
n09490	n04674
n09490	n05392
n09490	n06276
n09490	n07577
n09491	n06572
n09491	n08377
n09491	n08993
n09491	n09226
n09493	n03692
n09493	n04593
n09493	n05622
n09493	n07245
n09493	n07586
n09494	n08589
n09495	n06747
n09495	n06915
n09495	n09231
n09496	n07952
n09497	n09493
n09498	n06277
n09498	n07416
n09498	n07417
n09498	n07767
n09498	n07952
n09498	n08151
n09498	n08773
n09498	n08988
n09498	n09227
n09499	n06753
n09500	n07417
n09500	n09226
n09501	n06924
n09501	n08380
n09502	n03862
n09502	n04310
n09502	n04313
n09502	n04594
n09503	n07084
n09503	n07964
n09504	n04044
n09504	n04045
n09505	n08783
n09505	n08992
n09507	n05396
n09507	n08776
n09507	n09227
n09508	n07966
n09508	n08582
n09509	n07416
n09509	n07578
n09509	n07952
n09509	n08151
n09509	n08152
n09509	n08371
n09509	n09226
n09509	n09227
n09510	n06131
n09510	n06272
n09510	n06746
n09510	n06747
n09510	n06748
n09510	n06912
n09510	n07071
n09510	n07241
n09510	n07418
n09510	n07579
n09510	n07581
n09510	n07953
n09510	n08588
n09511	n07092
n09511	n07416
n09511	n07417
n09511	n08372
n09511	n08773
n09511	n08987
n09512	n06578
n09512	n08592
n09513	n06759
n09514	n07967
n09515	n07416
n09515	n07417
n09515	n07577
n09515	n07767
n09515	n07952
n09515	n08151
n09515	n08152
n09515	n08581
n09515	n08987
n09516	n09013
n09517	n07071
n09517	n07580
n09517	n08991
n09517	n08992
n09517	n09252
n09518	n07416
n09518	n07417
n09518	n07577
n09518	n07767
n09518	n07952
n09518	n08151
n09518	n08152
n09518	n08372
n09518	n08581
n09518	n08774
n09518	n08987
n09519	n06142
n09519	n07783
n09520	n07416
n09520	n07577
n09520	n08582
n09521	n04982
n09521	n05722
n09521	n09227
n09522	n07416
n09524	n07787
n09524	n09501
n09525	n03255
n09526	n06000
n09526	n09012
n09527	n09288
n09528	n06760
n09528	n07416
n09528	n07417
n09528	n07577
n09528	n07984
n09528	n08152
n09528	n08372
n09528	n08773
n09528	n08987
n09528	n09002
n09529	n07952
n09529	n08152
n09529	n08773
n09529	n08775
n09529	n08988
n09529	n09227
n09530	n04049
n09530	n05293
n09530	n07988
n09530	n08776
n09530	n08987
n09530	n09229
n09531	n04867
n09531	n08587
n09531	n08774
n09531	n08776
n09531	n08989
n09531	n08992
n09532	n06287
n09532	n06752
n09532	n07432
n09533	n08610
n09534	n05287
n09534	n09512
n09535	n08602
n09535	n09228
n09535	n09229
n09536	n05866
n09536	n06441
n09536	n07416
n09536	n07577
n09536	n08988
n09536	n08989
n09537	n07577
n09537	n07767
n09537	n08774
n09537	n09245
n09538	n07599
n09538	n08583
n09538	n08585
n09538	n08587
n09538	n08774
n09538	n08776
n09539	n07257
n09540	n04316
n09540	n08190
n09541	n07990
n09541	n08774
n09542	n08803
n09542	n09261
n09543	n05997
n09544	n07431
n09545	n03778
n09545	n06007
n09545	n06439
n09545	n08782
n09546	n04600
n09548	n06140
n09548	n07577
n09548	n07767
n09548	n08581
n09548	n08781
n09548	n08988
n09549	n06135
n09549	n07952
n09549	n08373
n09549	n08988
n09549	n09227
n09549	n09228
n09549	n09229
n09550	n05394
n09550	n05728
n09551	n04137
n09552	n06308
n09552	n08623
n09554	n04687
n09554	n05412
n09554	n06458
n09554	n07578
n09554	n09487
n09556	n05739
n09556	n08374
n09557	n09578
n09558	n06597
n09558	n07269
n09558	n08381
n09559	n03460
n09560	n08414
n09561	n06272
n09561	n06746
n09561	n06748
n09561	n07579
n09561	n07953
n09561	n08588
n09562	n03099
n09564	n07464
n09565	n05889
n09565	n06012
n09565	n06607
n09565	n09227
n09566	n04318
n09566	n09014
n09567	n05644
n09567	n07416
n09567	n08582
n09567	n09531
n09568	n06321
n09568	n08992
n09569	n07257
n09571	n08000
n09571	n08152
n09571	n08775
n09572	n08371
n09572	n09271
n09573	n06747
n09573	n07238
n09573	n07583
n09574	n05100
n09575	n07577
n09575	n07578
n09575	n08776
n09575	n08988
n09575	n09487
n09576	n05748
n09577	n04514
n09577	n07437
n09577	n09026
n09578	n07616
n09579	n04884
n09579	n04890
n09579	n07578
n09579	n08439
n09581	n07952
n09581	n08152
n09581	n08371
n09581	n08373
n09581	n08582
n09581	n08987
n09581	n08989
n09581	n09227
n09582	n04049
n09582	n05293
n09582	n07988
n09582	n08775
n09582	n08776
n09582	n08987
n09582	n09226
n09582	n09229
n09583	n09035
n09584	n04686
n09584	n05202
n09584	n06295
n09585	n09321
n09586	n04598
n09586	n07615
n09587	n00546
n09587	n00895
n09587	n06455
n09587	n08773
n09587	n08988
n09587	n08989
n09588	n05852
n09588	n05993
n09588	n06130
n09588	n06133
n09588	n06272
n09588	n06569
n09588	n06570
n09588	n06571
n09588	n06743
n09588	n06744
n09588	n06745
n09588	n06912
n09588	n06913
n09588	n06916
n09588	n06917
n09588	n06919
n09588	n07072
n09588	n07236
n09588	n07238
n09588	n07240
n09588	n07241
n09588	n07244
n09588	n07418
n09588	n07419
n09588	n07420
n09588	n07579
n09588	n07580
n09588	n07582
n09588	n07583
n09588	n07955
n09588	n08154
n09588	n08155
n09588	n08583
n09588	n08586
n09588	n08587
n09588	n08992
n09590	n07417
n09590	n07577
n09591	n07577
n09591	n07578
n09591	n07632
n09591	n07767
n09591	n08151
n09591	n08582
n09591	n08775
n09591	n08776
n09591	n08988
n09592	n06911
n09592	n06918
n09592	n07277
n09592	n07579
n09592	n07581
n09592	n08155
n09595	n06130
n09595	n06132
n09595	n06272
n09595	n06273
n09595	n06274
n09595	n06275
n09595	n06435
n09595	n06569
n09595	n06571
n09595	n06744
n09595	n06745
n09595	n06746
n09595	n06747
n09595	n06912
n09595	n06913
n09595	n06915
n09595	n06916
n09595	n06917
n09595	n06919
n09595	n07071
n09595	n07072
n09595	n07241
n09595	n07242
n09595	n07243
n09595	n07419
n09595	n07420
n09595	n07581
n09595	n07583
n09595	n07954
n09595	n07955
n09595	n08153
n09595	n08154
n09595	n08374
n09595	n08375
n09595	n08584
n09595	n08990
n09596	n05428
n09596	n06612
n09596	n06690
n09597	n06743
n09597	n06747
n09597	n06913
n09597	n06915
n09597	n07073
n09597	n07074
n09597	n07236
n09597	n07240
n09597	n07242
n09597	n07419
n09597	n08374
n09597	n08586
n09598	n01435
n09598	n02064
n09599	n06609
n09600	n07767
n09600	n07952
n09600	n08152
n09600	n08371
n09600	n08372
n09600	n08373
n09600	n08581
n09600	n08582
n09600	n08774
n09600	n08775
n09600	n09487
n09601	n07089
n09601	n07975
n09602	n02205
n09602	n03776
n09603	n04320
n09603	n04512
n09603	n06569
n09603	n06913
n09603	n06917
n09603	n07953
n09605	n09629
n09606	n06606
n09607	n08010
n09608	n08583
n09608	n09296
n09609	n09585
n09611	n06016
n09612	n07577
n09612	n07820
n09612	n08774
n09612	n09487
n09613	n08631
n09614	n04560
n09615	n07417
n09615	n07578
n09615	n07767
n09615	n08151
n09615	n08372
n09615	n08582
n09615	n09226
n09615	n09227
n09615	n09228
n09615	n09229
n09615	n09487
n09616	n05852
n09616	n06130
n09616	n06132
n09616	n06274
n09616	n06745
n09616	n06749
n09616	n06911
n09616	n06915
n09616	n06918
n09616	n07074
n09616	n07237
n09616	n07242
n09616	n07418
n09616	n07419
n09616	n07420
n09616	n07579
n09616	n07582
n09616	n07768
n09616	n07953
n09616	n08375
n09616	n08585
n09616	n08990
n09616	n08991
n09617	n03275
n09617	n06914
n09617	n07954
n09617	n08153
n09617	n08588
n09617	n09488
n09618	n01177
n09618	n03526
n09619	n06168
n09620	n09317
n09621	n05852
n09621	n06132
n09621	n06435
n09621	n06920
n09621	n07071
n09621	n07239
n09621	n07579
n09621	n08155
n09621	n08587
n09621	n08991
n09621	n08992
n09622	n05420
n09622	n06976
n09622	n08218
n09623	n06131
n09623	n06743
n09623	n06746
n09623	n06747
n09623	n06911
n09623	n06912
n09623	n06915
n09623	n07072
n09623	n07073
n09623	n07074
n09623	n07236
n09623	n07237
n09623	n07239
n09623	n07242
n09623	n07419
n09623	n07579
n09623	n07580
n09623	n07581
n09623	n07768
n09623	n07953
n09623	n07954
n09623	n07955
n09623	n08153
n09623	n08374
n09623	n08586
n09623	n08990
n09623	n09488
n09624	n06743
n09624	n06746
n09624	n06747
n09624	n06913
n09624	n06915
n09624	n07072
n09624	n07073
n09624	n07074
n09624	n07236
n09624	n07237
n09624	n07240
n09624	n07242
n09624	n07419
n09624	n07955
n09624	n08586
n09624	n08990
n09624	n09488
n09625	n09066
n09627	n05430
n09628	n03090
n09628	n03860
n09629	n00044
n09629	n04996
n09630	n02747
n09630	n06804
n09630	n08773
n09630	n09227
n09630	n09487
n09631	n07100
n09631	n07577
n09631	n08773
n09631	n08987
n09631	n08988
n09632	n07473
n09633	n05193
n09633	n05883
n09633	n07577
n09633	n08151
n09633	n08776
n09633	n08987
n09633	n08989
n09633	n09228
n09633	n09487
n09634	n08419
n09637	n09544
n09638	n07824
n09638	n08009
n09639	n04827
n09640	n06157
n09641	n00092
n09642	n05111
n09642	n05446
n09643	n05543
n09643	n07581
n09643	n07954
n09643	n08374
n09644	n00922
n09644	n05284
n09644	n09607
n09646	n06610
n09646	n07072
n09646	n08193
n09646	n08588
n09647	n08152
n09648	n02205
n09648	n03776
n09649	n04243
n09649	n05852
n09650	n08048
n09651	n09226
n09652	n04152
n09652	n04700
n09652	n04803
n09653	n07312
n09653	n08152
n09653	n08371
n09653	n08372
n09653	n08773
n09653	n08988
n09654	n01693
n09654	n07952
n09654	n08989
n09655	n05345
n09656	n07332
n09656	n08581
n09657	n07416
n09657	n07417
n09657	n07577
n09657	n07578
n09657	n07767
n09657	n07952
n09657	n08151
n09657	n08372
n09657	n08581
n09657	n08582
n09657	n08774
n09657	n08775
n09657	n08987
n09657	n08988
n09657	n08989
n09657	n09226
n09657	n09227
n09658	n03801
n09658	n08372
n09658	n08599
n09658	n08775
n09659	n05852
n09659	n05993
n09659	n06130
n09659	n06274
n09659	n06436
n09659	n06569
n09659	n06570
n09659	n06571
n09659	n06744
n09659	n06911
n09659	n06912
n09659	n06914
n09659	n07236
n09659	n07238
n09659	n07240
n09659	n07241
n09659	n07418
n09659	n07953
n09659	n08583
n09659	n08585
n09659	n08586
n09659	n09488
n09660	n03806
n09660	n05279
n09661	n07416
n09661	n07577
n09661	n08372
n09661	n08774
n09661	n08775
n09661	n08776
n09661	n09226
n09661	n09229
n09661	n09487
n09661	n09581
n09662	n02552
n09662	n07417
n09662	n09630
n09663	n07635
n09664	n09614
n09666	n03410
n09666	n04405
n09666	n04794
n09666	n07416
n09666	n07417
n09666	n08151
n09666	n08371
n09666	n08373
n09666	n08582
n09666	n08773
n09666	n08989
n09666	n09227
n09667	n06178
n09667	n06820
n09670	n09359
n09671	n05565
n09672	n06918
n09672	n07073
n09672	n07074
n09672	n07419
n09672	n07420
n09672	n07579
n09672	n07580
n09673	n06273
n09673	n06334
n09673	n06467
n09673	n07072
n09673	n07995
n09673	n08375
n09673	n08396
n09673	n08584
n09674	n04162
n09674	n08156
n09675	n04614
n09675	n06019
n09675	n06615
n09676	n07662
n09677	n07416
n09677	n07577
n09677	n07578
n09677	n07952
n09677	n08151
n09677	n08371
n09677	n08373
n09677	n08582
n09677	n08773
n09677	n08775
n09677	n08987
n09677	n08988
n09677	n09228
n09677	n09487
n09678	n01434
n09678	n01444
n09678	n07129
n09679	n05299
n09679	n05516
n09679	n07268
n09679	n08620
n09679	n09524
n09680	n07577
n09680	n07767
n09680	n07952
n09680	n08581
n09681	n07416
n09681	n07577
n09681	n07578
n09681	n07767
n09681	n07952
n09681	n08151
n09681	n08581
n09681	n08582
n09681	n08987
n09681	n08988
n09681	n09226
n09681	n09227
n09683	n03349
n09684	n08035
n09685	n06772
n09685	n07767
n09685	n07952
n09685	n08371
n09685	n08373
n09685	n08774
n09685	n09229
n09685	n09273
n09688	n07416
n09688	n07577
n09688	n07578
n09688	n07767
n09688	n08151
n09688	n08371
n09688	n08373
n09688	n08582
n09688	n08773
n09688	n08775
n09688	n08988
n09688	n08989
n09688	n09227
n09688	n09228
n09688	n09229
n09689	n05993
n09689	n06130
n09689	n06133
n09689	n06275
n09689	n06435
n09689	n06436
n09689	n06569
n09689	n06571
n09689	n06744
n09689	n06747
n09689	n06912
n09689	n06914
n09689	n06915
n09689	n06917
n09689	n06918
n09689	n07072
n09689	n07073
n09689	n07237
n09689	n07238
n09689	n07241
n09689	n07242
n09689	n07418
n09689	n07580
n09689	n07581
n09689	n07583
n09689	n07954
n09689	n08153
n09689	n08155
n09689	n08374
n09689	n08583
n09689	n08584
n09689	n08585
n09689	n08587
n09689	n08990
n09689	n08991
n09689	n09488
n09690	n06132
n09690	n06272
n09690	n06274
n09690	n06275
n09690	n06570
n09690	n06571
n09690	n06743
n09690	n06744
n09690	n06745
n09690	n06746
n09690	n06911
n09690	n06914
n09690	n06915
n09690	n06916
n09690	n07071
n09690	n07072
n09690	n07073
n09690	n07238
n09690	n07243
n09690	n07244
n09690	n07418
n09690	n07420
n09690	n07580
n09690	n07581
n09690	n07582
n09690	n07583
n09690	n07768
n09690	n07953
n09690	n07954
n09690	n07955
n09690	n08154
n09690	n08374
n09690	n08375
n09690	n08584
n09690	n08587
n09690	n08990
n09690	n08991
n09690	n08992
n09691	n06131
n09691	n06273
n09691	n06274
n09691	n06744
n09691	n06747
n09691	n06823
n09691	n06911
n09691	n06913
n09691	n06914
n09691	n06917
n09691	n07074
n09691	n07237
n09691	n07239
n09691	n07240
n09691	n07241
n09691	n07243
n09691	n07582
n09691	n07583
n09691	n07768
n09691	n07953
n09691	n08153
n09691	n08155
n09691	n08374
n09691	n08375
n09691	n08585
n09691	n08588
n09691	n08990
n09691	n08992
n09691	n09488
n09692	n02556
n09693	n04883
n09693	n06770
n09693	n07159
n09693	n07577
n09693	n08582
n09693	n09227
n09694	n06504
n09694	n06749
n09694	n06912
n09694	n06913
n09694	n06914
n09694	n07236
n09694	n07237
n09694	n07238
n09694	n07243
n09694	n07579
n09694	n07581
n09694	n07954
n09694	n08584
n09694	n08588
n09694	n08991
n09695	n08885
n09696	n05931
n09697	n07767
n09697	n08151
n09697	n08372
n09697	n08773
n09697	n08987
n09697	n09048
n09697	n09229
n09698	n07417
n09698	n07577
n09698	n07578
n09698	n07767
n09698	n08151
n09698	n08371
n09698	n08372
n09698	n08581
n09698	n08582
n09698	n08987
n09698	n08988
n09698	n09226
n09698	n09227
n09699	n07876
n09701	n07417
n09701	n07577
n09701	n07578
n09701	n07767
n09701	n07952
n09701	n08151
n09701	n08152
n09701	n08371
n09701	n08372
n09701	n08373
n09701	n08582
n09701	n08774
n09701	n08988
n09701	n08989
n09701	n09226
n09701	n09227
n09701	n09228
n09701	n09487
n09703	n05852
n09703	n05993
n09703	n06131
n09703	n06132
n09703	n06272
n09703	n06273
n09703	n06435
n09703	n06436
n09703	n06569
n09703	n06570
n09703	n06743
n09703	n06744
n09703	n06746
n09703	n06747
n09703	n06748
n09703	n06749
n09703	n06911
n09703	n06912
n09703	n06913
n09703	n06914
n09703	n06915
n09703	n06916
n09703	n06917
n09703	n06918
n09703	n06919
n09703	n07072
n09703	n07073
n09703	n07074
n09703	n07236
n09703	n07238
n09703	n07239
n09703	n07240
n09703	n07241
n09703	n07242
n09703	n07243
n09703	n07244
n09703	n07418
n09703	n07419
n09703	n07420
n09703	n07579
n09703	n07580
n09703	n07581
n09703	n07582
n09703	n07768
n09703	n07953
n09703	n08153
n09703	n08154
n09703	n08375
n09703	n08583
n09703	n08584
n09703	n08585
n09703	n08587
n09703	n08991
n09703	n08992
n09703	n09488
n09704	n04094
n09704	n07315
n09704	n07866
n09704	n07952
n09704	n08371
n09704	n08581
n09704	n08582
n09704	n08710
n09704	n08775
n09705	n05852
n09705	n06130
n09705	n06131
n09705	n06133
n09705	n06744
n09705	n06745
n09705	n06915
n09705	n06916
n09705	n07237
n09705	n07243
n09705	n07418
n09705	n07419
n09705	n07420
n09705	n07582
n09705	n07954
n09705	n08584
n09705	n08586
n09705	n08990
n09705	n08991
n09706	n06839
n09706	n08626
n09706	n08862
