child	parent
n00000	n07649
n00000	n08890
n00000	n09382
n00000	n09603
n00001	n07649
n00001	n08890
n00001	n09382
n00001	n09603
n00002	n03019
n00002	n03231
n00002	n07320
n00003	n05553
n00003	n08045
n00003	n09364
n00003	n09365
n00003	n09371
n00003	n09607
n00004	n00016
n00004	n00017
n00005	n03019
n00005	n03231
n00005	n07320
n00006	n03019
n00006	n03231
n00006	n07320
n00007	n03019
n00007	n03231
n00007	n07320
n00008	n06637
n00008	n06837
n00008	n07145
n00008	n07476
n00008	n09120
n00009	n04126
n00010	n07667
n00010	n09366
n00010	n09369
n00010	n09609
n00010	n09610
n00010	n09614
n00010	n09617
n00011	n03019
n00011	n03231
n00011	n07320
n00012	n03019
n00012	n03231
n00012	n07320
n00013	n03019
n00013	n03231
n00013	n07320
n00014	n03019
n00014	n03231
n00014	n07320
n00015	n00002
n00015	n00005
n00015	n00006
n00015	n00007
n00015	n00011
n00015	n00012
n00015	n00013
n00015	n00014
n00015	n00020
n00015	n00021
n00015	n00022
n00015	n00026
n00016	n00867
n00017	n00867
n00018	n02135
n00019	n00002
n00019	n00005
n00019	n00006
n00019	n00007
n00019	n00011
n00019	n00012
n00019	n00013
n00019	n00014
n00019	n00020
n00019	n00021
n00019	n00022
n00019	n00026
n00019	n03442
n00020	n03019
n00020	n03231
n00020	n07320
n00021	n03019
n00021	n03231
n00021	n07320
n00022	n03019
n00022	n03231
n00022	n07320
n00023	n00002
n00023	n00005
n00023	n00006
n00023	n00007
n00023	n00011
n00023	n00012
n00023	n00013
n00023	n00014
n00023	n00020
n00023	n00021
n00023	n00022
n00023	n00026
n00024	n00002
n00024	n00005
n00024	n00006
n00024	n00007
n00024	n00011
n00024	n00012
n00024	n00013
n00024	n00014
n00024	n00020
n00024	n00021
n00024	n00022
n00024	n00026
n00025	n00002
n00025	n00005
n00025	n00006
n00025	n00007
n00025	n00011
n00025	n00012
n00025	n00013
n00025	n00014
n00025	n00020
n00025	n00021
n00025	n00022
n00025	n00026
n00026	n03019
n00026	n03231
n00026	n07320
n00027	n00016
n00027	n00017
n00028	n05099
n00028	n08059
n00028	n09118
n00029	n03163
n00029	n03511
n00030	n08675
n00030	n09119
n00030	n09121
n00030	n09368
n00030	n09601
n00030	n09602
n00030	n09613
n00031	n03232
n00031	n04888
n00031	n09606
n00032	n09399
n00033	n05709
n00034	n04312
n00034	n04495
n00034	n09123
n00035	n04600
n00035	n08893
n00035	n09124
n00035	n09609
n00035	n09610
n00035	n09612
n00035	n09616
n00036	n00002
n00036	n00005
n00036	n00006
n00036	n00007
n00036	n00011
n00036	n00012
n00036	n00013
n00036	n00014
n00036	n00020
n00036	n00021
n00036	n00022
n00036	n00026
n00037	n00019
n00038	n00019
n00039	n00016
n00039	n00017
n00040	n00865
n00040	n01819
n00041	n06637
n00041	n06837
n00041	n07145
n00041	n07476
n00041	n09120
n00042	n06637
n00042	n06837
n00042	n07145
n00042	n07476
n00042	n09120
n00043	n04157
n00043	n06804
n00043	n07853
n00043	n09119
n00043	n09120
n00043	n09122
n00043	n09362
n00043	n09364
n00043	n09365
n00043	n09602
n00043	n09607
n00043	n09608
n00044	n09122
n00044	n09364
n00045	n05820
n00045	n08693
n00045	n09139
n00045	n09604
n00046	n04214
n00047	n04423
n00047	n08045
n00047	n09119
n00047	n09120
n00047	n09121
n00047	n09122
n00047	n09364
n00047	n09605
n00047	n09607
n00047	n09608
n00048	n07484
n00048	n08892
n00048	n09123
n00048	n09367
n00048	n09368
n00048	n09609
n00048	n09613
n00049	n02946
n00049	n08458
n00049	n09118
n00050	n00010
n00050	n00052
n00050	n00053
n00050	n00074
n00050	n00076
n00051	n04600
n00051	n08893
n00051	n09124
n00051	n09609
n00051	n09610
n00051	n09612
n00051	n09616
n00052	n07667
n00052	n09366
n00052	n09369
n00052	n09609
n00052	n09610
n00052	n09614
n00052	n09617
n00053	n07667
n00053	n09366
n00053	n09369
n00053	n09609
n00053	n09610
n00053	n09614
n00053	n09617
n00054	n08471
n00054	n08531
n00054	n09122
n00054	n09607
n00055	n00023
n00055	n00024
n00055	n00036
n00055	n00037
n00055	n00038
n00055	n00056
n00056	n00019
n00057	n00004
n00057	n00027
n00057	n00039
n00058	n05099
n00058	n08059
n00058	n09118
n00059	n06637
n00059	n06837
n00059	n07145
n00059	n07476
n00059	n09120
n00060	n06637
n00060	n06837
n00060	n07145
n00060	n07476
n00060	n09120
n00061	n08458
n00062	n03878
n00063	n04920
n00063	n08675
n00063	n08924
n00063	n09119
n00063	n09120
n00063	n09122
n00063	n09387
n00063	n09601
n00063	n09603
n00063	n09604
n00063	n09605
n00064	n08979
n00064	n09688
n00065	n03527
n00065	n04496
n00065	n08328
n00066	n05299
n00066	n05419
n00066	n08675
n00066	n09118
n00066	n09121
n00066	n09363
n00067	n02940
n00067	n03102
n00067	n04978
n00067	n05301
n00067	n05417
n00067	n05419
n00067	n05421
n00067	n05551
n00067	n05680
n00067	n05799
n00067	n05801
n00067	n05803
n00067	n05804
n00067	n05933
n00067	n06059
n00067	n06199
n00067	n06202
n00067	n06347
n00067	n06349
n00067	n06350
n00067	n06498
n00067	n06499
n00067	n06636
n00067	n06640
n00067	n06802
n00067	n06803
n00067	n06804
n00067	n06998
n00067	n07147
n00067	n07289
n00067	n07290
n00067	n07291
n00067	n07477
n00067	n07478
n00067	n07645
n00067	n07648
n00067	n07853
n00067	n08046
n00067	n08047
n00067	n08048
n00067	n08891
n00068	n06550
n00068	n07179
n00068	n09603
n00068	n09604
n00069	n00510
n00069	n00514
n00069	n08283
n00070	n03108
n00070	n03174
n00070	n03242
n00070	n05298
n00070	n05300
n00070	n05419
n00070	n05680
n00070	n05801
n00070	n05933
n00070	n06350
n00070	n06498
n00070	n06638
n00070	n06803
n00070	n07290
n00070	n07291
n00070	n07477
n00070	n07478
n00070	n07479
n00070	n07854
n00070	n07855
n00070	n08046
n00070	n08254
n00070	n08676
n00070	n08891
n00071	n02873
n00071	n09362
n00071	n09603
n00071	n09607
n00072	n00018
n00073	n03250
n00073	n09122
n00073	n09365
n00074	n07667
n00074	n09366
n00074	n09369
n00074	n09609
n00074	n09610
n00074	n09614
n00074	n09617
n00075	n00010
n00075	n00052
n00075	n00053
n00075	n00074
n00075	n00076
n00075	n08893
n00075	n09370
n00075	n09612
n00076	n07667
n00076	n09366
n00076	n09369
n00076	n09609
n00076	n09610
n00076	n09614
n00076	n09617
n00077	n05979
n00077	n07697
n00077	n09122
n00077	n09362
n00077	n09365
n00077	n09601
n00077	n09607
n00078	n03312
n00078	n03385
n00078	n05445
n00078	n09122
n00078	n09362
n00078	n09364
n00078	n09605
n00079	n00023
n00079	n00024
n00079	n00036
n00079	n00037
n00079	n00038
n00079	n00056
n00080	n00055
n00080	n00079
n00081	n07685
n00081	n08465
n00081	n08490
n00081	n08700
n00081	n09118
n00081	n09606
n00082	n00023
n00082	n00024
n00082	n00036
n00083	n00029
n00084	n00029
n00085	n06637
n00085	n06837
n00085	n07145
n00085	n07476
n00085	n09120
n00086	n02401
n00086	n02745
n00086	n08045
n00086	n09122
n00086	n09362
n00086	n09365
n00086	n09603
n00087	n00088
n00087	n09604
n00088	n00030
n00088	n00518
n00088	n00526
n00089	n00509
n00089	n00519
n00089	n00530
n00089	n08458
n00089	n09363
n00090	n00045
n00090	n01419
n00090	n02398
n00090	n08265
n00090	n08685
n00090	n09119
n00091	n00875
n00091	n05002
n00091	n07855
n00091	n09434
n00092	n00879
n00092	n07705
n00093	n05709
n00094	n09399
n00095	n05241
n00095	n09363
n00096	n03452
n00096	n08895
n00096	n09120
n00096	n09121
n00096	n09371
n00096	n09602
n00096	n09603
n00096	n09607
n00096	n09608
n00097	n00876
n00097	n09363
n00098	n03954
n00099	n03669
n00099	n05551
n00099	n07045
n00099	n07853
n00099	n09055
n00099	n09362
n00100	n06372
n00100	n07202
n00101	n02281
n00101	n04533
n00101	n08675
n00101	n09362
n00101	n09602
n00102	n02935
n00103	n03031
n00103	n09120
n00104	n09606
n00105	n04423
n00105	n08045
n00105	n09119
n00105	n09120
n00105	n09121
n00105	n09122
n00105	n09364
n00105	n09605
n00105	n09607
n00105	n09608
n00106	n00539
n00106	n09119
n00106	n09362
n00106	n09364
n00107	n03170
n00107	n09605
n00107	n09608
n00108	n09123
n00108	n09150
n00108	n09367
n00108	n09368
n00108	n09610
n00108	n09611
n00108	n09617
n00109	n05204
n00109	n05756
n00109	n06387
n00109	n09366
n00109	n09614
n00110	n07673
n00110	n08675
n00110	n09119
n00110	n09121
n00110	n09122
n00110	n09362
n00110	n09601
n00110	n09602
n00110	n09604
n00110	n09605
n00110	n09608
n00111	n00010
n00111	n00052
n00111	n00053
n00111	n00074
n00111	n00076
n00112	n00010
n00112	n00052
n00112	n00053
n00112	n00074
n00112	n00076
n00112	n08893
n00112	n09368
n00112	n09370
n00113	n05979
n00113	n07697
n00113	n09122
n00113	n09362
n00113	n09365
n00113	n09601
n00113	n09607
n00114	n00055
n00114	n00079
n00114	n00082
n00115	n00029
n00115	n04988
n00116	n08752
n00116	n09363
n00117	n00512
n00117	n00527
n00117	n09601
n00118	n04157
n00118	n06804
n00118	n07853
n00118	n09119
n00118	n09120
n00118	n09122
n00118	n09362
n00118	n09364
n00118	n09365
n00118	n09602
n00118	n09607
n00118	n09608
n00119	n00096
n00119	n08045
n00119	n09362
n00120	n02279
n00120	n03878
n00120	n04548
n00121	n02532
n00121	n02853
n00121	n02854
n00121	n03693
n00121	n09362
n00122	n00509
n00122	n00519
n00122	n00530
n00122	n08458
n00122	n09363
n00122	n09606
n00123	n05973
n00124	n00875
n00124	n05002
n00124	n07855
n00124	n09434
n00125	n00091
n00125	n00124
n00126	n05300
n00126	n05803
n00126	n06637
n00126	n07289
n00126	n08978
n00126	n09370
n00126	n09665
n00127	n08317
n00127	n09179
n00127	n09362
n00128	n00047
n00128	n00105
n00128	n00540
n00129	n04157
n00129	n06804
n00129	n07853
n00129	n09119
n00129	n09120
n00129	n09122
n00129	n09362
n00129	n09364
n00129	n09365
n00129	n09602
n00129	n09607
n00129	n09608
n00130	n02761
n00130	n09118
n00131	n00033
n00131	n00093
n00131	n01186
n00132	n00131
n00132	n03013
n00133	n03390
n00134	n05239
n00134	n08894
n00134	n09366
n00134	n09367
n00134	n09368
n00134	n09612
n00134	n09614
n00134	n09616
n00135	n02940
n00135	n03102
n00135	n04978
n00135	n05301
n00135	n05417
n00135	n05419
n00135	n05421
n00135	n05551
n00135	n05680
n00135	n05799
n00135	n05801
n00135	n05803
n00135	n05804
n00135	n05933
n00135	n06059
n00135	n06199
n00135	n06202
n00135	n06347
n00135	n06349
n00135	n06350
n00135	n06498
n00135	n06499
n00135	n06636
n00135	n06640
n00135	n06802
n00135	n06803
n00135	n06804
n00135	n06998
n00135	n07147
n00135	n07289
n00135	n07290
n00135	n07291
n00135	n07477
n00135	n07478
n00135	n07645
n00135	n07648
n00135	n07853
n00135	n08046
n00135	n08047
n00135	n08048
n00135	n08891
n00136	n04134
n00136	n04931
n00136	n05453
n00136	n09366
n00137	n03683
n00137	n06119
n00137	n07740
n00137	n07853
n00137	n09601
n00138	n01426
n00138	n08705
n00138	n09452
n00139	n04733
n00139	n05852
n00140	n01642
n00140	n04061
n00141	n00069
n00141	n01643
n00141	n09118
n00142	n06250
n00143	n03043
n00143	n04537
n00144	n03966
n00144	n04034
n00144	n09601
n00144	n09607
n00145	n07315
n00145	n09604
n00146	n09606
n00147	n00538
n00148	n00047
n00148	n00105
n00148	n00540
n00149	n03250
n00149	n09122
n00149	n09365
n00150	n08892
n00150	n08893
n00150	n09123
n00150	n09124
n00150	n09366
n00150	n09368
n00150	n09369
n00150	n09370
n00150	n09611
n00150	n09615
n00151	n07484
n00151	n08892
n00151	n09123
n00151	n09367
n00151	n09368
n00151	n09609
n00151	n09613
n00152	n03552
n00152	n08892
n00152	n08893
n00152	n09125
n00152	n09610
n00152	n09615
n00152	n09617
n00152	n09703
n00153	n03527
n00153	n04496
n00153	n08328
n00154	n04939
n00154	n08675
n00154	n09121
n00154	n09601
n00154	n09602
n00154	n09605
n00154	n09707
n00155	n03177
n00155	n07372
n00155	n09363
n00156	n01181
n00156	n03681
n00157	n03186
n00157	n05230
n00157	n08458
n00157	n09118
n00157	n09606
n00158	n04727
n00158	n05618
n00158	n06016
n00158	n09183
n00159	n03778
n00159	n09363
n00160	n03954
n00161	n02751
n00161	n06900
n00161	n07073
n00161	n07238
n00161	n09124
n00161	n09366
n00162	n09780
n00163	n01647
n00164	n00083
n00164	n00084
n00164	n00806
n00164	n05208
n00164	n07948
n00164	n08458
n00165	n00088
n00165	n09604
n00166	n04157
n00166	n06804
n00166	n07853
n00166	n09119
n00166	n09120
n00166	n09122
n00166	n09362
n00166	n09364
n00166	n09365
n00166	n09602
n00166	n09607
n00166	n09608
n00167	n00063
n00167	n09145
n00168	n00529
n00169	n05132
n00170	n01990
n00170	n03396
n00170	n06889
n00170	n09011
n00171	n00063
n00172	n00064
n00173	n05622
n00173	n09179
n00173	n09362
n00174	n07362
n00174	n09490
n00174	n09746
n00175	n00092
n00176	n00043
n00176	n00118
n00176	n00129
n00176	n00166
n00177	n04978
n00177	n05188
n00177	n05297
n00177	n05299
n00177	n05300
n00177	n05301
n00177	n05302
n00177	n05416
n00177	n05417
n00177	n05418
n00177	n05420
n00177	n05551
n00177	n05678
n00177	n05679
n00177	n05799
n00177	n05800
n00177	n05802
n00177	n05803
n00177	n05804
n00177	n05805
n00177	n05931
n00177	n05932
n00177	n05935
n00177	n06198
n00177	n06200
n00177	n06201
n00177	n06202
n00177	n06344
n00177	n06345
n00177	n06346
n00177	n06347
n00177	n06349
n00177	n06350
n00177	n06498
n00177	n06499
n00177	n06636
n00177	n06638
n00177	n06640
n00177	n06801
n00177	n06803
n00177	n06804
n00177	n07145
n00177	n07146
n00177	n07147
n00177	n07289
n00177	n07290
n00177	n07291
n00177	n07476
n00177	n07477
n00177	n07478
n00177	n07479
n00177	n07480
n00177	n07645
n00177	n07648
n00177	n07854
n00177	n07855
n00177	n08046
n00177	n08047
n00177	n08048
n00177	n08254
n00177	n08676
n00177	n08677
n00177	n08891
n00178	n07769
n00178	n07952
n00178	n09197
n00178	n09363
n00178	n09364
n00179	n08150
n00180	n03533
n00180	n05802
n00180	n05934
n00180	n06349
n00180	n06499
n00180	n07146
n00180	n07289
n00181	n06703
n00181	n09120
n00181	n09121
n00181	n09364
n00181	n09601
n00181	n09602
n00181	n09607
n00181	n09678
n00182	n04431
n00183	n04643
n00184	n00097
n00185	n02280
n00185	n09363
n00186	n04639
n00186	n09363
n00186	n09773
n00187	n01829
n00187	n09606
n00188	n02147
n00188	n04047
n00188	n08894
n00188	n09368
n00188	n09370
n00188	n09610
n00188	n09612
n00188	n09613
n00188	n09614
n00189	n03202
n00189	n06675
n00189	n09120
n00189	n09365
n00189	n09601
n00189	n09603
n00189	n09607
n00190	n01642
n00190	n04061
n00191	n06310
n00191	n09118
n00191	n09606
n00192	n02416
n00192	n07931
n00192	n09362
n00192	n09602
n00193	n08788
n00193	n09362
n00193	n09603
n00194	n00522
n00194	n00537
n00194	n00916
n00194	n02143
n00194	n09118
n00195	n01646
n00195	n03268
n00195	n09363
n00196	n01192
n00196	n06254
n00196	n08892
n00196	n08893
n00196	n09125
n00196	n09609
n00196	n09614
n00197	n02962
n00198	n06347
n00198	n06804
n00198	n08156
n00198	n09365
n00199	n02417
n00199	n09122
n00199	n09174
n00199	n09362
n00199	n09365
n00199	n09601
n00199	n09605
n00199	n09607
n00200	n00106
n00200	n09120
n00200	n09408
n00200	n09603
n00201	n04621
n00201	n06312
n00201	n08541
n00201	n09121
n00201	n09608
n00202	n00073
n00202	n00149
n00202	n03854
n00203	n00073
n00203	n00149
n00203	n02944
n00203	n08890
n00203	n09603
n00203	n09605
n00204	n01179
n00204	n09611
n00205	n03972
n00205	n07864
n00205	n08814
n00205	n09120
n00205	n09362
n00205	n09369
n00205	n09609
n00205	n09610
n00205	n09612
n00205	n09617
n00206	n02542
n00206	n08046
n00207	n00108
n00207	n00542
n00207	n00890
n00207	n00920
n00207	n08894
n00207	n09369
n00207	n09612
n00207	n09615
n00208	n03009
n00208	n05256
n00208	n09609
n00209	n04063
n00209	n09125
n00209	n09366
n00209	n09368
n00209	n09609
n00209	n09610
n00209	n09612
n00209	n09613
n00209	n09614
n00209	n09615
n00209	n09617
n00210	n02765
n00210	n09064
n00211	n06570
n00211	n08458
n00211	n08532
n00212	n01194
n00212	n03111
n00212	n05416
n00212	n05551
n00212	n06201
n00212	n06344
n00212	n06998
n00212	n07476
n00213	n04978
n00213	n05188
n00213	n05297
n00213	n05299
n00213	n05301
n00213	n05302
n00213	n05416
n00213	n05417
n00213	n05419
n00213	n05420
n00213	n05421
n00213	n05679
n00213	n05680
n00213	n05799
n00213	n05800
n00213	n05802
n00213	n05803
n00213	n05804
n00213	n05805
n00213	n05931
n00213	n05934
n00213	n06199
n00213	n06200
n00213	n06201
n00213	n06346
n00213	n06347
n00213	n06348
n00213	n06349
n00213	n06350
n00213	n06497
n00213	n06498
n00213	n06499
n00213	n06636
n00213	n06638
n00213	n06640
n00213	n06801
n00213	n06803
n00213	n06804
n00213	n06998
n00213	n07145
n00213	n07146
n00213	n07147
n00213	n07291
n00213	n07476
n00213	n07478
n00213	n07479
n00213	n07480
n00213	n07645
n00213	n07647
n00213	n07855
n00213	n08046
n00213	n08677
n00213	n08891
n00214	n05364
n00214	n07778
n00214	n09119
n00215	n02964
n00216	n04980
n00216	n06344
n00216	n06637
n00216	n07476
n00216	n08045
n00216	n08676
n00216	n08933
n00216	n09119
n00216	n09120
n00216	n09121
n00216	n09362
n00216	n09365
n00216	n09601
n00216	n09602
n00216	n09604
n00216	n09605
n00216	n09607
n00217	n03704
n00217	n04273
n00217	n08894
n00217	n09367
n00218	n01427
n00218	n02658
n00218	n08892
n00218	n08894
n00218	n09123
n00218	n09369
n00218	n09370
n00218	n09617
n00219	n05273
n00219	n07060
n00219	n08458
n00219	n09614
n00220	n00075
n00220	n00112
n00220	n09616
n00221	n06577
n00221	n09365
n00222	n06429
n00222	n08458
n00222	n09118
n00222	n09119
n00222	n09606
n00223	n03386
n00223	n05878
n00223	n08893
n00223	n08894
n00223	n09125
n00223	n09366
n00223	n09609
n00223	n09614
n00223	n09643
n00224	n03755
n00224	n03774
n00224	n06851
n00224	n09491
n00225	n00081
n00226	n00114
n00226	n04070
n00227	n00081
n00227	n07162
n00228	n00906
n00228	n04143
n00228	n04342
n00228	n07146
n00228	n07289
n00229	n00895
n00229	n04057
n00230	n02544
n00230	n09780
n00231	n01994
n00231	n05801
n00231	n09363
n00232	n01433
n00232	n07064
n00232	n09118
n00233	n08892
n00233	n08894
n00233	n09124
n00233	n09368
n00233	n09609
n00233	n09610
n00233	n09611
n00233	n09612
n00233	n09613
n00233	n09614
n00233	n09615
n00233	n09616
n00233	n09624
n00234	n03119
n00234	n03877
n00235	n01440
n00235	n09711
n00236	n04979
n00236	n05416
n00236	n07239
n00236	n07479
n00236	n08048
n00236	n08677
n00237	n00063
n00237	n03694
n00237	n07855
n00237	n08045
n00237	n09362
n00238	n08821
n00238	n09120
n00238	n09365
n00238	n09604
n00238	n09608
n00239	n04937
n00239	n09120
n00239	n09122
n00239	n09364
n00239	n09608
n00240	n04442
n00240	n08458
n00240	n09118
n00240	n09363
n00241	n00531
n00242	n00531
n00242	n05086
n00243	n00091
n00243	n00124
n00243	n09766
n00244	n03716
n00244	n05302
n00244	n05551
n00244	n05805
n00244	n05931
n00244	n06198
n00244	n06287
n00244	n06345
n00244	n06347
n00244	n06349
n00244	n06498
n00244	n06639
n00244	n06803
n00244	n06998
n00244	n07145
n00244	n07147
n00244	n07478
n00244	n07647
n00244	n08048
n00245	n07901
n00245	n08369
n00245	n09363
n00246	n04454
n00246	n08045
n00247	n02868
n00247	n08608
n00247	n09119
n00247	n09121
n00248	n00101
n00248	n05972
n00248	n09603
n00249	n00095
n00249	n09118
n00249	n09606
n00250	n02425
n00250	n09118
n00251	n01467
n00251	n05024
n00252	n03194
n00252	n05799
n00252	n07645
n00252	n07853
n00252	n08562
n00252	n08894
n00252	n09125
n00252	n09609
n00252	n09615
n00252	n09616
n00252	n09617
n00253	n00033
n00253	n00093
n00253	n01186
n00254	n02415
n00254	n09118
n00254	n09363
n00255	n05302
n00255	n05799
n00255	n05800
n00255	n06202
n00255	n06346
n00255	n06497
n00255	n07953
n00255	n08047
n00255	n08048
n00255	n08254
n00255	n08676
n00256	n07067
n00256	n09035
n00256	n09363
n00256	n09716
n00257	n03055
n00257	n04878
n00257	n06595
n00257	n08192
n00258	n07647
n00258	n08458
n00258	n09118
n00258	n09414
n00258	n09606
n00259	n03188
n00259	n09118
n00259	n09363
n00259	n09606
n00260	n01201
n00261	n00532
n00261	n08271
n00262	n03332
n00262	n04267
n00262	n09362
n00262	n09604
n00263	n04158
n00263	n08458
n00264	n00110
n00265	n04156
n00265	n04757
n00265	n09363
n00266	n01835
n00266	n03113
n00266	n08892
n00266	n09123
n00266	n09125
n00266	n09366
n00266	n09367
n00266	n09368
n00266	n09613
n00266	n09615
n00266	n09617
n00267	n00899
n00267	n05960
n00267	n09118
n00268	n00099
n00269	n00099
n00269	n05123
n00270	n00555
n00270	n09364
n00271	n05638
n00271	n06335
n00271	n06853
n00271	n08045
n00271	n08675
n00271	n09121
n00271	n09364
n00271	n09602
n00271	n09604
n00271	n09605
n00271	n09607
n00272	n04978
n00272	n04979
n00272	n05188
n00272	n05297
n00272	n05298
n00272	n05299
n00272	n05302
n00272	n05417
n00272	n05421
n00272	n05799
n00272	n05800
n00272	n05801
n00272	n05803
n00272	n05804
n00272	n05805
n00272	n05931
n00272	n05932
n00272	n05933
n00272	n05935
n00272	n06059
n00272	n06198
n00272	n06200
n00272	n06201
n00272	n06202
n00272	n06345
n00272	n06346
n00272	n06347
n00272	n06348
n00272	n06349
n00272	n06497
n00272	n06498
n00272	n06499
n00272	n06636
n00272	n06637
n00272	n06638
n00272	n06639
n00272	n06640
n00272	n06801
n00272	n06802
n00272	n06804
n00272	n06998
n00272	n07145
n00272	n07290
n00272	n07291
n00272	n07476
n00272	n07478
n00272	n07479
n00272	n07645
n00272	n07646
n00272	n07648
n00272	n07854
n00272	n08046
n00272	n08047
n00272	n08254
n00272	n08676
n00272	n08677
n00272	n08891
n00273	n03549
n00273	n07980
n00273	n08177
n00273	n08718
n00273	n09119
n00273	n09121
n00273	n09364
n00273	n09365
n00274	n00558
n00274	n01634
n00275	n02292
n00275	n02293
n00275	n07982
n00275	n09122
n00275	n09365
n00275	n09601
n00275	n09607
n00276	n03786
n00276	n08894
n00276	n09610
n00276	n09616
n00276	n09617
n00277	n01437
n00277	n05599
n00277	n08894
n00277	n09123
n00277	n09125
n00277	n09369
n00277	n09609
n00277	n09615
n00277	n09616
n00278	n05267
n00278	n08393
n00278	n08557
n00278	n09364
n00278	n09604
n00279	n06298
n00279	n08765
n00279	n09119
n00279	n09603
n00280	n01665
n00280	n04535
n00280	n08973
n00280	n09367
n00280	n09611
n00280	n09612
n00280	n09614
n00281	n03811
n00281	n06802
n00282	n02662
n00282	n08675
n00282	n09605
n00282	n09608
n00283	n00109
n00283	n07667
n00283	n09616
n00284	n00110
n00285	n01652
n00285	n06477
n00285	n08890
n00285	n09603
n00286	n00158
n00286	n09363
n00287	n00130
n00287	n03984
n00287	n07329
n00288	n02421
n00288	n08045
n00288	n09119
n00288	n09122
n00288	n09602
n00289	n03394
n00289	n08399
n00289	n08893
n00289	n09370
n00289	n09615
n00289	n09616
n00290	n02306
n00290	n06145
n00291	n02297
n00292	n03329
n00292	n03341
n00292	n05259
n00292	n08675
n00292	n09121
n00292	n09602
n00293	n04462
n00293	n08890
n00293	n09120
n00293	n09603
n00293	n09604
n00294	n00081
n00294	n06533
n00295	n00162
n00296	n00870
n00296	n00895
n00296	n01647
n00297	n00086
n00297	n01655
n00297	n02758
n00297	n02847
n00297	n02852
n00297	n09602
n00297	n09608
n00298	n02436
n00298	n05300
n00298	n05678
n00298	n05680
n00298	n05799
n00298	n05931
n00298	n05932
n00298	n06636
n00298	n07145
n00298	n07477
n00298	n07478
n00298	n07479
n00298	n07853
n00298	n08048
n00298	n09363
n00298	n09606
n00299	n00911
n00299	n01196
n00299	n04719
n00299	n05343
n00299	n08045
n00299	n08675
n00299	n09362
n00300	n07786
n00300	n08892
n00300	n09123
n00300	n09367
n00300	n09370
n00300	n09609
n00300	n09612
n00300	n09615
n00301	n07025
n00301	n07428
n00301	n09121
n00301	n09362
n00301	n09364
n00301	n09602
n00301	n09604
n00301	n09608
n00302	n00120
n00303	n02448
n00303	n07166
n00303	n08941
n00303	n09120
n00303	n09604
n00304	n00905
n00304	n03625
n00304	n04362
n00304	n09363
n00305	n07645
n00305	n07766
n00305	n08676
n00305	n08891
n00305	n09779
n00306	n00531
n00306	n03522
n00307	n01197
n00307	n08045
n00307	n09119
n00307	n09120
n00307	n09121
n00307	n09122
n00307	n09364
n00307	n09605
n00307	n09608
n00308	n08235
n00309	n03092
n00309	n03791
n00309	n04988
n00309	n05362
n00309	n07434
n00310	n00172
n00310	n01057
n00311	n00939
n00311	n03115
n00311	n04705
n00311	n08306
n00311	n08890
n00311	n09601
n00311	n09603
n00311	n09775
n00312	n04072
n00312	n04978
n00312	n04979
n00312	n05300
n00312	n05420
n00312	n05421
n00312	n05931
n00312	n05935
n00312	n06200
n00312	n06498
n00312	n07147
n00312	n07477
n00312	n07480
n00312	n07648
n00312	n07853
n00312	n08046
n00312	n08254
n00312	n08891
n00313	n00137
n00313	n08801
n00314	n02768
n00314	n04978
n00314	n05799
n00314	n05803
n00314	n06199
n00314	n06347
n00314	n06497
n00314	n07855
n00314	n09118
n00315	n02806
n00315	n09120
n00315	n09121
n00315	n09362
n00315	n09601
n00315	n09602
n00316	n00143
n00316	n05679
n00316	n05680
n00316	n05799
n00316	n05804
n00316	n06346
n00316	n06348
n00316	n07648
n00316	n08451
n00316	n08891
n00317	n00918
n00317	n08045
n00317	n09362
n00317	n09364
n00317	n09602
n00317	n09603
n00317	n09605
n00318	n07613
n00318	n09363
n00318	n09606
n00319	n02784
n00319	n09119
n00319	n09120
n00319	n09121
n00320	n01442
n00320	n05298
n00320	n05416
n00320	n05551
n00320	n05803
n00320	n06200
n00320	n06637
n00320	n07647
n00321	n01455
n00321	n04468
n00321	n05538
n00321	n06418
n00321	n08894
n00321	n09124
n00321	n09614
n00322	n03899
n00322	n07326
n00322	n08625
n00322	n09118
n00322	n09363
n00323	n04000
n00323	n05299
n00323	n05301
n00323	n05623
n00323	n05679
n00323	n06059
n00323	n06636
n00323	n06801
n00323	n06802
n00323	n07145
n00323	n07289
n00323	n07478
n00323	n07853
n00323	n07854
n00324	n02430
n00324	n07477
n00324	n07478
n00324	n08012
n00325	n03805
n00325	n09120
n00325	n09602
n00325	n09603
n00326	n05301
n00326	n05802
n00326	n05934
n00326	n05935
n00326	n06803
n00326	n06914
n00326	n07147
n00326	n07646
n00326	n07648
n00326	n07999
n00326	n09118
n00326	n09363
n00327	n06751
n00327	n09061
n00328	n00159
n00328	n07087
n00328	n09606
n00329	n08234
n00330	n02447
n00330	n08156
n00330	n09120
n00330	n09364
n00330	n09608
n00331	n02162
n00331	n08045
n00331	n08627
n00331	n09602
n00331	n09605
n00331	n09607
n00331	n09608
n00332	n02661
n00332	n04676
n00332	n08633
n00332	n09329
n00333	n00217
n00333	n09612
n00334	n00182
n00334	n00888
n00334	n05301
n00334	n05680
n00334	n05803
n00334	n05804
n00334	n05932
n00334	n06201
n00334	n06348
n00334	n06349
n00334	n06637
n00334	n06801
n00334	n07289
n00334	n07478
n00334	n07645
n00334	n07853
n00334	n07855
n00334	n08047
n00334	n08048
n00334	n08677
n00335	n05624
n00335	n09124
n00335	n09366
n00335	n09368
n00335	n09609
n00335	n09610
n00335	n09612
n00335	n09613
n00335	n09615
n00335	n09616
n00336	n08037
n00336	n09270
n00336	n09601
n00337	n00138
n00337	n04178
n00338	n03647
n00338	n05799
n00338	n06198
n00338	n06512
n00338	n07479
n00338	n07648
n00338	n08048
n00338	n08926
n00338	n09191
n00339	n06198
n00339	n08826
n00339	n09606
n00340	n08458
n00340	n08713
n00340	n09363
n00340	n09606
n00341	n00921
n00341	n09610
n00342	n06198
n00342	n06348
n00342	n08640
n00342	n08891
n00342	n09118
n00342	n09606
n00343	n02671
n00343	n07577
n00343	n07757
n00343	n08665
n00343	n09601
n00343	n09608
n00344	n02444
n00344	n05327
n00344	n07117
n00345	n03698
n00345	n05301
n00345	n06345
n00345	n07797
n00346	n07123
n00346	n08458
n00346	n09118
n00347	n03016
n00347	n08675
n00347	n09121
n00347	n09602
n00347	n09604
n00348	n00215
n00348	n05127
n00348	n08458
n00349	n03042
n00349	n04458
n00349	n09538
n00350	n04266
n00350	n06027
n00350	n09119
n00350	n09364
n00350	n09604
n00350	n09608
n00351	n00917
n00351	n09363
n00351	n09412
n00352	n03715
n00352	n08567
n00352	n08675
n00352	n09121
n00352	n09364
n00352	n09601
n00352	n09602
n00352	n09606
n00353	n00193
n00353	n01832
n00353	n08675
n00353	n09120
n00353	n09602
n00354	n00558
n00354	n03254
n00354	n03645
n00354	n03766
n00354	n05410
n00354	n07405
n00354	n09601
n00355	n03474
n00355	n08045
n00355	n08835
n00355	n09605
n00356	n02431
n00356	n03811
n00356	n07853
n00356	n08254
n00357	n03042
n00357	n05144
n00357	n05376
n00357	n09122
n00357	n09602
n00358	n00071
n00358	n00587
n00358	n09119
n00358	n09365
n00359	n02954
n00359	n03151
n00359	n03213
n00359	n08045
n00359	n09362
n00359	n09602
n00359	n09607
n00360	n04956
n00360	n05269
n00360	n09332
n00360	n09368
n00361	n01466
n00361	n02168
n00361	n03786
n00361	n09369
n00361	n09610
n00361	n09617
n00362	n04767
n00362	n06480
n00362	n08871
n00362	n08892
n00362	n09609
n00363	n00955
n00363	n04756
n00363	n07911
n00363	n08815
n00363	n09366
n00363	n09369
n00363	n09614
n00364	n01462
n00364	n09119
n00364	n09608
n00365	n02881
n00365	n08675
n00365	n09362
n00365	n09364
n00365	n09601
n00365	n09602
n00365	n09603
n00365	n09605
n00365	n09608
n00366	n02305
n00366	n04300
n00366	n06281
n00366	n09604
n00366	n09607
n00367	n02985
n00368	n00155
n00368	n08202
n00369	n02154
n00369	n07069
n00369	n09118
n00369	n09606
n00370	n07317
n00370	n07388
n00370	n09606
n00371	n02554
n00371	n04979
n00371	n05297
n00371	n05935
n00371	n07147
n00371	n07447
n00372	n00951
n00372	n05299
n00372	n05799
n00372	n05803
n00372	n06804
n00372	n07409
n00372	n07476
n00372	n07646
n00372	n07853
n00372	n07855
n00373	n02655
n00373	n05804
n00373	n05935
n00373	n06803
n00373	n07146
n00373	n07147
n00373	n07477
n00373	n07478
n00373	n07646
n00373	n08046
n00373	n08145
n00373	n08254
n00374	n02986
n00374	n08381
n00374	n08458
n00374	n08513
n00374	n09606
n00375	n05871
n00375	n05904
n00375	n07843
n00376	n04361
n00376	n08514
n00376	n09606
n00377	n00157
n00378	n03223
n00378	n08675
n00378	n09120
n00378	n09601
n00378	n09602
n00378	n09603
n00378	n09604
n00378	n09605
n00379	n02004
n00379	n08443
n00379	n08448
n00380	n00158
n00380	n09397
n00380	n09437
n00381	n02320
n00381	n02657
n00381	n09123
n00382	n01450
n00382	n01639
n00382	n04666
n00382	n06875
n00382	n08893
n00382	n09124
n00382	n09368
n00382	n09612
n00382	n09615
n00382	n09616
n00383	n02664
n00383	n09366
n00383	n09369
n00383	n09610
n00383	n09614
n00383	n09615
n00384	n00907
n00384	n05540
n00384	n08458
n00384	n09602
n00384	n09603
n00384	n09606
n00385	n00015
n00385	n00025
n00385	n00082
n00385	n03441
n00385	n09118
n00385	n09606
n00386	n00164
n00386	n07755
n00387	n00904
n00387	n01451
n00387	n08893
n00387	n09123
n00388	n00168
n00388	n00958
n00388	n03436
n00388	n08877
n00389	n00235
n00389	n03205
n00390	n00572
n00390	n07659
n00390	n09118
n00391	n05675
n00391	n09364
n00391	n09607
n00392	n00050
n00392	n00220
n00392	n09385
n00393	n00167
n00393	n00171
n00394	n02684
n00394	n04341
n00394	n05409
n00394	n09122
n00394	n09364
n00394	n09604
n00395	n01864
n00395	n02970
n00395	n07286
n00395	n07433
n00396	n01677
n00396	n03547
n00396	n07242
n00396	n08894
n00396	n09123
n00396	n09609
n00396	n09614
n00397	n02288
n00397	n03471
n00397	n03707
n00397	n03780
n00397	n07073
n00397	n07210
n00397	n08893
n00397	n09610
n00397	n09615
n00397	n09617
n00398	n00584
n00398	n04751
n00398	n05509
n00398	n09120
n00399	n03153
n00399	n06634
n00399	n08696
n00400	n01214
n00400	n05636
n00400	n09602
n00401	n05911
n00401	n08892
n00401	n09609
n00402	n00251
n00402	n01806
n00402	n01844
n00403	n01871
n00403	n02015
n00404	n00574
n00405	n03485
n00405	n03569
n00405	n06786
n00405	n08045
n00405	n08675
n00405	n09121
n00405	n09365
n00405	n09605
n00405	n09608
n00406	n02439
n00406	n03516
n00406	n04250
n00406	n04439
n00406	n06556
n00406	n08894
n00407	n00586
n00407	n07474
n00408	n02184
n00408	n02309
n00408	n09120
n00408	n09601
n00408	n09602
n00409	n03428
n00409	n08045
n00409	n09119
n00409	n09120
n00409	n09601
n00409	n09605
n00410	n03347
n00410	n05247
n00410	n09119
n00410	n09120
n00410	n09121
n00410	n09362
n00410	n09602
n00410	n09605
n00411	n02573
n00411	n08045
n00411	n08510
n00411	n09120
n00411	n09122
n00411	n09362
n00411	n09602
n00411	n09604
n00411	n09605
n00412	n01840
n00412	n05188
n00412	n05301
n00412	n05678
n00412	n05931
n00412	n06199
n00412	n06200
n00412	n06202
n00412	n06347
n00412	n06801
n00412	n06802
n00412	n06803
n00412	n06804
n00412	n07476
n00412	n07477
n00412	n07645
n00412	n07646
n00412	n07648
n00412	n07853
n00412	n08676
n00413	n00627
n00413	n03594
n00413	n07598
n00414	n02727
n00414	n09363
n00415	n05287
n00416	n04975
n00416	n09118
n00417	n00255
n00417	n02884
n00417	n05421
n00417	n05678
n00417	n05680
n00417	n06199
n00417	n06348
n00417	n06349
n00417	n06801
n00417	n07145
n00418	n01658
n00418	n02323
n00418	n09364
n00419	n00191
n00420	n01454
n00420	n08253
n00420	n08893
n00420	n09368
n00420	n09609
n00421	n02345
n00421	n03083
n00421	n07622
n00421	n09606
n00421	n09609
n00421	n09612
n00422	n01481
n00422	n06799
n00422	n08264
n00422	n08458
n00423	n00177
n00423	n05421
n00423	n05680
n00423	n05934
n00423	n06059
n00423	n06637
n00423	n06639
n00423	n06998
n00423	n07646
n00423	n07853
n00424	n00270
n00424	n02779
n00424	n04781
n00424	n09119
n00425	n01447
n00425	n04181
n00425	n08850
n00426	n00214
n00426	n06469
n00426	n09601
n00427	n00257
n00427	n06989
n00428	n00291
n00428	n00934
n00429	n02691
n00429	n08045
n00429	n08618
n00429	n08675
n00429	n09120
n00429	n09365
n00429	n09601
n00429	n09605
n00429	n09607
n00430	n02569
n00430	n05075
n00430	n05300
n00430	n06059
n00430	n06489
n00430	n07477
n00430	n07646
n00430	n08048
n00430	n08676
n00431	n01489
n00431	n09121
n00431	n09364
n00431	n09603
n00432	n04084
n00432	n05297
n00432	n05933
n00432	n06349
n00432	n06636
n00432	n07476
n00432	n07635
n00432	n07648
n00432	n07854
n00432	n09118
n00433	n02681
n00433	n07144
n00433	n08458
n00434	n05417
n00434	n05680
n00434	n06201
n00434	n06637
n00434	n07647
n00434	n08008
n00434	n08047
n00434	n08254
n00434	n09792
n00435	n00192
n00435	n03017
n00435	n09223
n00435	n09605
n00436	n04563
n00436	n04972
n00436	n09605
n00437	n09365
n00437	n09601
n00437	n09605
n00437	n09812
n00438	n01201
n00438	n05159
n00439	n01187
n00439	n01202
n00439	n03546
n00439	n06528
n00439	n09119
n00439	n09605
n00440	n00216
n00440	n07145
n00440	n07853
n00440	n09603
n00440	n09608
n00441	n01677
n00441	n08092
n00441	n08894
n00441	n09366
n00441	n09609
n00441	n09611
n00441	n09612
n00441	n09614
n00442	n00630
n00442	n03572
n00442	n09119
n00442	n09120
n00442	n09121
n00442	n09122
n00442	n09604
n00443	n03740
n00443	n04355
n00443	n06497
n00443	n07145
n00443	n07290
n00443	n07478
n00443	n08254
n00444	n01691
n00444	n04495
n00445	n01459
n00445	n02973
n00445	n09777
n00446	n04483
n00446	n06916
n00446	n09118
n00446	n09362
n00446	n09514
n00447	n00186
n00447	n08187
n00447	n08230
n00447	n08809
n00448	n02010
n00448	n07146
n00448	n08458
n00448	n09118
n00448	n09363
n00448	n09606
n00449	n00187
n00449	n02575
n00449	n04200
n00449	n07849
n00450	n03634
n00450	n04973
n00450	n08675
n00450	n09121
n00450	n09603
n00450	n09604
n00451	n00592
n00451	n05295
n00451	n09602
n00452	n00954
n00452	n02192
n00452	n09610
n00453	n01227
n00453	n03311
n00453	n06181
n00454	n02164
n00454	n03630
n00454	n09272
n00455	n02187
n00455	n07387
n00455	n07900
n00455	n08675
n00455	n09120
n00455	n09121
n00455	n09603
n00455	n09604
n00455	n09605
n00456	n00189
n00456	n05880
n00456	n07138
n00456	n09102
n00456	n09362
n00456	n09602
n00456	n09608
n00457	n00938
n00457	n07344
n00457	n09365
n00457	n09604
n00457	n09607
n00458	n03145
n00458	n09325
n00458	n09362
n00458	n09604
n00459	n01869
n00459	n06167
n00459	n09120
n00459	n09121
n00460	n03070
n00460	n03181
n00460	n03431
n00460	n09121
n00460	n09364
n00460	n09601
n00460	n09605
n00461	n03497
n00461	n05670
n00461	n08045
n00461	n08458
n00461	n08513
n00461	n09122
n00461	n09602
n00462	n00595
n00462	n05549
n00462	n09119
n00462	n09122
n00462	n09362
n00463	n00192
n00463	n08077
n00463	n09365
n00463	n09601
n00463	n09604
n00463	n09607
n00464	n01462
n00464	n06027
n00464	n09604
n00465	n00967
n00465	n03904
n00465	n06323
n00465	n09362
n00466	n03500
n00466	n04294
n00466	n09160
n00467	n00602
n00467	n08045
n00467	n08675
n00467	n08852
n00467	n09119
n00467	n09364
n00467	n09602
n00467	n09603
n00467	n09604
n00468	n00966
n00468	n06654
n00468	n09060
n00468	n09113
n00468	n09123
n00468	n09609
n00468	n09610
n00468	n09611
n00469	n00589
n00469	n05071
n00469	n06514
n00469	n06686
n00469	n09366
n00469	n09609
n00470	n00196
n00470	n05081
n00470	n05868
n00470	n07216
n00471	n00945
n00471	n03184
n00471	n08045
n00471	n09122
n00471	n09604
n00471	n09605
n00471	n09607
n00471	n09608
n00472	n00970
n00472	n02029
n00472	n06961
n00472	n08890
n00472	n09119
n00472	n09362
n00472	n09602
n00472	n09607
n00473	n00199
n00474	n02327
n00474	n05164
n00474	n05176
n00474	n09121
n00474	n09607
n00475	n05593
n00475	n06977
n00475	n08045
n00475	n09362
n00476	n01309
n00476	n01804
n00476	n04034
n00476	n09601
n00476	n09607
n00477	n02315
n00477	n04484
n00477	n09123
n00477	n09124
n00477	n09125
n00477	n09366
n00477	n09368
n00477	n09369
n00477	n09370
n00477	n09611
n00477	n09613
n00477	n09616
n00478	n02550
n00478	n05755
n00478	n08417
n00478	n08522
n00478	n08745
n00478	n08894
n00478	n09125
n00478	n09366
n00478	n09611
n00478	n09617
n00479	n01837
n00479	n03153
n00479	n08813
n00479	n09125
n00480	n02900
n00480	n05291
n00480	n08423
n00480	n09368
n00480	n09609
n00481	n01224
n00481	n07454
n00482	n02179
n00482	n08045
n00482	n08890
n00482	n09122
n00482	n09601
n00482	n09603
n00483	n00285
n00483	n07852
n00483	n09120
n00483	n09601
n00484	n00596
n00484	n02566
n00484	n09362
n00484	n09364
n00484	n09604
n00485	n00807
n00485	n08183
n00486	n02902
n00486	n04486
n00486	n05417
n00486	n07145
n00486	n07478
n00486	n07480
n00486	n08047
n00486	n08676
n00486	n08677
n00487	n03636
n00487	n06171
n00487	n06346
n00487	n06347
n00487	n06348
n00487	n06637
n00487	n06638
n00487	n06804
n00487	n06998
n00487	n07146
n00487	n07646
n00487	n08047
n00488	n00212
n00488	n03112
n00488	n06198
n00489	n03077
n00489	n05419
n00489	n05799
n00489	n05931
n00489	n06497
n00489	n07146
n00489	n07647
n00489	n08676
n00490	n05177
n00490	n08654
n00490	n08677
n00490	n09801
n00491	n00952
n00491	n05301
n00491	n05802
n00491	n05934
n00491	n06200
n00491	n06349
n00491	n07853
n00492	n00952
n00492	n09817
n00493	n01229
n00493	n06047
n00493	n06804
n00493	n06998
n00493	n07476
n00493	n08047
n00494	n03007
n00494	n03135
n00494	n09606
n00495	n01861
n00495	n04349
n00495	n05873
n00495	n08045
n00495	n08398
n00495	n08675
n00495	n08890
n00495	n09119
n00495	n09122
n00495	n09365
n00495	n09602
n00495	n09607
n00495	n09608
n00496	n00600
n00496	n08029
n00496	n09120
n00496	n09122
n00497	n07637
n00497	n08928
n00497	n09741
n00498	n00601
n00498	n07459
n00498	n09367
n00498	n09370
n00499	n04009
n00499	n04935
n00499	n05258
n00499	n08382
n00499	n08838
n00499	n09572
n00500	n00217
n00500	n06656
n00500	n08892
n00500	n09124
n00500	n09617
n00501	n03731
n00501	n03771
n00501	n04102
n00501	n05457
n00501	n09119
n00501	n09365
n00501	n09604
n00502	n00218
n00502	n02483
n00502	n09615
n00503	n04298
n00503	n06984
n00503	n09363
n00504	n00220
n00504	n01992
n00505	n00222
n00505	n06197
n00506	n00222
n00507	n05298
n00507	n05300
n00507	n05302
n00507	n05679
n00507	n05800
n00507	n05801
n00507	n05804
n00507	n05805
n00507	n06202
n00507	n06349
n00507	n06639
n00507	n07145
n00507	n07290
n00507	n07480
n00507	n08046
n00508	n09399
n00509	n01824
n00510	n08458
n00511	n00044
n00511	n05440
n00512	n03945
n00512	n04611
n00512	n07160
n00512	n09364
n00512	n09605
n00512	n09607
n00513	n07900
n00513	n08675
n00514	n08458
n00515	n07315
n00515	n09604
n00516	n00028
n00516	n00058
n00516	n09606
n00517	n03088
n00517	n09366
n00517	n09369
n00517	n09614
n00517	n09615
n00517	n09616
n00518	n08675
n00518	n09119
n00518	n09121
n00518	n09368
n00518	n09601
n00518	n09602
n00518	n09613
n00519	n01824
n00520	n04601
n00520	n06198
n00520	n06499
n00520	n07478
n00521	n04409
n00522	n00034
n00522	n02140
n00523	n07900
n00523	n08675
n00524	n05836
n00525	n00025
n00525	n00037
n00525	n00038
n00525	n00056
n00526	n08675
n00526	n09119
n00526	n09121
n00526	n09368
n00526	n09601
n00526	n09602
n00526	n09613
n00527	n03945
n00527	n04611
n00527	n07160
n00527	n09364
n00527	n09605
n00527	n09607
n00528	n01640
n00528	n09363
n00528	n09606
n00529	n06146
n00529	n08961
n00529	n09370
n00529	n09614
n00530	n01824
n00531	n03544
n00531	n08458
n00531	n09606
n00532	n07335
n00532	n08063
n00532	n08928
n00532	n09609
n00533	n07540
n00533	n09605
n00534	n05739
n00534	n06396
n00534	n08087
n00534	n08675
n00534	n08933
n00535	n04629
n00535	n06277
n00535	n09362
n00535	n09601
n00535	n09608
n00536	n06410
n00537	n00034
n00537	n02140
n00538	n00892
n00538	n09610
n00539	n09445
n00540	n04423
n00540	n08045
n00540	n09119
n00540	n09120
n00540	n09121
n00540	n09122
n00540	n09364
n00540	n09605
n00540	n09607
n00540	n09608
n00541	n00047
n00541	n00105
n00541	n00540
n00542	n09123
n00542	n09150
n00542	n09367
n00542	n09368
n00542	n09610
n00542	n09611
n00542	n09617
n00543	n07900
n00543	n08675
n00544	n03772
n00544	n07735
n00544	n09450
n00545	n03101
n00545	n09616
n00546	n00088
n00546	n09362
n00547	n01632
n00547	n04932
n00547	n09119
n00547	n09120
n00547	n09604
n00547	n09605
n00548	n03031
n00548	n09120
n00549	n04709
n00549	n05679
n00549	n05804
n00549	n05935
n00549	n06201
n00549	n06347
n00549	n06497
n00549	n06499
n00549	n06803
n00549	n07147
n00549	n07476
n00549	n07478
n00549	n07648
n00550	n00876
n00550	n04412
n00551	n03046
n00551	n03314
n00552	n05748
n00553	n06395
n00554	n03967
n00554	n06860
n00555	n02872
n00555	n08045
n00555	n09365
n00555	n09603
n00555	n09608
n00556	n03317
n00556	n04947
n00557	n04829
n00558	n03132
n00559	n04925
n00559	n08906
n00560	n07060
n00560	n09610
n00560	n09614
n00561	n05320
n00561	n08890
n00561	n09121
n00561	n09122
n00561	n09365
n00561	n09602
n00561	n09604
n00561	n09607
n00561	n09608
n00562	n00018
n00563	n03767
n00563	n05017
n00563	n08892
n00563	n08893
n00563	n09124
n00563	n09368
n00563	n09608
n00563	n09610
n00564	n02522
n00564	n04441
n00564	n07373
n00565	n02864
n00565	n09606
n00566	n00054
n00566	n09177
n00566	n09608
n00567	n04238
n00567	n06637
n00567	n07146
n00567	n08048
n00567	n08892
n00567	n09472
n00568	n01655
n00568	n02290
n00569	n02401
n00569	n06248
n00569	n09122
n00569	n09362
n00569	n09364
n00569	n09365
n00569	n09604
n00570	n00512
n00570	n00527
n00570	n04719
n00570	n08538
n00571	n00089
n00572	n04527
n00572	n09606
n00573	n05420
n00573	n06345
n00573	n09530
n00574	n03964
n00574	n08604
n00575	n06434
n00575	n08122
n00575	n09271
n00576	n01431
n00576	n03259
n00577	n02155
n00577	n05188
n00577	n05301
n00577	n05418
n00577	n06199
n00577	n06202
n00577	n06497
n00577	n06638
n00577	n07477
n00577	n08676
n00578	n03179
n00579	n07918
n00579	n08254
n00579	n08676
n00579	n09548
n00580	n09590
n00581	n03054
n00581	n04487
n00581	n08281
n00582	n00533
n00582	n09606
n00583	n05732
n00583	n09362
n00584	n01831
n00584	n06596
n00584	n09119
n00584	n09362
n00584	n09364
n00585	n05625
n00585	n07772
n00585	n09118
n00586	n06125
n00586	n09684
n00587	n02873
n00587	n09362
n00587	n09603
n00587	n09607
n00588	n01169
n00588	n02276
n00588	n06267
n00588	n09605
n00588	n09607
n00589	n03521
n00589	n05042
n00590	n04978
n00590	n05802
n00590	n05803
n00590	n08675
n00590	n09118
n00590	n09225
n00591	n04980
n00591	n07480
n00591	n09277
n00591	n09604
n00591	n09605
n00591	n09607
n00592	n04744
n00592	n06742
n00592	n09480
n00593	n04160
n00593	n09362
n00594	n03886
n00594	n09366
n00594	n09609
n00595	n05870
n00595	n07048
n00595	n08563
n00596	n01991
n00596	n06413
n00596	n06872
n00596	n07494
n00596	n09365
n00596	n09605
n00597	n01180
n00597	n03646
n00597	n06850
n00597	n07290
n00597	n07646
n00597	n07853
n00597	n08046
n00597	n08047
n00598	n06296
n00598	n06803
n00598	n07648
n00598	n07853
n00599	n08731
n00600	n04255
n00600	n08771
n00600	n08890
n00600	n09506
n00600	n09603
n00600	n09605
n00600	n09607
n00600	n09608
n00601	n03541
n00601	n03799
n00601	n08959
n00601	n09207
n00601	n09369
n00601	n09617
n00602	n03542
n00602	n07571
n00602	n09121
n00603	n01670
n00603	n07729
n00603	n09608
n00604	n00078
n00605	n00902
n00605	n06591
n00606	n00050
n00606	n00111
n00607	n03189
n00607	n06454
n00608	n08890
n00608	n09119
n00608	n09365
n00608	n09601
n00608	n09602
n00608	n09607
n00609	n04039
n00609	n05208
n00609	n08458
n00610	n08387
n00610	n09119
n00610	n09364
n00610	n09604
n00611	n05343
n00611	n06740
n00611	n08538
n00611	n08675
n00611	n09121
n00611	n09604
n00612	n03598
n00612	n04247
n00612	n04740
n00612	n05993
n00612	n08520
n00612	n09120
n00613	n01436
n00613	n03120
n00613	n03988
n00614	n06529
n00614	n09347
n00614	n09715
n00615	n02300
n00615	n05298
n00615	n05299
n00615	n05416
n00615	n05931
n00615	n05932
n00615	n05933
n00615	n05934
n00615	n06636
n00615	n06638
n00615	n06803
n00615	n07477
n00615	n07648
n00615	n07854
n00615	n08047
n00615	n08254
n00615	n08676
n00616	n01435
n00616	n02526
n00616	n08045
n00616	n08675
n00616	n09122
n00617	n07803
n00617	n08890
n00617	n09364
n00617	n09601
n00618	n06367
n00618	n08176
n00618	n08458
n00619	n05380
n00619	n07798
n00620	n08291
n00620	n08894
n00620	n09367
n00620	n09496
n00620	n09609
n00620	n09613
n00620	n09615
n00620	n09617
n00621	n03059
n00621	n06801
n00621	n09606
n00622	n02760
n00622	n06136
n00622	n07302
n00622	n07478
n00622	n08890
n00622	n09362
n00622	n09497
n00623	n02962
n00623	n03614
n00624	n00901
n00624	n03990
n00624	n08729
n00625	n02417
n00625	n09122
n00625	n09365
n00625	n09607
n00626	n00071
n00626	n00587
n00626	n09121
n00627	n03058
n00627	n09456
n00628	n05902
n00628	n05931
n00628	n07645
n00628	n08046
n00629	n01836
n00629	n09523
n00629	n09614
n00630	n02419
n00630	n06763
n00630	n08396
n00630	n09365
n00630	n09605
n00631	n04552
n00631	n09119
n00631	n09362
n00632	n02295
n00632	n05361
n00632	n06464
n00632	n07479
n00632	n07647
n00632	n08676
n00632	n08891
n00633	n03402
n00633	n05896
n00634	n08458
n00634	n09118
n00634	n09606
n00635	n01450
n00635	n01639
n00635	n04666
n00635	n08893
n00635	n09124
n00635	n09612
n00635	n09615
n00635	n09616
n00635	n09617
n00636	n02965
n00636	n06637
n00636	n07597
n00636	n09365
n00636	n09602
n00637	n07431
n00637	n07647
n00637	n07963
n00637	n08047
n00637	n08892
n00638	n03554
n00638	n08893
n00638	n08894
n00638	n09123
n00638	n09125
n00638	n09610
n00638	n09616
n00639	n00904
n00639	n03256
n00639	n09123
n00640	n00528
n00640	n00880
n00640	n01209
n00640	n01439
n00640	n03252
n00640	n08458
n00641	n03387
n00641	n03663
n00641	n06286
n00641	n08402
n00641	n09368
n00641	n09609
n00641	n09612
n00642	n05402
n00643	n01220
n00643	n06187
n00643	n06198
n00643	n06801
n00643	n06802
n00643	n07289
n00643	n07853
n00643	n08677
n00644	n00157
n00644	n04928
n00644	n06455
n00645	n00908
n00645	n02859
n00645	n04739
n00645	n06132
n00645	n06858
n00646	n03493
n00646	n07788
n00646	n09368
n00646	n09613
n00646	n09614
n00647	n05266
n00647	n06306
n00647	n07818
n00647	n09609
n00647	n09611
n00647	n09612
n00648	n03477
n00648	n09118
n00649	n01659
n00649	n09119
n00649	n09120
n00649	n09365
n00649	n09604
n00649	n09607
n00650	n05491
n00650	n05678
n00650	n05804
n00650	n06499
n00650	n07289
n00650	n07669
n00650	n07853
n00650	n07855
n00650	n08046
n00650	n08048
n00650	n08254
n00650	n08676
n00650	n08677
n00650	n08891
n00650	n09372
n00651	n02161
n00651	n09299
n00652	n05630
n00652	n08452
n00652	n09604
n00653	n04837
n00654	n01200
n00654	n09118
n00654	n09606
n00655	n04882
n00655	n08045
n00655	n08890
n00655	n08972
n00655	n09119
n00655	n09122
n00655	n09362
n00655	n09601
n00655	n09603
n00655	n09607
n00655	n09608
n00656	n03407
n00656	n03903
n00656	n06163
n00656	n08045
n00656	n09362
n00656	n09601
n00657	n00183
n00657	n09609
n00658	n05888
n00658	n09122
n00658	n09607
n00659	n03350
n00659	n04908
n00659	n08316
n00660	n03728
n00660	n08211
n00661	n08609
n00661	n08661
n00662	n03913
n00662	n05298
n00662	n05418
n00662	n05802
n00662	n06059
n00662	n06497
n00662	n06498
n00662	n07290
n00662	n08184
n00662	n08254
n00662	n08676
n00663	n00913
n00663	n05860
n00663	n09363
n00664	n01669
n00664	n05298
n00664	n05416
n00664	n05799
n00664	n05931
n00664	n06350
n00664	n06803
n00664	n07146
n00664	n07291
n00664	n07393
n00664	n07477
n00664	n07480
n00664	n07645
n00664	n07646
n00664	n07647
n00664	n07853
n00664	n08046
n00664	n08254
n00665	n00144
n00665	n02944
n00665	n09365
n00666	n02879
n00666	n05899
n00666	n09122
n00666	n09601
n00667	n01650
n00667	n03558
n00667	n04978
n00667	n07321
n00667	n09123
n00667	n09125
n00667	n09616
n00667	n09617
n00668	n00128
n00668	n08675
n00668	n09602
n00669	n02976
n00669	n09041
n00669	n09120
n00669	n09365
n00669	n09602
n00669	n09607
n00669	n09608
n00670	n00554
n00670	n04633
n00670	n08371
n00670	n09363
n00670	n09606
n00671	n01854
n00671	n09124
n00671	n09611
n00672	n04459
n00672	n05801
n00672	n07421
n00672	n07647
n00672	n08461
n00672	n09606
n00673	n05265
n00673	n05419
n00673	n05420
n00673	n05801
n00673	n06059
n00673	n06345
n00673	n06998
n00673	n07145
n00673	n07476
n00673	n07647
n00673	n07854
n00673	n08254
n00673	n08458
n00673	n08676
n00673	n08677
n00673	n08955
n00674	n03000
n00674	n04954
n00674	n08644
n00674	n09364
n00675	n02442
n00675	n07954
n00675	n09602
n00675	n09608
n00676	n03720
n00677	n02880
n00678	n01670
n00678	n04907
n00679	n04287
n00679	n04460
n00679	n08416
n00679	n08561
n00679	n08892
n00679	n09124
n00679	n09370
n00680	n02522
n00680	n05377
n00680	n07388
n00681	n01839
n00681	n02317
n00681	n09119
n00681	n09601
n00681	n09602
n00682	n05655
n00682	n06207
n00682	n07145
n00682	n08045
n00682	n09365
n00682	n09601
n00682	n09607
n00683	n02781
n00683	n06459
n00683	n07147
n00683	n07476
n00683	n07478
n00683	n07502
n00683	n08676
n00683	n08677
n00684	n06143
n00684	n07146
n00684	n08891
n00684	n09088
n00685	n05151
n00686	n00161
n00686	n02288
n00686	n07781
n00686	n08620
n00686	n08892
n00686	n09368
n00687	n00604
n00687	n08113
n00687	n08324
n00687	n09313
n00688	n03208
n00688	n08024
n00688	n09362
n00688	n09604
n00688	n09605
n00688	n09607
n00689	n08666
n00689	n09119
n00689	n09601
n00690	n01210
n00690	n02989
n00690	n04191
n00690	n08893
n00690	n09368
n00690	n09609
n00690	n09616
n00690	n09617
n00691	n00567
n00691	n05680
n00691	n05804
n00691	n06345
n00691	n06447
n00691	n06498
n00691	n07290
n00692	n01841
n00692	n07624
n00692	n07646
n00692	n09818
n00693	n00122
n00693	n03230
n00694	n02780
n00694	n06767
n00694	n08890
n00694	n09119
n00694	n09121
n00694	n09365
n00694	n09602
n00694	n09603
n00695	n03641
n00695	n06901
n00695	n07085
n00695	n08892
n00695	n08893
n00695	n08894
n00695	n09124
n00695	n09125
n00695	n09366
n00695	n09368
n00695	n09369
n00695	n09370
n00695	n09609
n00695	n09613
n00695	n09616
n00695	n09617
n00696	n03555
n00696	n09605
n00697	n00207
n00697	n01667
n00697	n01838
n00697	n03656
n00697	n09366
n00697	n09614
n00697	n09616
n00698	n02649
n00698	n03221
n00699	n03914
n00699	n04751
n00700	n00564
n00700	n04977
n00701	n00633
n00701	n09118
n00701	n09547
n00702	n00933
n00702	n04291
n00702	n07213
n00703	n02572
n00703	n07092
n00704	n04173
n00704	n05285
n00704	n05297
n00704	n05417
n00704	n05420
n00704	n05551
n00704	n05800
n00704	n05932
n00704	n06346
n00704	n06347
n00704	n06804
n00704	n07145
n00704	n07146
n00704	n07647
n00704	n07853
n00704	n07854
n00704	n08046
n00704	n08891
n00705	n02445
n00705	n05297
n00705	n05299
n00705	n07853
n00705	n07855
n00705	n09543
n00705	n09545
n00706	n02176
n00706	n04293
n00706	n05802
n00706	n06498
n00706	n08892
n00706	n09290
n00707	n00581
n00707	n03053
n00707	n05497
n00707	n05801
n00708	n01463
n00708	n04978
n00708	n04979
n00708	n05188
n00708	n05297
n00708	n05301
n00708	n05416
n00708	n05419
n00708	n05421
n00708	n05551
n00708	n05802
n00708	n05804
n00708	n05931
n00708	n05934
n00708	n06059
n00708	n06345
n00708	n06347
n00708	n06499
n00708	n06636
n00708	n06637
n00708	n06639
n00708	n07479
n00708	n08048
n00708	n08676
n00708	n08891
n00709	n03006
n00709	n07612
n00709	n08357
n00709	n09001
n00709	n09607
n00710	n00252
n00710	n01846
n00710	n05803
n00710	n06192
n00710	n07476
n00710	n09123
n00711	n04970
n00711	n06670
n00711	n09083
n00712	n04859
n00712	n08487
n00712	n09075
n00713	n03523
n00713	n04177
n00713	n04979
n00713	n05299
n00713	n05302
n00713	n05418
n00713	n05551
n00713	n05678
n00713	n05679
n00713	n06059
n00713	n06498
n00713	n06636
n00713	n06638
n00713	n06801
n00713	n06802
n00713	n07145
n00713	n07289
n00713	n07854
n00713	n08254
n00713	n09413
n00714	n02010
n00714	n07146
n00714	n09606
n00715	n02027
n00715	n06025
n00715	n06756
n00715	n09606
n00716	n00964
n00716	n04583
n00716	n07382
n00717	n03142
n00717	n06807
n00717	n08662
n00717	n08675
n00717	n09118
n00717	n09363
n00717	n09364
n00718	n00935
n00718	n09602
n00718	n09607
n00719	n02026
n00719	n09362
n00719	n09608
n00720	n03633
n00720	n05677
n00720	n06347
n00721	n01861
n00721	n04437
n00721	n09362
n00721	n09365
n00721	n09602
n00722	n02326
n00722	n07819
n00722	n09081
n00722	n09364
n00723	n02563
n00723	n08458
n00723	n09363
n00723	n09606
n00724	n00599
n00724	n05872
n00724	n07751
n00724	n08458
n00724	n09118
n00724	n09363
n00724	n09606
n00725	n04874
n00725	n05396
n00725	n08805
n00725	n08892
n00725	n09609
n00725	n09615
n00726	n02191
n00726	n07107
n00726	n07369
n00727	n04358
n00727	n06386
n00727	n06418
n00727	n07568
n00727	n08994
n00727	n09124
n00727	n09370
n00727	n09609
n00727	n09611
n00727	n09613
n00727	n09615
n00728	n03925
n00728	n06154
n00728	n09362
n00728	n09365
n00728	n09605
n00729	n02568
n00729	n07824
n00729	n09362
n00729	n09602
n00729	n09604
n00729	n09605
n00729	n09608
n00730	n00973
n00730	n06982
n00730	n07291
n00730	n07479
n00730	n08203
n00731	n02892
n00731	n08421
n00731	n09118
n00732	n02893
n00732	n07826
n00733	n03735
n00733	n06636
n00733	n07645
n00733	n08031
n00733	n08639
n00734	n01470
n00734	n04786
n00734	n06416
n00734	n09122
n00734	n09362
n00735	n03287
n00735	n04539
n00735	n05910
n00735	n05933
n00735	n06803
n00735	n08254
n00736	n01695
n00736	n05525
n00736	n05609
n00737	n03013
n00738	n00541
n00738	n03594
n00739	n00054
n00740	n03166
n00740	n04648
n00740	n09408
n00740	n09604
n00741	n06030
n00741	n08375
n00742	n00109
n00742	n09610
n00743	n04041
n00743	n04340
n00743	n05297
n00743	n06344
n00743	n06348
n00743	n06804
n00743	n07146
n00743	n07291
n00743	n08676
n00743	n08677
n00743	n08891
n00744	n00957
n00744	n03832
n00744	n07785
n00745	n00126
n00745	n05678
n00746	n09551
n00746	n09610
n00746	n09611
n00747	n05382
n00747	n05931
n00748	n00210
n00749	n03629
n00749	n04842
n00750	n02305
n00750	n05083
n00750	n06457
n00750	n07853
n00751	n04659
n00751	n07977
n00752	n00899
n00752	n09606
n00753	n02644
n00753	n02673
n00754	n00917
n00754	n08217
n00755	n02598
n00755	n08892
n00755	n08893
n00755	n09123
n00755	n09368
n00755	n09609
n00755	n09614
n00756	n04286
n00756	n06734
n00757	n00961
n00757	n05621
n00757	n09124
n00758	n03817
n00758	n05369
n00758	n06020
n00758	n08584
n00758	n09606
n00759	n02318
n00759	n05417
n00759	n05418
n00759	n05420
n00759	n05421
n00759	n05551
n00759	n05678
n00759	n05679
n00759	n05680
n00759	n05803
n00759	n05805
n00759	n05933
n00759	n06202
n00759	n06345
n00759	n06346
n00759	n06347
n00759	n06350
n00759	n06498
n00759	n06636
n00759	n06638
n00759	n06639
n00759	n06801
n00759	n06840
n00759	n06998
n00759	n07145
n00759	n07147
n00759	n07289
n00759	n07290
n00759	n07477
n00759	n07478
n00759	n07480
n00759	n07646
n00759	n07647
n00759	n07854
n00759	n07855
n00759	n08046
n00759	n08047
n00759	n08048
n00759	n08254
n00759	n08676
n00759	n08677
n00760	n02160
n00760	n02433
n00760	n03344
n00760	n07738
n00761	n03298
n00761	n04978
n00761	n05298
n00761	n05678
n00761	n05800
n00761	n05801
n00761	n05803
n00761	n05932
n00761	n05934
n00761	n06199
n00761	n06200
n00761	n06201
n00761	n06202
n00761	n06638
n00761	n06639
n00761	n06803
n00761	n06998
n00761	n07289
n00761	n07476
n00761	n07480
n00761	n07645
n00761	n07854
n00761	n07855
n00761	n08676
n00761	n08677
n00762	n02182
n00762	n09361
n00762	n09366
n00762	n09367
n00762	n09612
n00762	n09614
n00762	n09615
n00763	n00205
n00763	n06479
n00763	n09123
n00763	n09368
n00763	n09531
n00763	n09611
n00764	n00944
n00764	n05513
n00764	n06037
n00764	n08432
n00764	n09606
n00765	n02768
n00765	n05419
n00765	n05802
n00765	n08676
n00765	n09769
n00766	n00576
n00766	n04957
n00766	n09345
n00767	n02422
n00767	n06034
n00768	n03628
n00768	n08891
n00768	n09343
n00768	n09362
n00768	n09363
n00768	n09601
n00769	n00596
n00769	n04913
n00769	n09119
n00769	n09653
n00770	n00579
n00770	n05418
n00770	n06200
n00770	n07146
n00770	n07479
n00770	n07989
n00770	n08171
n00770	n08677
n00770	n08780
n00771	n03573
n00771	n05300
n00771	n05417
n00771	n06202
n00771	n07145
n00771	n08889
n00771	n09118
n00772	n04096
n00772	n05123
n00772	n06610
n00772	n08890
n00772	n09603
n00772	n09750
n00773	n05537
n00773	n09094
n00773	n09619
n00774	n02435
n00774	n05342
n00774	n06191
n00775	n01685
n00775	n08890
n00775	n09122
n00775	n09603
n00775	n09604
n00775	n09605
n00775	n09607
n00776	n03354
n00776	n05157
n00776	n09366
n00776	n09368
n00776	n09613
n00776	n09615
n00776	n09616
n00777	n00615
n00777	n05186
n00777	n06637
n00777	n07479
n00778	n00613
n00778	n04482
n00778	n07279
n00778	n09119
n00778	n09603
n00779	n02669
n00779	n07579
n00780	n01490
n00780	n02412
n00780	n08893
n00780	n09124
n00780	n09363
n00780	n09368
n00780	n09370
n00780	n09614
n00780	n09616
n00781	n01481
n00781	n06292
n00781	n08458
n00781	n08907
n00781	n09604
n00782	n02974
n00782	n05848
n00782	n06416
n00782	n09121
n00782	n09122
n00783	n01752
n00783	n05393
n00783	n08458
n00783	n09118
n00783	n09606
n00784	n03577
n00784	n04088
n00784	n04671
n00785	n01222
n00785	n09705
n00786	n00584
n00786	n08148
n00786	n09602
n00787	n04483
n00787	n05546
n00787	n06170
n00788	n03423
n00788	n08894
n00788	n09125
n00788	n09247
n00788	n09609
n00788	n09610
n00788	n09611
n00788	n09612
n00788	n09613
n00788	n09615
n00788	n09616
n00788	n09617
n00789	n02016
n00789	n06963
n00790	n00959
n00790	n03550
n00790	n08045
n00790	n09122
n00790	n09604
n00790	n09607
n00791	n04195
n00791	n06438
n00791	n09339
n00791	n09605
n00791	n09607
n00792	n03084
n00792	n06038
n00792	n06109
n00792	n08558
n00792	n09601
n00793	n01688
n00793	n06995
n00793	n09121
n00793	n09601
n00793	n09602
n00793	n09608
n00794	n00206
n00794	n00628
n00795	n00209
n00795	n03010
n00795	n08894
n00795	n09369
n00796	n03911
n00796	n08045
n00796	n08890
n00796	n09601
n00796	n09602
n00796	n09603
n00797	n01226
n00797	n03358
n00797	n06343
n00797	n09121
n00797	n09605
n00798	n00211
n00798	n07858
n00798	n09206
n00799	n05378
n00799	n09503
n00800	n04013
n00800	n05804
n00800	n06345
n00800	n06638
n00800	n07806
n00800	n07853
n00800	n08047
n00800	n08254
n00800	n08676
n00801	n00953
n00801	n05551
n00801	n07480
n00801	n07853
n00801	n08046
n00802	n01238
n00802	n03640
n00802	n05395
n00802	n09120
n00802	n09121
n00802	n09603
n00803	n01240
n00803	n02022
n00803	n06802
n00803	n06998
n00803	n07853
n00803	n08047
n00804	n04847
n00804	n07573
n00804	n08644
n00804	n09119
n00804	n09576
n00804	n09602
n00804	n09604
n00805	n05187
n00805	n06174
n00805	n08892
n00805	n08893
n00805	n09125
n00805	n09367
n00805	n09609
n00805	n09615
n00805	n09617
n00806	n00029
n00807	n00155
n00808	n03255
n00808	n04066
n00808	n05300
n00808	n06198
n00808	n06497
n00808	n07337
n00808	n08676
n00809	n02973
n00810	n01212
n00810	n05301
n00810	n05672
n00810	n06909
n00810	n07646
n00811	n03576
n00811	n05267
n00811	n07716
n00811	n09605
n00811	n09607
n00812	n06797
n00813	n02170
n00813	n03825
n00813	n09121
n00813	n09122
n00813	n09604
n00813	n09605
n00813	n09608
n00814	n04582
n00814	n09362
n00814	n09365
n00814	n09605
n00815	n04766
n00815	n08455
n00815	n08894
n00815	n09369
n00815	n09610
n00815	n09612
n00815	n09616
n00815	n09617
n00816	n01676
n00816	n09607
n00817	n03899
n00817	n05787
n00817	n08800
n00817	n09363
n00818	n02006
n00818	n08444
n00818	n08675
n00818	n09122
n00819	n03264
n00819	n05062
n00820	n02974
n00820	n05174
n00820	n09120
n00821	n00922
n00821	n02020
n00821	n04622
n00821	n06769
n00821	n09606
n00822	n03148
n00822	n04846
n00822	n05057
n00822	n07842
n00823	n02011
n00823	n06636
n00823	n06998
n00823	n08048
n00823	n09813
n00824	n01465
n00824	n03736
n00824	n08004
n00824	n09124
n00824	n09369
n00824	n09609
n00824	n09615
n00825	n01216
n00825	n08675
n00825	n09122
n00825	n09603
n00825	n09605
n00825	n09607
n00825	n09608
n00826	n02369
n00826	n02670
n00826	n03577
n00827	n02015
n00827	n03648
n00827	n05614
n00828	n01661
n00828	n03578
n00828	n05077
n00828	n09120
n00828	n09122
n00829	n02002
n00829	n05277
n00829	n05419
n00829	n08213
n00829	n09118
n00830	n05930
n00830	n07123
n00830	n09118
n00830	n09606
n00831	n02676
n00831	n08045
n00831	n09362
n00831	n09611
n00831	n09636
n00832	n00195
n00832	n03435
n00832	n04251
n00833	n06621
n00833	n08351
n00833	n08835
n00834	n01682
n00834	n09366
n00834	n09609
n00834	n09611
n00834	n09613
n00835	n03426
n00835	n06983
n00835	n09086
n00835	n09118
n00836	n03360
n00836	n06156
n00836	n09599
n00837	n05179
n00837	n07119
n00837	n08022
n00838	n00083
n00838	n00084
n00838	n00115
n00838	n00806
n00839	n06161
n00839	n07245
n00839	n09365
n00840	n01475
n00840	n04089
n00840	n06186
n00840	n09120
n00841	n01476
n00841	n04668
n00841	n05076
n00841	n05416
n00841	n05805
n00841	n06640
n00841	n07854
n00841	n08047
n00842	n03122
n00842	n06679
n00842	n09363
n00843	n01854
n00843	n04515
n00843	n06213
n00843	n06880
n00843	n09246
n00843	n09511
n00843	n09613
n00844	n01217
n00845	n04966
n00845	n09119
n00845	n09362
n00845	n09604
n00845	n09605
n00846	n01469
n00846	n05188
n00846	n05297
n00846	n05298
n00846	n05799
n00846	n05933
n00846	n05934
n00846	n06202
n00846	n06443
n00846	n06636
n00846	n06638
n00846	n06801
n00846	n07145
n00846	n07477
n00846	n07646
n00846	n07648
n00846	n08676
n00847	n00167
n00847	n03694
n00848	n00902
n00848	n04667
n00848	n05027
n00848	n05804
n00848	n05926
n00848	n05933
n00848	n06059
n00848	n07477
n00849	n01870
n00849	n05224
n00849	n05931
n00849	n06059
n00849	n06346
n00849	n07146
n00849	n07289
n00849	n07478
n00849	n07853
n00849	n07854
n00849	n08891
n00849	n09098
n00849	n09362
n00849	n09364
n00849	n09365
n00850	n00592
n00850	n06188
n00850	n08996
n00851	n04734
n00851	n07324
n00851	n07511
n00851	n09363
n00852	n01153
n00852	n07969
n00852	n09362
n00852	n09603
n00853	n00264
n00853	n00284
n00854	n01634
n00854	n02635
n00854	n03093
n00854	n03254
n00854	n03308
n00854	n06253
n00854	n08265
n00854	n09118
n00854	n09363
n00855	n00080
n00855	n00226
n00855	n09606
n00856	n05298
n00856	n05300
n00856	n05302
n00856	n05679
n00856	n05800
n00856	n05801
n00856	n05804
n00856	n05805
n00856	n06202
n00856	n06349
n00856	n06639
n00856	n07145
n00856	n07290
n00856	n07480
n00856	n08046
n00857	n05298
n00857	n05300
n00857	n05302
n00857	n05679
n00857	n05800
n00857	n05801
n00857	n05804
n00857	n05805
n00857	n06202
n00857	n06349
n00857	n06639
n00857	n07145
n00857	n07290
n00857	n07480
n00857	n08046
n00858	n03441
n00858	n09118
n00858	n09606
n00859	n03441
n00859	n09118
n00859	n09606
n00860	n06060
n00860	n08458
n00860	n09619
n00861	n03441
n00861	n09118
n00861	n09606
n00862	n03441
n00862	n09118
n00862	n09606
n00863	n03441
n00863	n09118
n00863	n09606
n00864	n00858
n00864	n00859
n00864	n00861
n00864	n00862
n00864	n00863
n00864	n00869
n00865	n00858
n00865	n00859
n00865	n00861
n00865	n00862
n00865	n00863
n00865	n00869
n00866	n00858
n00866	n00859
n00866	n00861
n00866	n00862
n00866	n00863
n00866	n00869
n00866	n03442
n00867	n00858
n00867	n00859
n00867	n00861
n00867	n00862
n00867	n00863
n00867	n00869
n00868	n00858
n00868	n00859
n00868	n00861
n00868	n00862
n00868	n00863
n00868	n00869
n00869	n03441
n00869	n09118
n00869	n09606
n00870	n00866
n00871	n04588
n00871	n06071
n00871	n07689
n00872	n01164
n00873	n08279
n00873	n09615
n00874	n05814
n00874	n06069
n00875	n07717
n00875	n08485
n00875	n09146
n00875	n09367
n00876	n05310
n00876	n05332
n00876	n08458
n00876	n09601
n00876	n09613
n00877	n08491
n00878	n03232
n00878	n04888
n00878	n09606
n00879	n06239
n00879	n09122
n00880	n01640
n00882	n00142
n00883	n09606
n00884	n05212
n00886	n04126
n00887	n01640
n00888	n04431
n00889	n09698
n00889	n09719
n00890	n09123
n00890	n09150
n00890	n09367
n00890	n09368
n00890	n09610
n00890	n09611
n00890	n09617
n00891	n07392
n00892	n04509
n00893	n02400
n00893	n04056
n00893	n09615
n00894	n00057
n00894	n00868
n00895	n00057
n00895	n02528
n00895	n06357
n00896	n01640
n00896	n09363
n00896	n09606
n00897	n00876
n00897	n04802
n00898	n03977
n00898	n04419
n00899	n05983
n00899	n08391
n00900	n03031
n00900	n09601
n00901	n04242
n00901	n09122
n00902	n01175
n00902	n04043
n00902	n05416
n00902	n06202
n00902	n06498
n00902	n06801
n00902	n06998
n00902	n07146
n00902	n07478
n00902	n07480
n00902	n08047
n00902	n08891
n00902	n08964
n00903	n09366
n00903	n09368
n00903	n09609
n00903	n09612
n00903	n09613
n00903	n09617
n00904	n00517
n00904	n01429
n00904	n03656
n00904	n08892
n00904	n09609
n00904	n09617
n00905	n05119
n00905	n09118
n00906	n04819
n00906	n05796
n00906	n06803
n00906	n07646
n00906	n07855
n00907	n00910
n00907	n05416
n00907	n09605
n00908	n06008
n00908	n09363
n00909	n04437
n00910	n00066
n00910	n05799
n00910	n06636
n00910	n07145
n00910	n07853
n00911	n00512
n00911	n00527
n00911	n09601
n00911	n09604
n00912	n08551
n00912	n08890
n00912	n09121
n00912	n09364
n00912	n09602
n00912	n09603
n00913	n03097
n00913	n04436
n00914	n04625
n00914	n07501
n00915	n02276
n00915	n06267
n00916	n02287
n00917	n04252
n00917	n07955
n00917	n08705
n00917	n08719
n00918	n04051
n00918	n04735
n00918	n06108
n00919	n02963
n00919	n03767
n00919	n05017
n00919	n08893
n00919	n09120
n00919	n09368
n00919	n09601
n00919	n09602
n00919	n09607
n00919	n09608
n00919	n09610
n00920	n09123
n00920	n09150
n00920	n09367
n00920	n09368
n00920	n09610
n00920	n09611
n00920	n09617
n00921	n06005
n00921	n09020
n00921	n09123
n00921	n09609
n00922	n02874
n00922	n07750
n00923	n03778
n00923	n06886
n00924	n06258
n00924	n08123
n00925	n05131
n00926	n00054
n00926	n07319
n00927	n00096
n00927	n09119
n00928	n02763
n00928	n05728
n00928	n07211
n00928	n08675
n00929	n04234
n00929	n04932
n00929	n09120
n00930	n00091
n00930	n00124
n00930	n09612
n00931	n07694
n00931	n08686
n00931	n08898
n00931	n09119
n00931	n09362
n00931	n09607
n00932	n06268
n00932	n09422
n00933	n07077
n00933	n07476
n00933	n08046
n00933	n08891
n00934	n00098
n00934	n00160
n00935	n04584
n00935	n08686
n00935	n08689
n00935	n08898
n00935	n09120
n00935	n09604
n00936	n05613
n00936	n08045
n00936	n08675
n00936	n09604
n00936	n09607
n00937	n03862
n00937	n04660
n00937	n08675
n00938	n04913
n00938	n07494
n00938	n09120
n00938	n09362
n00938	n09364
n00938	n09653
n00939	n07932
n00939	n08045
n00940	n02960
n00940	n07845
n00940	n09603
n00940	n09605
n00941	n05626
n00942	n00103
n00942	n00548
n00942	n02411
n00942	n08045
n00943	n09698
n00943	n09719
n00944	n02961
n00944	n06138
n00944	n08458
n00945	n02294
n00945	n05114
n00945	n09601
n00945	n09602
n00946	n00071
n00946	n00587
n00947	n04243
n00947	n08675
n00948	n01437
n00948	n09125
n00948	n09369
n00948	n09370
n00948	n09613
n00948	n09615
n00948	n09617
n00949	n00109
n00950	n00109
n00951	n06029
n00951	n06200
n00951	n06347
n00951	n06348
n00951	n06349
n00951	n06497
n00951	n06498
n00951	n06640
n00951	n06802
n00951	n07146
n00951	n07147
n00951	n07291
n00951	n07480
n00951	n07648
n00951	n07854
n00951	n08046
n00951	n08047
n00951	n08676
n00951	n08677
n00952	n04665
n00952	n05417
n00952	n06442
n00952	n07648
n00952	n08254
n00953	n04978
n00953	n04979
n00953	n05297
n00953	n05300
n00953	n05301
n00953	n05302
n00953	n05416
n00953	n05417
n00953	n05418
n00953	n05419
n00953	n05420
n00953	n05678
n00953	n05679
n00953	n05799
n00953	n05804
n00953	n05895
n00953	n05934
n00953	n06198
n00953	n06344
n00953	n06347
n00953	n06349
n00953	n06498
n00953	n06499
n00953	n06636
n00953	n06640
n00953	n06801
n00953	n06804
n00953	n06998
n00953	n07145
n00953	n07147
n00953	n07290
n00953	n07476
n00953	n07478
n00953	n07479
n00953	n07646
n00953	n07647
n00953	n07854
n00953	n08047
n00953	n08676
n00953	n08891
n00953	n09605
n00954	n00524
n00954	n01830
n00954	n08892
n00954	n08893
n00954	n09612
n00955	n03705
n00955	n08893
n00955	n08999
n00955	n09216
n00955	n09610
n00956	n01670
n00957	n02875
n00958	n00529
n00959	n02429
n00959	n04955
n00960	n08292
n00960	n08892
n00960	n08893
n00960	n09123
n00960	n09367
n00960	n09368
n00960	n09369
n00960	n09609
n00960	n09612
n00960	n09613
n00960	n09615
n00960	n09616
n00961	n03269
n00961	n08893
n00961	n09125
n00961	n09366
n00961	n09370
n00961	n09610
n00961	n09613
n00961	n09614
n00962	n05500
n00962	n09366
n00962	n09611
n00962	n09614
n00963	n02291
n00963	n08893
n00963	n09124
n00963	n09366
n00963	n09367
n00963	n09610
n00963	n09614
n00963	n09615
n00964	n00139
n00965	n00141
n00965	n08829
n00966	n01681
n00966	n09366
n00967	n03182
n00967	n04508
n00967	n08045
n00967	n09120
n00967	n09122
n00967	n09603
n00968	n05488
n00968	n09125
n00968	n09367
n00968	n09396
n00968	n09614
n00969	n02303
n00969	n07567
n00970	n02541
n00970	n04168
n00970	n06943
n00971	n09044
n00971	n09369
n00971	n09611
n00972	n04650
n00972	n05801
n00972	n06344
n00972	n06346
n00972	n06350
n00972	n06639
n00972	n06803
n00972	n07291
n00972	n07645
n00972	n07854
n00972	n07855
n00973	n02156
n00973	n04263
n00973	n07777
n00973	n08047
n00974	n02656
n00974	n05450
n00974	n08045
n00974	n09603
n00975	n04848
n00975	n05264
n00975	n05299
n00975	n05420
n00975	n06637
n00975	n08048
n00976	n00176
n00976	n02559
n00977	n00134
n00977	n07336
n00977	n08714
n00977	n08745
n00977	n09613
n00977	n09617
n00978	n04560
n00978	n09790
n00979	n04850
n00979	n08606
n00980	n00565
n00980	n04229
n00980	n06417
n00980	n09295
n00981	n04615
n00981	n05344
n00981	n06317
n00981	n06344
n00981	n06347
n00981	n06349
n00981	n06497
n00981	n06499
n00981	n07477
n00981	n07478
n00981	n07648
n00981	n07854
n00981	n08047
n00981	n08962
n00982	n02310
n00982	n05927
n00982	n09121
n00983	n04858
n00983	n06908
n00984	n04765
n00984	n08779
n00984	n09122
n00984	n09604
n00985	n02771
n00985	n05238
n00985	n06202
n00985	n06344
n00985	n07290
n00985	n07648
n00985	n07854
n00985	n09553
n00986	n05669
n00986	n09366
n00986	n09611
n00986	n09612
n00986	n09617
n00987	n03069
n00987	n07257
n00987	n09428
n00988	n08996
n00988	n09223
n00988	n09365
n00988	n09602
n00988	n09736
n00989	n03195
n00989	n08458
n00990	n02001
n00990	n06165
n00990	n08045
n00990	n09604
n00991	n05300
n00991	n05416
n00991	n05678
n00991	n05706
n00991	n05803
n00991	n05931
n00991	n06198
n00991	n06200
n00991	n06803
n00991	n07147
n00991	n07289
n00991	n07290
n00991	n07477
n00991	n07646
n00991	n07854
n00991	n07855
n00991	n08046
n00991	n08091
n00991	n09181
n00992	n05564
n00992	n06304
n00992	n08675
n00992	n09119
n00992	n09362
n00993	n04838
n00993	n05110
n00993	n07112
n00994	n02002
n00994	n04564
n00994	n05419
n00994	n05800
n00994	n05801
n00994	n06059
n00994	n06345
n00994	n06998
n00994	n07145
n00994	n08254
n00995	n02170
n00995	n07140
n00995	n09607
n00996	n01434
n00996	n04979
n00996	n05416
n00996	n05453
n00996	n06164
n00996	n06198
n00996	n06346
n00996	n08138
n00996	n08139
n00997	n04356
n00997	n09480
n00997	n09602
n00998	n03447
n00998	n07106
n00998	n09613
n00998	n09778
n00999	n00915
n00999	n09012
n00999	n09605
n01000	n03183
n01000	n05765
n01000	n07742
n01001	n05628
n01001	n05884
n01001	n07263
n01001	n09799
n01002	n04180
n01002	n07598
n01002	n09783
n01003	n02980
n01003	n06438
n01003	n06583
n01004	n06515
n01004	n07166
n01004	n07346
n01004	n08675
n01004	n09119
n01004	n09120
n01004	n09364
n01004	n09365
n01004	n09607
n01004	n09608
n01005	n03481
n01005	n09125
n01005	n09609
n01005	n09612
n01005	n09614
n01006	n05519
n01006	n05893
n01006	n09362
n01007	n02569
n01007	n03422
n01007	n05300
n01007	n06059
n01007	n07147
n01007	n07646
n01007	n08047
n01007	n08048
n01008	n02987
n01008	n05297
n01008	n05299
n01008	n05420
n01008	n05800
n01008	n06200
n01008	n06202
n01008	n06345
n01008	n06346
n01008	n06350
n01008	n06636
n01008	n07145
n01008	n07147
n01008	n07291
n01008	n07648
n01008	n07853
n01008	n07854
n01008	n07855
n01008	n08047
n01009	n04289
n01009	n06051
n01010	n04079
n01010	n05780
n01010	n06541
n01011	n04558
n01011	n04784
n01011	n08048
n01012	n03277
n01012	n03789
n01012	n09363
n01013	n04082
n01013	n05573
n01013	n06194
n01013	n07166
n01013	n09119
n01014	n01671
n01014	n06159
n01014	n09575
n01015	n03342
n01015	n03771
n01015	n06313
n01015	n06314
n01016	n00547
n01016	n00929
n01016	n02786
n01016	n03245
n01016	n03860
n01017	n02695
n01017	n05302
n01017	n05355
n01017	n05800
n01017	n06199
n01017	n06346
n01017	n07477
n01017	n08254
n01017	n08676
n01017	n09310
n01018	n03502
n01018	n03917
n01019	n03560
n01019	n08892
n01019	n08893
n01019	n09123
n01019	n09368
n01019	n09610
n01019	n09611
n01019	n09612
n01019	n09613
n01019	n09614
n01019	n09615
n01019	n09616
n01020	n07826
n01021	n04477
n01021	n06059
n01021	n08048
n01021	n08207
n01021	n08676
n01022	n03740
n01022	n08435
n01023	n01233
n01023	n03128
n01023	n05928
n01023	n06344
n01023	n07478
n01023	n07853
n01023	n07854
n01023	n08047
n01024	n03065
n01024	n05342
n01024	n07186
n01024	n07378
n01024	n07643
n01025	n04842
n01025	n05663
n01025	n08170
n01025	n09118
n01026	n02177
n01027	n04575
n01027	n09118
n01028	n06986
n01028	n07044
n01028	n09119
n01028	n09365
n01028	n09602
n01028	n09603
n01028	n09609
n01029	n03829
n01029	n08406
n01029	n08458
n01029	n09118
n01029	n09363
n01030	n00578
n01030	n08650
n01031	n03278
n01031	n06753
n01031	n07647
n01031	n08458
n01031	n09363
n01032	n02432
n01032	n03463
n01032	n05496
n01032	n09254
n01033	n05175
n01033	n06042
n01033	n06614
n01033	n06637
n01034	n02900
n01034	n08892
n01034	n09616
n01035	n03004
n01035	n04467
n01035	n06639
n01035	n07125
n01035	n07147
n01035	n07476
n01035	n07479
n01036	n05257
n01036	n05786
n01036	n06531
n01036	n07770
n01036	n09291
n01036	n09362
n01036	n09604
n01037	n03210
n01037	n04489
n01037	n09363
n01037	n09606
n01038	n02890
n01038	n03049
n01038	n07461
n01039	n03281
n01039	n07412
n01039	n09119
n01039	n09364
n01039	n09607
n01040	n01853
n01040	n04785
n01041	n04883
n01041	n09777
n01042	n03130
n01042	n09606
n01043	n04856
n01043	n08876
n01043	n09118
n01043	n09122
n01043	n09602
n01043	n09605
n01043	n09752
n01044	n01855
n01044	n09365
n01044	n09576
n01044	n09602
n01044	n09608
n01045	n04003
n01045	n08431
n01046	n01223
n01046	n03366
n01046	n05503
n01046	n09119
n01047	n03635
n01047	n06881
n01047	n08892
n01047	n09123
n01047	n09366
n01047	n09367
n01047	n09609
n01047	n09613
n01047	n09614
n01047	n09617
n01048	n03073
n01048	n03701
n01048	n08890
n01048	n09120
n01048	n09121
n01048	n09602
n01048	n09603
n01048	n09607
n01048	n09608
n01049	n09598
n01049	n09603
n01049	n09605
n01050	n02316
n01050	n04757
n01050	n04821
n01050	n07472
n01051	n01468
n01051	n05800
n01051	n05802
n01051	n05933
n01051	n06345
n01051	n06802
n01051	n07647
n01051	n08356
n01051	n08436
n01051	n08677
n01051	n08891
n01052	n07646
n01052	n08048
n01052	n08420
n01052	n09566
n01053	n02032
n01053	n04862
n01053	n09122
n01053	n09140
n01053	n09602
n01053	n09605
n01054	n00632
n01054	n03574
n01054	n05932
n01054	n06199
n01054	n06802
n01055	n04577
n01055	n06746
n01055	n09363
n01056	n02693
n01056	n04768
n01056	n08795
n01056	n08928
n01057	n00064
n01058	n00065
n01058	n00153
n01058	n06387
n01059	n00522
n01059	n00537
n01059	n02143
n01060	n04747
n01060	n09123
n01060	n09124
n01060	n09614
n01061	n04274
n01061	n09711
n01062	n00170
n01062	n04284
n01062	n08782
n01063	n03472
n01063	n07225
n01063	n08890
n01063	n09121
n01063	n09603
n01064	n02427
n01064	n08892
n01064	n08894
n01064	n09323
n01064	n09367
n01064	n09368
n01064	n09609
n01065	n00136
n01065	n06738
n01066	n02174
n01066	n06639
n01066	n09602
n01066	n09606
n01067	n03631
n01067	n04951
n01067	n05300
n01067	n05680
n01067	n05804
n01067	n06199
n01067	n06344
n01067	n06637
n01067	n06749
n01067	n07147
n01067	n07479
n01067	n08046
n01067	n08047
n01068	n06637
n01068	n07227
n01068	n09273
n01068	n09353
n01068	n09364
n01068	n09601
n01069	n04153
n01069	n07639
n01069	n09364
n01069	n09608
n01070	n01661
n01070	n09121
n01070	n09364
n01070	n09607
n01071	n04644
n01071	n06756
n01072	n03282
n01072	n07034
n01072	n09370
n01073	n08894
n01073	n09123
n01073	n09366
n01073	n09369
n01073	n09370
n01073	n09610
n01073	n09613
n01073	n09614
n01073	n09615
n01073	n09616
n01073	n09617
n01074	n04266
n01074	n09122
n01075	n03908
n01075	n09364
n01075	n09603
n01076	n02911
n01076	n03297
n01076	n07610
n01076	n07757
n01076	n09601
n01076	n09607
n01077	n03824
n01077	n06089
n01077	n06806
n01077	n06952
n01077	n07476
n01077	n07645
n01078	n03140
n01078	n05354
n01078	n09105
n01078	n09787
n01079	n02448
n01079	n04540
n01079	n05821
n01079	n08890
n01079	n09603
n01079	n09604
n01080	n01842
n01080	n03277
n01080	n09118
n01081	n02556
n01081	n03364
n01081	n04199
n01081	n05528
n01081	n08454
n01081	n08892
n01081	n08894
n01082	n02311
n01082	n09512
n01083	n00965
n01083	n05749
n01084	n02889
n01084	n09379
n01084	n09606
n01085	n05124
n01085	n05510
n01085	n07767
n01085	n08853
n01085	n09363
n01086	n01211
n01086	n06305
n01086	n08458
n01087	n03066
n01087	n05301
n01087	n05401
n01087	n05419
n01087	n05551
n01087	n05679
n01087	n05802
n01087	n06200
n01087	n06348
n01087	n06498
n01087	n06636
n01087	n06638
n01087	n07147
n01087	n07289
n01087	n08047
n01087	n08048
n01087	n08892
n01088	n03724
n01088	n05298
n01088	n05418
n01088	n05419
n01088	n05421
n01088	n05551
n01088	n05680
n01088	n05800
n01088	n05931
n01088	n05932
n01088	n05933
n01088	n06199
n01088	n06201
n01088	n06344
n01088	n06346
n01088	n06347
n01088	n06349
n01088	n06350
n01088	n06498
n01088	n06802
n01088	n07145
n01088	n07146
n01088	n07147
n01088	n07477
n01088	n07478
n01088	n07479
n01088	n07480
n01088	n07646
n01088	n07853
n01088	n07855
n01088	n08046
n01088	n08254
n01088	n08677
n01089	n03218
n01089	n04772
n01089	n05299
n01089	n05420
n01089	n05678
n01089	n05805
n01089	n05933
n01089	n06199
n01089	n06345
n01089	n06346
n01089	n06350
n01089	n06639
n01089	n06801
n01089	n07146
n01089	n07478
n01089	n07480
n01089	n07645
n01089	n08047
n01089	n08254
n01089	n08676
n01089	n08677
n01090	n00250
n01090	n09606
n01091	n02877
n01091	n03723
n01091	n05067
n01091	n08487
n01092	n03919
n01092	n05048
n01092	n06798
n01093	n03211
n01093	n08675
n01093	n09122
n01094	n02317
n01094	n04201
n01094	n05645
n01094	n07458
n01094	n08957
n01095	n00254
n01095	n03932
n01095	n08458
n01096	n03819
n01096	n07794
n01096	n09122
n01096	n09604
n01096	n09605
n01097	n01213
n01097	n05677
n01097	n09346
n01098	n01215
n01098	n04938
n01098	n07058
n01098	n07465
n01098	n09500
n01099	n03797
n01099	n09118
n01099	n09628
n01100	n06304
n01100	n06971
n01100	n07885
n01100	n09120
n01100	n09364
n01101	n01851
n01101	n03291
n01101	n09583
n01102	n03071
n01102	n06151
n01102	n08849
n01102	n09122
n01103	n02081
n01103	n02999
n01103	n08629
n01103	n08675
n01103	n09584
n01104	n03906
n01104	n07582
n01104	n09120
n01104	n09364
n01104	n09365
n01104	n09601
n01104	n09603
n01105	n02899
n01105	n04227
n01105	n09561
n01106	n04363
n01107	n01477
n01107	n04685
n01107	n06637
n01107	n08414
n01107	n09606
n01108	n03072
n01108	n05421
n01108	n05802
n01108	n05805
n01108	n05933
n01108	n06198
n01108	n06639
n01108	n06802
n01108	n07479
n01108	n08395
n01108	n08632
n01108	n08891
n01109	n04481
n01109	n04787
n01109	n08614
n01109	n09302
n01109	n09613
n01110	n00208
n01111	n01225
n01111	n07582
n01111	n09362
n01111	n09364
n01112	n03285
n01112	n07825
n01112	n09118
n01112	n09363
n01113	n02783
n01113	n04326
n01113	n09118
n01113	n09606
n01114	n03012
n01114	n04010
n01114	n09573
n01115	n02454
n01115	n05297
n01115	n05301
n01115	n05551
n01115	n06059
n01115	n06202
n01115	n06349
n01115	n06637
n01115	n06638
n01115	n06998
n01115	n07289
n01115	n07290
n01115	n07648
n01115	n08891
n01116	n00545
n01117	n03930
n01117	n06382
n01117	n09125
n01117	n09366
n01117	n09368
n01117	n09612
n01118	n04755
n01118	n06478
n01118	n08305
n01118	n09122
n01119	n01452
n01119	n09611
n01120	n00197
n01120	n00623
n01120	n07467
n01121	n02284
n01121	n02293
n01121	n02537
n01121	n05156
n01121	n09119
n01121	n09121
n01121	n09605
n01122	n03644
n01122	n04472
n01122	n05628
n01122	n08231
n01123	n03820
n01123	n06608
n01123	n09057
n01123	n09118
n01123	n09133
n01123	n09606
n01124	n02017
n01124	n07249
n01124	n07943
n01124	n09119
n01124	n09120
n01124	n09364
n01124	n09602
n01124	n09607
n01125	n03121
n01125	n03709
n01125	n04488
n01125	n04562
n01125	n05749
n01125	n08829
n01126	n04292
n01126	n06609
n01126	n07630
n01126	n08846
n01127	n03998
n01127	n06042
n01127	n06052
n01127	n06348
n01127	n06349
n01127	n06801
n01127	n06803
n01127	n07648
n01128	n05275
n01128	n06022
n01128	n07113
n01128	n08458
n01128	n09118
n01128	n09363
n01128	n09628
n01129	n03482
n01129	n08045
n01129	n09121
n01129	n09605
n01130	n04258
n01130	n06332
n01130	n09118
n01131	n02019
n01131	n07838
n01131	n09363
n01132	n01868
n01133	n01221
n01133	n03726
n01133	n05666
n01133	n08429
n01133	n09119
n01134	n00940
n01134	n05483
n01134	n07473
n01134	n09120
n01134	n09122
n01134	n09604
n01135	n01464
n01135	n06803
n01136	n01993
n01136	n02224
n01136	n08890
n01136	n09120
n01136	n09164
n01136	n09601
n01136	n09603
n01137	n02329
n01137	n06814
n01137	n08045
n01137	n09118
n01137	n09362
n01137	n09602
n01137	n09603
n01138	n03077
n01138	n05302
n01138	n05420
n01138	n05805
n01138	n06348
n01138	n07854
n01138	n08044
n01138	n08047
n01139	n02892
n01139	n06612
n01140	n05293
n01140	n05393
n01140	n07850
n01141	n05420
n01141	n05551
n01141	n05800
n01141	n05802
n01141	n05804
n01141	n05805
n01141	n06173
n01141	n06199
n01141	n06200
n01141	n06201
n01141	n06344
n01141	n06346
n01141	n06348
n01141	n06349
n01141	n06638
n01141	n06640
n01141	n06801
n01141	n06802
n01141	n07290
n01141	n07478
n01141	n07479
n01141	n07645
n01141	n07646
n01141	n07853
n01141	n08046
n01141	n08047
n01141	n08891
n01142	n00125
n01142	n08696
n01142	n09611
n01143	n02323
n01143	n07033
n01143	n09121
n01143	n09664
n01144	n00169
n01144	n04993
n01144	n05443
n01144	n05447
n01144	n07969
n01144	n09602
n01145	n04857
n01145	n04870
n01145	n05416
n01145	n09810
n01146	n04670
n01146	n06031
n01146	n07128
n01146	n09603
n01147	n02009
n01147	n05539
n01147	n08675
n01147	n09626
n01148	n02013
n01148	n08458
n01149	n01486
n01149	n06617
n01149	n08032
n01149	n08458
n01149	n09230
n01149	n09363
n01149	n09606
n01150	n02181
n01150	n08458
n01151	n00173
n01152	n02505
n01152	n02659
n01152	n09097
n01153	n00169
n01153	n04996
n01153	n05574
n01153	n06098
n01153	n09604
n01153	n09607
n01154	n02754
n01154	n08353
n01154	n08894
n01154	n09369
n01155	n03529
n01155	n07779
n01156	n01117
n01156	n09123
n01156	n09367
n01156	n09615
n01157	n00170
n01157	n09560
n01158	n06748
n01158	n09362
n01158	n09364
n01158	n09603
n01158	n09605
n01159	n04978
n01159	n05188
n01159	n05297
n01159	n05299
n01159	n05301
n01159	n05302
n01159	n05416
n01159	n05417
n01159	n05419
n01159	n05420
n01159	n05421
n01159	n05679
n01159	n05680
n01159	n05799
n01159	n05800
n01159	n05802
n01159	n05803
n01159	n05804
n01159	n05805
n01159	n05931
n01159	n05934
n01159	n06199
n01159	n06200
n01159	n06201
n01159	n06202
n01159	n06346
n01159	n06347
n01159	n06348
n01159	n06349
n01159	n06350
n01159	n06497
n01159	n06498
n01159	n06499
n01159	n06636
n01159	n06638
n01159	n06640
n01159	n06803
n01159	n06804
n01159	n06998
n01159	n07145
n01159	n07146
n01159	n07147
n01159	n07291
n01159	n07478
n01159	n07479
n01159	n07480
n01159	n07645
n01159	n07647
n01159	n07855
n01159	n08046
n01159	n08047
n01159	n08677
n01160	n04544
n01160	n04740
n01160	n05993
n01160	n08520
n01160	n09120
n01160	n09601
n01160	n09607
n01161	n05948
n01161	n06066
n01162	n06060
n01162	n08458
n01162	n09619
n01163	n05948
n01163	n06066
n01164	n00000
n01164	n00001
n01164	n08484
n01165	n04031
n01165	n04591
n01165	n05799
n01166	n00521
n01167	n04905
n01167	n08045
n01167	n09120
n01167	n09121
n01168	n07315
n01168	n09604
n01169	n01627
n01170	n03170
n01170	n09605
n01170	n09608
n01171	n04031
n01171	n04591
n01171	n05799
n01172	n08682
n01172	n08913
n01173	n03374
n01173	n03512
n01173	n07165
n01173	n09175
n01174	n00035
n01174	n00051
n01174	n09366
n01175	n01418
n01175	n03451
n01175	n04420
n01175	n05108
n01175	n05802
n01175	n05935
n01175	n06201
n01176	n02523
n01176	n09611
n01177	n04416
n01177	n06497
n01179	n08301
n01179	n08948
n01179	n09690
n01180	n06059
n01180	n06200
n01180	n06201
n01180	n06282
n01180	n06347
n01180	n06499
n01180	n06802
n01180	n07291
n01180	n07647
n01180	n08254
n01181	n05464
n01181	n05611
n01181	n08514
n01182	n00035
n01182	n00051
n01182	n09366
n01183	n03519
n01183	n05299
n01183	n06383
n01183	n08048
n01184	n06688
n01184	n07038
n01184	n07172
n01185	n02408
n01186	n05709
n01187	n00876
n01188	n03503
n01188	n03504
n01188	n03650
n01188	n03653
n01188	n04983
n01188	n08259
n01188	n08913
n01189	n06266
n01190	n00104
n01190	n00883
n01192	n04331
n01192	n09366
n01192	n09433
n01192	n09613
n01192	n09615
n01193	n01173
n01193	n01633
n01194	n04078
n01194	n05418
n01194	n07646
n01194	n08048
n01195	n07060
n01195	n09610
n01195	n09614
n01196	n00512
n01196	n00527
n01197	n08890
n01197	n09603
n01197	n09616
n01198	n05385
n01199	n06122
n01200	n03188
n01201	n04632
n01201	n09466
n01202	n00097
n01203	n04337
n01203	n09125
n01203	n09367
n01203	n09368
n01203	n09614
n01204	n07480
n01205	n05881
n01205	n07083
n01205	n09119
n01206	n05188
n01206	n05298
n01206	n05302
n01206	n05935
n01206	n06198
n01206	n06350
n01206	n06497
n01206	n06637
n01206	n06640
n01206	n06802
n01206	n06803
n01206	n06804
n01206	n07145
n01206	n07146
n01206	n07476
n01206	n07479
n01206	n07645
n01206	n07648
n01206	n07853
n01206	n07854
n01206	n08046
n01206	n08355
n01207	n05799
n01207	n05805
n01207	n06499
n01207	n06637
n01207	n07290
n01207	n07962
n01208	n06726
n01208	n06801
n01208	n06803
n01208	n07479
n01208	n07648
n01208	n08047
n01209	n01640
n01210	n09218
n01210	n09612
n01211	n07199
n01212	n03609
n01212	n07197
n01212	n07476
n01212	n07480
n01212	n07647
n01213	n04443
n01213	n05762
n01213	n09684
n01214	n05036
n01214	n06723
n01214	n08045
n01215	n03702
n01215	n07246
n01215	n07380
n01215	n08335
n01216	n05615
n01216	n06731
n01216	n09362
n01216	n09601
n01216	n09602
n01217	n02558
n01218	n03430
n01218	n08675
n01218	n09604
n01218	n09607
n01218	n09608
n01219	n04210
n01219	n06637
n01219	n08676
n01219	n09119
n01219	n09273
n01219	n09365
n01219	n09603
n01219	n09604
n01220	n06998
n01220	n09274
n01221	n03103
n01221	n03713
n01221	n08675
n01221	n09362
n01221	n09605
n01221	n09608
n01222	n06012
n01222	n06421
n01222	n09119
n01222	n09120
n01223	n03700
n01223	n08988
n01224	n08816
n01224	n08890
n01224	n09362
n01224	n09364
n01224	n09365
n01224	n09607
n01225	n08615
n01225	n09119
n01225	n09371
n01225	n09603
n01226	n05883
n01226	n09119
n01226	n09601
n01226	n09604
n01227	n00565
n01227	n06732
n01228	n03659
n01228	n04322
n01228	n05552
n01228	n05577
n01228	n09365
n01228	n09654
n01229	n03985
n01229	n05298
n01229	n05416
n01229	n05421
n01229	n05679
n01229	n05805
n01229	n05931
n01229	n06199
n01229	n06638
n01229	n06639
n01229	n06640
n01229	n06801
n01229	n06802
n01229	n06803
n01229	n07145
n01229	n07147
n01229	n07477
n01229	n07478
n01229	n07479
n01229	n07480
n01229	n07645
n01229	n07647
n01229	n08046
n01229	n08676
n01229	n08891
n01230	n08363
n01230	n09285
n01230	n09617
n01231	n02763
n01231	n05728
n01231	n07211
n01231	n09601
n01231	n09603
n01232	n03853
n01232	n04179
n01232	n09121
n01232	n09604
n01233	n02545
n01233	n06637
n01233	n07426
n01233	n07648
n01233	n08254
n01233	n08677
n01234	n08458
n01234	n09363
n01234	n09606
n01235	n03795
n01235	n09536
n01236	n03883
n01236	n07992
n01236	n09363
n01237	n03275
n01237	n08613
n01237	n09603
n01238	n07572
n01238	n08206
n01238	n09122
n01238	n09601
n01239	n05419
n01239	n05551
n01239	n05800
n01239	n05801
n01239	n05802
n01239	n06202
n01239	n07408
n01239	n07479
n01239	n07480
n01239	n08048
n01239	n08891
n01240	n06349
n01240	n06779
n01240	n07476
n01240	n08365
n01241	n09370
n01241	n09791
n01242	n04080
n01242	n04825
n01242	n08576
n01242	n09121
n01242	n09122
n01242	n09605
n01243	n00122
n01243	n02767
n01243	n09615
n01244	n03618
n01244	n04986
n01244	n05086
n01245	n01632
n01245	n03245
n01246	n04849
n01246	n08245
n01246	n09363
n01247	n02560
n01247	n06264
n01248	n02433
n01248	n06640
n01249	n03298
n01249	n04978
n01249	n04979
n01249	n05800
n01249	n05801
n01249	n06200
n01249	n06201
n01249	n06202
n01249	n06348
n01249	n06639
n01249	n06803
n01249	n07289
n01249	n08677
n01250	n04766
n01250	n08499
n01250	n09369
n01250	n09613
n01251	n06470
n01251	n09362
n01252	n06202
n01252	n09120
n01252	n09362
n01252	n09601
n01253	n03359
n01253	n05931
n01253	n06639
n01253	n06706
n01253	n06801
n01253	n07289
n01253	n07291
n01253	n07369
n01253	n07478
n01253	n07647
n01253	n07855
n01254	n01849
n01254	n04167
n01254	n05421
n01254	n06497
n01254	n07479
n01254	n07647
n01254	n08048
n01255	n02173
n01256	n03709
n01257	n03330
n01257	n05013
n01257	n05471
n01257	n06597
n01257	n09122
n01257	n09604
n01258	n08612
n01258	n09751
n01259	n04960
n01259	n09118
n01260	n04931
n01260	n06164
n01260	n09031
n01260	n09443
n01260	n09685
n01261	n03068
n01261	n08045
n01261	n09120
n01261	n09122
n01261	n09605
n01261	n09607
n01262	n04261
n01262	n07401
n01262	n08204
n01262	n08892
n01262	n09617
n01263	n01460
n01263	n09122
n01263	n09781
n01264	n06759
n01264	n09366
n01264	n09370
n01264	n09613
n01264	n09617
n01265	n03131
n01265	n04285
n01265	n06891
n01265	n09348
n01266	n08533
n01266	n09120
n01266	n09121
n01266	n09208
n01266	n09362
n01266	n09365
n01267	n06762
n01267	n09561
n01267	n09602
n01267	n09604
n01268	n06324
n01268	n08675
n01268	n09229
n01269	n04392
n01269	n06155
n01269	n06351
n01269	n07847
n01269	n09364
n01269	n09737
n01270	n06344
n01270	n06512
n01270	n06804
n01270	n07446
n01270	n07476
n01270	n07648
n01270	n08048
n01271	n04177
n01271	n05302
n01271	n05679
n01271	n06498
n01271	n06638
n01271	n07477
n01271	n08891
n01271	n08945
n01271	n09413
n01272	n01860
n01272	n08580
n01272	n09437
n01273	n03624
n01273	n04864
n01273	n05419
n01273	n05935
n01273	n07145
n01273	n07479
n01273	n07648
n01274	n07233
n01274	n07848
n01275	n04848
n01275	n05419
n01275	n07991
n01275	n08401
n01275	n09028
n01276	n03204
n01276	n08894
n01276	n09612
n01276	n09617
n01277	n02005
n01277	n03387
n01277	n07342
n01277	n07949
n01277	n08894
n01277	n09368
n01277	n09609
n01277	n09616
n01278	n05279
n01278	n09040
n01278	n09781
n01279	n00931
n01279	n08045
n01279	n08074
n01279	n09120
n01279	n09121
n01279	n09364
n01279	n09365
n01279	n09601
n01279	n09602
n01279	n09603
n01279	n09605
n01279	n09608
n01280	n00239
n01280	n07214
n01280	n07281
n01281	n03807
n01281	n04691
n01281	n06344
n01281	n09358
n01281	n09362
n01281	n09364
n01282	n03788
n01282	n07659
n01282	n08245
n01282	n08458
n01282	n09473
n01283	n03363
n01283	n04469
n01283	n09054
n01284	n00621
n01284	n06892
n01284	n08397
n01284	n09363
n01285	n01679
n01285	n02574
n01285	n09362
n01285	n09603
n01286	n02566
n01286	n04913
n01286	n07344
n01286	n09119
n01286	n09604
n01287	n01853
n01287	n03898
n01287	n08458
n01287	n09363
n01288	n01473
n01288	n04573
n01289	n02172
n01289	n05799
n01289	n09122
n01289	n09251
n01289	n09602
n01290	n03570
n01290	n05776
n01290	n09392
n01290	n09606
n01291	n02692
n01291	n07567
n01292	n03739
n01292	n06280
n01292	n07553
n01292	n09611
n01292	n09722
n01293	n01680
n01293	n08675
n01293	n09119
n01293	n09604
n01294	n03129
n01294	n08045
n01294	n08675
n01294	n09122
n01294	n09364
n01294	n09365
n01295	n01461
n01295	n06994
n01296	n05667
n01296	n08242
n01296	n09606
n01297	n03561
n01297	n05188
n01297	n05418
n01297	n05802
n01297	n05803
n01297	n06348
n01297	n06409
n01297	n06638
n01297	n06801
n01297	n07853
n01297	n08254
n01297	n09739
n01298	n00256
n01299	n00942
n01299	n03355
n01299	n08024
n01300	n00627
n01300	n04965
n01300	n09667
n01301	n04186
n01301	n05299
n01301	n05799
n01301	n05801
n01301	n06059
n01301	n06200
n01301	n06202
n01301	n06345
n01301	n06346
n01301	n06498
n01301	n06638
n01301	n06640
n01301	n06801
n01301	n06804
n01301	n06998
n01301	n07147
n01301	n07478
n01301	n07480
n01301	n07645
n01301	n07854
n01301	n08047
n01301	n08676
n01301	n09632
n01302	n03991
n01302	n05653
n01302	n08894
n01302	n09368
n01302	n09370
n01302	n09612
n01302	n09617
n01303	n03815
n01303	n05517
n01303	n07429
n01304	n01840
n01304	n05801
n01304	n06202
n01304	n06347
n01304	n06446
n01304	n06640
n01304	n06803
n01304	n06804
n01304	n07477
n01304	n08254
n01304	n08676
n01305	n03433
n01305	n05300
n01305	n05805
n01305	n05933
n01305	n06344
n01305	n06497
n01305	n07145
n01305	n07289
n01305	n08891
n01306	n06613
n01306	n09023
n01306	n09123
n01306	n09610
n01306	n09613
n01307	n05396
n01307	n08220
n01307	n08253
n01308	n05188
n01308	n05302
n01308	n05416
n01308	n05419
n01308	n05420
n01308	n05421
n01308	n05679
n01308	n05680
n01308	n05800
n01308	n05801
n01308	n05802
n01308	n05803
n01308	n05805
n01308	n05932
n01308	n05935
n01308	n06059
n01308	n06199
n01308	n06200
n01308	n06201
n01308	n06344
n01308	n06348
n01308	n06349
n01308	n06497
n01308	n06499
n01308	n06638
n01308	n06639
n01308	n06804
n01308	n07290
n01308	n07478
n01308	n07480
n01308	n07648
n01308	n08254
n01308	n08676
n01308	n08677
n01308	n08891
n01309	n00073
n01309	n00149
n01310	n06449
n01310	n06498
n01310	n08875
n01311	n03890
n01311	n07284
n01311	n08893
n01311	n09370
n01311	n09617
n01312	n03738
n01312	n06858
n01312	n08624
n01313	n08809
n01314	n02668
n01314	n07243
n01314	n07812
n01314	n08458
n01314	n08659
n01315	n07200
n01315	n07245
n01315	n09119
n01315	n09365
n01315	n09602
n01315	n09603
n01315	n09605
n01316	n00180
n01316	n05421
n01316	n06801
n01316	n07648
n01317	n03548
n01317	n09286
n01317	n09363
n01318	n03560
n01318	n08458
n01318	n09363
n01318	n09367
n01318	n09611
n01318	n09612
n01318	n09616
n01319	n02727
n01320	n04978
n01320	n05188
n01320	n05297
n01320	n05299
n01320	n05301
n01320	n05302
n01320	n05416
n01320	n05417
n01320	n05419
n01320	n05420
n01320	n05421
n01320	n05679
n01320	n05680
n01320	n05799
n01320	n05800
n01320	n05802
n01320	n05803
n01320	n05804
n01320	n05805
n01320	n05931
n01320	n05934
n01320	n06199
n01320	n06200
n01320	n06201
n01320	n06344
n01320	n06346
n01320	n06347
n01320	n06348
n01320	n06349
n01320	n06350
n01320	n06497
n01320	n06498
n01320	n06499
n01320	n06636
n01320	n06638
n01320	n06639
n01320	n06640
n01320	n06803
n01320	n06804
n01320	n06998
n01320	n07145
n01320	n07146
n01320	n07147
n01320	n07291
n01320	n07478
n01320	n07479
n01320	n07480
n01320	n07645
n01320	n07647
n01320	n07855
n01320	n08046
n01320	n08677
n01321	n04101
n01321	n04674
n01321	n09365
n01322	n02558
n01323	n00546
n01323	n04011
n01323	n07076
n01324	n04783
n01324	n07438
n01325	n00575
n01325	n07587
n01326	n01850
n01326	n03758
n01326	n06627
n01326	n08892
n01326	n09124
n01326	n09366
n01326	n09612
n01326	n09613
n01326	n09615
n01327	n00188
n01327	n04689
n01328	n04865
n01328	n06590
n01328	n08894
n01328	n09366
n01328	n09610
n01329	n03206
n01329	n04979
n01329	n05801
n01329	n06198
n01329	n07289
n01329	n08893
n01329	n09610
n01330	n06300
n01330	n07645
n01330	n07851
n01330	n08844
n01330	n09118
n01330	n09606
n01331	n02773
n01331	n04402
n01331	n05209
n01331	n09606
n01332	n01672
n01332	n05344
n01332	n08047
n01332	n08424
n01332	n08962
n01333	n02555
n01333	n07414
n01333	n07817
n01333	n09363
n01334	n02993
n01334	n04427
n01334	n07766
n01334	n08046
n01334	n08891
n01335	n04916
n01335	n05299
n01335	n06199
n01335	n06512
n01335	n06544
n01335	n07477
n01335	n07479
n01335	n07645
n01335	n07647
n01335	n08047
n01335	n08891
n01335	n09191
n01335	n09691
n01336	n02171
n01336	n09120
n01336	n09121
n01336	n09603
n01337	n03224
n01337	n06631
n01337	n09363
n01338	n01686
n01338	n05932
n01338	n06202
n01338	n07648
n01338	n09118
n01338	n09213
n01338	n09363
n01339	n02782
n01339	n09121
n01339	n09362
n01339	n09601
n01340	n03289
n01340	n05292
n01341	n04368
n01341	n08390
n01341	n09119
n01342	n02667
n01342	n05801
n01342	n06330
n01342	n07145
n01342	n07478
n01342	n07646
n01342	n07853
n01342	n07854
n01343	n01873
n01343	n05302
n01343	n05416
n01343	n05419
n01343	n05421
n01343	n05679
n01343	n05799
n01343	n05802
n01343	n05805
n01343	n05932
n01343	n06201
n01343	n06346
n01343	n06349
n01343	n06803
n01343	n06998
n01343	n07290
n01343	n07645
n01343	n07646
n01343	n07648
n01343	n07855
n01343	n08047
n01343	n08676
n01344	n04774
n01344	n07589
n01344	n07604
n01344	n07648
n01345	n03216
n01345	n04657
n01345	n05263
n01346	n04365
n01346	n05400
n01346	n05803
n01346	n05932
n01346	n06499
n01346	n06998
n01346	n08861
n01347	n03836
n01347	n04193
n01347	n05680
n01347	n05803
n01347	n06348
n01347	n06349
n01347	n07646
n01347	n07855
n01347	n08677
n01348	n00936
n01348	n08890
n01348	n09120
n01348	n09121
n01348	n09122
n01348	n09364
n01348	n09602
n01348	n09603
n01348	n09605
n01349	n00937
n01349	n04750
n01349	n06195
n01349	n08890
n01349	n09603
n01350	n02775
n01350	n05269
n01350	n06944
n01350	n08597
n01350	n09125
n01351	n04855
n01351	n09058
n01351	n09118
n01351	n09602
n01352	n02645
n01352	n03151
n01352	n03213
n01353	n02776
n01353	n04963
n01353	n07258
n01353	n09601
n01354	n02021
n01354	n02028
n01354	n09600
n01354	n09605
n01355	n02709
n01355	n04565
n01356	n04755
n01356	n05543
n01356	n07922
n01356	n09062
n01357	n05792
n01357	n08890
n01357	n09119
n01357	n09122
n01357	n09364
n01357	n09603
n01357	n09608
n01358	n03768
n01358	n03826
n01358	n07118
n01358	n07285
n01358	n09125
n01359	n02031
n01359	n05302
n01359	n06499
n01359	n06636
n01359	n07103
n01359	n07289
n01359	n07476
n01359	n08676
n01359	n08891
n01360	n03499
n01360	n09124
n01360	n09370
n01361	n06965
n01361	n07924
n01361	n09612
n01362	n02181
n01362	n08232
n01363	n02321
n01363	n05933
n01363	n07450
n01364	n03215
n01364	n05522
n01364	n08041
n01364	n08894
n01364	n09367
n01364	n09613
n01365	n00566
n01365	n09120
n01366	n00098
n01366	n00160
n01366	n04518
n01366	n09121
n01367	n08946
n01367	n09155
n01367	n09289
n01367	n09789
n01368	n08210
n01369	n08282
n01369	n08672
n01369	n08834
n01369	n09452
n01370	n09120
n01370	n09121
n01370	n09122
n01370	n09371
n01370	n09506
n01370	n09602
n01371	n03074
n01371	n08299
n01372	n02664
n01372	n05886
n01372	n06190
n01372	n08894
n01373	n01208
n01373	n06158
n01373	n09118
n01374	n03989
n01374	n08111
n01374	n09363
n01375	n02888
n01375	n06393
n01375	n08594
n01375	n09246
n01375	n09613
n01376	n03064
n01376	n04176
n01376	n08890
n01376	n09603
n01376	n09608
n01377	n03418
n01377	n07601
n01378	n02312
n01378	n05068
n01378	n09363
n01378	n09609
n01379	n02885
n01379	n08458
n01380	n03482
n01380	n05668
n01380	n09601
n01380	n09602
n01381	n04187
n01381	n06946
n01381	n09118
n01382	n03812
n01382	n05157
n01382	n07182
n01382	n09124
n01382	n09609
n01383	n05392
n01383	n06177
n01383	n09074
n01383	n09770
n01384	n00117
n01384	n00911
n01384	n01196
n01384	n08747
n01384	n08890
n01384	n09119
n01384	n09120
n01384	n09121
n01384	n09602
n01384	n09603
n01385	n02175
n01385	n04971
n01385	n08370
n01385	n09604
n01386	n03492
n01386	n04288
n01386	n07455
n01386	n08675
n01386	n09122
n01386	n09604
n01386	n09607
n01387	n05508
n01387	n08045
n01387	n09015
n01387	n09122
n01387	n09362
n01387	n09601
n01388	n01485
n01388	n06199
n01388	n08630
n01389	n05413
n01389	n08266
n01389	n08791
n01389	n09124
n01389	n09613
n01389	n09616
n01390	n02565
n01391	n05515
n01391	n07153
n01391	n08458
n01391	n08675
n01391	n09120
n01391	n09364
n01391	n09365
n01391	n09467
n01391	n09603
n01391	n09606
n01392	n01550
n01392	n06714
n01392	n08890
n01392	n09122
n01392	n09362
n01392	n09603
n01393	n04093
n01393	n04375
n01394	n03638
n01394	n08458
n01394	n08524
n01394	n09606
n01395	n08439
n01395	n08535
n01395	n08892
n01395	n09124
n01395	n09366
n01395	n09368
n01396	n03434
n01396	n07090
n01396	n09363
n01397	n04381
n01397	n07830
n01397	n09606
n01398	n03721
n01398	n07147
n01398	n07291
n01398	n08021
n01398	n08223
n01399	n03134
n01399	n08328
n01399	n08523
n01399	n08677
n01399	n08891
n01399	n09609
n01400	n01458
n01400	n08427
n01400	n09605
n01401	n02886
n01401	n05650
n01401	n05680
n01401	n06804
n01401	n07646
n01401	n09242
n01402	n01218
n01402	n09601
n01402	n09602
n01403	n02332
n01403	n03647
n01403	n04885
n01403	n05550
n01403	n06199
n01404	n00267
n01404	n08648
n01405	n00934
n01405	n01366
n01405	n02253
n01406	n00268
n01406	n05507
n01406	n09214
n01406	n09750
n01407	n03496
n01407	n06198
n01408	n05434
n01408	n05435
n01408	n06822
n01408	n08936
n01408	n09118
n01409	n00163
n01409	n00894
n01410	n00507
n01410	n00856
n01410	n00857
n01410	n04978
n01410	n04979
n01410	n05188
n01410	n05297
n01410	n05301
n01410	n05417
n01410	n05419
n01410	n05420
n01410	n05421
n01410	n05551
n01410	n05680
n01410	n05802
n01410	n05803
n01410	n05932
n01410	n05933
n01410	n05934
n01410	n05935
n01410	n06059
n01410	n06345
n01410	n06346
n01410	n06498
n01410	n06636
n01410	n06637
n01410	n06640
n01410	n06802
n01410	n07147
n01410	n07291
n01410	n07646
n01410	n07855
n01411	n06060
n01411	n08458
n01411	n09619
n01412	n00871
n01413	n05553
n01413	n08045
n01413	n09364
n01413	n09365
n01413	n09371
n01413	n09607
n01414	n06830
n01415	n00871
n01416	n01814
n01416	n07491
n01417	n04123
n01417	n07164
n01418	n04035
n01418	n05799
n01418	n05800
n01418	n05803
n01418	n05931
n01418	n06346
n01418	n06348
n01418	n06497
n01418	n06639
n01418	n06640
n01418	n07291
n01418	n07479
n01418	n07853
n01418	n08254
n01418	n09386
n01419	n05820
n01419	n08693
n01419	n09139
n01419	n09604
n01420	n04405
n01420	n04696
n01420	n07681
n01420	n07880
n01421	n03667
n01421	n06871
n01421	n09603
n01422	n01986
n01422	n02934
n01422	n03378
n01423	n00509
n01423	n00519
n01423	n00530
n01423	n08458
n01424	n05806
n01425	n04978
n01425	n04979
n01425	n05297
n01425	n05299
n01425	n05419
n01425	n05420
n01425	n05551
n01425	n05678
n01425	n05679
n01425	n05799
n01425	n05802
n01425	n05803
n01425	n05935
n01425	n06198
n01425	n06200
n01425	n06346
n01425	n06348
n01425	n06639
n01425	n06640
n01425	n06801
n01425	n06803
n01425	n07480
n01425	n07645
n01425	n08677
n01426	n06090
n01426	n09412
n01427	n07392
n01428	n03659
n01428	n04322
n01428	n05552
n01428	n05577
n01428	n09365
n01428	n09654
n01429	n03088
n01429	n09366
n01429	n09369
n01429	n09614
n01429	n09615
n01429	n09616
n01430	n02842
n01431	n01432
n01431	n01441
n01431	n05335
n01432	n00520
n01433	n04519
n01433	n05620
n01433	n05842
n01433	n05859
n01433	n08982
n01434	n05419
n01434	n05420
n01434	n05421
n01434	n06803
n01434	n07476
n01434	n07855
n01434	n08048
n01435	n01821
n01435	n02951
n01435	n03679
n01435	n05721
n01435	n09364
n01435	n09605
n01436	n04135
n01436	n06712
n01436	n09601
n01436	n09604
n01437	n03516
n01437	n04338
n01438	n03167
n01438	n03304
n01438	n09613
n01439	n01640
n01440	n09395
n01440	n09606
n01441	n00520
n01442	n05101
n01442	n05120
n01442	n06276
n01442	n07562
n01443	n03365
n01444	n06853
n01445	n08179
n01445	n08675
n01445	n09120
n01445	n09604
n01445	n09606
n01445	n09640
n01446	n04510
n01446	n08516
n01446	n09123
n01446	n09367
n01447	n07726
n01447	n09735
n01448	n04556
n01448	n09610
n01449	n05821
n01449	n07346
n01450	n03779
n01450	n07357
n01451	n04351
n01451	n09029
n01451	n09609
n01452	n08197
n01452	n09610
n01452	n09614
n01453	n00123
n01454	n04943
n01454	n08892
n01454	n09369
n01454	n09613
n01454	n09614
n01454	n09615
n01455	n02651
n01455	n03782
n01455	n04641
n01455	n08994
n01455	n09366
n01455	n09369
n01456	n03870
n01457	n05249
n01457	n08493
n01457	n08494
n01458	n05122
n01458	n07145
n01458	n08045
n01458	n09364
n01459	n02529
n01460	n02653
n01460	n09364
n01460	n09602
n01461	n05038
n01461	n06422
n01461	n06566
n01462	n02984
n01462	n08376
n01462	n09122
n01463	n05300
n01463	n05678
n01463	n05679
n01463	n05803
n01463	n05805
n01463	n05932
n01463	n06202
n01463	n06344
n01463	n06349
n01463	n06350
n01463	n06801
n01463	n07145
n01463	n07476
n01463	n07648
n01463	n08677
n01463	n08833
n01464	n04841
n01465	n07641
n01465	n09125
n01465	n09366
n01465	n09368
n01465	n09616
n01466	n08126
n01466	n08893
n01466	n08894
n01466	n09614
n01467	n00065
n01467	n00153
n01467	n03866
n01468	n05300
n01468	n05746
n01468	n06637
n01468	n07145
n01468	n07146
n01468	n07147
n01468	n07291
n01468	n07477
n01468	n07480
n01468	n07645
n01468	n07855
n01468	n08046
n01469	n07374
n01469	n08357
n01469	n09470
n01469	n09544
n01470	n05340
n01470	n06144
n01470	n09602
n01470	n09604
n01471	n04653
n01471	n07782
n01471	n09610
n01471	n09611
n01472	n00524
n01472	n01830
n01472	n09764
n01473	n04154
n01473	n09119
n01473	n09601
n01474	n02157
n01474	n09118
n01474	n09364
n01475	n03334
n01475	n09605
n01476	n03397
n01476	n07655
n01476	n08677
n01476	n09266
n01477	n02770
n01478	n03880
n01478	n09120
n01478	n09362
n01479	n00180
n01479	n05680
n01480	n02760
n01480	n06198
n01480	n08334
n01480	n09391
n01481	n00185
n01481	n03696
n01481	n09364
n01482	n03274
n01482	n04557
n01482	n09604
n01483	n00553
n01483	n04054
n01484	n05740
n01484	n06265
n01484	n07942
n01485	n07594
n01485	n09172
n01485	n09378
n01486	n06010
n01486	n06568
n01487	n03327
n01487	n09122
n01488	n03338
n01488	n08675
n01488	n09119
n01488	n09122
n01488	n09602
n01488	n09608
n01489	n04357
n01489	n09639
n01489	n09663
n01490	n06602
n01490	n06776
n01490	n09123
n01490	n09367
n01491	n02157
n01491	n05769
n01491	n09363
n01491	n09604
n01492	n03790
n01492	n05857
n01492	n08966
n01493	n04071
n01494	n06031
n01494	n09120
n01494	n09364
n01494	n09603
n01494	n09604
n01495	n08525
n01495	n08890
n01495	n09427
n01495	n09603
n01495	n09605
n01495	n09663
n01496	n03278
n01497	n04466
n01497	n09328
n01497	n09602
n01498	n05297
n01498	n06443
n01498	n07477
n01498	n08827
n01499	n04658
n01499	n09604
n01500	n00183
n01500	n06218
n01501	n05153
n01501	n06033
n01502	n05993
n01502	n08045
n01502	n08808
n01502	n08830
n01503	n03263
n01503	n07610
n01504	n03197
n01504	n05188
n01504	n05299
n01504	n05418
n01504	n05421
n01504	n05680
n01504	n05934
n01504	n06200
n01504	n06345
n01504	n06801
n01504	n06803
n01504	n07290
n01504	n07855
n01504	n08046
n01504	n08048
n01505	n01678
n01505	n05946
n01505	n09365
n01506	n05742
n01506	n08784
n01507	n04950
n01507	n08045
n01507	n09277
n01507	n09362
n01508	n04004
n01508	n06137
n01508	n08890
n01508	n09121
n01508	n09603
n01508	n09604
n01509	n04159
n01509	n05143
n01509	n08890
n01509	n09603
n01510	n05378
n01511	n03637
n01511	n04536
n01511	n05299
n01512	n08637
n01512	n08638
n01513	n04008
n01513	n05361
n01513	n06198
n01513	n06350
n01513	n06801
n01513	n09763
n01514	n05521
n01514	n07329
n01514	n09233
n01515	n06350
n01515	n06801
n01515	n07645
n01515	n09311
n01516	n04847
n01516	n07573
n01516	n08965
n01516	n09365
n01517	n04479
n01517	n05354
n01517	n05475
n01517	n06533
n01517	n08002
n01518	n02308
n01518	n05635
n01518	n07834
n01518	n09121
n01519	n05633
n01519	n06970
n01519	n09366
n01519	n09609
n01520	n07272
n01520	n07831
n01520	n08861
n01521	n04378
n01521	n05188
n01521	n05299
n01521	n05301
n01521	n05302
n01521	n05417
n01521	n05419
n01521	n05420
n01521	n05679
n01521	n05799
n01521	n05800
n01521	n05802
n01521	n05803
n01521	n05805
n01521	n06201
n01521	n06350
n01521	n06498
n01521	n06638
n01521	n06803
n01521	n07146
n01521	n07289
n01521	n07291
n01521	n07478
n01521	n07645
n01521	n07647
n01521	n07855
n01521	n08047
n01521	n08677
n01522	n01843
n01522	n04332
n01522	n05302
n01522	n05782
n01522	n05933
n01522	n07479
n01523	n03063
n01523	n09363
n01524	n02007
n01524	n09004
n01525	n03566
n01525	n05905
n01525	n06947
n01526	n07142
n01526	n09611
n01526	n09614
n01527	n03216
n01527	n03804
n01527	n09532
n01528	n05154
n01528	n06488
n01528	n08458
n01528	n09363
n01528	n09619
n01529	n03627
n01529	n05493
n01529	n08180
n01529	n09120
n01529	n09122
n01529	n09601
n01529	n09604
n01530	n02682
n01530	n05301
n01530	n08045
n01530	n09120
n01530	n09122
n01530	n09605
n01531	n05294
n01531	n09565
n01531	n09607
n01532	n01212
n01532	n05551
n01532	n05651
n01532	n06804
n01532	n07479
n01532	n07559
n01532	n07854
n01532	n08254
n01532	n08891
n01533	n03290
n01533	n06471
n01533	n07147
n01533	n07290
n01533	n07478
n01533	n08676
n01533	n08891
n01534	n02081
n01534	n07277
n01534	n08453
n01534	n09604
n01535	n04683
n01536	n01858
n01536	n03896
n01536	n09368
n01536	n09369
n01536	n09370
n01536	n09609
n01536	n09614
n01537	n03474
n01537	n09611
n01537	n09760
n01538	n04372
n01538	n09350
n01539	n00200
n01539	n02190
n01539	n06795
n01540	n03909
n01540	n09821
n01541	n02315
n01541	n09058
n01542	n03076
n01542	n07844
n01543	n01471
n01543	n05407
n01543	n09125
n01543	n09366
n01543	n09612
n01544	n02446
n01544	n03138
n01544	n08892
n01544	n09616
n01545	n03821
n01545	n06492
n01545	n07625
n01545	n08441
n01545	n08621
n01546	n02455
n01546	n03641
n01546	n09369
n01546	n09370
n01546	n09613
n01546	n09614
n01546	n09617
n01547	n04449
n01547	n05300
n01547	n05302
n01547	n05801
n01547	n05802
n01547	n05935
n01547	n06198
n01547	n06202
n01547	n06345
n01547	n06801
n01547	n06802
n01547	n07290
n01547	n07478
n01547	n07647
n01547	n07855
n01548	n02986
n01549	n02998
n01549	n05250
n01549	n08282
n01550	n00154
n01551	n00114
n01551	n00525
n01551	n04070
n01552	n02972
n01552	n04463
n01552	n06349
n01553	n05281
n01553	n08890
n01553	n09051
n01553	n09603
n01554	n06458
n01554	n06699
n01554	n07372
n01555	n01856
n01555	n06537
n01555	n08100
n01555	n08215
n01555	n09120
n01555	n09607
n01555	n09608
n01556	n03122
n01556	n05520
n01556	n08963
n01557	n07364
n01557	n08181
n01557	n08473
n01557	n09125
n01558	n06945
n01558	n07719
n01558	n08161
n01558	n09120
n01558	n09122
n01558	n09362
n01558	n09365
n01558	n09601
n01559	n05419
n01559	n05660
n01559	n06637
n01559	n07479
n01559	n07646
n01560	n02991
n01560	n07659
n01560	n09363
n01561	n04681
n01562	n01842
n01562	n03789
n01562	n08663
n01562	n09606
n01563	n05679
n01563	n05680
n01563	n05799
n01563	n05931
n01563	n05932
n01563	n06201
n01563	n06349
n01563	n06499
n01563	n06637
n01563	n07291
n01563	n07855
n01563	n08048
n01563	n08162
n01563	n08891
n01564	n02992
n01564	n05172
n01564	n05298
n01564	n05679
n01564	n05801
n01564	n07479
n01564	n07647
n01564	n07854
n01564	n08046
n01564	n08677
n01565	n00597
n01565	n04163
n01565	n04456
n01565	n04678
n01565	n06791
n01565	n07476
n01566	n01308
n01566	n04867
n01566	n04979
n01566	n05298
n01566	n05418
n01566	n05799
n01566	n06636
n01566	n07147
n01566	n07289
n01566	n07479
n01566	n08048
n01567	n03413
n01567	n05784
n01567	n09120
n01567	n09364
n01567	n09606
n01568	n04771
n01569	n02006
n01569	n04396
n01569	n05303
n01569	n05688
n01570	n05912
n01570	n06484
n01570	n09606
n01571	n02883
n01571	n08051
n01571	n09118
n01571	n09363
n01572	n03901
n01572	n05301
n01572	n05680
n01572	n05799
n01572	n05803
n01572	n05932
n01572	n06345
n01572	n06349
n01572	n06498
n01572	n06801
n01572	n07289
n01572	n07646
n01572	n07853
n01572	n08047
n01572	n08048
n01573	n03822
n01573	n09317
n01573	n09602
n01573	n09603
n01574	n04563
n01574	n08404
n01574	n09365
n01575	n01865
n01575	n06580
n01575	n09582
n01576	n02437
n01576	n08045
n01576	n09364
n01576	n09365
n01576	n09604
n01576	n09605
n01577	n04180
n01577	n08425
n01577	n09321
n01578	n03280
n01578	n03721
n01578	n06800
n01578	n07147
n01578	n07647
n01578	n08891
n01579	n00018
n01579	n03219
n01579	n08894
n01579	n09368
n01579	n09369
n01579	n09610
n01579	n09615
n01580	n03734
n01580	n04644
n01580	n09606
n01581	n06054
n01581	n07618
n01582	n03056
n01582	n03131
n01582	n04285
n01582	n08430
n01582	n09119
n01582	n09121
n01582	n09601
n01583	n02674
n01583	n03184
n01583	n08045
n01583	n08456
n01583	n09362
n01583	n09605
n01584	n04183
n01584	n05644
n01584	n07141
n01584	n08159
n01584	n09607
n01585	n02017
n01585	n04968
n01585	n08350
n01585	n09188
n01585	n09602
n01586	n04373
n01586	n05387
n01586	n08890
n01586	n09119
n01586	n09122
n01586	n09603
n01586	n09607
n01587	n04176
n01587	n04875
n01587	n06646
n01587	n09602
n01587	n09608
n01588	n02030
n01588	n08675
n01588	n09119
n01588	n09601
n01589	n00925
n01589	n01169
n01589	n07585
n01589	n08045
n01589	n09121
n01589	n09364
n01589	n09605
n01590	n03294
n01590	n09121
n01590	n09365
n01590	n09607
n01591	n05804
n01591	n05933
n01591	n06788
n01591	n07280
n01591	n07290
n01591	n07479
n01591	n07647
n01592	n00923
n01592	n04097
n01592	n09606
n01593	n05397
n01593	n06491
n01593	n06856
n01594	n03013
n01595	n02437
n01595	n08045
n01595	n09120
n01595	n09122
n01595	n09362
n01595	n09603
n01595	n09604
n01595	n09605
n01596	n07815
n01596	n08205
n01597	n03806
n01597	n08351
n01598	n01215
n01598	n06626
n01599	n00941
n01599	n04385
n01599	n06549
n01599	n07422
n01599	n08340
n01599	n08890
n01599	n09119
n01599	n09122
n01599	n09364
n01599	n09603
n01600	n03057
n01600	n04004
n01600	n05141
n01600	n09122
n01600	n09602
n01601	n05416
n01601	n05680
n01601	n07854
n01601	n08196
n01601	n09562
n01601	n09796
n01602	n03488
n01602	n04169
n01602	n05417
n01602	n05804
n01602	n05805
n01602	n06498
n01602	n06637
n01602	n07645
n01602	n07646
n01602	n08016
n01602	n08891
n01603	n02661
n01603	n05901
n01603	n07910
n01603	n09261
n01603	n09605
n01604	n05799
n01604	n06198
n01604	n06499
n01604	n07476
n01604	n07478
n01604	n07645
n01604	n08458
n01604	n09027
n01604	n09118
n01604	n09606
n01605	n00215
n01606	n03994
n01606	n05297
n01606	n06348
n01606	n06498
n01606	n06638
n01606	n09472
n01607	n08446
n01607	n08586
n01607	n09121
n01608	n01675
n01609	n01193
n01609	n01666
n01609	n02599
n01609	n04725
n01609	n09607
n01610	n03008
n01610	n06776
n01610	n09124
n01610	n09363
n01611	n03814
n01611	n08791
n01611	n08892
n01611	n08975
n01611	n09613
n01612	n06038
n01612	n06142
n01612	n08300
n01612	n08675
n01612	n09601
n01612	n09602
n01612	n09603
n01613	n02450
n01613	n05907
n01613	n09612
n01614	n03342
n01614	n04807
n01614	n09602
n01615	n03995
n01615	n09805
n01616	n03557
n01616	n09119
n01616	n09120
n01616	n09122
n01616	n09362
n01616	n09605
n01617	n00132
n01617	n00253
n01617	n00737
n01617	n05073
n01618	n03016
n01619	n09124
n01619	n09586
n01619	n09609
n01619	n09611
n01619	n09614
n01620	n00075
n01620	n04387
n01620	n09385
n01621	n00164
n01621	n00838
n01622	n00213
n01622	n01159
n01622	n05298
n01622	n05678
n01622	n06059
n01622	n07646
n01622	n07853
n01623	n00206
n01624	n00507
n01624	n00856
n01624	n00857
n01624	n04978
n01624	n04979
n01624	n05188
n01624	n05297
n01624	n05301
n01624	n05417
n01624	n05419
n01624	n05420
n01624	n05421
n01624	n05551
n01624	n05680
n01624	n05802
n01624	n05803
n01624	n05932
n01624	n05933
n01624	n05934
n01624	n05935
n01624	n06059
n01624	n06345
n01624	n06346
n01624	n06498
n01624	n06636
n01624	n06637
n01624	n06640
n01624	n06802
n01624	n07147
n01624	n07291
n01624	n07646
n01624	n07855
n01626	n01977
n01626	n02131
n01626	n02132
n01626	n02740
n01626	n02742
n01626	n03941
n01627	n00872
n01628	n06081
n01628	n09605
n01629	n06810
n01629	n08263
n01630	n01626
n01631	n02523
n01631	n09611
n01632	n07893
n01632	n09121
n01633	n03374
n01633	n03512
n01633	n07165
n01633	n09175
n01634	n07315
n01634	n09139
n01634	n09601
n01635	n03503
n01635	n03504
n01635	n03650
n01635	n03653
n01635	n04983
n01635	n08259
n01635	n08913
n01636	n01814
n01636	n07491
n01637	n08294
n01638	n04915
n01638	n06075
n01638	n09121
n01638	n09605
n01639	n03779
n01639	n07357
n01640	n00032
n01640	n00094
n01640	n00508
n01641	n01176
n01641	n01631
n01641	n07706
n01641	n09366
n01642	n05226
n01642	n09606
n01643	n00510
n01643	n00514
n01643	n08283
n01644	n03857
n01644	n06213
n01644	n09124
n01645	n05459
n01646	n00104
n01646	n00883
n01647	n00057
n01647	n03117
n01648	n09218
n01649	n00881
n01650	n03596
n01650	n06345
n01651	n01814
n01651	n07491
n01652	n08200
n01652	n08306
n01652	n09605
n01653	n00891
n01653	n08892
n01653	n09370
n01654	n02272
n01654	n07022
n01654	n08952
n01655	n02401
n01655	n09122
n01655	n09365
n01656	n00864
n01656	n00865
n01656	n00868
n01656	n00870
n01656	n06357
n01657	n03519
n01657	n05299
n01657	n06383
n01657	n08048
n01658	n00879
n01658	n08302
n01658	n09601
n01659	n04349
n01660	n01431
n01660	n08458
n01661	n08592
n01661	n09604
n01662	n05439
n01662	n07055
n01663	n05879
n01664	n00104
n01664	n00883
n01665	n06293
n01665	n08893
n01665	n09366
n01665	n09368
n01665	n09613
n01665	n09615
n01666	n01173
n01666	n01633
n01666	n05229
n01667	n00108
n01667	n00542
n01667	n00890
n01667	n00920
n01668	n08348
n01668	n09365
n01669	n05033
n01669	n06804
n01669	n06850
n01669	n07476
n01670	n00077
n01670	n00113
n01670	n08288
n01670	n09001
n01670	n09603
n01671	n05476
n01671	n06131
n01671	n07476
n01671	n08461
n01671	n09118
n01672	n03773
n01672	n06803
n01672	n08677
n01673	n00533
n01674	n06750
n01674	n08458
n01674	n08800
n01675	n05480
n01676	n09120
n01676	n09122
n01676	n09605
n01676	n09608
n01677	n04389
n01677	n09610
n01677	n09613
n01678	n03684
n01678	n08488
n01678	n09119
n01679	n05037
n01680	n04746
n01680	n09260
n01681	n00889
n01681	n00943
n01682	n01203
n01682	n09124
n01682	n09369
n01682	n09370
n01683	n00108
n01683	n00542
n01683	n00890
n01683	n00920
n01683	n03088
n01684	n03528
n01684	n03680
n01685	n09018
n01685	n09278
n01685	n09364
n01685	n09602
n01686	n05359
n01686	n08358
n01687	n08819
n01688	n08182
n01688	n09549
n01688	n09604
n01689	n01663
n01689	n04330
n01689	n07766
n01689	n08676
n01690	n03466
n01691	n09281
n01692	n02418
n01692	n03412
n01692	n09366
n01692	n09614
n01693	n05381
n01693	n09124
n01693	n09369
n01693	n09616
n01694	n00599
n01694	n05872
n01694	n08579
n01695	n00221
n01695	n07412
n01696	n08001
n01697	n02860
n01697	n03203
n01697	n08458
n01698	n00937
n01698	n08045
n01698	n09362
n01698	n09364
n01698	n09601
n01698	n09608
n01699	n05166
n01699	n05845
n01699	n08635
n01699	n08892
n01699	n09612
n01700	n03398
n01700	n06421
n01700	n08890
n01700	n09603
n01700	n09715
n01701	n01849
n01701	n02014
n01701	n09567
n01702	n04280
n01702	n06024
n01702	n08409
n01702	n09615
n01703	n03352
n01703	n06937
n01703	n09366
n01704	n03271
n01704	n03905
n01704	n09118
n01705	n09363
n01706	n02982
n01706	n03272
n01706	n05162
n01706	n08395
n01707	n02691
n01707	n09122
n01708	n03925
n01708	n09365
n01709	n00948
n01709	n09609
n01709	n09616
n01710	n03906
n01710	n08615
n01710	n09121
n01710	n09602
n01710	n09605
n01711	n08675
n01711	n09119
n01711	n09121
n01711	n09364
n01711	n09601
n01711	n09605
n01712	n06201
n01712	n06348
n01712	n07146
n01712	n07477
n01712	n07591
n01712	n07648
n01712	n07806
n01712	n08047
n01713	n07721
n01713	n08893
n01713	n09123
n01713	n09184
n01713	n09617
n01713	n09637
n01714	n02785
n01714	n06499
n01714	n08826
n01715	n00567
n01715	n04166
n01715	n05800
n01715	n06347
n01715	n06639
n01715	n07478
n01715	n07853
n01715	n08677
n01716	n01443
n01716	n03066
n01716	n05301
n01716	n06200
n01716	n06636
n01716	n06637
n01716	n06638
n01716	n07030
n01716	n07145
n01716	n07853
n01716	n08048
n01717	n03276
n01717	n03430
n01717	n07841
n01717	n09119
n01718	n07143
n01718	n08045
n01718	n08675
n01718	n09071
n01718	n09120
n01719	n02158
n01719	n03306
n01719	n03860
n01719	n09122
n01719	n09604
n01719	n09608
n01720	n02172
n01720	n05866
n01720	n08985
n01720	n09601
n01721	n03950
n01721	n07232
n01721	n08645
n01722	n02665
n01722	n06794
n01722	n07469
n01722	n07476
n01723	n04761
n01723	n07929
n01723	n08169
n01723	n09602
n01724	n02565
n01724	n05397
n01725	n04664
n01725	n05661
n01725	n08894
n01725	n09123
n01725	n09366
n01725	n09367
n01725	n09612
n01725	n09615
n01726	n04935
n01726	n05258
n01727	n04360
n01727	n06753
n01727	n08458
n01727	n09118
n01727	n09478
n01727	n09606
n01728	n03814
n01728	n07415
n01728	n08974
n01728	n09014
n01728	n09367
n01728	n09616
n01728	n09617
n01729	n05165
n01729	n08045
n01729	n08890
n01729	n09119
n01729	n09120
n01729	n09121
n01729	n09362
n01729	n09364
n01729	n09601
n01729	n09603
n01729	n09607
n01730	n01866
n01730	n03457
n01730	n03607
n01731	n01653
n01731	n04578
n01731	n04788
n01732	n00579
n01732	n02685
n01732	n02887
n01733	n04776
n01733	n05435
n01733	n06822
n01733	n09077
n01733	n09606
n01734	n03351
n01734	n04539
n01734	n05297
n01734	n05934
n01734	n06130
n01734	n06801
n01734	n08254
n01734	n08458
n01734	n09118
n01735	n05386
n01735	n09118
n01735	n09606
n01736	n00954
n01736	n01472
n01736	n05523
n01736	n09125
n01737	n06475
n01737	n08675
n01738	n03130
n01739	n05141
n01739	n06960
n01739	n09362
n01739	n09364
n01739	n09602
n01740	n06939
n01740	n07649
n01740	n09119
n01740	n09121
n01740	n09362
n01740	n09601
n01740	n09607
n01740	n09608
n01740	n09661
n01741	n02189
n01741	n06333
n01741	n09363
n01742	n04576
n01742	n04664
n01742	n06611
n01742	n09370
n01743	n06337
n01743	n08524
n01743	n09118
n01743	n09363
n01744	n05167
n01744	n08647
n01745	n04008
n01745	n05417
n01745	n05419
n01745	n05934
n01745	n06199
n01745	n06802
n01745	n07289
n01745	n07648
n01745	n07853
n01745	n07855
n01745	n08891
n01746	n03225
n01746	n09588
n01747	n03501
n01747	n09606
n01748	n03916
n01748	n04190
n01748	n08413
n01748	n08892
n01748	n09615
n01749	n04386
n01749	n08893
n01749	n09090
n01749	n09367
n01749	n09370
n01749	n09610
n01749	n09611
n01749	n09612
n01749	n09615
n01750	n09122
n01750	n09602
n01751	n00556
n01752	n03467
n01752	n04752
n01752	n05627
n01753	n08818
n01754	n00566
n01754	n09120
n01754	n09601
n01755	n03738
n01755	n09316
n01756	n03137
n01756	n06172
n01756	n09123
n01757	n09366
n01758	n03701
n01758	n04087
n01758	n09122
n01758	n09365
n01758	n09605
n01759	n06598
n01759	n07439
n01760	n05772
n01760	n06171
n01760	n06803
n01760	n07478
n01761	n04851
n01761	n06590
n01761	n08892
n01761	n08894
n01761	n09609
n01761	n09611
n01761	n09616
n01762	n01198
n01762	n04259
n01762	n08224
n01762	n09615
n01763	n02894
n01763	n08894
n01763	n09610
n01763	n09614
n01763	n09615
n01763	n09617
n01764	n03772
n01764	n07626
n01765	n03567
n01765	n07825
n01765	n08458
n01766	n09299
n01766	n09362
n01766	n09602
n01766	n09604
n01767	n01659
n01767	n06401
n01767	n08045
n01767	n08675
n01767	n09120
n01767	n09122
n01767	n09365
n01767	n09601
n01767	n09602
n01767	n09608
n01768	n04561
n01768	n04957
n01768	n07283
n01768	n09052
n01769	n04826
n01769	n05069
n01769	n06768
n01769	n08045
n01769	n09119
n01769	n09603
n01770	n03280
n01770	n06639
n01770	n07291
n01770	n09049
n01771	n03562
n01771	n09121
n01771	n09362
n01771	n09602
n01772	n05350
n01772	n07101
n01772	n09121
n01772	n09364
n01772	n09365
n01772	n09601
n01772	n09607
n01773	n02438
n01773	n02547
n01773	n05680
n01773	n06344
n01773	n07130
n01773	n08046
n01773	n08804
n01774	n02128
n01774	n08458
n01775	n04369
n01775	n04837
n01775	n08886
n01775	n09112
n01775	n09601
n01776	n04017
n01776	n07384
n01777	n04952
n01777	n07620
n01777	n08458
n01778	n02576
n01778	n05643
n01778	n09367
n01778	n09368
n01778	n09609
n01779	n07827
n01779	n08891
n01779	n09283
n01780	n05520
n01780	n06679
n01780	n07105
n01780	n08437
n01780	n09363
n01781	n06046
n01781	n07602
n01781	n09334
n01782	n03828
n01782	n03955
n01782	n07466
n01782	n09068
n01782	n09164
n01782	n09602
n01783	n05920
n01783	n07394
n01783	n07452
n01783	n08454
n01783	n08458
n01783	n09366
n01783	n09609
n01783	n09612
n01784	n03564
n01784	n05128
n01784	n07102
n01784	n08656
n01785	n03405
n01785	n04383
n01785	n09363
n01786	n07196
n01786	n07451
n01786	n09043
n01786	n09089
n01786	n09124
n01786	n09125
n01787	n03472
n01787	n04382
n01787	n08045
n01787	n08675
n01787	n09120
n01787	n09602
n01787	n09608
n01788	n05180
n01788	n05774
n01789	n02322
n01789	n05678
n01789	n05781
n01789	n06636
n01789	n08458
n01789	n08676
n01789	n09470
n01789	n09606
n01790	n05794
n01790	n07145
n01790	n07881
n01790	n08045
n01790	n08675
n01790	n09119
n01790	n09601
n01790	n09604
n01790	n09607
n01791	n05069
n01791	n06772
n01791	n07462
n01791	n09120
n01792	n05791
n01792	n08890
n01792	n09122
n01792	n09365
n01792	n09603
n01793	n01852
n01793	n04384
n01793	n09118
n01794	n03361
n01794	n05805
n01794	n07476
n01794	n07855
n01794	n08874
n01795	n02445
n01795	n02452
n01795	n05297
n01795	n09118
n01795	n09363
n01795	n09606
n01796	n00742
n01796	n00949
n01796	n00950
n01796	n09609
n01797	n04072
n01797	n05551
n01797	n05932
n01797	n06801
n01797	n07289
n01797	n07435
n01797	n07478
n01797	n07646
n01798	n05535
n01798	n09276
n01798	n09362
n01798	n09602
n01798	n09603
n01799	n04754
n01799	n06056
n01799	n08372
n01799	n09121
n01800	n01465
n01800	n05415
n01800	n09124
n01801	n00738
n01801	n04108
n01801	n05136
n01801	n07860
n01801	n09601
n01802	n01684
n01802	n05065
n01802	n09122
n01802	n09608
n01803	n02901
n01803	n08045
n01803	n09119
n01803	n09602
n01803	n09603
n01804	n00202
n01804	n09605
n01805	n02680
n01805	n06160
n01805	n08366
n01805	n08893
n01806	n01467
n01806	n04105
n01806	n09609
n01807	n00258
n01808	n04862
n01808	n09119
n01808	n09120
n01808	n09122
n01808	n09141
n01808	n09603
n01808	n09604
n01809	n03332
n01809	n09122
n01809	n09364
n01809	n09602
n01809	n09604
n01810	n03068
n01810	n08045
n01810	n09120
n01810	n09121
n01810	n09122
n01810	n09365
n01810	n09602
n01810	n09608
n01812	n05553
n01812	n08045
n01812	n09364
n01812	n09365
n01812	n09371
n01812	n09607
n01813	n02841
n01813	n03448
n01814	n02938
n01815	n06663
n01816	n07315
n01816	n09604
n01817	n01815
n01817	n08458
n01818	n02269
n01819	n00004
n01819	n00027
n01819	n00039
n01820	n05553
n01820	n08045
n01820	n09364
n01820	n09365
n01820	n09371
n01820	n09607
n01821	n09121
n01822	n00046
n01823	n07318
n01824	n08053
n01824	n08259
n01825	n03580
n01825	n08890
n01825	n09603
n01826	n00028
n01826	n00058
n01827	n08294
n01828	n02401
n01828	n09122
n01828	n09603
n01829	n07732
n01830	n05836
n01831	n02952
n01831	n04222
n01831	n04240
n01831	n08527
n01832	n08788
n01832	n09362
n01832	n09603
n01833	n05629
n01833	n06844
n01834	n07178
n01835	n06152
n01835	n09612
n01836	n03316
n01836	n05754
n01836	n06412
n01836	n09616
n01837	n01179
n01837	n09434
n01837	n09611
n01838	n00108
n01838	n00542
n01838	n00890
n01838	n00920
n01838	n08893
n01839	n02956
n01839	n05147
n01839	n05438
n01840	n04978
n01840	n05679
n01840	n05727
n01840	n05799
n01840	n05803
n01840	n05934
n01840	n06059
n01840	n06497
n01840	n06639
n01840	n07145
n01840	n07289
n01840	n07290
n01840	n07291
n01840	n07855
n01840	n08891
n01841	n06344
n01841	n07291
n01841	n07647
n01841	n07855
n01841	n09050
n01842	n09096
n01843	n04405
n01843	n04749
n01843	n04978
n01843	n05736
n01843	n06640
n01843	n06804
n01843	n07646
n01843	n09632
n01844	n00065
n01844	n00153
n01844	n09658
n01845	n05806
n01846	n03194
n01846	n06493
n01846	n09124
n01847	n03775
n01847	n05248
n01847	n07914
n01848	n02533
n01848	n09119
n01848	n09602
n01849	n04344
n01849	n05301
n01849	n05805
n01849	n06202
n01849	n07145
n01849	n07480
n01850	n03848
n01850	n04047
n01850	n06564
n01850	n09369
n01851	n02871
n01851	n09007
n01852	n06278
n01852	n06755
n01852	n07403
n01853	n03968
n01854	n05864
n01854	n09367
n01854	n09370
n01854	n09610
n01854	n09612
n01854	n09615
n01854	n09617
n01855	n04646
n01855	n09121
n01855	n09537
n01855	n09601
n01856	n03262
n01856	n04218
n01857	n09118
n01857	n09122
n01857	n09379
n01858	n02876
n01858	n08312
n01859	n03161
n01859	n04441
n01859	n09363
n01860	n07222
n01860	n07339
n01861	n04840
n01861	n06401
n01861	n09120
n01861	n09484
n01862	n03050
n01863	n00528
n01863	n00880
n01863	n01209
n01863	n01439
n01863	n09118
n01864	n00090
n01864	n03717
n01864	n08890
n01864	n09120
n01864	n09601
n01864	n09602
n01864	n09603
n01865	n02975
n01865	n03708
n01865	n06599
n01866	n02548
n01866	n03158
n01867	n06311
n01867	n06433
n01867	n06803
n01868	n04743
n01868	n07592
n01868	n07795
n01868	n09728
n01869	n05752
n01869	n06100
n01869	n08558
n01869	n09603
n01870	n03535
n01870	n05363
n01870	n05824
n01870	n06348
n01870	n08676
n01870	n09121
n01870	n09607
n01871	n02979
n01872	n06913
n01872	n09120
n01873	n04085
n01873	n07476
n01873	n07477
n01873	n07479
n01873	n07854
n01873	n08254
n01874	n02434
n01874	n03405
n01874	n09768
n01875	n05501
n01875	n07607
n01875	n08046
n01876	n02169
n01876	n05678
n01876	n05680
n01876	n05800
n01876	n05931
n01876	n06348
n01876	n06640
n01876	n07476
n01876	n07477
n01876	n07478
n01876	n07480
n01876	n07647
n01876	n07853
n01876	n08046
n01877	n06472
n01877	n07416
n01879	n05299
n01879	n05680
n01879	n06637
n01879	n07391
n01879	n07648
n01879	n08046
n01879	n08048
n01879	n08193
n01880	n05186
n01880	n05298
n01880	n05299
n01880	n05931
n01880	n05933
n01880	n06782
n01880	n07479
n01880	n08047
n01880	n08254
n01880	n08676
n01881	n05764
n01881	n08045
n01881	n09365
n01882	n08894
n01882	n09366
n01882	n09450
n01882	n09529
n01882	n09609
n01882	n09611
n01882	n09612
n01883	n09119
n01883	n09120
n01883	n09121
n01883	n09601
n01883	n09604
n01883	n09605
n01884	n05097
n01884	n05502
n01884	n08855
n01885	n05643
n01885	n07425
n01885	n09366
n01885	n09609
n01885	n09613
n01886	n06196
n01886	n09362
n01886	n09365
n01886	n09605
n01887	n03489
n01887	n06639
n01887	n08048
n01888	n08162
n01888	n09308
n01888	n09566
n01889	n05297
n01889	n08676
n01889	n09609
n01890	n02313
n01890	n04081
n01890	n09118
n01891	n06606
n01891	n07810
n01891	n08046
n01892	n06175
n01892	n06987
n01892	n07711
n01892	n08123
n01893	n03897
n01893	n05060
n01893	n05914
n01894	n03346
n01894	n06606
n01894	n06802
n01894	n08046
n01894	n08891
n01894	n09411
n01895	n03082
n01895	n05754
n01895	n07564
n01895	n09609
n01896	n03556
n01896	n05359
n01896	n06202
n01896	n06347
n01896	n07145
n01896	n07477
n01896	n07853
n01896	n08458
n01896	n09118
n01897	n07992
n01897	n09606
n01898	n04281
n01898	n05272
n01898	n09124
n01898	n09368
n01898	n09564
n01898	n09616
n01899	n05763
n01899	n05987
n01899	n07182
n01899	n08893
n01899	n08899
n01899	n09609
n01899	n09610
n01899	n09612
n01899	n09614
n01900	n07115
n01900	n07262
n01901	n03816
n01901	n06043
n01901	n09602
n01902	n06956
n01902	n08422
n01902	n08894
n01902	n09368
n01903	n03279
n01903	n07334
n01903	n07996
n01903	n08866
n01904	n08807
n01904	n09067
n01904	n09118
n01904	n09363
n01904	n09606
n01905	n03572
n01906	n04787
n01906	n07401
n01906	n09369
n01907	n01857
n01907	n07796
n01907	n07820
n01907	n08458
n01908	n02406
n01908	n04377
n01908	n06313
n01908	n09046
n01908	n09121
n01909	n03292
n01909	n04184
n01909	n05866
n01909	n09601
n01909	n09602
n01910	n03643
n01910	n08521
n01910	n08633
n01911	n03907
n01911	n09815
n01912	n04006
n01912	n08045
n01912	n08236
n01912	n09119
n01912	n09120
n01912	n09121
n01912	n09362
n01912	n09608
n01913	n05082
n01913	n05882
n01913	n08431
n01913	n08675
n01913	n09362
n01913	n09604
n01914	n01859
n01914	n05377
n01914	n07132
n01914	n08043
n01915	n04297
n01915	n05299
n01915	n05418
n01915	n05421
n01915	n05679
n01915	n05799
n01915	n05805
n01915	n05932
n01915	n06202
n01915	n06344
n01915	n06349
n01915	n06498
n01915	n06499
n01915	n06640
n01915	n06802
n01915	n06804
n01915	n06998
n01915	n07146
n01915	n07147
n01915	n07291
n01915	n07478
n01915	n07648
n01915	n07854
n01915	n08046
n01915	n08047
n01915	n08048
n01915	n08676
n01915	n08677
n01916	n03001
n01916	n03011
n01916	n07457
n01916	n07463
n01917	n04475
n01917	n04770
n01917	n09370
n01917	n09616
n01918	n01057
n01919	n09800
n01920	n09118
n01920	n09363
n01921	n00270
n01921	n07920
n01921	n08792
n01922	n04916
n01922	n06198
n01922	n06512
n01922	n07289
n01922	n07479
n01922	n08089
n01922	n09191
n01922	n09691
n01923	n00606
n01923	n03887
n01923	n09385
n01924	n02024
n01924	n06758
n01925	n03183
n01925	n04081
n01925	n09606
n01926	n08035
n01926	n08332
n01926	n09602
n01927	n03915
n01927	n07722
n01927	n08892
n01927	n08893
n01927	n09337
n01927	n09609
n01927	n09614
n01928	n02423
n01928	n07253
n01928	n08179
n01928	n08458
n01928	n08513
n01928	n09606
n01929	n04354
n01929	n05240
n01929	n06453
n01929	n09363
n01929	n09606
n01930	n03923
n01930	n07628
n01930	n08660
n01931	n01847
n01931	n06473
n01931	n08458
n01931	n09612
n01932	n06043
n01932	n07271
n01932	n08045
n01932	n09607
n01933	n01975
n01933	n02895
n01933	n03018
n01933	n07015
n01933	n09606
n01934	n03929
n01934	n05300
n01934	n05418
n01934	n05679
n01934	n05805
n01934	n06198
n01934	n06200
n01934	n06636
n01934	n06640
n01934	n07290
n01934	n07480
n01934	n08047
n01934	n08676
n01934	n08677
n01935	n00969
n01935	n09376
n01936	n08458
n01936	n09363
n01937	n02441
n01937	n08045
n01937	n09121
n01937	n09601
n01937	n09604
n01938	n00881
n01938	n04743
n01938	n09093
n01939	n04090
n01939	n06456
n01939	n08675
n01939	n09040
n01939	n09781
n01940	n02453
n01940	n04868
n01941	n05755
n01941	n09610
n01941	n09613
n01941	n09614
n01941	n09616
n01942	n03912
n01942	n07288
n01942	n08890
n01942	n09603
n01943	n03927
n01943	n04007
n01943	n09119
n01943	n09120
n01943	n09122
n01943	n09605
n01944	n02891
n01944	n02901
n01945	n05657
n01945	n08434
n01945	n09306
n01946	n03986
n01946	n06887
n01946	n09614
n01947	n00126
n01947	n06998
n01947	n07476
n01947	n07647
n01947	n08893
n01947	n09366
n01948	n04555
n01948	n07058
n01948	n07465
n01948	n08890
n01948	n09017
n01948	n09603
n01948	n09707
n01949	n00593
n01949	n01666
n01950	n05075
n01950	n05300
n01950	n05678
n01950	n05924
n01950	n06639
n01950	n07289
n01950	n07477
n01950	n08047
n01950	n08048
n01950	n08676
n01950	n08677
n01951	n07064
n01951	n08842
n01951	n09133
n01951	n09606
n01952	n05369
n01952	n05527
n01953	n03823
n01953	n08403
n01954	n03563
n01954	n04146
n01954	n06198
n01954	n07479
n01954	n09801
n01955	n04978
n01955	n05301
n01955	n06199
n01955	n06428
n01955	n07854
n01955	n08047
n01955	n08676
n01955	n09310
n01956	n02886
n01956	n04478
n01956	n07853
n01956	n08016
n01957	n00178
n01957	n03920
n01957	n08493
n01958	n00585
n01958	n07260
n01958	n09363
n01959	n03286
n01959	n06867
n01959	n08894
n01959	n09123
n01960	n03284
n01960	n08014
n01960	n09341
n01961	n05420
n01961	n07289
n01961	n08655
n01961	n08856
n01961	n08891
n01962	n06346
n01962	n06497
n01962	n06804
n01962	n06931
n01962	n07480
n01962	n07854
n01962	n08875
n01963	n00125
n01963	n00930
n01963	n03530
n01964	n04091
n01964	n05299
n01964	n05301
n01964	n05420
n01964	n05679
n01964	n05799
n01964	n05932
n01964	n06200
n01964	n06202
n01964	n06346
n01964	n06497
n01964	n06636
n01964	n06802
n01964	n06804
n01964	n06930
n01964	n07147
n01964	n07289
n01964	n07477
n01964	n07480
n01964	n07645
n01964	n08047
n01964	n08048
n01964	n08458
n01964	n08676
n01965	n02689
n01965	n04164
n01965	n06036
n01965	n06455
n01966	n03075
n01966	n06514
n01966	n06603
n01966	n08855
n01966	n09119
n01966	n09152
n01966	n09611
n01967	n05679
n01967	n05932
n01967	n07408
n01967	n07480
n01967	n08017
n01967	n08048
n01968	n00181
n01968	n08045
n01968	n08520
n01969	n08248
n01969	n08801
n01970	n09116
n01971	n02178
n01971	n08566
n01971	n09368
n01971	n09611
n01971	n09612
n01971	n09616
n01972	n00946
n01972	n09365
n01972	n09601
n01973	n02559
n01973	n08890
n01973	n09603
n01973	n09604
n01974	n01451
n01974	n03256
n01974	n09123
n01975	n04392
n01975	n06351
n01977	n06206
n01977	n06354
n01977	n08675
n01978	n01161
n01978	n01163
n01979	n05814
n01979	n06069
n01980	n01164
n01981	n03021
n01982	n09401
n01983	n04440
n01983	n07324
n01984	n03844
n01985	n04625
n01985	n07501
n01986	n04319
n01986	n05311
n01987	n07315
n01987	n09604
n01988	n04624
n01989	n03580
n01989	n08890
n01989	n09603
n01990	n07082
n01990	n07725
n01991	n07537
n01991	n08598
n01992	n00111
n01993	n03323
n01993	n06537
n01993	n07361
n01993	n09365
n01993	n09604
n01994	n09118
n01994	n09172
n01994	n09384
n01994	n09606
n01995	n07178
n01996	n03172
n01996	n05352
n01997	n01172
n01997	n03026
n01997	n09118
n01997	n09363
n01998	n04429
n01998	n08045
n01999	n06544
n01999	n07525
n02000	n03515
n02000	n04529
n02000	n07874
n02000	n09142
n02001	n05610
n02002	n04141
n02002	n06728
n02002	n08677
n02003	n00583
n02003	n09408
n02004	n04524
n02005	n01210
n02005	n04505
n02005	n09264
n02006	n07482
n02006	n09601
n02007	n07727
n02007	n08326
n02008	n00532
n02009	n06290
n02009	n09120
n02009	n09122
n02010	n06123
n02011	n07145
n02011	n09492
n02012	n00532
n02013	n09118
n02013	n09606
n02014	n05297
n02014	n05301
n02014	n05802
n02014	n05805
n02014	n05934
n02014	n06344
n02014	n06349
n02014	n06710
n02014	n06802
n02014	n07289
n02014	n07291
n02014	n07480
n02014	n07646
n02014	n07648
n02014	n07854
n02014	n08676
n02014	n08677
n02014	n09136
n02015	n00882
n02015	n07047
n02016	n05252
n02016	n09496
n02016	n09795
n02017	n04638
n02017	n06690
n02017	n08557
n02018	n05255
n02019	n06426
n02020	n02874
n02020	n03874
n02020	n05576
n02020	n07750
n02020	n09363
n02021	n07411
n02021	n09122
n02021	n09601
n02021	n09602
n02022	n03605
n02022	n05551
n02022	n06347
n02022	n07478
n02022	n08365
n02023	n03986
n02024	n04651
n02024	n09732
n02025	n00913
n02026	n09056
n02026	n09365
n02026	n09541
n02026	n09604
n02027	n03536
n02027	n09008
n02027	n09363
n02028	n03616
n02028	n04554
n02028	n07411
n02028	n09602
n02029	n02541
n02029	n03410
n02030	n03212
n02030	n07160
n02031	n04930
n02031	n05419
n02031	n08379
n02032	n03060
n02032	n06014
n02032	n08045
n02032	n09601
n02033	n05419
n02033	n05772
n02033	n06638
n02033	n06804
n02033	n07477
n02033	n08797
n02034	n00897
n02034	n01202
n02034	n03546
n02035	n06746
n02035	n07711
n02035	n08018
n02035	n09606
n02036	n08807
n02037	n07618
n02037	n09601
n02037	n09602
n02037	n09603
n02038	n03714
n02038	n09601
n02038	n09602
n02038	n09607
n02039	n05495
n02039	n06996
n02039	n09368
n02039	n09613
n02040	n05897
n02040	n08611
n02040	n09315
n02040	n09441
n02041	n04202
n02041	n08369
n02041	n08626
n02041	n09606
n02042	n07611
n02042	n08608
n02042	n09605
n02043	n05581
n02043	n08892
n02043	n08899
n02043	n08973
n02043	n09176
n02043	n09368
n02043	n09433
n02043	n09615
n02044	n03997
n02044	n08675
n02044	n09347
n02044	n09604
n02045	n04171
n02046	n06305
n02046	n09606
n02047	n03331
n02047	n04967
n02047	n09606
n02048	n05293
n02048	n08458
n02049	n02016
n02049	n09248
n02049	n09617
n02050	n03634
n02050	n08675
n02051	n07856
n02051	n08045
n02051	n08675
n02051	n09121
n02051	n09362
n02051	n09365
n02051	n09602
n02051	n09607
n02052	n08458
n02052	n09239
n02053	n06482
n02053	n09120
n02053	n09601
n02053	n09602
n02054	n06950
n02054	n08894
n02054	n09124
n02054	n09125
n02054	n09366
n02054	n09367
n02054	n09609
n02054	n09610
n02054	n09611
n02055	n08823
n02055	n09007
n02055	n09364
n02055	n09365
n02055	n09603
n02055	n09607
n02056	n08445
n02057	n04388
n02057	n09121
n02057	n09605
n02058	n05753
n02058	n08843
n02058	n09363
n02059	n03809
n02059	n04690
n02059	n05932
n02059	n06636
n02059	n06640
n02059	n07145
n02059	n07646
n02059	n09359
n02059	n09421
n02060	n04363
n02060	n09601
n02060	n09602
n02060	n09761
n02061	n05900
n02061	n07965
n02061	n08894
n02061	n09124
n02061	n09610
n02061	n09612
n02061	n09615
n02062	n02778
n02062	n08338
n02062	n08675
n02062	n09601
n02062	n09603
n02062	n09605
n02063	n05134
n02063	n06240
n02063	n08045
n02063	n08300
n02063	n09120
n02063	n09121
n02063	n09362
n02063	n09601
n02064	n03133
n02064	n09084
n02064	n09121
n02064	n09604
n02065	n05285
n02065	n05301
n02065	n05551
n02065	n05805
n02065	n06199
n02065	n06498
n02065	n07145
n02065	n07291
n02065	n07479
n02065	n07480
n02065	n07855
n02065	n08046
n02065	n08676
n02066	n02883
n02066	n09265
n02067	n04277
n02067	n06288
n02067	n09298
n02068	n09091
n02068	n09716
n02069	n02178
n02069	n09125
n02069	n09366
n02069	n09609
n02069	n09610
n02070	n05753
n02070	n07468
n02070	n09363
n02071	n02403
n02071	n02746
n02071	n03008
n02071	n08893
n02071	n09125
n02071	n09367
n02071	n09370
n02071	n09609
n02071	n09616
n02072	n04269
n02072	n05300
n02072	n06433
n02072	n07805
n02073	n04978
n02073	n04979
n02073	n05079
n02073	n05188
n02073	n05420
n02073	n05804
n02073	n05931
n02073	n05932
n02073	n06199
n02073	n06200
n02073	n06345
n02073	n06346
n02073	n06348
n02073	n06636
n02073	n06640
n02073	n06803
n02073	n06998
n02073	n07147
n02073	n07224
n02073	n07289
n02073	n07290
n02073	n07476
n02073	n07477
n02073	n07648
n02073	n07853
n02073	n07855
n02073	n08046
n02073	n08677
n02074	n03483
n02074	n04673
n02075	n05301
n02075	n05417
n02075	n05419
n02075	n05678
n02075	n05679
n02075	n05802
n02075	n05931
n02075	n06198
n02075	n06346
n02075	n06498
n02075	n06636
n02075	n07145
n02075	n07476
n02075	n07645
n02075	n07647
n02075	n08046
n02075	n08892
n02075	n08894
n02075	n09125
n02075	n09617
n02075	n09674
n02076	n02645
n02076	n02954
n02076	n02963
n02076	n03537
n02076	n08649
n02076	n08892
n02076	n09362
n02077	n04673
n02077	n09363
n02078	n03226
n02078	n06778
n02079	n03424
n02079	n04979
n02079	n05298
n02079	n05551
n02079	n05680
n02079	n05802
n02079	n05931
n02079	n06201
n02079	n07147
n02079	n07291
n02079	n07647
n02079	n08676
n02079	n08677
n02080	n03054
n02080	n05957
n02080	n06640
n02081	n00535
n02081	n08045
n02081	n09119
n02081	n09120
n02081	n09364
n02082	n02423
n02082	n06910
n02082	n06993
n02082	n07110
n02083	n05492
n02083	n05679
n02083	n06200
n02083	n06201
n02083	n06345
n02083	n06623
n02083	n06639
n02083	n06802
n02083	n06803
n02083	n07145
n02083	n07480
n02083	n07648
n02084	n05419
n02084	n05647
n02084	n05802
n02084	n05804
n02084	n05932
n02084	n05934
n02084	n05935
n02084	n06344
n02084	n06349
n02084	n06636
n02084	n06803
n02084	n07478
n02084	n07648
n02084	n08047
n02084	n08048
n02084	n09606
n02085	n04880
n02085	n05398
n02085	n08030
n02085	n09118
n02086	n03173
n02086	n03178
n02086	n03818
n02086	n04302
n02087	n03081
n02087	n03902
n02087	n04175
n02087	n07809
n02088	n05399
n02088	n06274
n02088	n06275
n02088	n09614
n02089	n00253
n02089	n07287
n02090	n03819
n02090	n08045
n02090	n08675
n02090	n09121
n02090	n09122
n02090	n09601
n02090	n09602
n02090	n09603
n02091	n03547
n02091	n07242
n02091	n08092
n02091	n09609
n02091	n09726
n02092	n04287
n02092	n05544
n02092	n07846
n02092	n08040
n02092	n09611
n02093	n01847
n02093	n09610
n02093	n09611
n02094	n05418
n02094	n06344
n02094	n06348
n02094	n06349
n02094	n06499
n02094	n06638
n02094	n06639
n02094	n06802
n02094	n09806
n02095	n08042
n02095	n08368
n02095	n09512
n02096	n03911
n02096	n09121
n02096	n09365
n02096	n09542
n02096	n09605
n02096	n09607
n02097	n04276
n02097	n09362
n02097	n09601
n02098	n02563
n02098	n09363
n02098	n09606
n02099	n05185
n02099	n09118
n02100	n01674
n02100	n06907
n02100	n08006
n02101	n03622
n02101	n03727
n02101	n07126
n02102	n06032
n02102	n09122
n02103	n03622
n02103	n07836
n02103	n09122
n02103	n09601
n02104	n02177
n02105	n03293
n02105	n03357
n02106	n04584
n02106	n09108
n02106	n09122
n02107	n03078
n02107	n04860
n02107	n06085
n02107	n08892
n02107	n09366
n02108	n01482
n02108	n05447
n02108	n05903
n02108	n06894
n02108	n07690
n02109	n04978
n02109	n05417
n02109	n05932
n02109	n05934
n02109	n07280
n02109	n07476
n02109	n07648
n02109	n07854
n02109	n08047
n02110	n08599
n02110	n09599
n02111	n06951
n02111	n08019
n02111	n08642
n02111	n09123
n02111	n09611
n02111	n09615
n02112	n08892
n02112	n08893
n02112	n08894
n02112	n09366
n02112	n09368
n02112	n09369
n02112	n09370
n02112	n09609
n02112	n09610
n02112	n09613
n02112	n09614
n02112	n09615
n02112	n09616
n02113	n03063
n02113	n09118
n02113	n09606
n02114	n03921
n02114	n08458
n02114	n08524
n02114	n09118
n02114	n09606
n02115	n06872
n02115	n08025
n02115	n09365
n02116	n08338
n02116	n09121
n02116	n09362
n02116	n09364
n02116	n09604
n02116	n09605
n02117	n02451
n02117	n08045
n02117	n09362
n02117	n09607
n02118	n05547
n02118	n06944
n02118	n08767
n02118	n08894
n02118	n09123
n02118	n09368
n02118	n09370
n02118	n09609
n02118	n09613
n02118	n09617
n02119	n04189
n02119	n05404
n02119	n06587
n02119	n08458
n02119	n09606
n02120	n06183
n02120	n07478
n02120	n07645
n02120	n09027
n02120	n09575
n02121	n04780
n02121	n04881
n02121	n08961
n02121	n09367
n02121	n09614
n02122	n06752
n02123	n00968
n02123	n08894
n02123	n09366
n02123	n09612
n02123	n09617
n02124	n00288
n02124	n02389
n02124	n08675
n02124	n09364
n02125	n04083
n02125	n04762
n02125	n09118
n02126	n03831
n02126	n09363
n02127	n05070
n02127	n05135
n02127	n09593
n02128	n01673
n02129	n00607
n02129	n05416
n02129	n05551
n02129	n05801
n02129	n06201
n02129	n07647
n02129	n07855
n02131	n06206
n02131	n06354
n02131	n08675
n02132	n06206
n02132	n06354
n02132	n08675
n02133	n04980
n02133	n06207
n02133	n06344
n02133	n08903
n02134	n03505
n02138	n01412
n02138	n01415
n02138	n05704
n02139	n04978
n02139	n04979
n02139	n05188
n02139	n05297
n02139	n05299
n02139	n05300
n02139	n05301
n02139	n05302
n02139	n05417
n02139	n05418
n02139	n05421
n02139	n05551
n02139	n05678
n02139	n05680
n02139	n05800
n02139	n05804
n02139	n05805
n02139	n05932
n02139	n05933
n02139	n06059
n02139	n06199
n02139	n06200
n02139	n06347
n02139	n06498
n02139	n06499
n02139	n06640
n02139	n07647
n02140	n04312
n02140	n04495
n02140	n09123
n02141	n03844
n02142	n01814
n02142	n07491
n02143	n00034
n02143	n02140
n02144	n09173
n02145	n08458
n02145	n08734
n02146	n04623
n02146	n06011
n02146	n06111
n02147	n03325
n02147	n08893
n02147	n09125
n02148	n05612
n02148	n05851
n02148	n07201
n02149	n01425
n02149	n05800
n02149	n05805
n02149	n06804
n02149	n07289
n02149	n07290
n02149	n07647
n02149	n07854
n02150	n03850
n02150	n05718
n02151	n01825
n02151	n01989
n02151	n06244
n02151	n07350
n02151	n09365
n02152	n08055
n02152	n09603
n02153	n03095
n02153	n04902
n02153	n08458
n02154	n03487
n02155	n04978
n02155	n04979
n02155	n05297
n02155	n05299
n02155	n05678
n02155	n05680
n02155	n05799
n02155	n05805
n02155	n06200
n02155	n06344
n02155	n06345
n02155	n06346
n02155	n06348
n02155	n06399
n02155	n06498
n02155	n06499
n02155	n06636
n02155	n06637
n02155	n06639
n02155	n06640
n02155	n06803
n02155	n06804
n02155	n06998
n02155	n07146
n02155	n07290
n02155	n07479
n02155	n07480
n02155	n07645
n02155	n07646
n02155	n07647
n02155	n07855
n02155	n08254
n02155	n08677
n02156	n07104
n02156	n08163
n02157	n03869
n02157	n07174
n02158	n04325
n02158	n04932
n02159	n07178
n02160	n01183
n02160	n01657
n02160	n04978
n02160	n05300
n02160	n05416
n02160	n05420
n02160	n05551
n02160	n05678
n02160	n05679
n02160	n05804
n02160	n06344
n02160	n06345
n02160	n06498
n02160	n06802
n02160	n06803
n02160	n06998
n02160	n07145
n02160	n07645
n02160	n07647
n02160	n07855
n02160	n08046
n02161	n04724
n02161	n07207
n02161	n09603
n02162	n07382
n02162	n09121
n02162	n09477
n02163	n05234
n02163	n08675
n02163	n09601
n02164	n09465
n02164	n09604
n02164	n09605
n02164	n09638
n02165	n05484
n02165	n08690
n02166	n07319
n02166	n09121
n02166	n09604
n02167	n04801
n02167	n08893
n02168	n08126
n02168	n08893
n02168	n09612
n02169	n04085
n02169	n05418
n02169	n05420
n02169	n06636
n02169	n06802
n02169	n07289
n02169	n08891
n02170	n03970
n02170	n09603
n02171	n08388
n02172	n08775
n02172	n09016
n02172	n09721
n02173	n04335
n02174	n00910
n02174	n05598
n02175	n08573
n02175	n08675
n02175	n09362
n02175	n09463
n02176	n05678
n02176	n05803
n02176	n06134
n02176	n06637
n02176	n09515
n02177	n07971
n02178	n06127
n02178	n07195
n02178	n08894
n02178	n09370
n02178	n09617
n02179	n08675
n02179	n09119
n02179	n09120
n02179	n09362
n02179	n09365
n02179	n09604
n02179	n09605
n02180	n03540
n02180	n05299
n02180	n05419
n02180	n05680
n02180	n05804
n02180	n06345
n02181	n09802
n02182	n04948
n02182	n06948
n02182	n08930
n02183	n03404
n02183	n09431
n02184	n08585
n02185	n00137
n02185	n08588
n02186	n04763
n02186	n09118
n02186	n09716
n02187	n03337
n02187	n08045
n02187	n09364
n02187	n09607
n02188	n00560
n02188	n01195
n02188	n07553
n02188	n08346
n02189	n06624
n02189	n09604
n02190	n02003
n02190	n07036
n02190	n09120
n02190	n09603
n02191	n06924
n02191	n07647
n02191	n09305
n02192	n07947
n02192	n08361
n02192	n09123
n02192	n09609
n02193	n05760
n02193	n07251
n02194	n05494
n02194	n08168
n02194	n09395
n02194	n09606
n02195	n08039
n02195	n09122
n02195	n09608
n02195	n09803
n02196	n04098
n02196	n06695
n02196	n07214
n02196	n07281
n02196	n08623
n02196	n09608
n02197	n03343
n02197	n05059
n02197	n08458
n02198	n04150
n02198	n04866
n02198	n06315
n02198	n08892
n02198	n09369
n02199	n03478
n02199	n09362
n02200	n03414
n02200	n08755
n02200	n08884
n02200	n09605
n02201	n04789
n02201	n04790
n02201	n04861
n02201	n08250
n02202	n06477
n02202	n06954
n02202	n09365
n02202	n09601
n02202	n09775
n02203	n03070
n02203	n05015
n02204	n05299
n02204	n07608
n02204	n09363
n02205	n05286
n02205	n07436
n02205	n07645
n02205	n08047
n02206	n02690
n02207	n05775
n02207	n08199
n02208	n03067
n02208	n07990
n02208	n07993
n02209	n03287
n02209	n03351
n02209	n06638
n02209	n08458
n02209	n09606
n02210	n09079
n02210	n09118
n02211	n05518
n02211	n06009
n02211	n08575
n02212	n03621
n02212	n05242
n02212	n05252
n02212	n06168
n02212	n09613
n02212	n09615
n02213	n01692
n02213	n05246
n02213	n05779
n02213	n06269
n02213	n08836
n02213	n09369
n02214	n05403
n02214	n08045
n02214	n08817
n02214	n09364
n02214	n09603
n02214	n09605
n02215	n03214
n02215	n04978
n02215	n05299
n02215	n05420
n02215	n05935
n02215	n06059
n02215	n06199
n02215	n06202
n02215	n07146
n02215	n08677
n02216	n06622
n02216	n07623
n02216	n07808
n02217	n06966
n02217	n07208
n02217	n09602
n02217	n09784
n02218	n03361
n02218	n06059
n02218	n06199
n02218	n06202
n02218	n07146
n02218	n07291
n02218	n07477
n02218	n07853
n02218	n08046
n02218	n08677
n02219	n05506
n02219	n05678
n02219	n05801
n02219	n05805
n02219	n05909
n02219	n06059
n02219	n06640
n02219	n07291
n02219	n07476
n02219	n07477
n02219	n07646
n02219	n07855
n02219	n08676
n02220	n05408
n02220	n07828
n02220	n08883
n02221	n05299
n02221	n06614
n02221	n06803
n02221	n07291
n02221	n07476
n02221	n07477
n02221	n07645
n02221	n07853
n02221	n08047
n02221	n08676
n02221	n08891
n02222	n06157
n02222	n06173
n02222	n06199
n02222	n06345
n02222	n06346
n02222	n06350
n02222	n06637
n02222	n07476
n02222	n07479
n02222	n07645
n02222	n08891
n02223	n07787
n02223	n09121
n02223	n09604
n02224	n05389
n02224	n09604
n02224	n09605
n02224	n09607
n02224	n09681
n02225	n04656
n02225	n05921
n02225	n07784
n02226	n07621
n02226	n08045
n02226	n09122
n02226	n09364
n02226	n09601
n02226	n09602
n02226	n09605
n02227	n05059
n02227	n06138
n02227	n07605
n02227	n08540
n02227	n09363
n02227	n09606
n02228	n08004
n02228	n08641
n02228	n08815
n02228	n09216
n02229	n03480
n02229	n08831
n02229	n08894
n02229	n09610
n02230	n04979
n02230	n05398
n02230	n05802
n02230	n05933
n02230	n07074
n02230	n07783
n02230	n08047
n02230	n08254
n02231	n01690
n02231	n03210
n02232	n05237
n02232	n05505
n02232	n08707
n02232	n09364
n02232	n09365
n02232	n09608
n02233	n04841
n02233	n06623
n02233	n06803
n02234	n03348
n02234	n07967
n02234	n08023
n02235	n02950
n02235	n05496
n02235	n06601
n02235	n07189
n02236	n07437
n02236	n08675
n02236	n09120
n02236	n09362
n02236	n09365
n02236	n09604
n02236	n09605
n02237	n02018
n02237	n03979
n02237	n09499
n02238	n00612
n02238	n06295
n02238	n07500
n02238	n08372
n02238	n09119
n02238	n09121
n02238	n09601
n02238	n09604
n02239	n02597
n02239	n08894
n02239	n09609
n02239	n09610
n02239	n09612
n02240	n04370
n02240	n07164
n02240	n08890
n02240	n09365
n02240	n09601
n02240	n09603
n02240	n09604
n02240	n09605
n02241	n04961
n02241	n08011
n02242	n06619
n02242	n06775
n02242	n09606
n02243	n03640
n02243	n08771
n02243	n09362
n02243	n09364
n02244	n00919
n02244	n02645
n02244	n03151
n02244	n08882
n02244	n09362
n02245	n03485
n02245	n08890
n02245	n09121
n02245	n09365
n02245	n09603
n02245	n09605
n02246	n07276
n02246	n08458
n02246	n09363
n02246	n09606
n02247	n03491
n02247	n04188
n02247	n08837
n02248	n04376
n02248	n04978
n02248	n05418
n02248	n05419
n02248	n05551
n02248	n05678
n02248	n05805
n02248	n05932
n02248	n05933
n02248	n06199
n02248	n06344
n02248	n06349
n02248	n06499
n02248	n06639
n02248	n06804
n02248	n07145
n02248	n07289
n02248	n07477
n02248	n07645
n02248	n07648
n02248	n08676
n02248	n09363
n02249	n03224
n02249	n04684
n02249	n09118
n02250	n02787
n02250	n09369
n02250	n09609
n02250	n09610
n02250	n09612
n02251	n05524
n02251	n05679
n02251	n05800
n02251	n05801
n02251	n06198
n02251	n06199
n02251	n06498
n02251	n06639
n02251	n06998
n02251	n07646
n02251	n07854
n02251	n07855
n02251	n08891
n02252	n02819
n02252	n02944
n02252	n08890
n02252	n09603
n02253	n00098
n02253	n00160
n02254	n06474
n02254	n06901
n02254	n07075
n02254	n07085
n02254	n08844
n02254	n08892
n02254	n09124
n02254	n09370
n02254	n09609
n02254	n09610
n02254	n09613
n02255	n04959
n02256	n06933
n02256	n07441
n02257	n06331
n02257	n06935
n02257	n09362
n02257	n09364
n02257	n09602
n02258	n07141
n02258	n09119
n02258	n09364
n02258	n09365
n02258	n09602
n02258	n09604
n02259	n04170
n02259	n08045
n02259	n08675
n02259	n09119
n02259	n09603
n02259	n09605
n02260	n03425
n02261	n05916
n02261	n09124
n02261	n09320
n02261	n09612
n02261	n09615
n02262	n02743
n02262	n04410
n02262	n04497
n02262	n04499
n02262	n05000
n02262	n05441
n02262	n07040
n02262	n09122
n02262	n09365
n02262	n09601
n02262	n09605
n02262	n09608
n02263	n05416
n02263	n05932
n02263	n06328
n02263	n06637
n02263	n06722
n02263	n07648
n02263	n09820
n02264	n00044
n02264	n04267
n02264	n05440
n02264	n09119
n02264	n09601
n02264	n09602
n02265	n04105
n02265	n05024
n02265	n07823
n02266	n00233
n02267	n06060
n02267	n08458
n02267	n09619
n02268	n08893
n02268	n09367
n02268	n09611
n02269	n01815
n02269	n08458
n02270	n04980
n02270	n06207
n02270	n06344
n02270	n08903
n02271	n03505
n02272	n01417
n02273	n08491
n02274	n09173
n02275	n03232
n02275	n04888
n02275	n09606
n02276	n00102
n02276	n05103
n02277	n07315
n02277	n09604
n02278	n04440
n02278	n07511
n02278	n08489
n02279	n00031
n02279	n00878
n02279	n02275
n02279	n02848
n02279	n03106
n02280	n06379
n02280	n07501
n02280	n09606
n02281	n01167
n02281	n09122
n02282	n06857
n02283	n03844
n02284	n08890
n02284	n09198
n02284	n09602
n02284	n09604
n02285	n03844
n02286	n04979
n02286	n05298
n02286	n05299
n02286	n05416
n02286	n05418
n02286	n05419
n02286	n05679
n02286	n05680
n02286	n05931
n02286	n05932
n02286	n05935
n02286	n06199
n02286	n06200
n02286	n06345
n02286	n06346
n02286	n06347
n02286	n06348
n02286	n06350
n02286	n06640
n02286	n06801
n02286	n06803
n02286	n06804
n02286	n07476
n02286	n07645
n02286	n07855
n02286	n08046
n02286	n08254
n02287	n00034
n02287	n02140
n02288	n05466
n02288	n08115
n02288	n09367
n02288	n09612
n02289	n00028
n02289	n00058
n02290	n02401
n02290	n02936
n02290	n09122
n02290	n09365
n02291	n06026
n02291	n07973
n02291	n08756
n02291	n09369
n02292	n08890
n02292	n09119
n02292	n09198
n02292	n09362
n02292	n09604
n02293	n08890
n02293	n09198
n02293	n09364
n02293	n09602
n02293	n09604
n02293	n09608
n02294	n02144
n02294	n02274
n02294	n03176
n02294	n05847
n02294	n08675
n02294	n09364
n02295	n05168
n02295	n07147
n02295	n07480
n02295	n07646
n02295	n07855
n02295	n08046
n02295	n08047
n02295	n08733
n02295	n09204
n02296	n04272
n02297	n00098
n02297	n00160
n02297	n04324
n02298	n06637
n02298	n07479
n02299	n06906
n02299	n08132
n02299	n09615
n02300	n04542
n02300	n07145
n02301	n05356
n02301	n09119
n02302	n02527
n02303	n03199
n02304	n06883
n02304	n09002
n02305	n03400
n02305	n09121
n02305	n09122
n02305	n09362
n02305	n09605
n02306	n03038
n02307	n04832
n02308	n08045
n02308	n09122
n02308	n09364
n02308	n09602
n02308	n09607
n02308	n09608
n02309	n01988
n02309	n04549
n02310	n03048
n02310	n08990
n02311	n07988
n02311	n08368
n02312	n05041
n02312	n06021
n02313	n02302
n02313	n07742
n02314	n02281
n02314	n05318
n02314	n09605
n02315	n08125
n02315	n08892
n02315	n08894
n02315	n09367
n02315	n09612
n02315	n09615
n02316	n03401
n02316	n05220
n02316	n07599
n02316	n09230
n02317	n08583
n02317	n08820
n02317	n09362
n02318	n05934
n02318	n05935
n02318	n06497
n02318	n06640
n02318	n07479
n02318	n09649
n02318	n09759
n02319	n00552
n02319	n09609
n02320	n02145
n02320	n05129
n02320	n09741
n02321	n06734
n02322	n03061
n02322	n05298
n02322	n05299
n02322	n05300
n02322	n06202
n02322	n08509
n02323	n03993
n02323	n09120
n02324	n07979
n02325	n00183
n02326	n08374
n02326	n09606
n02327	n03125
n02327	n05320
n02327	n06153
n02328	n01228
n02328	n01428
n02328	n02748
n02328	n03110
n02328	n05109
n02328	n08095
n02328	n08890
n02328	n09120
n02328	n09603
n02328	n09605
n02329	n03992
n02329	n04546
n02329	n05483
n02330	n03541
n02330	n08959
n02330	n09207
n02330	n09369
n02330	n09617
n02331	n04067
n02331	n05047
n02331	n09122
n02331	n09362
n02331	n09365
n02331	n09601
n02332	n01999
n02332	n03868
n02332	n06350
n02332	n06801
n02332	n07647
n02332	n08712
n02333	n03417
n02333	n06483
n02333	n07091
n02333	n09788
n02334	n01461
n02334	n08317
n02334	n09121
n02334	n09362
n02334	n09601
n02335	n02562
n02335	n04323
n02335	n05412
n02335	n08675
n02335	n09362
n02335	n09364
n02335	n09607
n02336	n02564
n02336	n06730
n02336	n08266
n02336	n08892
n02336	n08956
n02336	n08975
n02336	n09367
n02336	n09369
n02336	n09370
n02336	n09613
n02337	n07794
n02337	n08045
n02337	n09119
n02337	n09364
n02337	n09601
n02337	n09602
n02337	n09603
n02338	n09120
n02338	n09122
n02338	n09326
n02338	n09605
n02338	n09608
n02339	n05529
n02339	n06618
n02339	n09602
n02340	n03123
n02340	n08045
n02340	n08880
n02340	n09601
n02340	n09604
n02340	n09605
n02341	n09298
n02342	n04371
n02342	n07115
n02342	n09797
n02343	n00154
n02343	n06440
n02343	n09607
n02344	n09109
n02344	n09118
n02344	n09363
n02345	n00152
n02345	n07891
n02346	n03554
n02346	n09614
n02347	n01232
n02347	n02189
n02348	n03085
n02349	n06956
n02349	n09608
n02350	n08003
n02350	n08744
n02351	n02183
n02351	n03606
n02351	n05969
n02352	n08182
n02352	n09252
n02352	n09365
n02352	n09601
n02352	n09608
n02353	n08227
n02353	n09119
n02353	n09120
n02353	n09603
n02354	n08208
n02354	n09508
n02355	n05414
n02355	n05977
n02355	n09118
n02355	n09295
n02356	n00739
n02356	n01365
n02356	n01754
n02356	n02596
n02357	n02440
n02357	n07645
n02357	n08675
n02357	n09118
n02357	n09119
n02357	n09122
n02357	n09364
n02357	n09603
n02357	n09604
n02357	n09605
n02357	n09608
n02358	n06771
n02358	n06995
n02358	n09119
n02358	n09252
n02358	n09602
n02359	n02688
n02359	n05109
n02359	n06007
n02359	n07050
n02359	n08761
n02359	n09601
n02359	n09608
n02360	n01629
n02360	n02392
n02360	n02393
n02360	n02632
n02360	n05181
n02360	n08045
n02360	n08675
n02360	n09118
n02360	n09120
n02360	n09122
n02360	n09362
n02360	n09364
n02360	n09602
n02360	n09604
n02361	n06053
n02361	n09119
n02361	n09339
n02361	n09602
n02361	n09603
n02362	n05297
n02362	n05301
n02362	n05418
n02362	n05551
n02362	n05656
n02362	n05802
n02362	n05931
n02362	n06059
n02362	n06200
n02362	n06498
n02362	n06637
n02362	n06804
n02362	n07476
n02362	n07645
n02363	n03637
n02363	n08254
n02363	n09095
n02364	n06046
n02364	n06346
n02364	n07448
n02364	n07480
n02364	n07646
n02364	n07647
n02364	n08891
n02365	n05297
n02365	n05416
n02365	n05419
n02365	n05551
n02365	n05680
n02365	n05805
n02365	n05931
n02365	n05934
n02365	n06199
n02365	n06200
n02365	n06201
n02365	n06344
n02365	n06345
n02365	n06346
n02365	n06347
n02365	n06348
n02365	n06349
n02365	n06350
n02365	n06497
n02365	n06498
n02365	n06499
n02365	n06639
n02365	n06640
n02365	n06802
n02365	n06803
n02365	n07145
n02365	n07146
n02365	n07147
n02365	n07291
n02365	n07648
n02365	n07853
n02365	n07854
n02365	n07855
n02365	n08254
n02365	n08676
n02365	n08677
n02365	n09136
n02366	n02571
n02366	n08894
n02366	n09123
n02366	n09368
n02366	n09611
n02366	n09613
n02367	n02678
n02368	n03390
n02368	n05803
n02368	n07854
n02369	n01649
n02369	n03040
n02370	n00161
n02370	n03780
n02370	n07781
n02370	n08620
n02371	n00838
n02371	n07755
n02372	n04333
n02372	n08675
n02372	n09120
n02372	n09364
n02372	n09365
n02372	n09601
n02372	n09604
n02373	n06176
n02373	n06497
n02373	n06637
n02373	n06803
n02373	n07648
n02373	n09606
n02374	n03834
n02374	n08629
n02374	n08675
n02374	n09602
n02374	n09605
n02375	n04265
n02375	n04827
n02375	n06333
n02375	n08045
n02376	n02599
n02376	n05793
n02376	n09604
n02377	n03362
n02377	n08892
n02377	n08894
n02377	n09125
n02377	n09610
n02378	n02193
n02378	n09607
n02379	n05297
n02379	n05302
n02379	n05416
n02379	n05417
n02379	n05419
n02379	n05678
n02379	n05679
n02379	n05801
n02379	n05932
n02379	n05934
n02379	n06059
n02379	n06199
n02379	n06200
n02379	n06499
n02379	n06640
n02379	n06801
n02379	n06803
n02379	n06998
n02379	n07145
n02379	n07268
n02379	n07289
n02379	n07478
n02379	n07479
n02379	n07854
n02379	n07855
n02379	n08046
n02379	n08048
n02379	n08676
n02379	n08891
n02380	n02897
n02380	n06595
n02380	n08013
n02381	n03333
n02381	n06124
n02381	n06802
n02381	n07476
n02381	n09307
n02382	n03221
n02382	n04553
n02382	n04844
n02382	n06975
n02383	n02675
n02383	n05536
n02383	n09121
n02383	n09122
n02383	n09409
n02383	n09608
n02384	n03828
n02384	n03867
n02384	n04218
n02384	n07028
n02384	n08890
n02384	n09122
n02384	n09603
n02384	n09608
n02384	n09613
n02384	n09681
n02385	n05504
n02385	n09119
n02385	n09121
n02385	n09605
n02386	n05384
n02386	n08675
n02387	n03244
n02387	n03674
n02387	n04235
n02387	n04385
n02387	n05766
n02387	n09603
n02388	n03033
n02388	n03619
n02388	n05231
n02388	n05711
n02388	n08458
n02388	n08951
n02388	n09196
n02388	n09363
n02388	n09606
n02389	n02421
n02390	n00619
n02390	n07471
n02390	n08458
n02391	n08235
n02392	n06810
n02392	n08263
n02393	n06810
n02393	n08263
n02394	n02841
n02394	n03448
n02395	n04416
n02395	n06497
n02396	n05553
n02396	n08045
n02396	n09364
n02396	n09365
n02396	n09371
n02396	n09607
n02398	n05820
n02398	n08693
n02398	n09139
n02398	n09604
n02399	n05416
n02399	n06638
n02400	n06085
n02400	n07007
n02400	n09124
n02401	n09440
n02402	n00539
n02402	n04500
n02402	n09362
n02402	n09364
n02403	n03167
n02403	n03304
n02403	n09369
n02404	n03652
n02404	n07667
n02404	n09610
n02404	n09616
n02405	n09362
n02405	n09608
n02406	n02757
n02406	n09603
n02407	n00090
n02408	n05233
n02409	n05219
n02409	n07670
n02409	n08937
n02410	n09601
n02410	n09656
n02411	n03031
n02411	n09120
n02412	n03585
n02412	n09369
n02413	n04031
n02413	n04591
n02413	n05799
n02414	n01825
n02414	n01989
n02414	n05832
n02414	n06244
n02414	n07350
n02414	n08045
n02414	n09362
n02414	n09364
n02415	n03900
n02416	n05319
n02416	n09253
n02416	n09603
n02417	n03411
n02417	n08890
n02417	n09121
n02417	n09603
n02418	n04052
n02418	n07584
n02419	n08890
n02419	n09362
n02419	n09601
n02419	n09602
n02420	n06720
n02421	n09121
n02421	n09362
n02421	n09601
n02421	n09604
n02421	n09608
n02422	n09245
n02422	n09362
n02422	n09675
n02423	n04824
n02423	n08754
n02423	n09718
n02424	n06444
n02424	n07939
n02425	n05850
n02425	n09363
n02426	n04405
n02426	n04696
n02426	n07681
n02426	n07880
n02427	n08757
n02427	n09123
n02427	n09222
n02427	n09366
n02427	n09614
n02427	n09616
n02428	n03258
n02428	n04055
n02428	n04912
n02428	n05006
n02429	n05234
n02430	n06917
n02430	n08677
n02430	n08812
n02431	n05601
n02431	n08047
n02432	n03339
n02433	n01183
n02433	n01657
n02433	n04059
n02433	n04978
n02433	n05419
n02433	n05678
n02433	n05679
n02433	n06344
n02433	n06802
n02433	n06803
n02433	n06998
n02433	n07145
n02433	n07647
n02433	n07927
n02433	n08047
n02434	n03996
n02435	n06562
n02436	n09267
n02437	n06632
n02438	n01425
n02438	n05301
n02438	n05805
n02438	n06059
n02438	n06345
n02438	n06636
n02438	n06804
n02438	n07289
n02438	n07854
n02438	n08048
n02439	n05599
n02439	n08172
n02439	n09366
n02439	n09609
n02439	n09612
n02440	n06139
n02440	n09269
n02441	n05134
n02441	n09602
n02442	n09518
n02443	n07555
n02444	n03339
n02444	n07189
n02444	n09364
n02445	n05188
n02445	n05301
n02445	n05801
n02445	n06199
n02445	n06344
n02445	n06345
n02445	n06636
n02445	n06639
n02445	n06803
n02445	n09231
n02446	n00893
n02446	n03464
n02446	n08165
n02446	n09614
n02447	n07737
n02447	n09121
n02447	n09122
n02447	n09438
n02447	n09601
n02447	n09605
n02448	n07137
n02448	n08821
n02448	n09365
n02449	n01834
n02449	n01995
n02449	n02159
n02449	n07902
n02449	n09120
n02449	n09362
n02449	n09407
n02450	n08619
n02450	n08960
n02450	n09369
n02451	n04283
n02451	n09794
n02452	n04536
n02452	n06803
n02453	n03543
n02454	n04978
n02454	n06018
n02454	n06497
n02454	n07478
n02454	n07647
n02454	n09710
n02455	n03802
n02455	n06497
n02455	n07085
n02456	n03416
n02456	n05417
n02456	n05419
n02456	n05492
n02456	n05680
n02456	n06059
n02456	n06200
n02456	n06347
n02456	n06803
n02456	n07145
n02456	n07289
n02456	n07476
n02456	n07645
n02456	n07854
n02456	n08891
n02457	n05573
n02457	n05821
n02457	n05998
n02457	n07137
n02457	n07166
n02457	n08890
n02457	n08941
n02457	n09603
n02458	n06300
n02458	n06802
n02458	n07645
n02459	n06162
n02459	n07608
n02459	n09606
n02460	n04099
n02460	n04759
n02460	n08458
n02461	n03918
n02461	n05344
n02461	n06202
n02461	n06344
n02461	n06497
n02461	n07477
n02461	n07853
n02461	n08254
n02461	n08676
n02462	n04978
n02462	n05188
n02462	n05416
n02462	n05420
n02462	n05801
n02462	n05932
n02462	n06201
n02462	n06344
n02462	n06346
n02462	n06349
n02462	n06638
n02462	n06802
n02462	n07290
n02462	n07479
n02462	n07617
n02462	n07648
n02462	n08397
n02463	n05435
n02463	n07792
n02463	n07811
n02463	n08798
n02463	n08936
n02463	n09118
n02464	n03479
n02464	n03532
n02464	n06344
n02464	n07457
n02464	n07477
n02464	n07853
n02464	n07854
n02465	n04802
n02465	n05332
n02465	n08238
n02466	n06198
n02466	n08638
n02466	n09306
n02467	n05511
n02467	n06971
n02467	n09365
n02468	n04979
n02468	n05188
n02468	n05297
n02468	n05299
n02468	n05301
n02468	n05419
n02468	n05420
n02468	n05421
n02468	n05799
n02468	n05800
n02468	n05802
n02468	n05804
n02468	n05805
n02468	n05932
n02468	n05934
n02468	n06200
n02468	n06201
n02468	n06202
n02468	n06344
n02468	n06345
n02468	n06350
n02468	n06499
n02468	n06637
n02468	n06801
n02468	n06803
n02468	n07145
n02468	n07289
n02468	n07291
n02468	n07476
n02468	n07477
n02468	n07645
n02468	n07854
n02468	n08047
n02468	n08048
n02468	n08254
n02468	n08677
n02468	n09118
n02469	n01235
n02469	n08848
n02469	n09120
n02469	n09603
n02469	n09604
n02470	n04470
n02470	n05051
n02470	n07474
n02470	n09363
n02471	n03495
n02471	n09606
n02471	n09635
n02472	n03071
n02472	n04182
n02472	n08491
n02472	n09362
n02472	n09604
n02472	n09605
n02472	n09607
n02473	n08415
n02474	n05162
n02474	n06942
n02474	n07282
n02474	n08632
n02475	n06796
n02475	n07101
n02475	n09119
n02475	n09120
n02475	n09362
n02475	n09604
n02475	n09607
n02476	n04979
n02476	n05298
n02476	n05299
n02476	n05300
n02476	n05301
n02476	n05416
n02476	n05417
n02476	n05419
n02476	n05420
n02476	n05551
n02476	n05799
n02476	n05800
n02476	n05801
n02476	n05803
n02476	n05931
n02476	n05932
n02476	n05935
n02476	n06199
n02476	n06200
n02476	n06345
n02476	n06346
n02476	n06349
n02476	n06350
n02476	n06497
n02476	n06498
n02476	n06638
n02476	n06640
n02476	n06801
n02476	n06802
n02476	n06803
n02476	n06804
n02476	n07146
n02476	n07147
n02476	n07478
n02476	n07479
n02476	n07645
n02476	n07646
n02476	n07648
n02476	n07855
n02476	n08048
n02476	n08254
n02476	n08676
n02477	n04296
n02477	n05856
n02478	n05149
n02478	n05416
n02478	n06326
n02478	n06344
n02478	n06348
n02478	n06802
n02478	n06998
n02478	n07291
n02478	n08254
n02479	n08439
n02479	n09092
n02480	n03139
n02480	n07129
n02480	n07477
n02481	n03079
n02482	n04978
n02482	n05419
n02482	n05659
n02482	n05678
n02482	n05805
n02482	n05931
n02482	n05934
n02482	n06059
n02482	n06348
n02482	n06636
n02482	n06637
n02482	n07290
n02482	n07480
n02482	n08048
n02483	n02658
n02483	n09125
n02483	n09614
n02484	n02276
n02484	n06267
n02484	n08675
n02484	n09604
n02484	n09605
n02485	n05046
n02485	n05049
n02485	n08137
n02485	n08458
n02485	n09138
n02486	n02977
n02486	n07097
n02486	n09193
n02487	n04083
n02488	n01116
n02489	n04978
n02489	n05283
n02489	n05297
n02489	n05299
n02489	n05300
n02489	n05418
n02489	n05678
n02489	n05679
n02489	n05680
n02489	n05801
n02489	n05803
n02489	n06200
n02489	n06346
n02489	n06348
n02489	n06497
n02489	n06636
n02489	n06638
n02489	n06998
n02489	n07145
n02489	n07289
n02489	n07855
n02489	n08048
n02489	n08892
n02490	n06316
n02490	n09118
n02490	n09798
n02491	n06182
n02491	n07783
n02492	n04355
n02492	n06202
n02492	n08637
n02493	n05783
n02493	n09362
n02494	n03352
n02495	n00142
n02495	n02324
n02495	n06567
n02495	n09319
n02496	n08045
n02496	n09119
n02496	n09121
n02496	n09122
n02496	n09602
n02496	n09603
n02496	n09604
n02497	n03901
n02497	n06201
n02497	n07645
n02497	n07739
n02497	n07855
n02497	n09036
n02498	n04869
n02498	n05089
n02498	n06074
n02498	n09118
n02498	n09363
n02499	n05710
n02499	n06516
n02499	n07114
n02499	n07124
n02499	n07615
n02499	n09118
n02499	n09363
n02499	n09607
n02500	n04476
n02500	n08674
n02500	n09086
n02500	n09606
n02501	n02978
n02501	n09118
n02501	n09606
n02502	n06321
n02502	n08209
n02502	n08894
n02502	n09367
n02502	n09519
n02503	n04753
n02503	n09099
n02503	n09119
n02503	n09522
n02503	n09603
n02504	n00889
n02504	n00943
n02504	n02634
n02504	n09152
n02505	n03699
n02505	n09366
n02506	n01664
n02506	n07596
n02507	n02173
n02507	n09118
n02507	n09606
n02508	n05133
n02508	n06299
n02508	n07255
n02508	n07434
n02508	n08878
n02508	n09439
n02509	n04192
n02509	n04382
n02509	n07913
n02509	n09605
n02510	n05421
n02510	n05931
n02510	n06059
n02510	n07648
n02510	n07813
n02510	n07853
n02510	n08440
n02510	n09118
n02511	n03715
n02511	n06972
n02511	n09121
n02511	n09602
n02512	n01872
n02512	n07418
n02513	n03923
n02513	n08342
n02513	n08599
n02513	n09118
n02514	n04473
n02514	n07632
n02515	n05887
n02515	n08458
n02515	n09118
n02515	n09130
n02515	n09363
n02516	n02780
n02516	n08675
n02516	n09121
n02516	n09364
n02516	n09607
n02516	n09617
n02517	n00210
n02517	n06337
n02518	n03913
n02518	n05297
n02518	n05299
n02518	n05418
n02518	n06202
n02518	n06349
n02518	n06497
n02518	n06499
n02518	n06639
n02518	n07290
n02518	n07645
n02518	n08676
n02519	n00739
n02519	n00926
n02519	n09121
n02520	n00289
n02520	n04687
n02521	n01977
n02521	n02131
n02521	n02132
n02521	n02740
n02521	n02742
n02521	n03941
n02521	n09120
n02522	n01813
n02523	n03089
n02523	n04036
n02523	n05569
n02523	n09125
n02523	n09370
n02523	n09613
n02524	n01412
n02524	n01415
n02524	n05704
n02526	n01821
n02526	n02951
n02526	n03679
n02526	n05721
n02527	n05089
n02527	n07896
n02527	n08682
n02528	n00004
n02528	n00027
n02528	n00039
n02528	n00866
n02529	n06541
n02529	n09606
n02530	n05300
n02530	n05301
n02530	n07978
n02531	n09366
n02531	n09368
n02531	n09609
n02531	n09612
n02531	n09613
n02531	n09617
n02532	n06827
n02532	n08045
n02532	n09121
n02532	n09122
n02532	n09602
n02532	n09605
n02533	n09481
n02534	n04978
n02534	n04979
n02534	n05188
n02534	n05297
n02534	n05299
n02534	n05300
n02534	n05301
n02534	n05302
n02534	n05417
n02534	n05418
n02534	n05421
n02534	n05551
n02534	n05678
n02534	n05680
n02534	n05800
n02534	n05804
n02534	n05805
n02534	n05932
n02534	n05933
n02534	n06059
n02534	n06199
n02534	n06200
n02534	n06347
n02534	n06498
n02534	n06499
n02534	n06640
n02534	n07647
n02535	n04621
n02535	n06312
n02535	n08541
n02535	n09121
n02535	n09608
n02536	n03033
n02536	n03619
n02536	n04328
n02537	n08890
n02537	n09198
n02537	n09604
n02538	n06629
n02538	n06638
n02538	n06801
n02538	n06803
n02538	n07645
n02539	n04226
n02540	n08055
n02540	n09603
n02541	n05892
n02541	n09122
n02541	n09604
n02542	n09227
n02543	n05744
n02543	n08992
n02544	n00028
n02544	n00058
n02544	n08069
n02545	n03722
n02545	n06801
n02545	n07476
n02546	n05035
n02546	n06129
n02547	n05805
n02547	n06114
n02547	n06749
n02547	n06804
n02547	n07289
n02547	n07853
n02547	n07854
n02548	n03589
n02548	n09199
n02549	n03717
n02550	n06754
n02550	n08768
n02551	n00873
n02551	n04523
n02552	n00108
n02552	n00542
n02552	n00890
n02552	n00920
n02552	n03088
n02552	n05693
n02553	n07957
n02553	n09122
n02554	n07290
n02554	n07647
n02554	n07648
n02554	n09021
n02555	n09366
n02556	n04834
n02556	n09123
n02556	n09124
n02556	n09611
n02556	n09614
n02556	n09615
n02556	n09617
n02557	n01834
n02557	n01995
n02557	n02159
n02557	n09604
n02558	n04588
n02558	n06071
n02558	n07866
n02559	n00043
n02559	n00118
n02559	n00129
n02559	n00166
n02559	n08045
n02560	n04833
n02560	n09120
n02560	n09122
n02561	n03338
n02561	n09120
n02561	n09122
n02561	n09364
n02561	n09605
n02561	n09608
n02562	n02276
n02562	n03091
n02562	n06267
n02562	n09119
n02562	n09604
n02562	n09605
n02563	n06409
n02563	n08373
n02564	n04062
n02565	n04654
n02566	n01991
n02567	n04160
n02567	n04244
n02568	n00925
n02568	n09365
n02569	n01206
n02569	n08419
n02570	n04728
n02570	n06414
n02571	n09369
n02571	n09370
n02571	n09617
n02572	n06239
n02572	n07464
n02573	n00179
n02573	n05013
n02573	n08779
n02573	n09121
n02573	n09601
n02574	n05037
n02575	n01829
n02575	n09118
n02576	n06604
n02576	n07370
n02576	n09369
n02576	n09616
n02577	n03995
n02577	n05526
n02577	n06665
n02577	n07331
n02577	n09363
n02578	n05364
n02578	n06463
n02579	n05711
n02579	n09118
n02579	n09196
n02579	n09363
n02579	n09606
n02580	n06180
n02580	n08458
n02581	n03356
n02581	n03429
n02581	n09106
n02581	n09363
n02582	n03195
n02582	n08675
n02583	n01547
n02583	n04376
n02583	n04978
n02583	n05800
n02583	n05931
n02583	n05933
n02583	n06059
n02583	n06637
n02583	n06640
n02583	n07442
n02583	n08048
n02584	n03998
n02584	n05188
n02584	n05302
n02584	n06803
n02584	n07120
n02584	n08233
n02585	n07438
n02585	n08406
n02586	n06023
n02586	n07121
n02586	n07273
n02586	n07576
n02586	n09606
n02587	n04086
n02587	n06409
n02587	n06581
n02588	n03893
n02588	n03904
n02588	n09601
n02588	n09602
n02588	n09604
n02588	n09608
n02589	n01851
n02589	n07925
n02589	n09193
n02589	n09535
n02590	n05630
n02590	n09122
n02590	n09309
n02590	n09362
n02590	n09364
n02590	n09602
n02590	n09604
n02591	n00200
n02591	n04185
n02592	n08418
n02592	n08675
n02592	n08890
n02592	n09122
n02592	n09601
n02592	n09602
n02592	n09603
n02593	n07373
n02593	n07775
n02594	n04096
n02594	n07449
n02594	n09088
n02594	n09118
n02595	n00291
n02595	n02253
n02595	n08890
n02595	n09603
n02596	n00566
n02596	n09604
n02597	n06517
n02597	n08085
n02597	n08892
n02597	n08899
n02597	n09123
n02597	n09366
n02597	n09616
n02598	n01192
n02598	n07191
n02599	n09256
n02600	n06448
n02600	n09078
n02601	n00568
n02601	n04570
n02601	n06615
n02601	n07240
n02602	n05800
n02602	n07146
n02602	n07226
n02602	n08008
n02603	n02683
n02603	n05416
n02603	n05932
n02603	n06498
n02603	n07476
n02603	n07854
n02603	n08545
n02603	n08676
n02603	n09349
n02604	n04366
n02604	n08410
n02604	n08675
n02604	n09119
n02605	n03743
n02605	n04120
n02605	n04366
n02605	n09122
n02605	n09362
n02605	n09601
n02605	n09604
n02605	n09605
n02605	n09607
n02605	n09608
n02606	n07955
n02606	n09363
n02607	n05264
n02607	n05417
n02607	n07855
n02607	n07991
n02608	n03812
n02608	n05763
n02608	n09368
n02608	n09613
n02608	n09614
n02609	n03005
n02609	n07122
n02609	n09120
n02609	n09608
n02610	n03223
n02610	n09603
n02611	n06049
n02611	n08675
n02611	n09258
n02611	n09603
n02611	n09605
n02611	n09608
n02612	n03432
n02612	n09363
n02613	n06619
n02613	n06774
n02613	n09363
n02613	n09606
n02614	n06189
n02614	n08893
n02614	n09367
n02614	n09370
n02614	n09609
n02614	n09610
n02614	n09616
n02614	n09617
n02615	n03147
n02615	n04196
n02615	n05300
n02615	n06350
n02615	n06804
n02615	n07476
n02615	n07853
n02615	n08048
n02616	n01694
n02616	n04474
n02616	n09118
n02617	n04076
n02617	n06607
n02617	n08482
n02618	n06965
n02618	n08045
n02618	n09121
n02618	n09122
n02618	n09365
n02618	n09607
n02619	n03928
n02619	n09075
n02619	n09356
n02620	n08763
n02620	n08899
n02620	n09124
n02620	n09614
n02620	n09809
n02621	n03813
n02621	n09606
n02621	n09798
n02622	n04602
n02622	n06325
n02622	n06630
n02622	n09563
n02622	n09603
n02622	n09607
n02623	n05872
n02623	n07751
n02623	n08579
n02623	n09118
n02623	n09606
n02624	n04680
n02624	n09117
n02624	n09585
n02624	n09609
n02624	n09612
n02624	n09613
n02625	n05284
n02625	n08240
n02625	n09121
n02626	n07816
n02626	n09606
n02627	n01753
n02627	n05074
n02627	n06200
n02627	n07071
n02627	n08046
n02628	n02011
n02628	n05803
n02628	n05805
n02628	n06497
n02628	n06498
n02628	n06639
n02628	n07147
n02629	n05188
n02629	n06637
n02629	n08203
n02630	n00256
n02630	n02186
n02631	n03369
n02631	n03742
n02631	n05806
n02632	n06810
n02632	n08263
n02633	n04984
n02633	n08894
n02634	n02269
n02634	n07682
n02635	n07315
n02635	n09601
n02636	n09667
n02637	n08703
n02638	n00046
n02639	n02940
n02639	n03102
n02639	n04978
n02639	n05301
n02639	n05417
n02639	n05419
n02639	n05421
n02639	n05551
n02639	n05680
n02639	n05799
n02639	n05801
n02639	n05803
n02639	n05804
n02639	n05933
n02639	n06059
n02639	n06199
n02639	n06202
n02639	n06347
n02639	n06349
n02639	n06350
n02639	n06498
n02639	n06499
n02639	n06636
n02639	n06640
n02639	n06802
n02639	n06803
n02639	n06804
n02639	n06998
n02639	n07147
n02639	n07289
n02639	n07290
n02639	n07291
n02639	n07477
n02639	n07478
n02639	n07645
n02639	n07648
n02639	n07853
n02639	n08046
n02639	n08047
n02639	n08048
n02639	n08891
n02640	n07900
n02640	n08675
n02641	n05815
n02641	n06828
n02642	n02399
n02642	n05300
n02642	n06059
n02642	n06637
n02642	n08268
n02642	n09606
n02643	n07025
n02644	n03246
n02645	n04517
n02646	n03850
n02646	n05718
n02647	n06268
n02647	n09422
n02648	n04126
n02649	n00034
n02649	n02140
n02649	n06084
n02650	n01416
n02650	n01636
n02650	n01651
n02650	n02142
n02650	n06110
n02651	n01177
n02651	n02395
n02651	n03957
n02651	n07919
n02651	n09367
n02651	n09610
n02651	n09617
n02652	n06689
n02653	n04241
n02653	n05337
n02654	n08716
n02654	n08736
n02654	n09605
n02655	n04037
n02655	n05301
n02655	n06801
n02656	n06083
n02656	n09121
n02657	n04830
n02657	n08458
n02658	n07392
n02658	n09460
n02659	n01178
n02659	n04634
n02660	n05629
n02660	n06844
n02661	n06575
n02661	n08045
n02661	n09601
n02661	n09603
n02662	n00077
n02662	n00113
n02662	n09121
n02663	n08675
n02663	n09362
n02664	n04452
n02664	n09370
n02664	n09612
n02664	n09613
n02665	n04332
n02665	n08281
n02666	n09366
n02666	n09703
n02667	n06345
n02667	n07591
n02667	n08677
n02667	n08942
n02668	n02148
n02669	n07542
n02669	n08476
n02670	n01649
n02670	n03391
n02670	n08458
n02670	n09363
n02670	n09606
n02671	n03263
n02671	n09119
n02671	n09122
n02672	n00100
n02672	n06367
n02673	n00536
n02673	n09038
n02674	n03336
n02674	n09608
n02675	n04552
n02675	n09362
n02675	n09364
n02676	n09122
n02676	n09760
n02677	n04941
n02678	n04898
n02678	n05327
n02678	n05610
n02678	n08537
n02679	n00116
n02680	n04151
n02680	n07072
n02680	n07284
n02680	n08892
n02680	n09367
n02681	n05372
n02681	n06892
n02682	n06804
n02682	n09076
n02682	n09119
n02683	n07480
n02683	n07950
n02683	n08254
n02683	n09421
n02684	n00119
n02684	n09365
n02685	n02870
n02685	n06450
n02686	n01434
n02686	n08138
n02686	n08139
n02687	n04210
n02687	n06637
n02687	n09273
n02687	n09365
n02687	n09601
n02687	n09603
n02688	n05358
n02688	n07051
n02688	n09119
n02688	n09362
n02689	n03796
n02689	n06628
n02690	n04345
n02690	n09363
n02690	n09606
n02691	n00201
n02691	n02535
n02692	n06685
n02692	n09376
n02693	n02296
n02693	n07335
n02694	n07106
n02695	n04969
n02695	n05367
n02695	n05416
n02695	n05680
n02695	n05932
n02695	n05934
n02695	n06349
n02695	n06802
n02695	n07646
n02695	n08047
n02696	n00087
n02696	n00165
n02696	n00546
n02696	n02023
n02696	n04877
n02697	n06159
n02697	n07614
n02697	n09120
n02698	n03467
n02698	n08458
n02698	n09118
n02698	n09606
n02699	n06996
n02699	n09125
n02699	n09363
n02699	n09367
n02699	n09609
n02699	n09614
n02699	n09616
n02700	n03367
n02700	n05061
n02700	n08575
n02700	n08787
n02701	n04852
n02701	n05804
n02701	n07646
n02701	n08184
n02702	n03724
n02702	n05417
n02702	n05802
n02702	n05803
n02702	n05934
n02702	n06059
n02702	n06198
n02702	n06497
n02702	n06636
n02702	n06638
n02702	n07290
n02703	n06044
n02703	n07997
n02703	n09331
n02703	n09365
n02703	n09601
n02704	n05064
n02704	n05188
n02704	n05298
n02704	n05551
n02704	n05679
n02704	n05680
n02704	n05799
n02704	n05803
n02704	n05805
n02704	n05934
n02704	n05935
n02704	n06200
n02704	n06347
n02704	n06350
n02704	n06637
n02704	n06640
n02704	n06801
n02704	n06804
n02704	n07289
n02704	n07290
n02704	n07291
n02704	n07853
n02704	n07854
n02704	n08046
n02705	n05778
n02705	n08214
n02705	n09602
n02706	n07443
n02707	n04950
n02707	n04980
n02707	n06207
n02707	n06637
n02707	n07145
n02707	n08045
n02707	n09602
n02707	n09607
n02708	n04779
n02708	n05419
n02708	n05551
n02708	n05933
n02708	n07854
n02708	n08031
n02709	n04454
n02710	n07470
n02710	n09314
n02710	n09606
n02711	n07286
n02711	n09120
n02711	n09601
n02712	n03196
n02712	n04924
n02712	n07896
n02713	n04565
n02713	n09340
n02714	n09601
n02714	n09814
n02715	n06468
n02715	n08045
n02715	n08890
n02715	n09122
n02715	n09365
n02715	n09602
n02715	n09603
n02715	n09607
n02716	n02441
n02716	n09119
n02716	n09120
n02716	n09603
n02716	n09604
n02717	n05918
n02717	n08847
n02718	n00263
n02718	n09118
n02719	n05542
n02719	n06940
n02719	n07952
n02719	n09119
n02719	n09602
n02720	n07621
n02720	n07803
n02720	n08675
n02720	n09042
n02720	n09119
n02720	n09365
n02721	n03486
n02721	n07423
n02722	n03615
n02722	n03730
n02722	n04782
n02722	n09125
n02722	n09564
n02722	n09609
n02722	n09614
n02722	n09615
n02723	n06612
n02723	n09118
n02723	n09363
n02724	n07764
n02724	n09118
n02724	n09363
n02725	n03296
n02725	n03492
n02725	n06494
n02725	n08438
n02725	n09607
n02726	n03914
n02726	n09587
n02726	n09602
n02726	n09605
n02727	n00580
n02728	n08846
n02729	n05048
n02729	n07093
n02729	n08081
n02729	n08367
n02730	n02672
n02730	n02835
n02730	n06228
n02730	n09118
n02731	n05790
n02731	n06319
n02731	n07400
n02731	n09119
n02731	n09120
n02731	n09362
n02732	n04777
n02732	n08849
n02732	n09272
n02733	n05805
n02733	n06803
n02733	n08216
n02733	n08676
n02734	n04872
n02734	n09119
n02734	n09121
n02734	n09602
n02735	n04368
n02735	n06325
n02735	n09604
n02735	n09606
n02736	n03465
n02736	n04143
n02736	n04256
n02736	n05468
n02736	n05477
n02736	n07109
n02737	n04753
n02737	n05290
n02737	n06169
n02738	n01658
n02738	n04107
n02738	n07033
n02738	n09121
n02738	n09664
n02739	n04944
n02739	n05803
n02739	n07146
n02739	n07833
n02740	n06206
n02740	n06354
n02740	n08675
n02741	n07859
n02741	n09363
n02741	n09606
n02742	n06206
n02742	n06354
n02742	n08675
n02743	n01977
n02743	n02131
n02743	n02132
n02743	n02740
n02743	n02742
n02743	n03941
n02743	n07000
n02744	n01629
n02744	n02392
n02744	n02393
n02744	n02632
n02744	n08470
n02745	n06081
n02745	n09120
n02745	n09364
n02746	n02136
n02746	n09369
n02747	n01986
n02747	n02934
n02747	n03378
n02748	n03659
n02748	n04322
n02748	n05552
n02748	n05577
n02748	n09365
n02748	n09654
n02749	n03098
n02749	n04978
n02749	n05188
n02749	n05301
n02749	n05420
n02749	n05800
n02749	n06059
n02749	n06348
n02749	n06498
n02749	n06637
n02749	n06638
n02749	n06998
n02749	n07477
n02749	n07480
n02749	n08046
n02749	n08047
n02749	n08254
n02750	n00884
n02750	n08458
n02751	n01823
n02751	n09611
n02751	n09613
n02751	n09616
n02752	n08458
n02753	n07480
n02754	n00873
n02754	n04523
n02754	n09364
n02755	n05459
n02755	n09607
n02756	n03126
n02757	n03236
n02757	n03305
n02757	n03514
n02757	n03587
n02757	n03952
n02757	n04608
n02757	n05007
n02758	n02401
n02758	n03303
n02758	n09122
n02759	n00104
n02759	n00883
n02760	n05986
n02760	n08896
n02760	n08905
n02761	n06700
n02762	n02401
n02762	n03094
n02762	n09122
n02763	n08102
n02764	n04040
n02765	n06715
n02766	n03036
n02766	n05719
n02767	n01423
n02768	n05416
n02768	n05421
n02768	n05805
n02768	n05933
n02768	n06201
n02768	n06345
n02768	n06637
n02768	n06803
n02768	n07145
n02768	n07367
n02768	n07476
n02768	n07478
n02768	n08048
n02768	n08677
n02768	n08891
n02769	n02281
n02769	n04533
n02770	n03393
n02771	n05298
n02771	n05418
n02771	n05421
n02771	n05747
n02771	n05802
n02771	n05931
n02771	n05932
n02772	n07090
n02772	n07938
n02772	n09606
n02773	n03232
n02773	n06735
n02773	n07413
n02774	n03188
n02774	n09118
n02774	n09606
n02775	n06884
n02775	n09610
n02776	n01189
n02777	n02760
n02777	n09497
n02778	n04346
n02778	n09604
n02779	n02872
n02780	n07385
n02780	n07985
n02780	n08703
n02780	n09362
n02780	n09601
n02781	n03470
n02781	n06499
n02781	n07289
n02781	n07504
n02781	n07648
n02781	n08048
n02781	n08891
n02782	n09602
n02783	n04622
n02783	n09363
n02784	n04642
n02784	n08045
n02784	n09122
n02784	n09364
n02784	n09601
n02785	n07483
n02785	n07645
n02785	n07656
n02785	n08555
n02786	n04541
n02786	n09120
n02787	n08892
n02787	n09123
n02787	n09124
n02787	n09366
n02787	n09370
n02787	n09611
n02788	n09124
n02788	n09125
n02788	n09368
n02788	n09369
n02788	n09612
n02788	n09613
n02789	n04655
n02789	n07853
n02789	n09364
n02789	n09744
n02790	n09120
n02790	n09269
n02790	n09364
n02790	n09602
n02790	n09603
n02790	n09607
n02791	n08225
n02791	n09120
n02791	n09601
n02792	n06747
n02792	n08851
n02792	n08893
n02792	n09757
n02793	n05274
n02793	n06451
n02793	n07563
n02793	n09464
n02794	n08190
n02794	n09119
n02794	n09122
n02794	n09364
n02794	n09601
n02794	n09602
n02794	n09603
n02794	n09604
n02795	n06990
n02795	n08659
n02795	n09120
n02795	n09363
n02796	n02570
n02796	n06743
n02796	n07323
n02796	n09120
n02796	n09121
n02797	n09606
n02798	n08613
n02798	n08828
n02798	n09122
n02798	n09605
n02799	n04470
n02799	n09118
n02800	n06743
n02801	n02985
n02801	n09503
n02801	n09758
n02802	n05503
n02802	n07265
n02802	n09121
n02802	n09605
n02803	n02021
n02803	n06490
n02803	n09362
n02803	n09607
n02804	n05381
n02804	n08892
n02804	n09366
n02804	n09367
n02804	n09609
n02804	n09611
n02804	n09614
n02805	n05297
n02805	n05799
n02805	n05933
n02805	n06497
n02805	n07453
n02805	n07477
n02805	n07646
n02805	n08254
n02805	n09470
n02805	n09606
n02806	n07381
n02806	n09749
n02807	n04282
n02807	n06565
n02808	n02996
n02808	n05868
n02808	n09123
n02808	n09124
n02808	n09366
n02809	n05298
n02809	n05299
n02809	n05417
n02809	n05650
n02809	n05802
n02809	n05804
n02809	n05933
n02809	n07476
n02809	n07853
n02810	n06914
n02810	n07147
n02810	n07999
n02810	n08247
n02810	n09363
n02811	n09336
n02811	n09362
n02812	n04870
n02812	n04871
n02812	n06200
n02812	n09243
n02813	n03813
n02813	n03830
n02813	n06620
n02814	n05800
n02814	n06059
n02814	n06498
n02814	n07289
n02814	n07290
n02814	n09545
n02815	n03489
n02815	n04978
n02815	n05299
n02815	n05300
n02815	n05419
n02815	n05421
n02815	n05801
n02815	n05803
n02815	n06345
n02815	n06638
n02815	n07145
n02815	n07146
n02815	n07480
n02815	n07648
n02815	n08254
n02815	n08676
n02815	n08677
n02815	n08891
n02816	n03078
n02816	n06496
n02816	n09369
n02816	n09370
n02816	n09610
n02816	n09615
n02817	n03149
n02817	n06201
n02817	n06350
n02817	n08020
n02817	n08676
n02817	n08677
n02818	n04585
n02819	n00144
n02820	n05769
n02820	n06292
n02820	n07080
n02820	n08458
n02821	n03014
n02822	n05417
n02822	n06781
n02822	n07145
n02822	n07479
n02822	n07648
n02823	n05402
n02823	n05541
n02824	n08675
n02824	n09121
n02824	n09122
n02824	n09362
n02824	n09364
n02824	n09476
n02824	n09603
n02824	n09604
n02825	n05893
n02825	n06039
n02825	n09362
n02825	n09603
n02825	n09604
n02826	n03725
n02826	n07534
n02826	n08553
n02826	n09611
n02827	n05676
n02827	n06582
n02828	n03295
n02828	n06346
n02828	n07647
n02828	n08254
n02829	n04092
n02829	n05211
n02829	n09121
n02829	n09122
n02829	n09167
n02829	n09364
n02829	n09604
n02830	n00207
n02830	n08888
n02830	n08892
n02830	n09366
n02831	n01224
n02831	n03674
n02831	n04235
n02831	n05585
n02831	n09119
n02831	n09122
n02831	n09603
n02831	n09604
n02832	n03929
n02832	n04978
n02832	n05188
n02832	n05416
n02832	n05551
n02832	n05678
n02832	n05802
n02832	n05933
n02832	n06344
n02832	n06347
n02832	n06638
n02832	n06801
n02832	n06802
n02832	n07291
n02832	n07477
n02832	n07647
n02832	n08046
n02832	n08047
n02833	n02447
n02833	n09447
n02834	n03425
n02835	n00100
n02835	n06367
n02836	n04374
n02836	n06976
n02836	n07595
n02836	n09601
n02837	n06067
n02837	n07886
n02837	n08822
n02837	n09147
n02837	n09756
n02838	n04956
n02838	n06949
n02838	n09368
n02838	n09609
n02838	n09610
n02838	n09611
n02839	n06999
n02841	n00860
n02841	n01162
n02841	n01411
n02841	n02267
n02842	n02741
n02842	n05087
n02844	n06081
n02845	n03162
n02846	n01815
n02846	n08458
n02847	n06837
n02848	n03232
n02848	n04888
n02848	n09606
n02849	n08893
n02849	n09367
n02849	n09611
n02850	n01981
n02850	n08890
n02850	n09603
n02851	n01981
n02851	n09608
n02852	n02844
n02852	n06837
n02852	n07476
n02853	n06827
n02853	n08045
n02853	n09121
n02853	n09122
n02853	n09602
n02853	n09605
n02854	n06827
n02854	n08045
n02854	n09121
n02854	n09122
n02854	n09602
n02854	n09605
n02855	n00031
n02855	n00878
n02855	n02275
n02855	n02848
n02855	n03106
n02856	n01422
n02856	n02747
n02856	n05581
n02856	n09366
n02857	n04525
n02858	n02532
n02858	n02853
n02858	n02854
n02858	n03693
n02858	n09362
n02859	n04820
n02859	n08458
n02860	n01640
n02861	n03977
n02862	n06854
n02862	n09362
n02863	n07900
n02863	n08675
n02864	n03037
n02864	n03381
n02865	n05020
n02865	n08675
n02865	n09601
n02866	n03531
n02867	n04427
n02868	n07343
n02868	n07543
n02868	n08737
n02869	n04979
n02869	n05729
n02869	n07937
n02870	n00067
n02870	n00135
n02870	n02639
n02870	n05678
n02870	n05679
n02870	n06637
n02871	n00068
n02872	n02953
n02872	n09121
n02872	n09601
n02872	n09604
n02872	n09605
n02873	n03105
n02873	n09604
n02874	n05018
n02875	n02282
n02875	n07375
n02876	n05011
n02876	n09247
n02877	n05345
n02877	n07002
n02878	n07200
n02879	n09604
n02880	n07873
n02880	n08675
n02880	n09376
n02881	n08045
n02881	n09258
n02882	n06257
n02883	n08251
n02884	n06499
n02884	n07645
n02884	n07953
n02884	n08254
n02885	n07974
n02886	n05139
n02886	n08344
n02887	n02870
n02887	n07646
n02887	n09548
n02888	n03468
n02888	n06880
n02888	n07417
n02889	n09009
n02889	n09122
n02890	n03685
n02890	n04445
n02890	n05089
n02890	n05482
n02891	n04270
n02891	n08675
n02892	n02845
n02892	n03191
n02892	n07946
n02893	n08458
n02893	n09363
n02894	n06925
n02894	n09366
n02894	n09612
n02894	n09613
n02895	n04392
n02895	n06351
n02895	n07399
n02895	n08105
n02895	n08354
n02895	n09118
n02896	n00156
n02896	n09606
n02897	n09540
n02898	n00939
n02898	n03115
n02898	n09775
n02899	n01668
n02899	n08377
n02900	n09303
n02900	n09370
n02900	n09617
n02901	n04270
n02901	n09121
n02902	n03470
n02902	n05801
n02902	n07748
n02902	n07855
n02903	n08845
n02903	n09580
n02904	n03414
n02904	n06592
n02904	n08675
n02905	n05419
n02905	n06804
n02905	n07146
n02905	n07604
n02905	n08254
n02905	n08773
n02905	n08802
n02906	n09363
n02906	n09547
n02906	n09606
n02907	n02649
n02907	n06975
n02908	n04016
n02908	n08662
n02909	n06610
n02909	n07045
n02909	n07449
n02910	n05420
n02910	n05680
n02910	n05800
n02910	n06157
n02910	n06198
n02910	n06199
n02910	n06200
n02910	n06201
n02910	n06348
n02910	n06498
n02910	n06636
n02910	n06637
n02910	n06638
n02910	n06801
n02910	n06802
n02910	n06803
n02910	n06998
n02910	n07145
n02910	n07476
n02910	n07478
n02910	n07479
n02910	n07480
n02910	n07646
n02910	n07647
n02910	n07853
n02910	n08046
n02910	n08047
n02910	n08677
n02911	n02414
n02912	n04572
n02912	n09120
n02912	n09365
n02912	n09608
n02913	n03803
n02913	n08675
n02913	n09119
n02913	n09362
n02913	n09365
n02913	n09601
n02914	n05421
n02914	n05932
n02914	n06344
n02914	n06637
n02914	n07290
n02914	n07478
n02914	n07853
n02914	n07854
n02914	n08084
n02914	n08677
n02914	n09100
n02914	n09363
n02914	n09606
n02915	n05158
n02915	n09342
n02916	n04659
n02916	n07838
n02916	n09118
n02916	n09363
n02917	n04677
n02917	n05849
n02917	n06668
n02917	n07088
n02917	n09601
n02917	n09603
n02918	n07615
n02918	n08890
n02918	n09122
n02918	n09362
n02918	n09364
n02918	n09602
n02918	n09603
n02918	n09604
n02918	n09605
n02918	n09608
n02919	n02893
n02919	n04979
n02919	n05800
n02919	n08046
n02920	n05030
n02920	n05461
n02920	n09124
n02920	n09611
n02920	n09615
n02920	n09616
n02921	n04677
n02921	n07445
n02921	n07804
n02922	n05302
n02922	n05801
n02922	n06435
n02922	n07476
n02922	n07478
n02922	n07645
n02922	n07648
n02922	n08047
n02922	n08797
n02922	n08891
n02923	n04278
n02923	n05188
n02923	n05298
n02923	n05299
n02923	n05418
n02923	n05933
n02923	n06059
n02923	n06998
n02923	n07478
n02923	n07645
n02923	n07855
n02923	n08676
n02924	n06802
n02924	n08045
n02924	n09324
n02924	n09362
n02925	n03999
n02925	n08229
n02926	n05418
n02926	n07456
n02926	n09119
n02926	n09120
n02926	n09362
n02926	n09365
n02926	n09605
n02927	n04876
n02927	n05678
n02927	n06446
n02927	n06802
n02927	n06803
n02927	n07476
n02927	n07646
n02927	n08254
n02928	n07830
n02929	n02789
n02929	n04401
n02929	n04887
n02929	n04946
n02929	n08045
n02929	n08676
n02929	n09362
n02929	n09365
n02929	n09601
n02930	n04692
n02930	n07864
n02931	n04692
n02931	n07864
n02932	n08045
n02932	n08675
n02932	n09120
n02932	n09121
n02932	n09362
n02932	n09364
n02932	n09604
n02932	n09608
n02933	n08458
n02934	n04319
n02934	n05311
n02935	n01627
n02936	n01628
n02937	n01815
n02937	n08458
n02938	n03581
n02938	n04800
n02938	n07672
n02939	n09159
n02940	n04979
n02940	n05188
n02940	n05297
n02940	n05298
n02940	n05299
n02940	n05300
n02940	n05416
n02940	n05420
n02940	n05800
n02940	n05805
n02940	n05934
n02940	n05935
n02940	n06201
n02940	n06344
n02940	n06345
n02940	n06346
n02940	n06348
n02940	n06638
n02940	n06639
n02940	n06801
n02940	n07647
n02940	n07855
n02941	n03503
n02941	n03504
n02941	n03650
n02941	n03653
n02941	n04983
n02941	n08259
n02941	n08913
n02942	n03241
n02942	n03309
n02942	n04125
n02942	n09400
n02943	n03377
n02943	n05194
n02943	n06811
n02944	n02932
n02944	n03240
n02947	n08458
n02948	n03167
n02948	n03304
n02948	n03585
n02949	n03503
n02949	n03504
n02949	n03650
n02949	n03653
n02949	n04983
n02949	n08259
n02949	n08913
n02950	n03977
n02950	n06229
n02951	n09121
n02952	n04327
n02952	n06377
n02952	n08675
n02953	n06855
n02953	n07379
n02953	n09362
n02953	n09602
n02954	n04517
n02954	n08675
n02954	n09124
n02954	n09604
n02955	n02153
n02955	n04620
n02956	n03322
n02956	n03603
n02956	n03969
n02956	n06391
n02957	n02400
n02957	n04056
n02958	n02641
n02958	n03160
n02958	n07887
n02959	n01640
n02960	n08759
n02960	n09467
n02960	n09601
n02961	n03260
n02961	n08540
n02962	n05375
n02963	n04517
n02963	n09124
n02963	n09604
n02964	n03591
n02964	n03978
n02964	n09363
n02964	n09606
n02965	n05452
n02965	n06260
n02966	n01446
n02966	n09612
n02967	n00516
n02967	n06499
n02968	n02652
n02968	n03030
n02969	n04050
n02969	n04635
n02970	n03099
n02971	n08099
n02972	n03677
n02972	n05026
n02972	n07646
n02972	n07854
n02973	n02529
n02973	n09118
n02974	n03036
n02974	n05340
n02974	n08675
n02974	n09607
n02975	n04545
n02975	n08173
n02975	n09606
n02976	n04534
n02976	n08045
n02976	n09121
n02976	n09601
n02977	n00068
n02978	n05863
n02979	n00882
n02980	n07217
n02981	n06700
n02981	n08299
n02982	n04005
n02982	n07646
n02982	n07647
n02982	n07648
n02982	n07853
n02983	n08995
n02983	n09455
n02984	n04434
n02984	n09660
n02985	n07194
n02986	n04245
n02986	n04839
n02987	n08254
n02987	n08341
n02987	n08891
n02988	n08601
n02989	n06286
n02989	n09124
n02989	n09612
n02990	n04152
n02991	n04149
n02991	n09473
n02992	n05803
n02992	n06350
n02992	n06640
n02992	n06804
n02992	n06873
n02992	n07289
n02992	n07476
n02992	n07480
n02992	n08048
n02993	n07213
n02994	n06905
n02995	n02656
n02995	n09119
n02995	n09601
n02995	n09603
n02996	n07191
n02996	n07216
n02996	n09031
n02996	n09609
n02996	n09693
n02997	n01181
n02998	n01426
n02998	n08705
n02998	n09187
n02999	n00535
n02999	n08045
n02999	n09119
n02999	n09364
n02999	n09365
n02999	n09607
n03000	n08785
n03000	n09607
n03001	n05747
n03001	n07147
n03001	n07234
n03001	n07853
n03002	n04234
n03002	n04932
n03002	n09120
n03002	n09602
n03002	n09603
n03003	n03259
n03003	n09363
n03004	n06576
n03004	n07289
n03004	n07773
n03004	n08254
n03004	n08891
n03005	n05251
n03005	n08257
n03005	n09362
n03005	n09601
n03005	n09602
n03005	n09604
n03006	n04907
n03006	n07444
n03006	n07729
n03006	n09237
n03007	n08421
n03008	n03335
n03008	n03458
n03009	n04490
n03009	n08893
n03009	n08894
n03009	n09123
n03009	n09366
n03009	n09367
n03009	n09368
n03009	n09369
n03009	n09611
n03009	n09612
n03009	n09614
n03009	n09615
n03009	n09616
n03009	n09617
n03010	n04063
n03010	n09125
n03010	n09368
n03010	n09609
n03010	n09610
n03010	n09612
n03010	n09617
n03011	n02771
n03011	n03770
n03011	n06202
n03011	n06801
n03011	n07290
n03011	n07853
n03011	n07854
n03011	n08677
n03012	n03876
n03012	n07223
n03012	n09217
n03012	n09370
n03012	n09616
n03013	n00033
n03013	n00093
n03013	n01186
n03014	n00015
n03014	n00080
n03014	n00525
n03014	n03441
n03015	n02276
n03015	n04323
n03015	n06267
n03015	n09119
n03015	n09362
n03015	n09604
n03015	n09605
n03016	n09362
n03016	n09364
n03016	n09601
n03016	n09605
n03017	n02416
n03017	n08958
n03018	n04392
n03018	n06351
n03019	n06355
n03019	n06356
n03019	n08465
n03021	n05211
n03021	n09119
n03022	n02399
n03022	n05300
n03022	n06059
n03022	n06637
n03022	n08268
n03022	n09606
n03023	n03505
n03025	n03505
n03026	n08682
n03026	n08913
n03027	n09362
n03027	n09608
n03028	n08991
n03028	n09367
n03028	n09616
n03029	n05739
n03029	n06396
n03029	n08087
n03029	n08675
n03029	n08933
n03030	n06689
n03031	n08319
n03032	n04821
n03032	n05322
n03033	n01984
n03033	n02141
n03033	n02283
n03033	n02285
n03033	n09441
n03034	n02521
n03034	n02743
n03034	n04599
n03034	n04906
n03035	n01191
n03035	n03588
n03036	n05587
n03036	n09603
n03037	n01982
n03037	n03379
n03038	n04738
n03038	n07170
n03039	n01640
n03040	n00881
n03041	n08140
n03041	n09608
n03042	n03858
n03042	n03871
n03042	n08045
n03042	n08675
n03042	n09362
n03042	n09365
n03042	n09601
n03043	n04978
n03043	n05297
n03043	n05298
n03043	n05299
n03043	n05301
n03043	n05302
n03043	n05417
n03043	n05418
n03043	n05419
n03043	n05420
n03043	n05551
n03043	n05678
n03043	n05800
n03043	n05801
n03043	n05803
n03043	n05805
n03043	n05931
n03043	n05932
n03043	n05933
n03043	n05934
n03043	n06059
n03043	n06198
n03043	n06199
n03043	n06200
n03043	n06201
n03043	n06202
n03043	n06344
n03043	n06345
n03043	n06347
n03043	n06350
n03043	n06497
n03043	n06498
n03043	n06499
n03043	n06638
n03043	n06639
n03043	n06640
n03043	n06801
n03043	n06802
n03043	n06803
n03043	n06998
n03043	n07145
n03043	n07146
n03043	n07289
n03043	n07291
n03043	n07476
n03043	n07477
n03043	n07478
n03043	n07646
n03043	n07854
n03043	n08047
n03043	n08048
n03043	n08676
n03043	n08677
n03044	n04823
n03044	n05418
n03044	n05802
n03044	n05931
n03044	n08084
n03045	n02637
n03045	n03875
n03045	n05113
n03047	n04060
n03047	n04721
n03047	n05140
n03047	n08458
n03047	n09606
n03048	n05021
n03049	n04445
n03049	n05482
n03049	n08682
n03050	n01993
n03050	n03450
n03050	n08100
n03051	n02282
n03052	n05846
n03052	n07764
n03052	n09220
n03053	n04117
n03053	n07476
n03053	n09462
n03054	n03180
n03055	n03863
n03055	n05005
n03055	n09381
n03056	n03784
n03056	n05640
n03056	n08741
n03057	n03041
n03057	n09120
n03058	n05115
n03059	n09115
n03060	n03602
n03061	n03895
n03061	n05025
n03062	n01999
n03062	n03868
n03062	n05299
n03062	n05931
n03062	n07647
n03062	n08048
n03062	n08676
n03062	n09691
n03063	n09234
n03064	n02166
n03064	n07177
n03064	n09120
n03064	n09362
n03064	n09605
n03065	n09490
n03065	n09745
n03066	n03365
n03066	n05416
n03066	n05803
n03066	n07476
n03066	n07645
n03067	n06001
n03067	n08181
n03067	n09125
n03068	n08151
n03068	n08718
n03069	n03783
n03069	n07009
n03070	n04836
n03070	n05639
n03071	n03265
n03071	n06667
n03071	n09603
n03071	n09753
n03072	n04917
n03072	n06640
n03072	n07554
n03073	n03971
n03073	n08339
n03073	n08675
n03073	n09122
n03074	n07168
n03074	n07329
n03074	n07510
n03075	n05473
n03075	n06654
n03075	n07682
n03076	n04359
n03076	n09363
n03077	n04978
n03077	n05188
n03077	n05297
n03077	n05298
n03077	n05299
n03077	n05300
n03077	n05301
n03077	n05416
n03077	n05417
n03077	n05418
n03077	n05421
n03077	n05551
n03077	n05678
n03077	n05679
n03077	n05800
n03077	n05801
n03077	n05802
n03077	n05803
n03077	n05804
n03077	n05932
n03077	n05934
n03077	n05935
n03077	n06198
n03077	n06200
n03077	n06201
n03077	n06202
n03077	n06344
n03077	n06345
n03077	n06346
n03077	n06347
n03077	n06349
n03077	n06350
n03077	n06498
n03077	n06499
n03077	n06636
n03077	n06637
n03077	n06638
n03077	n06801
n03077	n06802
n03077	n06804
n03077	n07145
n03077	n07147
n03077	n07290
n03077	n07291
n03077	n07476
n03077	n07477
n03077	n07478
n03077	n07479
n03077	n07480
n03077	n07645
n03077	n07646
n03077	n07648
n03077	n07853
n03077	n08046
n03077	n08048
n03077	n08254
n03077	n08677
n03077	n08891
n03078	n04942
n03078	n08296
n03079	n05678
n03079	n06804
n03079	n08544
n03080	n01999
n03080	n03868
n03080	n07647
n03081	n02536
n03081	n05231
n03082	n06673
n03082	n07334
n03082	n08749
n03082	n09124
n03082	n09368
n03082	n09615
n03083	n00152
n03084	n00918
n03084	n06893
n03085	n00924
n03085	n07538
n03085	n07711
n03085	n09118
n03087	n09625
n03088	n02930
n03088	n02931
n03088	n03744
n03088	n07305
n03088	n09368
n03088	n09610
n03088	n09611
n03090	n05205
n03091	n01164
n03092	n02741
n03092	n05087
n03092	n07296
n03092	n09118
n03093	n07315
n03093	n09601
n03094	n06081
n03094	n09120
n03094	n09365
n03096	n08045
n03096	n08675
n03096	n09602
n03097	n09423
n03098	n04502
n03098	n05297
n03098	n05456
n03098	n05679
n03098	n05931
n03098	n05932
n03098	n06199
n03098	n06201
n03098	n06347
n03098	n06349
n03098	n07854
n03098	n08284
n03099	n00045
n03099	n01419
n03099	n02398
n03100	n02525
n03100	n03662
n03102	n04979
n03102	n05188
n03102	n05297
n03102	n05298
n03102	n05299
n03102	n05300
n03102	n05416
n03102	n05420
n03102	n05800
n03102	n05805
n03102	n05934
n03102	n05935
n03102	n06201
n03102	n06344
n03102	n06345
n03102	n06346
n03102	n06348
n03102	n06638
n03102	n06639
n03102	n06801
n03102	n07647
n03102	n07855
n03103	n03960
n03104	n07315
n03104	n09604
n03105	n08730
n03105	n09122
n03105	n09364
n03105	n09602
n03105	n09608
n03106	n03232
n03106	n04888
n03106	n09606
n03107	n09664
n03108	n04978
n03108	n04979
n03108	n05188
n03108	n05297
n03108	n05299
n03108	n05302
n03108	n05416
n03108	n05417
n03108	n05418
n03108	n05420
n03108	n05421
n03108	n05551
n03108	n05678
n03108	n05799
n03108	n05800
n03108	n05802
n03108	n05803
n03108	n05804
n03108	n05805
n03108	n05931
n03108	n05932
n03108	n05935
n03108	n06059
n03108	n06199
n03108	n06200
n03108	n06201
n03108	n06344
n03108	n06346
n03108	n06347
n03108	n06348
n03108	n06349
n03108	n06497
n03108	n06499
n03108	n06636
n03108	n06637
n03108	n06639
n03108	n06804
n03108	n07145
n03108	n07646
n03109	n03031
n03109	n08675
n03110	n03659
n03110	n04322
n03110	n05552
n03110	n05577
n03110	n09365
n03110	n09654
n03111	n03688
n03111	n05678
n03111	n05805
n03111	n07478
n03111	n07646
n03111	n08047
n03112	n03688
n03112	n05678
n03112	n05934
n03112	n05978
n03112	n06199
n03112	n06802
n03113	n06152
n03113	n08893
n03113	n09370
n03113	n09614
n03113	n09616
n03114	n06004
n03114	n09120
n03115	n07932
n03115	n08045
n03116	n02521
n03116	n02743
n03116	n04599
n03116	n04906
n03117	n00040
n03117	n00868
n03118	n02401
n03118	n09122
n03118	n09365
n03118	n09602
n03119	n08752
n03119	n09363
n03120	n04135
n03120	n09120
n03121	n00069
n03121	n01643
n03121	n09363
n03122	n03873
n03122	n04895
n03122	n09397
n03123	n04645
n03123	n07163
n03123	n09119
n03124	n04242
n03125	n04934
n03125	n05593
n03125	n06411
n03126	n02405
n03126	n03027
n03127	n08045
n03127	n08675
n03127	n08890
n03127	n09119
n03127	n09120
n03127	n09362
n03127	n09365
n03127	n09604
n03127	n09607
n03128	n02139
n03128	n02534
n03128	n03777
n03128	n05420
n03128	n05679
n03128	n05934
n03128	n06201
n03128	n06350
n03128	n06638
n03128	n06804
n03128	n07290
n03128	n08048
n03129	n08678
n03129	n09605
n03129	n09608
n03129	n09626
n03130	n06217
n03130	n07579
n03130	n08720
n03131	n05336
n03131	n05640
n03131	n09149
n03131	n09608
n03132	n03114
n03132	n09606
n03133	n06713
n03133	n08675
n03133	n09602
n03134	n07337
n03134	n08356
n03134	n09005
n03134	n09616
n03135	n06739
n03136	n06352
n03136	n06720
n03137	n03799
n03138	n04147
n03138	n09592
n03138	n09612
n03139	n05262
n03139	n05733
n03139	n06801
n03139	n07853
n03139	n08254
n03140	n03790
n03140	n05857
n03140	n09606
n03141	n01455
n03141	n09370
n03142	n01457
n03142	n08194
n03143	n00939
n03143	n03115
n03143	n06682
n03143	n08306
n03143	n08890
n03143	n09601
n03143	n09603
n03144	n04882
n03144	n08045
n03144	n09120
n03144	n09601
n03144	n09604
n03145	n01205
n03145	n04822
n03145	n09365
n03146	n00193
n03146	n01832
n03146	n09120
n03147	n05298
n03147	n05301
n03147	n05416
n03147	n05417
n03147	n05420
n03147	n05551
n03147	n05679
n03147	n05680
n03147	n05805
n03147	n05934
n03147	n06059
n03147	n06199
n03147	n06201
n03147	n06202
n03147	n06344
n03147	n06346
n03147	n06347
n03147	n06637
n03147	n06639
n03147	n06802
n03147	n07289
n03147	n07647
n03147	n08254
n03148	n01228
n03148	n01428
n03148	n02748
n03148	n03110
n03148	n04730
n03148	n07050
n03148	n08095
n03148	n09362
n03149	n05801
n03149	n08221
n03150	n02402
n03150	n04602
n03151	n06050
n03151	n09120
n03151	n09601
n03152	n06741
n03153	n03910
n03153	n09614
n03154	n03370
n03154	n03439
n03154	n03440
n03155	n01410
n03155	n01624
n03155	n03937
n03158	n03505
n03159	n05955
n03159	n08068
n03160	n05815
n03160	n06828
n03161	n02841
n03161	n03448
n03162	n03658
n03162	n04598
n03163	n02741
n03163	n05087
n03164	n04033
n03165	n07315
n03165	n08693
n03165	n09601
n03166	n02939
n03166	n05575
n03166	n06666
n03166	n09602
n03167	n02136
n03167	n09610
n03167	n09611
n03167	n09612
n03168	n05811
n03168	n06221
n03168	n06806
n03168	n09417
n03169	n00031
n03169	n00878
n03169	n02275
n03169	n02848
n03169	n03106
n03170	n02939
n03170	n05575
n03170	n06666
n03171	n02845
n03172	n02278
n03172	n04817
n03173	n00031
n03173	n00878
n03173	n02275
n03173	n02848
n03173	n03106
n03174	n04978
n03174	n04979
n03174	n05188
n03174	n05297
n03174	n05299
n03174	n05302
n03174	n05416
n03174	n05417
n03174	n05418
n03174	n05420
n03174	n05421
n03174	n05551
n03174	n05678
n03174	n05799
n03174	n05800
n03174	n05802
n03174	n05803
n03174	n05804
n03174	n05805
n03174	n05931
n03174	n05932
n03174	n05935
n03174	n06059
n03174	n06199
n03174	n06200
n03174	n06201
n03174	n06344
n03174	n06346
n03174	n06347
n03174	n06348
n03174	n06349
n03174	n06497
n03174	n06499
n03174	n06636
n03174	n06637
n03174	n06639
n03174	n06804
n03174	n07145
n03174	n07646
n03175	n03096
n03175	n03584
n03175	n09119
n03175	n09122
n03175	n09362
n03175	n09603
n03175	n09604
n03176	n09173
n03177	n05839
n03177	n09619
n03178	n00031
n03178	n00878
n03178	n02275
n03178	n02848
n03178	n03106
n03179	n07907
n03179	n08458
n03179	n09606
n03180	n09772
n03181	n03096
n03181	n03584
n03181	n09119
n03181	n09122
n03181	n09604
n03182	n05722
n03183	n06074
n03183	n09513
n03184	n02144
n03184	n02274
n03184	n03176
n03184	n09364
n03185	n05989
n03186	n03100
n03186	n04933
n03187	n06535
n03187	n06687
n03188	n08345
n03189	n04001
n03189	n05188
n03189	n05300
n03189	n06640
n03189	n08046
n03189	n08254
n03190	n02281
n03191	n07547
n03191	n09606
n03193	n08892
n03193	n09123
n03193	n09368
n03193	n09613
n03194	n07215
n03194	n09368
n03194	n09613
n03195	n05160
n03195	n08370
n03196	n05616
n03196	n06074
n03196	n09118
n03197	n05298
n03197	n05679
n03197	n06348
n03197	n06497
n03197	n06638
n03197	n07853
n03198	n02145
n03199	n09212
n03200	n03596
n03200	n07183
n03200	n09123
n03201	n08126
n03202	n01638
n03202	n07698
n03202	n09604
n03203	n00880
n03203	n00896
n03203	n01209
n03203	n01439
n03203	n09118
n03204	n09123
n03204	n09367
n03204	n09368
n03204	n09369
n03204	n09610
n03204	n09613
n03204	n09615
n03204	n09616
n03205	n01440
n03206	n05299
n03206	n07395
n03206	n07647
n03206	n08047
n03206	n08978
n03207	n04053
n03208	n00103
n03208	n00548
n03208	n02411
n03208	n03109
n03208	n09748
n03209	n00201
n03209	n02535
n03209	n09232
n03210	n03466
n03210	n09118
n03211	n08045
n03211	n09120
n03211	n09601
n03211	n09604
n03211	n09605
n03211	n09737
n03212	n03469
n03213	n03767
n03213	n05017
n03213	n08675
n03213	n08893
n03213	n09120
n03213	n09124
n03213	n09368
n03213	n09601
n03213	n09608
n03213	n09610
n03214	n05800
n03214	n06201
n03214	n06346
n03214	n07145
n03214	n07478
n03214	n08144
n03214	n08676
n03215	n00893
n03215	n02957
n03215	n09611
n03215	n09614
n03216	n03406
n03217	n00127
n03217	n03382
n03217	n09602
n03218	n06636
n03218	n06804
n03218	n07790
n03218	n07855
n03219	n03113
n03219	n08892
n03220	n01205
n03220	n07922
n03220	n09603
n03221	n00194
n03221	n01059
n03222	n01669
n03222	n05297
n03222	n06350
n03222	n07290
n03222	n07291
n03222	n08254
n03223	n06921
n03223	n09119
n03223	n09362
n03223	n09364
n03224	n02420
n03224	n08458
n03225	n05596
n03225	n08894
n03225	n09124
n03225	n09611
n03226	n08458
n03227	n03031
n03227	n08675
n03228	n01829
n03229	n03165
n03229	n03308
n03229	n04438
n03229	n09120
n03230	n00571
n03231	n06355
n03231	n06356
n03231	n08465
n03232	n08052
n03234	n06501
n03234	n07293
n03235	n03155
n03235	n04023
n03235	n06348
n03236	n09409
n03237	n09673
n03238	n01626
n03239	n07693
n03240	n08045
n03240	n08675
n03240	n09120
n03240	n09121
n03240	n09362
n03240	n09364
n03240	n09604
n03240	n09608
n03241	n05092
n03241	n06072
n03242	n04978
n03242	n04979
n03242	n05188
n03242	n05297
n03242	n05299
n03242	n05302
n03242	n05416
n03242	n05417
n03242	n05418
n03242	n05420
n03242	n05421
n03242	n05551
n03242	n05678
n03242	n05799
n03242	n05800
n03242	n05802
n03242	n05803
n03242	n05804
n03242	n05805
n03242	n05931
n03242	n05932
n03242	n05935
n03242	n06059
n03242	n06199
n03242	n06200
n03242	n06201
n03242	n06344
n03242	n06346
n03242	n06347
n03242	n06348
n03242	n06349
n03242	n06497
n03242	n06499
n03242	n06636
n03242	n06637
n03242	n06639
n03242	n06804
n03242	n07145
n03242	n07646
n03243	n07315
n03244	n04311
n03244	n04597
n03244	n04900
n03244	n04995
n03245	n07893
n03245	n09121
n03246	n01412
n03246	n01415
n03246	n05704
n03246	n07875
n03247	n00031
n03247	n00878
n03247	n02275
n03247	n02848
n03247	n03106
n03248	n06830
n03249	n08991
n03249	n09367
n03249	n09617
n03250	n02932
n03250	n03240
n03250	n09602
n03251	n02846
n03251	n06514
n03251	n09363
n03252	n01640
n03252	n08076
n03253	n00510
n03253	n00514
n03253	n08283
n03254	n03243
n03255	n03688
n03255	n05297
n03255	n05834
n03256	n00517
n03256	n01429
n03256	n09367
n03257	n07011
n03258	n04412
n03259	n01432
n03259	n01441
n03259	n05720
n03259	n07944
n03259	n09000
n03260	n05600
n03261	n01821
n03261	n02951
n03261	n03679
n03261	n05721
n03262	n03450
n03262	n07028
n03262	n09164
n03262	n09613
n03263	n01825
n03263	n01989
n03263	n06244
n03263	n07350
n03263	n09121
n03263	n09365
n03263	n09605
n03264	n03175
n03265	n06675
n03265	n08528
n03266	n00892
n03266	n09610
n03267	n07241
n03268	n01664
n03268	n09118
n03269	n03388
n03269	n03963
n03269	n06405
n03269	n09123
n03269	n09239
n03269	n09367
n03269	n09369
n03269	n09609
n03269	n09612
n03270	n07190
n03270	n08458
n03270	n09118
n03270	n09363
n03271	n06920
n03271	n08720
n03271	n09122
n03272	n04005
n03272	n07853
n03273	n01416
n03273	n01636
n03273	n01651
n03273	n02142
n03273	n05338
n03273	n09607
n03274	n04161
n03274	n04447
n03274	n04715
n03274	n06098
n03274	n09607
n03275	n05962
n03275	n07512
n03275	n09022
n03276	n01998
n03276	n08890
n03276	n09362
n03276	n09603
n03277	n03324
n03278	n08321
n03279	n09124
n03279	n09617
n03279	n09624
n03280	n05298
n03280	n05551
n03280	n05931
n03280	n06285
n03280	n06347
n03280	n06638
n03280	n07479
n03280	n08046
n03280	n08047
n03281	n05609
n03281	n08596
n03282	n01644
n03282	n09366
n03282	n09368
n03282	n09369
n03282	n09615
n03283	n04520
n03283	n08890
n03283	n09119
n03283	n09602
n03283	n09603
n03283	n09607
n03284	n06345
n03284	n06998
n03284	n08677
n03285	n01983
n03285	n03689
n03285	n06006
n03286	n04435
n03286	n08534
n03286	n08892
n03286	n09207
n03286	n09613
n03286	n09615
n03287	n06130
n03287	n06637
n03287	n06801
n03287	n07603
n03287	n07754
n03288	n03805
n03289	n00095
n03290	n06737
n03290	n08677
n03291	n02871
n03291	n09365
n03291	n09602
n03292	n07801
n03292	n09520
n03293	n03979
n03293	n04446
n03293	n05045
n03294	n04065
n03294	n08636
n03295	n00143
n03295	n06773
n03296	n03604
n03297	n02414
n03297	n07048
n03298	n00573
n03299	n05195
n03299	n05196
n03299	n05197
n03299	n05699
n03300	n08073
n03301	n09364
n03301	n09666
n03302	n03377
n03302	n05194
n03302	n06811
n03303	n01628
n03303	n07477
n03303	n09365
n03304	n02136
n03304	n09610
n03304	n09611
n03304	n09612
n03305	n09409
n03306	n07893
n03306	n08675
n03306	n09121
n03306	n09603
n03307	n02641
n03307	n03160
n03307	n07887
n03308	n07315
n03308	n09601
n03309	n05092
n03309	n06072
n03310	n06688
n03310	n07038
n03310	n07172
n03311	n01982
n03311	n03379
n03312	n02850
n03312	n09604
n03313	n01813
n03313	n09680
n03315	n06198
n03315	n06640
n03315	n07476
n03315	n08106
n03315	n09665
n03316	n04220
n03316	n04223
n03316	n05584
n03316	n08892
n03317	n06115
n03318	n08055
n03318	n09603
n03319	n08892
n03319	n08893
n03319	n09123
n03319	n09124
n03319	n09366
n03319	n09368
n03319	n09369
n03319	n09370
n03319	n09611
n03319	n09615
n03320	n03757
n03320	n04413
n03320	n06549
n03321	n04521
n03322	n00513
n03322	n00523
n03322	n00543
n03322	n02640
n03322	n02863
n03322	n05334
n03323	n02272
n03323	n08675
n03323	n09364
n03324	n01453
n03325	n03460
n03325	n09615
n03326	n07353
n03327	n08729
n03327	n09149
n03327	n09201
n03328	n08995
n03328	n09455
n03329	n02850
n03329	n08548
n03329	n09448
n03329	n09604
n03330	n08510
n03331	n03046
n03331	n03314
n03332	n07552
n03332	n09120
n03332	n09601
n03332	n09603
n03333	n03698
n03333	n05419
n03333	n05801
n03333	n06345
n03333	n06640
n03333	n07146
n03333	n07477
n03333	n07648
n03333	n08254
n03334	n08675
n03334	n09119
n03334	n09121
n03334	n09362
n03334	n09601
n03334	n09603
n03335	n01438
n03335	n09368
n03335	n09615
n03336	n02144
n03336	n02274
n03336	n03176
n03337	n04926
n03338	n04260
n03339	n00898
n03340	n01638
n03340	n04637
n03340	n09607
n03341	n02851
n03341	n04804
n03341	n09448
n03341	n09601
n03342	n02406
n03342	n04137
n03342	n09119
n03342	n09121
n03342	n09365
n03343	n06848
n03344	n01183
n03344	n01657
n03344	n04978
n03344	n05188
n03344	n05678
n03344	n05679
n03344	n05801
n03344	n06344
n03344	n06345
n03344	n06802
n03344	n06803
n03344	n07145
n03344	n07647
n03344	n08046
n03345	n09003
n03345	n09616
n03346	n05799
n03346	n07645
n03346	n08902
n03347	n06561
n03347	n07330
n03347	n09603
n03348	n03531
n03349	n01833
n03349	n02660
n03350	n05218
n03350	n08320
n03351	n04068
n03351	n05678
n03352	n05371
n03353	n06920
n03353	n09122
n03354	n04532
n03354	n06517
n03354	n09123
n03354	n09367
n03354	n09609
n03354	n09612
n03355	n00103
n03355	n00548
n03355	n00900
n03355	n02411
n03355	n03864
n03356	n02657
n03356	n09123
n03356	n09366
n03357	n03518
n03357	n05045
n03358	n09304
n03359	n04831
n03359	n05444
n03359	n05799
n03359	n06348
n03359	n06998
n03359	n07480
n03359	n08677
n03359	n08891
n03360	n09740
n03361	n05416
n03361	n05419
n03361	n05931
n03361	n07645
n03361	n07646
n03361	n07647
n03361	n07753
n03362	n08893
n03362	n09370
n03362	n09609
n03362	n09614
n03362	n09616
n03363	n04741
n03363	n07779
n03363	n07966
n03364	n04834
n03364	n06724
n03364	n09123
n03364	n09124
n03364	n09366
n03364	n09367
n03364	n09610
n03364	n09614
n03364	n09616
n03364	n09617
n03365	n03524
n03365	n05298
n03366	n03700
n03366	n08675
n03367	n07384
n03368	n00217
n03369	n02839
n03369	n04886
n03371	n05553
n03371	n08675
n03371	n08912
n03373	n06080
n03374	n06826
n03375	n03313
n03376	n05953
n03377	n03654
n03378	n04319
n03378	n05311
n03379	n09401
n03380	n01188
n03380	n01635
n03380	n02941
n03380	n02949
n03380	n04313
n03381	n08112
n03382	n08317
n03382	n09179
n03382	n09362
n03383	n05106
n03383	n08688
n03384	n05821
n03384	n07346
n03385	n02850
n03385	n09604
n03386	n03856
n03386	n04511
n03387	n09123
n03387	n09218
n03387	n09369
n03388	n07519
n03388	n08894
n03388	n09643
n03389	n01640
n03390	n05802
n03390	n06804
n03390	n07479
n03390	n07928
n03391	n00881
n03392	n02635
n03392	n04438
n03393	n04432
n03394	n05991
n03394	n09610
n03395	n08752
n03395	n09363
n03396	n04712
n03396	n09119
n03396	n09604
n03397	n06185
n03397	n09421
n03398	n06683
n03399	n05297
n03399	n05298
n03399	n05299
n03399	n05300
n03399	n05301
n03399	n05420
n03399	n05551
n03399	n05679
n03399	n05680
n03399	n05799
n03399	n05800
n03399	n05931
n03399	n05933
n03399	n06059
n03399	n06346
n03399	n06348
n03399	n06349
n03399	n06497
n03399	n06638
n03399	n06639
n03399	n06803
n03399	n07147
n03399	n07647
n03399	n07853
n03399	n07855
n03399	n08047
n03399	n08048
n03399	n08891
n03400	n04628
n03400	n05031
n03400	n09601
n03400	n09603
n03401	n02943
n03401	n03302
n03402	n06865
n03403	n04052
n03403	n07584
n03403	n09610
n03404	n07565
n03405	n01424
n03405	n01845
n03405	n03369
n03405	n03742
n03405	n06352
n03405	n08458
n03406	n06888
n03407	n02968
n03408	n05813
n03408	n06709
n03408	n07301
n03408	n08347
n03408	n09124
n03409	n02864
n03409	n06732
n03410	n05855
n03410	n09601
n03410	n09604
n03410	n09605
n03411	n07316
n03411	n07515
n03411	n07566
n03411	n09602
n03411	n09608
n03412	n03403
n03412	n06697
n03413	n07560
n03414	n07212
n03414	n09603
n03415	n01450
n03415	n01639
n03415	n07196
n03415	n09123
n03415	n09124
n03415	n09612
n03416	n05300
n03416	n05302
n03416	n06638
n03416	n06736
n03416	n06801
n03416	n08676
n03416	n09209
n03417	n06273
n03417	n06524
n03417	n07053
n03417	n09118
n03418	n07221
n03418	n08580
n03419	n06801
n03419	n07146
n03419	n07590
n03419	n08047
n03420	n04026
n03420	n05610
n03420	n06227
n03421	n03111
n03421	n08523
n03422	n05184
n03423	n08312
n03423	n08892
n03423	n08893
n03423	n09123
n03423	n09124
n03423	n09367
n03423	n09368
n03423	n09370
n03423	n09614
n03424	n07479
n03424	n08570
n03425	n07647
n03425	n09262
n03425	n09606
n03426	n05034
n03426	n06404
n03426	n06876
n03426	n08147
n03427	n00544
n03427	n05800
n03427	n05935
n03428	n02557
n03428	n08603
n03428	n09603
n03429	n04450
n03429	n06928
n03430	n01998
n03430	n04929
n03431	n06003
n03431	n09293
n03431	n09362
n03432	n09606
n03432	n09731
n03433	n05656
n03433	n07147
n03433	n09283
n03434	n08840
n03434	n08841
n03435	n01646
n03435	n01664
n03435	n02759
n03436	n00529
n03436	n04748
n03437	n00922
n03437	n04326
n03438	n00128
n03438	n05136
n03438	n09456
n03441	n03019
n03441	n03231
n03442	n03019
n03442	n03231
n03443	n06205
n03444	n06205
n03446	n04491
n03446	n04589
n03446	n05557
n03446	n07853
n03446	n07867
n03446	n08677
n03447	n07014
n03448	n00860
n03448	n01162
n03448	n01411
n03448	n02267
n03449	n07523
n03450	n06366
n03451	n04035
n03451	n05799
n03451	n05800
n03451	n05803
n03451	n05931
n03451	n06346
n03451	n06348
n03451	n06497
n03451	n06639
n03451	n06640
n03451	n07291
n03451	n07479
n03451	n07853
n03451	n08254
n03451	n09386
n03453	n03652
n03453	n07667
n03453	n09610
n03453	n09616
n03454	n09673
n03455	n04605
n03456	n08675
n03456	n08789
n03457	n03582
n03457	n09118
n03458	n03167
n03458	n03304
n03459	n06820
n03460	n05105
n03461	n06217
n03461	n09122
n03462	n04418
n03463	n03977
n03464	n09592
n03465	n03754
n03465	n06346
n03465	n06640
n03465	n07477
n03465	n08091
n03466	n04248
n03467	n07056
n03467	n08713
n03468	n03857
n03468	n04515
n03469	n09063
n03470	n03974
n03471	n05466
n03471	n09124
n03471	n09366
n03471	n09370
n03471	n09616
n03472	n06878
n03472	n07358
n03472	n08981
n03472	n09119
n03473	n04744
n03473	n09364
n03473	n09601
n03473	n09607
n03473	n09608
n03474	n08675
n03474	n09118
n03474	n09364
n03474	n09601
n03474	n09602
n03474	n09603
n03474	n09604
n03475	n02294
n03475	n05114
n03475	n09601
n03476	n06701
n03476	n07722
n03476	n09367
n03476	n09611
n03477	n07907
n03478	n04936
n03479	n03770
n03479	n05679
n03479	n06345
n03479	n06636
n03479	n07037
n03479	n08677
n03479	n09363
n03480	n08805
n03480	n09609
n03480	n09616
n03481	n00150
n03481	n03319
n03482	n05479
n03482	n06425
n03482	n07205
n03482	n07354
n03482	n09607
n03483	n09275
n03484	n01994
n03484	n09378
n03485	n04945
n03485	n09362
n03485	n09607
n03486	n07994
n03487	n04142
n03488	n05418
n03488	n05678
n03488	n05931
n03488	n06345
n03488	n06499
n03488	n07477
n03488	n07648
n03488	n08565
n03488	n08998
n03489	n07430
n03490	n01645
n03490	n08820
n03490	n09608
n03491	n06095
n03491	n07235
n03491	n09482
n03492	n03126
n03492	n09120
n03492	n09601
n03492	n09602
n03493	n07078
n03493	n09612
n03493	n09615
n03493	n09616
n03494	n01197
n03494	n09605
n03494	n09608
n03495	n07981
n03495	n09517
n03496	n01994
n03496	n08458
n03497	n01445
n03498	n07726
n03499	n03730
n03499	n09546
n03500	n02165
n03501	n07250
n03501	n09137
n03502	n04353
n03502	n08386
n03502	n09688
n03502	n09702
n03503	n07870
n03504	n07870
n03505	n04310
n03506	n09629
n03508	n07693
n03509	n04407
n03509	n05437
n03510	n06232
n03511	n06077
n03511	n09118
n03512	n06826
n03513	n03244
n03513	n04215
n03513	n04599
n03513	n09121
n03514	n09409
n03515	n09143
n03515	n09630
n03515	n09683
n03516	n02268
n03516	n02849
n03516	n03865
n03516	n03948
n03516	n04417
n03516	n08892
n03516	n09124
n03516	n09368
n03517	n04711
n03517	n08045
n03517	n08082
n03517	n09601
n03517	n09608
n03518	n02636
n03518	n04613
n03519	n06087
n03519	n06233
n03519	n08507
n03520	n00510
n03520	n00514
n03520	n08283
n03520	n09118
n03521	n01818
n03521	n02937
n03521	n06654
n03521	n09123
n03521	n09152
n03521	n09611
n03522	n03168
n03523	n06390
n03523	n08945
n03524	n05101
n03524	n09464
n03525	n03794
n03526	n05591
n03526	n09608
n03527	n02404
n03527	n03453
n03528	n05869
n03528	n09119
n03528	n09365
n03528	n09601
n03528	n09604
n03529	n08329
n03530	n00875
n03530	n05002
n03530	n08948
n03531	n07930
n03532	n04823
n03532	n05802
n03532	n06639
n03533	n04979
n03533	n05419
n03533	n05799
n03533	n06199
n03533	n06498
n03533	n06636
n03533	n06638
n03533	n06639
n03533	n07145
n03533	n07646
n03533	n07853
n03533	n08254
n03533	n08677
n03533	n09606
n03534	n04328
n03534	n08951
n03534	n09196
n03535	n05297
n03535	n05416
n03535	n05421
n03535	n06200
n03536	n05161
n03536	n08483
n03537	n04517
n03537	n08045
n03537	n09365
n03538	n06308
n03539	n05216
n03539	n09119
n03539	n09121
n03539	n09601
n03540	n05297
n03540	n05302
n03540	n07147
n03540	n07645
n03540	n07646
n03540	n08048
n03540	n09739
n03541	n02857
n03541	n09124
n03541	n09125
n03541	n09368
n03541	n09615
n03542	n05972
n03542	n07359
n03544	n03168
n03544	n08684
n03545	n02651
n03546	n00184
n03547	n03695
n03547	n05121
n03547	n06275
n03547	n09422
n03548	n08458
n03548	n09606
n03549	n04249
n03549	n09604
n03550	n04534
n03550	n09120
n03550	n09362
n03550	n09365
n03550	n09608
n03551	n04520
n03551	n09119
n03551	n09120
n03552	n07556
n03552	n09369
n03552	n09611
n03553	n02428
n03553	n06528
n03553	n09605
n03554	n03617
n03555	n07054
n03555	n09476
n03555	n09601
n03555	n09602
n03556	n06801
n03556	n07646
n03556	n09213
n03556	n09268
n03557	n08045
n03557	n08675
n03557	n09364
n03557	n09602
n03557	n09603
n03558	n03596
n03558	n08093
n03558	n09369
n03558	n09609
n03558	n09610
n03558	n09612
n03558	n09615
n03559	n04980
n03559	n07853
n03559	n09273
n03559	n09362
n03559	n09365
n03559	n09603
n03560	n02412
n03560	n02746
n03560	n09125
n03561	n04979
n03561	n05801
n03561	n05932
n03561	n05934
n03561	n05935
n03561	n06350
n03561	n06497
n03561	n06581
n03561	n07146
n03561	n07478
n03561	n08891
n03562	n08675
n03562	n09119
n03562	n09120
n03562	n09604
n03562	n09605
n03563	n06744
n03563	n07525
n03563	n08089
n03563	n08891
n03564	n05245
n03564	n06895
n03564	n08098
n03565	n02655
n03565	n05299
n03565	n05418
n03565	n06998
n03565	n07477
n03565	n07854
n03565	n07855
n03565	n08048
n03565	n09151
n03566	n08051
n03566	n09483
n03567	n08581
n03568	n02965
n03568	n04699
n03568	n06637
n03568	n08675
n03568	n08914
n03568	n09120
n03568	n09365
n03568	n09602
n03569	n04945
n03569	n09122
n03569	n09364
n03569	n09601
n03569	n09604
n03570	n05049
n03570	n05515
n03570	n05691
n03570	n08137
n03571	n03785
n03571	n07593
n03571	n09606
n03572	n02419
n03572	n08675
n03572	n09603
n03572	n09608
n03573	n05418
n03573	n06638
n03573	n07477
n03573	n07958
n03574	n02295
n03574	n09763
n03575	n01650
n03575	n08562
n03575	n09369
n03576	n02862
n03576	n09122
n03576	n09188
n03577	n03040
n03577	n03391
n03578	n06573
n03578	n08675
n03578	n09604
n03578	n09608
n03580	n07696
n03580	n08675
n03580	n09371
n03581	n07670
n03582	n03505
n03582	n09606
n03583	n05188
n03583	n05297
n03583	n05298
n03583	n05299
n03583	n05301
n03583	n05416
n03583	n05419
n03583	n05420
n03583	n05421
n03583	n05678
n03583	n05679
n03583	n05799
n03583	n05801
n03583	n05802
n03583	n05803
n03583	n05805
n03583	n05931
n03583	n05935
n03583	n06059
n03583	n06198
n03583	n06201
n03583	n06346
n03583	n06350
n03583	n06498
n03583	n06637
n03583	n06638
n03583	n06801
n03583	n06802
n03583	n06804
n03583	n07145
n03583	n07146
n03583	n07289
n03583	n07291
n03583	n07476
n03583	n07480
n03583	n07646
n03583	n07647
n03583	n08048
n03584	n08045
n03584	n08675
n03584	n09602
n03585	n02136
n03585	n09366
n03586	n05684
n03586	n06646
n03587	n09409
n03589	n02134
n03589	n02271
n03589	n03025
n03589	n05316
n03590	n07192
n03591	n09118
n03592	n02637
n03592	n03875
n03592	n05113
n03593	n04317
n03594	n04423
n03595	n02636
n03595	n04613
n03596	n09257
n03597	n08512
n03598	n05823
n03598	n07181
n03598	n07530
n03599	n03246
n03600	n08890
n03600	n09364
n03600	n09607
n03601	n05856
n03601	n08564
n03602	n06415
n03602	n07868
n03602	n09121
n03603	n00513
n03603	n00523
n03603	n00543
n03603	n02640
n03603	n02863
n03603	n05334
n03604	n02756
n03604	n08890
n03604	n09121
n03604	n09603
n03605	n03719
n03605	n08891
n03605	n09194
n03606	n02408
n03607	n03582
n03607	n06554
n03608	n00880
n03608	n01209
n03608	n01439
n03609	n04428
n03609	n09709
n03610	n03583
n03610	n04979
n03610	n05418
n03610	n05932
n03610	n06096
n03610	n06202
n03610	n06345
n03610	n06348
n03610	n06636
n03610	n06998
n03610	n07290
n03610	n07479
n03611	n02301
n03611	n09120
n03611	n09121
n03612	n03098
n03612	n05301
n03612	n05420
n03612	n05804
n03612	n06059
n03612	n06498
n03612	n06637
n03612	n06638
n03612	n06998
n03612	n07477
n03612	n07480
n03612	n07647
n03612	n08046
n03612	n08047
n03612	n08254
n03613	n02139
n03613	n02534
n03613	n03777
n03613	n05934
n03613	n05935
n03613	n06638
n03613	n06803
n03613	n07146
n03613	n07147
n03613	n07479
n03613	n07480
n03613	n08046
n03613	n08891
n03614	n07042
n03614	n07702
n03615	n02971
n03615	n03953
n03615	n09366
n03616	n07961
n03616	n08045
n03617	n00903
n03617	n02531
n03617	n09369
n03617	n09615
n03618	n03522
n03618	n05427
n03618	n09118
n03618	n09363
n03619	n01984
n03619	n02141
n03619	n02283
n03619	n02285
n03619	n09441
n03620	n07402
n03621	n05022
n03621	n08291
n03621	n09604
n03622	n06279
n03622	n07066
n03622	n09119
n03622	n09604
n03623	n02155
n03623	n05298
n03623	n05418
n03623	n05804
n03623	n06638
n03623	n07289
n03623	n07477
n03624	n06350
n03624	n06801
n03624	n06804
n03624	n09048
n03625	n05119
n03625	n09118
n03626	n09490
n03626	n09745
n03627	n08675
n03627	n09603
n03628	n08967
n03628	n09120
n03629	n04631
n03630	n03958
n03630	n09605
n03630	n09638
n03631	n02149
n03631	n06202
n03631	n07646
n03631	n08254
n03632	n05241
n03632	n09118
n03634	n03601
n03634	n06719
n03634	n09525
n03635	n08894
n03635	n09370
n03635	n09611
n03636	n04979
n03636	n05188
n03636	n05298
n03636	n05299
n03636	n05302
n03636	n05417
n03636	n05418
n03636	n05419
n03636	n05421
n03636	n05551
n03636	n05678
n03636	n05679
n03636	n05680
n03636	n05799
n03636	n05800
n03636	n05801
n03636	n05803
n03636	n05804
n03636	n05932
n03636	n05934
n03636	n06059
n03636	n06198
n03636	n06200
n03636	n06201
n03636	n06202
n03636	n06344
n03636	n06345
n03636	n06349
n03636	n06350
n03636	n06497
n03636	n06498
n03636	n06499
n03636	n06636
n03636	n06639
n03636	n06640
n03636	n06802
n03636	n07145
n03636	n07289
n03636	n07290
n03636	n07291
n03636	n07476
n03636	n07477
n03636	n07480
n03636	n07648
n03636	n07855
n03636	n08046
n03636	n08048
n03636	n08254
n03636	n08677
n03637	n05379
n03637	n05679
n03637	n08047
n03638	n01833
n03638	n02660
n03638	n05360
n03638	n06678
n03638	n08770
n03639	n02656
n03639	n08988
n03639	n09602
n03640	n08206
n03641	n02966
n03641	n06497
n03641	n09610
n03641	n09615
n03642	n06452
n03642	n08610
n03642	n09118
n03643	n04347
n03643	n07910
n03643	n08157
n03644	n05390
n03644	n09502
n03645	n04438
n03646	n06059
n03646	n06200
n03646	n06201
n03646	n06282
n03646	n06347
n03646	n06499
n03646	n06802
n03646	n07291
n03646	n07647
n03646	n08254
n03647	n01999
n03647	n03868
n03647	n04916
n03647	n05416
n03647	n07478
n03647	n07647
n03648	n06436
n03648	n06567
n03650	n07870
n03651	n09622
n03652	n05939
n03652	n05940
n03652	n06509
n03652	n07298
n03653	n07870
n03654	n07158
n03655	n03944
n03656	n02930
n03656	n02931
n03656	n03744
n03656	n07305
n03656	n09368
n03656	n09610
n03656	n09611
n03657	n04206
n03657	n06064
n03657	n08683
n03657	n08908
n03658	n05571
n03659	n09416
n03660	n05828
n03660	n06671
n03661	n06830
n03663	n03089
n03663	n04036
n03663	n05569
n03664	n06080
n03665	n05570
n03665	n05578
n03665	n05963
n03665	n06523
n03665	n07915
n03665	n09365
n03666	n07523
n03667	n08045
n03668	n03249
n03668	n04612
n03669	n04997
n03669	n05799
n03669	n05933
n03669	n06497
n03669	n06638
n03669	n07647
n03669	n08046
n03669	n09119
n03669	n09120
n03670	n04226
n03671	n07025
n03672	n05321
n03673	n05449
n03674	n04410
n03674	n04597
n03674	n04900
n03674	n04995
n03674	n08890
n03675	n09166
n03676	n05828
n03676	n05829
n03676	n06199
n03676	n06202
n03676	n06344
n03676	n06498
n03676	n06671
n03676	n07477
n03677	n05560
n03677	n07905
n03678	n06830
n03679	n09121
n03680	n05869
n03680	n09119
n03681	n05611
n03681	n09633
n03682	n06252
n03683	n09602
n03683	n09694
n03684	n07494
n03684	n09605
n03684	n09607
n03685	n05228
n03685	n05616
n03686	n03098
n03686	n04978
n03686	n05188
n03686	n05301
n03686	n05420
n03686	n05800
n03686	n06059
n03686	n06348
n03686	n06498
n03686	n06637
n03686	n06638
n03686	n06998
n03686	n07477
n03686	n07480
n03686	n08046
n03686	n08047
n03686	n08254
n03687	n04979
n03687	n05297
n03687	n05301
n03687	n05416
n03687	n05418
n03687	n05419
n03687	n05420
n03687	n05421
n03687	n05551
n03687	n05679
n03687	n05800
n03687	n05801
n03687	n05802
n03687	n05805
n03687	n05931
n03687	n05933
n03687	n06199
n03687	n06200
n03687	n06201
n03687	n06202
n03687	n06347
n03687	n06349
n03687	n06498
n03687	n06499
n03687	n06636
n03687	n06801
n03687	n07290
n03687	n07480
n03687	n07647
n03687	n08254
n03688	n04236
n03688	n04978
n03688	n06345
n03688	n06801
n03688	n07647
n03688	n07853
n03688	n07855
n03688	n08891
n03689	n05607
n03689	n06092
n03689	n08505
n03690	n04133
n03690	n08892
n03691	n04978
n03691	n04979
n03691	n05298
n03691	n05299
n03691	n05300
n03691	n05301
n03691	n05416
n03691	n05417
n03691	n05418
n03691	n05420
n03691	n05551
n03691	n05678
n03691	n05679
n03691	n05799
n03691	n05800
n03691	n05801
n03691	n05803
n03691	n05805
n03691	n05931
n03691	n05932
n03691	n05933
n03691	n05934
n03691	n05935
n03691	n06059
n03691	n06198
n03691	n06200
n03691	n06201
n03691	n06202
n03691	n06346
n03691	n06350
n03691	n06497
n03691	n06499
n03691	n06638
n03691	n06802
n03691	n06998
n03691	n07146
n03691	n07147
n03691	n07289
n03691	n07477
n03691	n07479
n03691	n07646
n03691	n07647
n03691	n07853
n03691	n07854
n03691	n07855
n03691	n08046
n03691	n08047
n03691	n08048
n03691	n08254
n03691	n08676
n03691	n08677
n03691	n08891
n03692	n03878
n03693	n06827
n03693	n08045
n03693	n09121
n03693	n09122
n03693	n09602
n03693	n09605
n03694	n04920
n03695	n07365
n03696	n02280
n03696	n09363
n03697	n06276
n03698	n03108
n03698	n03174
n03698	n03242
n03698	n05300
n03698	n06498
n03698	n06638
n03698	n07290
n03698	n07291
n03698	n07479
n03698	n07645
n03698	n07854
n03698	n08046
n03698	n08676
n03699	n01178
n03699	n04634
n03700	n05117
n03700	n09435
n03701	n03971
n03702	n02150
n03702	n02646
n03703	n04978
n03703	n04979
n03703	n05188
n03703	n05297
n03703	n05300
n03703	n05301
n03703	n05302
n03703	n05416
n03703	n05418
n03703	n05419
n03703	n05420
n03703	n05421
n03703	n05551
n03703	n05799
n03703	n05800
n03703	n05801
n03703	n05802
n03703	n05803
n03703	n05804
n03703	n05805
n03703	n05931
n03703	n05933
n03703	n05934
n03703	n06059
n03703	n06199
n03703	n06201
n03703	n06345
n03703	n06346
n03703	n06347
n03703	n06348
n03703	n06349
n03703	n06350
n03703	n06497
n03703	n06498
n03703	n06636
n03703	n06637
n03703	n06639
n03703	n06640
n03703	n06801
n03703	n06802
n03703	n06803
n03703	n06998
n03703	n07146
n03703	n07147
n03703	n07290
n03703	n07476
n03703	n07477
n03703	n07478
n03703	n07479
n03703	n07480
n03703	n07645
n03703	n08046
n03703	n08254
n03703	n08676
n03703	n08677
n03704	n06655
n03704	n07007
n03704	n08893
n03704	n09366
n03704	n09368
n03704	n09370
n03704	n09610
n03704	n09611
n03704	n09613
n03704	n09614
n03704	n09615
n03704	n09616
n03705	n06402
n03705	n09613
n03706	n02957
n03706	n09610
n03706	n09615
n03706	n09617
n03707	n05466
n03707	n08892
n03707	n09369
n03707	n09616
n03708	n05218
n03708	n08173
n03708	n09606
n03709	n09363
n03709	n09730
n03710	n04242
n03710	n08045
n03711	n01435
n03711	n08675
n03712	n09273
n03712	n09365
n03712	n09603
n03713	n04531
n03714	n05336
n03714	n06424
n03715	n09118
n03715	n09119
n03715	n09604
n03716	n05297
n03716	n05416
n03716	n05420
n03716	n05678
n03716	n05799
n03716	n05803
n03716	n05804
n03716	n06200
n03716	n06346
n03716	n07648
n03717	n00045
n03717	n01419
n03717	n02398
n03718	n03394
n03718	n08894
n03718	n09125
n03718	n09368
n03719	n05298
n03719	n05933
n03719	n06103
n03721	n06285
n03721	n07145
n03721	n07645
n03722	n03613
n03722	n06201
n03722	n06345
n03722	n06804
n03722	n07477
n03722	n07645
n03722	n08048
n03723	n05345
n03723	n07876
n03724	n04979
n03724	n05188
n03724	n05297
n03724	n05299
n03724	n05300
n03724	n05301
n03724	n05302
n03724	n05420
n03724	n05678
n03724	n05799
n03724	n05801
n03724	n05804
n03724	n05805
n03724	n05935
n03724	n06200
n03724	n06202
n03724	n06345
n03724	n06499
n03724	n06637
n03724	n06639
n03724	n06640
n03724	n06801
n03724	n06803
n03724	n06804
n03724	n06998
n03724	n07291
n03724	n07476
n03724	n07647
n03724	n07648
n03724	n07854
n03724	n08047
n03724	n08048
n03724	n08676
n03724	n08891
n03725	n08195
n03726	n03103
n03726	n03593
n03726	n09120
n03726	n09122
n03726	n09604
n03726	n09608
n03727	n07066
n03727	n09601
n03728	n03882
n03728	n09609
n03729	n02418
n03729	n09125
n03729	n09366
n03729	n09370
n03730	n07070
n03730	n08892
n03730	n09366
n03731	n04526
n03731	n08675
n03731	n09046
n03732	n03272
n03732	n06640
n03732	n06942
n03732	n07478
n03732	n07554
n03733	n06012
n03733	n08675
n03733	n09365
n03733	n09601
n03734	n02807
n03734	n09363
n03735	n01207
n03735	n05416
n03735	n05803
n03735	n06348
n03736	n07641
n03736	n08893
n03736	n09123
n03736	n09367
n03736	n09612
n03737	n03308
n03737	n03392
n03737	n08530
n03738	n04820
n03738	n09713
n03739	n00147
n03739	n03266
n03739	n05273
n03740	n02538
n03740	n07648
n03740	n08676
n03741	n06198
n03742	n02839
n03742	n04886
n03743	n05690
n03743	n05949
n03743	n06216
n03743	n07003
n03744	n04692
n03744	n07864
n03745	n03840
n03745	n04211
n03745	n04397
n03745	n05307
n03745	n05312
n03745	n05696
n03746	n08045
n03746	n09607
n03748	n04129
n03748	n04411
n03748	n04805
n03748	n08938
n03748	n09121
n03749	n07684
n03749	n09602
n03750	n07693
n03751	n08045
n03751	n08675
n03752	n04990
n03752	n05314
n03752	n05826
n03752	n09645
n03753	n06232
n03754	n02641
n03754	n03160
n03754	n07478
n03755	n02134
n03755	n02271
n03755	n03025
n03756	n04803
n03756	n04998
n03757	n03244
n03757	n09121
n03758	n08991
n03758	n09367
n03758	n09616
n03759	n07363
n03759	n09370
n03759	n09617
n03760	n06843
n03761	n08294
n03762	n00873
n03762	n04523
n03762	n09364
n03763	n06830
n03764	n01444
n03764	n09364
n03765	n06380
n03766	n03455
n03767	n00072
n03767	n00562
n03767	n04517
n03768	n02747
n03768	n09366
n03769	n06255
n03770	n04823
n03770	n09419
n03771	n04038
n03771	n09607
n03771	n09608
n03773	n04816
n03773	n06538
n03773	n06640
n03773	n08891
n03774	n05590
n03774	n09118
n03774	n09432
n03776	n02955
n03776	n06532
n03776	n08127
n03777	n04978
n03777	n04979
n03777	n05188
n03777	n05297
n03777	n05299
n03777	n05300
n03777	n05301
n03777	n05302
n03777	n05417
n03777	n05418
n03777	n05421
n03777	n05551
n03777	n05678
n03777	n05680
n03777	n05800
n03777	n05804
n03777	n05805
n03777	n05932
n03777	n05933
n03777	n06059
n03777	n06199
n03777	n06200
n03777	n06347
n03777	n06498
n03777	n06499
n03777	n06640
n03777	n07647
n03778	n07936
n03779	n06247
n03779	n07721
n03780	n07728
n03780	n08115
n03781	n06708
n03781	n08675
n03782	n01177
n03782	n02395
n03782	n03957
n03783	n08500
n03783	n08675
n03784	n04507
n03784	n09149
n03784	n09605
n03784	n09608
n03785	n09122
n03786	n05461
n03786	n08126
n03786	n08893
n03786	n09125
n03786	n09614
n03787	n06230
n03787	n07383
n03787	n07879
n03788	n06117
n03789	n01453
n03790	n03879
n03791	n04039
n03793	n09714
n03794	n03461
n03794	n08458
n03795	n08045
n03795	n09122
n03795	n09362
n03795	n09364
n03795	n09601
n03795	n09602
n03796	n08154
n03797	n07476
n03797	n09720
n03798	n04253
n03798	n09121
n03799	n02857
n03799	n08892
n03799	n08894
n03799	n09368
n03799	n09610
n03799	n09611
n03799	n09613
n03800	n08126
n03800	n08893
n03802	n02966
n03802	n07075
n03802	n08894
n03803	n09364
n03804	n05736
n03805	n01199
n03806	n08045
n03806	n09120
n03806	n09122
n03806	n09362
n03806	n09605
n03807	n05122
n03807	n05126
n03807	n09603
n03807	n09605
n03808	n02868
n03808	n08045
n03808	n09119
n03809	n06378
n03809	n06461
n03810	n04305
n03810	n08337
n03811	n03798
n03811	n09119
n03811	n09601
n03811	n09602
n03812	n04909
n03812	n07578
n03812	n08085
n03812	n08892
n03812	n08899
n03813	n08458
n03813	n09363
n03814	n06730
n03814	n08893
n03814	n08894
n03814	n09418
n03814	n09612
n03815	n06060
n03815	n09606
n03815	n09619
n03816	n03870
n03816	n08772
n03816	n08890
n03816	n09603
n03817	n05761
n03817	n07588
n03818	n02279
n03818	n03169
n03818	n04548
n03819	n01478
n03820	n01662
n03820	n05003
n03821	n06926
n03821	n08384
n03822	n04550
n03823	n03611
n03823	n09601
n03823	n09602
n03824	n05086
n03824	n05427
n03824	n06221
n03824	n07309
n03824	n08684
n03824	n09118
n03825	n02983
n03825	n03328
n03825	n08675
n03825	n09603
n03826	n09065
n03826	n09613
n03827	n08534
n03827	n09207
n03827	n09367
n03827	n09610
n03827	n09611
n03827	n09612
n03828	n01862
n03828	n09120
n03829	n00146
n03831	n08242
n03831	n08458
n03831	n09118
n03832	n03051
n03833	n04594
n03833	n06637
n03833	n09273
n03833	n09365
n03833	n09607
n03834	n07229
n03834	n07419
n03835	n00955
n03836	n00182
n03836	n00888
n03836	n05799
n03836	n07739
n03837	n01975
n03837	n03018
n03839	n08458
n03840	n09118
n03840	n09363
n03841	n08045
n03841	n09607
n03842	n03505
n03842	n08458
n03843	n03505
n03844	n09692
n03845	n08073
n03846	n04984
n03846	n08894
n03847	n06232
n03848	n08991
n03848	n09367
n03849	n03510
n03849	n03753
n03849	n03847
n03850	n07517
n03851	n05455
n03851	n08684
n03852	n03239
n03852	n03508
n03852	n03750
n03852	n04208
n03852	n06803
n03853	n02938
n03853	n09365
n03854	n02932
n03854	n03240
n03855	n06662
n03856	n04320
n03857	n06852
n03858	n08917
n03858	n09120
n03858	n09604
n03858	n09608
n03859	n00884
n03859	n08458
n03860	n07893
n03860	n09121
n03861	n04709
n03861	n05418
n03861	n05420
n03861	n06344
n03861	n07145
n03861	n07476
n03861	n07478
n03861	n07855
n03862	n09120
n03864	n03031
n03864	n09120
n03865	n08893
n03865	n09367
n03865	n09611
n03866	n04627
n03867	n02272
n03868	n06544
n03868	n07525
n03869	n09474
n03870	n08525
n03870	n08569
n03870	n09655
n03871	n08917
n03871	n09120
n03871	n09604
n03871	n09608
n03872	n06059
n03872	n06282
n03872	n07291
n03872	n07647
n03873	n04903
n03873	n08568
n03874	n03187
n03875	n08703
n03876	n09123
n03876	n09366
n03876	n09367
n03877	n08752
n03877	n09363
n03878	n00031
n03878	n00878
n03878	n02275
n03878	n02848
n03878	n03106
n03878	n09363
n03879	n06870
n03880	n07733
n03881	n03956
n03881	n04604
n03881	n05010
n03882	n08790
n03883	n09118
n03883	n09379
n03883	n09696
n03884	n06662
n03884	n09118
n03885	n09120
n03885	n09362
n03885	n09602
n03886	n05724
n03886	n07086
n03886	n08543
n03887	n00050
n03887	n00111
n03889	n02290
n03889	n02762
n03889	n09604
n03890	n05597
n03890	n09368
n03891	n04603
n03892	n09744
n03893	n03182
n03894	n04133
n03894	n09611
n03894	n09615
n03895	n02298
n03895	n08086
n03896	n02876
n03896	n09613
n03897	n06903
n03897	n09122
n03898	n03968
n03898	n07933
n03898	n09118
n03898	n09606
n03899	n04060
n03899	n04721
n03899	n05140
n03900	n09606
n03901	n05331
n03901	n05854
n03901	n06348
n03901	n06638
n03901	n07478
n03901	n07480
n03901	n08254
n03901	n08676
n03902	n04328
n03902	n09363
n03903	n02968
n03903	n09122
n03904	n06264
n03904	n07984
n03904	n08675
n03905	n06920
n03905	n07068
n03906	n08378
n03906	n09604
n03907	n09120
n03907	n09608
n03908	n03327
n03909	n08167
n03909	n09601
n03910	n05270
n03910	n09367
n03910	n09368
n03911	n08675
n03911	n09119
n03911	n09120
n03911	n09364
n03911	n09608
n03912	n06194
n03912	n09122
n03912	n09364
n03913	n04978
n03913	n05300
n03913	n05301
n03913	n05302
n03913	n05417
n03913	n05419
n03913	n05421
n03913	n05678
n03913	n05679
n03913	n05680
n03913	n05800
n03913	n05801
n03913	n05803
n03913	n05805
n03913	n05931
n03913	n05932
n03913	n05933
n03913	n05934
n03913	n05935
n03913	n06200
n03913	n06201
n03913	n06344
n03913	n06345
n03913	n06346
n03913	n06347
n03913	n06350
n03913	n06637
n03913	n06640
n03913	n06801
n03913	n06802
n03913	n06803
n03913	n06998
n03913	n07145
n03913	n07147
n03913	n07289
n03913	n07291
n03913	n07476
n03913	n07478
n03913	n07479
n03913	n07647
n03913	n07853
n03913	n08047
n03913	n08048
n03913	n08677
n03913	n08891
n03914	n08148
n03914	n08364
n03915	n04834
n03915	n07394
n03916	n05758
n03916	n08166
n03917	n07513
n03917	n08386
n03918	n01672
n03918	n04615
n03918	n07648
n03919	n02000
n03919	n04835
n03919	n04987
n03920	n02409
n03920	n07952
n03920	n09197
n03920	n09364
n03921	n03349
n03922	n07403
n03922	n08277
n03924	n08197
n03924	n08458
n03924	n09366
n03924	n09614
n03925	n06309
n03926	n07935
n03927	n07762
n03927	n08045
n03927	n08675
n03927	n09602
n03927	n09603
n03928	n05671
n03929	n02180
n03929	n05298
n03929	n05301
n03929	n05800
n03929	n07145
n03929	n07855
n03930	n09047
n03931	n03700
n03931	n08675
n03931	n09120
n03931	n09121
n03931	n09603
n03932	n02415
n03933	n00561
n03934	n06198
n03935	n04202
n03937	n00507
n03937	n00856
n03937	n00857
n03937	n04978
n03937	n04979
n03937	n05188
n03937	n05297
n03937	n05301
n03937	n05417
n03937	n05419
n03937	n05420
n03937	n05421
n03937	n05551
n03937	n05680
n03937	n05802
n03937	n05803
n03937	n05932
n03937	n05933
n03937	n05934
n03937	n05935
n03937	n06059
n03937	n06345
n03937	n06346
n03937	n06498
n03937	n06636
n03937	n06637
n03937	n06640
n03937	n06802
n03937	n07147
n03937	n07291
n03937	n07646
n03937	n07855
n03938	n04978
n03938	n04979
n03938	n05188
n03938	n05297
n03938	n05298
n03938	n05299
n03938	n05300
n03938	n05301
n03938	n05302
n03938	n05416
n03938	n05418
n03938	n05419
n03938	n05420
n03938	n05421
n03938	n05551
n03938	n05679
n03938	n05680
n03938	n05799
n03938	n05800
n03938	n05802
n03938	n05803
n03938	n05805
n03938	n05932
n03938	n05933
n03938	n05934
n03938	n05935
n03938	n06059
n03938	n06198
n03938	n06199
n03938	n06200
n03938	n06201
n03938	n06202
n03938	n06345
n03938	n06346
n03938	n06348
n03938	n06349
n03938	n06350
n03938	n06497
n03938	n06498
n03938	n06636
n03938	n06637
n03938	n06640
n03938	n06801
n03938	n06802
n03938	n06803
n03938	n06804
n03938	n06998
n03938	n07146
n03938	n07291
n03938	n07477
n03938	n07645
n03938	n07646
n03938	n07647
n03939	n07000
n03939	n08045
n03939	n08890
n03939	n09603
n03939	n09607
n03940	n07000
n03940	n08045
n03940	n08890
n03940	n09603
n03940	n09607
n03941	n06206
n03941	n06354
n03941	n08675
n03942	n05938
n03942	n06506
n03943	n03087
n03944	n04026
n03944	n06227
n03945	n09365
n03946	n09629
n03948	n08893
n03948	n09367
n03948	n09611
n03949	n03239
n03949	n03508
n03949	n03750
n03949	n04208
n03949	n06803
n03950	n08512
n03951	n04697
n03951	n05418
n03951	n05799
n03951	n06347
n03951	n07289
n03951	n07477
n03951	n07645
n03951	n08926
n03952	n09409
n03953	n08099
n03954	n03237
n03954	n03454
n03954	n09364
n03954	n09655
n03954	n09663
n03955	n01654
n03955	n08100
n03957	n04416
n03957	n06497
n03958	n08925
n03958	n09362
n03958	n09365
n03959	n04617
n03959	n06384
n03960	n04317
n03961	n07731
n03961	n09610
n03961	n09614
n03962	n09026
n03962	n09446
n03962	n09616
n03963	n07519
n03963	n08894
n03963	n09643
n03964	n05840
n03966	n03854
n03967	n03164
n03967	n06375
n03968	n07404
n03968	n09244
n03969	n00513
n03969	n00523
n03969	n00543
n03969	n02640
n03969	n02863
n03969	n05334
n03970	n02983
n03970	n03328
n03971	n03673
n03971	n09202
n03972	n05425
n03972	n05809
n03972	n06644
n03972	n08892
n03972	n08893
n03973	n00879
n03974	n05843
n03975	n00509
n03975	n00519
n03975	n00530
n03975	n08458
n03976	n03023
n03976	n03589
n03977	n01822
n03977	n02638
n03978	n09118
n03979	n03595
n03979	n09255
n03980	n08893
n03980	n09124
n03980	n09125
n03980	n09366
n03980	n09369
n03980	n09613
n03980	n09615
n03981	n04726
n03981	n06540
n03982	n07546
n03982	n09118
n03983	n06700
n03984	n06700
n03985	n04978
n03985	n04979
n03985	n05297
n03985	n05299
n03985	n05300
n03985	n05301
n03985	n05302
n03985	n05417
n03985	n05418
n03985	n05419
n03985	n05420
n03985	n05551
n03985	n05680
n03985	n05799
n03985	n05800
n03985	n05801
n03985	n05802
n03985	n05932
n03985	n05934
n03985	n05935
n03985	n06059
n03985	n06198
n03985	n06200
n03985	n06201
n03985	n06202
n03985	n06344
n03985	n06345
n03985	n06346
n03985	n06347
n03985	n06348
n03985	n06349
n03985	n06497
n03985	n06498
n03985	n06499
n03985	n06636
n03985	n06637
n03985	n07146
n03985	n07289
n03985	n07290
n03985	n07291
n03985	n07648
n03985	n07853
n03985	n07855
n03985	n08048
n03985	n08677
n03986	n00030
n03986	n00518
n03986	n00526
n03987	n06903
n03987	n07033
n03987	n08302
n03987	n08675
n03987	n09121
n03988	n04135
n03988	n06712
n03988	n09120
n03989	n07743
n03989	n09606
n03990	n04242
n03990	n07897
n03990	n09122
n03991	n04522
n03991	n09123
n03991	n09125
n03991	n09614
n03992	n07666
n03993	n00175
n03994	n04979
n03994	n05188
n03994	n05299
n03994	n05301
n03994	n05416
n03994	n05417
n03994	n05418
n03994	n05420
n03994	n05551
n03994	n05679
n03994	n05799
n03994	n05800
n03994	n05801
n03994	n05802
n03994	n05931
n03994	n06200
n03994	n06344
n03994	n06345
n03994	n06640
n03994	n06802
n03994	n06803
n03994	n06998
n03994	n07647
n03994	n07855
n03994	n08046
n03994	n08047
n03995	n06907
n03996	n01424
n03996	n01845
n03997	n03398
n03997	n09705
n03998	n03691
n03998	n05297
n03998	n06199
n03998	n07291
n03998	n07480
n03999	n07575
n04000	n03523
n04000	n04979
n04000	n05551
n04000	n05935
n04000	n07477
n04000	n07646
n04000	n08046
n04000	n08891
n04001	n05302
n04001	n05417
n04001	n05420
n04001	n05799
n04001	n05804
n04001	n05805
n04001	n05935
n04001	n06059
n04001	n06198
n04001	n06202
n04001	n06344
n04001	n06638
n04001	n06639
n04001	n07145
n04001	n07146
n04001	n07147
n04001	n07290
n04001	n07479
n04001	n07645
n04001	n07853
n04001	n07854
n04001	n08048
n04001	n08676
n04002	n03593
n04002	n03960
n04002	n09120
n04002	n09365
n04003	n05744
n04004	n03041
n04004	n09607
n04005	n02749
n04005	n03686
n04005	n04979
n04005	n05044
n04005	n05934
n04005	n06636
n04006	n06308
n04006	n09601
n04007	n07762
n04007	n09604
n04007	n09606
n04008	n04978
n04008	n05418
n04008	n05804
n04008	n06998
n04008	n09468
n04009	n02306
n04009	n06897
n04010	n03876
n04010	n07223
n04010	n09125
n04010	n09614
n04010	n09615
n04010	n09616
n04011	n00087
n04012	n00908
n04012	n06132
n04013	n09067
n04013	n09118
n04014	n01183
n04014	n01657
n04014	n04978
n04014	n05300
n04014	n05416
n04014	n05417
n04014	n05678
n04014	n05679
n04014	n06344
n04014	n06345
n04014	n06802
n04014	n06803
n04014	n07145
n04014	n07645
n04014	n07647
n04015	n00903
n04015	n02531
n04015	n08894
n04016	n09032
n04016	n09606
n04017	n00557
n04018	n01975
n04018	n03018
n04019	n01975
n04019	n03018
n04020	n06203
n04021	n03370
n04021	n03439
n04021	n03440
n04022	n04394
n04023	n01410
n04023	n01624
n04023	n03937
n04024	n08045
n04024	n09607
n04025	n03944
n04026	n05941
n04027	n08080
n04027	n08677
n04028	n01977
n04028	n02131
n04028	n02132
n04028	n02740
n04028	n02742
n04028	n03941
n04029	n06080
n04030	n06082
n04031	n05299
n04031	n05302
n04031	n05800
n04031	n05803
n04031	n05804
n04031	n07645
n04032	n07653
n04032	n09616
n04033	n08929
n04034	n02932
n04034	n03240
n04035	n04978
n04035	n04979
n04035	n05417
n04035	n06345
n04035	n07855
n04037	n09413
n04038	n03236
n04038	n03305
n04038	n03514
n04038	n03587
n04038	n03952
n04038	n04608
n04038	n05007
n04039	n01430
n04039	n07296
n04040	n04438
n04040	n08265
n04040	n09363
n04041	n05844
n04041	n06059
n04041	n06347
n04041	n06349
n04041	n06639
n04041	n06801
n04041	n07145
n04041	n07290
n04041	n07480
n04041	n07646
n04042	n09366
n04042	n09671
n04043	n01418
n04043	n03451
n04043	n04420
n04043	n05108
n04043	n05802
n04043	n05935
n04043	n06201
n04044	n05570
n04044	n05578
n04044	n05963
n04044	n06523
n04044	n07915
n04044	n09365
n04045	n06847
n04046	n04503
n04046	n05301
n04046	n06107
n04047	n04612
n04047	n09616
n04048	n03164
n04049	n05102
n04049	n05698
n04049	n06832
n04049	n09616
n04050	n06841
n04050	n09120
n04051	n08742
n04052	n04216
n04052	n08930
n04053	n09785
n04054	n06395
n04055	n04412
n04056	n06085
n04056	n07007
n04056	n09124
n04057	n00057
n04057	n03442
n04058	n02754
n04059	n03519
n04060	n07331
n04060	n08119
n04061	n05226
n04061	n09606
n04062	n04422
n04062	n08974
n04062	n08976
n04062	n09366
n04062	n09610
n04062	n09615
n04062	n09617
n04063	n06269
n04063	n08892
n04063	n09370
n04064	n03126
n04064	n04521
n04064	n09120
n04065	n07355
n04065	n09122
n04065	n09362
n04066	n03688
n04066	n05188
n04066	n05419
n04066	n05551
n04066	n05802
n04066	n05934
n04066	n06199
n04066	n06202
n04066	n06344
n04066	n06638
n04066	n06802
n04066	n07291
n04066	n08046
n04066	n08677
n04067	n05996
n04067	n07888
n04067	n09121
n04068	n04232
n04068	n06202
n04068	n07147
n04068	n07854
n04068	n08047
n04069	n08890
n04069	n09120
n04069	n09603
n04069	n09604
n04070	n00055
n04070	n00079
n04070	n00082
n04071	n00150
n04071	n03319
n04071	n09367
n04072	n05188
n04072	n05297
n04072	n05298
n04072	n05299
n04072	n05301
n04072	n05302
n04072	n05416
n04072	n05417
n04072	n05418
n04072	n05419
n04072	n05678
n04072	n05680
n04072	n05799
n04072	n05800
n04072	n05801
n04072	n05802
n04072	n05803
n04072	n05804
n04072	n05805
n04072	n05933
n04072	n06059
n04072	n06199
n04072	n06201
n04072	n06344
n04072	n06345
n04072	n06346
n04072	n06347
n04072	n06349
n04072	n06499
n04072	n06636
n04072	n06637
n04072	n06638
n04072	n06639
n04072	n06802
n04072	n06803
n04072	n06804
n04072	n06998
n04072	n07145
n04072	n07146
n04072	n07291
n04072	n07476
n04072	n07479
n04072	n07645
n04072	n07647
n04072	n07854
n04072	n07855
n04072	n08047
n04072	n08048
n04072	n08676
n04072	n08677
n04073	n04248
n04074	n02147
n04074	n03848
n04074	n09369
n04075	n04813
n04075	n08155
n04075	n09119
n04076	n09148
n04077	n06296
n04078	n03688
n04078	n05188
n04078	n05802
n04078	n05934
n04078	n06199
n04078	n06202
n04078	n06802
n04078	n06803
n04078	n07291
n04078	n08046
n04078	n08677
n04079	n06733
n04079	n09742
n04080	n07515
n04080	n08045
n04080	n09119
n04080	n09362
n04081	n08259
n04081	n09513
n04082	n06578
n04082	n09365
n04082	n09602
n04082	n09608
n04083	n07063
n04083	n08053
n04084	n07589
n04084	n08773
n04084	n08891
n04084	n09606
n04085	n06347
n04085	n07219
n04086	n07480
n04086	n09118
n04087	n03673
n04087	n04663
n04088	n03391
n04088	n08458
n04089	n03334
n04090	n01460
n04090	n09601
n04091	n05421
n04091	n06345
n04091	n06801
n04091	n07478
n04091	n07853
n04091	n07854
n04091	n08084
n04091	n09363
n04091	n09419
n04092	n04804
n04092	n09362
n04092	n09605
n04093	n08769
n04093	n09125
n04093	n09366
n04093	n09368
n04093	n09370
n04093	n09610
n04094	n05188
n04094	n05298
n04094	n05300
n04094	n05302
n04094	n05418
n04094	n05419
n04094	n05420
n04094	n05421
n04094	n05678
n04094	n05679
n04094	n05680
n04094	n05799
n04094	n05800
n04094	n05801
n04094	n05802
n04094	n05803
n04094	n05805
n04094	n05931
n04094	n05935
n04094	n06059
n04094	n06198
n04094	n06199
n04094	n06200
n04094	n06202
n04094	n06344
n04094	n06346
n04094	n06348
n04094	n06349
n04094	n06497
n04094	n06498
n04094	n06636
n04094	n06637
n04094	n06638
n04094	n06639
n04094	n06640
n04094	n06802
n04094	n07147
n04094	n07291
n04094	n08254
n04094	n08891
n04095	n00551
n04095	n08458
n04096	n06571
n04096	n09214
n04097	n00159
n04098	n05020
n04098	n06522
n04098	n09364
n04099	n06358
n04099	n07148
n04099	n09118
n04099	n09606
n04100	n04343
n04100	n05232
n04100	n05737
n04100	n07145
n04101	n09120
n04101	n09122
n04101	n09362
n04101	n09364
n04101	n09410
n04101	n09605
n04102	n06297
n04102	n08675
n04102	n09605
n04103	n09125
n04103	n09367
n04103	n09369
n04103	n09612
n04103	n09617
n04104	n04945
n04104	n09122
n04104	n09604
n04105	n03866
n04105	n09614
n04106	n07402
n04106	n08458
n04106	n09118
n04107	n03973
n04108	n00148
n04108	n00541
n04108	n03594
n04109	n02655
n04109	n05188
n04109	n06059
n04109	n06802
n04109	n07145
n04109	n07646
n04109	n07853
n04109	n08046
n04109	n08677
n04109	n08891
n04109	n09151
n04110	n01228
n04110	n01428
n04110	n02748
n04110	n03110
n04110	n08095
n04110	n09119
n04110	n09121
n04111	n00554
n04111	n04144
n04111	n07081
n04112	n04305
n04113	n03155
n04113	n04023
n04113	n06348
n04114	n03443
n04114	n03444
n04115	n04394
n04116	n08045
n04117	n04491
n04117	n04589
n04117	n05557
n04117	n07867
n04117	n08677
n04118	n09629
n04119	n09622
n04120	n05690
n04120	n05949
n04120	n06216
n04120	n07003
n04121	n03840
n04121	n04211
n04121	n04397
n04121	n05307
n04121	n05312
n04121	n05696
n04122	n08499
n04122	n08892
n04122	n09124
n04122	n09367
n04122	n09616
n04122	n09617
n04123	n06366
n04124	n04500
n04125	n05092
n04125	n06072
n04126	n07893
n04126	n08675
n04127	n08499
n04127	n08892
n04127	n09124
n04127	n09367
n04127	n09616
n04127	n09617
n04128	n03374
n04128	n03512
n04128	n07165
n04129	n07159
n04129	n08689
n04130	n05588
n04130	n07322
n04130	n09635
n04131	n08298
n04132	n03236
n04132	n03305
n04132	n03514
n04132	n03587
n04132	n03952
n04132	n04608
n04132	n05007
n04133	n08894
n04133	n09614
n04134	n05215
n04135	n07550
n04136	n05298
n04136	n05418
n04136	n05931
n04136	n06199
n04136	n06823
n04137	n02757
n04137	n09603
n04138	n03592
n04138	n09121
n04139	n03856
n04139	n04511
n04139	n08893
n04139	n09125
n04139	n09643
n04140	n06525
n04141	n09034
n04142	n06060
n04142	n09619
n04143	n03754
n04143	n05419
n04143	n05802
n04143	n05803
n04143	n05933
n04143	n06346
n04143	n06348
n04143	n06498
n04143	n07291
n04143	n07477
n04143	n07647
n04143	n07648
n04143	n08048
n04144	n06249
n04144	n08081
n04145	n03093
n04145	n04438
n04146	n03951
n04146	n04246
n04146	n06199
n04146	n07478
n04146	n07647
n04146	n08048
n04147	n02957
n04147	n08296
n04147	n09366
n04147	n09610
n04147	n09615
n04148	n05188
n04148	n05931
n04148	n06202
n04148	n06637
n04148	n06639
n04148	n08458
n04149	n09238
n04150	n03519
n04151	n07916
n04151	n09609
n04152	n05346
n04152	n09118
n04153	n02643
n04153	n03671
n04153	n07718
n04153	n09604
n04154	n06121
n04155	n04437
n04156	n02943
n04156	n03032
n04156	n03302
n04158	n07821
n04159	n04050
n04159	n04635
n04159	n09362
n04159	n09601
n04159	n09608
n04160	n01173
n04160	n01633
n04160	n04128
n04160	n07545
n04161	n04993
n04161	n05443
n04161	n05586
n04162	n05126
n04163	n05297
n04163	n05799
n04163	n06059
n04163	n06202
n04163	n06282
n04163	n07291
n04163	n07647
n04163	n07648
n04163	n07853
n04163	n08047
n04164	n03100
n04165	n05262
n04165	n05733
n04166	n04238
n04166	n08046
n04166	n08047
n04167	n05300
n04167	n05994
n04167	n07854
n04167	n08677
n04167	n09136
n04168	n05855
n04168	n08675
n04168	n09364
n04168	n09365
n04168	n09604
n04169	n05111
n04169	n07477
n04169	n08565
n04169	n08998
n04170	n09120
n04170	n09121
n04170	n09364
n04170	n09602
n04170	n09604
n04173	n05416
n04173	n05418
n04173	n05421
n04173	n06636
n04173	n07147
n04173	n09236
n04174	n05420
n04174	n05421
n04174	n06261
n04174	n06638
n04175	n02536
n04176	n06013
n04177	n05623
n04178	n02998
n04178	n08719
n04179	n02650
n04179	n04827
n04179	n09118
n04180	n09729
n04181	n05862
n04181	n06435
n04181	n07744
n04182	n03265
n04182	n08045
n04183	n08045
n04183	n08675
n04183	n09120
n04183	n09362
n04184	n09251
n04184	n09520
n04185	n00539
n04185	n03166
n04185	n04602
n04185	n09120
n04185	n09362
n04185	n09364
n04185	n09408
n04185	n09603
n04186	n06802
n04186	n07479
n04186	n08048
n04186	n09118
n04186	n09363
n04187	n06745
n04187	n09363
n04187	n09606
n04188	n07235
n04189	n09280
n04190	n08166
n04190	n09125
n04190	n09363
n04190	n09369
n04191	n06286
n04191	n07342
n04191	n09615
n04192	n08131
n04192	n08602
n04192	n09122
n04193	n00182
n04193	n00888
n04193	n09036
n04194	n07983
n04194	n09603
n04194	n09605
n04195	n02980
n04195	n08675
n04195	n08890
n04195	n09120
n04195	n09365
n04195	n09601
n04196	n04339
n04196	n06198
n04196	n06347
n04196	n06498
n04196	n06802
n04196	n07291
n04196	n07479
n04196	n07645
n04196	n07647
n04196	n07648
n04197	n03323
n04197	n03867
n04197	n03955
n04197	n07360
n04197	n08890
n04197	n09122
n04197	n09365
n04197	n09601
n04197	n09603
n04198	n02410
n04198	n06335
n04198	n08972
n04198	n09602
n04198	n09604
n04198	n09607
n04199	n03881
n04199	n09124
n04199	n09611
n04199	n09617
n04200	n01829
n04200	n09606
n04201	n05147
n04201	n09362
n04201	n09364
n04201	n09605
n04202	n02631
n04203	n05191
n04206	n03939
n04206	n03940
n04207	n05944
n04207	n07297
n04208	n07693
n04209	n06225
n04210	n04989
n04210	n07145
n04211	n09118
n04211	n09363
n04212	n05297
n04212	n05431
n04212	n07855
n04213	n05085
n04213	n05306
n04213	n07017
n04213	n08905
n04214	n03655
n04214	n04025
n04215	n04311
n04216	n03159
n04216	n09368
n04217	n06080
n04218	n06366
n04219	n06080
n04220	n04318
n04220	n04606
n04220	n06518
n04220	n08698
n04221	n07029
n04221	n07146
n04221	n07477
n04221	n07648
n04222	n04327
n04222	n06377
n04222	n08675
n04223	n05708
n04223	n09612
n04224	n08495
n04225	n08294
n04226	n06648
n04226	n07008
n04227	n02942
n04227	n06091
n04227	n07649
n04227	n08986
n04228	n08096
n04229	n01982
n04229	n03379
n04229	n08458
n04230	n06835
n04230	n08269
n04231	n06704
n04231	n07884
n04231	n09122
n04232	n05188
n04232	n05298
n04232	n05299
n04232	n05300
n04232	n05301
n04232	n05416
n04232	n05799
n04232	n05931
n04232	n05932
n04232	n06347
n04232	n06636
n04232	n07145
n04232	n07477
n04234	n07893
n04234	n09601
n04235	n04499
n04235	n04597
n04235	n04900
n04235	n04995
n04236	n05679
n04236	n06640
n04236	n06863
n04236	n07145
n04236	n07290
n04236	n07477
n04236	n07480
n04236	n09165
n04237	n05959
n04237	n07716
n04238	n04978
n04238	n05300
n04238	n05421
n04238	n05803
n04238	n06198
n04238	n06346
n04238	n06497
n04238	n07145
n04238	n07526
n04238	n07645
n04239	n03754
n04239	n05419
n04239	n06200
n04239	n06346
n04239	n07477
n04239	n08048
n04240	n04327
n04240	n06377
n04240	n08675
n04242	n06648
n04242	n09424
n04243	n09601
n04244	n04128
n04244	n07545
n04245	n05012
n04246	n04697
n04246	n05418
n04246	n05799
n04246	n06347
n04246	n07289
n04246	n07477
n04246	n07645
n04246	n08926
n04247	n05823
n04247	n07181
n04247	n07530
n04248	n09633
n04249	n09122
n04249	n09601
n04249	n09605
n04249	n09608
n04250	n05592
n04250	n09125
n04250	n09366
n04250	n09612
n04250	n09614
n04250	n09615
n04250	n09617
n04251	n00104
n04251	n00883
n04252	n03765
n04253	n08744
n04253	n09120
n04253	n09539
n04254	n08546
n04255	n06368
n04256	n04239
n04256	n05680
n04256	n05801
n04256	n05802
n04256	n05933
n04256	n06198
n04256	n06344
n04256	n06345
n04256	n06348
n04256	n06498
n04256	n06499
n04256	n07291
n04256	n07647
n04256	n07648
n04257	n05232
n04257	n07349
n04258	n03097
n04258	n04436
n04259	n05385
n04260	n08108
n04261	n05724
n04261	n08893
n04261	n09370
n04261	n09611
n04262	n06112
n04263	n05298
n04263	n05418
n04263	n05802
n04263	n05934
n04263	n05935
n04263	n06344
n04263	n06803
n04263	n07145
n04263	n07146
n04263	n07476
n04263	n07569
n04263	n08676
n04263	n08891
n04264	n03590
n04264	n08045
n04264	n08305
n04264	n09119
n04264	n09122
n04264	n09364
n04264	n09607
n04264	n09608
n04265	n03853
n04265	n07204
n04265	n09364
n04266	n06141
n04267	n03035
n04267	n08675
n04267	n09121
n04267	n09122
n04267	n09364
n04267	n09603
n04267	n09607
n04268	n04338
n04268	n09125
n04268	n09369
n04268	n09617
n04269	n05351
n04269	n05931
n04269	n06636
n04269	n07476
n04269	n07479
n04269	n08254
n04270	n09120
n04270	n09362
n04270	n09364
n04270	n09604
n04270	n09605
n04271	n02756
n04271	n09121
n04272	n07691
n04272	n09123
n04273	n06655
n04273	n07007
n04273	n08893
n04273	n09366
n04273	n09368
n04273	n09370
n04273	n09610
n04273	n09611
n04273	n09613
n04273	n09614
n04273	n09615
n04273	n09616
n04274	n09395
n04274	n09606
n04275	n08723
n04275	n09185
n04276	n09120
n04276	n09602
n04277	n08458
n04277	n09606
n04278	n05301
n04278	n05302
n04278	n05416
n04278	n05420
n04278	n05678
n04278	n05679
n04278	n05680
n04278	n05799
n04278	n05801
n04278	n05804
n04278	n05931
n04278	n05935
n04278	n06199
n04278	n06200
n04278	n06202
n04278	n06344
n04278	n06345
n04278	n06347
n04278	n06497
n04278	n06498
n04278	n06636
n04278	n06637
n04278	n06638
n04278	n06640
n04278	n06803
n04278	n06804
n04278	n07145
n04278	n07147
n04278	n07289
n04278	n07290
n04278	n07477
n04278	n07480
n04278	n07646
n04278	n07648
n04278	n07853
n04278	n08047
n04279	n04234
n04279	n04932
n04279	n09120
n04279	n09362
n04279	n09605
n04280	n03793
n04280	n06263
n04280	n08783
n04281	n07410
n04281	n09369
n04281	n09611
n04281	n09614
n04282	n05741
n04283	n04333
n04283	n09122
n04283	n09608
n04284	n01990
n04284	n09602
n04285	n05640
n04285	n06424
n04286	n09118
n04287	n04556
n04287	n08894
n04287	n09366
n04287	n09609
n04287	n09610
n04287	n09615
n04287	n09616
n04288	n04064
n04288	n05642
n04288	n09602
n04289	n08582
n04289	n09282
n04290	n00015
n04290	n00114
n04290	n04070
n04291	n07077
n04291	n07646
n04292	n02291
n04292	n09053
n04293	n06134
n04293	n06998
n04293	n07647
n04293	n08046
n04293	n08047
n04293	n08893
n04293	n09515
n04293	n09609
n04294	n02165
n04295	n03336
n04295	n03475
n04295	n09605
n04295	n09608
n04296	n07807
n04296	n08675
n04296	n09601
n04297	n05298
n04297	n05300
n04297	n05301
n04297	n05417
n04297	n05800
n04297	n05804
n04297	n05933
n04297	n06637
n04297	n06638
n04297	n07289
n04297	n07479
n04297	n07480
n04297	n07645
n04297	n08254
n04297	n08891
n04298	n02307
n04299	n05298
n04299	n05302
n04299	n05419
n04299	n05803
n04299	n06589
n04299	n06998
n04299	n07476
n04299	n07646
n04299	n07853
n04299	n08254
n04300	n03400
n04300	n09364
n04300	n09608
n04301	n00553
n04301	n04054
n04301	n08458
n04301	n09363
n04302	n02279
n04302	n02855
n04302	n03247
n04302	n04548
n04304	n08459
n04305	n05424
n04305	n06643
n04305	n07486
n04307	n04978
n04307	n04979
n04307	n05188
n04307	n05297
n04307	n05298
n04307	n05299
n04307	n05300
n04307	n05301
n04307	n05302
n04307	n05416
n04307	n05418
n04307	n05419
n04307	n05420
n04307	n05421
n04307	n05551
n04307	n05679
n04307	n05680
n04307	n05799
n04307	n05800
n04307	n05802
n04307	n05803
n04307	n05805
n04307	n05932
n04307	n05933
n04307	n05934
n04307	n05935
n04307	n06059
n04307	n06198
n04307	n06199
n04307	n06200
n04307	n06201
n04307	n06202
n04307	n06345
n04307	n06346
n04307	n06348
n04307	n06349
n04307	n06350
n04307	n06497
n04307	n06498
n04307	n06636
n04307	n06637
n04307	n06640
n04307	n06801
n04307	n06802
n04307	n06803
n04307	n06804
n04307	n06998
n04307	n07146
n04307	n07291
n04307	n07477
n04307	n07645
n04307	n07646
n04307	n07647
n04308	n08052
n04310	n01625
n04310	n01976
n04311	n01977
n04311	n02131
n04311	n02132
n04311	n02740
n04311	n02742
n04311	n03941
n04312	n08278
n04313	n03503
n04313	n03504
n04313	n03650
n04313	n03653
n04313	n04983
n04315	n04027
n04316	n03300
n04316	n03845
n04317	n08257
n04317	n08678
n04317	n08890
n04317	n09603
n04318	n09624
n04319	n09380
n04321	n01817
n04321	n02846
n04322	n09416
n04323	n00872
n04323	n01980
n04324	n03237
n04324	n03454
n04325	n07893
n04325	n08675
n04325	n09603
n04326	n06535
n04326	n06687
n04328	n01984
n04328	n02141
n04328	n02283
n04328	n02285
n04329	n04503
n04329	n06107
n04329	n07145
n04329	n07476
n04330	n05879
n04331	n06882
n04331	n09367
n04331	n09612
n04331	n09616
n04332	n03446
n04332	n05469
n04333	n09605
n04334	n04049
n04334	n05454
n04336	n08266
n04336	n08893
n04336	n09369
n04336	n09370
n04336	n09613
n04336	n09616
n04337	n08892
n04337	n08894
n04337	n09610
n04337	n09612
n04337	n09615
n04338	n02268
n04338	n02849
n04338	n03865
n04338	n03948
n04338	n04417
n04338	n09614
n04339	n05298
n04339	n05301
n04339	n05302
n04339	n05416
n04339	n05417
n04339	n05418
n04339	n05420
n04339	n05421
n04339	n05551
n04339	n05679
n04339	n05801
n04339	n05802
n04339	n05804
n04339	n05805
n04339	n05932
n04339	n05933
n04339	n05934
n04339	n06199
n04339	n06202
n04339	n06344
n04339	n06345
n04339	n06346
n04339	n06637
n04339	n06801
n04339	n07145
n04339	n07289
n04339	n07290
n04339	n07478
n04339	n08254
n04339	n08891
n04340	n05300
n04340	n05679
n04340	n05801
n04340	n05804
n04340	n05844
n04340	n07477
n04340	n07478
n04340	n08047
n04341	n00096
n04341	n09601
n04341	n09605
n04342	n02958
n04342	n03307
n04342	n03754
n04342	n05416
n04342	n06640
n04342	n07645
n04343	n05796
n04343	n06242
n04344	n05420
n04344	n06498
n04344	n07228
n04345	n09732
n04346	n05867
n04346	n07544
n04346	n09120
n04346	n09602
n04347	n03517
n04347	n09444
n04347	n09602
n04348	n08294
n04349	n05118
n04350	n00893
n04351	n00517
n04351	n01429
n04351	n05693
n04351	n08894
n04351	n09612
n04352	n08821
n04352	n09608
n04354	n05740
n04355	n06105
n04355	n07289
n04355	n07647
n04356	n07920
n04356	n09169
n04356	n09364
n04356	n09608
n04357	n04324
n04357	n04518
n04357	n08890
n04357	n09605
n04358	n06691
n04358	n09616
n04359	n05745
n04360	n08321
n04360	n08518
n04361	n06238
n04361	n07709
n04361	n09118
n04362	n05119
n04363	n00559
n04363	n08045
n04363	n09387
n04364	n00095
n04365	n03399
n04365	n04720
n04365	n05302
n04365	n05417
n04365	n05801
n04365	n05935
n04365	n06199
n04365	n06202
n04365	n06344
n04365	n06350
n04365	n06637
n04365	n06640
n04365	n07146
n04365	n07289
n04365	n07290
n04365	n07291
n04366	n08045
n04366	n09121
n04366	n09602
n04367	n03959
n04367	n04144
n04367	n09606
n04368	n07638
n04368	n08045
n04368	n09602
n04368	n09605
n04368	n09608
n04369	n05053
n04369	n08349
n04370	n08215
n04370	n09120
n04370	n09602
n04370	n09607
n04371	n03326
n04372	n07743
n04372	n08448
n04373	n02969
n04373	n06437
n04374	n02549
n04374	n02970
n04375	n08769
n04375	n08893
n04375	n09123
n04375	n09370
n04375	n09609
n04375	n09611
n04376	n04449
n04376	n05301
n04376	n06348
n04376	n06803
n04376	n07853
n04377	n04807
n04377	n09025
n04377	n09120
n04377	n09602
n04377	n09603
n04377	n09604
n04377	n09607
n04378	n04979
n04378	n05298
n04378	n05416
n04378	n05678
n04378	n05801
n04378	n05931
n04378	n05934
n04378	n05935
n04378	n06059
n04378	n06202
n04378	n06345
n04378	n06497
n04378	n06640
n04378	n06802
n04378	n07145
n04378	n07290
n04378	n07646
n04378	n07853
n04378	n08046
n04379	n04289
n04379	n09601
n04379	n09603
n04380	n05299
n04380	n05421
n04380	n05746
n04380	n06199
n04380	n06636
n04380	n06637
n04380	n06639
n04380	n07648
n04381	n08458
n04382	n02546
n04382	n09122
n04382	n09601
n04382	n09604
n04383	n02434
n04383	n07136
n04384	n07403
n04385	n08794
n04386	n06949
n04386	n08892
n04386	n09613
n04386	n09617
n04387	n00606
n04387	n01992
n04387	n03887
n04388	n07054
n04388	n08675
n04388	n09120
n04388	n09362
n04389	n03695
n04389	n06274
n04389	n09368
n04390	n03796
n04390	n05230
n04390	n09363
n04391	n03704
n04391	n04273
n04394	n07299
n04395	n04978
n04395	n04979
n04395	n05188
n04395	n05297
n04395	n05298
n04395	n05299
n04395	n05300
n04395	n05301
n04395	n05302
n04395	n05416
n04395	n05418
n04395	n05419
n04395	n05420
n04395	n05421
n04395	n05551
n04395	n05679
n04395	n05680
n04395	n05799
n04395	n05800
n04395	n05802
n04395	n05803
n04395	n05805
n04395	n05932
n04395	n05933
n04395	n05934
n04395	n05935
n04395	n06059
n04395	n06198
n04395	n06199
n04395	n06200
n04395	n06201
n04395	n06202
n04395	n06345
n04395	n06346
n04395	n06348
n04395	n06349
n04395	n06350
n04395	n06497
n04395	n06498
n04395	n06636
n04395	n06637
n04395	n06640
n04395	n06801
n04395	n06802
n04395	n06803
n04395	n06804
n04395	n06998
n04395	n07146
n04395	n07291
n04395	n07477
n04395	n07645
n04395	n07646
n04395	n07647
n04396	n04203
n04397	n09118
n04397	n09363
n04398	n08458
n04398	n08476
n04399	n09381
n04400	n02840
n04400	n03157
n04400	n03233
n04400	n03507
n04401	n08066
n04402	n04308
n04402	n04893
n04402	n05198
n04402	n05697
n04402	n06220
n04403	n04894
n04403	n05094
n04404	n03840
n04404	n04211
n04404	n04397
n04404	n05307
n04404	n05312
n04404	n05696
n04404	n09606
n04405	n04491
n04405	n04589
n04405	n05557
n04405	n07867
n04405	n08275
n04407	n03840
n04407	n04211
n04407	n04397
n04407	n05307
n04407	n05312
n04407	n05696
n04408	n03745
n04408	n04407
n04409	n06522
n04409	n08917
n04410	n01977
n04410	n02131
n04410	n02132
n04410	n02740
n04410	n02742
n04410	n03941
n04411	n07159
n04411	n08689
n04412	n05309
n04413	n01977
n04413	n02131
n04413	n02132
n04413	n02740
n04413	n02742
n04413	n03941
n04414	n09119
n04415	n06680
n04415	n07162
n04415	n07527
n04416	n05222
n04416	n05330
n04417	n08893
n04417	n09367
n04417	n09611
n04418	n05833
n04419	n03655
n04419	n04025
n04420	n04035
n04420	n05799
n04420	n05800
n04420	n05803
n04420	n05931
n04420	n06346
n04420	n06348
n04420	n06497
n04420	n06639
n04420	n06640
n04420	n07291
n04420	n07479
n04420	n07853
n04420	n08254
n04420	n09386
n04421	n04122
n04421	n04127
n04421	n05091
n04421	n06661
n04421	n09615
n04422	n05324
n04423	n09426
n04424	n05708
n04424	n08894
n04424	n09366
n04424	n09615
n04425	n04711
n04426	n03852
n04426	n03949
n04427	n06272
n04428	n04979
n04428	n05188
n04428	n05297
n04428	n05298
n04428	n05299
n04428	n05300
n04428	n05416
n04428	n05417
n04428	n05419
n04428	n05679
n04428	n05680
n04428	n05801
n04428	n05802
n04428	n05803
n04428	n05804
n04428	n05805
n04428	n05932
n04428	n05933
n04428	n05934
n04428	n05935
n04428	n06059
n04428	n06199
n04428	n06200
n04428	n06201
n04428	n06345
n04428	n06346
n04428	n06347
n04428	n06348
n04428	n06349
n04428	n06350
n04428	n06497
n04428	n06498
n04428	n06499
n04428	n06636
n04428	n06638
n04428	n06801
n04428	n06803
n04428	n07146
n04428	n07147
n04428	n07477
n04428	n07478
n04428	n07648
n04428	n07853
n04429	n09365
n04429	n09371
n04429	n09605
n04430	n03096
n04430	n03584
n04430	n09119
n04430	n09122
n04430	n09604
n04431	n05348
n04431	n05417
n04431	n05933
n04431	n06344
n04431	n06346
n04431	n07145
n04431	n07854
n04431	n08046
n04431	n08942
n04432	n05221
n04432	n05717
n04433	n01422
n04433	n02747
n04433	n08899
n04433	n09609
n04434	n04131
n04434	n07923
n04434	n09362
n04434	n09365
n04434	n09601
n04435	n06353
n04435	n06552
n04435	n08893
n04435	n09610
n04435	n09611
n04436	n09423
n04438	n00145
n04438	n00515
n04438	n01168
n04438	n01816
n04438	n01987
n04438	n02277
n04438	n03104
n04439	n02268
n04439	n02849
n04439	n03865
n04439	n03948
n04439	n04417
n04439	n09610
n04440	n07539
n04440	n08504
n04441	n02394
n04441	n03375
n04442	n00509
n04442	n00519
n04442	n00530
n04445	n05228
n04446	n04504
n04447	n04993
n04447	n05443
n04447	n05586
n04448	n03672
n04448	n05992
n04449	n02882
n04449	n04979
n04449	n05188
n04449	n05297
n04449	n05299
n04449	n05420
n04449	n05421
n04449	n05679
n04449	n05680
n04449	n05799
n04449	n05804
n04449	n05934
n04449	n06346
n04449	n06638
n04449	n06998
n04449	n07146
n04449	n07479
n04449	n07480
n04449	n08254
n04449	n08677
n04450	n08734
n04451	n01179
n04451	n08977
n04452	n04139
n04452	n06118
n04452	n08892
n04452	n09123
n04452	n09367
n04452	n09609
n04453	n00028
n04453	n00058
n04454	n09755
n04455	n00104
n04455	n00883
n04456	n06059
n04456	n06202
n04456	n06282
n04456	n06803
n04456	n06804
n04456	n07291
n04456	n07479
n04456	n07647
n04456	n07648
n04456	n07853
n04456	n08046
n04456	n08047
n04457	n03776
n04458	n05029
n04458	n08890
n04458	n09119
n04458	n09603
n04459	n05799
n04459	n06423
n04459	n06559
n04459	n07651
n04459	n09118
n04460	n04556
n04460	n07406
n04460	n08542
n04460	n09610
n04461	n07389
n04462	n08293
n04462	n08503
n04462	n09362
n04462	n09364
n04462	n09607
n04462	n09608
n04463	n03677
n04463	n05026
n04463	n07476
n04463	n07646
n04463	n07648
n04463	n07854
n04464	n09024
n04464	n09606
n04465	n05799
n04465	n06636
n04465	n09194
n04465	n09219
n04466	n08120
n04466	n08675
n04466	n09120
n04466	n09121
n04466	n09603
n04467	n06576
n04467	n06932
n04467	n07145
n04467	n08676
n04468	n03545
n04468	n06911
n04468	n09609
n04469	n03529
n04469	n04741
n04469	n09363
n04471	n04645
n04471	n09119
n04471	n09122
n04471	n09362
n04472	n03950
n04472	n04448
n04472	n09002
n04474	n00599
n04474	n07751
n04474	n08579
n04475	n06574
n04475	n07548
n04475	n09123
n04475	n09125
n04475	n09610
n04475	n09611
n04476	n06927
n04477	n05341
n04477	n05804
n04477	n05933
n04477	n05934
n04477	n06344
n04477	n06350
n04477	n06804
n04478	n05139
n04478	n08565
n04478	n08781
n04479	n06116
n04479	n08966
n04479	n09787
n04480	n05049
n04480	n09138
n04480	n09363
n04480	n09364
n04480	n09604
n04481	n04261
n04482	n01436
n04483	n05063
n04483	n09122
n04484	n08893
n04484	n09609
n04484	n09614
n04485	n06480
n04486	n02781
n04487	n05203
n04487	n07476
n04487	n07480
n04487	n09462
n04488	n00069
n04488	n01643
n04488	n09730
n04489	n04073
n04490	n06647
n04491	n04979
n04491	n05417
n04491	n06198
n04491	n06497
n04491	n07489
n04492	n08045
n04493	n08458
n04493	n08476
n04494	n08463
n04495	n03651
n04495	n04119
n04495	n09609
n04496	n03652
n04496	n06819
n04496	n09368
n04496	n09617
n04497	n01977
n04497	n02131
n04497	n02132
n04497	n02740
n04497	n02742
n04497	n03941
n04497	n08045
n04498	n09386
n04499	n01977
n04499	n02131
n04499	n02132
n04499	n02740
n04499	n02742
n04499	n03941
n04500	n09666
n04501	n07653
n04501	n09616
n04502	n06840
n04503	n04978
n04503	n05188
n04503	n05297
n04503	n05298
n04503	n05416
n04503	n05418
n04503	n05421
n04503	n05551
n04503	n05678
n04503	n05679
n04503	n05680
n04503	n05799
n04503	n05800
n04503	n05801
n04503	n05802
n04503	n05803
n04503	n05804
n04503	n05931
n04503	n06198
n04503	n06199
n04503	n06344
n04503	n06345
n04503	n06348
n04503	n06497
n04503	n06638
n04503	n06802
n04503	n06803
n04503	n06998
n04503	n07147
n04503	n07289
n04503	n07645
n04503	n07647
n04503	n07853
n04503	n08046
n04503	n08047
n04504	n02636
n04504	n04613
n04505	n07706
n04505	n09613
n04506	n07715
n04507	n02539
n04507	n03670
n04507	n06397
n04508	n04803
n04508	n04998
n04509	n07534
n04509	n09366
n04509	n09367
n04510	n08116
n04511	n04320
n04512	n06680
n04512	n07162
n04512	n07527
n04513	n03748
n04513	n08290
n04513	n09119
n04515	n05812
n04515	n06852
n04515	n09123
n04515	n09125
n04516	n07333
n04516	n09119
n04517	n02135
n04518	n03237
n04518	n03454
n04518	n09427
n04519	n08900
n04520	n08675
n04520	n09608
n04521	n02405
n04521	n03027
n04521	n09364
n04522	n04207
n04522	n05958
n04522	n05971
n04523	n08279
n04523	n09615
n04524	n06864
n04524	n09687
n04525	n06867
n04525	n09612
n04526	n05990
n04527	n08458
n04527	n09126
n04527	n09363
n04528	n05846
n04529	n09143
n04529	n09630
n04529	n09683
n04530	n04978
n04530	n09462
n04531	n03960
n04531	n05731
n04532	n05987
n04532	n08085
n04532	n08763
n04532	n08892
n04533	n01167
n04533	n09119
n04533	n09122
n04533	n09604
n04534	n01166
n04535	n01422
n04535	n02747
n04535	n04910
n04535	n09366
n04536	n07290
n04536	n07998
n04537	n04978
n04537	n05188
n04537	n05297
n04537	n05298
n04537	n05301
n04537	n05416
n04537	n05420
n04537	n05551
n04537	n05678
n04537	n05800
n04537	n05803
n04537	n05805
n04537	n05932
n04537	n06059
n04537	n06198
n04537	n06199
n04537	n06200
n04537	n06201
n04537	n06344
n04537	n06345
n04537	n06347
n04537	n06350
n04537	n06638
n04537	n06639
n04537	n06802
n04537	n06803
n04537	n06998
n04537	n07146
n04537	n07289
n04537	n07291
n04537	n07477
n04537	n07478
n04537	n07479
n04537	n07853
n04537	n07854
n04537	n08047
n04537	n08048
n04537	n08677
n04538	n04979
n04538	n06497
n04538	n07569
n04538	n07646
n04538	n08047
n04539	n04978
n04539	n06202
n04539	n07147
n04539	n07853
n04539	n07854
n04539	n08047
n04539	n08536
n04539	n08676
n04540	n05573
n04540	n08821
n04541	n04234
n04541	n04932
n04542	n06722
n04543	n03590
n04543	n08045
n04543	n09119
n04543	n09120
n04543	n09122
n04543	n09364
n04543	n09605
n04543	n09608
n04544	n03598
n04544	n04247
n04544	n08890
n04544	n09603
n04545	n05227
n04545	n06394
n04546	n03462
n04546	n06716
n04546	n09364
n04547	n08550
n04548	n00031
n04548	n00878
n04548	n02275
n04548	n02848
n04548	n03106
n04549	n04624
n04549	n09362
n04550	n07208
n04550	n09494
n04550	n09601
n04550	n09605
n04551	n06289
n04551	n09366
n04552	n04649
n04553	n00522
n04553	n00537
n04553	n02143
n04553	n02287
n04553	n09754
n04554	n03045
n04554	n08045
n04554	n08890
n04555	n05718
n04555	n09364
n04555	n09604
n04556	n01637
n04556	n01827
n04556	n03761
n04556	n04225
n04556	n04348
n04556	n05145
n04556	n09369
n04556	n09617
n04557	n07371
n04558	n05188
n04558	n05799
n04558	n05803
n04558	n05805
n04558	n06497
n04558	n06902
n04558	n07574
n04558	n08677
n04559	n06262
n04560	n08798
n04560	n08936
n04561	n01432
n04561	n01441
n04561	n09363
n04562	n00069
n04562	n01643
n04562	n03253
n04563	n08136
n04563	n08969
n04563	n09604
n04564	n06728
n04564	n08676
n04564	n09495
n04565	n09755
n04566	n08160
n04567	n06017
n04567	n06445
n04567	n07727
n04567	n09363
n04568	n03275
n04568	n07925
n04568	n09120
n04568	n09604
n04569	n05416
n04569	n05759
n04569	n06344
n04569	n07393
n04569	n07646
n04570	n01655
n04570	n02762
n04570	n03118
n04571	n09119
n04571	n09607
n04572	n08890
n04572	n09121
n04572	n09362
n04572	n09364
n04572	n09601
n04572	n09603
n04572	n09604
n04572	n09605
n04572	n09607
n04573	n04154
n04573	n09607
n04574	n03493
n04574	n09366
n04574	n09367
n04574	n09611
n04574	n09613
n04575	n07580
n04575	n08189
n04576	n08380
n04576	n08893
n04576	n09368
n04576	n09610
n04576	n09611
n04576	n09617
n04577	n00924
n04577	n08458
n04578	n01687
n04578	n09125
n04578	n09614
n04579	n02409
n04579	n08725
n04579	n09118
n04579	n09197
n04579	n09363
n04579	n09365
n04580	n02960
n04580	n06716
n04580	n09605
n04581	n07726
n04582	n03551
n04582	n06935
n04583	n04733
n04583	n09602
n04584	n05481
n04584	n09364
n04584	n09365
n04585	n01426
n04585	n09363
n04586	n02442
n04586	n09362
n04588	n04112
n04588	n04791
n04589	n04979
n04589	n05417
n04589	n06198
n04589	n06497
n04589	n07489
n04591	n05299
n04591	n05302
n04591	n05800
n04591	n05803
n04591	n05804
n04591	n07645
n04592	n03505
n04593	n06649
n04594	n04210
n04595	n03300
n04595	n03845
n04596	n06082
n04597	n01630
n04597	n03238
n04597	n07000
n04598	n05571
n04599	n04597
n04599	n04900
n04599	n04995
n04601	n05801
n04601	n08069
n04601	n09606
n04602	n09365
n04602	n09608
n04602	n09666
n04603	n06693
n04605	n07315
n04605	n09604
n04606	n09624
n04607	n00884
n04607	n08458
n04608	n09409
n04609	n09609
n04610	n04978
n04610	n05188
n04610	n05298
n04610	n05300
n04610	n05301
n04610	n05302
n04610	n05416
n04610	n05417
n04610	n05418
n04610	n05551
n04610	n05678
n04610	n05679
n04610	n05799
n04610	n05802
n04610	n05803
n04610	n05804
n04610	n05805
n04610	n05931
n04610	n05932
n04610	n05934
n04610	n05935
n04610	n06059
n04610	n06202
n04610	n06344
n04610	n06347
n04610	n06350
n04610	n06497
n04610	n06637
n04610	n06639
n04610	n06801
n04610	n07145
n04610	n07477
n04610	n07478
n04610	n07479
n04610	n07646
n04610	n07853
n04610	n08676
n04610	n08677
n04611	n09365
n04612	n08991
n04612	n09367
n04612	n09617
n04613	n09667
n04614	n03852
n04614	n03949
n04615	n03583
n04615	n06096
n04615	n06199
n04615	n06803
n04615	n08677
n04616	n04122
n04616	n04127
n04617	n03164
n04618	n04030
n04618	n06684
n04618	n07035
n04619	n04705
n04620	n03095
n04620	n04902
n04620	n08458
n04621	n09119
n04621	n09362
n04621	n09603
n04621	n09604
n04622	n05576
n04623	n08735
n04624	n04506
n04625	n07193
n04625	n08907
n04626	n04905
n04626	n09119
n04626	n09121
n04626	n09122
n04626	n09601
n04627	n02404
n04627	n03453
n04628	n07720
n04628	n08898
n04628	n09365
n04629	n06099
n04630	n04035
n04630	n05298
n04630	n05302
n04630	n05419
n04630	n05420
n04630	n05799
n04630	n05800
n04630	n06349
n04631	n09461
n04633	n03164
n04633	n09516
n04635	n06841
n04635	n09120
n04636	n01422
n04636	n02747
n04636	n08899
n04636	n09609
n04637	n04915
n04638	n04237
n04639	n02752
n04639	n05589
n04640	n01175
n04640	n04043
n04641	n01177
n04641	n02395
n04641	n03957
n04642	n09604
n04643	n08271
n04643	n08806
n04643	n08928
n04643	n09123
n04644	n04282
n04645	n05023
n04646	n08045
n04646	n08726
n04646	n09120
n04647	n01438
n04647	n02948
n04647	n08892
n04648	n04124
n04649	n08890
n04649	n09605
n04649	n09607
n04650	n05297
n04650	n05679
n04650	n05802
n04650	n05931
n04650	n06198
n04650	n06349
n04650	n07480
n04650	n08891
n04650	n09449
n04651	n08728
n04652	n05596
n04652	n09124
n04653	n05608
n04654	n07019
n04655	n06637
n04655	n08746
n04656	n00516
n04657	n05858
n04658	n09362
n04658	n09364
n04659	n00553
n04659	n04054
n04660	n09120
n04661	n09250
n04662	n09123
n04662	n09124
n04662	n09609
n04662	n09611
n04662	n09615
n04662	n09617
n04663	n06140
n04663	n09362
n04663	n09604
n04664	n07746
n04664	n08125
n04664	n08893
n04664	n09368
n04664	n09610
n04664	n09613
n04665	n05604
n04665	n07145
n04665	n07147
n04665	n07291
n04665	n08048
n04666	n03779
n04666	n07752
n04666	n09125
n04667	n01175
n04667	n04043
n04667	n05416
n04667	n06271
n04667	n06498
n04667	n06998
n04667	n07146
n04667	n07476
n04667	n07478
n04667	n07854
n04668	n05932
n04668	n06344
n04668	n06498
n04668	n08676
n04668	n08677
n04668	n09266
n04669	n04443
n04669	n05762
n04670	n09601
n04671	n03040
n04671	n03391
n04672	n08045
n04672	n09603
n04672	n09604
n04673	n08458
n04673	n09275
n04673	n09606
n04674	n08045
n04674	n09120
n04674	n09362
n04674	n09410
n04674	n09605
n04675	n01663
n04675	n04330
n04675	n05799
n04676	n04347
n04676	n08157
n04676	n08675
n04676	n09121
n04676	n09362
n04676	n09365
n04676	n09607
n04677	n08045
n04677	n09120
n04677	n09121
n04677	n09122
n04677	n09364
n04677	n09371
n04677	n09602
n04677	n09604
n04678	n01180
n04678	n03646
n04678	n06350
n04678	n08047
n04679	n03778
n04680	n03403
n04680	n09123
n04680	n09125
n04680	n09367
n04680	n09614
n04680	n09616
n04681	n09508
n04682	n06067
n04682	n07886
n04682	n08389
n04683	n06923
n04683	n09363
n04684	n03136
n04684	n07858
n04685	n05221
n04685	n05717
n04686	n03394
n04686	n08893
n04686	n09367
n04686	n09609
n04686	n09613
n04686	n09617
n04687	n03394
n04687	n09123
n04687	n09370
n04688	n03896
n04689	n02147
n04689	n04612
n04689	n09368
n04689	n09370
n04689	n09612
n04690	n05931
n04690	n06344
n04690	n06461
n04690	n06498
n04690	n06843
n04690	n07477
n04691	n05122
n04691	n09120
n04692	n04490
n04693	n09381
n04695	n04206
n04695	n06064
n04695	n08683
n04695	n08908
n04696	n04491
n04696	n04589
n04696	n05557
n04696	n06638
n04696	n07867
n04697	n03235
n04697	n04113
n04697	n07476
n04698	n04407
n04698	n05437
n04699	n04989
n04700	n08940
n04701	n04407
n04701	n05437
n04702	n05297
n04702	n05431
n04702	n07855
n04703	n05564
n04703	n09682
n04704	n04989
n04704	n07878
n04704	n07881
n04705	n04896
n04705	n09608
n04707	n04213
n04708	n04407
n04708	n05437
n04709	n04979
n04709	n05188
n04709	n05297
n04709	n05298
n04709	n05300
n04709	n05417
n04709	n05419
n04709	n05421
n04709	n05678
n04709	n05799
n04709	n05803
n04709	n05805
n04709	n05933
n04709	n06059
n04709	n06198
n04709	n06200
n04709	n06202
n04709	n06345
n04709	n06348
n04709	n06350
n04709	n06498
n04709	n06637
n04709	n06639
n04709	n06640
n04709	n06801
n04709	n06804
n04709	n07146
n04709	n07290
n04709	n07480
n04710	n09685
n04711	n08711
n04712	n05830
n04713	n08495
n04714	n04695
n04715	n04993
n04715	n05443
n04715	n05586
n04716	n08512
n04718	n04614
n04718	n09606
n04719	n03945
n04719	n04611
n04719	n07160
n04719	n09607
n04720	n05297
n04720	n05298
n04720	n05299
n04720	n05300
n04720	n05301
n04720	n05420
n04720	n05551
n04720	n05679
n04720	n05680
n04720	n05799
n04720	n05800
n04720	n05931
n04720	n05933
n04720	n06059
n04720	n06346
n04720	n06348
n04720	n06349
n04720	n06497
n04720	n06638
n04720	n06639
n04720	n06803
n04720	n07147
n04720	n07647
n04720	n07853
n04720	n07855
n04720	n08047
n04720	n08048
n04720	n08891
n04721	n07331
n04721	n08119
n04722	n04503
n04722	n06107
n04723	n05801
n04723	n07478
n04723	n07483
n04723	n07656
n04724	n09454
n04725	n03374
n04725	n03512
n04725	n07165
n04725	n08293
n04725	n09120
n04726	n03161
n04726	n03313
n04727	n04911
n04727	n08722
n04727	n08963
n04728	n06534
n04728	n07702
n04729	n06835
n04729	n08269
n04730	n03659
n04730	n04322
n04730	n05577
n04730	n09365
n04730	n09654
n04731	n04232
n04731	n06639
n04731	n07478
n04731	n07479
n04731	n07854
n04732	n03760
n04732	n05678
n04732	n05801
n04732	n06202
n04732	n06345
n04732	n06378
n04732	n06639
n04732	n06998
n04732	n07477
n04732	n07645
n04733	n06432
n04733	n09607
n04734	n06670
n04735	n08742
n04736	n06820
n04737	n04041
n04738	n04230
n04738	n04729
n04738	n08932
n04739	n04820
n04739	n07901
n04739	n08458
n04740	n07181
n04741	n08329
n04741	n09606
n04742	n08045
n04742	n08943
n04742	n09604
n04743	n08458
n04743	n09363
n04743	n09606
n04744	n08109
n04744	n09479
n04745	n05805
n04745	n05933
n04745	n07655
n04745	n09662
n04745	n09686
n04746	n09738
n04747	n08892
n04747	n09369
n04747	n09611
n04747	n09612
n04747	n09613
n04748	n04042
n04748	n05734
n04748	n09370
n04748	n09610
n04748	n09614
n04749	n05297
n04749	n05469
n04749	n05801
n04749	n05932
n04749	n06200
n04749	n06344
n04749	n06346
n04750	n03862
n04750	n04660
n04750	n08675
n04750	n09122
n04750	n09605
n04750	n09607
n04751	n01831
n04751	n08364
n04751	n09122
n04751	n09608
n04753	n09121
n04753	n09699
n04754	n05823
n04754	n07181
n04754	n07530
n04754	n09364
n04755	n06569
n04755	n09120
n04755	n09603
n04755	n09604
n04755	n09605
n04756	n03705
n04756	n09123
n04757	n05244
n04757	n09606
n04758	n04524
n04758	n08111
n04759	n09118
n04759	n09132
n04760	n07573
n04760	n09364
n04760	n09601
n04760	n09607
n04762	n07063
n04762	n09695
n04763	n01204
n04763	n02753
n04763	n08458
n04763	n09606
n04764	n04734
n04764	n09363
n04765	n03330
n04765	n05471
n04766	n03267
n04766	n08092
n04767	n02551
n04767	n04058
n04767	n05357
n04767	n09125
n04767	n09368
n04767	n09370
n04768	n02296
n04768	n08271
n04769	n09119
n04769	n09485
n04770	n06574
n04772	n07790
n04772	n08144
n04772	n08891
n04773	n08892
n04773	n09123
n04773	n09125
n04773	n09366
n04773	n09370
n04773	n09609
n04773	n09611
n04773	n09615
n04774	n02869
n04774	n08825
n04775	n05360
n04776	n07016
n04776	n08936
n04776	n09363
n04777	n08675
n04777	n09119
n04777	n09121
n04778	n02978
n04778	n07647
n04778	n09606
n04779	n05932
n04779	n06460
n04779	n07290
n04779	n07478
n04780	n08892
n04780	n08893
n04780	n08894
n04780	n09123
n04780	n09368
n04780	n09610
n04780	n09612
n04780	n09613
n04781	n00555
n04782	n02971
n04782	n03953
n04782	n09366
n04782	n09616
n04784	n04463
n04784	n05819
n04784	n06902
n04784	n08676
n04785	n03968
n04785	n07970
n04786	n06144
n04786	n09121
n04786	n09604
n04787	n00594
n04788	n00891
n04788	n01427
n04788	n08892
n04788	n08894
n04788	n09370
n04789	n08895
n04790	n08895
n04791	n04305
n04794	n04978
n04794	n04979
n04794	n05297
n04794	n05300
n04794	n05302
n04794	n06059
n04794	n06198
n04794	n06348
n04794	n06497
n04794	n06801
n04794	n08050
n04795	n05558
n04795	n05947
n04795	n06068
n04795	n09601
n04796	n03839
n04796	n08061
n04797	n03235
n04797	n04113
n04797	n06497
n04797	n06804
n04797	n07476
n04797	n07854
n04798	n01161
n04798	n01163
n04799	n05814
n04799	n06069
n04800	n07670
n04801	n05325
n04802	n07014
n04803	n09145
n04804	n03746
n04804	n03841
n04804	n04024
n04804	n06365
n04805	n07159
n04805	n08689
n04806	n06359
n04806	n09119
n04806	n09374
n04806	n09646
n04807	n03236
n04807	n03305
n04807	n03514
n04807	n03587
n04807	n03952
n04807	n04608
n04807	n05007
n04808	n03107
n04809	n04897
n04809	n09608
n04810	n06651
n04810	n06653
n04811	n06240
n04811	n09604
n04812	n02404
n04812	n03453
n04813	n09430
n04814	n06400
n04814	n09647
n04815	n06525
n04816	n03583
n04816	n05800
n04816	n06096
n04817	n04440
n04818	n04718
n04818	n07043
n04819	n02958
n04819	n03307
n04819	n05300
n04819	n05680
n04819	n05706
n04819	n05935
n04819	n06344
n04819	n06346
n04819	n06638
n04820	n07341
n04820	n08968
n04820	n09180
n04820	n09606
n04821	n03377
n04821	n09118
n04822	n04618
n04822	n06097
n04822	n09602
n04822	n09608
n04823	n02642
n04823	n03022
n04823	n07146
n04824	n04130
n04825	n05723
n04825	n08133
n04825	n09604
n04826	n01821
n04826	n02951
n04826	n03679
n04826	n05721
n04827	n01416
n04827	n01636
n04827	n01651
n04827	n02142
n04827	n08675
n04828	n01178
n04828	n04634
n04828	n09612
n04829	n06389
n04829	n06408
n04830	n08734
n04831	n05934
n04831	n06497
n04831	n06553
n04831	n07479
n04831	n07714
n04832	n05474
n04832	n09263
n04833	n06702
n04833	n09605
n04834	n05980
n04834	n08325
n04835	n03515
n04835	n04529
n04836	n09211
n04836	n09706
n04837	n04516
n04837	n08349
n04838	n02955
n04838	n06532
n04838	n09120
n04839	n05012
n04840	n09364
n04840	n09469
n04840	n09604
n04841	n05235
n04841	n07760
n04842	n04631
n04842	n09488
n04843	n03399
n04843	n04720
n04843	n04978
n04843	n05302
n04843	n05935
n04843	n06350
n04843	n07291
n04843	n07476
n04843	n07479
n04843	n07645
n04843	n08676
n04843	n08677
n04844	n00916
n04844	n09754
n04845	n07555
n04846	n01228
n04846	n01428
n04846	n02748
n04846	n03110
n04846	n04730
n04846	n05109
n04846	n09120
n04846	n09122
n04847	n06766
n04847	n08045
n04848	n02530
n04848	n06640
n04848	n08892
n04849	n04149
n04849	n09118
n04850	n08120
n04850	n09603
n04851	n08757
n04851	n09368
n04851	n09369
n04852	n05188
n04852	n05299
n04852	n05300
n04852	n05302
n04852	n05416
n04852	n05417
n04852	n05419
n04852	n05420
n04852	n05421
n04852	n05680
n04852	n05800
n04852	n05801
n04852	n06200
n04852	n06202
n04852	n06348
n04852	n06350
n04852	n06636
n04852	n06638
n04852	n06639
n04852	n06998
n04852	n07147
n04852	n07476
n04852	n07645
n04852	n07647
n04852	n07648
n04852	n07853
n04852	n07854
n04852	n08046
n04852	n08677
n04853	n03337
n04853	n05096
n04853	n09364
n04854	n03684
n04854	n06215
n04854	n09362
n04856	n08496
n04857	n03399
n04857	n04720
n04857	n04978
n04857	n05417
n04857	n05421
n04857	n05802
n04857	n06637
n04857	n06640
n04857	n07289
n04857	n07476
n04857	n07645
n04857	n08676
n04858	n00557
n04858	n03682
n04858	n06009
n04859	n08389
n04859	n09756
n04860	n04942
n04860	n09757
n04861	n08890
n04861	n09364
n04861	n09365
n04861	n09602
n04861	n09603
n04861	n09604
n04861	n09607
n04862	n03060
n04862	n08675
n04862	n09364
n04863	n09612
n04864	n05801
n04864	n06350
n04864	n06801
n04864	n06804
n04864	n08677
n04864	n09048
n04865	n05634
n04865	n09367
n04865	n09370
n04865	n09613
n04866	n05799
n04866	n07738
n04866	n08516
n04866	n09366
n04866	n09615
n04867	n05188
n04867	n05416
n04867	n05421
n04867	n05680
n04867	n05800
n04867	n05801
n04867	n05803
n04867	n05805
n04867	n05931
n04867	n05932
n04867	n05933
n04867	n05935
n04867	n06059
n04867	n06199
n04867	n06200
n04867	n06201
n04867	n06344
n04867	n06345
n04867	n06347
n04867	n06348
n04867	n06349
n04867	n06637
n04867	n06638
n04867	n06639
n04867	n06804
n04867	n07145
n04867	n07290
n04867	n07476
n04867	n07478
n04867	n07480
n04867	n07648
n04867	n07853
n04867	n08676
n04867	n08891
n04868	n03543
n04869	n03049
n04869	n04924
n04869	n09606
n04870	n04978
n04870	n05188
n04870	n05298
n04870	n05299
n04870	n05300
n04870	n05301
n04870	n05417
n04870	n05419
n04870	n05420
n04870	n05421
n04870	n05678
n04870	n05679
n04870	n05680
n04870	n05799
n04870	n05800
n04870	n05802
n04870	n05804
n04870	n05931
n04870	n06059
n04870	n06198
n04870	n06199
n04870	n06344
n04870	n06345
n04870	n06346
n04870	n06348
n04870	n06497
n04870	n06498
n04870	n06636
n04870	n06638
n04870	n06640
n04870	n06802
n04870	n06803
n04870	n06998
n04870	n07145
n04870	n07147
n04870	n07289
n04870	n07476
n04870	n07645
n04870	n07853
n04870	n07855
n04870	n08046
n04870	n08047
n04870	n08048
n04871	n07563
n04871	n09033
n04872	n06150
n04872	n08890
n04872	n09122
n04872	n09601
n04872	n09603
n04872	n09604
n04872	n09608
n04873	n07402
n04873	n07772
n04874	n05891
n04874	n09368
n04874	n09486
n04875	n02166
n04876	n06200
n04876	n07479
n04876	n09765
n04877	n00088
n04877	n03986
n04878	n03863
n04878	n05005
n04878	n09381
n04879	n07876
n04879	n07886
n04879	n09147
n04880	n02988
n04880	n06899
n04880	n08458
n04880	n09363
n04880	n09606
n04881	n03193
n04881	n09615
n04882	n03764
n04882	n06729
n04882	n07708
n04883	n01459
n04884	n03990
n04884	n06985
n04884	n09364
n04885	n01999
n04885	n03868
n04885	n07478
n04885	n07647
n04886	n06999
n04887	n09372
n04888	n08052
n04891	n08045
n04892	n07010
n04893	n08052
n04894	n04115
n04894	n08701
n04895	n08478
n04896	n05210
n04896	n07507
n04896	n09121
n04897	n04414
n04898	n03655
n04898	n04025
n04899	n04407
n04900	n01630
n04900	n03238
n04900	n07000
n04901	n06225
n04903	n05313
n04903	n09183
n04904	n03159
n04905	n06704
n04905	n07884
n04906	n04597
n04906	n04900
n04906	n04995
n04906	n09120
n04907	n03749
n04907	n08045
n04907	n09364
n04908	n06373
n04909	n05317
n04909	n08894
n04910	n04319
n04910	n05311
n04910	n09123
n04910	n09609
n04911	n06679
n04911	n06824
n04912	n04412
n04913	n07537
n04914	n05102
n04914	n05698
n04914	n08892
n04914	n09123
n04914	n09616
n04914	n09617
n04915	n05216
n04916	n04315
n04916	n06200
n04916	n06801
n04917	n04502
n04917	n05456
n04917	n08046
n04917	n08284
n04918	n02636
n04918	n04613
n04919	n05213
n04920	n09602
n04921	n04172
n04922	n09192
n04923	n03096
n04923	n03584
n04923	n09119
n04923	n09122
n04923	n09604
n04924	n01188
n04924	n01635
n04924	n02941
n04924	n02949
n04925	n06015
n04926	n05438
n04926	n09362
n04926	n09608
n04927	n09604
n04928	n02525
n04928	n03662
n04929	n04429
n04930	n05417
n04930	n05934
n04930	n06202
n04930	n06801
n04930	n06873
n04931	n05215
n04931	n05421
n04931	n08048
n04931	n09693
n04932	n06430
n04933	n02525
n04933	n03662
n04934	n06829
n04934	n07521
n04935	n07170
n04936	n07020
n04936	n08753
n04936	n09602
n04937	n07254
n04937	n09119
n04938	n08335
n04939	n05339
n04939	n09119
n04939	n09120
n04939	n09608
n04940	n06112
n04940	n06718
n04940	n09364
n04941	n06922
n04942	n07209
n04942	n08280
n04943	n06765
n04944	n06261
n04944	n07646
n04944	n08047
n04944	n08891
n04945	n06403
n04946	n06344
n04946	n09744
n04947	n07986
n04947	n09363
n04948	n05559
n04948	n06219
n04948	n08892
n04948	n09125
n04948	n09610
n04949	n08458
n04950	n06359
n04950	n08748
n04950	n09120
n04950	n09603
n04951	n01425
n04951	n05805
n04951	n06345
n04951	n06349
n04951	n06804
n04951	n07289
n04951	n07854
n04951	n08891
n04952	n09363
n04953	n04135
n04953	n09364
n04955	n04534
n04955	n08675
n04956	n08793
n04956	n09615
n04957	n01431
n04957	n09363
n04958	n09120
n04958	n09362
n04958	n09494
n04960	n07390
n04960	n08135
n04961	n07771
n04962	n03549
n04962	n08718
n04962	n09365
n04963	n01189
n04963	n08760
n04963	n09122
n04964	n03199
n04965	n03058
n04966	n08817
n04966	n09120
n04966	n09121
n04966	n09364
n04966	n09602
n04967	n00551
n04968	n04237
n04968	n09121
n04968	n09603
n04969	n00549
n04969	n07855
n04970	n01996
n04970	n06092
n04970	n09118
n04971	n05090
n04971	n08458
n04971	n08573
n04971	n09362
n04972	n06291
n04972	n08458
n04972	n09362
n04973	n04940
n04974	n06199
n04974	n08964
n04975	n04095
n04975	n09363
n04975	n09606
n04976	n01650
n04976	n08892
n04976	n09609
n04976	n09612
n04976	n09613
n04977	n02522
n04977	n04441
n04977	n07317
n04977	n09118
n04980	n09372
n04981	n08467
n04983	n07870
n04984	n04985
n04984	n05199
n04985	n05813
n04985	n07301
n04986	n05945
n04986	n06508
n04986	n07490
n04987	n07874
n04988	n02741
n04988	n05087
n04988	n08463
n04989	n04401
n04990	n05946
n04990	n08890
n04990	n08918
n04990	n09603
n04991	n03506
n04991	n04118
n04992	n05104
n04992	n05701
n04993	n04129
n04993	n04411
n04993	n04805
n04993	n08898
n04993	n09120
n04994	n08480
n04995	n01630
n04995	n03238
n04995	n07000
n04996	n04129
n04996	n04411
n04996	n04805
n04996	n08686
n04997	n07338
n04997	n07699
n04998	n09145
n04999	n04796
n04999	n09118
n05000	n01977
n05000	n02131
n05000	n02132
n05000	n02740
n05000	n02742
n05000	n03941
n05000	n07000
n05001	n06704
n05001	n07884
n05001	n09122
n05002	n07717
n05002	n08485
n05002	n09146
n05002	n09367
n05003	n05439
n05003	n08900
n05004	n05301
n05004	n05419
n05004	n05679
n05004	n05680
n05004	n05800
n05004	n05802
n05004	n06198
n05004	n06348
n05004	n06636
n05004	n06998
n05004	n07030
n05004	n07145
n05004	n07289
n05004	n07476
n05004	n07645
n05004	n08047
n05004	n08892
n05006	n04412
n05007	n09409
n05008	n03660
n05008	n05679
n05008	n05802
n05008	n05804
n05008	n05805
n05008	n05935
n05008	n06201
n05008	n06640
n05009	n08940
n05011	n07325
n05011	n09366
n05012	n04130
n05013	n04897
n05013	n08678
n05013	n09607
n05014	n03945
n05014	n04611
n05014	n09122
n05014	n09607
n05014	n09608
n05015	n03096
n05015	n03584
n05015	n09119
n05015	n09122
n05015	n09604
n05016	n02525
n05016	n03662
n05017	n00072
n05017	n00562
n05017	n04517
n05018	n03187
n05019	n03660
n05019	n05679
n05019	n05802
n05019	n05804
n05019	n05805
n05019	n05935
n05019	n06201
n05019	n06640
n05020	n08270
n05020	n09365
n05020	n09604
n05021	n09603
n05022	n05583
n05022	n09123
n05022	n09612
n05022	n09614
n05023	n07005
n05023	n08675
n05023	n09121
n05023	n09603
n05024	n04627
n05024	n05204
n05025	n02298
n05025	n08086
n05026	n05560
n05026	n07905
n05027	n01418
n05027	n03451
n05027	n04420
n05027	n05108
n05027	n06498
n05027	n06638
n05027	n07146
n05027	n07478
n05027	n07854
n05028	n04723
n05028	n05039
n05028	n07645
n05028	n07646
n05028	n07759
n05028	n08676
n05029	n03858
n05029	n03871
n05030	n00048
n05030	n00151
n05031	n07720
n05031	n08898
n05031	n09365
n05032	n03660
n05032	n05679
n05032	n05802
n05032	n05804
n05032	n05805
n05032	n05935
n05032	n06201
n05032	n06640
n05033	n05759
n05033	n09154
n05034	n07376
n05034	n09363
n05035	n03665
n05035	n04044
n05035	n08118
n05035	n08134
n05036	n09119
n05036	n09121
n05037	n05498
n05038	n08318
n05038	n09602
n05039	n05801
n05039	n07478
n05039	n07483
n05039	n07656
n05040	n04533
n05040	n09362
n05040	n09602
n05041	n08458
n05041	n08983
n05042	n01818
n05042	n02937
n05042	n06654
n05042	n09123
n05042	n09152
n05042	n09611
n05043	n02747
n05043	n06547
n05043	n08893
n05043	n09366
n05044	n03098
n05044	n04978
n05044	n05188
n05044	n05301
n05044	n05420
n05044	n05800
n05044	n06059
n05044	n06348
n05044	n06498
n05044	n06637
n05044	n06638
n05044	n06998
n05044	n07477
n05044	n07480
n05044	n08046
n05044	n08047
n05044	n08254
n05045	n03595
n05046	n00914
n05046	n01985
n05047	n05996
n05047	n07888
n05048	n04835
n05049	n04625
n05049	n06078
n05049	n08264
n05050	n03315
n05051	n06125
n05052	n08045
n05052	n09603
n05053	n07333
n05054	n00193
n05054	n01832
n05054	n09120
n05055	n04979
n05055	n05604
n05055	n05799
n05055	n07289
n05055	n07478
n05055	n07480
n05056	n06700
n05056	n09118
n05057	n01228
n05057	n01428
n05057	n02748
n05057	n03110
n05057	n08095
n05058	n02407
n05058	n09144
n05058	n09605
n05059	n06806
n05059	n06848
n05060	n06903
n05060	n07312
n05060	n09121
n05060	n09362
n05061	n03682
n05062	n03181
n05062	n04923
n05062	n05015
n05063	n05743
n05063	n05751
n05064	n04978
n05064	n04979
n05064	n05297
n05064	n05299
n05064	n05301
n05064	n05302
n05064	n05801
n05064	n05802
n05064	n05931
n05064	n05932
n05064	n06198
n05064	n06202
n05064	n06344
n05064	n06345
n05064	n06346
n05064	n06638
n05064	n06802
n05064	n07145
n05064	n07146
n05064	n07147
n05064	n07477
n05064	n07479
n05064	n07647
n05064	n08676
n05065	n03528
n05065	n09602
n05066	n04978
n05066	n04979
n05066	n05188
n05066	n05297
n05066	n05302
n05066	n05416
n05066	n05418
n05066	n05419
n05066	n05420
n05066	n05802
n05066	n05804
n05066	n05805
n05066	n05931
n05066	n05932
n05066	n05934
n05066	n06059
n05066	n06199
n05066	n06345
n05066	n06348
n05066	n06498
n05066	n06636
n05066	n06639
n05066	n06640
n05066	n06803
n05066	n06998
n05066	n07145
n05066	n07290
n05066	n07476
n05066	n07477
n05066	n07478
n05066	n07647
n05066	n07853
n05066	n07855
n05066	n08046
n05067	n06593
n05068	n05041
n05068	n06021
n05069	n05383
n05070	n00536
n05070	n02644
n05070	n03599
n05071	n01817
n05071	n05150
n05072	n08890
n05072	n09018
n05072	n09122
n05072	n09278
n05072	n09362
n05072	n09603
n05073	n00131
n05073	n03013
n05074	n04737
n05074	n05300
n05074	n06350
n05074	n08891
n05075	n06998
n05075	n08355
n05075	n08587
n05076	n03397
n05076	n06638
n05076	n07480
n05076	n07646
n05076	n08677
n05077	n08592
n05077	n08675
n05077	n09602
n05077	n09604
n05077	n09608
n05078	n00915
n05078	n09012
n05078	n09362
n05078	n09604
n05078	n09605
n05078	n09608
n05079	n05418
n05079	n05419
n05079	n05805
n05079	n06497
n05079	n06801
n05079	n07146
n05079	n07479
n05080	n03270
n05081	n01192
n05081	n09125
n05082	n02553
n05082	n09119
n05083	n04628
n05083	n05031
n05084	n03275
n05084	n09193
n05084	n09603
n05084	n09605
n05085	n08060
n05086	n05945
n05086	n06508
n05087	n07859
n05087	n09363
n05087	n09606
n05089	n03503
n05089	n03504
n05089	n03650
n05089	n03653
n05089	n04983
n05090	n09641
n05091	n01811
n05091	n03086
n05091	n03156
n05091	n04393
n05091	n04590
n05091	n06645
n05091	n08893
n05092	n09382
n05092	n09661
n05093	n04978
n05093	n04979
n05093	n05297
n05093	n05300
n05093	n05302
n05093	n06059
n05093	n06198
n05093	n06348
n05093	n06497
n05093	n06801
n05093	n08050
n05094	n04115
n05094	n08701
n05095	n07872
n05096	n04991
n05096	n07018
n05097	n08067
n05097	n08699
n05098	n07014
n05099	n05700
n05099	n08272
n05099	n09378
n05100	n04212
n05100	n04702
n05100	n05678
n05100	n05801
n05100	n05804
n05100	n06199
n05100	n06803
n05100	n07647
n05101	n06803
n05101	n08950
n05102	n02633
n05102	n03846
n05103	n02935
n05104	n07506
n05105	n03249
n05106	n06073
n05106	n06361
n05106	n08458
n05107	n09602
n05107	n09604
n05108	n04035
n05108	n05799
n05108	n05800
n05108	n05803
n05108	n05931
n05108	n06346
n05108	n06348
n05108	n06497
n05108	n06639
n05108	n06640
n05108	n07291
n05108	n07479
n05108	n07853
n05108	n08254
n05108	n09386
n05109	n03659
n05109	n04322
n05109	n05577
n05109	n09364
n05110	n03095
n05110	n04902
n05110	n09119
n05110	n09120
n05111	n05297
n05111	n05420
n05111	n05932
n05111	n05935
n05111	n06198
n05111	n06201
n05111	n06202
n05111	n06347
n05111	n06348
n05111	n06349
n05111	n06636
n05111	n06638
n05111	n06998
n05111	n07146
n05111	n07290
n05111	n07291
n05111	n07478
n05111	n07898
n05112	n04979
n05112	n05297
n05112	n05301
n05112	n05416
n05112	n05418
n05112	n05419
n05112	n05420
n05112	n05421
n05112	n05551
n05112	n05679
n05112	n05800
n05112	n05801
n05112	n05802
n05112	n05805
n05112	n05931
n05112	n05933
n05112	n06199
n05112	n06200
n05112	n06201
n05112	n06202
n05112	n06347
n05112	n06349
n05112	n06498
n05112	n06499
n05112	n06636
n05112	n06801
n05112	n07290
n05112	n07480
n05112	n07647
n05112	n08254
n05113	n08703
n05115	n08695
n05115	n09700
n05116	n07477
n05116	n07478
n05116	n07647
n05116	n08458
n05116	n09118
n05117	n08715
n05118	n07749
n05119	n06869
n05119	n08458
n05119	n09606
n05120	n04212
n05120	n04702
n05120	n05004
n05120	n05349
n05120	n07853
n05120	n08048
n05121	n04421
n05121	n06076
n05121	n09704
n05122	n05982
n05123	n03669
n05123	n09608
n05124	n06385
n05125	n05310
n05125	n09485
n05126	n04806
n05126	n09120
n05127	n03591
n05127	n03978
n05128	n06232
n05129	n08458
n05129	n08734
n05129	n09609
n05130	n03236
n05130	n03305
n05130	n03514
n05130	n03587
n05130	n03952
n05130	n04608
n05130	n05007
n05130	n09607
n05131	n07348
n05132	n04513
n05132	n07968
n05132	n08045
n05132	n09608
n05133	n01430
n05133	n05208
n05133	n06077
n05134	n08675
n05134	n09364
n05134	n09605
n05135	n02524
n05135	n03599
n05135	n06410
n05136	n00047
n05136	n00105
n05136	n00540
n05137	n01416
n05137	n01636
n05137	n01651
n05137	n02142
n05137	n09120
n05138	n05217
n05138	n07147
n05138	n07645
n05139	n06419
n05140	n07331
n05140	n08119
n05141	n09249
n05142	n04310
n05142	n08458
n05143	n03185
n05143	n08045
n05143	n09121
n05143	n09122
n05143	n09608
n05144	n03858
n05144	n03871
n05144	n09121
n05144	n09364
n05144	n09607
n05145	n08294
n05146	n03320
n05146	n03513
n05146	n06584
n05146	n07040
n05146	n09601
n05146	n09607
n05147	n03322
n05147	n03603
n05147	n03969
n05147	n06391
n05148	n08564
n05148	n08675
n05148	n09119
n05148	n09601
n05148	n09602
n05149	n05803
n05149	n05934
n05149	n06638
n05149	n06705
n05150	n03521
n05150	n05042
n05151	n09045
n05152	n05298
n05152	n05302
n05152	n05678
n05152	n05931
n05152	n05934
n05152	n06200
n05152	n06345
n05152	n06350
n05152	n06497
n05152	n07146
n05152	n07476
n05152	n07647
n05152	n07855
n05152	n08046
n05153	n05478
n05153	n05590
n05153	n06554
n05154	n09606
n05155	n04063
n05155	n09368
n05155	n09609
n05155	n09610
n05155	n09617
n05156	n09198
n05156	n09602
n05157	n04532
n05157	n08893
n05157	n09123
n05157	n09367
n05157	n09610
n05157	n09612
n05158	n04978
n05158	n04979
n05158	n05188
n05158	n05300
n05158	n05420
n05158	n05421
n05158	n05551
n05158	n05678
n05158	n05680
n05158	n05799
n05158	n05800
n05158	n05801
n05158	n05803
n05158	n05931
n05158	n05932
n05158	n05933
n05158	n06201
n05158	n06345
n05158	n06347
n05158	n06350
n05158	n06637
n05158	n06639
n05158	n06803
n05158	n06804
n05158	n07145
n05158	n07147
n05158	n07291
n05158	n07478
n05158	n07479
n05158	n07480
n05158	n07646
n05158	n07647
n05158	n07648
n05158	n07854
n05158	n07855
n05158	n08047
n05158	n08677
n05159	n04632
n05160	n06291
n05161	n05988
n05162	n04005
n05162	n05298
n05162	n07147
n05162	n07291
n05162	n07646
n05162	n07647
n05162	n08048
n05163	n05631
n05164	n04934
n05164	n08890
n05164	n09605
n05165	n09365
n05165	n09602
n05166	n06427
n05166	n07911
n05166	n08313
n05166	n09617
n05167	n06060
n05168	n05300
n05168	n05416
n05168	n05420
n05168	n05421
n05168	n05799
n05168	n05800
n05168	n05801
n05168	n05933
n05168	n06200
n05168	n06345
n05168	n07145
n05168	n07289
n05168	n08048
n05168	n08732
n05169	n03690
n05169	n09609
n05169	n09611
n05170	n09370
n05170	n09614
n05170	n09690
n05171	n07383
n05171	n09118
n05172	n04930
n05172	n05803
n05172	n06199
n05172	n06348
n05172	n06350
n05172	n07289
n05172	n07480
n05172	n08891
n05173	n05346
n05174	n02766
n05174	n08675
n05174	n09364
n05174	n09604
n05174	n09605
n05175	n04979
n05175	n05188
n05175	n05297
n05175	n05302
n05175	n05416
n05175	n05418
n05175	n05419
n05175	n05421
n05175	n05680
n05175	n05800
n05175	n05801
n05175	n05802
n05175	n05803
n05175	n05805
n05175	n05931
n05175	n05932
n05175	n05935
n05175	n06059
n05175	n06198
n05175	n06199
n05175	n06346
n05175	n06348
n05175	n06350
n05175	n06497
n05175	n06639
n05175	n06640
n05175	n06801
n05175	n06804
n05175	n06998
n05175	n07146
n05175	n07289
n05175	n07290
n05175	n07476
n05175	n07477
n05175	n07478
n05175	n07479
n05175	n07480
n05175	n07645
n05175	n07646
n05175	n07647
n05175	n07648
n05175	n08048
n05175	n08254
n05175	n08677
n05175	n08891
n05176	n06153
n05176	n08890
n05176	n09362
n05176	n09365
n05176	n09604
n05176	n09608
n05177	n00598
n05177	n04077
n05177	n04146
n05178	n05571
n05178	n09127
n05179	n09069
n05180	n02424
n05182	n06720
n05183	n04734
n05184	n08578
n05185	n05889
n05185	n09606
n05186	n02300
n05187	n04688
n05187	n09124
n05187	n09368
n05187	n09369
n05187	n09370
n05187	n09610
n05187	n09611
n05187	n09612
n05187	n09614
n05189	n08892
n05189	n09369
n05190	n08892
n05190	n09369
n05191	n05423
n05193	n08893
n05193	n08894
n05193	n09366
n05194	n07488
n05194	n07645
n05195	n03155
n05195	n04023
n05195	n06497
n05195	n06638
n05195	n08254
n05196	n03155
n05196	n04023
n05196	n06497
n05196	n06638
n05196	n08254
n05197	n03155
n05197	n04023
n05197	n06497
n05197	n06638
n05197	n08254
n05198	n08052
n05199	n05813
n05199	n07301
n05200	n08045
n05200	n08675
n05201	n03943
n05201	n08890
n05202	n08480
n05203	n04491
n05203	n04589
n05203	n05557
n05203	n07867
n05203	n08048
n05203	n08677
n05204	n03652
n05205	n08458
n05205	n09618
n05206	n07312
n05207	n09609
n05208	n02741
n05208	n05087
n05209	n07493
n05210	n08675
n05211	n07497
n05212	n08498
n05213	n06821
n05213	n09614
n05214	n04990
n05214	n05314
n05214	n05826
n05215	n07855
n05215	n09200
n05216	n00877
n05216	n02273
n05217	n04978
n05217	n05297
n05217	n05299
n05217	n05301
n05217	n05302
n05217	n05417
n05217	n05419
n05217	n05421
n05217	n05551
n05217	n05678
n05217	n05679
n05217	n05680
n05217	n05799
n05217	n05800
n05217	n05801
n05217	n05803
n05217	n05805
n05217	n05931
n05217	n05932
n05217	n06059
n05217	n06198
n05217	n06199
n05217	n06200
n05217	n06201
n05217	n06202
n05217	n06345
n05217	n06347
n05217	n06348
n05217	n06350
n05217	n06499
n05217	n06638
n05217	n06639
n05217	n06640
n05217	n06801
n05217	n06802
n05217	n06804
n05217	n07289
n05217	n07290
n05217	n07477
n05217	n07480
n05217	n07855
n05218	n08088
n05219	n06208
n05219	n06360
n05219	n07529
n05220	n03377
n05222	n06833
n05223	n03161
n05224	n05803
n05224	n05828
n05224	n06671
n05224	n07477
n05224	n08046
n05225	n01174
n05225	n01182
n05226	n08458
n05227	n08088
n05227	n09635
n05228	n01188
n05228	n01635
n05228	n02941
n05228	n02949
n05228	n08053
n05229	n03374
n05229	n03512
n05229	n07165
n05230	n02525
n05230	n03662
n05231	n03844
n05231	n09441
n05232	n03754
n05233	n02524
n05234	n04534
n05235	n09118
n05236	n02636
n05236	n04613
n05237	n04637
n05238	n03532
n05238	n05298
n05238	n05419
n05238	n05932
n05239	n08522
n05240	n05984
n05240	n06106
n05240	n06681
n05240	n07894
n05241	n08315
n05242	n09614
n05242	n09717
n05243	n01167
n05243	n09122
n05244	n03401
n05244	n05970
n05244	n06372
n05245	n02955
n05245	n06532
n05246	n04052
n05246	n07584
n05246	n09367
n05246	n09616
n05247	n07902
n05247	n08289
n05247	n09402
n05247	n09407
n05247	n09601
n05247	n09603
n05248	n07161
n05248	n09366
n05249	n07065
n05249	n08554
n05250	n01426
n05250	n09363
n05251	n08678
n05251	n09373
n05251	n09607
n05252	n06813
n05252	n07188
n05252	n09125
n05252	n09614
n05253	n04336
n05254	n07671
n05254	n08890
n05254	n09122
n05254	n09364
n05254	n09603
n05255	n04918
n05255	n09255
n05256	n04490
n05256	n08893
n05256	n08894
n05256	n09123
n05256	n09366
n05256	n09367
n05256	n09368
n05256	n09369
n05256	n09611
n05256	n09612
n05256	n09614
n05256	n09615
n05256	n09616
n05256	n09617
n05257	n09481
n05258	n07170
n05259	n09120
n05259	n09448
n05259	n09601
n05260	n05416
n05260	n05800
n05260	n06553
n05260	n07477
n05260	n07714
n05260	n08047
n05260	n08048
n05261	n02282
n05262	n06636
n05263	n04514
n05264	n04722
n05264	n04979
n05264	n05301
n05264	n06636
n05265	n05800
n05265	n07478
n05265	n07645
n05265	n07853
n05266	n03961
n05266	n06289
n05267	n02862
n05267	n07943
n05267	n08350
n05267	n09122
n05268	n08045
n05268	n08497
n05269	n08015
n05269	n09616
n05270	n00204
n05271	n08045
n05271	n08675
n05271	n09120
n05271	n09362
n05273	n00538
n05274	n05100
n05274	n07640
n05275	n09774
n05276	n09118
n05276	n09363
n05277	n04141
n05277	n07647
n05278	n08180
n05278	n09605
n05279	n08675
n05279	n09120
n05279	n09121
n05279	n09122
n05279	n09601
n05279	n09602
n05279	n09604
n05279	n09605
n05280	n06714
n05281	n09284
n05281	n09362
n05282	n04979
n05282	n05799
n05282	n05804
n05282	n05805
n05282	n05933
n05282	n06346
n05282	n06350
n05282	n06639
n05282	n06802
n05282	n07476
n05282	n07478
n05282	n07647
n05283	n05188
n05283	n05551
n05283	n05804
n05283	n05931
n05283	n06345
n05283	n06637
n05283	n06640
n05284	n05247
n05284	n08149
n05284	n08675
n05285	n04979
n05285	n05678
n05285	n05802
n05285	n06345
n05285	n07089
n05285	n07289
n05285	n07476
n05285	n08047
n05285	n08048
n05285	n08677
n05286	n06499
n05286	n06955
n05286	n07855
n05286	n08254
n05287	n00127
n05287	n03382
n05287	n08318
n05287	n09601
n05288	n04285
n05288	n09607
n05290	n09122
n05290	n09364
n05290	n09601
n05290	n09699
n05291	n03980
n05291	n08894
n05291	n09367
n05291	n09370
n05291	n09610
n05291	n09611
n05291	n09614
n05292	n05241
n05293	n07780
n05294	n01685
n05294	n08675
n05294	n09121
n05294	n09362
n05295	n03473
n05295	n09736
n05296	n03790
n05296	n07062
n05303	n04203
n05304	n05189
n05304	n05190
n05304	n05555
n05304	n05937
n05304	n09609
n05305	n09381
n05306	n08060
n05307	n09118
n05307	n09363
n05308	n07154
n05309	n07014
n05310	n07014
n05311	n09380
n05312	n09118
n05312	n09363
n05313	n04894
n05313	n05094
n05314	n05946
n05314	n08890
n05314	n08918
n05314	n09603
n05315	n05210
n05315	n07507
n05316	n03843
n05317	n04593
n05317	n05428
n05317	n06231
n05318	n04905
n05318	n09122
n05319	n09189
n05319	n09608
n05320	n07516
n05320	n09601
n05320	n09605
n05321	n08512
n05322	n03377
n05323	n04319
n05323	n05311
n05323	n09609
n05324	n04406
n05324	n06676
n05325	n09647
n05326	n08710
n05327	n04419
n05327	n07509
n05328	n06680
n05328	n07162
n05328	n07527
n05329	n06830
n05330	n06833
n05331	n04221
n05331	n06200
n05331	n07647
n05332	n03447
n05332	n05098
n05332	n09602
n05333	n03449
n05333	n03666
n05334	n07900
n05334	n08675
n05335	n04601
n05336	n02539
n05336	n03670
n05336	n06397
n05336	n08675
n05336	n08741
n05338	n03581
n05338	n04800
n05339	n07745
n05339	n09365
n05340	n03510
n05340	n03753
n05340	n03847
n05340	n09163
n05340	n09364
n05340	n09605
n05341	n07476
n05341	n07478
n05341	n07647
n05341	n07854
n05341	n08117
n05342	n04121
n05342	n04404
n05342	n07038
n05343	n05014
n05343	n09120
n05344	n03583
n05344	n06096
n05344	n06803
n05344	n07645
n05344	n07855
n05344	n08046
n05344	n08677
n05345	n06067
n05345	n06816
n05345	n07676
n05345	n08473
n05347	n08892
n05347	n08991
n05347	n09367
n05347	n09609
n05348	n04221
n05349	n05301
n05349	n05419
n05349	n05679
n05349	n05680
n05349	n05800
n05349	n05802
n05349	n06198
n05349	n06348
n05349	n06636
n05349	n06998
n05349	n07030
n05349	n07145
n05349	n07289
n05349	n07476
n05349	n07645
n05349	n08047
n05349	n08892
n05350	n08045
n05350	n09608
n05351	n05418
n05351	n06059
n05351	n09668
n05352	n02278
n05352	n04817
n05353	n03660
n05353	n05679
n05353	n05802
n05353	n05804
n05353	n05805
n05353	n05935
n05353	n06201
n05353	n06640
n05354	n04415
n05354	n04512
n05354	n05328
n05354	n05467
n05354	n08490
n05354	n09118
n05355	n04709
n05355	n06347
n05355	n06497
n05355	n06499
n05355	n07476
n05355	n07478
n05355	n07855
n05356	n09631
n05357	n00873
n05357	n04523
n05358	n03659
n05358	n04322
n05358	n05577
n05358	n09604
n05359	n05297
n05359	n07531
n05359	n09606
n05360	n05629
n05361	n05300
n05361	n05420
n05361	n05421
n05361	n05800
n05361	n06200
n05361	n07147
n05361	n07646
n05361	n08047
n05361	n08732
n05361	n08733
n05361	n09204
n05362	n04039
n05362	n09118
n05363	n03676
n05363	n05444
n05363	n05997
n05364	n04254
n05365	n05127
n05366	n09118
n05366	n09363
n05366	n09606
n05367	n03861
n05367	n07647
n05368	n04039
n05368	n08458
n05368	n09118
n05369	n04559
n05369	n05735
n05370	n03388
n05370	n03963
n05372	n08153
n05373	n08045
n05374	n08766
n05375	n07042
n05375	n07702
n05376	n03858
n05376	n03871
n05376	n08675
n05376	n09365
n05376	n09601
n05377	n03981
n05377	n05595
n05377	n09363
n05378	n09758
n05379	n05885
n05379	n05931
n05379	n06347
n05379	n09668
n05381	n09125
n05381	n09615
n05381	n09617
n05383	n03261
n05383	n05861
n05384	n09119
n05384	n09601
n05385	n06555
n05385	n08727
n05385	n09697
n05387	n02969
n05387	n08675
n05387	n09365
n05387	n09601
n05387	n09608
n05389	n05767
n05390	n02304
n05391	n08567
n05391	n09602
n05392	n07764
n05393	n05627
n05393	n09363
n05394	n05977
n05394	n06417
n05394	n06732
n05394	n09118
n05395	n07088
n05395	n07572
n05396	n09370
n05396	n09486
n05396	n09610
n05396	n09617
n05397	n04654
n05397	n08724
n05398	n04921
n05398	n06899
n05398	n09363
n05398	n09606
n05399	n09613
n05399	n09726
n05400	n03399
n05400	n04720
n05400	n04979
n05400	n05302
n05400	n05418
n05400	n05935
n05400	n06199
n05400	n06200
n05400	n06202
n05400	n06350
n05400	n07290
n05400	n07291
n05400	n07477
n05400	n07480
n05400	n07648
n05400	n07854
n05400	n08677
n05401	n03365
n05401	n05800
n05401	n06998
n05402	n00909
n05402	n09123
n05402	n09616
n05403	n09119
n05404	n03801
n05404	n09280
n05404	n09363
n05406	n07539
n05407	n04653
n05407	n09613
n05407	n09614
n05407	n09616
n05408	n07476
n05408	n07586
n05408	n07646
n05408	n07853
n05408	n08677
n05409	n00119
n05409	n00927
n05409	n09605
n05410	n04438
n05410	n06253
n05411	n04969
n05411	n05355
n05411	n05619
n05411	n07854
n05411	n08046
n05412	n00915
n05412	n09605
n05413	n02564
n05413	n09418
n05413	n09609
n05414	n03311
n05414	n08458
n05414	n09363
n05415	n05169
n05415	n06759
n05415	n09368
n05415	n09610
n05423	n06503
n05425	n09124
n05425	n09125
n05425	n09613
n05426	n05684
n05427	n05945
n05427	n06508
n05428	n06649
n05429	n05558
n05429	n05947
n05429	n06068
n05429	n09601
n05430	n04978
n05430	n04979
n05430	n05188
n05430	n05297
n05430	n05298
n05430	n05299
n05430	n05300
n05430	n05301
n05430	n05302
n05430	n05416
n05430	n05418
n05430	n05419
n05430	n05420
n05430	n05421
n05430	n05551
n05430	n05679
n05430	n05680
n05430	n05799
n05430	n05800
n05430	n05802
n05430	n05803
n05430	n05805
n05430	n05932
n05430	n05933
n05430	n05934
n05430	n05935
n05430	n06059
n05430	n06198
n05430	n06199
n05430	n06200
n05430	n06201
n05430	n06202
n05430	n06345
n05430	n06346
n05430	n06348
n05430	n06349
n05430	n06350
n05430	n06497
n05430	n06498
n05430	n06636
n05430	n06637
n05430	n06640
n05430	n06801
n05430	n06802
n05430	n06803
n05430	n06804
n05430	n06998
n05430	n07146
n05430	n07291
n05430	n07477
n05430	n07645
n05430	n07646
n05430	n07647
n05431	n04978
n05431	n04979
n05431	n05188
n05431	n05299
n05431	n05300
n05431	n05418
n05431	n05421
n05431	n05799
n05431	n05931
n05431	n06344
n05431	n06345
n05431	n06346
n05431	n06497
n05431	n06640
n05431	n06802
n05431	n08046
n05432	n08045
n05432	n09119
n05432	n09602
n05432	n09603
n05432	n09605
n05434	n07675
n05434	n07869
n05435	n08056
n05436	n05085
n05436	n05306
n05436	n07017
n05437	n03840
n05437	n04211
n05437	n04397
n05437	n05307
n05437	n05312
n05437	n05696
n05438	n04991
n05438	n07018
n05439	n08717
n05440	n09122
n05440	n09364
n05441	n04028
n05441	n09121
n05441	n09602
n05442	n00884
n05442	n08458
n05443	n04129
n05443	n04411
n05443	n04805
n05443	n08898
n05443	n09120
n05444	n05828
n05444	n06671
n05445	n03746
n05445	n03841
n05445	n04024
n05445	n06365
n05445	n09365
n05446	n03509
n05446	n04698
n05446	n04701
n05446	n04708
n05446	n04899
n05447	n04129
n05447	n04411
n05447	n04805
n05447	n09119
n05448	n04992
n05448	n06089
n05450	n06083
n05451	n06552
n05452	n04594
n05452	n06536
n05452	n07476
n05453	n05421
n05453	n08048
n05453	n08517
n05454	n05102
n05454	n05698
n05454	n06832
n05454	n09616
n05455	n04992
n05456	n06840
n05457	n04038
n05457	n08045
n05458	n04609
n05458	n05207
n05459	n03322
n05459	n03603
n05459	n03969
n05459	n06391
n05460	n08953
n05461	n00048
n05461	n00151
n05461	n09366
n05462	n03891
n05462	n09607
n05463	n07539
n05463	n08504
n05464	n09457
n05465	n09366
n05465	n09617
n05465	n09624
n05466	n01823
n05466	n09611
n05466	n09614
n05466	n09674
n05467	n06680
n05467	n07162
n05467	n07527
n05468	n02641
n05468	n03160
n05468	n05419
n05468	n05680
n05468	n05802
n05468	n05933
n05468	n06344
n05468	n06345
n05468	n06346
n05468	n06348
n05468	n06498
n05468	n07146
n05468	n07291
n05468	n07645
n05468	n07647
n05468	n07648
n05468	n08046
n05468	n08048
n05469	n05203
n05469	n06543
n05469	n06998
n05470	n08117
n05471	n08510
n05472	n08710
n05473	n04205
n05473	n04309
n05473	n04694
n05473	n05433
n05473	n08458
n05474	n03852
n05474	n03949
n05474	n07043
n05475	n04415
n05475	n04512
n05475	n05328
n05475	n05467
n05475	n07685
n05476	n08255
n05477	n02641
n05477	n03160
n05477	n05680
n05477	n06344
n05477	n06346
n05477	n09181
n05478	n03589
n05478	n08458
n05479	n08261
n05479	n08675
n05479	n09122
n05479	n09362
n05480	n09401
n05480	n09606
n05481	n05553
n05481	n08675
n05481	n09371
n05481	n09603
n05481	n09605
n05482	n05228
n05483	n03462
n05483	n09364
n05485	n04820
n05485	n08458
n05486	n04135
n05486	n08045
n05486	n09364
n05487	n06700
n05487	n09606
n05488	n04336
n05488	n08892
n05488	n09124
n05488	n09615
n05489	n02983
n05489	n03328
n05490	n02757
n05490	n04038
n05490	n08045
n05491	n05417
n05491	n05801
n05491	n05931
n05491	n06347
n05491	n06639
n05491	n07145
n05491	n07147
n05491	n07290
n05491	n07300
n05491	n07476
n05491	n07478
n05491	n07480
n05491	n07648
n05491	n07854
n05491	n08047
n05492	n05300
n05492	n05302
n05492	n06545
n05492	n06637
n05492	n06638
n05492	n06801
n05492	n07147
n05492	n07647
n05492	n08048
n05492	n08676
n05492	n09209
n05493	n08967
n05493	n09603
n05494	n08458
n05495	n08132
n05495	n08892
n05495	n08893
n05495	n09610
n05496	n02861
n05496	n04898
n05496	n05707
n05496	n07328
n05497	n07476
n05497	n09462
n05498	n09121
n05499	n01178
n05499	n04634
n05499	n09366
n05500	n04828
n05501	n05188
n05501	n05416
n05501	n08891
n05502	n08458
n05502	n08489
n05502	n08505
n05503	n05117
n05503	n09603
n05504	n07758
n05504	n07910
n05504	n08675
n05504	n09601
n05505	n05880
n05505	n06874
n05505	n08045
n05506	n07391
n05507	n00099
n05508	n08675
n05508	n09119
n05508	n09364
n05508	n09365
n05508	n09602
n05509	n06596
n05509	n09121
n05509	n09601
n05510	n06755
n05511	n04742
n05511	n09119
n05511	n09607
n05512	n03190
n05512	n04231
n05512	n04533
n05512	n05243
n05512	n09364
n05513	n03260
n05513	n05086
n05513	n09417
n05514	n05995
n05514	n08142
n05514	n09608
n05515	n05046
n05515	n08590
n05516	n03786
n05516	n09124
n05517	n03982
n05518	n08762
n05519	n08045
n05519	n08185
n05519	n09141
n05519	n09601
n05519	n09604
n05520	n03873
n05521	n00130
n05522	n00893
n05522	n03706
n05522	n05632
n05522	n09614
n05523	n00524
n05523	n01830
n05523	n08893
n05523	n09612
n05524	n05298
n05524	n05418
n05524	n05419
n05524	n05421
n05524	n06345
n05524	n06346
n05524	n06497
n05524	n07147
n05524	n08046
n05524	n08101
n05524	n08677
n05525	n04069
n05525	n09121
n05525	n09608
n05526	n06750
n05526	n06907
n05527	n05735
n05528	n04834
n05528	n06724
n05528	n08774
n05528	n09615
n05528	n09617
n05529	n07808
n05530	n03390
n05530	n05800
n05530	n06059
n05530	n06638
n05531	n09031
n05532	n08458
n05532	n09793
n05533	n05028
n05533	n08255
n05533	n09010
n05533	n09118
n05533	n09363
n05534	n03797
n05534	n09606
n05535	n08102
n05535	n09039
n05536	n04552
n05536	n09364
n05536	n09602
n05537	n08458
n05538	n03782
n05538	n04641
n05538	n09125
n05538	n09368
n05538	n09369
n05538	n09611
n05538	n09612
n05538	n09613
n05538	n09615
n05538	n09617
n05539	n08045
n05539	n08257
n05539	n09121
n05539	n09362
n05539	n09605
n05539	n09607
n05539	n09608
n05540	n00910
n05540	n09120
n05540	n09601
n05541	n00909
n05541	n04155
n05542	n06861
n05543	n07035
n05543	n09365
n05543	n09601
n05543	n09605
n05544	n04556
n05544	n07924
n05544	n08894
n05545	n04650
n05545	n05678
n05545	n05680
n05545	n06499
n05546	n00190
n05546	n06002
n05548	n03685
n05548	n05089
n05548	n09363
n05549	n05870
n05549	n07407
n05549	n09120
n05549	n09121
n05549	n09605
n05550	n01999
n05550	n03868
n05550	n05416
n05550	n07478
n05550	n07647
n05550	n08089
n05550	n08891
n05552	n06500
n05552	n06641
n05553	n04789
n05553	n04790
n05554	n08045
n05555	n08892
n05555	n09369
n05557	n04979
n05557	n05417
n05557	n06198
n05557	n06497
n05557	n07489
n05558	n09371
n05560	n06357
n05561	n09406
n05562	n08045
n05562	n08692
n05562	n09121
n05563	n08927
n05564	n05810
n05564	n06809
n05564	n09607
n05566	n03655
n05566	n04025
n05567	n06830
n05568	n09621
n05570	n06513
n05570	n08287
n05571	n08258
n05571	n08464
n05571	n09377
n05572	n09609
n05573	n04795
n05573	n05429
n05573	n07686
n05573	n08045
n05573	n09121
n05573	n09602
n05573	n09605
n05573	n09607
n05574	n04129
n05574	n04411
n05574	n04805
n05574	n08074
n05575	n09159
n05576	n08949
n05577	n09416
n05578	n06513
n05578	n08287
n05579	n08911
n05580	n01982
n05580	n03379
n05581	n04319
n05581	n05311
n05581	n08893
n05582	n05214
n05583	n07499
n05583	n07514
n05583	n07871
n05584	n04318
n05584	n04606
n05584	n06518
n05584	n08698
n05585	n04497
n05585	n04597
n05585	n04900
n05585	n04995
n05585	n09121
n05586	n04129
n05586	n04411
n05586	n04805
n05587	n03849
n05587	n09601
n05588	n07023
n05588	n08486
n05589	n08458
n05590	n02134
n05590	n02271
n05590	n03025
n05590	n09451
n05591	n05562
n05592	n02268
n05592	n02849
n05592	n03865
n05592	n03948
n05592	n04417
n05593	n05426
n05593	n07516
n05593	n09601
n05594	n04504
n05594	n05236
n05595	n05223
n05596	n05465
n05597	n06859
n05597	n09610
n05597	n09614
n05598	n00066
n05599	n02268
n05599	n02849
n05599	n03865
n05599	n03948
n05599	n04417
n05599	n08892
n05599	n09124
n05599	n09370
n05599	n09613
n05599	n09617
n05600	n03851
n05601	n06802
n05601	n09539
n05602	n07476
n05602	n08748
n05602	n09122
n05602	n09365
n05602	n09646
n05603	n02942
n05603	n06091
n05603	n08986
n05604	n04978
n05604	n05188
n05604	n05297
n05604	n05302
n05604	n05416
n05604	n05419
n05604	n05420
n05604	n05421
n05604	n05551
n05604	n05679
n05604	n05680
n05604	n05801
n05604	n05803
n05604	n05805
n05604	n05931
n05604	n05932
n05604	n06059
n05604	n06202
n05604	n06346
n05604	n06347
n05604	n06348
n05604	n06350
n05604	n06499
n05604	n06637
n05604	n06801
n05604	n06802
n05604	n06803
n05604	n07290
n05604	n07477
n05604	n07645
n05604	n07646
n05604	n07854
n05604	n07855
n05604	n08046
n05604	n08047
n05604	n08307
n05604	n08891
n05605	n06700
n05605	n07168
n05606	n01817
n05606	n02846
n05607	n04440
n05608	n09215
n05609	n05107
n05610	n06229
n05611	n08322
n05612	n05841
n05614	n00142
n05615	n08178
n05616	n03380
n05617	n09617
n05618	n04911
n05618	n08722
n05618	n08963
n05619	n04709
n05619	n07476
n05619	n07478
n05619	n07855
n05620	n08900
n05621	n03388
n05621	n03963
n05621	n09369
n05621	n09615
n05622	n09121
n05622	n09601
n05622	n09675
n05623	n07763
n05624	n08892
n05624	n09611
n05624	n09614
n05624	n09617
n05624	n09624
n05625	n03461
n05625	n09606
n05626	n03034
n05626	n03116
n05626	n05000
n05626	n06698
n05626	n08045
n05626	n09121
n05626	n09604
n05627	n07056
n05628	n08198
n05629	n06256
n05630	n08675
n05630	n09121
n05630	n09601
n05630	n09603
n05631	n09119
n05631	n09601
n05632	n02957
n05632	n09610
n05632	n09617
n05633	n05326
n05633	n05472
n05633	n09658
n05634	n08893
n05634	n09616
n05635	n09119
n05635	n09122
n05635	n09364
n05635	n09601
n05635	n09602
n05635	n09604
n05635	n09605
n05635	n09608
n05636	n06723
n05636	n09122
n05637	n09729
n05638	n02410
n05638	n08984
n05638	n09122
n05638	n09608
n05639	n03264
n05639	n09120
n05640	n04507
n05641	n03032
n05641	n05220
n05642	n03321
n05642	n09119
n05643	n07370
n05643	n08894
n05643	n09617
n05644	n08045
n05644	n08675
n05644	n09120
n05644	n09122
n05644	n09362
n05645	n05096
n05645	n08820
n05645	n09121
n05645	n09364
n05646	n00528
n05646	n00887
n05646	n09118
n05647	n04979
n05647	n05188
n05647	n05799
n05647	n06499
n05647	n07905
n05647	n08676
n05647	n09390
n05648	n07053
n05648	n09133
n05648	n09363
n05649	n05262
n05649	n05733
n05649	n07478
n05649	n07647
n05649	n07854
n05649	n09606
n05650	n08344
n05650	n08676
n05651	n03609
n05651	n06639
n05651	n06802
n05651	n06879
n05651	n07291
n05651	n07480
n05651	n09118
n05652	n05892
n05652	n09605
n05652	n09608
n05653	n04522
n05653	n07782
n05653	n09367
n05654	n05603
n05654	n09481
n05654	n09604
n05654	n09605
n05655	n04162
n05655	n07477
n05655	n08617
n05656	n09526
n05657	n04978
n05657	n04979
n05657	n05188
n05657	n05297
n05657	n05301
n05657	n05302
n05657	n05416
n05657	n05418
n05657	n05419
n05657	n05421
n05657	n05551
n05657	n05678
n05657	n05679
n05657	n05799
n05657	n05800
n05657	n05801
n05657	n05802
n05657	n05803
n05657	n05805
n05657	n05932
n05657	n05934
n05657	n06199
n05657	n06200
n05657	n06202
n05657	n06346
n05657	n06347
n05657	n06350
n05657	n06639
n05657	n06801
n05657	n06802
n05657	n07290
n05657	n07476
n05657	n07480
n05657	n07646
n05657	n07854
n05657	n08046
n05657	n08254
n05657	n08676
n05657	n08677
n05657	n08891
n05658	n00161
n05658	n07210
n05658	n09615
n05659	n04979
n05659	n05188
n05659	n05298
n05659	n05299
n05659	n05300
n05659	n05302
n05659	n05416
n05659	n05417
n05659	n05418
n05659	n05421
n05659	n05679
n05659	n05680
n05659	n05799
n05659	n05800
n05659	n05801
n05659	n05802
n05659	n05804
n05659	n05932
n05659	n05933
n05659	n06497
n05659	n06640
n05659	n06801
n05659	n07289
n05659	n07477
n05659	n07478
n05659	n07479
n05659	n07648
n05659	n07853
n05659	n07854
n05659	n07855
n05659	n08254
n05660	n09118
n05660	n09363
n05661	n08893
n05661	n09125
n05661	n09369
n05661	n09609
n05661	n09610
n05661	n09613
n05662	n02436
n05662	n05678
n05662	n05680
n05662	n09363
n05663	n08367
n05663	n09461
n05664	n07893
n05664	n09603
n05665	n05764
n05665	n09364
n05666	n03103
n05666	n03713
n05666	n08045
n05666	n09120
n05667	n09013
n05668	n05254
n05668	n06425
n05668	n07354
n05668	n09533
n05669	n04336
n05669	n08892
n05669	n09615
n05670	n01445
n05670	n06915
n05671	n07876
n05671	n07886
n05671	n09147
n05672	n03609
n05672	n05418
n05672	n06802
n05672	n07480
n05672	n08047
n05673	n07383
n05673	n09363
n05674	n00108
n05674	n00542
n05674	n00890
n05674	n00920
n05674	n03656
n05674	n05693
n05674	n08892
n05675	n02164
n05676	n05127
n05676	n08458
n05677	n09684
n05681	n09372
n05682	n06642
n05682	n07476
n05684	n06062
n05684	n06505
n05686	n09381
n05688	n04203
n05689	n08261
n05689	n08675
n05690	n07477
n05690	n07661
n05691	n08468
n05691	n08687
n05692	n05193
n05693	n04692
n05693	n09368
n05693	n09611
n05694	n07010
n05695	n07014
n05696	n09118
n05696	n09363
n05697	n08052
n05698	n02633
n05698	n03846
n05699	n03155
n05699	n04023
n05699	n06497
n05699	n06638
n05699	n08254
n05700	n05682
n05700	n05799
n05700	n06199
n05700	n09391
n05701	n07506
n05702	n05944
n05702	n07484
n05703	n09122
n05704	n00871
n05705	n06845
n05706	n05419
n05706	n05802
n05706	n05932
n05706	n05933
n05706	n06345
n05706	n06348
n05706	n06498
n05706	n07291
n05706	n07647
n05706	n07648
n05706	n07887
n05706	n08048
n05707	n04214
n05708	n04318
n05708	n04606
n05708	n06518
n05708	n08698
n05709	n06524
n05711	n05568
n05712	n03509
n05712	n04121
n05712	n04698
n05712	n04701
n05712	n04708
n05713	n03583
n05713	n05932
n05713	n06096
n05713	n06345
n05713	n06348
n05713	n06636
n05713	n06998
n05713	n07290
n05713	n07479
n05714	n09171
n05715	n06059
n05715	n07898
n05716	n03756
n05716	n05827
n05716	n09387
n05719	n05835
n05720	n04601
n05720	n08059
n05721	n09121
n05722	n05716
n05723	n07316
n05723	n08045
n05723	n09119
n05724	n08894
n05724	n09125
n05724	n09367
n05724	n09615
n05725	n03090
n05725	n06060
n05726	n05971
n05726	n07889
n05726	n09609
n05726	n09615
n05727	n09765
n05728	n08102
n05729	n08777
n05729	n09390
n05730	n02952
n05730	n04222
n05730	n04240
n05731	n03593
n05731	n09626
n05732	n00539
n05732	n03301
n05732	n09607
n05733	n06636
n05734	n09366
n05734	n09671
n05735	n06262
n05736	n05297
n05736	n07489
n05737	n02958
n05737	n03307
n05737	n03754
n05737	n07477
n05738	n08391
n05739	n04699
n05739	n04704
n05739	n06344
n05740	n09727
n05741	n05985
n05742	n07190
n05743	n00140
n05743	n00190
n05743	n09363
n05744	n04714
n05745	n04142
n05746	n05932
n05746	n06764
n05747	n04823
n05747	n05301
n05747	n05419
n05747	n05799
n05747	n06802
n05747	n07478
n05747	n09118
n05748	n06084
n05748	n08146
n05749	n00069
n05749	n01643
n05749	n03520
n05750	n03257
n05750	n06694
n05751	n05226
n05751	n09363
n05752	n06109
n05752	n08300
n05752	n09362
n05752	n09605
n05753	n07659
n05753	n08458
n05753	n08679
n05754	n04223
n05754	n08892
n05754	n09613
n05755	n06754
n05755	n08479
n05755	n09612
n05756	n05326
n05756	n05472
n05756	n09613
n05757	n03748
n05757	n04161
n05757	n04447
n05757	n04715
n05757	n09601
n05758	n03888
n05758	n08893
n05758	n09124
n05758	n09366
n05759	n08330
n05761	n07549
n05763	n05317
n05763	n06517
n05763	n09366
n05763	n09616
n05764	n09042
n05764	n09122
n05764	n09601
n05765	n02302
n05765	n04313
n05766	n03034
n05766	n03116
n05766	n06698
n05767	n01654
n05767	n03867
n05767	n04218
n05767	n09122
n05768	n08363
n05768	n09363
n05769	n03869
n05770	n05621
n05771	n08752
n05771	n09363
n05772	n04978
n05772	n04979
n05772	n05297
n05772	n05298
n05772	n05299
n05772	n05416
n05772	n05417
n05772	n05420
n05772	n05421
n05772	n05678
n05772	n05680
n05772	n05799
n05772	n05800
n05772	n05803
n05772	n05804
n05772	n05805
n05772	n05931
n05772	n05933
n05772	n05934
n05772	n06201
n05772	n06202
n05772	n06349
n05772	n06636
n05772	n06640
n05772	n06801
n05772	n06802
n05772	n07147
n05772	n07289
n05772	n07291
n05772	n07479
n05772	n07854
n05772	n07855
n05772	n08046
n05772	n08048
n05772	n08676
n05773	n08045
n05773	n08551
n05773	n08890
n05773	n09121
n05773	n09603
n05773	n09604
n05773	n09607
n05774	n07939
n05775	n04053
n05776	n05049
n05776	n09364
n05777	n00100
n05778	n08045
n05778	n08890
n05778	n09122
n05778	n09601
n05778	n09603
n05778	n09608
n05779	n02418
n05779	n03412
n05779	n07206
n05779	n09366
n05779	n09609
n05779	n09613
n05779	n09615
n05780	n06733
n05781	n03061
n05781	n05297
n05781	n05298
n05781	n05299
n05781	n05931
n05781	n06497
n05781	n07477
n05782	n03446
n05782	n04405
n05782	n04978
n05782	n05736
n05782	n06200
n05782	n06346
n05782	n06543
n05782	n06640
n05782	n06804
n05782	n07146
n05782	n07478
n05782	n07646
n05783	n09601
n05783	n09603
n05784	n08190
n05785	n02533
n05785	n07427
n05786	n01848
n05787	n04060
n05787	n04721
n05787	n05140
n05789	n09121
n05789	n09603
n05790	n09121
n05790	n09270
n05791	n08045
n05791	n09362
n05792	n00947
n05792	n09120
n05792	n09121
n05792	n09605
n05793	n00593
n05793	n09607
n05794	n03892
n05794	n04946
n05794	n09605
n05795	n08458
n05796	n02958
n05796	n03307
n05796	n03754
n05796	n05300
n05796	n05419
n05796	n05802
n05796	n05932
n05796	n05933
n05796	n05935
n05796	n06346
n05796	n06348
n05796	n06498
n05796	n06638
n05796	n07147
n05796	n07291
n05796	n07477
n05796	n07647
n05796	n07648
n05796	n08048
n05797	n09041
n05797	n09121
n05797	n09364
n05798	n00908
n05798	n06858
n05806	n02839
n05806	n04886
n05807	n08045
n05808	n04890
n05808	n05192
n05808	n05683
n05809	n09124
n05809	n09125
n05809	n09613
n05811	n06363
n05812	n03234
n05812	n05943
n05812	n06211
n05812	n06353
n05813	n03234
n05813	n05943
n05813	n06211
n05814	n04205
n05814	n04309
n05814	n04694
n05814	n05433
n05815	n04979
n05815	n05188
n05815	n05297
n05815	n05298
n05815	n05301
n05815	n05302
n05815	n05418
n05815	n05420
n05815	n05551
n05815	n05679
n05815	n05799
n05815	n05800
n05815	n05804
n05815	n05805
n05815	n05934
n05815	n06199
n05815	n06202
n05815	n06347
n05815	n06349
n05815	n06350
n05815	n06497
n05815	n06636
n05815	n06637
n05815	n06639
n05815	n06801
n05815	n06802
n05815	n06804
n05815	n07476
n05815	n07480
n05815	n07853
n05815	n08047
n05815	n08676
n05815	n08891
n05816	n08463
n05818	n03299
n05819	n05560
n05820	n08692
n05821	n04795
n05821	n05429
n05821	n07686
n05822	n04494
n05822	n05816
n05823	n05436
n05824	n05828
n05824	n06671
n05824	n07477
n05825	n05419
n05825	n05420
n05826	n05946
n05826	n08890
n05826	n08918
n05826	n09603
n05827	n04803
n05827	n04998
n05828	n04498
n05828	n05933
n05828	n06350
n05828	n06638
n05828	n06804
n05829	n04498
n05829	n05416
n05830	n08045
n05830	n09120
n05830	n09122
n05831	n04308
n05831	n04893
n05831	n05198
n05831	n05697
n05831	n06220
n05831	n09363
n05832	n06677
n05833	n05965
n05833	n06651
n05833	n06653
n05834	n09165
n05835	n03510
n05835	n03753
n05835	n03847
n05836	n08894
n05836	n09124
n05836	n09366
n05836	n09367
n05836	n09369
n05836	n09370
n05836	n09611
n05836	n09613
n05836	n09614
n05836	n09615
n05836	n09616
n05836	n09617
n05837	n06704
n05837	n07884
n05837	n09122
n05838	n04700
n05838	n09605
n05839	n03090
n05841	n06847
n05842	n08900
n05843	n08987
n05843	n09504
n05844	n05188
n05844	n05301
n05844	n05302
n05844	n05416
n05844	n05417
n05844	n05418
n05844	n05419
n05844	n05551
n05844	n05680
n05844	n05800
n05844	n05805
n05844	n05932
n05844	n05934
n05844	n06199
n05844	n06202
n05844	n06497
n05844	n06498
n05844	n06636
n05844	n06998
n05844	n07147
n05844	n07289
n05844	n07479
n05844	n07853
n05844	n09689
n05845	n08114
n05845	n08313
n05845	n09617
n05846	n09190
n05847	n09173
n05848	n07712
n05848	n08045
n05848	n09364
n05848	n09605
n05849	n06236
n05849	n08736
n05850	n08725
n05851	n05841
n05852	n05967
n05852	n09601
n05853	n07343
n05854	n05348
n05854	n05801
n05856	n09166
n05856	n09362
n05856	n09601
n05856	n09602
n05857	n04415
n05857	n04512
n05857	n05328
n05857	n05467
n05858	n04514
n05859	n08900
n05860	n03097
n05860	n04436
n05861	n01821
n05861	n02951
n05861	n03679
n05861	n05721
n05862	n09735
n05863	n09363
n05863	n09478
n05864	n07034
n05864	n08594
n05865	n04516
n05866	n09721
n05867	n08045
n05867	n09119
n05867	n09122
n05868	n06882
n05869	n06548
n05870	n08110
n05870	n08675
n05870	n09365
n05870	n09371
n05870	n09601
n05870	n09602
n05870	n09604
n05870	n09608
n05871	n05464
n05872	n08731
n05873	n07749
n05873	n09121
n05873	n09605
n05874	n03258
n05874	n04055
n05874	n04912
n05874	n05006
n05874	n05695
n05875	n05990
n05876	n04453
n05876	n06198
n05877	n04140
n05877	n04815
n05878	n04320
n05878	n09615
n05879	n06251
n05880	n04637
n05880	n09120
n05880	n09122
n05881	n04618
n05881	n06097
n05881	n07192
n05881	n09122
n05881	n09364
n05881	n09608
n05882	n04714
n05882	n09120
n05882	n09601
n05882	n09608
n05883	n03600
n05883	n08143
n05884	n03597
n05884	n04716
n05885	n05298
n05885	n05302
n05885	n05416
n05885	n05678
n05885	n05932
n05885	n05933
n05885	n05934
n05885	n06198
n05885	n06497
n05885	n06801
n05885	n07145
n05885	n07147
n05885	n07477
n05885	n07478
n05885	n07646
n05885	n07648
n05885	n07854
n05885	n08458
n05886	n03386
n05886	n04139
n05887	n04020
n05887	n05936
n05887	n08051
n05887	n09712
n05888	n08288
n05888	n09605
n05889	n06711
n05890	n05742
n05891	n08893
n05891	n09124
n05891	n09125
n05891	n09366
n05891	n09367
n05891	n09369
n05891	n09610
n05891	n09614
n05892	n07057
n05893	n07734
n05893	n08185
n05893	n09119
n05894	n06744
n05894	n07478
n05894	n07647
n05894	n07648
n05894	n07853
n05895	n07855
n05896	n07557
n05897	n07768
n05898	n05239
n05898	n08894
n05898	n09615
n05899	n09605
n05900	n06268
n05900	n08892
n05900	n09609
n05900	n09611
n05901	n06575
n05901	n09603
n05902	n02542
n05902	n05799
n05903	n04557
n05903	n09603
n05903	n09605
n05904	n03681
n05904	n09118
n05904	n09606
n05905	n08051
n05905	n09483
n05906	n08458
n05907	n04505
n05907	n08619
n05907	n09610
n05907	n09615
n05908	n05260
n05908	n05824
n05908	n06706
n05908	n08676
n05909	n04978
n05909	n05188
n05909	n05298
n05909	n05299
n05909	n05300
n05909	n05301
n05909	n05416
n05909	n05417
n05909	n05419
n05909	n05420
n05909	n05551
n05909	n05679
n05909	n05680
n05909	n05799
n05909	n05800
n05909	n05802
n05909	n05803
n05909	n05804
n05909	n05935
n05909	n06198
n05909	n06346
n05909	n06347
n05909	n06350
n05909	n06499
n05909	n06636
n05909	n06639
n05909	n06803
n05909	n07146
n05909	n07290
n05909	n07479
n05909	n07480
n05909	n08047
n05909	n08048
n05909	n08254
n05910	n05297
n05910	n05302
n05910	n08536
n05911	n03009
n05911	n04692
n05911	n05256
n05911	n09610
n05912	n07975
n05912	n09118
n05913	n03698
n05913	n05298
n05913	n05679
n05913	n05680
n05913	n05933
n05913	n06124
n05913	n06640
n05913	n06801
n05913	n07146
n05913	n07478
n05913	n07648
n05913	n07853
n05913	n07855
n05914	n03107
n05915	n03781
n05915	n07397
n05915	n09362
n05915	n09364
n05917	n07510
n05917	n09233
n05918	n09534
n05919	n08890
n05919	n09119
n05919	n09121
n05919	n09122
n05919	n09602
n05919	n09603
n05920	n03476
n05921	n00516
n05921	n02289
n05922	n03764
n05922	n06741
n05922	n08984
n05923	n00096
n05924	n03422
n05924	n05417
n05925	n01426
n05926	n04640
n05926	n05416
n05926	n06271
n05926	n08048
n05927	n03048
n05927	n09120
n05927	n09364
n05927	n09604
n05927	n09605
n05928	n05420
n05928	n06497
n05928	n06639
n05928	n07290
n05928	n07426
n05928	n08676
n05929	n04136
n05929	n05297
n05929	n05551
n05929	n05799
n05929	n06059
n05929	n06198
n05929	n06200
n05929	n06201
n05929	n06347
n05929	n06499
n05929	n06802
n05929	n07647
n05929	n08676
n05930	n03317
n05930	n09399
n05936	n04202
n05936	n06352
n05937	n08892
n05937	n09369
n05939	n08892
n05939	n08894
n05939	n09123
n05939	n09124
n05939	n09125
n05939	n09367
n05939	n09611
n05939	n09613
n05939	n09615
n05940	n08892
n05940	n08894
n05940	n09123
n05940	n09124
n05940	n09125
n05940	n09367
n05940	n09611
n05940	n09613
n05940	n09615
n05941	n08910
n05942	n08467
n05943	n06501
n05943	n07293
n05944	n03942
n05945	n03445
n05945	n03936
n05945	n04204
n05945	n04587
n05945	n04889
n05945	n05422
n05945	n05685
n05945	n05687
n05946	n06215
n05946	n09608
n05947	n09371
n05948	n09636
n05949	n07477
n05949	n07661
n05950	n07013
n05951	n05553
n05951	n08675
n05951	n08912
n05952	n08922
n05953	n02744
n05953	n07487
n05954	n06082
n05955	n05559
n05955	n06219
n05955	n08893
n05956	n07020
n05957	n04491
n05957	n04589
n05957	n05557
n05957	n06639
n05957	n07867
n05957	n08677
n05958	n05944
n05959	n08940
n05960	n04308
n05960	n04893
n05960	n05198
n05960	n05697
n05960	n06220
n05961	n00885
n05961	n03024
n05961	n06866
n05962	n09404
n05963	n08297
n05964	n03239
n05964	n03508
n05964	n03750
n05964	n04208
n05966	n03510
n05966	n03753
n05966	n03847
n05967	n07707
n05967	n08675
n05968	n06384
n05969	n02138
n05969	n07866
n05970	n03377
n05970	n05194
n05970	n09118
n05971	n05702
n05971	n09613
n05972	n06704
n05972	n07884
n05973	n07659
n05973	n08458
n05973	n09132
n05974	n04979
n05974	n05188
n05974	n05297
n05974	n05298
n05974	n05299
n05974	n05300
n05974	n05301
n05974	n05302
n05974	n05417
n05974	n05418
n05974	n05551
n05974	n05678
n05974	n05680
n05974	n05804
n05974	n05931
n05974	n05932
n05974	n05934
n05974	n05935
n05974	n06202
n05974	n06344
n05974	n06350
n05974	n06499
n05974	n06636
n05974	n06639
n05974	n06801
n05974	n07477
n05974	n07479
n05974	n07646
n05974	n07853
n05974	n07854
n05974	n09606
n05975	n07872
n05976	n05708
n05977	n01982
n05977	n03379
n05978	n06863
n05978	n07146
n05979	n03749
n05979	n08045
n05979	n09364
n05980	n03881
n05980	n08097
n05981	n04616
n05982	n04806
n05983	n03232
n05983	n04402
n05983	n05831
n05983	n06230
n05984	n08458
n05985	n08519
n05985	n09221
n05987	n04909
n05988	n09393
n05988	n09720
n05989	n04050
n05989	n04635
n05990	n04038
n05991	n08892
n05991	n09612
n05992	n05321
n05993	n08529
n05993	n09362
n05993	n09365
n05993	n09608
n05994	n05297
n05994	n05301
n05994	n05803
n05994	n05805
n05994	n05934
n05994	n06344
n05994	n06637
n05994	n06710
n05994	n06802
n05994	n07291
n05994	n07648
n05995	n05723
n05995	n08133
n05996	n07695
n05996	n09604
n05997	n05828
n05997	n05829
n05997	n06199
n05997	n06202
n05997	n06344
n05997	n06498
n05997	n06671
n05997	n07477
n05998	n00121
n05998	n02858
n05998	n06515
n05998	n08675
n05999	n06713
n06000	n03515
n06000	n04529
n06001	n06696
n06002	n05226
n06003	n04430
n06003	n04923
n06003	n09706
n06004	n04438
n06004	n04605
n06005	n08458
n06006	n04440
n06006	n05463
n06006	n06092
n06007	n03659
n06007	n04322
n06007	n05577
n06007	n09121
n06007	n09122
n06007	n09364
n06008	n07901
n06008	n08954
n06008	n09606
n06009	n08762
n06010	n06885
n06011	n08045
n06011	n09120
n06011	n09364
n06012	n06529
n06012	n07231
n06012	n07595
n06013	n02166
n06013	n09177
n06014	n03602
n06015	n09362
n06016	n04911
n06016	n08722
n06016	n08963
n06017	n04922
n06018	n05188
n06018	n05298
n06018	n05299
n06018	n05300
n06018	n05302
n06018	n05417
n06018	n05418
n06018	n05419
n06018	n05420
n06018	n05421
n06018	n05678
n06018	n05679
n06018	n05801
n06018	n05803
n06018	n05805
n06018	n05932
n06018	n05933
n06018	n05934
n06018	n06198
n06018	n06199
n06018	n06200
n06018	n06344
n06018	n06345
n06018	n06347
n06018	n06350
n06018	n06636
n06018	n06639
n06018	n06802
n06018	n06804
n06018	n07476
n06018	n07477
n06018	n07479
n06018	n07853
n06018	n07854
n06018	n07855
n06018	n08046
n06018	n08047
n06018	n08048
n06018	n08677
n06019	n02763
n06019	n05728
n06019	n07211
n06020	n06262
n06021	n07561
n06023	n03393
n06024	n04652
n06024	n09613
n06025	n05161
n06026	n05617
n06026	n08894
n06026	n09613
n06027	n04434
n06027	n09120
n06027	n09121
n06028	n06270
n06028	n09606
n06029	n04339
n06029	n04979
n06029	n05297
n06029	n05800
n06029	n05931
n06029	n05935
n06029	n06636
n06029	n06638
n06029	n06803
n06029	n07477
n06031	n08675
n06031	n09602
n06031	n09605
n06032	n06526
n06032	n07913
n06032	n08134
n06032	n08981
n06032	n09120
n06032	n09121
n06032	n09602
n06032	n09604
n06033	n03774
n06034	n07663
n06034	n09603
n06035	n06565
n06035	n08458
n06036	n03796
n06036	n04928
n06037	n05086
n06037	n06848
n06037	n07084
n06038	n04051
n06038	n04735
n06039	n08675
n06039	n09119
n06039	n09120
n06039	n09122
n06039	n09605
n06040	n04979
n06040	n05188
n06040	n05297
n06040	n05299
n06040	n05301
n06040	n05416
n06040	n05417
n06040	n05420
n06040	n05551
n06040	n05799
n06040	n05800
n06040	n05801
n06040	n05802
n06040	n05803
n06040	n05804
n06040	n05805
n06040	n05931
n06040	n05933
n06040	n05934
n06040	n05935
n06040	n06198
n06040	n06199
n06040	n06200
n06040	n06201
n06040	n06497
n06040	n06498
n06040	n06636
n06040	n06640
n06040	n06801
n06040	n06802
n06040	n07290
n06040	n07291
n06040	n07478
n06040	n07647
n06040	n07648
n06040	n07855
n06040	n08047
n06041	n00134
n06042	n04978
n06042	n04979
n06042	n05297
n06042	n05298
n06042	n05300
n06042	n05301
n06042	n05416
n06042	n05418
n06042	n05420
n06042	n05421
n06042	n05551
n06042	n05678
n06042	n05679
n06042	n05799
n06042	n05800
n06042	n05801
n06042	n05803
n06042	n05804
n06042	n05805
n06042	n05931
n06042	n05932
n06042	n05933
n06042	n05934
n06042	n05935
n06042	n06059
n06042	n06198
n06042	n06199
n06042	n06200
n06042	n06201
n06042	n06202
n06042	n06345
n06042	n06346
n06042	n06347
n06042	n06350
n06042	n06497
n06042	n06498
n06042	n06499
n06042	n06638
n06042	n06802
n06042	n06804
n06042	n06998
n06042	n07146
n06042	n07147
n06042	n07289
n06042	n07290
n06042	n07291
n06042	n07477
n06042	n07479
n06042	n07480
n06042	n07645
n06042	n07646
n06042	n07647
n06042	n07854
n06042	n07855
n06042	n08046
n06042	n08048
n06042	n08254
n06042	n08677
n06042	n08891
n06043	n01456
n06043	n08772
n06044	n08045
n06044	n09120
n06044	n09122
n06044	n09228
n06044	n09362
n06045	n02004
n06045	n04758
n06046	n04979
n06046	n05188
n06046	n05297
n06046	n05298
n06046	n05300
n06046	n05301
n06046	n05417
n06046	n05419
n06046	n05420
n06046	n05421
n06046	n05551
n06046	n05678
n06046	n05680
n06046	n05801
n06046	n05802
n06046	n05804
n06046	n05805
n06046	n05931
n06046	n05932
n06046	n06198
n06046	n06199
n06046	n06201
n06046	n06202
n06046	n06345
n06046	n06348
n06046	n06350
n06046	n06637
n06046	n06640
n06046	n06803
n06046	n06804
n06046	n07145
n06046	n07147
n06046	n07476
n06046	n07477
n06046	n07853
n06046	n07855
n06046	n08046
n06046	n08254
n06047	n03985
n06047	n05298
n06047	n05421
n06047	n05679
n06047	n05803
n06047	n05804
n06047	n05805
n06047	n05931
n06047	n05933
n06047	n06801
n06047	n07145
n06047	n07478
n06047	n07480
n06047	n07646
n06047	n07854
n06048	n08625
n06049	n09119
n06049	n09601
n06050	n00563
n06051	n07396
n06052	n03691
n06052	n05804
n06052	n06347
n06052	n06640
n06053	n04663
n06053	n08045
n06053	n09122
n06053	n09364
n06054	n06102
n06054	n08045
n06054	n09120
n06054	n09122
n06054	n09362
n06054	n09604
n06055	n04727
n06055	n05313
n06055	n05618
n06055	n06016
n06055	n08458
n06056	n04544
n06056	n09364
n06057	n04954
n06057	n09607
n06058	n03338
n06058	n08045
n06060	n09618
n06061	n03741
n06061	n03934
n06061	n06199
n06062	n08256
n06064	n03939
n06064	n03940
n06065	n07005
n06066	n09636
n06067	n06222
n06068	n09371
n06069	n04205
n06069	n04309
n06069	n04694
n06069	n05433
n06070	n03840
n06070	n04211
n06070	n04397
n06070	n05307
n06070	n05312
n06070	n05696
n06071	n04112
n06071	n04791
n06072	n09382
n06072	n09661
n06074	n03503
n06074	n03504
n06074	n03650
n06074	n03653
n06074	n04983
n06075	n05563
n06075	n06364
n06076	n05091
n06077	n02741
n06077	n05087
n06078	n08468
n06078	n08687
n06079	n05431
n06079	n05678
n06079	n05804
n06079	n06199
n06079	n06803
n06080	n09640
n06081	n02133
n06081	n02270
n06081	n09601
n06082	n08675
n06083	n08715
n06084	n03651
n06084	n04119
n06085	n07027
n06085	n09123
n06086	n05426
n06087	n05297
n06087	n05298
n06087	n05301
n06087	n05418
n06087	n05421
n06087	n05680
n06087	n05800
n06087	n05802
n06087	n05931
n06087	n06199
n06087	n06200
n06087	n06346
n06087	n06348
n06087	n06636
n06087	n06638
n06087	n07476
n06087	n07853
n06088	n05810
n06088	n06809
n06088	n09122
n06088	n09601
n06089	n09652
n06090	n09118
n06090	n09168
n06091	n03241
n06091	n03309
n06091	n04125
n06091	n09400
n06092	n05097
n06093	n08894
n06093	n09370
n06094	n04122
n06094	n04127
n06094	n09366
n06094	n09611
n06095	n07702
n06096	n05188
n06096	n05297
n06096	n05298
n06096	n05299
n06096	n05301
n06096	n05416
n06096	n05419
n06096	n05420
n06096	n05421
n06096	n05678
n06096	n05679
n06096	n05799
n06096	n05801
n06096	n05802
n06096	n05803
n06096	n05805
n06096	n05931
n06096	n05935
n06096	n06059
n06096	n06198
n06096	n06201
n06096	n06346
n06096	n06350
n06096	n06498
n06096	n06637
n06096	n06638
n06096	n06801
n06096	n06802
n06096	n06804
n06096	n07145
n06096	n07146
n06096	n07289
n06096	n07291
n06096	n07476
n06096	n07480
n06096	n07646
n06096	n07647
n06096	n08048
n06097	n04030
n06097	n06684
n06097	n07035
n06098	n04129
n06098	n04411
n06098	n04805
n06099	n08678
n06099	n09121
n06099	n09122
n06099	n09620
n06100	n06842
n06101	n06842
n06102	n08675
n06103	n08303
n06104	n05570
n06104	n05578
n06104	n06523
n06104	n07915
n06105	n04979
n06105	n05188
n06105	n05298
n06105	n05299
n06105	n05300
n06105	n05302
n06105	n05416
n06105	n05417
n06105	n05418
n06105	n05419
n06105	n05420
n06105	n05421
n06105	n05551
n06105	n05678
n06105	n05679
n06105	n05680
n06105	n05800
n06105	n05801
n06105	n05802
n06105	n05803
n06105	n05804
n06105	n05805
n06105	n05931
n06105	n05932
n06105	n05933
n06105	n05934
n06105	n05935
n06105	n06198
n06105	n06199
n06105	n06200
n06105	n06201
n06105	n06344
n06105	n06345
n06105	n06346
n06105	n06347
n06105	n06348
n06105	n06350
n06105	n06498
n06105	n06499
n06105	n06637
n06105	n06639
n06105	n06640
n06105	n06802
n06105	n06804
n06105	n07146
n06105	n07291
n06105	n07477
n06105	n07479
n06105	n07480
n06105	n07646
n06105	n07853
n06105	n07855
n06105	n08046
n06105	n08048
n06105	n08677
n06106	n08458
n06107	n04978
n06107	n05188
n06107	n05297
n06107	n05298
n06107	n05416
n06107	n05418
n06107	n05421
n06107	n05551
n06107	n05678
n06107	n05679
n06107	n05680
n06107	n05799
n06107	n05800
n06107	n05801
n06107	n05802
n06107	n05803
n06107	n05804
n06107	n05931
n06107	n06198
n06107	n06199
n06107	n06344
n06107	n06345
n06107	n06348
n06107	n06497
n06107	n06638
n06107	n06802
n06107	n06803
n06107	n06998
n06107	n07147
n06107	n07289
n06107	n07645
n06107	n07647
n06107	n07853
n06107	n08046
n06107	n08047
n06108	n04811
n06109	n04811
n06110	n07327
n06111	n08735
n06111	n09364
n06112	n09166
n06112	n09602
n06113	n03659
n06113	n04322
n06113	n05577
n06114	n01425
n06114	n06998
n06115	n05817
n06115	n07495
n06116	n09203
n06116	n09363
n06117	n06374
n06117	n06692
n06118	n03856
n06118	n04511
n06119	n09694
n06120	n08321
n06122	n09210
n06123	n08105
n06124	n03108
n06124	n03174
n06124	n03242
n06125	n08458
n06126	n08539
n06127	n08893
n06127	n09369
n06128	n04922
n06129	n03665
n06129	n04044
n06129	n08118
n06129	n08134
n06130	n04232
n06130	n07648
n06131	n05801
n06131	n07853
n06131	n08254
n06131	n08255
n06132	n08954
n06132	n09363
n06132	n09606
n06133	n04233
n06133	n09124
n06134	n05050
n06135	n04619
n06135	n05315
n06135	n06682
n06135	n09605
n06136	n05986
n06136	n09119
n06136	n09364
n06136	n09607
n06137	n03041
n06137	n08675
n06137	n09365
n06138	n05455
n06139	n07479
n06139	n08045
n06140	n05449
n06141	n04131
n06141	n07923
n06141	n09362
n06142	n04051
n06142	n04735
n06142	n09119
n06142	n09362
n06142	n09605
n06143	n06059
n06143	n06350
n06144	n05128
n06144	n05848
n06144	n06392
n06144	n09608
n06145	n03038
n06146	n04042
n06146	n05734
n06146	n08892
n06146	n09125
n06146	n09616
n06146	n09617
n06147	n04528
n06148	n01821
n06148	n02951
n06148	n03679
n06148	n05721
n06148	n08675
n06148	n09605
n06149	n04161
n06149	n04447
n06149	n04715
n06149	n06098
n06149	n08938
n06149	n09121
n06149	n09601
n06151	n03265
n06151	n08556
n06151	n09120
n06153	n06411
n06153	n09605
n06154	n08559
n06154	n09602
n06154	n09608
n06155	n09140
n06155	n09141
n06155	n09602
n06156	n07389
n06156	n08342
n06157	n04978
n06157	n04979
n06157	n05297
n06157	n05298
n06157	n05299
n06157	n05301
n06157	n05302
n06157	n05416
n06157	n05417
n06157	n05419
n06157	n05678
n06157	n05679
n06157	n05799
n06157	n05801
n06157	n05932
n06157	n05933
n06157	n05934
n06157	n05935
n06157	n06059
n06157	n06639
n06157	n07147
n06157	n07855
n06157	n08048
n06157	n08254
n06158	n04148
n06158	n05302
n06158	n05678
n06158	n06801
n06158	n06803
n06158	n07648
n06158	n08047
n06159	n05476
n06159	n05799
n06159	n08676
n06160	n04151
n06160	n09367
n06160	n09614
n06161	n03781
n06162	n06147
n06163	n02968
n06163	n09602
n06164	n05421
n06164	n05825
n06164	n07855
n06164	n08048
n06166	n03330
n06166	n05471
n06166	n08045
n06166	n09608
n06167	n05752
n06167	n06108
n06167	n09119
n06167	n09364
n06167	n09601
n06168	n07514
n06168	n07662
n06168	n09616
n06169	n08675
n06169	n09122
n06169	n09601
n06169	n09605
n06170	n00140
n06170	n06002
n06171	n05805
n06171	n08676
n06171	n08891
n06171	n09279
n06172	n02857
n06172	n06259
n06172	n09368
n06173	n04978
n06173	n04979
n06173	n05297
n06173	n05298
n06173	n05299
n06173	n05300
n06173	n05301
n06173	n05302
n06173	n05418
n06173	n05419
n06173	n05421
n06173	n05678
n06173	n05679
n06173	n05680
n06173	n05799
n06173	n05801
n06173	n05931
n06173	n05932
n06173	n05933
n06173	n05934
n06173	n05935
n06173	n06059
n06173	n06202
n06173	n06347
n06173	n06497
n06173	n06498
n06173	n06639
n06173	n06803
n06173	n06804
n06173	n07146
n06173	n07147
n06173	n07289
n06173	n07291
n06173	n07477
n06173	n07647
n06173	n07855
n06173	n08254
n06173	n08677
n06174	n05011
n06174	n08894
n06174	n09124
n06174	n09368
n06174	n09369
n06174	n09370
n06174	n09610
n06174	n09611
n06174	n09614
n06174	n09616
n06175	n03884
n06175	n09363
n06176	n05188
n06176	n06347
n06176	n07145
n06177	n03052
n06177	n09118
n06178	n04712
n06178	n09603
n06179	n03528
n06179	n08750
n06179	n09364
n06180	n00884
n06180	n03074
n06181	n03409
n06181	n05977
n06181	n09118
n06182	n02988
n06182	n07074
n06183	n08385
n06183	n08676
n06183	n09363
n06183	n09606
n06184	n00905
n06184	n03625
n06185	n04732
n06185	n06636
n06185	n07528
n06186	n03334
n06187	n05679
n06187	n06124
n06187	n06640
n06187	n07648
n06187	n09274
n06188	n04744
n06188	n09364
n06188	n09601
n06188	n09607
n06189	n04747
n06189	n09615
n06190	n07765
n06190	n08892
n06190	n09612
n06191	n06562
n06191	n09789
n06192	n03194
n06192	n05801
n06192	n06998
n06192	n07853
n06192	n08047
n06192	n09125
n06192	n09610
n06193	n05271
n06193	n05644
n06193	n08890
n06193	n09119
n06193	n09364
n06193	n09603
n06193	n09604
n06194	n01449
n06194	n03384
n06194	n06515
n06194	n09605
n06195	n03862
n06195	n04660
n06195	n08045
n06195	n09362
n06196	n02881
n06197	n06429
n06197	n09118
n06197	n09119
n06197	n09363
n06203	n02631
n06205	n05418
n06205	n06201
n06206	n07649
n06207	n06359
n06207	n08891
n06207	n09119
n06208	n08458
n06210	n05556
n06211	n06501
n06211	n07293
n06212	n07151
n06212	n09622
n06213	n03234
n06213	n05943
n06213	n06211
n06213	n07653
n06214	n05553
n06214	n08675
n06214	n08912
n06215	n07665
n06216	n07477
n06216	n07661
n06217	n08688
n06218	n06212
n06218	n06510
n06220	n08052
n06221	n05945
n06221	n06508
n06222	n06808
n06222	n07150
n06222	n07485
n06222	n07862
n06223	n08467
n06223	n08890
n06223	n09362
n06224	n05418
n06224	n05804
n06224	n06498
n06225	n09625
n06226	n05810
n06226	n06809
n06226	n09122
n06226	n09601
n06227	n05941
n06228	n07488
n06229	n05941
n06230	n04308
n06230	n04893
n06230	n05198
n06230	n05697
n06230	n06220
n06231	n06649
n06232	n06065
n06232	n07314
n06233	n05297
n06233	n05298
n06233	n05301
n06233	n05418
n06233	n05421
n06233	n05680
n06233	n05800
n06233	n05802
n06233	n05931
n06233	n06199
n06233	n06200
n06233	n06346
n06233	n06348
n06233	n06636
n06233	n06638
n06233	n07476
n06233	n07853
n06234	n05417
n06234	n06200
n06234	n06804
n06234	n07678
n06235	n08893
n06235	n09369
n06236	n06225
n06238	n06520
n06238	n08295
n06239	n05206
n06240	n05703
n06241	n04979
n06241	n05298
n06241	n05300
n06241	n06345
n06241	n06349
n06241	n08048
n06242	n05419
n06242	n05802
n06242	n05932
n06242	n05933
n06242	n05935
n06242	n06201
n06242	n06348
n06242	n06498
n06242	n07291
n06242	n07647
n06242	n07648
n06242	n07887
n06242	n08048
n06244	n03580
n06244	n08890
n06244	n09603
n06245	n09173
n06246	n03675
n06247	n03449
n06247	n03666
n06248	n02847
n06248	n08890
n06249	n03164
n06250	n04224
n06250	n04713
n06250	n07031
n06251	n07476
n06251	n07646
n06251	n08902
n06251	n09411
n06252	n06408
n06253	n07315
n06254	n04710
n06255	n07719
n06255	n08675
n06255	n08890
n06255	n09607
n06256	n09205
n06257	n05416
n06257	n06350
n06257	n06498
n06257	n07646
n06257	n07854
n06257	n08891
n06258	n03855
n06259	n04032
n06259	n04501
n06259	n07171
n06260	n04594
n06260	n06536
n06260	n07476
n06261	n06560
n06261	n07476
n06261	n08677
n06262	n09676
n06263	n09714
n06264	n05716
n06265	n05984
n06265	n06106
n06265	n06681
n06265	n07894
n06266	n09430
n06266	n09604
n06267	n00102
n06267	n05103
n06268	n09403
n06269	n07206
n06269	n07713
n06269	n09124
n06269	n09611
n06270	n02955
n06270	n06532
n06270	n09119
n06271	n01418
n06271	n03451
n06271	n04420
n06271	n04630
n06271	n05108
n06271	n05805
n06272	n08090
n06272	n08902
n06273	n08458
n06273	n09363
n06273	n09606
n06274	n05091
n06274	n05981
n06275	n05981
n06275	n06076
n06275	n09369
n06276	n05004
n06276	n05349
n06277	n06099
n06278	n07895
n06279	n09120
n06279	n09364
n06280	n04509
n06281	n04628
n06281	n05031
n06281	n09120
n06282	n04136
n06282	n06241
n06283	n05452
n06283	n06260
n06284	n05107
n06285	n04978
n06285	n05188
n06285	n05300
n06285	n05416
n06285	n05417
n06285	n05678
n06285	n05679
n06285	n05680
n06285	n05799
n06285	n05800
n06285	n05801
n06285	n05804
n06285	n05805
n06285	n05935
n06285	n06059
n06285	n06199
n06285	n06200
n06285	n06201
n06285	n06344
n06285	n06345
n06285	n06346
n06285	n06348
n06285	n06497
n06285	n06636
n06285	n06640
n06285	n06801
n06285	n06803
n06285	n06804
n06285	n06998
n06285	n07146
n06285	n07290
n06285	n07476
n06285	n07646
n06285	n07853
n06285	n07854
n06285	n08048
n06285	n08254
n06285	n08676
n06286	n01648
n06286	n09724
n06287	n04978
n06287	n04979
n06287	n05188
n06287	n05297
n06287	n05298
n06287	n05300
n06287	n05416
n06287	n05417
n06287	n05418
n06287	n05420
n06287	n05421
n06287	n05679
n06287	n05799
n06287	n05801
n06287	n05803
n06287	n05804
n06287	n05934
n06287	n06199
n06287	n06346
n06287	n06636
n06287	n06638
n06287	n06640
n06287	n07645
n06287	n07855
n06287	n08046
n06288	n07549
n06288	n09118
n06289	n07731
n06289	n09367
n06290	n08045
n06290	n09362
n06290	n09373
n06290	n09605
n06290	n09608
n06291	n08969
n06291	n09118
n06291	n09428
n06292	n02280
n06292	n04595
n06292	n08739
n06293	n04433
n06293	n04636
n06293	n06547
n06293	n09369
n06295	n03598
n06295	n04247
n06295	n06849
n06295	n09120
n06295	n09364
n06295	n09602
n06296	n03951
n06296	n04246
n06296	n06199
n06296	n06350
n06296	n07146
n06296	n07478
n06296	n07647
n06296	n08048
n06297	n04132
n06297	n05130
n06297	n09046
n06298	n08359
n06298	n08766
n06299	n01430
n06299	n05208
n06299	n08458
n06299	n09118
n06301	n01988
n06302	n09731
n06303	n06802
n06303	n09121
n06303	n09539
n06304	n06369
n06304	n08045
n06304	n08070
n06304	n09121
n06304	n09602
n06304	n09603
n06305	n09118
n06306	n03961
n06306	n08811
n06307	n04450
n06307	n05129
n06307	n09741
n06308	n06102
n06309	n08559
n06309	n09015
n06309	n09120
n06309	n09604
n06310	n07776
n06311	n05351
n06312	n09119
n06312	n09362
n06312	n09603
n06312	n09604
n06313	n02757
n06313	n04038
n06313	n09122
n06313	n09603
n06313	n09607
n06314	n04132
n06314	n04137
n06314	n05130
n06314	n05457
n06314	n05490
n06314	n09604
n06315	n04059
n06316	n07199
n06317	n03610
n06317	n05417
n06317	n05713
n06317	n07147
n06318	n01433
n06318	n09363
n06319	n08675
n06319	n09121
n06321	n04259
n06321	n09368
n06321	n09613
n06322	n00193
n06322	n01832
n06323	n03756
n06323	n05827
n06323	n06702
n06323	n08045
n06323	n09602
n06324	n09119
n06324	n09602
n06324	n09604
n06325	n08045
n06325	n09605
n06325	n09608
n06326	n03128
n06326	n05419
n06326	n05802
n06326	n05931
n06326	n06705
n06326	n07289
n06327	n05297
n06327	n05680
n06327	n06199
n06327	n06201
n06327	n06559
n06328	n05188
n06328	n05300
n06328	n05302
n06328	n05678
n06328	n05931
n06328	n05933
n06328	n05934
n06328	n06202
n06328	n06347
n06328	n06639
n06328	n07478
n06328	n07646
n06328	n08047
n06328	n08254
n06328	n09118
n06329	n00880
n06329	n01209
n06329	n01439
n06329	n02860
n06329	n03039
n06329	n07398
n06329	n09118
n06330	n05297
n06330	n05302
n06330	n05417
n06330	n05800
n06330	n05933
n06330	n06201
n06330	n06348
n06330	n06350
n06330	n07146
n06330	n07591
n06330	n07855
n06330	n08046
n06330	n08577
n06331	n08045
n06331	n09122
n06331	n09601
n06332	n03097
n06332	n04436
n06332	n09606
n06333	n03273
n06333	n05137
n06333	n07204
n06334	n08045
n06334	n08675
n06334	n08890
n06334	n09120
n06334	n09603
n06334	n09604
n06334	n09607
n06335	n09120
n06335	n09362
n06336	n06281
n06337	n02765
n06337	n06844
n06338	n05205
n06338	n09606
n06339	n02965
n06339	n06283
n06340	n04079
n06340	n09606
n06341	n09364
n06341	n09365
n06341	n09602
n06341	n09607
n06342	n04004
n06342	n06137
n06342	n09122
n06342	n09249
n06342	n09362
n06342	n09604
n06343	n09304
n06352	n04392
n06352	n06351
n06353	n06501
n06353	n07293
n06354	n07649
n06355	n05678
n06355	n09363
n06356	n05678
n06356	n09363
n06357	n06355
n06357	n06356
n06359	n07294
n06359	n07658
n06360	n08458
n06363	n05945
n06363	n06508
n06364	n08927
n06365	n08045
n06365	n09607
n06366	n02130
n06366	n03020
n06366	n03372
n06366	n03747
n06367	n07488
n06368	n04209
n06368	n04901
n06369	n05810
n06369	n06809
n06370	n04986
n06371	n05684
n06371	n06646
n06372	n05194
n06372	n06811
n06373	n08088
n06374	n09132
n06375	n04033
n06376	n07653
n06378	n08046
n06378	n08285
n06379	n06527
n06380	n04999
n06380	n07167
n06381	n08045
n06381	n08675
n06382	n07176
n06383	n06087
n06383	n06233
n06383	n07147
n06383	n07289
n06384	n03164
n06386	n05222
n06386	n05330
n06387	n04496
n06387	n08710
n06388	n03377
n06388	n06228
n06389	n06243
n06390	n05188
n06390	n05298
n06390	n05300
n06390	n05417
n06390	n06345
n06390	n06637
n06390	n06803
n06390	n07146
n06390	n07147
n06390	n07290
n06390	n09151
n06391	n00513
n06391	n00523
n06391	n00543
n06391	n02640
n06391	n02863
n06391	n05334
n06392	n05835
n06392	n07712
n06393	n04334
n06393	n05812
n06393	n09617
n06394	n04908
n06395	n09606
n06396	n04699
n06396	n04704
n06396	n06344
n06397	n04226
n06398	n05214
n06399	n05416
n06399	n05419
n06399	n05420
n06399	n05421
n06399	n05551
n06399	n05679
n06399	n05800
n06399	n05801
n06399	n05802
n06399	n05803
n06399	n05931
n06399	n05932
n06399	n05933
n06399	n05934
n06399	n06059
n06399	n06198
n06399	n06201
n06399	n06349
n06399	n06350
n06399	n06801
n06399	n07291
n06399	n07854
n06400	n04979
n06400	n05297
n06400	n05416
n06400	n05417
n06400	n05931
n06400	n06497
n06400	n06637
n06400	n07289
n06400	n07321
n06401	n09469
n06402	n09459
n06402	n09612
n06403	n09119
n06403	n09120
n06403	n09602
n06404	n05474
n06405	n07519
n06406	n04514
n06407	n06059
n06407	n07898
n06408	n04228
n06410	n03246
n06411	n03586
n06411	n06371
n06411	n09601
n06412	n04220
n06412	n05584
n06413	n05582
n06413	n06398
n06414	n06534
n06416	n07163
n06416	n07712
n06417	n03381
n06417	n05580
n06418	n04416
n06418	n08893
n06418	n09123
n06418	n09125
n06418	n09368
n06418	n09617
n06419	n05111
n06419	n05715
n06419	n06407
n06419	n07917
n06420	n05419
n06420	n09241
n06421	n05591
n06421	n06683
n06421	n09601
n06422	n07180
n06422	n08318
n06423	n06059
n06423	n06344
n06423	n06636
n06423	n06637
n06423	n06638
n06423	n06801
n06423	n07645
n06423	n07854
n06423	n08254
n06424	n02539
n06424	n03670
n06424	n06397
n06425	n06530
n06425	n09365
n06426	n08458
n06427	n05458
n06428	n03861
n06428	n05551
n06430	n00009
n06430	n00886
n06430	n02648
n06431	n08892
n06431	n08893
n06431	n08894
n06431	n08970
n06431	n09125
n06431	n09614
n06432	n07707
n06432	n09365
n06432	n09601
n06432	n09608
n06433	n05297
n06433	n05351
n06433	n05420
n06433	n05679
n06433	n06636
n06433	n09118
n06434	n07541
n06434	n09226
n06436	n00882
n06437	n03185
n06438	n04927
n06438	n09122
n06439	n05971
n06439	n08892
n06439	n08893
n06439	n09610
n06440	n05339
n06440	n09605
n06441	n03687
n06441	n05112
n06441	n05188
n06441	n05298
n06441	n05299
n06441	n05302
n06441	n05799
n06441	n05804
n06441	n05935
n06441	n06198
n06441	n06344
n06441	n06637
n06441	n06638
n06441	n06640
n06441	n06803
n06441	n06804
n06441	n07146
n06441	n07479
n06441	n07648
n06441	n07853
n06441	n07854
n06441	n07855
n06442	n05298
n06442	n05300
n06442	n05418
n06442	n05604
n06442	n05804
n06442	n06198
n06442	n06199
n06442	n06345
n06442	n06639
n06442	n06640
n06442	n06998
n06442	n07479
n06442	n07647
n06442	n08676
n06442	n08677
n06443	n05300
n06443	n05302
n06443	n05678
n06443	n05931
n06443	n06497
n06443	n07374
n06443	n07478
n06443	n08254
n06443	n08458
n06444	n08547
n06445	n04922
n06446	n04978
n06446	n05727
n06446	n05799
n06446	n05800
n06446	n05803
n06446	n05934
n06446	n06059
n06446	n07291
n06446	n07479
n06447	n04238
n06447	n05297
n06447	n05298
n06447	n06348
n06447	n07147
n06448	n04519
n06448	n05620
n06448	n05842
n06448	n05859
n06448	n09118
n06448	n09133
n06449	n06638
n06449	n07590
n06449	n07855
n06450	n00067
n06450	n00135
n06450	n02639
n06450	n05678
n06450	n05679
n06450	n05802
n06450	n06637
n06450	n07854
n06451	n05004
n06451	n05297
n06451	n05349
n06451	n05420
n06451	n05551
n06451	n06637
n06451	n07647
n06451	n07853
n06451	n07855
n06451	n08048
n06452	n03383
n06452	n06217
n06453	n05740
n06454	n04978
n06454	n05188
n06454	n05300
n06454	n05301
n06454	n05417
n06454	n05419
n06454	n05420
n06454	n05679
n06454	n05799
n06454	n05803
n06454	n05804
n06454	n05805
n06454	n05931
n06454	n05932
n06454	n05934
n06454	n05935
n06454	n06059
n06454	n06198
n06454	n06199
n06454	n06200
n06454	n06202
n06454	n06344
n06454	n06349
n06454	n06637
n06454	n06638
n06454	n06639
n06454	n06998
n06454	n07145
n06454	n07147
n06454	n07290
n06454	n07479
n06454	n07480
n06454	n07645
n06454	n07854
n06454	n08046
n06454	n08048
n06454	n08254
n06454	n08676
n06455	n03100
n06455	n09118
n06456	n01460
n06456	n09362
n06457	n04628
n06457	n05031
n06457	n09362
n06457	n09605
n06458	n05205
n06458	n09606
n06459	n05931
n06459	n06499
n06459	n07290
n06459	n07479
n06459	n07480
n06459	n07496
n06459	n07504
n06459	n07648
n06459	n07669
n06459	n07854
n06459	n08046
n06459	n09634
n06460	n05416
n06460	n05417
n06460	n05420
n06460	n05680
n06460	n06198
n06460	n06346
n06460	n06347
n06460	n06349
n06460	n07479
n06460	n08046
n06461	n06896
n06461	n08545
n06462	n04979
n06462	n05188
n06462	n05297
n06462	n05298
n06462	n05299
n06462	n05301
n06462	n05418
n06462	n05419
n06462	n05421
n06462	n05551
n06462	n05679
n06462	n05680
n06462	n05799
n06462	n05800
n06462	n05801
n06462	n05802
n06462	n05931
n06462	n05932
n06462	n05933
n06462	n06059
n06462	n06198
n06462	n06201
n06462	n06345
n06462	n06346
n06462	n06347
n06462	n06349
n06462	n06350
n06462	n06499
n06462	n06802
n06462	n07479
n06462	n07480
n06462	n07647
n06462	n08048
n06463	n04254
n06463	n09119
n06464	n05168
n06464	n05802
n06464	n05934
n06464	n07291
n06464	n07477
n06464	n07648
n06465	n05297
n06465	n05298
n06465	n05299
n06465	n05302
n06465	n05419
n06465	n05421
n06465	n05678
n06465	n05679
n06465	n05680
n06465	n05799
n06465	n05805
n06465	n05934
n06465	n05935
n06465	n06198
n06465	n06349
n06465	n06497
n06465	n06801
n06465	n07146
n06465	n07479
n06465	n07646
n06465	n07647
n06465	n07854
n06466	n03178
n06466	n03692
n06466	n08458
n06467	n02429
n06467	n06695
n06467	n09364
n06468	n00947
n06468	n09119
n06468	n09121
n06469	n04254
n06469	n09119
n06470	n03965
n06471	n06737
n06471	n07502
n06471	n07748
n06472	n09300
n06473	n05248
n06475	n04724
n06475	n09602
n06476	n09606
n06477	n04619
n06477	n09119
n06477	n09602
n06477	n09604
n06477	n09605
n06477	n09607
n06478	n04822
n06478	n06569
n06478	n07934
n06478	n09603
n06479	n03972
n06479	n08814
n06479	n09367
n06479	n09612
n06480	n02551
n06480	n05357
n06480	n07386
n06480	n09125
n06480	n09364
n06480	n09368
n06480	n09369
n06480	n09617
n06481	n05419
n06481	n06199
n06481	n08379
n06482	n08169
n06482	n09475
n06483	n06273
n06484	n07975
n06484	n09363
n06485	n06198
n06485	n06348
n06485	n08640
n06485	n08891
n06486	n04458
n06486	n08675
n06486	n09365
n06486	n09601
n06486	n09602
n06486	n09605
n06487	n04531
n06487	n09604
n06488	n07775
n06489	n05932
n06489	n06346
n06489	n07291
n06489	n08419
n06489	n08587
n06489	n08677
n06490	n03045
n06490	n08675
n06490	n09120
n06490	n09601
n06490	n09604
n06491	n04654
n06491	n08724
n06492	n08384
n06492	n09602
n06492	n09607
n06493	n09005
n06494	n02756
n06494	n08675
n06494	n09120
n06494	n09605
n06495	n03879
n06495	n06533
n06496	n04942
n06496	n06747
n06500	n08460
n06501	n08462
n06503	n07482
n06504	n04890
n06504	n05192
n06504	n05683
n06505	n08256
n06507	n05189
n06507	n05190
n06507	n05555
n06507	n05937
n06507	n09609
n06508	n03445
n06508	n03936
n06508	n04204
n06508	n04587
n06508	n04889
n06508	n05422
n06508	n05685
n06508	n05687
n06509	n08892
n06509	n08894
n06509	n09123
n06509	n09124
n06509	n09125
n06509	n09367
n06509	n09611
n06509	n09613
n06509	n09615
n06510	n07151
n06510	n09622
n06511	n07306
n06512	n03299
n06512	n07853
n06513	n05565
n06514	n05948
n06514	n06066
n06514	n08458
n06515	n05558
n06515	n05947
n06515	n06068
n06515	n09121
n06517	n04593
n06517	n05428
n06518	n09624
n06519	n09153
n06521	n05091
n06521	n09403
n06522	n08702
n06522	n09605
n06523	n06513
n06523	n08287
n06524	n09133
n06524	n09363
n06524	n09606
n06525	n05822
n06526	n06513
n06526	n08287
n06526	n08890
n06526	n09603
n06527	n03300
n06527	n03845
n06528	n05695
n06529	n05562
n06529	n08685
n06530	n08497
n06530	n08675
n06530	n09122
n06531	n05092
n06531	n06072
n06532	n02153
n06532	n04620
n06533	n04892
n06533	n05694
n06533	n07654
n06534	n09669
n06535	n08949
n06536	n04210
n06536	n04980
n06537	n06366
n06538	n03583
n06538	n04978
n06538	n05933
n06538	n06096
n06539	n04033
n06540	n05223
n06541	n07703
n06542	n06081
n06542	n06637
n06542	n09120
n06542	n09607
n06543	n04117
n06543	n07906
n06544	n07340
n06545	n04978
n06545	n04979
n06545	n05188
n06545	n05297
n06545	n05420
n06545	n05800
n06545	n05801
n06545	n06198
n06545	n07291
n06545	n07477
n06545	n07855
n06546	n06078
n06546	n06379
n06546	n09118
n06547	n01422
n06547	n05323
n06548	n09121
n06549	n04597
n06549	n04900
n06549	n04995
n06549	n09121
n06550	n05962
n06550	n07512
n06550	n09601
n06550	n09608
n06551	n02747
n06551	n09366
n06552	n04032
n06552	n04501
n06552	n07171
n06553	n05008
n06553	n05019
n06553	n05032
n06553	n05353
n06553	n07290
n06553	n08046
n06553	n08254
n06554	n03589
n06554	n04592
n06554	n09363
n06555	n08292
n06555	n09124
n06556	n05592
n06556	n09366
n06556	n09369
n06556	n09617
n06557	n06862
n06558	n06247
n06559	n05298
n06559	n06059
n06559	n06344
n06559	n06497
n06559	n06499
n06559	n06638
n06559	n06801
n06559	n07478
n06559	n07646
n06559	n07854
n06559	n08254
n06560	n05800
n06560	n05801
n06560	n05931
n06560	n06202
n06560	n06350
n06560	n06636
n06560	n07477
n06560	n07645
n06560	n07648
n06560	n08101
n06561	n07687
n06561	n08289
n06561	n09402
n06561	n09407
n06561	n09601
n06562	n04408
n06562	n05446
n06562	n05712
n06564	n07175
n06565	n07895
n06565	n08483
n06565	n09221
n06566	n06209
n06566	n09602
n06567	n06250
n06568	n03032
n06568	n06367
n06568	n06388
n06569	n07035
n06569	n08890
n06569	n09602
n06570	n06352
n06570	n07700
n06570	n09118
n06570	n09606
n06571	n07338
n06571	n07699
n06572	n05844
n06572	n06350
n06572	n07478
n06572	n08047
n06574	n05213
n06574	n07891
n06574	n09612
n06575	n04425
n06575	n07956
n06575	n08890
n06575	n09121
n06576	n06347
n06576	n07502
n06576	n07504
n06576	n09634
n06577	n06725
n06577	n08045
n06577	n08675
n06577	n08890
n06577	n09120
n06577	n09601
n06577	n09603
n06577	n09607
n06578	n01449
n06578	n03384
n06578	n09607
n06579	n06696
n06580	n06394
n06580	n08316
n06580	n09363
n06581	n07480
n06582	n05127
n06583	n04927
n06583	n09121
n06584	n03757
n06584	n04413
n06584	n06549
n06585	n06388
n06585	n06811
n06586	n04037
n06586	n05417
n06586	n05551
n06586	n05678
n06588	n07368
n06588	n09362
n06589	n04979
n06589	n05297
n06589	n05300
n06589	n05301
n06589	n05417
n06589	n05418
n06589	n05678
n06589	n05680
n06589	n05800
n06589	n05802
n06589	n05931
n06589	n05933
n06589	n05934
n06589	n06199
n06589	n06200
n06589	n06344
n06589	n06347
n06589	n06350
n06589	n06497
n06589	n06498
n06589	n06637
n06589	n06638
n06589	n06639
n06589	n06803
n06589	n07147
n06589	n07477
n06589	n07480
n06589	n07854
n06590	n08893
n06590	n09368
n06590	n09615
n06590	n09617
n06591	n05470
n06591	n05934
n06591	n06199
n06591	n06344
n06591	n06350
n06591	n07290
n06591	n07478
n06591	n07854
n06591	n08891
n06593	n05345
n06594	n05188
n06594	n05298
n06594	n05300
n06594	n05934
n06594	n06059
n06594	n06198
n06594	n06202
n06594	n06347
n06594	n06348
n06594	n06637
n06594	n06638
n06594	n06804
n06594	n07853
n06594	n09492
n06595	n03863
n06595	n05005
n06596	n05730
n06596	n08890
n06596	n09603
n06597	n08678
n06597	n09607
n06598	n08764
n06599	n04545
n06599	n09606
n06600	n03684
n06600	n08890
n06600	n09362
n06600	n09601
n06600	n09603
n06601	n07328
n06602	n02403
n06602	n02948
n06602	n08458
n06603	n05473
n06603	n08489
n06603	n09366
n06604	n05958
n06604	n07218
n06604	n09612
n06605	n05188
n06605	n05297
n06605	n05298
n06605	n05416
n06605	n05799
n06605	n06199
n06605	n06346
n06605	n06348
n06605	n06638
n06605	n07853
n06605	n08046
n06605	n08894
n06605	n09370
n06606	n05931
n06606	n08902
n06607	n09121
n06607	n09602
n06607	n09603
n06608	n07055
n06608	n08458
n06609	n08756
n06609	n09123
n06609	n09366
n06609	n09367
n06609	n09368
n06609	n09370
n06609	n09610
n06609	n09615
n06609	n09617
n06610	n06571
n06611	n07746
n06611	n08380
n06612	n07644
n06613	n08892
n06613	n08894
n06613	n09125
n06613	n09366
n06613	n09614
n06614	n04978
n06614	n04979
n06614	n05188
n06614	n05298
n06614	n05300
n06614	n05301
n06614	n05302
n06614	n05420
n06614	n05421
n06614	n05678
n06614	n05679
n06614	n05680
n06614	n05799
n06614	n05800
n06614	n05801
n06614	n05803
n06614	n05804
n06614	n05805
n06614	n05932
n06614	n05933
n06614	n05934
n06614	n06059
n06614	n06198
n06614	n06199
n06614	n06200
n06614	n06202
n06614	n06344
n06614	n06346
n06614	n06347
n06614	n06348
n06614	n06497
n06614	n06498
n06614	n06499
n06614	n06640
n06614	n06801
n06614	n06802
n06614	n06804
n06614	n07145
n06614	n07146
n06614	n07147
n06614	n07289
n06614	n07290
n06614	n07478
n06614	n07479
n06614	n07480
n06614	n07646
n06614	n07854
n06614	n08048
n06614	n08254
n06614	n08677
n06615	n01828
n06615	n03889
n06616	n07786
n06616	n09123
n06616	n09609
n06616	n09611
n06616	n09615
n06617	n06010
n06617	n06811
n06618	n04076
n06619	n08879
n06620	n07353
n06620	n08458
n06620	n09363
n06621	n02663
n06621	n03885
n06622	n09121
n06622	n09761
n06623	n07760
n06623	n08394
n06623	n09209
n06624	n02650
n06624	n03273
n06624	n09605
n06625	n00906
n06625	n04256
n06625	n04343
n06625	n06789
n06626	n03702
n06626	n09017
n06627	n03249
n06627	n03848
n06627	n04612
n06627	n09369
n06628	n03100
n06629	n05297
n06629	n06059
n06629	n06105
n06629	n09710
n06630	n03301
n06630	n04648
n06630	n09365
n06631	n02420
n06631	n05182
n06632	n04444
n06632	n08912
n06632	n09119
n06632	n09607
n06633	n02302
n06633	n06074
n06634	n04451
n06634	n08485
n06634	n09611
n06634	n09614
n06635	n01839
n06635	n09364
n06635	n09601
n06635	n09604
n06641	n08460
n06642	n08896
n06644	n09124
n06644	n09125
n06644	n09613
n06646	n06062
n06646	n06505
n06647	n09129
n06648	n08467
n06649	n08260
n06651	n07666
n06653	n07666
n06654	n05948
n06654	n06066
n06654	n08458
n06655	n06362
n06655	n06652
n06655	n09125
n06655	n09609
n06656	n06362
n06656	n06652
n06657	n07313
n06658	n07679
n06658	n09123
n06658	n09369
n06659	n09406
n06660	n06063
n06660	n07865
n06660	n08472
n06661	n01811
n06661	n03086
n06661	n03156
n06661	n04393
n06661	n04590
n06661	n06645
n06661	n08893
n06663	n01978
n06663	n04798
n06664	n07877
n06664	n08477
n06665	n05822
n06666	n09159
n06667	n05563
n06667	n06364
n06668	n06225
n06668	n08675
n06668	n09604
n06669	n08458
n06670	n08062
n06671	n04498
n06671	n05933
n06671	n06350
n06671	n06638
n06671	n06804
n06672	n03840
n06672	n04211
n06672	n04397
n06672	n05307
n06672	n05312
n06672	n05696
n06673	n04318
n06673	n04606
n06673	n06518
n06673	n08698
n06674	n05209
n06674	n06230
n06675	n07698
n06677	n03580
n06677	n09365
n06678	n06820
n06679	n04403
n06680	n08691
n06681	n08458
n06682	n04896
n06683	n05562
n06683	n09364
n06684	n06082
n06685	n07882
n06685	n09160
n06686	n06663
n06686	n08458
n06687	n08949
n06688	n03840
n06688	n04211
n06688	n04397
n06688	n05307
n06688	n05312
n06688	n05696
n06688	n09606
n06689	n08678
n06689	n09120
n06689	n09626
n06690	n04700
n06690	n05959
n06691	n08079
n06692	n09132
n06693	n02942
n06693	n06091
n06693	n08986
n06694	n07011
n06695	n04409
n06695	n09119
n06695	n09365
n06695	n09601
n06696	n05423
n06696	n07861
n06697	n04216
n06697	n04904
n06697	n09610
n06698	n02521
n06698	n02743
n06698	n04599
n06698	n04906
n06699	n03090
n06700	n07710
n06701	n03956
n06701	n04604
n06701	n05010
n06702	n04508
n06702	n09119
n06702	n09604
n06703	n04213
n06703	n07500
n06703	n08675
n06703	n09119
n06703	n09604
n06704	n03373
n06704	n03664
n06704	n04029
n06704	n04217
n06704	n04219
n06705	n02139
n06705	n02534
n06705	n03777
n06705	n06636
n06706	n05934
n06706	n06553
n06706	n07714
n06707	n04610
n06707	n06499
n06707	n09390
n06708	n07044
n06708	n07885
n06708	n08943
n06709	n08892
n06709	n08970
n06709	n09125
n06710	n02286
n06711	n09696
n06712	n07550
n06712	n09122
n06713	n07345
n06714	n07745
n06715	n06678
n06716	n04418
n06717	n05106
n06717	n07508
n06718	n03675
n06719	n08564
n06720	n09206
n06721	n06553
n06721	n07714
n06721	n08677
n06721	n08891
n06722	n05297
n06722	n09708
n06723	n09120
n06723	n09121
n06723	n09362
n06724	n06701
n06725	n06284
n06725	n09605
n06726	n09287
n06727	n06117
n06728	n08955
n06728	n09034
n06729	n08675
n06730	n07921
n06730	n09611
n06731	n09118
n06731	n09120
n06731	n09121
n06731	n09604
n06732	n03381
n06733	n09415
n06735	n05831
n06735	n05960
n06735	n07704
n06736	n05301
n06736	n05421
n06736	n05804
n06736	n06344
n06736	n06498
n06736	n06545
n06736	n07290
n06737	n05931
n06737	n06347
n06737	n07476
n06737	n07496
n06737	n07855
n06737	n08046
n06737	n08254
n06738	n04134
n06738	n08121
n06739	n03171
n06740	n08045
n06740	n08890
n06740	n09122
n06740	n09603
n06741	n09656
n06742	n06557
n06742	n08958
n06742	n09121
n06742	n09362
n06742	n09604
n06743	n06414
n06743	n09364
n06743	n09482
n06744	n03951
n06744	n04246
n06744	n06499
n06744	n08712
n06746	n03855
n06746	n08458
n06747	n07209
n06748	n07961
n06749	n01425
n06749	n05298
n06749	n05801
n06749	n05934
n06749	n06347
n06749	n06498
n06749	n06802
n06749	n07291
n06749	n07476
n06749	n07648
n06750	n05877
n06750	n09606
n06752	n03179
n06753	n06120
n06754	n08714
n06754	n09124
n06754	n09637
n06756	n09008
n06756	n09628
n06757	n06815
n06757	n08675
n06757	n09119
n06757	n09121
n06757	n09602
n06757	n09603
n06757	n09604
n06758	n04345
n06758	n08458
n06759	n03894
n06760	n07368
n06760	n09120
n06760	n09362
n06760	n09364
n06761	n07935
n06762	n03891
n06762	n05603
n06762	n08348
n06764	n04979
n06764	n05188
n06764	n05297
n06764	n05298
n06764	n05301
n06764	n05417
n06764	n05418
n06764	n05419
n06764	n05420
n06764	n05679
n06764	n05803
n06764	n05804
n06764	n05805
n06764	n05934
n06764	n05935
n06764	n06200
n06764	n06201
n06764	n06344
n06764	n06347
n06764	n06349
n06764	n06497
n06764	n06498
n06764	n06499
n06764	n06803
n06764	n06804
n06764	n07476
n06764	n07479
n06764	n07646
n06765	n09123
n06765	n09124
n06765	n09125
n06765	n09366
n06765	n09367
n06765	n09370
n06765	n09610
n06765	n09611
n06765	n09617
n06766	n08675
n06766	n09122
n06767	n07985
n06768	n02526
n06768	n03261
n06769	n02874
n06769	n03874
n06770	n09121
n06770	n09122
n06771	n06011
n06771	n08675
n06771	n08890
n06771	n09122
n06771	n09603
n06772	n01435
n06772	n05861
n06772	n08675
n06772	n09604
n06773	n03043
n06773	n05802
n06773	n06637
n06774	n05151
n06774	n08458
n06775	n09118
n06776	n04647
n06776	n08458
n06777	n04161
n06777	n04447
n06777	n04715
n06777	n06098
n06777	n08045
n06777	n08938
n06777	n09119
n06777	n09121
n06777	n09601
n06779	n03605
n06779	n05931
n06779	n06636
n06779	n06639
n06779	n07291
n06779	n07479
n06779	n08676
n06780	n09118
n06780	n09370
n06780	n09606
n06780	n09610
n06781	n05300
n06781	n05302
n06781	n05416
n06781	n05801
n06781	n05803
n06781	n05932
n06781	n05935
n06781	n06349
n06781	n06636
n06781	n06638
n06781	n07646
n06781	n08891
n06782	n02300
n06782	n05799
n06782	n09606
n06783	n05801
n06783	n06199
n06783	n07647
n06783	n07651
n06784	n09030
n06784	n09363
n06786	n04945
n06786	n09122
n06786	n09362
n06786	n09601
n06786	n09604
n06786	n09607
n06787	n04979
n06787	n05299
n06787	n05799
n06787	n05802
n06787	n05931
n06787	n06637
n06787	n06640
n06787	n07645
n06787	n08046
n06787	n08891
n06787	n09411
n06788	n04094
n06788	n07289
n06788	n07476
n06788	n07477
n06788	n07646
n06788	n07648
n06788	n08046
n06789	n04819
n06789	n05421
n06789	n05801
n06789	n06242
n06789	n07198
n06790	n01856
n06790	n07022
n06790	n09605
n06791	n01180
n06791	n03646
n06791	n05297
n06791	n05799
n06792	n00062
n06792	n02855
n06792	n03173
n06792	n03692
n06793	n04154
n06794	n05302
n06794	n05805
n06794	n05957
n06794	n06059
n06794	n06345
n06794	n06346
n06794	n07477
n06794	n07480
n06794	n07906
n06794	n08281
n06795	n06962
n06795	n09603
n06796	n04566
n06797	n06865
n06798	n02000
n06798	n06000
n06798	n08929
n06799	n00185
n06799	n03696
n06799	n06546
n06799	n07080
n06799	n07174
n06800	n05298
n06800	n05420
n06800	n05551
n06800	n05803
n06800	n05931
n06800	n06285
n06800	n06347
n06800	n06638
n06800	n07145
n06800	n07479
n06800	n08047
n06805	n09374
n06806	n05945
n06806	n06508
n06807	n09128
n06808	n04396
n06808	n05303
n06808	n05688
n06811	n07488
n06812	n07152
n06812	n07155
n06813	n07662
n06813	n07871
n06813	n09123
n06814	n06651
n06814	n06653
n06816	n06222
n06817	n08921
n06817	n09123
n06817	n09609
n06817	n09615
n06818	n05810
n06818	n06809
n06818	n09122
n06818	n09601
n06819	n07298
n06819	n09385
n06820	n04792
n06822	n07675
n06822	n07869
n06823	n09154
n06824	n08934
n06825	n03503
n06825	n03504
n06825	n03650
n06825	n03653
n06825	n04983
n06826	n07157
n06827	n04795
n06827	n05429
n06827	n07686
n06827	n09607
n06828	n04979
n06828	n05188
n06828	n05297
n06828	n05298
n06828	n05301
n06828	n05302
n06828	n05418
n06828	n05420
n06828	n05551
n06828	n05679
n06828	n05799
n06828	n05800
n06828	n05804
n06828	n05805
n06828	n05934
n06828	n06199
n06828	n06202
n06828	n06347
n06828	n06349
n06828	n06350
n06828	n06497
n06828	n06636
n06828	n06637
n06828	n06639
n06828	n06801
n06828	n06802
n06828	n06804
n06828	n07476
n06828	n07480
n06828	n07853
n06828	n08047
n06828	n08676
n06828	n08891
n06829	n03586
n06829	n06371
n06829	n08471
n06830	n06352
n06830	n07015
n06830	n09118
n06831	n08045
n06831	n09119
n06831	n09602
n06831	n09603
n06831	n09605
n06832	n04984
n06832	n08892
n06832	n09123
n06832	n09125
n06833	n08079
n06834	n06638
n06834	n09118
n06835	n08690
n06836	n04797
n06836	n05195
n06836	n05196
n06836	n05197
n06836	n05699
n06836	n06344
n06837	n01628
n06837	n09607
n06838	n09656
n06839	n05104
n06839	n05701
n06840	n09649
n06842	n05703
n06842	n09604
n06843	n08046
n06843	n08285
n06844	n06820
n06845	n06368
n06846	n03509
n06846	n04698
n06846	n04701
n06846	n04708
n06846	n06070
n06847	n05710
n06847	n06516
n06848	n05811
n06848	n06839
n06848	n09657
n06849	n05823
n06849	n07530
n06850	n05802
n06850	n06200
n06850	n06201
n06850	n06202
n06850	n06347
n06850	n06497
n06850	n06499
n06850	n06801
n06850	n06802
n06850	n06823
n06850	n07479
n06850	n07648
n06851	n02134
n06851	n02271
n06851	n03025
n06852	n05102
n06852	n05698
n06852	n09617
n06853	n06838
n06854	n08940
n06855	n05095
n06855	n05975
n06856	n08724
n06858	n08968
n06858	n09180
n06859	n06376
n06859	n09124
n06860	n06375
n06861	n09604
n06862	n07536
n06862	n08094
n06862	n09364
n06862	n09601
n06862	n09607
n06863	n08308
n06864	n07909
n06867	n05451
n06867	n09609
n06867	n09614
n06868	n03659
n06868	n04322
n06868	n05577
n06870	n04415
n06870	n04512
n06870	n05328
n06870	n05467
n06871	n08045
n06872	n04990
n06872	n05314
n06872	n05826
n06872	n09607
n06873	n04978
n06873	n04979
n06873	n05188
n06873	n05297
n06873	n05299
n06873	n05300
n06873	n05416
n06873	n05418
n06873	n05420
n06873	n05421
n06873	n05680
n06873	n05799
n06873	n05802
n06873	n05932
n06873	n05933
n06873	n05935
n06873	n06200
n06873	n06201
n06873	n06345
n06873	n06346
n06873	n06347
n06873	n06349
n06873	n06497
n06873	n06498
n06873	n06637
n06873	n06638
n06873	n06639
n06873	n06803
n06873	n07477
n06873	n07648
n06874	n04915
n06875	n05333
n06876	n07043
n06877	n07937
n06877	n09390
n06878	n07520
n06878	n07524
n06878	n09122
n06878	n09601
n06879	n04428
n06879	n05302
n06879	n05421
n06879	n05678
n06879	n05800
n06879	n08676
n06880	n04049
n06880	n05454
n06880	n05812
n06880	n09617
n06881	n09370
n06881	n09612
n06882	n04710
n06882	n09610
n06882	n09617
n06883	n03597
n06883	n05321
n06884	n08892
n06884	n09612
n06884	n09614
n06885	n06388
n06886	n00049
n06887	n00030
n06887	n00518
n06887	n00526
n06888	n05858
n06889	n04712
n06889	n08758
n06890	n03959
n06890	n05968
n06890	n09142
n06891	n04507
n06892	n08539
n06892	n09606
n06893	n04811
n06893	n06101
n06894	n04161
n06894	n04447
n06894	n04715
n06894	n04996
n06895	n02955
n06895	n06532
n06895	n09606
n06896	n04745
n06896	n07479
n06897	n03038
n06897	n08723
n06898	n04979
n06898	n05188
n06898	n05299
n06898	n05302
n06898	n05416
n06898	n05417
n06898	n05419
n06898	n05679
n06898	n05680
n06898	n05800
n06898	n05801
n06898	n05803
n06898	n05932
n06898	n06198
n06898	n06202
n06898	n06346
n06898	n06347
n06898	n06348
n06898	n06349
n06898	n06350
n06898	n06636
n06898	n06638
n06898	n06639
n06898	n06802
n06898	n06803
n06898	n07146
n06898	n07290
n06898	n07291
n06898	n07477
n06898	n07480
n06898	n07648
n06898	n07853
n06898	n07855
n06898	n08254
n06899	n04172
n06900	n01823
n06900	n09611
n06900	n09617
n06901	n04510
n06902	n03677
n06902	n05026
n06902	n05421
n06903	n04808
n06904	n03388
n06904	n03963
n06904	n09123
n06904	n09370
n06905	n09370
n06906	n04233
n06906	n08458
n06907	n04140
n06907	n04815
n06907	n07326
n06907	n09606
n06908	n04829
n06908	n06252
n06908	n08762
n06909	n03609
n06909	n05799
n06909	n06998
n06909	n07145
n06909	n08047
n06910	n04245
n06910	n04839
n06911	n01177
n06911	n02395
n06911	n03957
n06911	n09367
n06912	n03028
n06912	n03668
n06912	n03848
n06912	n04047
n06912	n09370
n06913	n02301
n06914	n04978
n06914	n05297
n06914	n05298
n06914	n05302
n06914	n05417
n06914	n05418
n06914	n05421
n06914	n05678
n06914	n05679
n06914	n05805
n06914	n05931
n06914	n05932
n06914	n06059
n06914	n06198
n06914	n06200
n06914	n06344
n06914	n06347
n06914	n06497
n06914	n06498
n06914	n06499
n06914	n06636
n06914	n06637
n06914	n06639
n06914	n06801
n06914	n06802
n06914	n06998
n06914	n07145
n06914	n07290
n06914	n07476
n06914	n07477
n06914	n07478
n06914	n07479
n06914	n07645
n06914	n07853
n06914	n07854
n06914	n08047
n06914	n08254
n06914	n08676
n06915	n09604
n06916	n00190
n06916	n09122
n06917	n04978
n06917	n05188
n06917	n05297
n06917	n05298
n06917	n05299
n06917	n05300
n06917	n05301
n06917	n05302
n06917	n05417
n06917	n05418
n06917	n05419
n06917	n05420
n06917	n05421
n06917	n05678
n06917	n05679
n06917	n05680
n06917	n05799
n06917	n05800
n06917	n05801
n06917	n05802
n06917	n05803
n06917	n05931
n06917	n05933
n06917	n05934
n06917	n05935
n06917	n06059
n06917	n06198
n06917	n06199
n06917	n06200
n06917	n06201
n06917	n06202
n06917	n06344
n06917	n06345
n06917	n06346
n06917	n06347
n06917	n06348
n06917	n06349
n06917	n06350
n06917	n06497
n06917	n06498
n06917	n06636
n06917	n06637
n06917	n06638
n06917	n06639
n06917	n06640
n06917	n06801
n06917	n06804
n06917	n07145
n06917	n07146
n06917	n07147
n06917	n07289
n06917	n07290
n06917	n07291
n06917	n07476
n06917	n07480
n06917	n07645
n06917	n07646
n06917	n07648
n06917	n07853
n06917	n07854
n06917	n08047
n06919	n07935
n06920	n03383
n06920	n06717
n06921	n08045
n06921	n09121
n06921	n09122
n06922	n08751
n06923	n09118
n06924	n03660
n06924	n03676
n06924	n05800
n06924	n05802
n06924	n05804
n06924	n05805
n06924	n05997
n06924	n06201
n06924	n07146
n06924	n07289
n06924	n08047
n06924	n08677
n06924	n08891
n06925	n09125
n06925	n09367
n06927	n04614
n06927	n07376
n06928	n09072
n06928	n09123
n06929	n05188
n06929	n05416
n06929	n05421
n06929	n05551
n06929	n05680
n06929	n05800
n06929	n05801
n06929	n05803
n06929	n05805
n06929	n05932
n06929	n05935
n06929	n06059
n06929	n06198
n06929	n06199
n06929	n06200
n06929	n06201
n06929	n06344
n06929	n06348
n06929	n06349
n06929	n06498
n06929	n06638
n06929	n06639
n06929	n06804
n06930	n05297
n06930	n05421
n06930	n06059
n06930	n06198
n06930	n06199
n06930	n06344
n06930	n06348
n06931	n05299
n06931	n05420
n06931	n06349
n06931	n06803
n06931	n07146
n06931	n09241
n06932	n06347
n06932	n07289
n06932	n07290
n06932	n07478
n06932	n07480
n06932	n07504
n06932	n08254
n06935	n09604
n06937	n07351
n06938	n00182
n06938	n00888
n06938	n05420
n06939	n05552
n06939	n09602
n06939	n09604
n06939	n09605
n06939	n09654
n06940	n05615
n06940	n08045
n06940	n09608
n06941	n07060
n06941	n09610
n06942	n04005
n06943	n07057
n06943	n08675
n06943	n09122
n06943	n09364
n06943	n09604
n06944	n08892
n06944	n09610
n06944	n09612
n06944	n09615
n06944	n09616
n06945	n08045
n06945	n09121
n06945	n09371
n06945	n09602
n06947	n06017
n06947	n06445
n06947	n09483
n06948	n08893
n06948	n08894
n06948	n09125
n06948	n09370
n06950	n09612
n06950	n09613
n06951	n08893
n06951	n08894
n06952	n08684
n06953	n07364
n06954	n06135
n06954	n09259
n06955	n07480
n06955	n08677
n06955	n09747
n06957	n06143
n06957	n07648
n06958	n07942
n06958	n09363
n06959	n01839
n06960	n07649
n06960	n08890
n06960	n09603
n06960	n09607
n06961	n02541
n06961	n09120
n06961	n09364
n06961	n09365
n06961	n09605
n06962	n00106
n06962	n00583
n06962	n02402
n06962	n04124
n06963	n08279
n06963	n08893
n06963	n09125
n06963	n09364
n06963	n09367
n06963	n09368
n06963	n09369
n06963	n09609
n06963	n09613
n06963	n09617
n06964	n08458
n06966	n06588
n06966	n09120
n06967	n02875
n06968	n02806
n06968	n09121
n06968	n09362
n06968	n09602
n06969	n04831
n06969	n05824
n06969	n05931
n06969	n06346
n06969	n06706
n06969	n07369
n06969	n07853
n06970	n05326
n06970	n05472
n06970	n09616
n06971	n04742
n06971	n07892
n06971	n09602
n06971	n09603
n06971	n09605
n06972	n09118
n06973	n03883
n06973	n06711
n06974	n03784
n06974	n08045
n06974	n09602
n06975	n01059
n06975	n09754
n06976	n02549
n06976	n08124
n06976	n08890
n06976	n09602
n06976	n09603
n06977	n00561
n06977	n09120
n06978	n05257
n06978	n07427
n06978	n09121
n06978	n09365
n06978	n09602
n06979	n08045
n06979	n09119
n06979	n09605
n06979	n09607
n06980	n06718
n06980	n06719
n06980	n09119
n06980	n09364
n06980	n09601
n06980	n09602
n06980	n09605
n06981	n00951
n06981	n05300
n06981	n05419
n06981	n05680
n06981	n05799
n06981	n06059
n06981	n06201
n06981	n06639
n06981	n07853
n06981	n08048
n06982	n06346
n06982	n07777
n06983	n06876
n06984	n04832
n06984	n06404
n06985	n04242
n06986	n02878
n06986	n09364
n06987	n03884
n06987	n08458
n06988	n03782
n06988	n04641
n06988	n07568
n06989	n03055
n06989	n04878
n06989	n06595
n06989	n09606
n06990	n02668
n06990	n09605
n06990	n09606
n06991	n08551
n06991	n09122
n06991	n09364
n06991	n09605
n06992	n06583
n06992	n09608
n06993	n08381
n06994	n05038
n06995	n08392
n06996	n02299
n06996	n08892
n06996	n09610
n06997	n03793
n06997	n06263
n06997	n08892
n06997	n09368
n06997	n09609
n06997	n09613
n06999	n03837
n06999	n04018
n06999	n04019
n07000	n06206
n07000	n06354
n07002	n04203
n07003	n05681
n07003	n06805
n07003	n07295
n07003	n08680
n07004	n08055
n07004	n08675
n07005	n06815
n07007	n06658
n07008	n09388
n07009	n08922
n07010	n07481
n07010	n08691
n07011	n09128
n07012	n04986
n07013	n06222
n07014	n04400
n07015	n04392
n07015	n06351
n07016	n07675
n07016	n07869
n07017	n08060
n07018	n03506
n07018	n04118
n07020	n08482
n07021	n07161
n07022	n06366
n07023	n09118
n07024	n07499
n07024	n07662
n07024	n09123
n07024	n09366
n07024	n09610
n07024	n09611
n07025	n08508
n07026	n04609
n07026	n05207
n07026	n09367
n07027	n08280
n07027	n09125
n07028	n06366
n07029	n04978
n07029	n04979
n07029	n05188
n07029	n05297
n07029	n05299
n07029	n05300
n07029	n05302
n07029	n05416
n07029	n05418
n07029	n05419
n07029	n05421
n07029	n05551
n07029	n05678
n07029	n05800
n07029	n05802
n07029	n05805
n07029	n05931
n07029	n05934
n07029	n05935
n07029	n06059
n07029	n06198
n07029	n06199
n07029	n06347
n07029	n06350
n07029	n06499
n07029	n06636
n07029	n06639
n07029	n06802
n07029	n06803
n07029	n06804
n07029	n06998
n07029	n07147
n07029	n07290
n07029	n07291
n07030	n05417
n07030	n05431
n07030	n05678
n07030	n05804
n07030	n06199
n07030	n06803
n07031	n08495
n07032	n04978
n07032	n04979
n07032	n05188
n07032	n05297
n07032	n05299
n07032	n05300
n07032	n05301
n07032	n05302
n07032	n05416
n07032	n05417
n07032	n05419
n07032	n05420
n07032	n05421
n07032	n05678
n07032	n05679
n07032	n05680
n07032	n05800
n07032	n05801
n07032	n05802
n07032	n05803
n07032	n05804
n07032	n05805
n07032	n05932
n07032	n05934
n07032	n05935
n07032	n06059
n07032	n06198
n07032	n06199
n07032	n06200
n07032	n06201
n07032	n06202
n07032	n06344
n07032	n06345
n07032	n06346
n07032	n06348
n07032	n06350
n07032	n06497
n07032	n06498
n07032	n06499
n07032	n06637
n07032	n06638
n07032	n06801
n07032	n06803
n07032	n06804
n07032	n07146
n07032	n07147
n07032	n07289
n07032	n07290
n07032	n07480
n07032	n07646
n07032	n07647
n07032	n07648
n07032	n07854
n07032	n07855
n07032	n08046
n07032	n08048
n07032	n08254
n07033	n05432
n07033	n06831
n07034	n05102
n07034	n05698
n07034	n09366
n07034	n09368
n07034	n09369
n07034	n09614
n07035	n04596
n07035	n05954
n07036	n09666
n07037	n02399
n07037	n06639
n07038	n03509
n07038	n04698
n07038	n04701
n07038	n04708
n07038	n09606
n07039	n04406
n07039	n06676
n07039	n09396
n07040	n04028
n07040	n04215
n07041	n03840
n07041	n04211
n07041	n04397
n07041	n05307
n07041	n05312
n07041	n05696
n07041	n09606
n07042	n07323
n07043	n03239
n07043	n03508
n07043	n03750
n07043	n04208
n07044	n04703
n07045	n07338
n07045	n07699
n07045	n09602
n07046	n03461
n07047	n04224
n07047	n04713
n07047	n07031
n07048	n05832
n07048	n09602
n07050	n06113
n07050	n06868
n07050	n09122
n07050	n09364
n07051	n06113
n07051	n06868
n07052	n04327
n07052	n06377
n07054	n08103
n07057	n05855
n07058	n03850
n07059	n05217
n07059	n05298
n07059	n05418
n07059	n05802
n07059	n05934
n07059	n06636
n07059	n06803
n07059	n06998
n07059	n07476
n07059	n07647
n07059	n07648
n07059	n08891
n07060	n00892
n07060	n09609
n07061	n08953
n07062	n04415
n07062	n04512
n07062	n05328
n07062	n05467
n07062	n07308
n07062	n09363
n07063	n08458
n07064	n04519
n07064	n05620
n07064	n05842
n07064	n05859
n07065	n05750
n07066	n09602
n07066	n09603
n07067	n08458
n07067	n09118
n07067	n09606
n07068	n06717
n07069	n04142
n07070	n02971
n07070	n03953
n07070	n08309
n07070	n09367
n07071	n05844
n07071	n06346
n07071	n07854
n07071	n08677
n07072	n06353
n07072	n06376
n07072	n09613
n07073	n01823
n07073	n09611
n07073	n09613
n07073	n09616
n07074	n04172
n07075	n04510
n07076	n00088
n07076	n06887
n07077	n02867
n07077	n05931
n07077	n06802
n07078	n09487
n07078	n09610
n07079	n03844
n07079	n07908
n07079	n08951
n07080	n02280
n07080	n04316
n07081	n03164
n07081	n06860
n07082	n05830
n07082	n09119
n07082	n09603
n07083	n03590
n07083	n04618
n07083	n06097
n07084	n03260
n07084	n06839
n07085	n04510
n07086	n08894
n07086	n09124
n07086	n09367
n07086	n09612
n07086	n09614
n07086	n09615
n07087	n00049
n07087	n09363
n07088	n08533
n07088	n09471
n07088	n09608
n07089	n04978
n07089	n05188
n07089	n05298
n07089	n05299
n07089	n05300
n07089	n05302
n07089	n05416
n07089	n05418
n07089	n05419
n07089	n05421
n07089	n05801
n07089	n05803
n07089	n05804
n07089	n05933
n07089	n05935
n07089	n06198
n07089	n06200
n07089	n06201
n07089	n06344
n07089	n06349
n07089	n06350
n07089	n06499
n07089	n06637
n07089	n06638
n07089	n06801
n07089	n06803
n07089	n06998
n07089	n07147
n07089	n07290
n07089	n07477
n07089	n07478
n07089	n07646
n07089	n07648
n07090	n07926
n07091	n07053
n07092	n04808
n07092	n07705
n07093	n06000
n07094	n04233
n07094	n08893
n07094	n09124
n07094	n09125
n07094	n09366
n07094	n09614
n07095	n06899
n07095	n08601
n07096	n08174
n07097	n00068
n07097	n09235
n07098	n04629
n07098	n06277
n07098	n09120
n07098	n09605
n07099	n03667
n07099	n06871
n07099	n09119
n07099	n09120
n07099	n09362
n07099	n09601
n07099	n09607
n07100	n09198
n07100	n09362
n07100	n09601
n07100	n09602
n07101	n08045
n07101	n08890
n07101	n09603
n07102	n05245
n07102	n06270
n07102	n09120
n07103	n04930
n07103	n05301
n07103	n05678
n07103	n05805
n07103	n06059
n07103	n06344
n07103	n06350
n07103	n06804
n07103	n07145
n07103	n07291
n07103	n07647
n07103	n08046
n07103	n08047
n07103	n08254
n07104	n05138
n07104	n05935
n07104	n07059
n07104	n07853
n07105	n08701
n07106	n02428
n07106	n05125
n07106	n06528
n07107	n03660
n07107	n05363
n07107	n05800
n07107	n05802
n07107	n05804
n07107	n05805
n07107	n06201
n07107	n07853
n07107	n08046
n07109	n04257
n07109	n06198
n07109	n06200
n07109	n06499
n07110	n08754
n07110	n09363
n07111	n01665
n07111	n03768
n07111	n04910
n07111	n09614
n07112	n04457
n07112	n09524
n07113	n09774
n07115	n03326
n07115	n08458
n07115	n09606
n07116	n08142
n07116	n08890
n07116	n09362
n07116	n09602
n07116	n09603
n07116	n09607
n07117	n02950
n07117	n03339
n07117	n03463
n07118	n04535
n07118	n09065
n07119	n08458
n07119	n09606
n07120	n04978
n07120	n04979
n07120	n05297
n07120	n05298
n07120	n05299
n07120	n05301
n07120	n05416
n07120	n05417
n07120	n05418
n07120	n05419
n07120	n05420
n07120	n05551
n07120	n05678
n07120	n05680
n07120	n05799
n07120	n05800
n07120	n05801
n07120	n05802
n07120	n05803
n07120	n05805
n07120	n05931
n07120	n05932
n07120	n05933
n07120	n05935
n07120	n06059
n07120	n06199
n07120	n06200
n07120	n06201
n07120	n06202
n07120	n06344
n07120	n06350
n07120	n06497
n07120	n06499
n07120	n06636
n07120	n06637
n07120	n06638
n07120	n06639
n07120	n06998
n07120	n07145
n07120	n07289
n07120	n07291
n07120	n07476
n07120	n07646
n07120	n07648
n07120	n07853
n07120	n07854
n07120	n08046
n07120	n08676
n07121	n04685
n07121	n08589
n07122	n05251
n07122	n09365
n07122	n09601
n07123	n00556
n07123	n09399
n07125	n07853
n07125	n08595
n07126	n06279
n07127	n08045
n07127	n09120
n07127	n09121
n07127	n09362
n07127	n09603
n07128	n09601
n07128	n09605
n07129	n04165
n07129	n06638
n07129	n06801
n07129	n08254
n07129	n09118
n07130	n05188
n07130	n05301
n07130	n05804
n07130	n05931
n07130	n05933
n07130	n06114
n07130	n06199
n07130	n06345
n07130	n06350
n07130	n06499
n07130	n06636
n07130	n06749
n07130	n07145
n07130	n07147
n07130	n07853
n07131	n06637
n07131	n08675
n07132	n03981
n07133	n04650
n07133	n05801
n07133	n06344
n07133	n06636
n07133	n06639
n07133	n06803
n07133	n06998
n07133	n07477
n07134	n05235
n07135	n04042
n07135	n05734
n07135	n09367
n07136	n06999
n07137	n00121
n07137	n02858
n07137	n09608
n07138	n01638
n07138	n04637
n07138	n09120
n07138	n09122
n07138	n09607
n07139	n00538
n07139	n00560
n07140	n05489
n07141	n08045
n07141	n08675
n07141	n09608
n07142	n09367
n07143	n09121
n07143	n09601
n07143	n09605
n07143	n09607
n07144	n05372
n07144	n09118
n07144	n09363
n07149	n08466
n07150	n04396
n07150	n05303
n07150	n05688
n07151	n08458
n07151	n09363
n07152	n09119
n07152	n09120
n07152	n09122
n07152	n09134
n07152	n09362
n07152	n09365
n07152	n09604
n07153	n04399
n07153	n04693
n07153	n05305
n07153	n05686
n07153	n07304
n07154	n08468
n07154	n08687
n07155	n09119
n07155	n09120
n07155	n09122
n07155	n09134
n07155	n09362
n07155	n09365
n07155	n09604
n07156	n07152
n07156	n07155
n07157	n09121
n07157	n09122
n07157	n09365
n07157	n09601
n07157	n09602
n07157	n09605
n07158	n07488
n07159	n08481
n07160	n09608
n07162	n04892
n07162	n05694
n07163	n07005
n07164	n06366
n07165	n06826
n07166	n05558
n07166	n05947
n07166	n06068
n07166	n09121
n07167	n09118
n07167	n09158
n07168	n05212
n07169	n07691
n07170	n04230
n07170	n04729
n07171	n07653
n07171	n09616
n07172	n03509
n07172	n04698
n07172	n04701
n07172	n04708
n07172	n09155
n07172	n09606
n07173	n06661
n07174	n04316
n07175	n08991
n07176	n08894
n07176	n09617
n07177	n06086
n07177	n09119
n07178	n07330
n07178	n09364
n07178	n09602
n07179	n08045
n07179	n08675
n07179	n08890
n07179	n09601
n07179	n09608
n07180	n05579
n07180	n09603
n07181	n09678
n07182	n05317
n07182	n09369
n07183	n05325
n07183	n06345
n07184	n05213
n07185	n09118
n07186	n03509
n07186	n04698
n07186	n04701
n07186	n04708
n07186	n06672
n07187	n03089
n07187	n04036
n07187	n05569
n07187	n09125
n07187	n09370
n07188	n05583
n07188	n09364
n07189	n01822
n07189	n02638
n07189	n05566
n07191	n04710
n07192	n04030
n07192	n06684
n07192	n09121
n07192	n09601
n07193	n09701
n07194	n08458
n07194	n09118
n07194	n09363
n07194	n09606
n07194	n09618
n07195	n07522
n07196	n03449
n07196	n03666
n07196	n09184
n07197	n04978
n07197	n05931
n07197	n06344
n07197	n06637
n07197	n06802
n07197	n08677
n07197	n09709
n07198	n02958
n07198	n03307
n07198	n05416
n07198	n06499
n07200	n06369
n07200	n07397
n07200	n09120
n07200	n09121
n07201	n06847
n07202	n08276
n07204	n02938
n07204	n09362
n07204	n09607
n07205	n06530
n07206	n04904
n07207	n08045
n07207	n09119
n07207	n09122
n07207	n09605
n07208	n07368
n07209	n08894
n07209	n09367
n07209	n09368
n07209	n09609
n07209	n09611
n07209	n09613
n07209	n09614
n07209	n09617
n07210	n07318
n07210	n09613
n07210	n09616
n07211	n08102
n07212	n05710
n07212	n06516
n07212	n08458
n07213	n06272
n07213	n07476
n07213	n07645
n07214	n05020
n07214	n09601
n07215	n04814
n07215	n04978
n07215	n07183
n07215	n08892
n07215	n09370
n07216	n06254
n07217	n04927
n07217	n08560
n07218	n04207
n07219	n05297
n07219	n05299
n07219	n05300
n07219	n05301
n07219	n05551
n07219	n05801
n07219	n05933
n07219	n05935
n07219	n06344
n07219	n06345
n07219	n06350
n07219	n06497
n07219	n06498
n07219	n06499
n07219	n06637
n07219	n06638
n07219	n06639
n07219	n06801
n07219	n06804
n07219	n07146
n07219	n07147
n07219	n08677
n07220	n06898
n07220	n06998
n07220	n07478
n07220	n07647
n07220	n07854
n07220	n08047
n07220	n08676
n07221	n04911
n07224	n05297
n07224	n05298
n07224	n05299
n07224	n05302
n07224	n05419
n07224	n05421
n07224	n05551
n07224	n05678
n07224	n05679
n07224	n05799
n07224	n05801
n07224	n05802
n07224	n05805
n07224	n05934
n07224	n05935
n07224	n06198
n07224	n06497
n07224	n06637
n07224	n06801
n07224	n06802
n07224	n07146
n07224	n07479
n07224	n07646
n07224	n07854
n07225	n06878
n07225	n07358
n07225	n08327
n07226	n05803
n07226	n06803
n07226	n07854
n07226	n07928
n07227	n04210
n07227	n05739
n07227	n06396
n07227	n07853
n07227	n08087
n07227	n08676
n07227	n09120
n07227	n09365
n07227	n09608
n07228	n05297
n07228	n05302
n07228	n05678
n07228	n05800
n07228	n05803
n07228	n05934
n07228	n06344
n07228	n06710
n07228	n06802
n07228	n07291
n07228	n07648
n07228	n08891
n07229	n02652
n07229	n03030
n07229	n09122
n07229	n09601
n07230	n06412
n07230	n06673
n07230	n08894
n07230	n09617
n07231	n03526
n07232	n03672
n07232	n04716
n07232	n05992
n07233	n06497
n07233	n06636
n07233	n06638
n07233	n06804
n07233	n07735
n07234	n03044
n07234	n03770
n07235	n04728
n07236	n04629
n07236	n06277
n07237	n06875
n07237	n09366
n07238	n07318
n07238	n09125
n07238	n09613
n07238	n09616
n07239	n04978
n07239	n05300
n07239	n05302
n07239	n05417
n07239	n05418
n07239	n05419
n07239	n05420
n07239	n05421
n07239	n05551
n07239	n05679
n07239	n05680
n07239	n05799
n07239	n05801
n07239	n05803
n07239	n05804
n07239	n05931
n07239	n05932
n07239	n05933
n07239	n05934
n07239	n05935
n07239	n06059
n07239	n06198
n07239	n06199
n07239	n06200
n07239	n06201
n07239	n06202
n07239	n06345
n07239	n06347
n07239	n06348
n07239	n06349
n07239	n06497
n07239	n06499
n07239	n06636
n07239	n06637
n07239	n06638
n07239	n06639
n07239	n06640
n07239	n06801
n07239	n06802
n07239	n06804
n07239	n07145
n07239	n07147
n07239	n07289
n07239	n07291
n07239	n07476
n07239	n07477
n07239	n07480
n07239	n07645
n07239	n07646
n07239	n07648
n07239	n07855
n07239	n08891
n07240	n02401
n07240	n06542
n07240	n09604
n07241	n00932
n07241	n02647
n07241	n09123
n07241	n09609
n07242	n05121
n07242	n07173
n07242	n07535
n07242	n08980
n07243	n02148
n07243	n04045
n07243	n08675
n07244	n03872
n07244	n05419
n07244	n05551
n07244	n05805
n07244	n06198
n07244	n07147
n07245	n06708
n07246	n02150
n07246	n02646
n07247	n08493
n07247	n09135
n07248	n05680
n07248	n06134
n07248	n06998
n07248	n09609
n07249	n04638
n07250	n09118
n07251	n09601
n07252	n08893
n07253	n08754
n07254	n02865
n07254	n09121
n07255	n07859
n07255	n09118
n07256	n07016
n07256	n08803
n07256	n08936
n07257	n03783
n07258	n01189
n07258	n09122
n07259	n01835
n07259	n09124
n07259	n09364
n07260	n08610
n07261	n08766
n07262	n03326
n07263	n04716
n07263	n07761
n07264	n02655
n07264	n04979
n07264	n05299
n07264	n05302
n07264	n06498
n07264	n06586
n07264	n06639
n07264	n06802
n07264	n07145
n07264	n07290
n07264	n07477
n07264	n07648
n07265	n08045
n07265	n09122
n07265	n09362
n07265	n09364
n07265	n09601
n07265	n09604
n07266	n09366
n07266	n09367
n07266	n09368
n07266	n09369
n07266	n09609
n07266	n09612
n07266	n09617
n07267	n04978
n07267	n04979
n07267	n05188
n07267	n05298
n07267	n05299
n07267	n05301
n07267	n05416
n07267	n05417
n07267	n05418
n07267	n05420
n07267	n05679
n07267	n05680
n07267	n05799
n07267	n05800
n07267	n05801
n07267	n05802
n07267	n05804
n07267	n05805
n07267	n05931
n07267	n05932
n07267	n05933
n07267	n06059
n07267	n06200
n07267	n06202
n07267	n06346
n07267	n06347
n07267	n06348
n07267	n06349
n07267	n06497
n07267	n06498
n07267	n06499
n07267	n06636
n07267	n06639
n07267	n06640
n07267	n06801
n07267	n06803
n07267	n06804
n07267	n07146
n07267	n07147
n07267	n07479
n07267	n07480
n07267	n08254
n07268	n04978
n07268	n04979
n07268	n05298
n07268	n05299
n07268	n05420
n07268	n05802
n07268	n05803
n07268	n05804
n07268	n05931
n07268	n05935
n07268	n06198
n07268	n06345
n07268	n06350
n07268	n06497
n07268	n06636
n07268	n06639
n07268	n06804
n07268	n07147
n07268	n07476
n07268	n08677
n07269	n08606
n07270	n04847
n07270	n09120
n07270	n09608
n07271	n01456
n07271	n06812
n07271	n07156
n07272	n04979
n07272	n05300
n07272	n05301
n07272	n05416
n07272	n05417
n07272	n05418
n07272	n05551
n07272	n05678
n07272	n05680
n07272	n05799
n07272	n05800
n07272	n05801
n07272	n05802
n07272	n05931
n07272	n05933
n07272	n06198
n07272	n06199
n07272	n06200
n07272	n06344
n07272	n06345
n07272	n06346
n07272	n06347
n07272	n06348
n07272	n06349
n07272	n06350
n07272	n06497
n07272	n06498
n07272	n06636
n07272	n06637
n07272	n06638
n07272	n06640
n07272	n06802
n07272	n06803
n07272	n07145
n07272	n07147
n07272	n07477
n07272	n07647
n07272	n07855
n07272	n08048
n07273	n04432
n07273	n08589
n07274	n04231
n07274	n05001
n07274	n05040
n07274	n05243
n07274	n05318
n07274	n05837
n07275	n08045
n07275	n08890
n07275	n09119
n07275	n09362
n07275	n09364
n07275	n09601
n07275	n09603
n07275	n09604
n07276	n08857
n07277	n00535
n07277	n07098
n07277	n07236
n07277	n09505
n07278	n05297
n07278	n05298
n07278	n05418
n07278	n05419
n07278	n05680
n07278	n05803
n07278	n05804
n07278	n05805
n07278	n05934
n07278	n06059
n07278	n06199
n07278	n06200
n07278	n06201
n07278	n06344
n07278	n06349
n07278	n06497
n07278	n06638
n07278	n06801
n07278	n06803
n07278	n06804
n07278	n07478
n07278	n07646
n07278	n07647
n07278	n07854
n07278	n08254
n07278	n08676
n07278	n08677
n07279	n03120
n07279	n08045
n07280	n04094
n07280	n05299
n07280	n06345
n07280	n06347
n07280	n06350
n07280	n06801
n07280	n06803
n07280	n07146
n07280	n08048
n07281	n05020
n07281	n08702
n07281	n09119
n07281	n09364
n07281	n09601
n07282	n02982
n07282	n03612
n07282	n05417
n07282	n05551
n07282	n07145
n07282	n07478
n07283	n01660
n07284	n05597
n07284	n07916
n07284	n08894
n07284	n09609
n07285	n04433
n07285	n04535
n07285	n04636
n07285	n09613
n07286	n02407
n07286	n09118
n07287	n00131
n07288	n01449
n07288	n03384
n07288	n09120
n07292	n03741
n07292	n03934
n07292	n06199
n07293	n08462
n07294	n04887
n07294	n08675
n07294	n08676
n07295	n09374
n07296	n07859
n07297	n05938
n07297	n06506
n07298	n08892
n07298	n08893
n07298	n08894
n07298	n09123
n07298	n09124
n07298	n09125
n07298	n09367
n07298	n09611
n07298	n09612
n07298	n09615
n07299	n03579
n07299	n03838
n07300	n03938
n07300	n04307
n07300	n04395
n07300	n05430
n07301	n03234
n07301	n05943
n07301	n06211
n07302	n08057
n07302	n08262
n07302	n08475
n07303	n07662
n07303	n09123
n07303	n09124
n07303	n09366
n07303	n09610
n07303	n09611
n07304	n09381
n07305	n04692
n07305	n07864
n07307	n09384
n07308	n07010
n07309	n09652
n07310	n05689
n07311	n03746
n07311	n03841
n07311	n04024
n07311	n06365
n07312	n05432
n07312	n06831
n07313	n06638
n07313	n08694
n07315	n03376
n07315	n08923
n07316	n07310
n07316	n07671
n07317	n00860
n07317	n01162
n07317	n01411
n07317	n02267
n07318	n07498
n07319	n06086
n07320	n05819
n07321	n06224
n07321	n06348
n07322	n07023
n07322	n08486
n07323	n06511
n07324	n08062
n07326	n05822
n07327	n03581
n07327	n04800
n07328	n03655
n07328	n04025
n07329	n05212
n07330	n07687
n07331	n05822
n07331	n07296
n07332	n05963
n07334	n04318
n07334	n04606
n07334	n06518
n07334	n08698
n07334	n09366
n07334	n09613
n07335	n07169
n07336	n09170
n07336	n09370
n07337	n05297
n07337	n05834
n07339	n06824
n07340	n04315
n07340	n07146
n07341	n01414
n07341	n03248
n07341	n03661
n07341	n03678
n07341	n03763
n07341	n05329
n07341	n05567
n07341	n08104
n07342	n03089
n07342	n04036
n07342	n05569
n07342	n09123
n07344	n04990
n07344	n05314
n07344	n05826
n07344	n08488
n07344	n09601
n07345	n08045
n07346	n05558
n07346	n05947
n07346	n06068
n07347	n02747
n07347	n09176
n07348	n01980
n07348	n03091
n07349	n05815
n07349	n06640
n07349	n06828
n07349	n07289
n07349	n07645
n07350	n03580
n07350	n08890
n07350	n09603
n07352	n09430
n07353	n09118
n07354	n06530
n07354	n08890
n07354	n09362
n07354	n09603
n07355	n07877
n07355	n09601
n07356	n07909
n07356	n08310
n07357	n03449
n07357	n03666
n07357	n09613
n07358	n03665
n07358	n04044
n07358	n07524
n07358	n09601
n07359	n03373
n07359	n03664
n07359	n04029
n07359	n04217
n07359	n04219
n07360	n07022
n07360	n09119
n07360	n09364
n07361	n04123
n07361	n07164
n07361	n08675
n07361	n09364
n07362	n04121
n07362	n06688
n07364	n06696
n07365	n04421
n07365	n05981
n07365	n06521
n07366	n02752
n07366	n05589
n07367	n05679
n07367	n05974
n07367	n06059
n07368	n06381
n07369	n06553
n07369	n07714
n07370	n07218
n07370	n08893
n07371	n04161
n07371	n04447
n07371	n04715
n07371	n09501
n07371	n09607
n07372	n05725
n07372	n09118
n07373	n07317
n07373	n09680
n07374	n06347
n07374	n07899
n07375	n06857
n07376	n04426
n07377	n00123
n07378	n07041
n07378	n09420
n07379	n05095
n07379	n05975
n07380	n05718
n07382	n05967
n07382	n09362
n07383	n08810
n07384	n04228
n07385	n09120
n07385	n09122
n07385	n09605
n07386	n00873
n07386	n04523
n07387	n08045
n07387	n08890
n07387	n09601
n07388	n05595
n07388	n08997
n07389	n09458
n07390	n07533
n07390	n09606
n07391	n04978
n07391	n04979
n07391	n05188
n07391	n05300
n07391	n05301
n07391	n05417
n07391	n05419
n07391	n05551
n07391	n05679
n07391	n05799
n07391	n05800
n07391	n05802
n07391	n05804
n07391	n05931
n07391	n05932
n07391	n05934
n07391	n05935
n07391	n06198
n07391	n06201
n07391	n06344
n07391	n06346
n07391	n06347
n07391	n06499
n07391	n06802
n07391	n06804
n07391	n07146
n07391	n07290
n07391	n07478
n07391	n07479
n07391	n07480
n07391	n07645
n07392	n05225
n07392	n09367
n07392	n09613
n07393	n05460
n07393	n07061
n07394	n08325
n07395	n05188
n07395	n05298
n07395	n05301
n07395	n05417
n07395	n05418
n07395	n05420
n07395	n05551
n07395	n05679
n07395	n05680
n07395	n05799
n07395	n05802
n07395	n05931
n07395	n06345
n07395	n06348
n07395	n06636
n07395	n06638
n07395	n06998
n07395	n07145
n07395	n07645
n07395	n07853
n07395	n07855
n07395	n08046
n07396	n08582
n07396	n09402
n07397	n04703
n07397	n07892
n07398	n00887
n07398	n02959
n07398	n03389
n07400	n09627
n07401	n05724
n07402	n07046
n07403	n07895
n07403	n09628
n07405	n03455
n07405	n06004
n07405	n09120
n07405	n09606
n07406	n01637
n07406	n01827
n07406	n03761
n07406	n04225
n07406	n04348
n07406	n05145
n07407	n05679
n07407	n06638
n07408	n04978
n07408	n05188
n07408	n05297
n07408	n05298
n07408	n05299
n07408	n05300
n07408	n05420
n07408	n05680
n07408	n05803
n07408	n05804
n07408	n05805
n07408	n05931
n07408	n05934
n07408	n06059
n07408	n06198
n07408	n06199
n07408	n06200
n07408	n06201
n07408	n06345
n07408	n06346
n07408	n06350
n07408	n06497
n07408	n06498
n07408	n06499
n07408	n06638
n07408	n06639
n07408	n06640
n07408	n06801
n07408	n06802
n07408	n06803
n07408	n06804
n07408	n06998
n07408	n07146
n07408	n07147
n07408	n07289
n07408	n07290
n07408	n07291
n07408	n07476
n07408	n07478
n07408	n07645
n07408	n07648
n07408	n07853
n07408	n07854
n07408	n07855
n07408	n08254
n07408	n08677
n07409	n04979
n07409	n05188
n07409	n05297
n07409	n05298
n07409	n05300
n07409	n05301
n07409	n05302
n07409	n05416
n07409	n05417
n07409	n05418
n07409	n05420
n07409	n05421
n07409	n05551
n07409	n05679
n07409	n05680
n07409	n05800
n07409	n05802
n07409	n05804
n07409	n05805
n07409	n05931
n07409	n05932
n07409	n05933
n07409	n05934
n07409	n05935
n07409	n06059
n07409	n06199
n07409	n06200
n07409	n06344
n07409	n06345
n07409	n06346
n07409	n06347
n07409	n06348
n07409	n06349
n07409	n06497
n07409	n06637
n07409	n06638
n07409	n06640
n07409	n06802
n07409	n06803
n07409	n06998
n07409	n07145
n07409	n07146
n07409	n07147
n07409	n07289
n07409	n07290
n07409	n07291
n07409	n07478
n07409	n07648
n07409	n07854
n07409	n08046
n07409	n08047
n07410	n08892
n07410	n09370
n07411	n03045
n07411	n03592
n07412	n06725
n07412	n09608
n07413	n03370
n07413	n03439
n07413	n03440
n07414	n08458
n07415	n08266
n07415	n08956
n07415	n09609
n07415	n09611
n07417	n03857
n07417	n04914
n07418	n05356
n07418	n09120
n07419	n02652
n07419	n03030
n07419	n09122
n07419	n09601
n07419	n09608
n07420	n06412
n07420	n06673
n07420	n09124
n07421	n06423
n07422	n04028
n07422	n05000
n07422	n05585
n07422	n08794
n07424	n09491
n07425	n08894
n07425	n09215
n07426	n03613
n07426	n05416
n07426	n05801
n07426	n05803
n07426	n06198
n07426	n06202
n07426	n06348
n07426	n06802
n07426	n06998
n07426	n07291
n07426	n07476
n07426	n07646
n07426	n07855
n07427	n05603
n07427	n08045
n07427	n09481
n07428	n06664
n07428	n07355
n07428	n08675
n07428	n09120
n07428	n09605
n07429	n03982
n07430	n08360
n07431	n04547
n07431	n05299
n07431	n06998
n07432	n09118
n07433	n02407
n07433	n09118
n07433	n09363
n07434	n01430
n07434	n09118
n07435	n05188
n07435	n05297
n07435	n05298
n07435	n05299
n07435	n05301
n07435	n05302
n07435	n05416
n07435	n05417
n07435	n05418
n07435	n05419
n07435	n05678
n07435	n05679
n07435	n05680
n07435	n05799
n07435	n05800
n07435	n05801
n07435	n05802
n07435	n05803
n07435	n05804
n07435	n05805
n07435	n05933
n07435	n05934
n07435	n06059
n07435	n06199
n07435	n06201
n07435	n06344
n07435	n06345
n07435	n06346
n07435	n06347
n07435	n06348
n07435	n06349
n07435	n06350
n07435	n06499
n07435	n06636
n07435	n06637
n07435	n06638
n07435	n06639
n07435	n06802
n07435	n06803
n07435	n06804
n07435	n06998
n07435	n07145
n07435	n07146
n07435	n07291
n07435	n07479
n07435	n07647
n07435	n07855
n07435	n08047
n07435	n08677
n07436	n05298
n07436	n05416
n07436	n05418
n07436	n05419
n07436	n05934
n07436	n06497
n07436	n06499
n07436	n07646
n07436	n09747
n07437	n09119
n07437	n09601
n07439	n09250
n07440	n04425
n07440	n07758
n07442	n04979
n07442	n05188
n07442	n05297
n07442	n05299
n07442	n05300
n07442	n05302
n07442	n05420
n07442	n05421
n07442	n05679
n07442	n05680
n07442	n05799
n07442	n05801
n07442	n05802
n07442	n05803
n07442	n05804
n07442	n05934
n07442	n05935
n07442	n06198
n07442	n06200
n07442	n06202
n07442	n06257
n07442	n06345
n07442	n06348
n07442	n06497
n07442	n06638
n07442	n06801
n07442	n06802
n07442	n06998
n07442	n07146
n07442	n07290
n07442	n07479
n07442	n07480
n07442	n07647
n07442	n08254
n07442	n08677
n07443	n04845
n07444	n08352
n07445	n06945
n07445	n09364
n07445	n09365
n07445	n09601
n07446	n06198
n07446	n06200
n07446	n06201
n07446	n06347
n07446	n06499
n07446	n06803
n07446	n08677
n07446	n08891
n07446	n08926
n07447	n05188
n07447	n05298
n07447	n05299
n07447	n05300
n07447	n05301
n07447	n05302
n07447	n05417
n07447	n05418
n07447	n05419
n07447	n05420
n07447	n05421
n07447	n05551
n07447	n05678
n07447	n05679
n07447	n05680
n07447	n05799
n07447	n05800
n07447	n05801
n07447	n05802
n07447	n05803
n07447	n05804
n07447	n05931
n07447	n05932
n07447	n05933
n07447	n05934
n07447	n06059
n07447	n06199
n07447	n06200
n07447	n06202
n07447	n06345
n07447	n06346
n07447	n06347
n07447	n06348
n07447	n06349
n07447	n06350
n07447	n06497
n07447	n06498
n07447	n06499
n07447	n06636
n07447	n06637
n07447	n06638
n07447	n06801
n07447	n06802
n07447	n06803
n07447	n06804
n07447	n06998
n07447	n07145
n07447	n07289
n07447	n07290
n07447	n07476
n07447	n07479
n07447	n07480
n07447	n07646
n07447	n07647
n07447	n07648
n07447	n07855
n07447	n08047
n07447	n08048
n07448	n04978
n07448	n04979
n07448	n05188
n07448	n05298
n07448	n05299
n07448	n05300
n07448	n05301
n07448	n05302
n07448	n05416
n07448	n05417
n07448	n05418
n07448	n05419
n07448	n05420
n07448	n05421
n07448	n05551
n07448	n05678
n07448	n05680
n07448	n05799
n07448	n05801
n07448	n05802
n07448	n05804
n07448	n05805
n07448	n05931
n07448	n05932
n07448	n05934
n07448	n06059
n07448	n06198
n07448	n06199
n07448	n06200
n07448	n06201
n07448	n06202
n07448	n06344
n07448	n06345
n07448	n06348
n07448	n06349
n07448	n06350
n07448	n06497
n07448	n06498
n07448	n06499
n07448	n06636
n07448	n06637
n07448	n06638
n07448	n06639
n07448	n06640
n07448	n06801
n07448	n06802
n07448	n06803
n07448	n06804
n07448	n07145
n07448	n07290
n07448	n07291
n07448	n07476
n07448	n07477
n07449	n06571
n07450	n06734
n07450	n09118
n07451	n08892
n07451	n09366
n07451	n09367
n07451	n09368
n07451	n09369
n07451	n09609
n07451	n09610
n07451	n09611
n07451	n09613
n07452	n08892
n07453	n03061
n07453	n06202
n07453	n06638
n07453	n07145
n07453	n07648
n07454	n02521
n07454	n05000
n07454	n05146
n07454	n09604
n07455	n05642
n07455	n09601
n07456	n08161
n07456	n09607
n07457	n06198
n07457	n06202
n07457	n06345
n07457	n06497
n07457	n07234
n07457	n07290
n07457	n08677
n07457	n09363
n07458	n02755
n07458	n03490
n07458	n05096
n07458	n09121
n07458	n09605
n07459	n08959
n07459	n09123
n07459	n09124
n07459	n09125
n07459	n09611
n07459	n09613
n07459	n09614
n07460	n06200
n07460	n09529
n07461	n03196
n07461	n03685
n07461	n04445
n07461	n05482
n07462	n03711
n07462	n09362
n07462	n09604
n07463	n02771
n07463	n03044
n07463	n06198
n07463	n06202
n07463	n06801
n07463	n07147
n07463	n07290
n07463	n07854
n07463	n08677
n07464	n04808
n07464	n05206
n07464	n09362
n07465	n02150
n07465	n02646
n07466	n02272
n07466	n03450
n07466	n09119
n07467	n02962
n07467	n08246
n07468	n08679
n07469	n04332
n07469	n04749
n07469	n05300
n07469	n05805
n07469	n05957
n07469	n06059
n07469	n06202
n07469	n06345
n07469	n07146
n07469	n07478
n07469	n07854
n07470	n09030
n07470	n09118
n07471	n07798
n07472	n03401
n07472	n05220
n07472	n06885
n07472	n07599
n07472	n08276
n07473	n02960
n07473	n03462
n07473	n09121
n07474	n06125
n07475	n06128
n07475	n06947
n07475	n08326
n07481	n08897
n07483	n05682
n07483	n07647
n07484	n05938
n07484	n06506
n07485	n04396
n07485	n05303
n07485	n05688
n07487	n08470
n07488	n04306
n07488	n04793
n07488	n04982
n07489	n04114
n07489	n05419
n07489	n06348
n07489	n07655
n07490	n03445
n07490	n03936
n07490	n04204
n07490	n04587
n07490	n04889
n07490	n05422
n07490	n05685
n07490	n05687
n07491	n09135
n07492	n07661
n07493	n04308
n07493	n04893
n07493	n05198
n07493	n05697
n07493	n06220
n07494	n07665
n07496	n06657
n07497	n07311
n07498	n05572
n07499	n08058
n07499	n08469
n07500	n05085
n07500	n05306
n07500	n07017
n07501	n05308
n07501	n09118
n07502	n05678
n07502	n07313
n07502	n07853
n07503	n03505
n07503	n08458
n07504	n07300
n07504	n07313
n07505	n06638
n07505	n09118
n07506	n06363
n07506	n09652
n07507	n08675
n07508	n06073
n07508	n06361
n07508	n08458
n07509	n03655
n07509	n04025
n07510	n05212
n07511	n08062
n07512	n09404
n07513	n06237
n07514	n08058
n07514	n08469
n07515	n07310
n07515	n09604
n07516	n06829
n07516	n07521
n07517	n09425
n07518	n09162
n07518	n09606
n07519	n09368
n07520	n06513
n07520	n08287
n07521	n03586
n07521	n06371
n07521	n08471
n07522	n06235
n07523	n09670
n07524	n05570
n07524	n05578
n07524	n06523
n07524	n07915
n07524	n09364
n07525	n09178
n07526	n04979
n07526	n05188
n07526	n05299
n07526	n05301
n07526	n05416
n07526	n05417
n07526	n05418
n07526	n05420
n07526	n05551
n07526	n05678
n07526	n05679
n07526	n05799
n07526	n05801
n07526	n05802
n07526	n05931
n07526	n05933
n07526	n06199
n07526	n06200
n07526	n06201
n07526	n06344
n07526	n06636
n07526	n06640
n07526	n06803
n07526	n06998
n07527	n08691
n07528	n03760
n07528	n05678
n07528	n05801
n07528	n06202
n07528	n06345
n07528	n06378
n07528	n06639
n07528	n06998
n07528	n07477
n07528	n07645
n07529	n06669
n07530	n05436
n07531	n05678
n07531	n06639
n07531	n07479
n07532	n06638
n07532	n09118
n07535	n06076
n07535	n06094
n07535	n09369
n07536	n09182
n07537	n03752
n07537	n09638
n07538	n03855
n07539	n08067
n07539	n08267
n07539	n08699
n07540	n05714
n07540	n09510
n07543	n08496
n07544	n08045
n07544	n09119
n07544	n09122
n07545	n03374
n07545	n03512
n07545	n07165
n07546	n06060
n07546	n08458
n07547	n03658
n07547	n04598
n07548	n05213
n07549	n09676
n07550	n08304
n07551	n03455
n07552	n03035
n07552	n09605
n07553	n04509
n07554	n08743
n07555	n06294
n07556	n03962
n07558	n04232
n07558	n05302
n07559	n04428
n07559	n05421
n07559	n06202
n07559	n07476
n07559	n08048
n07561	n08983
n07562	n05004
n07562	n05349
n07562	n06638
n07562	n07147
n07562	n07853
n07562	n07855
n07562	n08048
n07563	n05004
n07563	n05349
n07563	n06079
n07564	n04223
n07564	n04424
n07564	n08892
n07565	n02138
n07565	n02408
n07566	n08675
n07567	n09212
n07568	n04416
n07568	n09610
n07568	n09612
n07569	n05138
n07569	n07478
n07569	n08046
n07570	n08893
n07570	n09124
n07570	n09370
n07570	n09609
n07570	n09613
n07570	n09617
n07571	n05001
n07571	n05837
n07572	n02654
n07572	n09471
n07573	n08675
n07574	n03677
n07574	n04979
n07574	n05026
n07574	n05680
n07574	n05933
n07574	n07476
n07574	n07477
n07574	n07479
n07576	n03393
n07577	n01825
n07577	n01989
n07577	n06244
n07577	n07350
n07577	n09119
n07577	n09122
n07578	n05317
n07578	n07683
n07579	n07542
n07579	n09118
n07580	n08458
n07580	n09606
n07581	n09612
n07582	n06255
n07582	n09119
n07582	n09604
n07583	n05237
n07583	n09121
n07584	n04216
n07584	n08930
n07585	n04323
n07585	n05131
n07586	n05418
n07586	n05420
n07586	n06198
n07586	n06201
n07586	n06345
n07586	n06498
n07586	n06560
n07586	n08254
n07586	n08676
n07587	n08045
n07587	n08122
n07587	n08458
n07588	n07549
n07589	n05729
n07589	n06199
n07590	n06199
n07590	n06420
n07590	n07147
n07591	n05298
n07591	n06200
n07591	n06640
n07591	n07480
n07591	n08336
n07591	n08676
n07592	n08458
n07592	n09363
n07593	n09122
n07594	n09723
n07595	n08124
n07596	n01646
n07597	n04699
n07597	n06283
n07597	n07853
n07599	n03377
n07600	n06896
n07600	n07853
n07600	n08047
n07601	n04727
n07601	n05618
n07601	n06016
n07601	n07221
n07601	n09397
n07601	n09437
n07602	n04979
n07602	n05188
n07602	n05297
n07602	n05298
n07602	n05301
n07602	n05302
n07602	n05417
n07602	n05418
n07602	n05419
n07602	n05421
n07602	n05551
n07602	n05678
n07602	n05680
n07602	n05800
n07602	n05801
n07602	n05802
n07602	n05803
n07602	n05804
n07602	n05931
n07602	n05935
n07602	n06199
n07602	n06200
n07602	n06201
n07602	n06202
n07602	n06345
n07602	n06346
n07602	n06347
n07602	n06348
n07602	n06349
n07602	n06350
n07602	n06499
n07602	n06637
n07602	n06802
n07602	n06803
n07602	n06804
n07602	n06998
n07602	n07145
n07602	n07476
n07602	n07478
n07602	n07645
n07602	n07648
n07602	n07855
n07602	n08047
n07602	n08676
n07603	n04731
n07603	n06202
n07603	n07147
n07603	n07558
n07603	n08047
n07604	n05297
n07604	n05933
n07604	n06199
n07604	n06349
n07604	n06877
n07604	n07476
n07604	n09118
n07605	n05448
n07605	n06848
n07605	n07309
n07606	n02763
n07606	n05728
n07606	n07211
n07606	n09602
n07606	n09603
n07607	n05416
n07607	n05680
n07607	n05801
n07607	n05803
n07607	n06198
n07607	n06638
n07607	n07290
n07607	n07477
n07607	n07645
n07608	n07951
n07609	n02000
n07609	n09606
n07610	n02151
n07610	n09120
n07611	n05853
n07611	n06563
n07611	n09362
n07611	n09601
n07612	n09608
n07613	n04144
n07613	n06539
n07613	n06890
n07613	n09118
n07614	n06712
n07614	n08045
n07615	n09119
n07615	n09601
n07616	n06918
n07616	n08675
n07616	n08890
n07616	n09364
n07617	n09118
n07618	n03538
n07618	n09120
n07618	n09122
n07618	n09362
n07619	n03535
n07619	n05804
n07620	n09118
n07621	n09120
n07621	n09121
n07621	n09607
n07621	n09608
n07622	n03552
n07622	n08893
n07622	n09610
n07623	n09602
n07623	n09761
n07624	n03703
n07624	n05932
n07624	n05935
n07624	n06344
n07624	n07853
n07624	n08600
n07625	n09364
n07625	n09604
n07626	n03192
n07626	n07685
n07627	n04978
n07627	n04979
n07627	n05188
n07627	n05297
n07627	n05298
n07627	n05299
n07627	n05300
n07627	n05302
n07627	n05416
n07627	n05418
n07627	n05420
n07627	n05421
n07627	n05551
n07627	n05678
n07627	n05679
n07627	n05680
n07627	n05799
n07627	n05800
n07627	n05801
n07627	n05802
n07627	n05804
n07627	n05805
n07627	n05931
n07627	n05932
n07627	n05933
n07627	n06198
n07627	n06200
n07627	n06201
n07627	n06345
n07627	n06346
n07627	n06347
n07627	n06349
n07627	n06350
n07627	n06497
n07627	n06498
n07627	n06499
n07627	n06636
n07627	n06637
n07627	n06639
n07627	n06640
n07627	n06803
n07627	n06804
n07627	n06998
n07627	n07145
n07627	n07146
n07627	n07147
n07627	n07289
n07627	n07290
n07627	n07476
n07627	n07477
n07627	n07478
n07627	n07479
n07627	n07480
n07627	n07853
n07627	n07854
n07627	n07855
n07627	n08676
n07627	n08677
n07628	n06302
n07629	n05021
n07629	n08045
n07629	n09121
n07629	n09362
n07630	n06026
n07630	n08893
n07630	n09123
n07630	n09124
n07630	n09366
n07630	n09609
n07630	n09610
n07630	n09611
n07630	n09615
n07630	n09616
n07631	n05416
n07631	n05551
n07631	n05800
n07631	n05803
n07631	n05805
n07631	n05933
n07631	n05934
n07631	n06059
n07631	n06199
n07631	n06201
n07631	n06202
n07631	n06344
n07631	n06346
n07631	n06347
n07631	n06640
n07631	n06803
n07631	n07146
n07631	n07147
n07631	n07291
n07631	n07477
n07631	n07854
n07631	n07855
n07631	n08254
n07633	n00062
n07633	n00120
n07633	n02855
n07633	n03247
n07634	n05795
n07634	n09363
n07635	n05729
n07635	n08802
n07635	n08891
n07635	n09606
n07636	n00593
n07636	n01193
n07637	n02693
n07637	n09609
n07638	n08786
n07639	n02643
n07639	n03671
n07639	n07718
n07639	n09604
n07639	n09605
n07640	n05120
n07641	n03690
n07641	n09370
n07641	n09610
n07641	n09613
n07642	n06437
n07642	n08675
n07642	n09121
n07642	n09602
n07643	n00174
n07643	n05712
n07644	n03191
n07649	n08049
n07650	n05298
n07650	n05417
n07650	n05800
n07650	n06059
n07650	n06344
n07650	n06345
n07650	n06497
n07650	n06636
n07650	n06637
n07650	n06638
n07650	n06801
n07650	n06998
n07650	n07145
n07650	n07477
n07651	n07853
n07651	n07854
n07651	n08254
n07651	n08255
n07652	n08049
n07653	n06501
n07653	n07293
n07654	n07481
n07655	n08050
n07656	n05682
n07656	n07647
n07657	n06204
n07657	n06502
n07658	n04887
n07658	n08675
n07658	n08676
n07659	n09126
n07660	n07483
n07660	n07645
n07660	n07646
n07660	n07651
n07660	n07656
n07660	n08676
n07661	n06805
n07661	n07295
n07661	n08680
n07662	n08058
n07662	n08469
n07662	n09612
n07663	n08911
n07664	n05424
n07664	n06643
n07664	n07486
n07665	n08045
n07667	n05939
n07667	n05940
n07667	n06509
n07668	n09384
n07669	n03938
n07669	n04307
n07669	n04395
n07669	n05430
n07670	n09135
n07671	n05689
n07672	n07670
n07673	n08477
n07674	n09384
n07675	n05088
n07675	n06650
n07675	n07006
n07676	n06222
n07677	n07013
n07678	n04794
n07678	n05093
n07678	n07478
n07679	n06362
n07679	n06652
n07679	n09125
n07680	n09648
n07681	n04491
n07681	n04589
n07681	n05557
n07681	n06638
n07681	n07867
n07682	n05948
n07682	n06066
n07682	n08458
n07683	n04593
n07683	n05428
n07684	n09119
n07685	n07308
n07686	n05558
n07686	n05947
n07686	n06068
n07686	n09601
n07687	n05561
n07687	n06659
n07688	n05952
n07688	n07009
n07688	n08072
n07689	n04112
n07689	n04791
n07689	n07664
n07689	n08065
n07690	n07159
n07691	n08708
n07692	n08479
n07692	n09610
n07692	n09614
n07693	n05298
n07693	n09137
n07694	n07690
n07695	n08675
n07695	n08890
n07697	n07684
n07698	n08707
n07698	n09119
n07698	n09121
n07700	n03935
n07700	n04020
n07700	n08051
n07701	n04978
n07701	n04979
n07701	n05188
n07701	n05297
n07701	n05299
n07701	n05300
n07701	n05301
n07701	n05302
n07701	n05416
n07701	n05417
n07701	n05419
n07701	n05420
n07701	n05421
n07701	n05678
n07701	n05679
n07701	n05680
n07701	n05800
n07701	n05801
n07701	n05802
n07701	n05803
n07701	n05804
n07701	n05805
n07701	n05932
n07701	n05934
n07701	n05935
n07701	n06059
n07701	n06198
n07701	n06199
n07701	n06200
n07701	n06201
n07701	n06202
n07701	n06344
n07701	n06345
n07701	n06346
n07701	n06348
n07701	n06350
n07701	n06497
n07701	n06498
n07701	n06499
n07701	n06637
n07701	n06638
n07701	n06801
n07701	n06803
n07701	n06804
n07701	n07146
n07701	n07147
n07701	n07289
n07701	n07290
n07701	n07480
n07701	n07646
n07701	n07647
n07701	n07648
n07701	n07854
n07701	n07855
n07701	n08046
n07701	n08048
n07701	n08254
n07702	n07883
n07703	n08286
n07704	n07879
n07704	n09363
n07705	n05432
n07705	n06831
n07706	n03089
n07706	n04036
n07706	n05569
n07707	n09119
n07707	n09604
n07708	n09656
n07709	n06520
n07709	n08295
n07710	n02750
n07710	n03859
n07710	n04607
n07710	n05442
n07711	n06662
n07712	n05966
n07713	n03159
n07713	n09367
n07713	n09616
n07714	n05008
n07714	n05019
n07714	n05032
n07714	n05353
n07714	n07290
n07714	n08046
n07714	n08254
n07715	n05956
n07716	n08940
n07717	n05193
n07717	n06093
n07718	n07025
n07719	n08045
n07719	n09608
n07721	n09670
n07722	n08325
n07723	n07707
n07723	n08675
n07723	n09364
n07724	n08045
n07724	n09119
n07724	n09122
n07725	n09120
n07725	n09122
n07725	n09603
n07726	n07744
n07727	n03935
n07727	n07518
n07728	n01823
n07728	n08894
n07728	n09611
n07729	n03749
n07729	n08675
n07729	n08890
n07730	n06374
n07730	n06692
n07731	n07021
n07732	n07941
n07732	n08458
n07734	n09140
n07735	n05299
n07735	n05678
n07735	n06200
n07735	n06344
n07735	n06498
n07735	n07146
n07736	n08310
n07737	n08890
n07737	n09602
n07737	n09603
n07738	n05188
n07738	n06198
n07738	n08507
n07739	n05298
n07739	n05331
n07739	n05417
n07739	n05933
n07739	n06202
n07739	n06346
n07739	n07145
n07739	n07854
n07739	n08046
n07742	n08053
n07742	n09513
n07743	n08310
n07745	n09371
n07745	n09604
n07746	n09125
n07746	n09369
n07746	n09609
n07747	n04220
n07747	n05584
n07747	n05708
n07748	n08987
n07749	n09469
n07750	n08129
n07751	n08731
n07752	n05333
n07752	n06247
n07752	n09366
n07753	n07061
n07754	n04232
n07754	n05302
n07754	n06497
n07754	n07478
n07754	n07648
n07755	n00029
n07755	n02842
n07756	n08982
n07757	n01825
n07757	n01989
n07757	n06244
n07757	n07350
n07757	n09364
n07757	n09604
n07758	n06519
n07758	n09261
n07759	n05801
n07759	n07478
n07759	n07483
n07759	n07656
n07761	n03597
n07763	n05804
n07763	n06350
n07763	n06390
n07763	n06998
n07764	n09190
n07765	n03386
n07765	n06118
n07766	n04979
n07766	n07476
n07766	n07646
n07766	n08902
n07767	n06385
n07768	n08458
n07769	n02409
n07769	n08333
n07769	n09118
n07770	n04227
n07770	n09481
n07771	n08337
n07772	n03525
n07773	n05417
n07773	n05804
n07773	n05931
n07773	n06347
n07773	n06499
n07773	n07290
n07773	n07480
n07773	n07496
n07773	n07504
n07773	n07648
n07773	n08047
n07773	n09634
n07774	n07203
n07775	n09606
n07775	n09618
n07776	n08458
n07776	n09363
n07777	n04979
n07777	n05300
n07777	n05416
n07777	n05420
n07777	n05933
n07777	n06344
n07777	n06349
n07777	n06497
n07777	n06498
n07777	n07104
n07777	n07145
n07777	n07146
n07777	n07646
n07777	n08254
n07777	n08676
n07777	n08677
n07778	n04254
n07779	n08329
n07780	n09363
n07781	n06900
n07781	n08894
n07782	n05726
n07783	n04921
n07784	n05099
n07784	n06198
n07785	n02282
n07786	n03345
n07787	n01834
n07787	n01995
n07787	n02159
n07788	n09125
n07788	n09369
n07788	n09487
n07788	n09615
n07788	n09617
n07789	n04979
n07789	n05188
n07789	n05297
n07789	n05298
n07789	n05301
n07789	n05302
n07789	n05417
n07789	n05418
n07789	n05419
n07789	n05421
n07789	n05551
n07789	n05678
n07789	n05680
n07789	n05800
n07789	n05802
n07789	n05803
n07789	n05804
n07789	n05931
n07789	n05935
n07789	n06198
n07789	n06199
n07789	n06201
n07789	n06202
n07789	n06347
n07789	n06348
n07789	n06499
n07789	n06636
n07789	n06637
n07789	n06638
n07789	n06639
n07789	n06640
n07789	n06804
n07789	n06998
n07789	n07290
n07789	n07476
n07789	n07478
n07789	n07479
n07789	n07480
n07789	n07645
n07789	n07648
n07789	n07855
n07789	n08047
n07789	n08676
n07790	n04979
n07790	n05297
n07790	n05300
n07790	n05301
n07790	n05302
n07790	n05416
n07790	n05417
n07790	n05421
n07790	n05551
n07790	n05679
n07790	n05680
n07790	n05802
n07790	n05803
n07790	n05804
n07790	n05931
n07790	n05932
n07790	n05934
n07790	n06200
n07790	n06202
n07790	n06344
n07790	n06347
n07790	n06348
n07790	n06349
n07790	n06497
n07790	n06498
n07790	n06499
n07790	n06637
n07790	n06638
n07790	n06640
n07790	n06802
n07790	n06803
n07790	n07147
n07790	n07289
n07790	n07290
n07790	n07291
n07790	n07477
n07790	n07479
n07790	n07646
n07790	n07648
n07790	n07853
n07790	n07854
n07790	n08048
n07791	n09198
n07791	n09362
n07791	n09602
n07792	n07940
n07793	n04978
n07793	n04979
n07793	n05188
n07793	n05297
n07793	n05299
n07793	n05300
n07793	n05301
n07793	n05302
n07793	n05416
n07793	n05417
n07793	n05418
n07793	n05419
n07793	n05420
n07793	n05421
n07793	n05678
n07793	n05679
n07793	n05680
n07793	n05800
n07793	n05801
n07793	n05802
n07793	n05803
n07793	n05804
n07793	n05932
n07793	n05934
n07793	n05935
n07793	n06059
n07793	n06198
n07793	n06199
n07793	n06200
n07793	n06201
n07793	n06202
n07793	n06344
n07793	n06345
n07793	n06346
n07793	n06348
n07793	n06350
n07793	n06497
n07793	n06498
n07793	n06499
n07793	n06636
n07793	n06637
n07793	n06638
n07793	n06640
n07793	n06801
n07793	n06803
n07793	n06804
n07793	n07145
n07793	n07289
n07793	n07290
n07793	n07480
n07793	n07645
n07793	n07646
n07793	n07647
n07793	n07648
n07793	n07854
n07793	n07855
n07793	n08046
n07793	n08048
n07793	n08254
n07793	n08677
n07794	n03880
n07795	n08458
n07795	n09606
n07796	n09118
n07796	n09379
n07797	n01220
n07797	n05934
n07797	n06202
n07797	n07476
n07797	n07480
n07797	n07647
n07798	n05124
n07798	n07767
n07799	n08458
n07800	n04052
n07800	n07584
n07800	n08894
n07800	n09125
n07800	n09369
n07800	n09615
n07801	n08045
n07801	n09603
n07803	n06918
n07803	n08045
n07803	n09604
n07803	n09607
n07804	n08045
n07804	n09121
n07804	n09364
n07804	n09371
n07804	n09602
n07804	n09607
n07805	n05297
n07805	n05298
n07805	n05302
n07805	n05678
n07805	n05679
n07805	n05931
n07805	n06202
n07805	n06637
n07805	n06638
n07805	n06639
n07805	n06801
n07805	n07147
n07805	n07476
n07805	n07646
n07805	n07853
n07805	n09118
n07805	n09668
n07806	n08048
n07806	n08577
n07807	n04262
n07808	n09603
n07809	n04328
n07809	n05711
n07810	n05931
n07810	n07646
n07810	n08902
n07811	n07940
n07812	n02148
n07812	n07145
n07813	n04978
n07813	n05188
n07813	n05297
n07813	n05300
n07813	n05302
n07813	n05417
n07813	n05418
n07813	n05419
n07813	n05420
n07813	n05679
n07813	n05799
n07813	n05802
n07813	n05803
n07813	n05933
n07813	n05934
n07813	n05935
n07813	n06199
n07813	n06202
n07813	n06344
n07813	n06347
n07813	n06350
n07813	n06497
n07813	n06498
n07813	n06636
n07813	n06637
n07813	n06639
n07813	n06801
n07813	n07145
n07813	n07146
n07813	n07290
n07813	n07476
n07813	n07477
n07813	n07479
n07814	n05813
n07814	n06709
n07814	n07301
n07814	n08347
n07814	n08893
n07814	n09124
n07814	n09615
n07816	n08458
n07816	n09363
n07817	n08174
n07817	n08458
n07818	n04551
n07819	n09119
n07819	n09606
n07820	n09363
n07820	n09379
n07822	n04979
n07822	n05188
n07822	n05297
n07822	n05299
n07822	n05300
n07822	n05301
n07822	n05416
n07822	n05417
n07822	n05418
n07822	n05420
n07822	n05421
n07822	n05551
n07822	n05679
n07822	n05680
n07822	n05799
n07822	n05800
n07822	n05801
n07822	n05802
n07822	n05803
n07822	n05804
n07822	n05805
n07822	n05931
n07822	n05932
n07822	n05933
n07822	n05934
n07822	n05935
n07822	n06059
n07822	n06198
n07822	n06199
n07822	n06200
n07822	n06201
n07822	n06202
n07822	n06344
n07822	n06349
n07822	n06498
n07822	n06499
n07822	n06636
n07822	n06638
n07822	n06640
n07822	n06802
n07822	n06803
n07822	n06804
n07822	n07145
n07822	n07289
n07822	n07290
n07822	n07291
n07822	n07478
n07822	n07479
n07822	n07645
n07822	n07646
n07822	n07647
n07822	n07648
n07822	n07853
n07822	n08677
n07823	n04627
n07823	n04812
n07823	n09658
n07824	n05131
n07824	n08675
n07824	n09601
n07824	n09607
n07825	n01983
n07825	n04817
n07825	n05463
n07825	n05607
n07825	n06670
n07826	n08458
n07826	n09118
n07826	n09363
n07827	n04978
n07827	n05297
n07827	n05300
n07827	n05421
n07827	n05551
n07827	n05678
n07827	n05802
n07827	n05805
n07827	n05931
n07827	n05933
n07827	n05934
n07827	n06059
n07827	n06199
n07827	n06201
n07827	n06345
n07827	n06498
n07827	n06637
n07827	n06640
n07827	n06801
n07827	n06898
n07827	n07145
n07827	n07476
n07827	n07645
n07827	n07646
n07828	n05419
n07828	n05803
n07828	n05935
n07828	n06346
n07828	n06638
n07828	n07476
n07828	n07586
n07828	n07646
n07830	n09118
n07830	n09363
n07831	n05551
n07831	n05799
n07831	n05801
n07831	n05935
n07831	n06198
n07831	n06201
n07831	n06202
n07831	n06345
n07831	n06346
n07831	n06348
n07831	n06349
n07831	n06589
n07831	n06636
n07831	n06640
n07831	n06801
n07831	n06802
n07831	n06804
n07831	n07648
n07832	n05299
n07832	n05300
n07832	n05678
n07832	n05932
n07832	n06198
n07832	n06199
n07832	n06200
n07832	n06344
n07832	n06802
n07832	n07145
n07833	n05421
n07833	n05932
n07833	n06199
n07833	n06261
n07833	n06348
n07833	n06497
n07833	n06639
n07833	n07479
n07833	n07647
n07834	n09601
n07834	n09604
n07834	n09605
n07835	n09614
n07836	n06279
n07836	n08675
n07836	n09602
n07836	n09603
n07836	n09604
n07837	n00146
n07838	n08458
n07838	n09606
n07839	n08892
n07839	n09125
n07839	n09368
n07839	n09370
n07839	n09609
n07839	n09610
n07841	n04929
n07841	n09120
n07841	n09122
n07841	n09601
n07841	n09602
n07842	n01228
n07842	n01428
n07842	n02748
n07842	n03110
n07842	n04730
n07842	n08761
n07842	n09120
n07842	n09122
n07843	n00156
n07844	n02154
n07844	n04359
n07845	n03462
n07845	n08759
n07845	n09364
n07846	n04556
n07847	n08354
n07848	n00544
n07849	n01829
n07850	n09363
n07852	n01652
n07852	n09259
n07856	n04303
n07857	n08458
n07858	n04020
n07860	n09608
n07861	n06503
n07862	n04396
n07862	n05303
n07862	n05688
n07863	n06204
n07863	n06502
n07864	n05425
n07864	n05809
n07864	n06644
n07866	n05424
n07866	n06643
n07866	n07486
n07867	n04979
n07867	n05417
n07867	n06198
n07867	n06497
n07867	n07489
n07869	n05088
n07869	n06650
n07869	n07006
n07870	n08054
n07870	n09375
n07871	n08058
n07871	n08469
n07872	n08944
n07872	n09120
n07872	n09607
n07873	n09389
n07874	n09143
n07874	n09630
n07875	n07664
n07875	n08065
n07876	n06816
n07877	n08909
n07878	n08697
n07879	n04308
n07879	n04888
n07879	n04893
n07879	n05198
n07879	n05697
n07879	n06220
n07880	n04491
n07880	n04589
n07880	n05557
n07880	n06638
n07880	n07867
n07881	n08939
n07882	n07873
n07883	n06511
n07884	n03373
n07884	n03664
n07884	n04029
n07884	n04217
n07884	n04219
n07885	n08070
n07885	n09601
n07886	n07677
n07887	n04978
n07887	n05815
n07887	n06828
n07888	n07695
n07888	n08045
n07889	n05944
n07889	n07484
n07890	n07692
n07890	n09367
n07891	n06821
n07892	n06088
n07892	n06226
n07892	n06818
n07893	n08947
n07894	n08458
n07895	n06660
n07896	n06825
n07896	n09363
n07897	n09424
n07898	n04979
n07898	n05416
n07898	n05419
n07898	n05551
n07898	n05799
n07898	n05800
n07898	n06200
n07898	n06346
n07898	n07289
n07898	n07647
n07899	n08509
n07899	n09118
n07900	n04991
n07900	n07018
n07900	n08045
n07901	n06830
n07902	n05561
n07902	n06659
n07903	n06665
n07904	n06834
n07904	n07505
n07904	n07532
n07905	n05297
n07905	n05299
n07905	n08915
n07905	n09118
n07905	n09363
n07906	n04491
n07906	n04589
n07906	n05416
n07906	n05557
n07906	n07867
n07906	n08677
n07908	n05568
n07909	n06834
n07909	n07505
n07909	n07532
n07909	n09363
n07910	n08045
n07910	n09153
n07911	n04609
n07911	n05207
n07911	n09367
n07912	n03749
n07913	n06513
n07913	n08287
n07914	n07021
n07914	n09367
n07914	n09614
n07915	n06513
n07915	n08287
n07916	n06353
n07916	n06376
n07917	n04979
n07917	n05188
n07917	n05297
n07917	n05301
n07917	n05416
n07917	n05419
n07917	n05420
n07917	n05551
n07917	n05800
n07917	n05801
n07917	n05932
n07917	n05935
n07917	n06059
n07917	n06198
n07917	n06200
n07917	n06201
n07917	n06202
n07917	n06346
n07917	n06347
n07917	n06349
n07917	n06636
n07917	n06638
n07917	n06998
n07917	n07146
n07917	n07289
n07917	n07290
n07917	n07291
n07917	n07478
n07917	n07647
n07917	n08046
n07918	n02940
n07918	n03102
n07918	n06198
n07919	n08709
n07920	n05095
n07920	n05975
n07920	n09603
n07921	n04422
n07921	n09123
n07922	n07035
n07922	n08890
n07922	n09119
n07922	n09607
n07923	n08298
n07924	n08294
n07925	n05962
n07925	n07512
n07926	n07185
n07927	n05804
n07927	n06345
n07927	n06383
n07927	n06497
n07927	n06498
n07928	n04978
n07928	n04979
n07928	n05188
n07928	n05297
n07928	n05298
n07928	n05299
n07928	n05300
n07928	n05301
n07928	n05302
n07928	n05416
n07928	n05418
n07928	n05419
n07928	n05420
n07928	n05421
n07928	n05551
n07928	n05678
n07928	n05679
n07928	n05801
n07928	n05804
n07928	n05931
n07928	n05932
n07928	n05933
n07928	n05934
n07928	n05935
n07928	n06198
n07928	n06200
n07928	n06344
n07928	n06346
n07928	n06348
n07928	n06349
n07928	n06350
n07928	n06636
n07928	n06640
n07928	n06801
n07928	n06802
n07928	n06998
n07928	n07145
n07928	n07147
n07928	n07291
n07928	n07476
n07928	n07477
n07928	n07478
n07928	n07480
n07928	n07645
n07928	n07646
n07928	n07648
n07928	n07853
n07928	n07855
n07928	n08046
n07928	n08048
n07928	n08676
n07928	n08677
n07928	n08891
n07930	n05840
n07931	n05319
n07932	n05210
n07932	n07507
n07932	n09607
n07933	n09244
n07934	n04618
n07934	n06097
n07934	n09608
n07936	n00049
n07937	n04610
n07938	n07926
n07939	n09118
n07940	n06822
n07940	n07016
n07940	n08458
n07942	n09453
n07943	n05009
n07944	n00520
n07945	n05839
n07945	n06699
n07946	n05571
n07946	n09127
n07946	n09606
n07947	n05836
n07947	n08893
n07947	n09368
n07947	n09612
n07948	n00029
n07948	n03092
n07948	n09439
n07949	n02523
n07949	n07187
n07949	n07706
n07949	n09366
n07950	n04732
n07950	n05933
n07950	n07528
n07951	n07857
n07953	n04978
n07953	n04979
n07953	n05297
n07953	n05298
n07953	n05299
n07953	n05300
n07953	n05301
n07953	n05416
n07953	n05417
n07953	n05418
n07953	n05419
n07953	n05420
n07953	n05551
n07953	n05679
n07953	n05802
n07953	n05804
n07953	n05805
n07953	n05931
n07953	n05932
n07953	n05933
n07953	n05934
n07953	n05935
n07953	n06059
n07953	n06198
n07953	n06200
n07953	n06201
n07953	n06345
n07953	n06350
n07953	n06498
n07953	n06636
n07953	n06639
n07953	n06640
n07953	n06802
n07953	n06803
n07953	n06804
n07953	n06998
n07953	n07146
n07953	n07147
n07953	n07289
n07953	n07290
n07953	n07291
n07953	n07477
n07953	n07478
n07953	n07479
n07953	n07480
n07953	n07646
n07953	n07647
n07953	n07648
n07953	n07854
n07953	n08046
n07953	n08677
n07953	n08891
n07954	n02643
n07954	n03671
n07954	n07718
n07954	n09121
n07954	n09604
n07954	n09605
n07955	n08458
n07955	n09118
n07956	n08675
n07956	n08711
n07957	n04714
n07957	n09660
n07958	n02155
n07958	n06802
n07959	n04621
n07959	n06312
n07960	n01818
n07960	n02634
n07960	n04321
n07960	n05606
n07961	n04138
n07961	n08890
n07961	n09365
n07962	n04978
n07962	n05188
n07962	n05301
n07962	n05678
n07962	n05804
n07962	n05932
n07962	n05935
n07962	n06059
n07962	n06346
n07962	n06350
n07962	n07146
n07962	n07289
n07962	n07478
n07962	n07648
n07962	n08891
n07963	n04978
n07963	n05298
n07963	n05300
n07963	n05301
n07963	n05419
n07963	n05420
n07963	n05421
n07963	n05551
n07963	n05678
n07963	n05679
n07963	n05680
n07963	n05800
n07963	n05801
n07963	n05802
n07963	n05804
n07963	n05931
n07963	n06198
n07963	n06199
n07963	n06200
n07963	n06344
n07963	n06345
n07963	n06346
n07963	n06497
n07963	n06498
n07963	n06636
n07963	n06637
n07963	n06638
n07963	n06802
n07963	n06803
n07963	n06998
n07963	n07145
n07963	n07147
n07963	n07290
n07963	n07476
n07963	n07645
n07963	n07853
n07963	n08046
n07963	n08048
n07964	n02763
n07964	n05728
n07964	n07211
n07964	n09603
n07965	n06268
n07965	n09368
n07965	n09609
n07966	n09127
n07966	n09377
n07966	n09606
n07967	n05840
n07968	n03748
n07968	n08290
n07968	n09119
n07969	n04513
n07969	n07968
n07970	n09244
n07972	n07520
n07972	n07524
n07972	n07913
n07972	n09121
n07972	n09365
n07973	n03759
n07973	n09612
n07975	n09127
n07976	n05679
n07976	n05799
n07976	n05931
n07976	n05935
n07976	n06200
n07976	n06346
n07976	n06804
n07976	n07289
n07977	n06395
n07978	n04503
n07978	n06107
n07978	n06346
n07979	n07047
n07980	n09122
n07980	n09362
n07980	n09601
n07980	n09604
n07980	n09605
n07980	n09608
n07982	n03667
n07982	n06871
n07982	n09119
n07982	n09120
n07982	n09362
n07982	n09364
n07983	n06245
n07983	n09120
n07983	n09122
n07984	n03182
n07985	n09605
n07986	n06115
n07986	n08076
n07987	n01998
n07987	n09607
n07987	n09608
n07988	n05418
n07989	n05302
n07989	n07145
n07989	n08676
n07989	n09743
n07990	n06001
n07990	n09617
n07991	n04046
n07991	n04329
n07992	n09379
n07993	n06001
n07993	n06579
n07993	n09124
n07996	n06412
n07996	n07747
n07996	n09613
n07997	n03680
n07997	n08750
n07997	n09228
n07998	n05885
n07998	n09231
n07999	n04978
n07999	n05297
n07999	n05300
n07999	n05302
n07999	n05417
n07999	n05418
n07999	n05420
n07999	n05421
n07999	n05805
n07999	n05931
n07999	n05932
n07999	n06059
n07999	n06198
n07999	n06200
n07999	n06344
n07999	n06497
n07999	n06498
n07999	n06639
n07999	n06801
n07999	n06802
n07999	n06998
n07999	n07476
n07999	n07477
n07999	n07478
n07999	n07479
n07999	n07645
n07999	n07853
n07999	n07854
n07999	n08047
n07999	n08254
n07999	n08676
n08000	n03542
n08002	n05857
n08002	n06116
n08002	n07062
n08002	n08966
n08003	n09121
n08003	n09601
n08003	n09602
n08003	n09631
n08004	n08892
n08004	n09123
n08004	n09366
n08004	n09367
n08004	n09610
n08004	n09616
n08006	n07326
n08006	n08119
n08006	n08800
n08006	n09363
n08007	n00561
n08008	n00133
n08008	n02368
n08008	n05799
n08009	n04978
n08009	n04979
n08009	n05188
n08009	n05297
n08009	n05298
n08009	n05300
n08009	n05301
n08009	n05302
n08009	n05416
n08009	n05417
n08009	n05418
n08009	n05420
n08009	n05421
n08009	n05678
n08009	n05679
n08009	n05680
n08009	n05800
n08009	n05801
n08009	n05802
n08009	n05804
n08009	n05931
n08009	n05933
n08009	n05934
n08009	n05935
n08009	n06059
n08009	n06198
n08009	n06199
n08009	n06200
n08009	n06201
n08009	n06202
n08009	n06344
n08009	n06345
n08009	n06346
n08009	n06348
n08009	n06350
n08009	n06497
n08009	n06498
n08009	n06636
n08009	n06637
n08009	n06638
n08009	n06801
n08009	n06803
n08009	n06804
n08009	n07145
n08009	n07289
n08009	n07290
n08009	n07480
n08009	n07645
n08009	n07646
n08009	n07647
n08009	n07648
n08009	n07854
n08009	n07855
n08009	n08046
n08009	n08048
n08009	n08254
n08010	n06001
n08010	n07364
n08010	n09734
n08011	n09442
n08012	n05551
n08012	n05932
n08012	n06917
n08012	n06998
n08012	n07855
n08012	n08891
n08013	n09540
n08015	n06884
n08015	n08893
n08016	n04978
n08016	n05111
n08016	n05188
n08016	n05680
n08016	n07854
n08016	n08565
n08017	n04978
n08017	n04979
n08017	n05188
n08017	n05297
n08017	n05300
n08017	n05301
n08017	n05417
n08017	n05420
n08017	n05421
n08017	n05678
n08017	n05680
n08017	n05804
n08017	n05805
n08017	n05931
n08017	n05933
n08017	n05934
n08017	n06059
n08017	n06198
n08017	n06199
n08017	n06200
n08017	n06201
n08017	n06345
n08017	n06346
n08017	n06348
n08017	n06350
n08017	n06497
n08017	n06498
n08017	n06499
n08017	n06638
n08017	n06639
n08017	n06640
n08017	n06802
n08017	n06803
n08017	n06998
n08017	n07146
n08017	n07147
n08017	n07289
n08017	n07290
n08017	n07291
n08017	n07477
n08017	n07478
n08017	n07646
n08017	n07647
n08017	n07648
n08017	n07853
n08017	n07854
n08017	n07855
n08017	n08046
n08017	n08254
n08017	n08677
n08017	n09136
n08018	n07538
n08019	n08893
n08019	n08894
n08019	n09125
n08019	n09366
n08019	n09368
n08019	n09609
n08019	n09613
n08019	n09616
n08020	n04978
n08020	n05188
n08020	n05297
n08020	n05298
n08020	n05299
n08020	n05301
n08020	n05302
n08020	n05418
n08020	n05421
n08020	n05551
n08020	n05678
n08020	n05679
n08020	n05799
n08020	n05800
n08020	n05801
n08020	n05802
n08020	n05803
n08020	n05804
n08020	n05805
n08020	n05933
n08020	n05934
n08020	n05935
n08020	n06199
n08020	n06200
n08020	n06344
n08020	n06345
n08020	n06346
n08020	n06348
n08020	n06497
n08020	n06499
n08020	n06636
n08020	n06637
n08020	n06638
n08020	n06640
n08020	n06801
n08020	n06802
n08020	n07146
n08020	n07290
n08020	n07476
n08020	n07477
n08020	n07478
n08020	n07479
n08020	n07480
n08020	n07646
n08020	n07647
n08020	n07648
n08020	n07853
n08020	n07854
n08020	n07855
n08021	n06198
n08021	n07855
n08021	n09049
n08022	n07646
n08022	n09118
n08023	n08604
n08024	n00103
n08024	n00548
n08024	n02411
n08024	n03864
n08024	n08045
n08025	n06413
n08025	n07344
n08025	n09120
n08025	n09653
n08026	n08160
n08026	n09119
n08026	n09121
n08026	n09602
n08026	n09604
n08026	n09605
n08026	n09607
n08028	n06415
n08028	n09604
n08029	n04255
n08029	n08771
n08029	n09362
n08029	n09364
n08029	n09506
n08029	n09607
n08030	n04921
n08030	n07095
n08030	n09606
n08031	n05302
n08031	n05416
n08031	n06199
n08031	n06497
n08031	n06498
n08031	n07291
n08031	n08186
n08031	n08676
n08032	n04156
n08032	n06568
n08032	n08276
n08033	n03255
n08033	n04066
n08033	n04078
n08033	n05300
n08033	n05416
n08033	n06497
n08033	n07478
n08033	n08523
n08034	n00043
n08034	n00118
n08034	n00129
n08034	n00166
n08034	n05933
n08034	n07479
n08035	n02309
n08036	n05491
n08036	n07289
n08036	n07855
n08036	n08254
n08036	n09634
n08037	n07400
n08037	n09119
n08037	n09602
n08037	n09631
n08038	n06574
n08038	n07548
n08038	n09026
n08038	n09366
n08038	n09617
n08039	n09776
n08040	n01448
n08040	n09615
n08041	n03706
n08041	n04350
n08041	n05632
n08041	n08892
n08042	n06933
n08043	n04441
n08043	n04726
n08044	n04978
n08044	n04979
n08044	n05188
n08044	n05297
n08044	n05298
n08044	n05299
n08044	n05300
n08044	n05301
n08044	n05416
n08044	n05417
n08044	n05418
n08044	n05421
n08044	n05551
n08044	n05678
n08044	n05679
n08044	n05680
n08044	n05800
n08044	n05801
n08044	n05802
n08044	n05803
n08044	n05804
n08044	n05932
n08044	n05934
n08044	n05935
n08044	n06198
n08044	n06199
n08044	n06200
n08044	n06201
n08044	n06202
n08044	n06344
n08044	n06345
n08044	n06346
n08044	n06347
n08044	n06349
n08044	n06350
n08044	n06498
n08044	n06499
n08044	n06636
n08044	n06637
n08044	n06638
n08044	n06639
n08044	n06640
n08044	n06801
n08044	n06802
n08044	n06803
n08044	n06998
n08044	n07145
n08044	n07147
n08044	n07289
n08044	n07290
n08044	n07291
n08044	n07476
n08044	n07477
n08044	n07478
n08044	n07479
n08044	n07480
n08044	n07645
n08044	n07646
n08044	n07648
n08044	n07853
n08044	n07855
n08044	n08046
n08044	n08254
n08044	n08677
n08044	n08891
n08049	n07856
n08050	n05420
n08050	n05421
n08050	n06205
n08050	n06802
n08051	n04202
n08052	n03154
n08052	n04021
n08053	n09375
n08054	n07657
n08054	n07863
n08056	n07675
n08056	n07869
n08059	n08272
n08060	n07302
n08061	n08458
n08062	n08267
n08063	n06212
n08063	n06510
n08064	n04978
n08064	n04979
n08064	n05188
n08064	n05299
n08064	n05300
n08064	n05301
n08064	n05302
n08064	n05420
n08064	n05421
n08064	n05679
n08064	n05680
n08064	n05800
n08064	n05801
n08064	n05803
n08064	n05932
n08064	n05933
n08064	n05934
n08064	n05935
n08064	n06345
n08064	n06348
n08064	n06349
n08064	n06498
n08064	n06636
n08064	n06637
n08064	n06638
n08064	n06639
n08064	n06640
n08064	n07145
n08064	n07478
n08064	n08048
n08064	n08891
n08065	n05424
n08065	n06643
n08065	n07486
n08066	n03743
n08066	n04120
n08067	n09394
n08068	n05559
n08068	n06219
n08068	n08893
n08069	n07307
n08069	n07668
n08069	n07674
n08070	n05810
n08070	n06809
n08071	n06225
n08071	n09131
n08072	n08922
n08073	n09392
n08073	n09398
n08074	n07159
n08075	n07683
n08076	n05817
n08076	n07495
n08077	n09182
n08077	n09364
n08077	n09608
n08078	n09182
n08078	n09364
n08079	n08709
n08080	n05818
n08080	n06344
n08080	n06804
n08080	n07476
n08081	n09143
n08081	n09630
n08082	n08711
n08083	n09700
n08084	n08268
n08085	n08075
n08086	n05301
n08086	n05932
n08086	n06637
n08086	n06639
n08086	n07479
n08086	n07854
n08087	n04699
n08087	n04704
n08087	n06344
n08089	n08080
n08090	n05799
n08091	n05419
n08091	n05802
n08091	n05815
n08091	n05933
n08091	n06059
n08091	n06348
n08091	n06498
n08091	n06828
n08091	n07146
n08091	n07291
n08091	n07645
n08091	n07647
n08091	n07648
n08091	n08048
n08092	n05091
n08092	n07173
n08093	n04801
n08093	n06348
n08093	n09368
n08093	n09370
n08093	n09613
n08094	n09182
n08095	n06113
n08095	n06868
n08097	n03956
n08097	n04604
n08097	n05010
n08098	n02955
n08098	n06532
n08099	n06235
n08100	n06366
n08101	n04978
n08101	n04979
n08101	n05188
n08101	n05297
n08101	n05299
n08101	n05300
n08101	n05301
n08101	n05302
n08101	n05416
n08101	n05417
n08101	n05551
n08101	n05678
n08101	n05680
n08101	n05799
n08101	n05802
n08101	n05804
n08101	n05805
n08101	n05933
n08101	n05934
n08101	n06059
n08101	n06200
n08101	n06344
n08101	n06347
n08101	n06349
n08101	n06499
n08101	n06640
n08101	n06802
n08101	n06804
n08101	n07145
n08101	n07289
n08101	n07290
n08101	n07291
n08101	n07478
n08101	n07480
n08101	n08048
n08104	n06830
n08106	n04978
n08106	n05297
n08106	n05298
n08106	n05299
n08106	n05417
n08106	n05418
n08106	n05420
n08106	n05799
n08106	n05804
n08106	n06346
n08106	n06348
n08106	n06636
n08106	n06638
n08106	n06802
n08106	n07645
n08106	n07853
n08106	n08894
n08107	n06683
n08109	n09122
n08109	n09169
n08110	n05679
n08111	n09687
n08112	n01982
n08112	n03379
n08113	n09167
n08113	n09448
n08114	n05458
n08115	n07318
n08115	n08894
n08115	n09613
n08115	n09616
n08116	n09611
n08117	n01418
n08117	n03451
n08117	n04420
n08117	n05108
n08118	n05963
n08118	n06104
n08118	n09365
n08119	n07903
n08121	n05825
n08121	n07855
n08123	n06662
n08124	n05820
n08124	n09144
n08125	n09609
n08125	n09614
n08126	n00048
n08126	n00151
n08126	n07297
n08127	n03095
n08127	n04902
n08128	n05223
n08129	n03187
n08131	n06104
n08131	n06526
n08131	n09365
n08132	n04233
n08133	n07316
n08133	n08045
n08133	n09119
n08134	n07332
n08135	n07533
n08136	n07688
n08136	n08458
n08136	n08500
n08136	n08675
n08136	n09362
n08136	n09641
n08137	n08264
n08137	n09701
n08138	n04978
n08138	n05297
n08138	n05298
n08138	n05300
n08138	n05417
n08138	n05419
n08138	n05420
n08138	n05680
n08138	n05931
n08138	n06638
n08138	n07145
n08138	n07289
n08138	n07476
n08138	n07853
n08138	n08048
n08139	n04978
n08139	n05188
n08139	n05298
n08139	n05300
n08139	n05417
n08139	n05420
n08139	n05421
n08139	n05551
n08139	n05680
n08139	n05799
n08139	n05801
n08139	n05931
n08139	n06345
n08139	n06636
n08139	n06638
n08139	n06803
n08139	n07145
n08139	n07289
n08139	n07476
n08139	n07853
n08139	n07855
n08139	n08048
n08140	n08474
n08140	n09119
n08140	n09601
n08141	n06380
n08142	n07671
n08142	n08045
n08143	n08890
n08143	n09364
n08143	n09607
n08144	n04979
n08144	n05188
n08144	n05301
n08144	n05302
n08144	n05416
n08144	n05419
n08144	n05421
n08144	n05551
n08144	n05679
n08144	n05680
n08144	n05931
n08144	n05934
n08144	n06200
n08144	n06347
n08144	n06348
n08144	n06497
n08144	n06637
n08144	n06638
n08144	n06803
n08144	n06998
n08144	n07147
n08144	n07290
n08144	n07476
n08144	n07646
n08144	n07648
n08144	n07853
n08144	n07854
n08144	n08046
n08144	n08048
n08145	n04978
n08145	n05188
n08145	n05298
n08145	n05299
n08145	n05301
n08145	n05302
n08145	n05419
n08145	n05421
n08145	n05551
n08145	n05678
n08145	n05679
n08145	n05680
n08145	n05799
n08145	n05800
n08145	n05801
n08145	n05803
n08145	n05805
n08145	n05931
n08145	n05933
n08145	n05934
n08145	n06059
n08145	n06198
n08145	n06199
n08145	n06200
n08145	n06202
n08145	n06344
n08145	n06345
n08145	n06346
n08145	n06347
n08145	n06348
n08145	n06349
n08145	n06350
n08145	n06497
n08145	n06498
n08145	n06499
n08145	n06636
n08145	n06637
n08145	n06638
n08145	n06801
n08145	n06802
n08145	n06804
n08145	n07145
n08145	n07289
n08145	n07479
n08145	n07480
n08145	n07853
n08145	n08047
n08145	n08677
n08146	n03651
n08146	n04119
n08147	n05474
n08148	n07052
n08148	n09365
n08149	n08045
n08149	n08289
n08149	n09402
n08149	n09407
n08149	n09601
n08149	n09603
n08149	n09604
n08150	n04809
n08150	n08675
n08150	n08678
n08150	n08890
n08150	n09364
n08150	n09365
n08150	n09603
n08150	n09607
n08151	n08675
n08151	n08890
n08151	n09603
n08152	n08971
n08154	n05016
n08155	n01189
n08155	n09362
n08156	n07737
n08156	n08045
n08156	n09119
n08156	n09362
n08156	n09607
n08157	n03517
n08157	n09444
n08157	n09602
n08158	n04242
n08158	n09122
n08159	n08045
n08159	n08675
n08159	n09120
n08159	n09362
n08159	n09602
n08160	n08045
n08160	n08675
n08160	n08890
n08160	n09601
n08160	n09603
n08161	n08045
n08161	n09121
n08161	n09371
n08161	n09602
n08162	n04978
n08162	n04979
n08162	n05298
n08162	n05299
n08162	n05300
n08162	n05418
n08162	n05419
n08162	n05551
n08162	n05803
n08162	n05804
n08162	n05805
n08162	n05933
n08162	n05935
n08162	n06059
n08162	n06198
n08162	n06199
n08162	n06202
n08162	n06344
n08162	n06347
n08162	n06348
n08162	n06639
n08162	n06640
n08162	n06803
n08162	n07146
n08162	n07289
n08162	n07290
n08162	n07476
n08162	n07477
n08162	n07478
n08162	n07480
n08162	n07645
n08162	n07647
n08162	n07648
n08162	n07853
n08162	n08046
n08162	n08047
n08162	n08677
n08163	n05298
n08163	n05418
n08163	n05802
n08163	n05934
n08163	n05935
n08163	n06636
n08163	n06803
n08163	n07476
n08163	n07569
n08163	n07648
n08163	n07853
n08164	n04509
n08164	n09614
n08165	n02957
n08165	n08893
n08165	n09368
n08165	n09609
n08166	n03888
n08166	n09366
n08166	n09370
n08166	n09609
n08166	n09613
n08167	n08675
n08167	n08890
n08167	n09119
n08167	n09121
n08167	n09603
n08167	n09605
n08168	n09363
n08170	n04631
n08170	n08458
n08171	n00067
n08171	n00135
n08171	n02639
n08171	n05932
n08171	n06637
n08172	n05592
n08173	n05227
n08175	n03549
n08175	n09607
n08176	n00100
n08177	n04249
n08177	n08045
n08178	n06861
n08178	n09121
n08179	n07023
n08179	n08486
n08180	n09362
n08181	n06579
n08181	n07002
n08181	n09734
n08182	n04623
n08183	n03177
n08183	n09606
n08184	n04979
n08184	n05188
n08184	n05300
n08184	n05301
n08184	n05302
n08184	n05416
n08184	n05417
n08184	n05419
n08184	n05420
n08184	n05421
n08184	n05551
n08184	n05678
n08184	n05679
n08184	n05680
n08184	n05800
n08184	n05801
n08184	n05803
n08184	n05805
n08184	n05931
n08184	n05932
n08184	n06198
n08184	n06199
n08184	n06200
n08184	n06201
n08184	n06345
n08184	n06346
n08184	n06347
n08184	n06348
n08184	n06350
n08184	n06637
n08184	n06802
n08184	n06803
n08184	n06804
n08184	n06998
n08184	n07146
n08184	n07147
n08184	n07289
n08184	n07291
n08184	n07476
n08184	n07477
n08184	n07478
n08184	n07479
n08184	n07480
n08184	n07647
n08184	n07648
n08184	n07853
n08184	n07854
n08184	n08046
n08184	n08047
n08184	n08048
n08184	n08677
n08185	n09140
n08185	n09602
n08185	n09605
n08186	n05297
n08186	n05301
n08186	n05417
n08186	n05420
n08186	n05678
n08186	n05680
n08186	n05799
n08186	n05800
n08186	n05805
n08186	n05932
n08186	n05935
n08186	n06059
n08186	n06345
n08186	n06346
n08186	n06347
n08186	n06349
n08186	n06499
n08186	n06637
n08186	n06639
n08186	n07145
n08186	n07146
n08186	n07289
n08186	n07290
n08186	n07478
n08186	n07479
n08186	n07480
n08186	n07648
n08187	n02752
n08187	n05589
n08189	n09363
n08191	n02409
n08191	n09118
n08192	n08572
n08193	n04978
n08193	n04979
n08193	n05188
n08193	n05300
n08193	n05301
n08193	n05417
n08193	n05418
n08193	n05419
n08193	n05421
n08193	n05551
n08193	n05679
n08193	n05799
n08193	n05800
n08193	n05802
n08193	n05804
n08193	n05805
n08193	n05931
n08193	n05932
n08193	n05934
n08193	n05935
n08193	n06059
n08193	n06198
n08193	n06199
n08193	n06201
n08193	n06344
n08193	n06346
n08193	n06347
n08193	n06348
n08193	n06497
n08193	n06498
n08193	n06499
n08193	n06638
n08193	n06640
n08193	n06801
n08193	n06802
n08193	n06804
n08193	n06998
n08193	n07146
n08193	n07289
n08193	n07290
n08193	n07478
n08193	n07479
n08193	n07480
n08193	n07645
n08193	n07647
n08194	n05249
n08195	n07351
n08196	n05188
n08196	n05297
n08196	n05298
n08196	n05299
n08196	n05300
n08196	n05302
n08196	n05419
n08196	n05421
n08196	n05678
n08196	n05799
n08196	n05800
n08196	n05801
n08196	n05805
n08196	n05931
n08196	n05933
n08196	n06059
n08196	n06200
n08196	n06202
n08196	n06344
n08196	n06346
n08196	n06349
n08196	n06350
n08196	n06497
n08196	n06499
n08196	n06637
n08196	n06638
n08196	n06640
n08196	n06801
n08196	n06802
n08196	n06803
n08196	n06998
n08196	n07146
n08196	n07147
n08196	n07289
n08196	n07290
n08196	n07291
n08196	n07476
n08196	n07477
n08196	n07478
n08196	n07479
n08196	n07648
n08196	n07853
n08196	n07855
n08196	n08046
n08196	n08047
n08196	n08048
n08196	n08254
n08196	n08676
n08197	n06881
n08197	n07581
n08198	n03597
n08198	n03950
n08199	n04053
n08200	n04619
n08200	n09362
n08201	n05884
n08201	n06883
n08201	n07761
n08202	n03177
n08202	n07945
n08203	n04263
n08203	n04538
n08203	n05300
n08203	n05416
n08203	n05420
n08203	n05933
n08203	n06349
n08203	n06498
n08203	n08048
n08204	n08893
n08204	n09367
n08204	n09370
n08204	n09611
n08205	n06121
n08205	n09119
n08206	n02654
n08206	n05849
n08206	n08311
n08206	n08343
n08207	n05341
n08207	n06271
n08207	n06591
n08207	n06998
n08207	n07477
n08208	n08388
n08209	n09037
n08209	n09368
n08209	n09613
n08211	n03882
n08212	n05416
n08212	n05419
n08212	n05601
n08212	n05801
n08212	n06344
n08212	n07853
n08212	n08047
n08213	n07647
n08213	n08458
n08213	n09363
n08213	n09606
n08214	n06740
n08214	n09119
n08214	n09364
n08214	n09607
n08214	n09608
n08215	n03262
n08216	n05551
n08216	n06998
n08216	n08812
n08217	n07955
n08217	n08141
n08217	n08719
n08218	n06139
n08219	n06238
n08219	n07709
n08219	n09606
n08220	n09123
n08220	n09486
n08220	n09617
n08221	n05188
n08221	n05297
n08221	n05298
n08221	n05299
n08221	n05302
n08221	n05418
n08221	n05551
n08221	n05678
n08221	n05679
n08221	n05799
n08221	n05800
n08221	n05802
n08221	n05804
n08221	n05805
n08221	n05934
n08221	n06199
n08221	n06200
n08221	n06344
n08221	n06348
n08221	n06349
n08221	n06497
n08221	n06499
n08221	n06638
n08221	n06640
n08221	n06802
n08221	n07145
n08221	n07146
n08221	n07290
n08221	n07476
n08221	n07477
n08221	n07478
n08221	n07479
n08221	n07480
n08221	n07645
n08221	n07647
n08221	n07648
n08221	n07854
n08221	n08046
n08221	n08254
n08223	n04978
n08223	n05299
n08223	n06059
n08223	n06198
n08223	n06202
n08223	n06346
n08223	n06349
n08223	n06498
n08223	n06998
n08223	n07477
n08223	n07855
n08223	n08570
n08224	n09037
n08225	n04936
n08225	n05956
n08225	n09148
n08226	n05936
n08226	n07858
n08226	n08051
n08226	n09606
n08227	n09604
n08228	n08890
n08228	n09120
n08228	n09364
n08228	n09373
n08228	n09605
n08228	n09607
n08228	n09608
n08229	n07575
n08230	n07647
n08230	n09773
n08231	n04448
n08231	n09502
n08232	n09802
n08233	n06636
n08233	n09550
n08234	n03270
n08234	n05890
n08234	n09606
n08235	n01656
n08236	n03538
n08236	n09601
n08237	n04177
n08237	n05678
n08237	n05935
n08237	n07478
n08237	n07646
n08237	n08254
n08238	n03553
n08238	n05098
n08238	n05874
n08239	n05037
n08240	n06051
n08240	n09601
n08241	n05803
n08241	n05805
n08241	n06202
n08241	n06498
n08241	n06639
n08241	n07854
n08241	n07928
n08242	n09013
n08243	n04699
n08243	n06283
n08243	n07853
n08243	n09605
n08244	n04042
n08244	n05734
n08244	n09616
n08244	n09617
n08245	n06727
n08245	n07730
n08246	n07042
n08246	n07702
n08247	n04978
n08247	n05188
n08247	n05297
n08247	n05298
n08247	n05299
n08247	n05302
n08247	n05416
n08247	n05417
n08247	n05419
n08247	n05421
n08247	n05678
n08247	n05679
n08247	n05805
n08247	n05931
n08247	n05932
n08247	n05933
n08247	n06059
n08247	n06198
n08247	n06200
n08247	n06202
n08247	n06347
n08247	n06497
n08247	n06498
n08247	n06499
n08247	n06636
n08247	n06637
n08247	n06638
n08247	n06639
n08247	n06801
n08247	n06802
n08247	n06998
n08247	n07145
n08247	n07146
n08247	n07290
n08247	n07476
n08247	n07478
n08247	n07479
n08247	n07645
n08247	n07854
n08247	n08046
n08247	n08047
n08247	n08254
n08247	n08676
n08247	n08891
n08248	n08588
n08249	n05301
n08249	n05933
n08249	n06158
n08249	n06347
n08249	n06636
n08249	n07646
n08249	n07854
n08250	n09121
n08250	n09364
n08250	n09605
n08251	n03935
n08251	n09130
n08251	n09712
n08252	n07009
n08252	n07257
n08253	n04943
n08253	n09612
n08253	n09616
n08255	n07650
n08257	n09373
n08258	n09623
n08259	n06204
n08259	n06502
n08260	n09380
n08261	n05808
n08261	n06504
n08264	n08468
n08264	n08687
n08265	n08923
n08266	n08916
n08267	n05814
n08267	n06069
n08268	n04978
n08268	n05416
n08268	n05417
n08268	n06638
n08268	n07476
n08269	n08690
n08271	n06212
n08271	n06510
n08272	n07307
n08272	n07668
n08272	n07674
n08273	n08056
n08274	n01811
n08274	n03086
n08274	n03156
n08274	n04393
n08274	n04590
n08274	n06645
n08275	n04114
n08275	n04979
n08275	n05419
n08275	n05420
n08275	n06344
n08275	n06497
n08275	n06802
n08276	n05194
n08276	n06811
n08277	n06063
n08277	n07476
n08277	n07865
n08277	n08472
n08278	n03651
n08278	n04119
n08279	n09157
n08279	n09616
n08280	n06656
n08281	n05299
n08281	n09650
n08282	n04796
n08282	n09118
n08282	n09363
n08283	n08458
n08284	n06840
n08285	n09662
n08286	n09415
n08287	n05565
n08288	n07697
n08289	n05561
n08289	n06659
n08290	n07694
n08291	n07499
n08291	n09123
n08291	n09610
n08291	n09612
n08291	n09614
n08293	n07157
n08293	n08045
n08296	n06655
n08296	n07027
n08297	n06513
n08297	n08287
n08298	n09605
n08298	n09659
n08299	n05212
n08299	n09118
n08300	n05703
n08301	n08506
n08301	n09123
n08302	n05432
n08302	n06831
n08302	n09604
n08303	n07032
n08303	n07701
n08305	n04030
n08305	n06684
n08305	n08890
n08305	n09120
n08305	n09603
n08305	n09605
n08306	n04896
n08306	n08045
n08306	n09122
n08306	n09607
n08307	n05299
n08307	n05678
n08307	n05800
n08307	n05933
n08307	n05935
n08307	n06201
n08307	n06344
n08307	n06497
n08307	n06498
n08307	n06636
n08307	n06638
n08307	n06804
n08307	n07146
n08307	n07476
n08308	n01165
n08308	n01171
n08308	n02413
n08308	n05420
n08308	n05421
n08308	n06059
n08309	n08099
n08309	n08894
n08309	n09617
n08310	n06834
n08310	n07505
n08310	n07532
n08311	n05705
n08311	n08071
n08312	n07325
n08313	n04609
n08313	n05207
n08314	n07513
n08315	n08458
n08316	n08088
n08317	n07180
n08318	n05579
n08318	n07663
n08319	n00511
n08320	n06373
n08321	n09414
n08321	n09677
n08322	n06520
n08322	n08295
n08322	n09457
n08323	n06820
n08324	n03746
n08324	n03841
n08324	n04024
n08324	n06365
n08325	n03956
n08325	n04604
n08325	n05010
n08326	n07518
n08327	n07520
n08327	n07524
n08327	n09607
n08328	n09125
n08328	n09615
n08328	n09616
n08329	n09127
n08329	n09377
n08330	n05460
n08331	n01176
n08331	n01631
n08331	n07706
n08331	n09366
n08332	n07715
n08333	n07529
n08334	n05986
n08335	n03850
n08336	n05301
n08336	n05420
n08336	n05680
n08336	n05799
n08336	n05803
n08336	n05932
n08336	n06498
n08336	n06637
n08336	n06801
n08336	n07289
n08336	n07645
n08336	n08891
n08336	n09651
n08337	n09442
n08338	n05867
n08338	n07544
n08339	n03673
n08339	n09119
n08340	n02743
n08340	n04599
n08340	n05441
n08341	n04979
n08341	n05188
n08341	n05298
n08341	n05300
n08341	n05301
n08341	n05302
n08341	n05416
n08341	n05417
n08341	n05418
n08341	n05551
n08341	n05678
n08341	n05679
n08341	n05680
n08341	n05799
n08341	n05801
n08341	n05802
n08341	n05803
n08341	n05804
n08341	n05805
n08341	n05932
n08341	n05934
n08341	n05935
n08341	n06059
n08341	n06198
n08341	n06199
n08341	n06201
n08341	n06347
n08341	n06348
n08341	n06349
n08341	n06497
n08341	n06498
n08341	n06637
n08341	n06638
n08341	n06639
n08341	n06640
n08341	n06801
n08341	n06802
n08341	n06998
n08341	n07289
n08341	n07478
n08341	n07479
n08341	n07480
n08341	n07646
n08341	n08046
n08342	n09458
n08343	n05705
n08343	n09208
n08343	n09605
n08344	n07917
n08345	n01172
n08345	n03026
n08346	n04509
n08347	n08970
n08348	n02942
n08348	n06091
n08348	n06531
n08348	n08045
n08348	n08986
n08349	n07333
n08350	n06854
n08350	n09121
n08350	n09601
n08351	n09120
n08351	n09362
n08351	n09602
n08352	n08675
n08352	n08890
n08352	n09119
n08352	n09364
n08352	n09602
n08352	n09605
n08353	n03762
n08354	n07049
n08355	n03687
n08355	n05112
n08355	n08891
n08356	n04979
n08356	n05297
n08356	n05298
n08356	n05301
n08356	n05302
n08356	n05416
n08356	n05417
n08356	n05418
n08356	n05419
n08356	n05801
n08356	n05803
n08356	n05804
n08356	n05931
n08356	n05932
n08356	n05935
n08356	n06198
n08356	n06200
n08356	n06344
n08356	n06347
n08356	n06349
n08356	n06350
n08356	n06497
n08356	n06498
n08356	n06499
n08356	n06636
n08356	n06637
n08356	n06639
n08356	n06804
n08356	n07147
n08356	n07289
n08356	n07479
n08356	n07645
n08356	n07648
n08356	n07854
n08357	n06639
n08357	n07479
n08357	n07853
n08359	n08675
n08359	n09605
n08360	n04979
n08360	n05188
n08360	n05298
n08360	n05301
n08360	n05417
n08360	n05418
n08360	n05420
n08360	n05679
n08360	n05680
n08360	n05799
n08360	n05800
n08360	n05805
n08360	n05931
n08360	n05932
n08360	n05935
n08360	n06059
n08360	n06199
n08360	n06200
n08360	n06201
n08360	n06348
n08360	n06349
n08360	n06497
n08360	n06802
n08360	n06998
n08360	n07147
n08360	n07289
n08360	n07290
n08360	n07291
n08360	n07476
n08360	n07478
n08360	n07645
n08360	n07646
n08360	n07647
n08360	n07853
n08360	n07854
n08360	n07855
n08360	n08046
n08360	n08047
n08361	n00524
n08361	n01830
n08362	n05996
n08363	n09609
n08364	n04327
n08364	n06377
n08364	n08045
n08364	n09607
n08365	n03719
n08365	n07145
n08365	n07477
n08366	n05597
n08366	n08894
n08366	n09609
n08366	n09611
n08366	n09613
n08366	n09615
n08367	n09683
n08369	n01975
n08369	n03018
n08369	n06352
n08370	n09463
n08371	n03959
n08372	n03598
n08372	n04247
n08374	n09119
n08375	n09301
n08376	n09659
n08376	n09660
n08377	n06531
n08377	n08045
n08377	n09601
n08377	n09604
n08378	n09019
n08378	n09122
n08379	n04978
n08379	n04979
n08379	n05188
n08379	n05297
n08379	n05298
n08379	n05299
n08379	n05300
n08379	n05416
n08379	n05418
n08379	n05420
n08379	n05421
n08379	n05551
n08379	n05678
n08379	n05680
n08379	n05799
n08379	n05800
n08379	n05801
n08379	n05802
n08379	n05804
n08379	n05805
n08379	n05931
n08379	n05932
n08379	n05933
n08379	n05934
n08379	n05935
n08379	n06059
n08379	n06200
n08379	n06201
n08379	n06202
n08379	n06345
n08379	n06346
n08379	n06347
n08379	n06349
n08379	n06497
n08379	n06498
n08379	n06637
n08379	n06639
n08379	n06802
n08379	n06803
n08379	n06998
n08379	n07145
n08379	n07146
n08379	n07290
n08379	n07291
n08379	n07477
n08379	n07479
n08379	n07647
n08379	n07648
n08379	n07854
n08379	n08046
n08379	n08047
n08379	n08677
n08380	n09609
n08381	n04245
n08381	n04824
n08381	n04839
n08382	n07170
n08383	n05991
n08383	n09123
n08383	n09124
n08383	n09614
n08384	n08045
n08384	n09364
n08385	n05801
n08385	n06199
n08385	n08461
n08386	n06237
n08387	n05999
n08387	n09601
n08388	n09602
n08389	n07676
n08389	n08778
n08389	n09733
n08389	n09771
n08390	n06563
n08391	n03232
n08391	n08152
n08392	n09549
n08393	n02862
n08393	n04700
n08393	n09119
n08393	n09120
n08394	n05420
n08395	n02749
n08395	n03612
n08395	n03686
n08395	n04917
n08395	n05044
n08395	n05298
n08395	n05801
n08395	n05935
n08395	n06202
n08395	n06345
n08395	n06350
n08395	n07147
n08395	n07291
n08395	n07645
n08395	n07646
n08395	n07648
n08395	n08048
n08396	n08890
n08396	n09362
n08396	n09364
n08396	n09602
n08396	n09607
n08397	n05116
n08398	n07749
n08398	n09364
n08398	n09604
n08399	n05991
n08399	n08894
n08399	n09123
n08399	n09124
n08399	n09367
n08399	n09368
n08399	n09609
n08399	n09611
n08399	n09614
n08399	n09617
n08400	n05799
n08400	n06349
n08400	n07476
n08400	n08515
n08400	n09219
n08401	n04329
n08401	n06498
n08401	n07855
n08401	n07978
n08402	n09724
n08403	n05356
n08403	n09120
n08403	n09121
n08403	n09601
n08403	n09602
n08404	n05090
n08404	n08458
n08404	n08500
n08404	n09362
n08405	n07153
n08405	n09606
n08407	n09010
n08407	n09378
n08407	n09606
n08408	n05240
n08408	n06265
n08408	n07942
n08409	n03793
n08409	n06263
n08409	n09368
n08410	n08045
n08410	n09120
n08410	n09121
n08410	n09602
n08411	n07476
n08411	n08519
n08412	n02292
n08412	n09121
n08413	n03888
n08413	n09124
n08413	n09369
n08413	n09609
n08414	n02770
n08414	n06499
n08414	n07480
n08415	n09301
n08416	n07406
n08416	n08894
n08417	n06754
n08417	n09613
n08418	n08045
n08419	n06350
n08419	n06441
n08419	n06497
n08419	n06802
n08419	n07145
n08419	n07476
n08419	n07645
n08419	n08046
n08420	n04979
n08420	n05188
n08420	n05297
n08420	n05299
n08420	n05301
n08420	n05302
n08420	n05417
n08420	n05418
n08420	n05421
n08420	n05551
n08420	n05678
n08420	n05679
n08420	n05680
n08420	n05799
n08420	n05800
n08420	n05801
n08420	n05802
n08420	n05803
n08420	n05804
n08420	n05805
n08420	n05931
n08420	n05932
n08420	n05934
n08420	n06059
n08420	n06198
n08420	n06199
n08420	n06200
n08420	n06202
n08420	n06344
n08420	n06346
n08420	n06347
n08420	n06348
n08420	n06349
n08420	n06350
n08420	n06498
n08420	n06636
n08420	n06639
n08420	n06640
n08420	n06803
n08420	n07145
n08420	n07146
n08420	n07291
n08420	n07476
n08420	n07480
n08420	n07645
n08420	n07647
n08420	n07648
n08420	n07853
n08420	n07854
n08420	n07855
n08420	n08046
n08420	n08891
n08421	n06739
n08422	n09119
n08423	n03980
n08423	n08894
n08423	n09367
n08423	n09370
n08423	n09612
n08423	n09616
n08423	n09617
n08424	n03773
n08424	n05551
n08424	n05680
n08424	n05713
n08424	n05804
n08424	n05934
n08424	n06200
n08424	n06349
n08424	n06499
n08424	n06639
n08424	n07147
n08424	n07853
n08424	n08046
n08424	n08738
n08425	n05637
n08425	n08709
n08426	n05029
n08426	n05144
n08427	n06207
n08427	n06344
n08427	n07145
n08427	n08045
n08427	n09607
n08427	n09646
n08428	n08045
n08428	n09120
n08428	n09601
n08428	n09602
n08428	n09603
n08429	n03103
n08429	n03713
n08429	n08045
n08429	n09120
n08429	n09121
n08429	n09604
n08430	n05336
n08430	n06223
n08430	n06424
n08430	n09149
n08430	n09365
n08430	n09602
n08430	n09603
n08430	n09608
n08431	n02543
n08431	n09122
n08432	n02961
n08432	n05086
n08433	n01849
n08433	n05551
n08433	n05799
n08433	n05994
n08433	n06349
n08433	n06636
n08433	n06638
n08433	n06998
n08433	n07289
n08433	n07479
n08433	n07647
n08433	n08047
n08433	n08048
n08434	n04978
n08434	n05188
n08434	n05297
n08434	n05298
n08434	n05299
n08434	n05300
n08434	n05301
n08434	n05416
n08434	n05417
n08434	n05418
n08434	n05419
n08434	n05421
n08434	n05551
n08434	n05678
n08434	n05679
n08434	n05680
n08434	n05799
n08434	n05800
n08434	n05801
n08434	n05803
n08434	n05804
n08434	n05805
n08434	n05931
n08434	n05932
n08434	n05933
n08434	n05934
n08434	n06199
n08434	n06200
n08434	n06201
n08434	n06202
n08434	n06345
n08434	n06346
n08434	n06347
n08434	n06350
n08434	n06497
n08434	n06498
n08434	n06499
n08434	n06637
n08434	n06638
n08434	n06639
n08434	n06801
n08434	n06802
n08434	n06803
n08434	n07289
n08434	n07290
n08434	n07476
n08434	n07477
n08434	n07479
n08434	n07646
n08434	n07647
n08434	n07854
n08434	n07855
n08434	n08046
n08434	n08254
n08434	n08891
n08435	n04978
n08435	n05188
n08435	n05297
n08435	n05298
n08435	n05299
n08435	n05300
n08435	n05301
n08435	n05416
n08435	n05417
n08435	n05418
n08435	n05419
n08435	n05420
n08435	n05421
n08435	n05551
n08435	n05678
n08435	n05679
n08435	n05680
n08435	n05799
n08435	n05800
n08435	n05801
n08435	n05803
n08435	n05804
n08435	n05805
n08435	n05931
n08435	n05932
n08435	n05933
n08435	n05934
n08435	n05935
n08435	n06059
n08435	n06198
n08435	n06199
n08435	n06200
n08435	n06201
n08435	n06202
n08435	n06344
n08435	n06345
n08435	n06346
n08435	n06347
n08435	n06348
n08435	n06349
n08435	n06350
n08435	n06498
n08435	n06499
n08435	n06636
n08435	n06637
n08435	n06638
n08435	n06639
n08435	n06640
n08435	n06801
n08435	n06802
n08435	n06803
n08435	n06804
n08435	n06998
n08435	n07291
n08435	n07476
n08435	n07477
n08435	n07479
n08435	n07645
n08435	n07646
n08435	n07648
n08435	n07853
n08435	n07854
n08435	n07855
n08435	n08046
n08435	n08254
n08435	n08891
n08436	n04979
n08436	n05298
n08436	n05300
n08436	n05301
n08436	n05302
n08436	n05416
n08436	n05418
n08436	n05419
n08436	n05420
n08436	n05551
n08436	n05678
n08436	n05679
n08436	n05799
n08436	n05801
n08436	n05803
n08436	n05804
n08436	n05805
n08436	n05931
n08436	n05932
n08436	n05934
n08436	n05935
n08436	n06198
n08436	n06200
n08436	n06201
n08436	n06202
n08436	n06347
n08436	n06348
n08436	n06497
n08436	n06498
n08436	n06499
n08436	n06636
n08436	n06637
n08436	n06638
n08436	n06639
n08436	n06640
n08436	n06803
n08436	n06804
n08436	n07145
n08436	n07146
n08436	n07147
n08436	n07289
n08436	n07290
n08436	n07291
n08436	n07476
n08436	n07477
n08436	n07478
n08436	n07479
n08436	n07480
n08436	n07645
n08436	n07648
n08436	n07854
n08436	n08048
n08436	n08254
n08437	n08458
n08437	n08568
n08438	n04271
n08438	n08045
n08439	n02677
n08439	n09123
n08439	n09367
n08439	n09610
n08439	n09612
n08439	n09614
n08440	n04978
n08440	n05297
n08440	n05300
n08440	n05302
n08440	n05418
n08440	n05419
n08440	n05679
n08440	n05799
n08440	n05802
n08440	n05803
n08440	n05933
n08440	n05934
n08440	n06199
n08440	n06202
n08440	n06344
n08440	n06350
n08440	n06497
n08440	n06636
n08440	n06637
n08440	n06801
n08440	n07477
n08440	n08047
n08441	n08045
n08441	n09602
n08442	n04042
n08442	n05734
n08442	n09368
n08442	n09370
n08442	n09614
n08443	n06638
n08443	n09118
n08444	n05714
n08444	n09605
n08444	n09606
n08445	n04274
n08446	n02776
n08446	n04075
n08446	n09605
n08447	n06344
n08447	n07597
n08447	n09603
n08447	n09605
n08448	n07356
n08448	n07736
n08448	n09762
n08449	n05996
n08449	n07888
n08450	n02868
n08451	n03043
n08451	n05300
n08451	n06349
n08451	n06636
n08451	n06804
n08451	n07147
n08451	n07480
n08452	n04813
n08452	n08045
n08452	n08760
n08452	n09601
n08453	n00535
n08453	n07236
n08453	n08045
n08453	n09119
n08453	n09364
n08453	n09505
n08453	n09602
n08454	n06724
n08454	n08325
n08454	n09367
n08454	n09368
n08454	n09614
n08454	n09617
n08455	n03267
n08455	n07965
n08455	n09366
n08455	n09367
n08455	n09614
n08456	n03336
n08456	n07983
n08456	n09121
n08457	n08045
n08457	n08675
n08457	n08890
n08457	n09119
n08457	n09120
n08457	n09122
n08457	n09365
n08457	n09602
n08457	n09603
n08457	n09604
n08457	n09605
n08459	n06061
n08459	n06201
n08459	n06497
n08459	n07292
n08460	n07652
n08461	n07651
n08463	n07859
n08464	n09623
n08465	n07654
n08465	n08458
n08465	n09363
n08466	n08679
n08467	n06210
n08468	n04399
n08468	n04693
n08468	n05305
n08468	n05686
n08468	n07304
n08470	n06810
n08470	n08263
n08471	n05684
n08471	n06646
n08473	n06808
n08473	n07150
n08473	n07485
n08473	n07862
n08474	n07649
n08474	n07652
n08476	n08901
n08477	n08909
n08477	n09365
n08477	n09603
n08478	n04115
n08479	n05304
n08479	n06507
n08481	n03371
n08481	n05951
n08481	n06214
n08482	n07680
n08483	n09644
n08484	n07649
n08484	n08890
n08484	n09382
n08484	n09603
n08485	n09156
n08485	n09368
n08485	n09370
n08486	n09118
n08487	n06222
n08487	n07002
n08488	n06215
n08488	n09608
n08489	n00874
n08489	n01979
n08489	n04799
n08490	n04892
n08490	n05694
n08491	n06667
n08492	n08045
n08492	n08675
n08493	n08937
n08494	n08937
n08496	n08675
n08497	n08261
n08498	n09363
n08499	n08274
n08499	n08893
n08500	n05952
n08500	n08072
n08501	n06660
n08501	n09644
n08502	n05950
n08502	n07677
n08503	n09672
n08504	n08062
n08505	n08067
n08505	n08699
n08506	n08892
n08506	n08893
n08506	n08894
n08506	n09124
n08506	n09366
n08506	n09609
n08506	n09610
n08506	n09612
n08506	n09613
n08506	n09615
n08506	n09616
n08506	n09617
n08507	n05297
n08507	n05298
n08507	n05421
n08507	n05800
n08507	n05802
n08507	n05931
n08507	n06199
n08507	n06346
n08507	n06348
n08507	n06497
n08507	n06637
n08507	n06638
n08507	n07853
n08508	n06664
n08508	n07673
n08508	n09607
n08509	n07853
n08509	n08086
n08510	n04897
n08512	n03947
n08512	n04314
n08513	n07322
n08514	n06238
n08514	n08458
n08514	n09363
n08515	n07032
n08515	n07701
n08517	n05825
n08517	n07855
n08518	n09677
n08519	n08501
n08520	n04707
n08520	n09362
n08520	n09365
n08520	n09608
n08521	n08711
n08521	n09119
n08521	n09608
n08522	n09170
n08522	n09370
n08522	n09610
n08523	n05834
n08523	n06638
n08524	n06820
n08525	n07152
n08525	n07155
n08526	n01420
n08526	n02426
n08526	n05300
n08526	n05933
n08526	n06639
n08526	n06804
n08526	n07479
n08526	n07645
n08526	n07853
n08526	n07854
n08526	n08677
n08527	n07052
n08527	n09365
n08527	n09604
n08528	n08675
n08528	n09119
n08528	n09121
n08528	n09602
n08529	n04707
n08529	n06849
n08529	n08890
n08529	n09603
n08530	n07315
n08530	n09118
n08530	n09604
n08531	n07177
n08531	n09605
n08532	n07700
n08533	n06225
n08534	n06259
n08534	n06353
n08534	n08893
n08535	n07176
n08536	n04232
n08536	n07646
n08537	n04419
n08537	n05566
n08538	n03945
n08538	n04611
n08538	n08890
n08538	n09603
n08540	n05455
n08541	n09119
n08541	n09364
n08541	n09602
n08541	n09603
n08542	n01637
n08542	n01827
n08542	n03761
n08542	n04225
n08542	n04348
n08542	n05145
n08542	n09123
n08543	n08894
n08543	n09124
n08543	n09367
n08543	n09612
n08543	n09614
n08543	n09615
n08544	n05805
n08544	n06198
n08544	n06241
n08545	n05805
n08545	n05933
n08545	n07479
n08545	n08285
n08547	n09118
n08548	n04804
n08548	n07311
n08549	n06898
n08549	n06998
n08549	n07478
n08549	n07647
n08549	n07854
n08549	n08047
n08549	n08676
n08550	n04978
n08550	n05298
n08550	n05300
n08550	n05419
n08550	n05420
n08550	n05421
n08550	n05551
n08550	n05678
n08550	n05679
n08550	n05680
n08550	n05800
n08550	n05801
n08550	n05802
n08550	n05804
n08550	n05931
n08550	n06198
n08550	n06199
n08550	n06200
n08550	n06344
n08550	n06345
n08550	n06346
n08550	n06497
n08550	n06498
n08550	n06636
n08550	n06637
n08550	n06638
n08550	n06802
n08550	n06803
n08550	n07145
n08550	n07147
n08550	n07290
n08550	n07476
n08550	n07853
n08550	n08046
n08551	n09410
n08551	n09608
n08552	n02940
n08552	n03102
n08552	n05933
n08552	n06640
n08552	n07478
n08554	n05750
n08555	n05799
n08555	n06199
n08555	n07476
n08555	n07478
n08555	n07646
n08555	n07647
n08555	n08458
n08555	n08461
n08555	n09118
n08555	n09363
n08556	n08528
n08557	n05838
n08558	n04811
n08558	n06842
n08558	n08675
n08559	n08675
n08559	n09119
n08559	n09607
n08560	n09604
n08561	n01637
n08561	n01827
n08561	n03761
n08561	n04225
n08561	n04348
n08561	n05145
n08562	n05325
n08562	n06345
n08562	n07321
n08562	n08893
n08562	n09124
n08562	n09370
n08562	n09610
n08563	n05297
n08563	n05679
n08563	n05799
n08563	n07145
n08563	n07696
n08564	n06246
n08565	n04979
n08565	n05297
n08565	n05416
n08565	n05419
n08565	n05420
n08565	n05551
n08565	n05799
n08565	n05800
n08565	n05932
n08565	n05935
n08565	n06200
n08565	n06201
n08565	n06202
n08565	n06346
n08565	n06347
n08565	n06348
n08565	n06349
n08565	n06350
n08565	n06497
n08565	n06636
n08565	n06638
n08565	n06803
n08565	n06998
n08565	n07289
n08565	n07290
n08565	n07291
n08565	n07478
n08565	n07647
n08566	n07522
n08566	n08099
n08566	n08894
n08568	n03579
n08568	n03838
n08568	n09118
n08569	n09121
n08569	n09134
n08570	n05188
n08570	n05297
n08570	n05300
n08570	n05301
n08570	n05302
n08570	n05416
n08570	n05417
n08570	n05419
n08570	n05421
n08570	n05678
n08570	n05679
n08570	n05799
n08570	n05800
n08570	n05801
n08570	n05804
n08570	n05805
n08570	n05932
n08570	n05934
n08570	n05935
n08570	n06199
n08570	n06200
n08570	n06344
n08570	n06345
n08570	n06348
n08570	n06350
n08570	n06497
n08570	n06636
n08570	n06637
n08570	n06640
n08570	n06801
n08570	n06802
n08570	n06803
n08570	n06804
n08570	n07145
n08570	n07146
n08570	n07289
n08570	n07290
n08570	n07476
n08570	n07480
n08570	n07645
n08570	n07648
n08570	n07853
n08570	n07854
n08570	n08048
n08570	n08254
n08571	n07670
n08571	n08494
n08572	n09381
n08573	n09118
n08573	n09641
n08574	n04210
n08574	n04980
n08574	n05739
n08574	n06396
n08574	n07853
n08574	n08087
n08574	n09603
n08576	n05723
n08576	n08133
n08576	n09362
n08577	n07476
n08577	n08336
n08578	n08355
n08579	n08731
n08580	n04022
n08580	n07339
n08581	n01996
n08582	n08045
n08582	n08675
n08582	n09362
n08583	n05147
n08583	n05459
n08583	n09607
n08584	n05735
n08584	n09363
n08585	n06301
n08585	n09148
n08586	n04813
n08586	n08045
n08586	n09120
n08586	n09605
n08587	n03687
n08587	n04978
n08587	n05112
n08587	n05188
n08587	n05298
n08587	n05302
n08587	n05803
n08587	n05934
n08587	n06198
n08587	n06348
n08587	n06350
n08587	n06497
n08587	n06640
n08587	n06802
n08587	n06803
n08587	n06804
n08587	n07145
n08587	n07146
n08587	n07476
n08587	n07478
n08587	n07479
n08587	n07645
n08587	n07648
n08587	n07853
n08587	n07854
n08587	n08046
n08588	n06119
n08589	n05221
n08589	n05717
n08589	n06499
n08589	n07480
n08590	n07193
n08591	n08045
n08591	n09122
n08591	n09362
n08591	n09364
n08591	n09601
n08592	n06573
n08592	n08045
n08592	n09362
n08593	n07726
n08594	n04334
n08594	n09609
n08595	n05417
n08595	n05931
n08595	n06499
n08595	n06932
n08595	n07496
n08595	n07648
n08595	n07855
n08595	n08048
n08595	n08677
n08596	n09602
n08596	n09604
n08597	n08015
n08598	n03752
n08598	n05582
n08598	n06398
n08598	n08675
n08598	n09607
n08599	n08993
n08600	n04978
n08600	n04979
n08600	n05188
n08600	n05297
n08600	n05300
n08600	n05301
n08600	n05302
n08600	n05416
n08600	n05418
n08600	n05419
n08600	n05420
n08600	n05421
n08600	n05551
n08600	n05799
n08600	n05800
n08600	n05801
n08600	n05802
n08600	n05803
n08600	n05804
n08600	n05805
n08600	n05931
n08600	n05933
n08600	n05934
n08600	n06059
n08600	n06199
n08600	n06201
n08600	n06345
n08600	n06346
n08600	n06347
n08600	n06348
n08600	n06349
n08600	n06350
n08600	n06497
n08600	n06498
n08600	n06636
n08600	n06637
n08600	n06639
n08600	n06640
n08600	n06801
n08600	n06802
n08600	n06803
n08600	n06998
n08600	n07146
n08600	n07147
n08600	n07290
n08600	n07476
n08600	n07477
n08600	n07478
n08600	n07479
n08600	n07480
n08600	n07645
n08600	n08046
n08600	n08254
n08600	n08676
n08600	n08677
n08601	n04172
n08602	n02546
n08602	n09362
n08603	n01834
n08603	n01995
n08603	n02159
n08603	n08289
n08603	n08675
n08603	n09604
n08604	n02866
n08605	n08956
n08605	n08976
n08605	n09124
n08605	n09609
n08606	n09603
n08607	n05850
n08607	n07529
n08607	n09118
n08608	n05853
n08608	n08045
n08608	n08496
n08608	n09608
n08609	n05750
n08609	n08493
n08609	n08494
n08610	n06217
n08610	n08458
n08611	n08458
n08611	n08951
n08612	n03961
n08612	n09611
n08612	n09612
n08613	n09022
n08613	n09362
n08613	n09604
n08613	n09607
n08614	n07086
n08614	n08543
n08614	n08893
n08614	n09366
n08614	n09370
n08614	n09609
n08614	n09610
n08614	n09611
n08614	n09617
n08615	n03769
n08616	n08045
n08616	n09362
n08616	n09603
n08617	n05126
n08618	n07959
n08619	n03663
n08619	n07342
n08619	n09614
n08619	n09616
n08620	n02751
n08620	n07073
n08620	n08115
n08621	n08045
n08621	n09121
n08622	n07146
n08622	n07646
n08622	n09606
n08623	n06522
n08623	n09119
n08623	n09365
n08623	n09604
n08623	n09607
n08624	n07341
n08625	n03047
n08626	n01975
n08626	n03018
n08626	n06352
n08627	n08890
n08627	n09121
n08627	n09122
n08627	n09364
n08627	n09603
n08627	n09604
n08628	n03967
n08628	n04048
n08628	n06890
n08629	n08045
n08629	n08678
n08629	n08890
n08629	n09119
n08629	n09120
n08629	n09122
n08629	n09601
n08629	n09603
n08629	n09604
n08629	n09607
n08629	n09608
n08629	n09620
n08630	n05028
n08630	n09378
n08632	n02749
n08632	n03612
n08632	n03686
n08632	n05044
n08632	n05298
n08632	n05299
n08632	n05417
n08632	n05418
n08632	n05551
n08632	n05678
n08632	n06345
n08632	n06346
n08632	n06801
n08632	n07145
n08632	n07147
n08632	n07289
n08632	n07290
n08632	n07291
n08632	n07478
n08632	n07645
n08632	n07646
n08632	n07648
n08632	n07853
n08632	n07855
n08632	n08048
n08633	n04347
n08633	n08157
n08633	n09121
n08633	n09607
n08634	n05297
n08634	n05299
n08634	n05302
n08634	n05679
n08634	n05799
n08634	n05800
n08634	n05801
n08634	n05802
n08634	n05934
n08634	n06199
n08634	n06202
n08634	n06349
n08634	n06497
n08634	n06499
n08634	n06638
n08634	n07145
n08634	n07477
n08634	n07645
n08634	n07647
n08634	n08045
n08634	n08254
n08634	n09362
n08635	n06427
n08635	n09617
n08636	n07355
n08636	n07387
n08636	n09122
n08636	n09602
n08637	n04979
n08637	n05188
n08637	n05298
n08637	n05299
n08637	n05302
n08637	n05416
n08637	n05417
n08637	n05420
n08637	n05421
n08637	n05551
n08637	n05678
n08637	n05679
n08637	n05680
n08637	n05799
n08637	n05800
n08637	n05802
n08637	n05803
n08637	n05804
n08637	n05805
n08637	n05931
n08637	n05932
n08637	n05934
n08637	n05935
n08637	n06199
n08637	n06200
n08637	n06201
n08637	n06344
n08637	n06345
n08637	n06346
n08637	n06347
n08637	n06348
n08637	n06350
n08637	n06497
n08637	n06498
n08637	n06499
n08637	n06637
n08637	n06639
n08637	n06640
n08637	n06802
n08637	n06804
n08637	n07146
n08637	n07290
n08637	n07291
n08637	n07478
n08637	n07479
n08637	n07480
n08637	n07646
n08637	n07647
n08637	n07648
n08637	n07853
n08637	n07855
n08637	n08677
n08638	n04978
n08638	n04979
n08638	n05188
n08638	n05297
n08638	n05298
n08638	n05299
n08638	n05301
n08638	n05302
n08638	n05416
n08638	n05417
n08638	n05420
n08638	n05421
n08638	n05551
n08638	n05679
n08638	n05799
n08638	n05800
n08638	n05802
n08638	n05803
n08638	n05804
n08638	n05805
n08638	n05931
n08638	n05932
n08638	n05934
n08638	n06199
n08638	n06201
n08638	n06346
n08638	n06347
n08638	n06348
n08638	n06349
n08638	n06350
n08638	n06497
n08638	n06498
n08638	n06499
n08638	n06637
n08638	n06639
n08638	n06640
n08638	n06802
n08638	n06803
n08638	n06804
n08638	n07145
n08638	n07146
n08638	n07290
n08638	n07291
n08638	n07478
n08638	n07479
n08638	n07480
n08638	n07645
n08638	n07646
n08638	n07647
n08638	n07648
n08638	n07854
n08638	n07855
n08638	n08254
n08638	n08676
n08638	n08677
n08638	n08891
n08639	n05297
n08639	n05302
n08639	n05416
n08639	n05420
n08639	n05678
n08639	n05680
n08639	n05799
n08639	n05803
n08639	n05804
n08639	n05805
n08639	n05932
n08639	n05935
n08639	n06059
n08639	n06345
n08639	n06346
n08639	n06349
n08639	n06350
n08639	n06497
n08639	n06499
n08639	n06637
n08639	n06801
n08639	n07145
n08639	n07146
n08639	n07289
n08639	n07476
n08639	n07478
n08639	n07479
n08639	n07480
n08639	n07648
n08639	n08046
n08639	n08677
n08640	n08781
n08640	n09242
n08641	n08892
n08641	n09124
n08641	n09615
n08641	n09616
n08642	n09368
n08642	n09613
n08644	n08045
n08644	n09121
n08644	n09122
n08645	n04448
n08646	n08045
n08646	n08675
n08646	n09607
n08647	n06060
n08647	n09118
n08647	n09606
n08647	n09619
n08648	n00899
n08648	n05960
n08649	n04517
n08649	n08045
n08649	n08675
n08649	n09365
n08650	n03179
n08650	n09118
n08650	n09363
n08651	n08458
n08651	n09363
n08653	n08045
n08653	n09119
n08653	n09120
n08653	n09122
n08653	n09601
n08654	n04077
n08654	n05416
n08654	n05894
n08654	n06200
n08655	n04979
n08655	n05188
n08655	n05301
n08655	n05302
n08655	n05416
n08655	n05417
n08655	n05418
n08655	n05419
n08655	n05551
n08655	n05678
n08655	n05680
n08655	n05799
n08655	n05800
n08655	n05801
n08655	n05803
n08655	n05805
n08655	n05931
n08655	n05933
n08655	n05935
n08655	n06059
n08655	n06200
n08655	n06201
n08655	n06202
n08655	n06344
n08655	n06346
n08655	n06347
n08655	n06349
n08655	n06498
n08655	n06499
n08655	n06637
n08655	n06638
n08655	n06639
n08655	n06803
n08655	n06804
n08655	n06998
n08655	n07146
n08655	n07291
n08655	n07478
n08655	n07646
n08655	n08046
n08655	n08047
n08655	n08676
n08655	n08677
n08656	n06028
n08656	n06895
n08656	n09120
n08657	n02306
n08658	n07145
n08658	n08045
n08658	n09277
n08658	n09604
n08659	n02148
n08659	n05299
n08659	n07145
n08660	n06302
n08660	n08458
n08661	n01457
n08662	n05249
n08663	n07377
n08664	n08458
n08664	n09606
n08665	n02414
n08665	n03263
n08665	n09119
n08665	n09122
n08666	n00545
n08667	n05188
n08667	n05297
n08667	n05298
n08667	n05301
n08667	n05302
n08667	n05416
n08667	n05417
n08667	n05418
n08667	n05419
n08667	n05420
n08667	n05421
n08667	n05551
n08667	n05678
n08667	n05680
n08667	n05799
n08667	n05801
n08667	n05802
n08667	n05803
n08667	n05932
n08667	n05933
n08667	n05934
n08667	n06059
n08667	n06198
n08667	n06200
n08667	n06201
n08667	n06202
n08667	n06344
n08667	n06345
n08667	n06349
n08667	n06497
n08667	n06498
n08667	n06499
n08667	n06636
n08667	n06640
n08667	n06801
n08667	n06802
n08667	n06804
n08667	n07145
n08667	n07147
n08667	n07289
n08667	n07290
n08667	n07291
n08667	n07476
n08667	n07477
n08667	n07480
n08667	n07645
n08667	n07647
n08667	n07648
n08667	n07853
n08667	n07854
n08667	n07855
n08667	n08046
n08667	n08048
n08667	n08254
n08667	n08677
n08668	n09551
n08668	n09610
n08668	n09611
n08668	n09615
n08669	n08045
n08669	n09603
n08669	n09604
n08669	n09605
n08670	n04645
n08670	n06065
n08670	n06757
n08670	n08045
n08671	n09507
n08672	n09158
n08672	n09168
n08673	n03323
n08673	n03955
n08673	n05389
n08673	n06537
n08673	n07028
n08673	n07361
n08673	n08890
n08673	n09119
n08673	n09603
n08673	n09604
n08673	n09607
n08674	n05034
n08674	n05964
n08674	n06927
n08679	n09126
n08680	n09374
n08682	n07657
n08682	n07863
n08683	n03939
n08683	n03940
n08684	n05945
n08684	n06508
n08685	n08692
n08686	n05553
n08686	n08675
n08686	n09371
n08687	n04399
n08687	n04693
n08687	n05305
n08687	n05686
n08687	n07304
n08688	n06073
n08688	n06361
n08689	n05553
n08689	n08675
n08689	n09371
n08690	n09376
n08691	n08897
n08693	n06810
n08693	n08263
n08693	n09364
n08694	n03938
n08694	n04307
n08694	n04395
n08694	n05430
n08694	n06344
n08696	n08921
n08697	n04887
n08697	n05690
n08697	n05949
n08697	n06216
n08697	n07492
n08698	n09624
n08699	n09394
n08700	n04892
n08700	n05694
n08701	n04022
n08701	n09118
n08702	n08270
n08704	n03235
n08704	n04113
n08704	n08080
n08705	n04796
n08706	n05799
n08707	n06075
n08708	n06218
n08710	n06819
n08711	n09153
n08712	n04697
n08712	n05418
n08712	n06836
n08712	n07477
n08712	n07645
n08714	n09170
n08715	n09122
n08716	n04209
n08716	n04901
n08717	n09621
n08718	n08675
n08718	n08890
n08718	n09603
n08719	n07167
n08720	n07508
n08721	n06836
n08721	n08704
n08722	n04895
n08722	n06824
n08723	n08932
n08724	n07019
n08725	n06669
n08726	n08965
n08727	n08292
n08727	n09124
n08727	n09616
n08729	n04981
n08729	n07897
n08729	n08675
n08729	n09607
n08730	n08935
n08730	n09120
n08732	n04979
n08732	n05188
n08732	n05297
n08732	n05298
n08732	n05299
n08732	n05302
n08732	n05551
n08732	n05678
n08732	n05679
n08732	n05680
n08732	n05803
n08732	n05805
n08732	n05931
n08732	n06059
n08732	n06201
n08732	n06202
n08732	n06346
n08732	n06347
n08732	n06497
n08732	n06499
n08732	n06636
n08732	n06637
n08732	n06640
n08732	n06804
n08732	n07146
n08732	n07290
n08732	n07476
n08733	n04979
n08733	n05188
n08733	n05297
n08733	n05298
n08733	n05299
n08733	n05302
n08733	n05416
n08733	n05551
n08733	n05678
n08733	n05679
n08733	n05680
n08733	n05801
n08733	n05803
n08733	n05805
n08733	n05931
n08733	n05933
n08733	n05935
n08733	n06059
n08733	n06201
n08733	n06202
n08733	n06345
n08733	n06346
n08733	n06347
n08733	n06349
n08733	n06497
n08733	n06498
n08733	n06499
n08733	n06637
n08733	n06803
n08733	n06804
n08733	n07145
n08733	n07146
n08733	n07290
n08733	n07476
n08733	n07478
n08733	n07854
n08733	n08254
n08733	n08677
n08734	n05961
n08735	n08045
n08735	n09120
n08736	n08071
n08737	n06350
n08737	n08675
n08738	n03583
n08738	n05800
n08738	n05932
n08738	n06096
n08738	n06345
n08738	n06348
n08738	n06636
n08738	n06998
n08738	n07290
n08739	n06379
n08739	n09138
n08740	n08045
n08740	n09122
n08741	n04226
n08742	n06101
n08742	n09120
n08743	n04502
n08743	n05456
n08743	n08284
n08744	n09631
n08745	n09170
n08745	n09370
n08746	n04980
n08746	n05681
n08746	n08890
n08746	n08891
n08746	n09603
n08747	n03945
n08747	n04611
n08748	n08890
n08748	n08903
n08748	n09608
n08749	n05976
n08750	n05869
n08750	n08675
n08750	n09605
n08751	n06382
n08751	n09369
n08752	n00061
n08753	n09121
n08754	n05588
n08755	n06847
n08756	n07363
n08756	n08894
n08757	n08893
n08757	n09124
n08757	n09615
n08757	n09617
n08758	n07725
n08758	n09604
n08759	n04418
n08759	n06814
n08759	n08045
n08759	n09119
n08760	n07352
n08761	n03659
n08761	n04322
n08761	n05577
n08761	n09364
n08762	n06389
n08763	n06231
n08763	n09611
n08765	n09362
n08765	n09699
n08766	n09699
n08767	n08892
n08767	n08893
n08767	n09124
n08767	n09366
n08767	n09367
n08767	n09612
n08768	n07336
n08768	n08714
n08768	n09124
n08768	n09367
n08768	n09368
n08768	n09609
n08768	n09616
n08769	n08892
n08769	n09369
n08770	n03459
n08770	n04736
n08770	n06844
n08770	n08323
n08771	n06668
n08771	n08311
n08772	n08569
n08772	n09362
n08773	n06199
n08773	n08048
n08773	n08776
n08774	n06701
n08774	n08097
n08774	n08325
n08774	n09367
n08774	n09611
n08775	n09364
n08776	n06707
n08777	n04610
n08777	n05421
n08777	n06345
n08777	n06803
n08777	n08047
n08777	n08915
n08778	n08473
n08778	n08502
n08778	n09186
n08779	n04809
n08779	n09365
n08780	n00067
n08780	n00135
n08780	n02639
n08780	n05302
n08780	n06637
n08780	n07476
n08781	n05715
n08781	n06407
n08782	n04712
n08782	n09604
n08783	n05596
n08783	n09714
n08784	n07190
n08785	n08045
n08785	n09365
n08787	n06252
n08788	n09121
n08789	n08045
n08789	n08511
n08791	n07921
n08791	n09125
n08791	n09368
n08791	n09610
n08791	n09615
n08792	n06855
n08792	n07379
n08792	n09121
n08792	n09122
n08792	n09601
n08792	n09605
n08793	n08894
n08793	n09123
n08793	n09124
n08794	n03034
n08794	n03116
n08794	n06698
n08794	n09365
n08794	n09601
n08795	n08271
n08795	n08708
n08795	n09123
n08796	n05845
n08797	n04978
n08797	n04979
n08797	n05297
n08797	n05298
n08797	n05416
n08797	n05420
n08797	n05680
n08797	n05799
n08797	n05800
n08797	n05803
n08797	n05804
n08797	n05805
n08797	n05933
n08797	n05935
n08797	n06201
n08797	n06344
n08797	n06345
n08797	n06346
n08797	n06347
n08797	n06348
n08797	n06636
n08797	n06640
n08797	n06801
n08797	n06802
n08797	n07146
n08797	n07147
n08797	n07289
n08797	n07479
n08797	n07480
n08797	n07854
n08797	n07855
n08797	n08046
n08797	n08048
n08798	n05434
n08798	n06822
n08798	n07016
n08798	n08056
n08798	n08458
n08799	n07672
n08799	n08494
n08799	n09364
n08800	n06525
n08801	n06119
n08802	n05299
n08802	n05680
n08802	n08047
n08802	n08776
n08803	n08273
n08804	n01425
n08804	n05188
n08804	n05301
n08804	n05302
n08804	n05416
n08804	n05801
n08804	n05805
n08804	n05931
n08804	n05933
n08804	n05934
n08804	n06059
n08804	n06350
n08804	n06498
n08804	n06499
n08804	n06636
n08804	n06802
n08804	n06804
n08804	n06998
n08804	n07289
n08804	n07291
n08804	n07476
n08804	n07648
n08804	n07853
n08804	n07854
n08804	n08048
n08805	n09366
n08805	n09613
n08805	n09617
n08806	n08063
n08806	n09695
n08807	n08458
n08808	n06703
n08809	n02752
n08809	n05589
n08809	n07647
n08810	n07493
n08811	n06289
n08811	n07914
n08811	n08458
n08811	n09610
n08812	n04978
n08812	n04979
n08812	n05188
n08812	n05297
n08812	n05299
n08812	n05300
n08812	n05301
n08812	n05302
n08812	n05416
n08812	n05417
n08812	n05418
n08812	n05419
n08812	n05420
n08812	n05421
n08812	n05678
n08812	n05679
n08812	n05680
n08812	n05799
n08812	n05800
n08812	n05801
n08812	n05802
n08812	n05803
n08812	n05931
n08812	n05933
n08812	n05935
n08812	n06059
n08812	n06198
n08812	n06199
n08812	n06200
n08812	n06201
n08812	n06202
n08812	n06344
n08812	n06345
n08812	n06346
n08812	n06347
n08812	n06348
n08812	n06349
n08812	n06350
n08812	n06497
n08812	n06498
n08812	n06636
n08812	n06637
n08812	n06638
n08812	n06639
n08812	n06640
n08812	n06804
n08812	n07145
n08812	n07146
n08812	n07147
n08812	n07289
n08812	n07290
n08812	n07291
n08812	n07476
n08812	n07479
n08812	n07480
n08812	n07645
n08812	n07646
n08812	n07647
n08812	n07648
n08812	n07853
n08812	n07854
n08812	n08046
n08812	n08047
n08812	n08048
n08812	n08254
n08813	n00204
n08814	n05425
n08814	n05809
n08814	n06644
n08814	n08892
n08814	n08893
n08815	n07026
n08815	n09123
n08815	n09124
n08815	n09616
n08816	n03320
n08816	n06584
n08816	n09602
n08816	n09608
n08817	n08675
n08818	n04737
n08818	n05803
n08818	n05935
n08818	n06346
n08818	n06350
n08818	n07648
n08818	n07854
n08818	n07855
n08819	n00891
n08819	n09611
n08819	n09615
n08820	n05459
n08821	n09725
n08822	n09186
n08823	n08045
n08823	n08675
n08823	n09120
n08823	n09608
n08824	n01183
n08824	n01657
n08824	n04978
n08824	n04979
n08824	n05416
n08824	n05420
n08824	n05551
n08824	n05678
n08824	n05679
n08824	n06344
n08824	n06345
n08824	n06640
n08824	n06802
n08824	n06803
n08824	n07145
n08824	n07645
n08824	n07647
n08824	n07855
n08824	n08046
n08824	n08047
n08825	n04979
n08825	n05933
n08825	n06349
n08825	n07937
n08825	n08777
n08826	n08555
n08826	n08676
n08827	n05934
n08827	n07854
n08827	n08458
n08827	n09118
n08827	n09606
n08828	n08045
n08828	n08890
n08828	n09119
n08828	n09121
n08828	n09365
n08828	n09602
n08829	n00069
n08829	n01643
n08829	n09118
n08830	n06703
n08830	n08529
n08831	n09609
n08831	n09613
n08831	n09614
n08831	n09617
n08832	n06421
n08832	n06529
n08832	n07231
n08832	n08107
n08832	n09120
n08833	n05299
n08833	n05418
n08833	n05680
n08833	n05799
n08833	n05933
n08833	n06199
n08833	n06497
n08833	n06803
n08833	n07478
n08833	n07646
n08833	n08047
n08833	n08254
n08834	n04252
n08834	n08141
n08835	n08675
n08835	n09121
n08835	n09122
n08835	n09362
n08835	n09364
n08835	n09602
n08835	n09603
n08835	n09604
n08836	n02418
n08836	n09367
n08836	n09610
n08836	n09614
n08836	n09616
n08837	n06095
n08837	n09669
n08838	n04738
n08839	n04979
n08839	n05297
n08839	n05421
n08839	n05799
n08839	n05802
n08839	n06499
n08839	n06637
n08839	n06639
n08839	n06640
n08839	n07476
n08839	n07646
n08839	n07854
n08839	n08677
n08839	n08891
n08840	n07926
n08841	n07926
n08842	n08458
n08842	n09118
n08843	n07149
n08843	n07659
n08843	n08458
n08843	n09118
n08845	n09119
n08845	n09121
n08845	n09362
n08846	n07973
n08846	n08893
n08846	n09123
n08846	n09366
n08846	n09367
n08846	n09610
n08846	n09616
n08847	n08458
n08847	n09363
n08848	n09536
n08848	n09605
n08849	n09120
n08849	n09753
n08850	n08593
n08851	n08894
n08851	n09366
n08851	n09367
n08851	n09368
n08851	n09609
n08851	n09611
n08851	n09613
n08851	n09614
n08852	n04231
n08852	n05318
n08852	n07571
n08852	n09605
n08853	n08458
n08854	n02551
n08854	n05357
n08854	n09367
n08854	n09614
n08855	n05473
n08855	n08489
n08855	n09366
n08856	n05300
n08856	n07290
n08856	n08677
n08856	n09543
n08857	n09118
n08858	n05416
n08858	n05800
n08858	n05805
n08858	n06350
n08858	n06640
n08858	n08254
n08859	n08892
n08859	n09124
n08859	n09367
n08859	n09369
n08859	n09611
n08859	n09614
n08859	n09617
n08860	n08167
n08861	n04979
n08861	n05297
n08861	n05298
n08861	n05300
n08861	n05301
n08861	n05302
n08861	n05416
n08861	n05417
n08861	n05418
n08861	n05420
n08861	n05551
n08861	n05678
n08861	n05680
n08861	n05799
n08861	n05800
n08861	n05801
n08861	n05805
n08861	n05931
n08861	n05933
n08861	n05934
n08861	n05935
n08861	n06059
n08861	n06198
n08861	n06199
n08861	n06200
n08861	n06201
n08861	n06202
n08861	n06344
n08861	n06345
n08861	n06346
n08861	n06348
n08861	n06349
n08861	n06350
n08861	n06497
n08861	n06498
n08861	n06636
n08861	n06637
n08861	n06638
n08861	n06639
n08861	n06640
n08861	n06801
n08861	n06803
n08861	n06804
n08861	n07147
n08861	n07289
n08861	n07290
n08861	n07477
n08861	n07480
n08861	n07647
n08861	n07648
n08861	n07853
n08861	n07854
n08861	n07855
n08861	n08046
n08861	n08048
n08861	n08677
n08861	n08891
n08862	n08675
n08862	n09362
n08862	n09601
n08863	n03965
n08864	n05613
n08864	n08675
n08864	n09608
n08865	n09124
n08865	n09366
n08865	n09369
n08865	n09611
n08865	n09613
n08865	n09614
n08865	n09617
n08866	n07230
n08866	n07420
n08867	n08045
n08867	n08675
n08867	n09120
n08868	n04520
n08868	n08045
n08868	n08890
n08868	n09121
n08868	n09362
n08868	n09601
n08868	n09602
n08868	n09603
n08868	n09607
n08869	n02559
n08869	n05933
n08869	n07479
n08870	n06807
n08870	n08609
n08870	n08675
n08870	n09363
n08870	n09364
n08871	n04058
n08871	n08893
n08871	n08894
n08871	n09368
n08872	n03756
n08872	n04833
n08872	n05827
n08872	n08045
n08872	n09601
n08873	n04979
n08873	n05799
n08873	n08676
n08873	n09779
n08874	n05297
n08874	n05416
n08874	n05419
n08874	n05551
n08874	n05931
n08874	n06198
n08874	n06350
n08874	n07290
n08874	n07393
n08874	n07645
n08874	n07646
n08874	n07647
n08874	n07753
n08874	n08047
n08875	n06638
n08875	n08046
n08875	n09241
n08876	n07543
n08876	n08045
n08876	n09362
n08877	n06146
n08877	n09611
n08878	n01430
n08878	n05208
n08878	n08458
n08879	n08130
n08880	n04645
n08881	n02299
n08881	n06133
n08881	n09123
n08881	n09368
n08881	n09613
n08882	n03767
n08882	n05017
n08882	n08045
n08882	n09120
n08882	n09364
n08882	n09602
n08882	n09604
n08883	n05419
n08883	n05935
n08883	n06199
n08883	n06346
n08883	n06497
n08883	n06638
n08883	n07476
n08883	n07586
n08883	n07854
n08883	n08677
n08884	n07243
n08884	n08458
n08884	n09118
n08884	n09603
n08884	n09606
n08885	n05052
n08885	n09121
n08885	n09608
n08886	n04516
n08886	n05053
n08887	n04756
n08887	n07911
n08887	n08815
n08887	n08894
n08888	n01667
n08888	n01683
n08888	n02552
n08889	n03623
n08889	n07648
n08889	n07958
n08895	n08890
n08896	n07650
n08896	n07853
n08896	n08254
n08898	n05553
n08898	n08675
n08899	n08260
n08900	n09621
n08903	n05681
n08903	n07294
n08903	n07658
n08903	n08891
n08904	n09383
n08905	n08057
n08905	n08262
n08905	n08475
n08907	n08468
n08907	n08687
n08908	n03939
n08908	n03940
n08909	n08045
n08909	n08890
n08910	n03649
n08911	n06209
n08912	n08890
n08912	n09371
n08913	n07657
n08913	n07863
n08913	n08458
n08914	n05681
n08914	n06805
n08914	n07295
n08914	n08680
n08915	n04978
n08915	n05300
n08915	n05301
n08915	n05302
n08915	n05418
n08915	n05551
n08915	n05678
n08915	n05679
n08915	n05931
n08915	n06059
n08915	n06202
n08915	n06347
n08915	n06350
n08915	n06637
n08915	n06639
n08915	n06801
n08915	n07145
n08915	n07853
n08918	n08045
n08918	n09602
n08920	n08919
n08921	n05692
n08921	n09124
n08921	n09613
n08921	n09617
n08922	n08904
n08923	n07487
n08923	n09364
n08924	n08906
n08924	n09121
n08925	n08918
n08926	n01410
n08926	n01624
n08926	n03937
n08926	n05299
n08926	n05678
n08926	n05931
n08926	n06348
n08926	n06998
n08926	n07854
n08926	n08047
n08926	n08676
n08928	n06212
n08928	n06510
n08929	n04987
n08930	n05955
n08930	n08068
n08931	n09156
n08932	n06835
n08932	n08269
n08933	n07878
n08933	n09122
n08934	n04115
n08935	n07888
n08936	n08273
n08937	n07011
n08938	n03371
n08938	n05951
n08938	n06214
n08938	n08689
n08939	n07492
n08939	n08914
n08940	n03751
n08940	n05200
n08940	n08492
n08941	n04795
n08941	n05429
n08941	n07686
n08941	n09602
n08942	n07029
n08942	n09651
n08943	n06088
n08943	n06226
n08943	n06818
n08943	n08070
n08944	n08675
n08944	n08890
n08945	n06198
n08945	n06199
n08945	n06201
n08945	n06640
n08945	n07855
n08945	n08048
n08945	n08677
n08945	n09151
n08946	n04407
n08947	n00003
n08947	n01413
n08947	n01812
n08947	n01820
n08947	n02396
n08948	n08931
n08949	n02933
n08949	n02947
n08950	n04212
n08950	n04702
n08950	n05678
n08950	n05804
n08950	n06199
n08952	n02130
n08952	n03020
n08952	n03372
n08952	n03747
n08952	n08675
n08952	n09364
n08953	n05417
n08953	n05678
n08953	n06200
n08953	n06201
n08953	n06346
n08953	n06347
n08953	n06497
n08953	n06499
n08953	n06801
n08953	n06802
n08953	n06998
n08953	n07147
n08953	n07479
n08953	n07648
n08953	n07854
n08953	n08064
n08953	n08676
n08954	n08968
n08954	n09180
n08955	n07478
n08955	n07645
n08955	n07853
n08956	n07039
n08957	n07900
n08958	n08045
n08958	n09182
n08958	n09364
n08959	n04032
n08959	n04501
n08959	n07171
n08959	n08893
n08959	n09609
n08960	n07706
n08961	n08892
n08961	n08893
n08961	n09368
n08961	n09610
n08961	n09671
n08962	n03583
n08962	n05300
n08962	n05302
n08962	n05932
n08962	n06096
n08962	n06345
n08962	n06348
n08962	n06636
n08962	n06803
n08962	n06998
n08962	n07290
n08962	n07479
n08962	n08677
n08963	n09436
n08964	n04035
n08964	n05298
n08964	n05302
n08964	n05420
n08964	n05679
n08964	n05799
n08964	n05800
n08964	n06349
n08964	n07854
n08965	n08675
n08966	n06680
n08966	n07527
n08968	n01414
n08968	n03248
n08968	n03661
n08968	n03678
n08968	n03763
n08968	n05329
n08968	n05567
n08968	n08104
n08969	n05090
n08969	n07688
n08970	n05812
n08970	n09367
n08971	n06674
n08971	n08458
n08972	n09656
n08973	n04910
n08973	n05323
n08973	n08893
n08973	n09124
n08974	n05324
n08974	n07039
n08975	n05324
n08975	n09610
n08975	n09611
n08975	n09615
n08976	n07039
n08977	n08301
n08977	n09368
n08977	n09370
n08978	n05188
n08978	n05298
n08978	n05301
n08978	n05417
n08978	n05418
n08978	n05420
n08978	n05679
n08978	n05680
n08978	n05799
n08978	n05804
n08978	n05931
n08978	n06199
n08978	n06345
n08978	n06348
n08978	n06497
n08978	n06498
n08978	n06636
n08978	n06638
n08978	n07145
n08978	n07645
n08978	n07853
n08978	n07855
n08978	n08046
n08978	n08892
n08979	n08314
n08980	n06094
n08981	n05963
n08981	n07520
n08982	n05003
n08984	n06838
n08984	n08890
n08984	n09603
n08985	n08789
n08985	n09121
n08986	n03241
n08986	n03309
n08986	n04125
n08986	n09400
n08987	n05678
n08987	n06657
n08987	n07669
n08987	n07853
n08987	n07854
n08987	n08046
n08987	n08254
n08988	n06083
n08988	n08675
n08990	n09603
n08991	n02137
n08991	n02397
n08991	n02843
n08992	n04714
n08992	n09120
n08992	n09121
n08992	n09601
n08993	n08458
n08993	n09458
n08994	n04416
n08994	n06691
n08994	n08892
n08994	n09367
n08994	n09610
n08994	n09612
n08994	n09617
n08995	n09119
n08995	n09364
n08996	n06557
n08996	n09189
n08996	n09603
n08997	n08128
n08997	n09118
n08998	n04979
n08998	n05297
n08998	n05416
n08998	n05419
n08998	n05420
n08998	n05551
n08998	n05799
n08998	n05800
n08998	n05932
n08998	n05935
n08998	n06200
n08998	n06201
n08998	n06202
n08998	n06344
n08998	n06346
n08998	n06347
n08998	n06348
n08998	n06349
n08998	n06350
n08998	n06497
n08998	n06636
n08998	n06638
n08998	n06998
n08998	n07289
n08998	n07290
n08998	n07291
n08998	n07478
n08998	n08676
n08999	n07026
n08999	n08796
n08999	n08892
n08999	n09370
n08999	n09612
n09000	n00520
n09001	n05979
n09001	n08890
n09002	n03672
n09002	n05992
n09003	n08696
n09003	n09146
n09003	n09614
n09004	n03935
n09004	n07518
n09005	n06400
n09005	n07645
n09005	n08047
n09006	n07493
n09007	n07179
n09007	n09120
n09007	n09605
n09008	n08277
n09008	n09644
n09010	n04723
n09010	n05039
n09010	n07759
n09011	n04712
n09011	n07082
n09012	n00102
n09012	n05103
n09012	n08045
n09014	n05324
n09014	n08894
n09014	n09125
n09015	n08675
n09015	n09119
n09015	n09608
n09016	n08045
n09016	n08675
n09016	n09364
n09016	n09605
n09017	n02150
n09017	n02646
n09018	n09119
n09018	n09601
n09019	n06255
n09020	n08458
n09021	n06998
n09021	n07854
n09021	n07855
n09021	n08048
n09021	n08145
n09022	n08045
n09022	n08890
n09022	n09119
n09023	n05188
n09023	n05297
n09023	n05301
n09023	n05416
n09023	n05420
n09023	n05931
n09023	n06344
n09023	n06348
n09023	n06636
n09023	n06637
n09023	n06640
n09023	n06803
n09023	n06998
n09023	n07645
n09023	n07853
n09023	n08048
n09024	n08989
n09025	n04526
n09025	n05490
n09025	n05875
n09025	n09364
n09026	n04919
n09026	n07184
n09026	n08894
n09027	n05801
n09027	n06199
n09027	n07646
n09027	n08461
n09027	n08676
n09028	n04503
n09028	n05300
n09028	n05301
n09028	n06107
n09028	n06498
n09028	n06640
n09028	n07855
n09028	n08892
n09029	n00517
n09029	n01429
n09029	n05693
n09029	n08894
n09029	n09612
n09030	n08458
n09033	n03697
n09033	n06638
n09033	n07147
n09034	n07477
n09034	n07478
n09034	n07645
n09034	n07853
n09034	n08458
n09035	n04763
n09036	n04431
n09036	n07476
n09036	n07480
n09036	n08254
n09037	n06555
n09037	n09697
n09038	n05969
n09038	n07875
n09039	n09120
n09040	n05337
n09040	n09362
n09040	n09601
n09040	n09602
n09040	n09604
n09041	n04534
n09041	n08675
n09041	n09601
n09042	n09120
n09042	n09362
n09043	n07357
n09043	n09366
n09043	n09616
n09043	n09637
n09044	n08506
n09044	n09125
n09044	n09368
n09044	n09370
n09045	n08130
n09046	n05990
n09046	n09122
n09046	n09607
n09047	n08535
n09047	n08892
n09047	n09613
n09048	n05297
n09048	n05298
n09048	n05301
n09048	n05302
n09048	n05416
n09048	n05418
n09048	n05421
n09048	n05551
n09048	n05678
n09048	n05679
n09048	n05799
n09048	n05800
n09048	n05804
n09048	n05805
n09048	n05932
n09048	n05934
n09048	n06199
n09048	n06200
n09048	n06202
n09048	n06344
n09048	n06346
n09048	n06347
n09048	n06348
n09048	n06349
n09048	n06497
n09048	n06636
n09048	n06998
n09048	n07146
n09048	n07147
n09048	n07290
n09048	n07291
n09048	n07476
n09048	n07478
n09048	n07645
n09048	n07647
n09048	n07854
n09048	n08046
n09048	n08676
n09048	n08891
n09049	n05301
n09049	n05419
n09049	n05932
n09049	n06285
n09049	n06349
n09049	n06350
n09049	n06637
n09049	n06802
n09049	n07477
n09049	n07480
n09049	n07648
n09049	n08677
n09050	n03703
n09050	n05299
n09050	n05678
n09050	n06499
n09050	n08048
n09050	n08600
n09050	n08891
n09051	n08045
n09051	n09120
n09051	n09362
n09052	n00520
n09052	n09363
n09053	n08756
n09053	n09370
n09053	n09616
n09053	n09617
n09054	n08258
n09054	n08464
n09054	n09377
n09055	n08045
n09055	n08890
n09055	n09119
n09055	n09364
n09055	n09602
n09055	n09603
n09056	n09120
n09057	n08458
n09057	n09621
n09059	n05041
n09060	n00889
n09060	n00943
n09060	n03251
n09062	n08890
n09063	n05350
n09064	n06715
n09064	n08458
n09064	n09118
n09065	n06551
n09065	n07347
n09066	n05298
n09066	n05799
n09066	n05931
n09066	n06639
n09066	n06998
n09066	n07479
n09066	n07853
n09066	n08515
n09066	n08676
n09066	n09219
n09068	n01862
n09068	n09601
n09069	n07646
n09069	n08458
n09070	n05188
n09070	n05298
n09070	n05299
n09070	n05301
n09070	n05416
n09070	n05678
n09070	n05800
n09070	n05805
n09070	n06498
n09070	n07239
n09070	n07290
n09070	n07479
n09070	n07647
n09070	n07853
n09070	n08047
n09070	n08048
n09071	n09602
n09072	n04830
n09073	n09024
n09073	n09606
n09074	n07764
n09075	n09679
n09076	n08890
n09076	n09603
n09077	n08273
n09077	n09118
n09078	n01433
n09078	n07756
n09078	n09133
n09079	n06539
n09079	n09516
n09079	n09606
n09081	n08374
n09081	n08675
n09081	n09602
n09082	n04979
n09082	n05297
n09082	n05299
n09082	n05300
n09082	n05421
n09082	n05799
n09082	n05802
n09082	n06499
n09082	n06639
n09082	n06640
n09082	n06802
n09082	n07476
n09082	n07645
n09082	n07646
n09082	n07854
n09082	n08046
n09082	n08676
n09082	n08891
n09083	n01996
n09083	n06006
n09083	n08458
n09083	n09363
n09084	n05999
n09084	n08675
n09084	n09122
n09085	n06745
n09085	n08458
n09086	n05034
n09086	n06927
n09087	n08678
n09087	n09373
n09087	n09605
n09089	n07237
n09090	n08892
n09090	n09614
n09092	n02677
n09092	n08893
n09093	n08458
n09093	n09118
n09093	n09606
n09094	n08458
n09094	n09606
n09095	n05379
n09095	n05802
n09095	n07805
n09095	n09363
n09096	n01453
n09096	n07377
n09097	n03699
n09097	n05499
n09098	n03535
n09098	n06497
n09098	n07647
n09098	n09607
n09099	n08045
n09099	n09121
n09099	n09604
n09099	n09605
n09100	n09610
n09101	n04978
n09101	n04979
n09101	n05188
n09101	n05297
n09101	n05298
n09101	n05299
n09101	n05300
n09101	n05301
n09101	n05302
n09101	n05416
n09101	n05417
n09101	n05418
n09101	n05419
n09101	n05420
n09101	n05421
n09101	n05551
n09101	n05678
n09101	n05679
n09101	n05680
n09101	n05799
n09101	n05800
n09101	n05801
n09101	n05802
n09101	n05803
n09101	n05805
n09101	n05931
n09101	n05932
n09101	n05933
n09101	n05934
n09101	n05935
n09101	n06059
n09101	n06198
n09101	n06199
n09101	n06200
n09101	n06201
n09101	n06202
n09101	n06344
n09101	n06345
n09101	n06346
n09101	n06347
n09101	n06348
n09101	n06349
n09101	n06497
n09101	n06498
n09101	n06499
n09101	n06636
n09101	n06637
n09101	n06638
n09101	n06639
n09101	n06640
n09101	n06802
n09101	n06803
n09101	n06998
n09101	n07145
n09101	n07146
n09101	n07147
n09101	n07289
n09101	n07290
n09101	n07291
n09101	n07476
n09101	n07477
n09101	n07478
n09101	n07479
n09101	n07480
n09101	n07645
n09101	n07646
n09101	n07647
n09101	n07648
n09101	n07853
n09101	n07855
n09101	n08046
n09101	n08048
n09101	n08676
n09101	n08677
n09101	n08891
n09102	n03202
n09102	n03539
n09102	n04637
n09102	n08675
n09102	n09607
n09103	n00599
n09103	n08458
n09104	n04979
n09104	n05188
n09104	n05297
n09104	n05299
n09104	n05300
n09104	n05302
n09104	n05418
n09104	n05420
n09104	n05421
n09104	n05679
n09104	n05680
n09104	n05799
n09104	n05801
n09104	n05802
n09104	n05804
n09104	n05932
n09104	n05934
n09104	n05935
n09104	n06198
n09104	n06202
n09104	n06257
n09104	n06345
n09104	n06347
n09104	n06638
n09104	n06639
n09104	n06801
n09104	n06802
n09104	n06998
n09104	n07146
n09104	n07290
n09104	n07479
n09104	n07480
n09104	n07645
n09104	n07647
n09104	n07648
n09104	n08047
n09104	n08254
n09104	n08676
n09104	n08677
n09105	n03790
n09105	n05475
n09105	n08490
n09105	n09606
n09106	n04450
n09106	n08458
n09106	n09123
n09107	n03782
n09107	n04641
n09107	n07919
n09108	n00003
n09108	n01413
n09108	n01812
n09108	n01820
n09108	n02396
n09108	n08675
n09108	n09601
n09108	n09603
n09108	n09605
n09108	n09608
n09109	n05380
n09110	n08458
n09110	n09118
n09110	n09363
n09111	n07613
n09112	n05053
n09112	n05865
n09113	n00889
n09113	n00943
n09113	n02937
n09113	n06686
n09114	n04831
n09114	n05824
n09114	n05931
n09114	n06199
n09114	n06706
n09114	n07476
n09114	n08676
n09114	n08677
n09114	n08891
n09115	n05116
n09115	n05298
n09115	n06126
n09116	n03357
n09116	n09499
n09117	n03403
n09117	n08892
n09117	n08894
n09117	n09125
n09117	n09369
n09117	n09614
n09117	n09615
n09126	n06358
n09126	n07148
n09127	n08258
n09127	n08464
n09128	n06208
n09128	n06360
n09129	n05425
n09129	n05809
n09129	n06644
n09129	n09370
n09130	n04202
n09130	n06352
n09131	n09625
n09132	n07149
n09133	n08458
n09133	n08900
n09134	n07860
n09134	n08675
n09135	n06807
n09136	n05298
n09136	n05299
n09136	n05803
n09136	n05935
n09136	n06801
n09136	n06804
n09136	n07476
n09136	n07645
n09138	n08468
n09138	n08687
n09139	n06810
n09139	n08263
n09139	n09364
n09140	n07868
n09141	n07868
n09142	n08476
n09143	n04398
n09143	n04493
n09144	n08692
n09145	n08924
n09146	n08921
n09146	n09125
n09146	n09368
n09146	n09369
n09147	n07677
n09148	n09648
n09149	n07008
n09149	n08675
n09150	n02930
n09150	n02931
n09150	n03744
n09150	n07305
n09150	n08045
n09151	n04978
n09151	n05297
n09151	n05416
n09151	n05419
n09151	n05420
n09151	n05421
n09151	n05680
n09151	n05799
n09151	n05800
n09151	n05801
n09151	n05802
n09151	n05803
n09151	n05805
n09151	n05931
n09151	n05932
n09151	n05933
n09151	n05934
n09151	n06200
n09151	n06344
n09151	n06346
n09151	n06347
n09151	n06348
n09151	n06349
n09151	n06497
n09151	n06499
n09151	n06639
n09151	n06804
n09151	n07476
n09151	n07479
n09151	n07480
n09151	n07645
n09151	n07647
n09151	n07648
n09151	n08047
n09151	n08676
n09152	n05948
n09152	n06066
n09152	n08458
n09153	n09405
n09154	n05804
n09154	n08064
n09155	n04407
n09156	n06817
n09156	n08892
n09157	n07303
n09157	n09642
n09158	n04796
n09159	n08675
n09159	n09666
n09160	n09389
n09161	n06821
n09161	n08894
n09162	n05936
n09162	n07858
n09162	n09130
n09163	n06065
n09163	n08045
n09163	n09119
n09164	n06366
n09164	n09119
n09165	n04031
n09165	n04591
n09165	n04979
n09165	n05298
n09165	n05301
n09165	n05417
n09165	n05680
n09165	n05799
n09165	n05801
n09165	n05931
n09165	n05932
n09165	n05933
n09165	n05935
n09165	n06200
n09165	n06346
n09165	n06347
n09165	n06348
n09165	n06349
n09165	n06350
n09165	n06498
n09165	n06499
n09165	n06636
n09165	n06637
n09165	n06639
n09165	n06804
n09165	n07147
n09165	n07289
n09165	n07479
n09165	n07648
n09165	n07854
n09165	n08254
n09166	n02945
n09167	n07497
n09168	n03839
n09168	n08061
n09169	n08944
n09169	n09119
n09170	n05189
n09170	n05190
n09170	n05555
n09170	n05937
n09170	n08893
n09170	n09123
n09172	n07483
n09172	n07645
n09172	n07646
n09172	n07656
n09172	n08676
n09173	n03946
n09174	n07316
n09174	n09119
n09174	n09120
n09175	n06826
n09175	n08503
n09175	n08675
n09176	n04319
n09176	n05311
n09177	n06086
n09178	n08721
n09179	n08911
n09179	n09120
n09179	n09121
n09179	n09603
n09180	n01414
n09180	n03248
n09180	n03661
n09180	n03678
n09180	n03763
n09180	n05329
n09180	n05567
n09180	n08104
n09181	n05299
n09181	n05419
n09181	n05801
n09181	n05802
n09181	n05815
n09181	n05933
n09181	n06345
n09181	n06348
n09181	n06498
n09181	n06828
n09181	n07146
n09181	n07291
n09181	n07645
n09181	n07647
n09181	n07648
n09181	n08048
n09182	n08675
n09182	n08890
n09182	n09119
n09182	n09122
n09183	n04894
n09183	n05094
n09184	n09670
n09185	n08932
n09186	n06222
n09186	n07861
n09187	n04796
n09187	n06090
n09187	n09363
n09187	n09606
n09188	n08940
n09188	n09121
n09189	n08078
n09190	n08458
n09191	n04027
n09191	n06803
n09192	n07518
n09193	n05962
n09193	n07512
n09193	n09122
n09193	n09608
n09194	n08303
n09194	n08515
n09195	n03446
n09195	n05297
n09195	n05416
n09195	n06200
n09195	n06346
n09195	n07146
n09195	n07477
n09195	n07478
n09195	n08526
n09196	n07908
n09197	n07491
n09197	n08494
n09198	n01421
n09198	n09120
n09199	n05316
n09200	n05825
n09201	n05942
n09201	n07897
n09201	n08045
n09201	n08675
n09201	n09607
n09203	n06680
n09203	n07527
n09203	n08700
n09204	n04979
n09204	n05188
n09204	n05297
n09204	n05298
n09204	n05299
n09204	n05302
n09204	n05416
n09204	n05551
n09204	n05678
n09204	n05679
n09204	n05680
n09204	n05801
n09204	n05803
n09204	n05805
n09204	n05931
n09204	n05933
n09204	n05935
n09204	n06059
n09204	n06201
n09204	n06202
n09204	n06345
n09204	n06346
n09204	n06347
n09204	n06349
n09204	n06497
n09204	n06498
n09204	n06499
n09204	n06637
n09204	n06803
n09204	n06804
n09204	n07145
n09204	n07146
n09204	n07290
n09204	n07476
n09204	n07478
n09204	n07854
n09204	n08254
n09204	n08677
n09205	n03459
n09205	n04736
n09205	n08323
n09206	n08532
n09207	n04032
n09207	n04501
n09207	n07171
n09207	n08893
n09207	n09124
n09207	n09125
n09207	n09366
n09208	n06236
n09208	n06845
n09208	n08716
n09208	n09119
n09209	n05420
n09211	n03096
n09211	n03584
n09211	n09120
n09212	n06685
n09213	n05188
n09213	n05299
n09213	n05934
n09213	n07531
n09214	n04997
n09214	n08045
n09214	n09119
n09214	n09364
n09215	n07889
n09215	n08892
n09215	n08893
n09216	n07026
n09216	n08892
n09216	n09124
n09216	n09616
n09217	n09123
n09217	n09367
n09217	n09610
n09218	n01641
n09218	n08331
n09219	n05418
n09219	n06640
n09219	n07032
n09219	n07291
n09219	n07645
n09219	n07701
n09219	n08677
n09220	n09377
n09221	n08501
n09221	n09628
n09222	n09124
n09223	n07931
n09224	n00028
n09224	n00058
n09225	n05974
n09225	n06349
n09225	n08047
n09225	n08254
n09227	n06802
n09227	n07646
n09228	n06548
n09228	n08675
n09228	n08890
n09228	n09119
n09228	n09603
n09229	n09119
n09229	n09605
n09230	n02943
n09230	n03302
n09230	n09118
n09231	n05298
n09231	n05302
n09231	n05416
n09231	n05678
n09231	n05932
n09231	n05933
n09231	n05934
n09231	n06198
n09231	n06350
n09231	n06497
n09231	n06801
n09231	n07145
n09231	n07147
n09231	n07477
n09231	n07478
n09231	n07479
n09231	n07646
n09231	n07648
n09231	n07854
n09231	n08047
n09232	n04621
n09232	n06312
n09233	n06700
n09234	n08135
n09235	n06550
n09236	n04978
n09236	n05188
n09236	n05300
n09236	n05419
n09236	n05678
n09236	n05679
n09236	n05799
n09236	n05801
n09236	n05802
n09236	n05803
n09236	n05804
n09236	n05805
n09236	n05931
n09236	n05935
n09236	n06198
n09236	n06201
n09236	n06202
n09236	n06345
n09236	n06350
n09236	n06497
n09236	n06498
n09236	n06499
n09236	n06639
n09236	n06640
n09236	n06802
n09236	n07289
n09236	n07477
n09236	n07479
n09236	n07480
n09236	n07645
n09236	n08048
n09236	n08254
n09236	n08677
n09237	n07912
n09237	n08045
n09237	n08890
n09237	n09364
n09238	n07730
n09240	n08458
n09240	n08954
n09241	n04978
n09241	n04979
n09241	n05188
n09241	n05297
n09241	n05301
n09241	n05302
n09241	n05416
n09241	n05417
n09241	n05418
n09241	n05421
n09241	n05551
n09241	n05678
n09241	n05679
n09241	n05680
n09241	n05799
n09241	n05800
n09241	n05801
n09241	n05802
n09241	n05803
n09241	n05804
n09241	n05805
n09241	n05931
n09241	n05932
n09241	n05933
n09241	n05934
n09241	n05935
n09241	n06059
n09241	n06200
n09241	n06201
n09241	n06202
n09241	n06344
n09241	n06345
n09241	n06347
n09241	n06348
n09241	n06350
n09241	n06499
n09241	n06636
n09241	n06637
n09241	n06640
n09241	n06802
n09241	n06998
n09241	n07145
n09241	n07289
n09241	n07290
n09241	n07291
n09241	n07476
n09241	n07479
n09241	n07648
n09241	n07853
n09241	n08677
n09242	n05715
n09242	n06407
n09242	n08676
n09243	n05004
n09243	n05349
n09243	n05420
n09243	n06638
n09243	n07147
n09243	n07853
n09243	n07855
n09243	n08048
n09244	n07741
n09246	n04049
n09246	n05454
n09246	n05812
n09246	n09617
n09247	n07325
n09247	n09123
n09247	n09366
n09248	n05022
n09249	n08140
n09249	n09120
n09249	n09607
n09250	n08764
n09251	n09721
n09252	n04623
n09252	n08675
n09252	n09122
n09253	n08045
n09253	n08675
n09253	n08890
n09253	n09119
n09253	n09120
n09253	n09364
n09254	n04898
n09254	n05327
n09254	n05707
n09255	n05594
n09256	n01173
n09256	n01633
n09256	n09119
n09257	n02167
n09257	n09120
n09257	n09124
n09258	n08890
n09258	n09119
n09258	n09120
n09258	n09121
n09258	n09122
n09258	n09604
n09258	n09607
n09259	n04619
n09260	n09738
n09261	n09153
n09263	n04818
n09263	n05964
n09264	n01641
n09264	n08331
n09264	n08960
n09265	n05936
n09265	n09712
n09266	n05419
n09266	n06185
n09266	n07145
n09266	n07853
n09266	n08048
n09267	n04978
n09267	n05188
n09267	n05297
n09267	n05298
n09267	n05301
n09267	n05302
n09267	n05551
n09267	n05679
n09267	n05933
n09267	n05934
n09267	n06350
n09267	n06497
n09267	n06637
n09267	n06801
n09267	n07646
n09267	n07648
n09267	n07854
n09267	n08047
n09267	n08458
n09267	n08676
n09267	n09118
n09268	n05188
n09268	n05934
n09268	n06636
n09268	n06637
n09268	n07531
n09269	n08045
n09270	n07004
n09272	n09120
n09272	n09465
n09272	n09601
n09273	n00534
n09273	n03029
n09273	n09602
n09274	n00070
n09276	n08675
n09276	n09120
n09277	n05602
n09277	n07477
n09277	n09374
n09278	n09119
n09278	n09601
n09279	n04978
n09279	n04979
n09279	n05297
n09279	n05298
n09279	n05299
n09279	n05300
n09279	n05301
n09279	n05417
n09279	n05418
n09279	n05421
n09279	n05551
n09279	n05678
n09279	n05679
n09279	n05680
n09279	n05799
n09279	n05800
n09279	n05802
n09279	n05803
n09279	n05804
n09279	n05932
n09279	n05933
n09279	n05934
n09279	n06059
n09279	n06198
n09279	n06199
n09279	n06200
n09279	n06201
n09279	n06202
n09279	n06349
n09279	n06350
n09279	n06497
n09279	n06636
n09279	n06640
n09279	n06801
n09279	n06802
n09279	n07145
n09279	n07289
n09279	n07290
n09279	n07291
n09279	n07476
n09279	n07479
n09279	n07645
n09279	n07647
n09279	n07648
n09279	n07854
n09279	n07855
n09279	n08046
n09279	n08048
n09279	n08254
n09279	n08677
n09280	n09118
n09281	n00552
n09281	n09118
n09282	n08045
n09282	n08675
n09282	n09119
n09282	n09362
n09283	n06640
n09283	n07220
n09283	n08549
n09284	n08045
n09284	n09120
n09286	n09606
n09287	n04148
n09288	n06869
n09288	n09118
n09289	n03745
n09289	n04404
n09289	n06070
n09289	n07041
n09289	n08458
n09290	n05188
n09290	n05300
n09290	n05416
n09290	n05801
n09290	n06345
n09290	n06640
n09290	n07289
n09290	n07476
n09290	n07855
n09290	n08046
n09290	n08106
n09291	n01848
n09291	n09121
n09293	n04836
n09294	n00915
n09294	n09012
n09294	n09119
n09294	n09604
n09295	n03311
n09295	n05580
n09295	n08458
n09295	n09363
n09296	n08788
n09296	n09120
n09296	n09601
n09297	n04346
n09297	n09121
n09298	n08458
n09298	n09118
n09298	n09606
n09299	n07724
n09299	n09121
n09299	n09605
n09300	n09425
n09302	n03886
n09302	n08892
n09302	n08893
n09302	n09617
n09303	n03980
n09303	n09123
n09303	n09612
n09304	n05883
n09304	n08675
n09304	n09602
n09305	n03676
n09305	n05260
n09305	n05997
n09305	n06721
n09305	n06801
n09305	n06998
n09305	n07146
n09305	n07289
n09305	n07853
n09305	n07854
n09306	n04978
n09306	n04979
n09306	n05188
n09306	n05297
n09306	n05298
n09306	n05299
n09306	n05300
n09306	n05301
n09306	n05302
n09306	n05416
n09306	n05417
n09306	n05419
n09306	n05421
n09306	n05551
n09306	n05679
n09306	n05799
n09306	n05800
n09306	n05801
n09306	n05802
n09306	n05803
n09306	n05804
n09306	n05805
n09306	n05931
n09306	n05932
n09306	n05933
n09306	n05934
n09306	n06199
n09306	n06201
n09306	n06202
n09306	n06346
n09306	n06347
n09306	n06350
n09306	n06497
n09306	n06498
n09306	n06499
n09306	n06637
n09306	n06638
n09306	n06639
n09306	n06801
n09306	n06802
n09306	n06803
n09306	n07146
n09306	n07289
n09306	n07290
n09306	n07477
n09306	n07479
n09306	n07480
n09306	n07646
n09306	n07647
n09306	n07854
n09306	n07855
n09306	n08254
n09306	n08676
n09306	n08677
n09306	n08891
n09307	n04978
n09307	n04979
n09307	n05188
n09307	n05297
n09307	n05299
n09307	n05300
n09307	n05416
n09307	n05417
n09307	n05418
n09307	n05420
n09307	n05421
n09307	n05551
n09307	n05678
n09307	n05679
n09307	n05799
n09307	n05800
n09307	n05803
n09307	n05804
n09307	n05805
n09307	n05931
n09307	n05932
n09307	n05935
n09307	n06059
n09307	n06199
n09307	n06200
n09307	n06201
n09307	n06344
n09307	n06345
n09307	n06346
n09307	n06347
n09307	n06348
n09307	n06349
n09307	n06497
n09307	n06498
n09307	n06499
n09307	n06636
n09307	n06637
n09307	n06638
n09307	n06639
n09307	n06640
n09307	n06801
n09307	n06804
n09307	n07145
n09307	n07146
n09307	n07290
n09307	n07291
n09307	n07479
n09307	n07645
n09307	n07646
n09307	n07648
n09307	n07853
n09307	n07854
n09307	n08046
n09307	n08676
n09308	n04978
n09308	n04979
n09308	n05188
n09308	n05298
n09308	n05299
n09308	n05302
n09308	n05416
n09308	n05418
n09308	n05419
n09308	n05421
n09308	n05801
n09308	n05803
n09308	n05804
n09308	n05805
n09308	n05932
n09308	n05934
n09308	n05935
n09308	n06059
n09308	n06198
n09308	n06199
n09308	n06202
n09308	n06345
n09308	n06348
n09308	n06497
n09308	n06639
n09308	n06640
n09308	n06801
n09308	n06802
n09308	n06803
n09308	n06804
n09308	n06998
n09308	n07145
n09308	n07146
n09308	n07147
n09308	n07289
n09308	n07290
n09308	n07476
n09308	n07477
n09308	n07478
n09308	n07479
n09308	n07480
n09308	n07645
n09308	n07647
n09308	n07648
n09308	n07853
n09308	n07854
n09308	n07855
n09308	n08046
n09308	n08047
n09308	n08676
n09308	n08677
n09308	n08891
n09309	n08359
n09309	n09120
n09310	n05299
n09310	n05367
n09310	n05416
n09310	n05801
n09310	n05802
n09310	n05932
n09310	n05935
n09310	n06201
n09310	n06638
n09310	n06802
n09310	n06998
n09310	n07147
n09310	n07289
n09310	n07479
n09310	n07645
n09310	n07646
n09310	n08048
n09310	n08891
n09311	n05417
n09311	n05678
n09311	n05803
n09311	n06636
n09311	n06998
n09311	n07147
n09311	n07289
n09311	n07477
n09311	n07646
n09311	n08048
n09311	n08254
n09311	n09449
n09312	n04063
n09312	n09123
n09312	n09125
n09313	n00078
n09313	n09121
n09314	n08458
n09314	n09118
n09316	n02859
n09316	n05485
n09316	n09713
n09317	n07208
n09317	n09119
n09317	n09120
n09317	n09604
n09317	n09605
n09318	n08458
n09318	n09118
n09319	n08495
n09322	n09612
n09322	n09614
n09323	n09123
n09323	n09222
n09323	n09369
n09325	n04264
n09325	n04543
n09326	n08675
n09326	n09119
n09326	n09364
n09326	n09603
n09327	n07957
n09327	n08675
n09327	n08992
n09327	n09119
n09328	n09276
n09329	n04347
n09329	n06519
n09329	n06575
n09329	n08157
n09329	n09365
n09329	n09607
n09330	n04724
n09330	n07207
n09331	n08045
n09331	n08750
n09331	n08890
n09331	n09120
n09331	n09362
n09331	n09603
n09332	n08015
n09332	n08767
n09332	n08793
n09332	n09369
n09333	n08045
n09333	n08675
n09333	n08890
n09333	n09119
n09333	n09120
n09333	n09122
n09333	n09362
n09333	n09602
n09333	n09603
n09333	n09604
n09334	n04979
n09334	n05188
n09334	n05297
n09334	n05298
n09334	n05300
n09334	n05301
n09334	n05302
n09334	n05416
n09334	n05417
n09334	n05418
n09334	n05419
n09334	n05420
n09334	n05421
n09334	n05551
n09334	n05678
n09334	n05680
n09334	n05800
n09334	n05801
n09334	n05802
n09334	n05803
n09334	n05804
n09334	n05805
n09334	n05931
n09334	n05932
n09334	n05935
n09334	n06198
n09334	n06199
n09334	n06200
n09334	n06201
n09334	n06202
n09334	n06345
n09334	n06346
n09334	n06347
n09334	n06348
n09334	n06349
n09334	n06350
n09334	n06499
n09334	n06637
n09334	n06640
n09334	n06802
n09334	n06803
n09334	n06804
n09334	n06998
n09334	n07145
n09334	n07147
n09334	n07476
n09334	n07477
n09334	n07478
n09334	n07645
n09334	n07647
n09334	n07648
n09334	n07854
n09334	n07855
n09334	n08046
n09334	n08047
n09334	n08254
n09335	n07339
n09336	n02879
n09336	n08045
n09336	n08675
n09336	n09121
n09336	n09364
n09337	n09123
n09337	n09124
n09337	n09368
n09337	n09617
n09338	n05480
n09338	n08458
n09338	n09118
n09338	n09363
n09339	n08045
n09339	n08560
n09339	n08675
n09339	n08890
n09339	n09120
n09339	n09122
n09339	n09364
n09340	n07829
n09341	n05800
n09341	n06345
n09341	n06998
n09341	n07477
n09341	n08458
n09342	n04978
n09342	n04979
n09342	n05188
n09342	n05297
n09342	n05298
n09342	n05299
n09342	n05300
n09342	n05301
n09342	n05302
n09342	n05416
n09342	n05418
n09342	n05420
n09342	n05421
n09342	n05551
n09342	n05678
n09342	n05680
n09342	n05799
n09342	n05800
n09342	n05801
n09342	n05802
n09342	n05803
n09342	n05931
n09342	n05932
n09342	n05933
n09342	n05934
n09342	n05935
n09342	n06198
n09342	n06199
n09342	n06200
n09342	n06201
n09342	n06202
n09342	n06344
n09342	n06345
n09342	n06346
n09342	n06348
n09342	n06349
n09342	n06350
n09342	n06497
n09342	n06498
n09342	n06499
n09342	n06637
n09342	n06639
n09342	n06802
n09342	n06803
n09342	n06804
n09342	n06998
n09342	n07145
n09342	n07147
n09342	n07290
n09342	n07291
n09342	n07478
n09342	n07479
n09342	n07480
n09342	n07646
n09342	n07647
n09342	n07648
n09342	n07853
n09342	n07854
n09342	n07855
n09342	n08046
n09342	n08047
n09342	n08676
n09342	n08677
n09342	n08891
n09343	n09119
n09343	n09120
n09343	n09364
n09344	n09610
n09344	n09617
n09345	n01431
n09345	n03259
n09345	n09118
n09346	n04669
n09346	n09118
n09347	n03398
n09347	n08107
n09347	n09119
n09348	n03714
n09348	n08890
n09348	n09149
n09348	n09362
n09348	n09603
n09348	n09608
n09349	n05805
n09349	n07853
n09349	n07950
n09349	n08048
n09349	n08254
n09349	n08677
n09350	n03989
n09350	n07736
n09350	n08458
n09351	n02146
n09351	n09362
n09352	n04067
n09352	n09122
n09352	n09603
n09352	n09607
n09353	n04594
n09353	n05739
n09353	n06396
n09353	n07853
n09353	n08087
n09353	n08676
n09353	n08933
n09353	n09362
n09353	n09365
n09353	n09608
n09354	n04661
n09354	n09603
n09355	n07190
n09355	n08458
n09355	n09363
n09356	n09498
n09357	n03051
n09358	n05655
n09358	n05982
n09358	n09122
n09359	n06461
n09359	n06638
n09359	n07476
n09359	n07645
n09359	n08046
n09359	n08676
n09360	n04746
n09360	n08675
n09360	n09260
n09360	n09362
n09361	n06948
n09361	n07570
n09361	n08892
n09361	n09123
n09361	n09610
n09372	n04304
n09372	n06636
n09372	n07854
n09373	n09620
n09374	n08890
n09374	n09372
n09375	n06204
n09375	n06502
n09377	n09623
n09378	n07483
n09378	n07645
n09378	n07646
n09378	n07656
n09378	n08676
n09380	n08681
n09380	n09370
n09381	n07001
n09382	n05552
n09382	n09120
n09382	n09122
n09383	n04116
n09383	n04492
n09383	n04891
n09384	n05799
n09384	n06199
n09384	n07660
n09384	n08461
n09385	n08892
n09385	n08893
n09385	n08894
n09385	n09123
n09385	n09124
n09385	n09125
n09385	n09367
n09385	n09369
n09385	n09370
n09385	n09611
n09385	n09615
n09386	n04978
n09386	n04979
n09386	n05188
n09386	n05297
n09386	n05298
n09386	n05299
n09386	n05300
n09386	n05301
n09386	n05302
n09386	n05417
n09386	n05418
n09386	n05419
n09386	n05420
n09386	n05421
n09386	n05551
n09386	n05678
n09386	n05680
n09386	n05801
n09386	n05932
n09386	n06198
n09386	n06200
n09386	n06347
n09386	n06349
n09386	n06499
n09386	n06636
n09386	n06637
n09386	n06802
n09386	n06803
n09386	n07145
n09386	n07147
n09386	n07645
n09386	n07646
n09386	n07648
n09387	n08906
n09387	n09121
n09388	n04981
n09388	n05942
n09390	n04978
n09390	n05300
n09390	n05301
n09390	n05302
n09390	n05417
n09390	n05418
n09390	n05551
n09390	n05678
n09390	n05679
n09390	n05931
n09390	n06059
n09390	n06202
n09390	n06347
n09390	n06350
n09390	n06637
n09390	n06639
n09390	n06801
n09390	n07145
n09390	n07853
n09390	n09363
n09391	n06642
n09391	n08458
n09392	n05691
n09393	n06063
n09393	n07865
n09393	n08472
n09394	n00874
n09394	n01979
n09394	n04799
n09395	n08458
n09395	n09118
n09395	n09363
n09396	n08916
n09397	n04115
n09398	n07153
n09398	n08468
n09398	n08687
n09399	n05817
n09399	n07495
n09400	n05092
n09400	n06072
n09402	n08920
n09403	n07173
n09403	n09125
n09403	n09370
n09404	n08045
n09404	n08675
n09404	n08890
n09404	n09119
n09405	n04994
n09405	n05202
n09405	n09122
n09405	n09364
n09406	n08920
n09407	n05561
n09407	n06659
n09407	n09122
n09409	n08890
n09409	n09362
n09409	n09601
n09410	n08675
n09410	n09119
n09412	n03839
n09412	n08061
n09412	n09118
n09413	n04978
n09413	n05297
n09413	n05416
n09413	n05419
n09413	n05420
n09413	n05421
n09413	n05680
n09413	n05799
n09413	n05800
n09413	n05801
n09413	n05802
n09413	n05803
n09413	n05805
n09413	n05931
n09413	n05932
n09413	n05933
n09413	n05934
n09413	n06198
n09413	n06199
n09413	n06200
n09413	n06201
n09413	n06202
n09413	n06344
n09413	n06346
n09413	n06347
n09413	n06348
n09413	n06349
n09413	n06350
n09413	n06497
n09413	n06499
n09413	n06640
n09413	n06804
n09413	n07291
n09413	n07476
n09413	n07479
n09413	n07480
n09413	n08047
n09415	n08458
n09416	n06500
n09416	n06641
n09416	n08045
n09416	n08474
n09417	n06363
n09418	n09125
n09418	n09368
n09419	n08268
n09420	n06688
n09421	n05678
n09421	n05801
n09421	n06345
n09421	n06378
n09421	n06843
n09421	n06998
n09421	n07477
n09421	n07479
n09421	n07645
n09422	n06076
n09422	n06521
n09424	n06223
n09426	n08083
n09427	n09673
n09428	n05952
n09428	n07009
n09428	n08072
n09429	n07024
n09430	n04810
n09430	n06814
n09431	n00871
n09432	n03842
n09433	n08894
n09433	n09124
n09433	n09369
n09434	n08931
n09434	n09367
n09434	n09368
n09434	n09369
n09435	n05450
n09436	n04894
n09436	n04895
n09436	n05094
n09437	n04022
n09437	n06824
n09438	n08890
n09439	n06077
n09439	n09118
n09440	n00008
n09440	n00041
n09440	n00042
n09440	n00059
n09440	n00060
n09440	n00085
n09440	n08890
n09442	n07866
n09442	n07875
n09443	n05825
n09443	n07855
n09444	n04711
n09445	n00107
n09445	n01170
n09445	n09131
n09445	n09602
n09446	n09161
n09447	n09438
n09448	n01981
n09449	n04978
n09449	n04979
n09449	n05188
n09449	n05298
n09449	n05299
n09449	n05300
n09449	n05301
n09449	n05302
n09449	n05416
n09449	n05419
n09449	n05420
n09449	n05421
n09449	n05551
n09449	n05799
n09449	n05800
n09449	n05804
n09449	n05805
n09449	n05932
n09449	n05933
n09449	n05934
n09449	n05935
n09449	n06059
n09449	n06199
n09449	n06200
n09449	n06201
n09449	n06202
n09449	n06347
n09449	n06348
n09449	n06497
n09449	n06498
n09449	n06638
n09449	n06640
n09449	n06802
n09449	n06804
n09449	n07145
n09449	n07146
n09449	n07290
n09449	n07476
n09449	n07478
n09449	n07479
n09449	n07648
n09449	n07853
n09449	n08046
n09449	n08047
n09449	n08676
n09449	n08677
n09450	n06200
n09451	n03842
n09452	n09187
n09453	n05984
n09453	n06106
n09453	n06681
n09453	n07894
n09454	n07724
n09454	n08740
n09455	n09119
n09455	n09364
n09455	n09365
n09455	n09447
n09456	n08083
n09457	n08458
n09457	n09363
n09458	n09740
n09459	n07026
n09459	n08313
n09459	n09124
n09459	n09370
n09459	n09611
n09459	n09616
n09460	n09366
n09462	n08526
n09462	n09632
n09462	n09650
n09463	n05090
n09463	n09118
n09464	n05100
n09464	n06079
n09465	n03958
n09465	n08675
n09465	n09119
n09465	n09121
n09467	n05965
n09467	n08045
n09467	n09119
n09468	n05301
n09468	n06638
n09468	n08733
n09468	n09204
n09469	n04706
n09469	n04717
n09470	n07899
n09470	n09363
n09471	n08736
n09471	n08890
n09472	n04978
n09472	n05300
n09472	n05419
n09472	n05934
n09472	n06198
n09472	n06497
n09472	n06802
n09472	n07145
n09472	n07289
n09472	n07476
n09472	n07526
n09472	n07645
n09472	n07647
n09472	n07855
n09472	n08046
n09472	n08047
n09473	n06374
n09473	n06692
n09474	n04316
n09474	n04595
n09474	n08264
n09474	n08907
n09476	n08045
n09476	n08103
n09476	n09119
n09477	n05967
n09477	n07723
n09478	n08518
n09479	n07536
n09479	n08094
n09480	n07872
n09480	n08045
n09480	n08109
n09480	n09121
n09480	n09362
n09480	n09364
n09480	n09601
n09480	n09603
n09480	n09604
n09480	n09605
n09481	n05462
n09482	n06534
n09483	n04922
n09483	n09118
n09484	n09364
n09484	n09605
n09485	n03258
n09485	n04055
n09485	n04912
n09485	n05006
n09485	n05695
n09486	n08894
n09486	n09124
n09486	n09125
n09486	n09366
n09486	n09367
n09486	n09611
n09486	n09612
n09486	n09616
n09487	n08892
n09487	n08893
n09487	n08894
n09487	n09123
n09487	n09124
n09487	n09370
n09487	n09609
n09488	n09363
n09488	n09606
n09489	n03597
n09489	n05321
n09490	n01184
n09490	n03310
n09491	n03158
n09491	n03457
n09491	n07503
n09491	n09432
n09492	n04978
n09492	n04979
n09492	n05297
n09492	n05299
n09492	n05301
n09492	n05302
n09492	n05416
n09492	n05417
n09492	n05418
n09492	n05419
n09492	n05420
n09492	n05421
n09492	n05551
n09492	n05678
n09492	n05679
n09492	n05680
n09492	n05799
n09492	n05800
n09492	n05801
n09492	n05804
n09492	n05931
n09492	n05932
n09492	n05933
n09492	n05935
n09492	n06199
n09492	n06200
n09492	n06201
n09492	n06344
n09492	n06345
n09492	n06346
n09492	n06349
n09492	n06350
n09492	n06499
n09492	n06640
n09492	n06802
n09492	n07146
n09492	n07290
n09492	n07476
n09492	n07477
n09492	n07478
n09492	n07479
n09492	n07480
n09492	n07645
n09492	n07646
n09492	n07647
n09492	n07854
n09492	n07855
n09492	n08254
n09492	n08676
n09492	n08677
n09492	n08891
n09493	n08173
n09493	n08316
n09494	n06381
n09494	n09121
n09494	n09122
n09495	n08955
n09495	n09034
n09496	n07024
n09496	n07303
n09496	n08892
n09496	n08893
n09496	n09125
n09496	n09364
n09496	n09614
n09497	n09364
n09497	n09365
n09498	n06067
n09498	n07886
n09498	n09679
n09499	n03518
n09499	n03595
n09499	n04918
n09500	n08335
n09501	n08481
n09501	n08689
n09501	n08898
n09501	n09120
n09502	n02304
n09502	n09489
n09503	n07194
n09503	n09619
n09504	n06639
n09504	n06657
n09504	n07479
n09504	n07669
n09504	n07854
n09504	n08046
n09504	n09634
n09505	n06099
n09505	n09362
n09505	n09601
n09505	n09608
n09506	n08045
n09506	n08675
n09506	n09365
n09507	n08723
n09507	n09185
n09508	n08675
n09508	n09121
n09508	n09362
n09508	n09601
n09508	n09603
n09509	n05995
n09509	n09174
n09509	n09362
n09509	n09365
n09509	n09602
n09511	n06393
n09511	n08893
n09511	n09367
n09511	n09368
n09511	n09369
n09511	n09615
n09513	n02527
n09513	n08458
n09514	n05226
n09514	n09122
n09515	n05050
n09515	n05801
n09516	n06860
n09517	n09363
n09518	n02643
n09518	n03671
n09518	n07718
n09518	n09119
n09518	n09121
n09518	n09122
n09518	n09604
n09519	n08893
n09519	n09222
n09519	n09366
n09519	n09615
n09519	n09616
n09520	n08985
n09520	n09119
n09520	n09120
n09521	n03334
n09521	n09602
n09522	n08765
n09522	n09120
n09523	n03316
n09523	n04424
n09523	n09611
n09523	n09617
n09524	n03776
n09524	n09119
n09525	n08564
n09525	n09120
n09525	n09122
n09525	n09362
n09525	n09364
n09525	n09602
n09526	n05420
n09526	n05799
n09526	n05804
n09526	n05935
n09526	n06499
n09526	n07220
n09526	n07479
n09526	n08549
n09526	n08677
n09527	n01422
n09527	n06551
n09527	n08893
n09527	n09123
n09527	n09368
n09527	n09369
n09527	n09610
n09527	n09614
n09528	n08347
n09528	n09125
n09530	n05188
n09530	n05297
n09530	n05299
n09530	n05300
n09530	n05302
n09530	n05416
n09530	n05418
n09530	n05419
n09530	n05421
n09530	n05551
n09530	n05680
n09530	n05799
n09530	n05802
n09530	n05804
n09530	n05805
n09530	n05931
n09530	n05933
n09530	n05935
n09530	n06198
n09530	n06344
n09530	n06346
n09530	n06347
n09530	n06349
n09530	n06350
n09530	n06497
n09530	n06498
n09530	n06499
n09530	n06636
n09530	n06637
n09530	n06640
n09530	n06801
n09530	n06802
n09530	n06804
n09530	n07145
n09530	n07146
n09530	n07147
n09530	n07291
n09530	n07477
n09530	n07478
n09530	n07479
n09530	n07646
n09530	n07647
n09530	n07648
n09530	n07853
n09530	n08046
n09530	n08047
n09530	n08048
n09530	n08254
n09530	n08891
n09531	n03972
n09531	n08814
n09531	n09120
n09531	n09369
n09531	n09609
n09532	n06406
n09533	n05479
n09533	n07671
n09533	n09364
n09535	n02977
n09535	n09121
n09535	n09365
n09535	n09607
n09536	n08591
n09536	n08675
n09537	n08045
n09537	n08726
n09537	n09120
n09538	n08045
n09538	n08675
n09538	n08890
n09538	n09119
n09538	n09120
n09538	n09362
n09538	n09365
n09538	n09605
n09539	n02152
n09539	n02540
n09539	n03318
n09539	n09362
n09540	n03863
n09540	n05005
n09541	n08890
n09541	n09119
n09541	n09120
n09541	n09121
n09541	n09601
n09541	n09607
n09542	n08675
n09542	n09119
n09542	n09120
n09542	n09122
n09542	n09362
n09542	n09364
n09542	n09608
n09543	n04978
n09543	n04979
n09543	n05188
n09543	n05298
n09543	n05301
n09543	n05302
n09543	n05416
n09543	n05417
n09543	n05418
n09543	n05419
n09543	n05421
n09543	n05551
n09543	n05678
n09543	n05680
n09543	n05799
n09543	n05801
n09543	n05803
n09543	n05805
n09543	n05931
n09543	n05933
n09543	n05935
n09543	n06200
n09543	n06201
n09543	n06202
n09543	n06344
n09543	n06345
n09543	n06346
n09543	n06347
n09543	n06348
n09543	n06349
n09543	n06499
n09543	n06636
n09543	n06637
n09543	n06638
n09543	n06639
n09543	n06801
n09543	n06802
n09543	n06803
n09543	n06804
n09543	n07145
n09543	n07146
n09543	n07147
n09543	n07291
n09543	n07478
n09543	n07479
n09543	n07480
n09543	n07646
n09543	n07647
n09543	n08046
n09543	n08047
n09543	n08048
n09543	n08254
n09543	n08676
n09544	n05301
n09544	n05932
n09544	n06637
n09544	n06639
n09544	n07479
n09544	n07853
n09544	n07854
n09544	n09118
n09545	n04978
n09545	n04979
n09545	n05188
n09545	n05298
n09545	n05301
n09545	n05302
n09545	n05416
n09545	n05417
n09545	n05418
n09545	n05419
n09545	n05421
n09545	n05551
n09545	n05678
n09545	n05679
n09545	n05680
n09545	n05803
n09545	n05804
n09545	n05805
n09545	n05931
n09545	n05932
n09545	n05933
n09545	n05935
n09545	n06198
n09545	n06199
n09545	n06200
n09545	n06201
n09545	n06202
n09545	n06344
n09545	n06345
n09545	n06346
n09545	n06347
n09545	n06348
n09545	n06349
n09545	n06350
n09545	n06497
n09545	n06499
n09545	n06636
n09545	n06637
n09545	n06638
n09545	n06639
n09545	n06640
n09545	n06801
n09545	n06803
n09545	n06804
n09545	n07146
n09545	n07147
n09545	n07291
n09545	n07476
n09545	n07478
n09545	n07479
n09545	n07480
n09545	n07645
n09545	n07646
n09545	n07647
n09545	n07648
n09545	n07854
n09545	n08046
n09545	n08047
n09545	n08048
n09545	n08676
n09545	n08891
n09546	n08309
n09546	n08566
n09546	n08892
n09546	n09366
n09547	n07557
n09548	n00067
n09548	n00135
n09548	n02639
n09548	n05678
n09548	n05679
n09548	n06637
n09548	n08552
n09549	n09351
n09549	n09605
n09550	n03691
n09550	n05419
n09550	n05680
n09550	n05802
n09550	n06637
n09550	n07145
n09550	n07476
n09551	n02666
n09551	n07891
n09552	n02869
n09552	n05419
n09552	n06199
n09552	n06707
n09553	n04823
n09553	n05298
n09553	n05301
n09553	n05419
n09553	n05679
n09553	n05932
n09553	n06636
n09553	n06801
n09553	n06802
n09553	n07037
n09553	n07478
n09553	n08458
n09553	n08677
n09553	n09118
n09553	n09363
n09554	n04979
n09554	n05188
n09554	n05297
n09554	n05302
n09554	n05417
n09554	n05418
n09554	n05419
n09554	n05420
n09554	n05421
n09554	n05551
n09554	n05678
n09554	n05679
n09554	n05680
n09554	n05799
n09554	n05801
n09554	n05802
n09554	n05803
n09554	n05804
n09554	n05805
n09554	n05933
n09554	n05935
n09554	n06199
n09554	n06200
n09554	n06345
n09554	n06346
n09554	n06347
n09554	n06348
n09554	n06349
n09554	n06350
n09554	n06498
n09554	n06499
n09554	n06636
n09554	n06638
n09554	n06640
n09554	n06801
n09554	n06802
n09554	n06803
n09554	n07146
n09554	n07147
n09554	n07289
n09554	n07291
n09554	n07477
n09554	n07478
n09554	n07479
n09554	n07648
n09554	n07853
n09554	n08047
n09554	n08048
n09554	n08676
n09554	n08891
n09555	n08045
n09555	n09119
n09555	n09362
n09555	n09364
n09555	n09373
n09556	n01426
n09556	n08705
n09556	n08719
n09556	n09187
n09557	n08675
n09557	n09120
n09557	n09121
n09557	n09362
n09557	n09364
n09557	n09602
n09558	n08458
n09558	n09118
n09559	n09009
n09560	n01990
n09561	n01668
n09561	n05603
n09562	n05188
n09562	n05297
n09562	n05298
n09562	n05299
n09562	n05300
n09562	n05302
n09562	n05419
n09562	n05421
n09562	n05678
n09562	n05679
n09562	n05799
n09562	n05800
n09562	n05801
n09562	n05803
n09562	n05805
n09562	n05931
n09562	n05932
n09562	n05933
n09562	n06059
n09562	n06199
n09562	n06200
n09562	n06201
n09562	n06202
n09562	n06344
n09562	n06346
n09562	n06349
n09562	n06350
n09562	n06497
n09562	n06499
n09562	n06637
n09562	n06638
n09562	n06640
n09562	n06801
n09562	n06802
n09562	n06803
n09562	n06998
n09562	n07147
n09562	n07289
n09562	n07290
n09562	n07291
n09562	n07476
n09562	n07477
n09562	n07478
n09562	n07479
n09562	n07480
n09562	n07648
n09562	n07853
n09562	n07855
n09562	n08046
n09562	n08047
n09562	n08048
n09562	n08254
n09562	n08677
n09563	n07036
n09563	n09119
n09563	n09120
n09563	n09365
n09563	n09608
n09564	n08892
n09564	n08893
n09564	n08894
n09564	n09123
n09564	n09367
n09564	n09369
n09564	n09610
n09564	n09613
n09565	n08675
n09565	n09018
n09565	n09121
n09565	n09122
n09565	n09278
n09565	n09362
n09565	n09365
n09566	n04978
n09566	n04979
n09566	n05188
n09566	n05299
n09566	n05300
n09566	n05301
n09566	n05302
n09566	n05416
n09566	n05417
n09566	n05418
n09566	n05420
n09566	n05421
n09566	n05551
n09566	n05679
n09566	n05799
n09566	n05801
n09566	n05803
n09566	n05804
n09566	n05805
n09566	n05932
n09566	n05934
n09566	n05935
n09566	n06059
n09566	n06198
n09566	n06199
n09566	n06200
n09566	n06202
n09566	n06344
n09566	n06346
n09566	n06347
n09566	n06348
n09566	n06350
n09566	n06637
n09566	n06639
n09566	n06640
n09566	n06801
n09566	n06803
n09566	n06998
n09566	n07145
n09566	n07146
n09566	n07147
n09566	n07289
n09566	n07290
n09566	n07476
n09566	n07477
n09566	n07478
n09566	n07480
n09566	n07645
n09566	n07647
n09566	n07648
n09566	n07853
n09566	n07854
n09566	n07855
n09566	n08046
n09566	n08047
n09566	n08254
n09566	n08676
n09566	n08677
n09566	n08891
n09567	n02286
n09567	n05297
n09567	n05301
n09567	n05302
n09567	n05417
n09567	n05420
n09567	n05678
n09567	n05800
n09567	n05801
n09567	n05802
n09567	n05805
n09567	n05934
n09567	n06059
n09567	n06202
n09567	n06349
n09567	n06498
n09567	n06802
n09567	n07145
n09567	n07146
n09567	n07289
n09567	n07290
n09567	n07291
n09567	n07480
n09567	n07646
n09567	n07648
n09567	n07853
n09567	n07854
n09567	n08676
n09567	n08677
n09567	n09136
n09568	n05267
n09568	n09119
n09568	n09364
n09568	n09602
n09569	n07087
n09570	n04357
n09571	n08462
n09571	n08892
n09571	n09123
n09571	n09125
n09571	n09366
n09571	n09368
n09571	n09369
n09572	n02306
n09573	n03876
n09573	n08892
n09573	n08893
n09573	n09124
n09573	n09125
n09573	n09217
n09573	n09368
n09573	n09370
n09573	n09614
n09573	n09615
n09574	n08893
n09574	n09124
n09574	n09366
n09574	n09367
n09574	n09368
n09574	n09369
n09574	n09370
n09574	n09609
n09574	n09613
n09574	n09617
n09575	n05799
n09575	n05801
n09575	n06198
n09575	n06199
n09575	n07476
n09575	n07646
n09575	n08458
n09575	n08461
n09575	n08676
n09575	n09363
n09575	n09606
n09576	n08045
n09576	n08965
n09576	n09120
n09576	n09121
n09576	n09122
n09577	n06013
n09577	n07177
n09577	n08045
n09577	n09120
n09577	n09362
n09577	n09364
n09578	n09367
n09579	n03548
n09579	n09363
n09580	n09119
n09580	n09120
n09580	n09121
n09580	n09362
n09580	n09603
n09581	n04457
n09581	n09524
n09582	n02975
n09582	n09493
n09583	n07097
n09583	n09120
n09583	n09362
n09583	n09364
n09583	n09365
n09584	n00535
n09584	n08045
n09584	n08890
n09584	n09119
n09584	n09364
n09584	n09365
n09584	n09603
n09584	n09607
n09585	n05246
n09585	n07713
n09585	n08894
n09585	n09123
n09585	n09125
n09585	n09369
n09585	n09615
n09586	n08892
n09586	n08894
n09586	n09125
n09586	n09366
n09586	n09367
n09586	n09368
n09586	n09369
n09586	n09370
n09586	n09610
n09587	n09119
n09587	n09120
n09587	n09362
n09587	n09364
n09587	n09365
n09587	n09608
n09588	n06024
n09588	n08892
n09588	n08894
n09588	n09609
n09588	n09610
n09589	n05119
n09590	n08458
n09590	n09118
n09590	n09606
n09590	n09633
n09591	n02868
n09591	n08045
n09591	n09119
n09591	n09362
n09592	n02957
n09592	n08893
n09592	n09368
n09592	n09615
n09593	n01185
n09593	n03606
n09594	n08211
n09594	n08458
n09594	n09118
n09594	n09363
n09594	n09606
n09595	n04646
n09595	n09121
n09595	n09537
n09596	n03614
n09596	n06095
n09596	n08246
n09597	n03757
n09597	n05766
n09597	n08045
n09597	n09365
n09597	n09607
n09597	n09608
n09598	n03127
n09598	n09121
n09599	n04461
n09600	n03616
n09600	n06748
n09600	n07411
n09600	n08675
n09600	n09120
n09600	n09122
n09600	n09608
n09619	n09618
n09622	n08458
n09622	n09363
n09623	n07857
n09624	n08893
n09624	n09123
n09624	n09125
n09624	n09367
n09624	n09369
n09624	n09370
n09625	n05554
n09625	n05807
n09626	n08257
n09626	n08890
n09626	n09603
n09626	n09607
n09627	n07004
n09627	n08045
n09630	n04398
n09630	n04493
n09631	n09603
n09631	n09627
n09632	n08048
n09632	n08275
n09632	n08677
n09634	n05678
n09634	n06344
n09634	n07300
n09634	n07853
n09635	n09118
n09635	n09363
n09637	n05304
n09637	n06507
n09637	n09615
n09638	n09645
n09639	n07152
n09639	n07155
n09641	n07009
n09642	n06813
n09642	n09366
n09642	n09604
n09642	n09610
n09642	n09611
n09643	n09368
n09643	n09611
n09643	n09616
n09643	n09617
n09644	n09393
n09645	n08890
n09645	n08925
n09645	n09122
n09645	n09603
n09645	n09608
n09646	n07294
n09646	n07658
n09646	n07853
n09646	n08890
n09646	n09121
n09646	n09608
n09647	n06224
n09648	n09121
n09648	n09603
n09649	n05302
n09649	n05416
n09649	n05419
n09649	n06200
n09649	n06344
n09649	n06804
n09649	n08706
n09650	n04696
n09650	n06639
n09650	n07479
n09650	n07681
n09650	n07853
n09650	n07854
n09650	n07880
n09650	n08046
n09650	n08048
n09650	n08677
n09651	n04978
n09651	n04979
n09651	n05299
n09651	n05300
n09651	n05416
n09651	n05418
n09651	n05419
n09651	n05421
n09651	n05551
n09651	n05678
n09651	n05679
n09651	n05802
n09651	n05805
n09651	n05931
n09651	n05934
n09651	n05935
n09651	n06059
n09651	n06198
n09651	n06199
n09651	n06202
n09651	n06347
n09651	n06497
n09651	n06499
n09651	n06636
n09651	n06639
n09651	n06803
n09651	n06804
n09651	n06998
n09651	n07147
n09651	n07290
n09651	n07291
n09651	n07479
n09652	n06370
n09652	n07012
n09653	n05946
n09653	n08890
n09653	n09121
n09653	n09601
n09653	n09602
n09653	n09603
n09654	n06500
n09654	n06641
n09654	n08675
n09654	n09364
n09655	n09639
n09657	n07506
n09658	n07298
n09658	n09613
n09658	n09616
n09659	n03657
n09659	n08675
n09659	n09602
n09660	n04695
n09660	n09120
n09660	n09121
n09660	n09601
n09660	n09602
n09661	n05552
n09661	n08675
n09661	n09120
n09661	n09122
n09661	n09364
n09662	n05299
n09662	n06234
n09662	n06346
n09662	n07146
n09663	n09673
n09664	n05432
n09664	n06831
n09664	n09120
n09665	n04978
n09665	n05297
n09665	n05298
n09665	n05417
n09665	n05418
n09665	n05420
n09665	n05799
n09665	n05804
n09665	n06346
n09665	n06348
n09665	n06497
n09665	n06636
n09665	n06638
n09665	n06802
n09665	n07645
n09665	n07853
n09665	n08894
n09666	n05201
n09666	n09122
n09666	n09601
n09667	n08695
n09668	n04978
n09668	n05301
n09668	n05416
n09668	n05799
n09668	n05933
n09668	n06198
n09668	n06497
n09668	n07145
n09668	n07290
n09668	n07648
n09668	n08458
n09669	n07883
n09670	n07890
n09670	n08894
n09670	n09611
n09671	n08894
n09671	n09123
n09671	n09124
n09671	n09369
n09671	n09609
n09671	n09612
n09671	n09613
n09671	n09615
n09672	n07157
n09672	n08045
n09673	n06812
n09673	n07156
n09673	n08045
n09673	n09601
n09673	n09602
n09673	n09607
n09674	n05572
n09674	n09123
n09674	n09613
n09675	n07663
n09675	n09603
n09678	n05085
n09678	n05306
n09678	n07017
n09678	n09362
n09678	n09365
n09678	n09608
n09679	n05950
n09679	n07676
n09679	n07876
n09679	n09147
n09680	n00860
n09680	n01162
n09680	n01411
n09680	n02267
n09681	n04123
n09681	n07164
n09681	n08675
n09681	n09364
n09682	n06088
n09682	n06226
n09682	n06818
n09682	n09607
n09683	n08458
n09683	n09363
n09684	n08458
n09684	n09118
n09684	n09606
n09685	n09611
n09686	n04794
n09686	n05093
n09686	n06346
n09686	n06804
n09686	n07478
n09687	n07904
n09688	n06237
n09689	n04978
n09689	n04979
n09689	n05298
n09689	n05299
n09689	n05420
n09689	n05421
n09689	n05678
n09689	n05799
n09689	n05802
n09689	n05931
n09689	n06198
n09689	n06201
n09689	n06499
n09689	n06637
n09689	n06638
n09689	n06640
n09689	n06802
n09689	n06803
n09689	n07476
n09689	n07645
n09689	n07647
n09689	n08048
n09690	n08892
n09690	n08893
n09690	n08894
n09690	n09123
n09690	n09124
n09690	n09366
n09690	n09609
n09690	n09610
n09690	n09612
n09690	n09615
n09690	n09616
n09690	n09617
n09691	n04315
n09691	n06347
n09691	n06499
n09692	n05568
n09694	n09119
n09695	n07151
n09697	n08292
n09697	n09124
n09698	n01817
n09698	n06514
n09699	n08675
n09699	n09604
n09699	n09605
n09701	n05308
n09702	n06237
n09703	n09118
n09703	n09123
n09703	n09370
n09703	n09446
n09704	n04122
n09704	n04127
n09704	n09369
n09704	n09615
n09705	n06683
n09705	n09144
n09705	n09601
n09706	n03096
n09706	n03584
n09706	n09119
n09706	n09122
n09707	n09119
n09707	n09364
n09707	n09604
n09708	n05188
n09708	n05302
n09708	n05678
n09708	n06347
n09708	n06497
n09708	n06639
n09708	n06801
n09708	n07478
n09708	n07646
n09708	n07853
n09708	n09118
n09709	n04979
n09709	n05188
n09709	n05297
n09709	n05298
n09709	n05299
n09709	n05300
n09709	n05416
n09709	n05417
n09709	n05419
n09709	n05420
n09709	n05679
n09709	n05680
n09709	n05801
n09709	n05802
n09709	n05803
n09709	n05804
n09709	n05805
n09709	n05932
n09709	n05933
n09709	n05934
n09709	n06059
n09709	n06199
n09709	n06200
n09709	n06201
n09709	n06345
n09709	n06346
n09709	n06347
n09709	n06348
n09709	n06349
n09709	n06350
n09709	n06498
n09709	n06499
n09709	n06636
n09709	n06638
n09709	n06640
n09709	n06801
n09709	n06803
n09709	n07146
n09709	n07147
n09709	n07477
n09709	n07478
n09709	n07648
n09709	n07855
n09710	n05188
n09710	n05298
n09710	n05299
n09710	n05300
n09710	n05302
n09710	n05416
n09710	n05417
n09710	n05418
n09710	n05419
n09710	n05420
n09710	n05421
n09710	n05678
n09710	n05679
n09710	n05680
n09710	n05801
n09710	n05802
n09710	n05803
n09710	n05804
n09710	n05805
n09710	n05932
n09710	n05933
n09710	n05934
n09710	n06198
n09710	n06199
n09710	n06200
n09710	n06201
n09710	n06344
n09710	n06345
n09710	n06346
n09710	n06347
n09710	n06350
n09710	n06499
n09710	n06636
n09710	n06639
n09710	n06802
n09710	n06804
n09710	n07476
n09710	n07477
n09710	n07479
n09710	n07480
n09710	n07853
n09710	n07854
n09710	n07855
n09710	n08046
n09710	n08047
n09710	n08048
n09710	n08677
n09711	n09395
n09711	n09606
n09712	n04202
n09712	n06352
n09712	n09606
n09713	n08968
n09713	n09180
n09713	n09606
n09714	n05465
n09715	n06683
n09715	n09601
n09717	n05583
n09717	n09429
n09717	n09642
n09718	n07322
n09719	n04321
n09719	n05606
n09721	n03456
n09721	n09121
n09722	n04509
n09722	n09612
n09723	n04723
n09723	n05039
n09723	n07645
n09723	n07646
n09723	n07759
n09723	n08676
n09724	n01641
n09724	n08331
n09724	n08892
n09724	n09123
n09724	n09367
n09724	n09369
n09724	n09610
n09724	n09614
n09725	n00121
n09725	n02858
n09725	n09119
n09725	n09364
n09726	n07535
n09727	n05984
n09727	n06106
n09727	n06681
n09727	n07894
n09728	n08458
n09728	n09363
n09730	n03253
n09730	n03520
n09730	n09606
n09732	n08728
n09733	n08473
n09733	n08502
n09733	n09186
n09734	n05191
n09734	n06696
n09736	n06557
n09736	n08077
n09737	n09121
n09737	n09140
n09737	n09141
n09737	n09602
n09738	n09118
n09739	n04979
n09739	n05417
n09739	n05420
n09739	n05421
n09739	n05801
n09739	n05932
n09739	n05934
n09739	n06199
n09739	n06202
n09739	n06349
n09739	n06350
n09739	n06497
n09739	n06499
n09739	n06998
n09739	n07146
n09739	n07478
n09739	n07479
n09739	n07648
n09739	n07854
n09740	n09363
n09741	n08458
n09741	n09363
n09741	n09609
n09742	n08286
n09743	n00067
n09743	n00135
n09743	n02639
n09743	n05678
n09743	n05679
n09743	n05931
n09743	n06497
n09743	n06637
n09743	n07476
n09744	n08746
n09744	n08914
n09744	n09120
n09744	n09122
n09744	n09602
n09745	n05437
n09745	n09155
n09745	n09420
n09746	n01184
n09746	n03310
n09746	n04121
n09746	n08946
n09747	n04978
n09747	n05297
n09747	n05300
n09747	n05301
n09747	n05302
n09747	n05417
n09747	n05420
n09747	n05551
n09747	n05678
n09747	n05679
n09747	n05680
n09747	n05799
n09747	n05800
n09747	n05801
n09747	n05803
n09747	n05804
n09747	n05805
n09747	n05935
n09747	n06198
n09747	n06199
n09747	n06200
n09747	n06201
n09747	n06202
n09747	n06344
n09747	n06346
n09747	n06347
n09747	n06348
n09747	n06350
n09747	n06498
n09747	n06637
n09747	n06638
n09747	n06639
n09747	n06640
n09747	n06801
n09747	n06803
n09747	n06804
n09747	n07145
n09747	n07146
n09747	n07147
n09747	n07289
n09747	n07476
n09747	n07479
n09747	n07647
n09747	n07648
n09747	n07853
n09748	n08045
n09748	n08319
n09748	n08675
n09748	n09120
n09749	n07929
n09749	n09475
n09750	n03669
n09751	n06289
n09751	n09610
n09751	n09611
n09751	n09612
n09751	n09614
n09752	n08045
n09752	n08496
n09752	n09120
n09752	n09121
n09752	n09362
n09752	n09604
n09752	n09608
n09753	n08556
n09754	n00034
n09754	n02140
n09756	n08778
n09756	n09733
n09757	n07209
n09757	n09616
n09758	n06060
n09758	n07194
n09759	n04978
n09759	n05297
n09759	n05299
n09759	n05302
n09759	n05416
n09759	n05419
n09759	n05799
n09759	n05800
n09759	n05801
n09759	n05804
n09759	n05932
n09759	n06059
n09759	n06198
n09759	n06199
n09759	n06200
n09759	n06201
n09759	n06802
n09759	n07291
n09759	n07853
n09759	n08891
n09760	n09118
n09760	n09120
n09760	n09601
n09760	n09602
n09760	n09603
n09761	n06015
n09761	n09603
n09762	n07909
n09763	n04978
n09763	n05300
n09763	n05418
n09763	n05420
n09763	n05421
n09763	n05800
n09763	n06200
n09763	n06344
n09763	n06348
n09763	n06639
n09763	n07147
n09763	n07646
n09763	n08047
n09763	n08732
n09763	n08733
n09763	n09204
n09764	n05836
n09764	n08893
n09764	n09612
n09765	n04979
n09765	n05297
n09765	n05298
n09765	n05299
n09765	n05300
n09765	n05302
n09765	n05416
n09765	n05417
n09765	n05418
n09765	n05419
n09765	n05420
n09765	n05421
n09765	n05551
n09765	n05680
n09765	n05802
n09765	n05804
n09765	n05805
n09765	n05932
n09765	n05933
n09765	n05935
n09765	n06198
n09765	n06201
n09765	n06344
n09765	n06345
n09765	n06346
n09765	n06348
n09765	n06349
n09765	n06350
n09765	n06498
n09765	n06499
n09765	n06636
n09765	n06637
n09765	n06638
n09765	n06998
n09765	n07146
n09765	n07478
n09765	n07480
n09765	n07647
n09765	n07854
n09765	n08046
n09765	n08677
n09766	n00875
n09766	n05002
n09766	n08696
n09766	n09611
n09766	n09614
n09767	n06555
n09767	n09368
n09767	n09613
n09767	n09697
n09768	n06999
n09768	n08458
n09768	n09118
n09769	n05933
n09769	n06345
n09769	n07145
n09769	n07367
n09769	n07478
n09769	n07648
n09769	n09225
n09770	n05846
n09770	n09220
n09770	n09363
n09771	n09186
n09772	n05302
n09772	n06345
n09772	n06998
n09772	n09195
n09772	n09462
n09773	n07366
n09773	n09118
n09773	n09606
n09775	n05315
n09775	n07932
n09775	n09119
n09775	n09120
n09775	n09364
n09775	n09602
n09775	n09604
n09776	n08045
n09776	n08675
n09776	n09364
n09776	n09365
n09776	n09602
n09776	n09604
n09777	n08458
n09777	n09363
n09777	n09606
n09778	n09119
n09778	n09485
n09779	n01663
n09779	n04330
n09779	n05931
n09779	n06802
n09780	n02967
n09780	n04453
n09780	n09363
n09781	n05337
n09781	n08045
n09781	n09120
n09781	n09121
n09781	n09362
n09781	n09601
n09781	n09602
n09781	n09604
n09781	n09605
n09782	n05484
n09784	n07368
n09784	n09120
n09784	n09122
n09784	n09362
n09784	n09601
n09784	n09604
n09785	n06856
n09786	n04832
n09787	n05857
n09787	n07308
n09787	n09118
n09787	n09363
n09788	n07053
n09788	n09133
n09788	n09363
n09788	n09606
n09789	n04408
n09789	n04899
n09789	n09606
n09790	n08273
n09790	n08458
n09790	n09118
n09791	n06213
n09791	n06431
n09791	n09609
n09792	n05799
n09792	n06345
n09792	n06347
n09792	n06499
n09792	n08241
n09794	n08675
n09794	n08890
n09794	n09119
n09794	n09121
n09794	n09122
n09794	n09603
n09794	n09604
n09794	n09605
n09794	n09608
n09795	n05242
n09795	n08892
n09795	n08893
n09795	n09125
n09795	n09157
n09795	n09364
n09795	n09609
n09796	n05188
n09796	n05297
n09796	n05298
n09796	n05299
n09796	n05300
n09796	n05301
n09796	n05302
n09796	n05419
n09796	n05421
n09796	n05679
n09796	n05799
n09796	n05800
n09796	n05801
n09796	n05803
n09796	n05931
n09796	n05932
n09796	n05933
n09796	n05935
n09796	n06059
n09796	n06199
n09796	n06200
n09796	n06201
n09796	n06202
n09796	n06346
n09796	n06349
n09796	n06350
n09796	n06637
n09796	n06638
n09796	n06639
n09796	n06640
n09796	n06802
n09796	n06803
n09796	n06998
n09796	n07146
n09796	n07289
n09796	n07290
n09796	n07291
n09796	n07477
n09796	n07479
n09796	n07480
n09796	n07645
n09796	n07648
n09796	n07853
n09796	n08046
n09796	n08048
n09796	n08254
n09796	n08676
n09796	n08677
n09797	n03326
n09797	n08458
n09797	n09363
n09798	n07774
n09798	n08458
n09801	n05416
n09801	n06199
n09801	n06200
n09801	n06744
n09801	n07478
n09801	n07647
n09801	n08048
n09802	n05366
n09803	n09120
n09803	n09121
n09803	n09605
n09803	n09607
n09803	n09776
n09804	n01183
n09804	n01657
n09804	n04978
n09804	n05188
n09804	n05300
n09804	n05416
n09804	n05417
n09804	n05420
n09804	n05551
n09804	n05678
n09804	n05679
n09804	n05801
n09804	n05803
n09804	n05804
n09804	n06198
n09804	n06344
n09804	n06345
n09804	n06498
n09804	n06640
n09804	n06802
n09804	n06803
n09804	n06998
n09804	n07145
n09804	n07645
n09804	n07647
n09804	n07855
n09804	n08046
n09805	n04494
n09805	n05816
n09805	n08458
n09805	n09606
n09806	n04978
n09806	n04979
n09806	n05297
n09806	n05299
n09806	n05300
n09806	n05302
n09806	n05416
n09806	n05417
n09806	n05419
n09806	n05420
n09806	n05551
n09806	n05678
n09806	n05679
n09806	n05680
n09806	n05799
n09806	n05802
n09806	n05804
n09806	n05805
n09806	n05931
n09806	n05932
n09806	n05933
n09806	n05934
n09806	n06059
n09806	n06199
n09806	n06200
n09806	n06201
n09806	n06345
n09806	n06347
n09806	n06350
n09806	n06497
n09806	n06498
n09806	n06637
n09806	n06804
n09806	n07147
n09806	n07289
n09806	n07290
n09806	n07478
n09806	n07479
n09806	n07480
n09806	n07646
n09806	n07648
n09806	n07853
n09806	n07854
n09806	n07855
n09806	n08046
n09806	n08047
n09806	n08676
n09806	n08677
n09806	n08891
n09808	n05863
n09808	n07647
n09808	n08458
n09808	n09118
n09808	n09606
n09809	n08260
n09809	n09123
n09809	n09611
n09809	n09613
n09810	n04365
n09810	n04978
n09810	n05188
n09810	n05419
n09810	n05421
n09810	n05678
n09810	n05804
n09810	n05934
n09810	n06198
n09810	n06201
n09810	n06345
n09810	n06347
n09810	n06498
n09810	n06636
n09810	n06801
n09810	n06804
n09810	n06998
n09810	n07476
n09810	n07645
n09810	n07646
n09810	n08046
n09810	n08676
n09811	n05297
n09811	n05302
n09811	n05932
n09811	n05934
n09811	n06202
n09811	n06497
n09811	n06637
n09811	n06639
n09811	n06803
n09811	n07477
n09811	n07478
n09811	n07479
n09811	n07646
n09811	n07853
n09811	n08254
n09811	n08458
n09811	n09118
n09811	n09606
n09812	n00912
n09812	n05773
n09812	n09120
n09812	n09362
n09813	n06497
n09813	n06594
n09813	n06639
n09813	n06801
n09813	n06803
n09813	n07147
n09813	n07291
n09813	n07648
n09813	n08046
n09813	n08047
n09814	n09366
n09814	n09369
n09814	n09617
n09815	n08045
n09815	n08890
n09815	n09120
n09815	n09121
n09815	n09364
n09815	n09365
n09815	n09602
n09815	n09603
n09815	n09605
n09815	n09607
n09815	n09608
n09816	n04557
n09816	n09119
n09816	n09362
n09816	n09364
n09816	n09602
n09816	n09605
n09816	n09608
n09817	n04665
n09817	n05055
n09817	n06442
n09817	n07648
n09817	n08254
n09818	n03703
n09818	n05298
n09818	n05299
n09818	n05678
n09818	n05680
n09818	n06200
n09818	n06202
n09818	n06344
n09818	n06499
n09818	n06638
n09818	n06804
n09818	n07289
n09818	n07291
n09818	n07647
n09818	n07853
n09818	n07854
n09818	n08047
n09818	n08048
n09818	n08600
n09818	n08891
n09819	n08271
n09819	n08708
n09819	n09123
n09820	n05188
n09820	n05297
n09820	n05299
n09820	n05300
n09820	n06347
n09820	n06801
n09820	n07145
n09820	n07477
n09820	n07478
n09820	n07853
n09820	n08047
n09820	n08458
n09820	n09118
n09820	n09363
n09820	n09606
n09821	n08167
n09821	n09120
n09821	n09362
n09821	n09601
n09821	n09604
n09821	n09608
