node	key	source	name	n_genes	inclusion
n0000	go:GO:0006198	go	cAMP catabolic process	9	0.4545
n0000	go:GO:0006285	go	base-excision repair, AP site formation	12	0.4545
n0000	go:GO:0006304	go	DNA modification	29	0.4545
n0000	go:GO:0009310	go	amine catabolic process	21	0.4545
n0000	go:GO:0042428	go	serotonin metabolic process	17	0.4545
n0000	go:GO:0016310	go	phosphorylation	749	0.4444
n0000	go:GO:0019614	go	catechol-containing compound catabolic process	10	0.4444
n0000	go:GO:0042325	go	regulation of phosphorylation	441	0.4444
n0000	go:GO:0070729	go	cyclic nucleotide transport	11	0.4444
n0000	go:GO:0071495	go	cellular response to endogenous stimulus	1364	0.4444
n0000	go:GO:2000242	go	negative regulation of reproductive process	69	0.4444
n0000	hallmark:HALLMARK_MYC_TARGETS_V2	hallmark	HALLMARK_MYC_TARGETS_V2	58	0.4444
n0000	reactome:R-HSA-1187000	reactome	Fertilization	26	0.4444
n0000	reactome:R-HSA-5678895	reactome	Defective CFTR causes cystic fibrosis	48	0.4444
n0000	reactome:R-HSA-8964315	reactome	G beta:gamma signalling through BTK	18	0.4444
n0000	reactome:R-HSA-9012999	reactome	RHO GTPase cycle	450	0.4444
n0000	reactome:R-HSA-9013420	reactome	RHOU GTPase cycle	40	0.4444
n0000	go:GO:0031929	go	TOR signaling	186	0.4286
n0000	go:GO:1902170	go	cellular response to reactive nitrogen species	18	0.4286
n0000	hallmark:HALLMARK_SPERMATOGENESIS	hallmark	HALLMARK_SPERMATOGENESIS	135	0.4286
n0000	reactome:R-HSA-73884	reactome	Base Excision Repair	71	0.4286
n0000	go:GO:0006284	go	base-excision repair	48	0.4000
n0000	go:GO:0018107	go	peptidyl-threonine phosphorylation	35	0.4000
n0000	go:GO:0048069	go	eye pigmentation	7	0.4000
n0000	go:GO:0050654	go	chondroitin sulfate proteoglycan metabolic process	38	0.4000
n0000	reactome:R-HSA-165159	reactome	MTOR signalling	52	0.4000
n0000	reactome:R-HSA-3560792	reactome	Defective SLC26A2 causes chondrodysplasias	1	0.4000
n0000	reactome:R-HSA-5619077	reactome	Defective SLC24A1 causes congenital stationary night blindness 1D (CSNB1D)	1	0.4000
n0000	reactome:R-HSA-73928	reactome	Depyrimidination	41	0.4000
n0000	reactome:R-HSA-9629232	reactome	Defective Base Excision Repair Associated with NEIL3	1	0.4000
n0000	reactome:R-HSA-9630222	reactome	Defective NTHL1 substrate binding	1	0.4000
n0000	go:GO:0002074	go	extraocular skeletal muscle development	5	0.3750
n0000	go:GO:0007340	go	acrosome reaction	43	0.3750
n0000	go:GO:0009566	go	fertilization	241	0.3750
n0000	go:GO:0044065	go	regulation of respiratory system process	16	0.3750
n0000	go:GO:0060319	go	primitive erythrocyte differentiation	5	0.3750
n0000	hallmark:HALLMARK_MTORC1_SIGNALING	hallmark	HALLMARK_MTORC1_SIGNALING	200	0.3750
n0000	reactome:R-HSA-110373	reactome	Resolution of AP sites via the multiple-nucleotide patch replacement pathway	25	0.3750
n0000	reactome:R-HSA-2022923	reactome	DS-GAG biosynthesis	12	0.3750
n0000	reactome:R-HSA-5696398	reactome	Nucleotide Excision Repair	108	0.3750
n0000	reactome:R-HSA-912446	reactome	Meiotic recombination	57	0.3750
n0000	reactome:R-HSA-9729555	reactome	Sensory perception of sour taste	2	0.3750
n0000	go:GO:0051610	go	serotonin uptake	13	0.3636
n0000	go:GO:0051905	go	establishment of pigment granule localization	23	0.3636
n0000	go:GO:1905603	go	regulation of blood-brain barrier permeability	9	0.3636
n0000	reactome:R-HSA-110362	reactome	POLB-Dependent Long Patch Base Excision Repair	8	0.3636
n0000	reactome:R-HSA-3560782	reactome	Diseases associated with glycosaminoglycan metabolism	41	0.3636
n0000	reactome:R-HSA-73929	reactome	Base-Excision Repair, AP Site Formation	43	0.3636
n0000	go:GO:0007056	go	spindle assembly involved in female meiosis	13	0.3333
n0000	go:GO:0009637	go	response to blue light	7	0.3333
n0000	go:GO:0035295	go	tube development	1216	0.3333
n0000	go:GO:0045008	go	depyrimidination	8	0.3333
n0000	go:GO:0045494	go	photoreceptor cell maintenance	46	0.3333
n0000	go:GO:0046548	go	retinal rod cell development	10	0.3333
n0000	go:GO:0046549	go	retinal cone cell development	10	0.3333
n0000	go:GO:0048066	go	developmental pigmentation	48	0.3333
n0000	go:GO:0050915	go	sensory perception of sour taste	9	0.3333
n0000	go:GO:0051606	go	detection of stimulus	700	0.3333
n0000	go:GO:0060033	go	anatomical structure regression	16	0.3333
n0000	go:GO:0070197	go	meiotic attachment of telomere to nuclear envelope	5	0.3333
n0000	go:GO:0120093	go	regulation of peptidyl-lysine crotonylation	5	0.3333
n0000	go:GO:1990962	go	xenobiotic transport across blood-brain barrier	6	0.3333
n0000	reactome:R-HSA-111453	reactome	BH3-only proteins associate with and inactivate anti-apoptotic BCL-2 members	9	0.3333
n0000	reactome:R-HSA-2024101	reactome	CS/DS degradation	20	0.3333
n0000	go:GO:0000209	go	protein polyubiquitination	282	0.3000
n0000	go:GO:0040020	go	regulation of meiotic nuclear division	36	0.3000
n0000	go:GO:0044387	go	negative regulation of protein kinase activity by regulation of protein phosphorylation	5	0.3000
n0000	go:GO:0046697	go	decidualization	25	0.3000
n0000	go:GO:0051291	go	protein heterooligomerization	32	0.3000
n0000	go:GO:0062149	go	obsolete detection of stimulus involved in sensory perception of pain	30	0.3000
n0000	go:GO:0070306	go	lens fiber cell differentiation	42	0.3000
n0000	go:GO:1904321	go	response to forskolin	18	0.3000
n0000	go:GO:2000766	go	negative regulation of cytoplasmic translation	10	0.3000
n0000	reactome:R-HSA-2514859	reactome	Inactivation, recovery and regulation of the phototransduction cascade	33	0.3000
n0000	reactome:R-HSA-2978092	reactome	Abnormal conversion of 2-oxoglutarate to 2-hydroxyglutarate	1	0.3000
n0000	reactome:R-HSA-3214842	reactome	HDMs demethylate histones	26	0.3000
n0000	reactome:R-HSA-75064	reactome	mRNA Editing: A to I Conversion	2	0.3000
n0000	reactome:R-HSA-8935964	reactome	RUNX1 regulates expression of components of tight junctions	5	0.3000
n0000	reactome:R-HSA-9696273	reactome	RND1 GTPase cycle	42	0.3000
n0000	go:GO:0008594	go	photoreceptor cell morphogenesis	6	0.2857
n0000	go:GO:1902230	go	negative regulation of intrinsic apoptotic signaling pathway in response to DNA damage	31	0.2857
n0000	go:GO:1904668	go	positive regulation of ubiquitin protein ligase activity	5	0.2857
n0000	reactome:R-HSA-202131	reactome	Metabolism of nitric oxide: NOS3 activation and regulation	17	0.2857
n0000	reactome:R-HSA-2514856	reactome	The phototransduction cascade	34	0.2857
n0000	reactome:R-HSA-2534343	reactome	Interaction With Cumulus Cells And The Zona Pellucida	11	0.2857
n0000	reactome:R-HSA-9918443	reactome	Defective visual phototransduction due to OPN1SW loss of function	1	0.2857
n0000	go:GO:0006289	go	nucleotide-excision repair	91	0.2727
n0000	go:GO:0007141	go	male meiosis I	29	0.2727
n0000	go:GO:0007600	go	sensory perception	1030	0.2727
n0000	go:GO:0021554	go	optic nerve development	18	0.2727
n0000	go:GO:0022602	go	ovulation cycle process	49	0.2727
n0000	go:GO:0035845	go	photoreceptor cell outer segment organization	15	0.2727
n0000	go:GO:0048596	go	embryonic camera-type eye morphogenesis	26	0.2727
n0000	go:GO:0050909	go	sensory perception of taste	70	0.2727
n0000	go:GO:1902747	go	negative regulation of lens fiber cell differentiation	6	0.2727
n0000	hallmark:HALLMARK_DNA_REPAIR	hallmark	HALLMARK_DNA_REPAIR	150	0.2727
n0000	hallmark:HALLMARK_UV_RESPONSE_UP	hallmark	HALLMARK_UV_RESPONSE_UP	158	0.2727
n0000	reactome:R-HSA-2672351	reactome	Stimuli-sensing channels	106	0.2727
n0000	reactome:R-HSA-3065678	reactome	SUMO is transferred from E1 to E2 (UBE2I, UBC9)	7	0.2727
n0000	reactome:R-HSA-5620916	reactome	VxPx cargo-targeting to cilium	21	0.2727
n0000	reactome:R-HSA-9918449	reactome	Defective visual phototransduction due to STRA6 loss of function	3	0.2727
n0000	go:GO:0006281	go	DNA repair	643	0.2500
n0000	go:GO:0010225	go	response to UV-C	12	0.2500
n0000	go:GO:0033206	go	meiotic cytokinesis	9	0.2500
n0000	go:GO:0036265	go	RNA (guanine-N7)-methylation	7	0.2500
n0000	go:GO:0046777	go	protein autophosphorylation	119	0.2500
n0000	reactome:R-HSA-379398	reactome	Enzymatic degradation of Dopamine by monoamine oxidase	2	0.2500
n0000	reactome:R-HSA-416482	reactome	G alpha (12/13) signalling events	80	0.2500
n0000	reactome:R-HSA-5689901	reactome	Metalloprotease DUBs	31	0.2500
n0000	reactome:R-HSA-5696400	reactome	Dual Incision in GG-NER	41	0.2500
n0000	reactome:R-HSA-8951664	reactome	Neddylation	233	0.2500
n0001	reactome:R-HSA-2024101	reactome	CS/DS degradation	20	0.4737
n0001	btm:M80	btm	TBA	19	0.4706
n0001	go:GO:0007056	go	spindle assembly involved in female meiosis	13	0.4706
n0001	go:GO:0070254	go	mucus secretion	18	0.4706
n0001	reactome:R-HSA-2024096	reactome	HS-GAG degradation	20	0.4706
n0001	go:GO:0031106	go	septin ring organization	5	0.4667
n0001	go:GO:0051048	go	negative regulation of secretion	175	0.4667
n0001	reactome:R-HSA-1912399	reactome	Pre-NOTCH Processing in the Endoplasmic Reticulum	6	0.4667
n0001	go:GO:0007220	go	Notch receptor processing	9	0.4615
n0001	go:GO:0008593	go	regulation of Notch signaling pathway	106	0.4500
n0001	go:GO:0001696	go	gastric acid secretion	14	0.4444
n0001	go:GO:0007221	go	positive regulation of transcription of Notch receptor target	7	0.4444
n0001	go:GO:0010226	go	response to lithium ion	16	0.4444
n0001	go:GO:0010454	go	negative regulation of cell fate commitment	15	0.4375
n0001	go:GO:0043568	go	positive regulation of insulin-like growth factor receptor signaling pathway	13	0.4375
n0001	reactome:R-HSA-9604323	reactome	Negative regulation of NOTCH4 signaling	44	0.4375
n0001	btm:M130	btm	enriched in G-protein coupled receptors	10	0.4118
n0001	go:GO:0031394	go	positive regulation of prostaglandin biosynthetic process	9	0.4118
n0001	reactome:R-HSA-2197563	reactome	NOTCH2 intracellular domain regulates transcription	12	0.4118
n0001	reactome:R-HSA-3595177	reactome	Defective CHSY1 causes TPBS	8	0.4118
n0001	reactome:R-HSA-9017802	reactome	Noncanonical activation of NOTCH3	8	0.4118
n0001	go:GO:0044351	go	macropinocytosis	11	0.4000
n0001	go:GO:0071863	go	regulation of cell proliferation in bone marrow	8	0.4000
n0001	go:GO:0097646	go	calcitonin family receptor signaling pathway	12	0.4000
n0001	reactome:R-HSA-5579005	reactome	Defective CYP4F22 causes ARCI5	1	0.4000
n0001	go:GO:0043569	go	negative regulation of insulin-like growth factor receptor signaling pathway	10	0.3889
n0001	reactome:R-HSA-5619095	reactome	Defective SLCO2A1 causes primary, autosomal recessive hypertrophic osteoarthropathy 2 (PHOAR2)	1	0.3889
n0001	go:GO:2000008	go	regulation of protein localization to cell surface	43	0.3846
n0001	reactome:R-HSA-2995410	reactome	Nuclear Envelope (NE) Reassembly	76	0.3750
n0001	reactome:R-HSA-427652	reactome	Sodium-coupled phosphate cotransporters	6	0.3750
n0001	reactome:R-HSA-5619111	reactome	Defective SLC20A2 causes idiopathic basal ganglia calcification 1 (IBGC1)	1	0.3750
n0001	go:GO:0001709	go	cell fate determination	43	0.3684
n0001	go:GO:0033595	go	response to genistein	5	0.3684
n0001	btm:M247	btm	enriched in nuclear pore complex interacting proteins	13	0.3571
n0001	go:GO:0036344	go	platelet morphogenesis	26	0.3529
n0001	go:GO:0070562	go	regulation of vitamin D receptor signaling pathway	10	0.3529
n0001	go:GO:0015701	go	bicarbonate transport	33	0.3333
n0001	go:GO:1990418	go	response to insulin-like growth factor stimulus	6	0.3333
n0001	reactome:R-HSA-391908	reactome	Prostanoid ligand receptors	9	0.3333
n0001	reactome:R-HSA-5619052	reactome	Defective SLC9A9 causes autism 16 (AUTS16)	1	0.3333
n0001	reactome:R-HSA-5660883	reactome	Defective amino acid transport by SLC7A9 causes cystinuria (CSNU)	2	0.3333
n0001	reactome:R-HSA-9855719	reactome	Regulation of FXIIa and plasma kallikrein activity	9	0.3333
n0001	go:GO:0042659	go	regulation of cell fate specification	23	0.3158
n0001	go:GO:0001945	go	lymph vessel development	31	0.3125
n0001	go:GO:0002692	go	negative regulation of cellular extravasation	9	0.3125
n0001	go:GO:0071380	go	cellular response to prostaglandin E stimulus	20	0.3125
n0001	go:GO:0051262	go	protein tetramerization	103	0.3077
n0001	go:GO:0019532	go	oxalate transport	12	0.2941
n0001	go:GO:0046883	go	regulation of hormone secretion	263	0.2941
n0001	go:GO:0099518	go	vesicle cytoskeletal trafficking	61	0.2941
n0001	go:GO:0040001	go	establishment of mitotic spindle localization	40	0.2857
n0001	go:GO:1905477	go	positive regulation of protein localization to membrane	87	0.2857
n0001	reactome:R-HSA-4085001	reactome	Sialic acid metabolism	33	0.2857
n0001	reactome:R-HSA-5619050	reactome	Defective SLC4A1 causes hereditary spherocytosis type 4 (HSP4),  distal renal tubular acidosis (dRTA) and dRTA with hemolytic anemia (dRTA-HA)	1	0.2857
n0001	reactome:R-HSA-5678895	reactome	Defective CFTR causes cystic fibrosis	48	0.2857
n0001	go:GO:1904321	go	response to forskolin	18	0.2778
n0001	go:GO:0071495	go	cellular response to endogenous stimulus	1364	0.2667
n0001	go:GO:0090063	go	positive regulation of microtubule nucleation	8	0.2667
n0001	reactome:R-HSA-195253	reactome	Degradation of beta-catenin by the destruction complex	72	0.2667
n0001	go:GO:0040011	go	locomotion	1379	0.2632
n0001	go:GO:0071694	go	maintenance of protein location in extracellular region	8	0.2632
n0001	go:GO:0036017	go	response to erythropoietin	10	0.2500
n0001	go:GO:0045652	go	regulation of megakaryocyte differentiation	38	0.2500
n0001	go:GO:0061355	go	Wnt protein secretion	6	0.2500
n0001	go:GO:1902170	go	cellular response to reactive nitrogen species	18	0.2500
n0001	reactome:R-HSA-159854	reactome	Gamma-carboxylation, transport, and amino-terminal cleavage of proteins	11	0.2500
n0001	reactome:R-HSA-9953080	reactome	MPS VII - Sly syndrome (CS/DS degradation)	1	0.2500
n0002	go:GO:0046039	go	GTP metabolic process	25	0.4615
n0002	go:GO:0090630	go	activation of GTPase activity	22	0.4615
n0002	reactome:R-HSA-8980692	reactome	RHOA GTPase cycle	149	0.4615
n0002	btm:M4.14	btm	Rho GTPase cycle	10	0.4545
n0002	go:GO:0046683	go	response to organophosphorus	124	0.4545
n0002	go:GO:0051291	go	protein heterooligomerization	32	0.4545
n0002	go:GO:0180059	go	protein O-linked glycosylation via glucose	6	0.4545
n0002	reactome:R-HSA-5689901	reactome	Metalloprotease DUBs	31	0.4545
n0002	reactome:R-HSA-9706019	reactome	RHOBTB3 ATPase cycle	10	0.4545
n0002	go:GO:0031394	go	positive regulation of prostaglandin biosynthetic process	9	0.4444
n0002	go:GO:0048387	go	negative regulation of retinoic acid receptor signaling pathway	9	0.4444
n0002	go:GO:0070936	go	protein K48-linked ubiquitination	104	0.4444
n0002	reactome:R-HSA-2978092	reactome	Abnormal conversion of 2-oxoglutarate to 2-hydroxyglutarate	1	0.4444
n0002	reactome:R-HSA-450321	reactome	JNK (c-Jun kinases) phosphorylation and  activation mediated by activated human TAK1	22	0.4444
n0002	reactome:R-HSA-5619052	reactome	Defective SLC9A9 causes autism 16 (AUTS16)	1	0.4444
n0002	reactome:R-HSA-5666185	reactome	RHO GTPases Activate Rhotekin and Rhophilins	9	0.4444
n0002	reactome:R-HSA-9026290	reactome	Biosynthesis of DPAn-3-derived maresins	2	0.4444
n0002	go:GO:0006183	go	GTP biosynthetic process	11	0.4167
n0002	go:GO:0034260	go	negative regulation of GTPase activity	16	0.4167
n0002	reactome:R-HSA-597592	reactome	Post-translational protein modification	1472	0.4167
n0002	btm:M215	btm	small GTPase mediated signal transduction	16	0.4000
n0002	go:GO:0051262	go	protein tetramerization	103	0.4000
n0002	go:GO:0141214	go	positive regulation of phospholipase C/protein kinase C signal transduction	5	0.4000
n0002	reactome:R-HSA-418038	reactome	Nucleotide-like (purinergic) receptors	16	0.4000
n0002	go:GO:0010226	go	response to lithium ion	16	0.3750
n0002	reactome:R-HSA-8948747	reactome	Regulation of PTEN localization	9	0.3750
n0002	go:GO:0009310	go	amine catabolic process	21	0.3636
n0002	go:GO:0043687	go	post-translational protein modification	996	0.3636
n0002	go:GO:0051057	go	positive regulation of small GTPase mediated signal transduction	84	0.3636
n0002	go:GO:0070562	go	regulation of vitamin D receptor signaling pathway	10	0.3636
n0002	hallmark:HALLMARK_MYC_TARGETS_V1	hallmark	HALLMARK_MYC_TARGETS_V1	200	0.3636
n0002	reactome:R-HSA-141333	reactome	Biogenic amines are oxidatively deaminated to aldehydes by MAOA and MAOB	2	0.3636
n0002	go:GO:0019336	go	phenol-containing compound catabolic process	15	0.3333
n0002	go:GO:0046883	go	regulation of hormone secretion	263	0.3333
n0002	go:GO:1902996	go	regulation of neurofibrillary tangle assembly	7	0.3333
n0002	reactome:R-HSA-3065678	reactome	SUMO is transferred from E1 to E2 (UBE2I, UBC9)	7	0.3333
n0002	reactome:R-HSA-3214841	reactome	PKMTs methylate histone lysines	46	0.3333
n0002	reactome:R-HSA-418217	reactome	G beta:gamma signalling through PLC beta	20	0.3333
n0002	reactome:R-HSA-9630222	reactome	Defective NTHL1 substrate binding	1	0.3333
n0002	reactome:R-HSA-2142845	reactome	Hyaluronan metabolism	20	0.3077
n0002	btm:M247	btm	enriched in nuclear pore complex interacting proteins	13	0.3000
n0002	go:GO:1904668	go	positive regulation of ubiquitin protein ligase activity	5	0.3000
n0002	reactome:R-HSA-3560792	reactome	Defective SLC26A2 causes chondrodysplasias	1	0.3000
n0002	reactome:R-HSA-8852276	reactome	The role of GTSE1 in G2/M progression after G2 checkpoint	66	0.3000
n0002	go:GO:0018107	go	peptidyl-threonine phosphorylation	35	0.2857
n0002	go:GO:0009629	go	response to gravity	8	0.2727
n0002	go:GO:0018193	go	obsolete peptidyl-amino acid modification	413	0.2727
n0002	go:GO:0050654	go	chondroitin sulfate proteoglycan metabolic process	38	0.2727
n0002	reactome:R-HSA-2022923	reactome	DS-GAG biosynthesis	12	0.2727
n0002	reactome:R-HSA-3560782	reactome	Diseases associated with glycosaminoglycan metabolism	41	0.2727
n0002	reactome:R-HSA-380612	reactome	Metabolism of serotonin	2	0.2727
n0002	reactome:R-HSA-9018681	reactome	Biosynthesis of protectins	4	0.2727
n0002	go:GO:0042428	go	serotonin metabolic process	17	0.2500
n0002	go:GO:0045008	go	depyrimidination	8	0.2500
n0002	go:GO:0072384	go	organelle transport along microtubule	97	0.2500
n0002	go:GO:1900029	go	positive regulation of ruffle assembly	16	0.2500
n0002	go:GO:1901874	go	negative regulation of post-translational protein modification	92	0.2500
n0002	go:GO:1990418	go	response to insulin-like growth factor stimulus	6	0.2500
n0002	reactome:R-HSA-111453	reactome	BH3-only proteins associate with and inactivate anti-apoptotic BCL-2 members	9	0.2500
n0002	reactome:R-HSA-74749	reactome	Signal attenuation	10	0.2500
n0002	reactome:R-HSA-9026286	reactome	Biosynthesis of DPAn-3-derived protectins and resolvins	2	0.2500
n0002	reactome:R-HSA-9696273	reactome	RND1 GTPase cycle	42	0.2500
n0003	reactome:R-HSA-159740	reactome	Gamma-carboxylation of protein precursors	10	0.4706
n0003	go:GO:0009134	go	nucleoside diphosphate catabolic process	110	0.4667
n0003	go:GO:0030810	go	positive regulation of nucleotide biosynthetic process	16	0.4667
n0003	go:GO:2000008	go	regulation of protein localization to cell surface	43	0.4615
n0003	reactome:R-HSA-5619052	reactome	Defective SLC9A9 causes autism 16 (AUTS16)	1	0.4615
n0003	go:GO:0001696	go	gastric acid secretion	14	0.4444
n0003	reactome:R-HSA-159854	reactome	Gamma-carboxylation, transport, and amino-terminal cleavage of proteins	11	0.4444
n0003	go:GO:0050654	go	chondroitin sulfate proteoglycan metabolic process	38	0.4375
n0003	go:GO:0060319	go	primitive erythrocyte differentiation	5	0.4375
n0003	go:GO:0099518	go	vesicle cytoskeletal trafficking	61	0.4375
n0003	go:GO:1990144	go	intrinsic apoptotic signaling pathway in response to hypoxia	9	0.4375
n0003	reactome:R-HSA-3214841	reactome	PKMTs methylate histone lysines	46	0.4375
n0003	go:GO:0046054	go	dGMP metabolic process	8	0.4286
n0003	go:GO:0046130	go	purine ribonucleoside catabolic process	6	0.4286
n0003	go:GO:0048387	go	negative regulation of retinoic acid receptor signaling pathway	9	0.4286
n0003	reactome:R-HSA-9632700	reactome	Evasion of Oxidative Stress Induced Senescence Due to Defective p16INK4A binding to CDK4 and CDK6	3	0.4286
n0003	go:GO:0046856	go	phosphatidylinositol dephosphorylation	26	0.4211
n0003	go:GO:0051262	go	protein tetramerization	103	0.4167
n0003	go:GO:0009117	go	nucleotide metabolic process	501	0.4118
n0003	go:GO:0009159	go	deoxyribonucleoside monophosphate catabolic process	17	0.4118
n0003	go:GO:0009176	go	pyrimidine deoxyribonucleoside monophosphate metabolic process	13	0.4118
n0003	go:GO:0051260	go	protein homooligomerization	213	0.4118
n0003	go:GO:1902170	go	cellular response to reactive nitrogen species	18	0.4118
n0003	reactome:R-HSA-2022923	reactome	DS-GAG biosynthesis	12	0.4118
n0003	go:GO:0036265	go	RNA (guanine-N7)-methylation	7	0.4000
n0003	reactome:R-HSA-8873719	reactome	RAB geranylgeranylation	65	0.4000
n0003	go:GO:0051291	go	protein heterooligomerization	32	0.3889
n0003	reactome:R-HSA-3560782	reactome	Diseases associated with glycosaminoglycan metabolism	41	0.3846
n0003	reactome:R-HSA-9026286	reactome	Biosynthesis of DPAn-3-derived protectins and resolvins	2	0.3750
n0003	reactome:R-HSA-8956319	reactome	Nucleotide catabolism	35	0.3636
n0003	go:GO:0006208	go	pyrimidine nucleobase catabolic process	8	0.3571
n0003	go:GO:0009156	go	ribonucleoside monophosphate biosynthetic process	35	0.3571
n0003	go:GO:0043173	go	nucleotide salvage	26	0.3571
n0003	go:GO:0009130	go	pyrimidine nucleoside monophosphate biosynthetic process	16	0.3529
n0003	go:GO:0009143	go	nucleoside triphosphate catabolic process	14	0.3529
n0003	go:GO:0009211	go	pyrimidine deoxyribonucleoside triphosphate metabolic process	7	0.3529
n0003	go:GO:0070562	go	regulation of vitamin D receptor signaling pathway	10	0.3529
n0003	go:GO:0070936	go	protein K48-linked ubiquitination	104	0.3529
n0003	reactome:R-HSA-8951664	reactome	Neddylation	233	0.3529
n0003	reactome:R-HSA-9755088	reactome	Ribavirin ADME	11	0.3529
n0003	go:GO:0000209	go	protein polyubiquitination	282	0.3500
n0003	go:GO:0009262	go	deoxyribonucleotide metabolic process	47	0.3333
n0003	go:GO:0046883	go	regulation of hormone secretion	263	0.3333
n0003	go:GO:1902230	go	negative regulation of intrinsic apoptotic signaling pathway in response to DNA damage	31	0.3333
n0003	reactome:R-HSA-114294	reactome	Activation, translocation and oligomerization of BAX	2	0.3333
n0003	reactome:R-HSA-2393930	reactome	Phosphate bond hydrolysis by NUDT proteins	7	0.3333
n0003	reactome:R-HSA-9605310	reactome	Defective Base Excision Repair Associated with MUTYH	1	0.3333
n0003	reactome:R-HSA-9735804	reactome	Diseases of nucleotide metabolism	4	0.3333
n0003	reactome:R-HSA-8956321	reactome	Nucleotide salvage	23	0.3158
n0003	reactome:R-HSA-5689901	reactome	Metalloprotease DUBs	31	0.3125
n0003	reactome:R-HSA-9944997	reactome	Loss of Function of KMT2D in MLL4 Complex Formation in Kabuki Syndrome	5	0.3125
n0003	go:GO:0019693	go	ribose phosphate metabolic process	389	0.3077
n0003	go:GO:0071467	go	cellular response to pH	30	0.3077
n0003	reactome:R-HSA-74749	reactome	Signal attenuation	10	0.3077
n0003	go:GO:0001919	go	regulation of receptor recycling	25	0.2941
n0003	go:GO:0009119	go	ribonucleoside metabolic process	24	0.2941
n0003	go:GO:0018193	go	obsolete peptidyl-amino acid modification	413	0.2941
n0003	go:GO:0046122	go	purine deoxyribonucleoside metabolic process	5	0.2941
n0003	go:GO:1904668	go	positive regulation of ubiquitin protein ligase activity	5	0.2941
n0003	reactome:R-HSA-141333	reactome	Biogenic amines are oxidatively deaminated to aldehydes by MAOA and MAOB	2	0.2941
n0003	reactome:R-HSA-2142845	reactome	Hyaluronan metabolism	20	0.2941
n0003	btm:M247	btm	enriched in nuclear pore complex interacting proteins	13	0.2857
n0003	go:GO:0044351	go	macropinocytosis	11	0.2857
n0003	go:GO:0051454	go	intracellular pH elevation	8	0.2857
n0003	go:GO:0120093	go	regulation of peptidyl-lysine crotonylation	5	0.2857
n0003	reactome:R-HSA-3065678	reactome	SUMO is transferred from E1 to E2 (UBE2I, UBC9)	7	0.2857
n0003	reactome:R-HSA-418038	reactome	Nucleotide-like (purinergic) receptors	16	0.2857
n0003	go:GO:0002091	go	negative regulation of receptor internalization	17	0.2667
n0003	go:GO:0009310	go	amine catabolic process	21	0.2667
n0003	go:GO:0010226	go	response to lithium ion	16	0.2667
n0003	reactome:R-HSA-111453	reactome	BH3-only proteins associate with and inactivate anti-apoptotic BCL-2 members	9	0.2667
n0003	reactome:R-HSA-597592	reactome	Post-translational protein modification	1472	0.2632
n0003	go:GO:0051048	go	negative regulation of secretion	175	0.2500
n0003	go:GO:1903306	go	negative regulation of regulated secretory pathway	26	0.2500
n0004	reactome:R-HSA-9733458	reactome	Induction of Cell-Cell Fusion	13	0.4848
n0004	reactome:R-HSA-9918481	reactome	Dengue Virus-Host Interactions	257	0.4848
n0004	go:GO:0016032	go	viral process	374	0.4839
n0004	reactome:R-HSA-192823	reactome	Viral mRNA Translation	90	0.4706
n0004	reactome:R-HSA-176033	reactome	Interactions of Vpr with host cellular proteins	37	0.4688
n0004	reactome:R-HSA-9026286	reactome	Biosynthesis of DPAn-3-derived protectins and resolvins	2	0.4545
n0004	reactome:R-HSA-9683683	reactome	Maturation of protein E	4	0.4516
n0004	reactome:R-HSA-9820965	reactome	Respiratory syncytial virus (RSV) genome replication, transcription and translation	17	0.4412
n0004	reactome:R-HSA-180910	reactome	Vpr-mediated nuclear import of PICs	34	0.4375
n0004	reactome:R-HSA-167246	reactome	Tat-mediated elongation of the HIV-1 transcript	43	0.4231
n0004	reactome:R-HSA-9820962	reactome	Assembly and release of respiratory syncytial virus (RSV) virions	2	0.4118
n0004	reactome:R-HSA-168333	reactome	NEP/NS2 Interacts with the Cellular Export Machinery	32	0.4062
n0004	go:GO:0075525	go	viral translational termination-reinitiation	5	0.4000
n0004	reactome:R-HSA-9025094	reactome	Biosynthesis of DPAn-3 SPMs	4	0.4000
n0004	reactome:R-HSA-9679191	reactome	Potential therapeutics for SARS	161	0.4000
n0004	go:GO:0006954	go	inflammatory response	998	0.3750
n0004	reactome:R-HSA-9018681	reactome	Biosynthesis of protectins	4	0.3714
n0004	reactome:R-HSA-9679509	reactome	Virion Assembly and Release	0	0.3667
n0004	reactome:R-HSA-9018678	reactome	Biosynthesis of specialized proresolving mediators (SPMs)	19	0.3548
n0004	go:GO:0033088	go	negative regulation of immature T cell proliferation in thymus	5	0.3333
n0004	go:GO:1902170	go	cellular response to reactive nitrogen species	18	0.3214
n0004	reactome:R-HSA-9026290	reactome	Biosynthesis of DPAn-3-derived maresins	2	0.3103
n0004	go:GO:0040011	go	locomotion	1379	0.2857
n0004	go:GO:0141214	go	positive regulation of phospholipase C/protein kinase C signal transduction	5	0.2647
n0004	go:GO:1904999	go	positive regulation of leukocyte adhesion to arterial endothelial cell	5	0.2581
n0004	go:GO:0002318	go	myeloid progenitor cell differentiation	8	0.2500
n0005	go:GO:0097696	go	cell surface receptor signaling pathway via STAT	177	0.4940
n0005	go:GO:1902170	go	cellular response to reactive nitrogen species	18	0.4638
n0005	go:GO:0046425	go	regulation of receptor signaling pathway via JAK-STAT	86	0.4110
n0005	reactome:R-HSA-9026286	reactome	Biosynthesis of DPAn-3-derived protectins and resolvins	2	0.4028
n0005	reactome:R-HSA-1169408	reactome	ISG15 antiviral mechanism	74	0.3976
n0005	go:GO:0060340	go	positive regulation of type I interferon-mediated signaling pathway	20	0.3906
n0005	hallmark:HALLMARK_INTERFERON_ALPHA_RESPONSE	hallmark	HALLMARK_INTERFERON_ALPHA_RESPONSE	97	0.3867
n0005	go:GO:0032688	go	negative regulation of interferon-beta production	17	0.3836
n0005	go:GO:0034342	go	response to type III interferon	11	0.3733
n0005	reactome:R-HSA-912694	reactome	Regulation of IFNA/IFNB signaling	25	0.3733
n0005	go:GO:0035458	go	cellular response to interferon-beta	30	0.3718
n0005	go:GO:0060338	go	regulation of type I interferon-mediated signaling pathway	45	0.3704
n0005	reactome:R-HSA-1606341	reactome	IRF3 mediated activation of type 1 IFN	5	0.3562
n0005	go:GO:0032606	go	type I interferon production	141	0.3521
n0005	reactome:R-HSA-9018678	reactome	Biosynthesis of specialized proresolving mediators (SPMs)	19	0.3521
n0005	reactome:R-HSA-9018681	reactome	Biosynthesis of protectins	4	0.3418
n0005	go:GO:0043922	go	host-mediated suppression of viral transcription	13	0.3382
n0005	reactome:R-HSA-9025094	reactome	Biosynthesis of DPAn-3 SPMs	4	0.3382
n0005	reactome:R-HSA-1169410	reactome	Antimicrobial mechanism of IFN-stimulated genes	219	0.3380
n0005	go:GO:0006954	go	inflammatory response	998	0.3333
n0005	go:GO:1904999	go	positive regulation of leukocyte adhesion to arterial endothelial cell	5	0.3243
n0005	go:GO:1900246	go	positive regulation of RIG-I signaling pathway	11	0.3143
n0005	reactome:R-HSA-9026290	reactome	Biosynthesis of DPAn-3-derived maresins	2	0.2973
n0005	go:GO:0141214	go	positive regulation of phospholipase C/protein kinase C signal transduction	5	0.2778
n0005	go:GO:0033088	go	negative regulation of immature T cell proliferation in thymus	5	0.2703
n0006	btm:M118.1	btm	enriched in monocytes (surface)	17	0.4286
n0006	go:GO:0034138	go	toll-like receptor 3 signaling pathway	25	0.4000
n0006	go:GO:0097696	go	cell surface receptor signaling pathway via STAT	177	0.4000
n0006	reactome:R-HSA-9013973	reactome	TICAM1-dependent activation of IRF3/IRF7	13	0.4000
n0006	go:GO:1904999	go	positive regulation of leukocyte adhesion to arterial endothelial cell	5	0.3750
n0006	reactome:R-HSA-9855719	reactome	Regulation of FXIIa and plasma kallikrein activity	9	0.3750
n0006	go:GO:0046425	go	regulation of receptor signaling pathway via JAK-STAT	86	0.3636
n0006	reactome:R-HSA-936964	reactome	Activation of IRF3, IRF7 mediated by TBK1, IKKε (IKBKE)	18	0.3636
n0006	reactome:R-HSA-9616222	reactome	Transcriptional regulation of granulopoiesis	58	0.3636
n0006	go:GO:0045341	go	MHC class I biosynthetic process	8	0.3333
n0006	reactome:R-HSA-9860276	reactome	SLC15A4:TASL-dependent IRF5 activation	6	0.3000
n0006	go:GO:0050865	go	regulation of cell activation	675	0.2857
n0006	btm:M86.1	btm	proinflammatory dendritic cell, myeloid cell response	14	0.2500
n0006	go:GO:0006954	go	inflammatory response	998	0.2500
n0006	go:GO:0050867	go	positive regulation of cell activation	395	0.2500
n0007	reactome:R-HSA-9018681	reactome	Biosynthesis of protectins	4	0.4444
n0007	go:GO:0033032	go	regulation of myeloid cell apoptotic process	28	0.4286
n0007	go:GO:0044793	go	host-mediated suppression of viral proces	16	0.4286
n0007	go:GO:0072538	go	T-helper 17 type immune response	75	0.4286
n0007	reactome:R-HSA-9025094	reactome	Biosynthesis of DPAn-3 SPMs	4	0.4000
n0007	go:GO:0002246	go	wound healing involved in inflammatory response	11	0.3333
n0007	go:GO:0002443	go	leukocyte mediated immunity	484	0.3333
n0007	go:GO:0002705	go	positive regulation of leukocyte mediated immunity	156	0.3333
n0007	go:GO:0006954	go	inflammatory response	998	0.3333
n0007	go:GO:2000319	go	regulation of T-helper 17 cell differentiation	29	0.3333
n0007	hallmark:HALLMARK_ALLOGRAFT_REJECTION	hallmark	HALLMARK_ALLOGRAFT_REJECTION	200	0.2857
n0007	go:GO:2000106	go	regulation of leukocyte apoptotic process	88	0.2500
n0008	go:GO:0032231	go	regulation of actin filament bundle assembly	110	0.4000
n0008	btm:M34	btm	cytoskeletal remodeling (enriched for SRF targets)	10	0.3889
n0008	reactome:R-HSA-1299287	reactome	Tandem pore domain halothane-inhibited K+ channel (THIK)	1	0.3571
n0008	go:GO:0031099	go	regeneration	185	0.3529
n0008	go:GO:0051694	go	pointed-end actin filament capping	7	0.3333
n0008	go:GO:0110053	go	regulation of actin filament organization	272	0.3333
n0008	go:GO:0003100	go	regulation of systemic arterial blood pressure by endothelin	6	0.2941
n0008	go:GO:0045010	go	actin nucleation	59	0.2941
n0008	go:GO:0051126	go	negative regulation of actin nucleation	9	0.2632
n0009	go:GO:0070296	go	sarcoplasmic reticulum calcium ion transport	51	0.4286
n0009	reactome:R-HSA-190861	reactome	Gap junction assembly	38	0.3750
n0009	go:GO:0016264	go	gap junction assembly	18	0.3333
n0009	go:GO:0003100	go	regulation of systemic arterial blood pressure by endothelin	6	0.2857
n0009	go:GO:2000394	go	positive regulation of lamellipodium morphogenesis	7	0.2857
n0009	reactome:R-HSA-190840	reactome	Microtubule-dependent trafficking of connexons from Golgi to the plasma membrane	20	0.2857
n0009	go:GO:0034766	go	negative regulation of monoatomic ion transmembrane transport	82	0.2500
n0010	go:GO:0002922	go	positive regulation of humoral immune response	23	0.4615
n0010	go:GO:0002825	go	regulation of T-helper 1 type immune response	36	0.3529
n0010	go:GO:0002920	go	regulation of humoral immune response	50	0.3077
n0010	go:GO:0141214	go	positive regulation of phospholipase C/protein kinase C signal transduction	5	0.2500
n0010	hallmark:HALLMARK_IL2_STAT5_SIGNALING	hallmark	HALLMARK_IL2_STAT5_SIGNALING	199	0.2500
n0011	reactome:R-HSA-451306	reactome	Ionotropic activity of kainate receptors	10	0.4000
n0011	go:GO:0002093	go	auditory receptor cell morphogenesis	24	0.3333
n0011	go:GO:0060872	go	semicircular canal development	11	0.3333
n0011	go:GO:0021650	go	vestibulocochlear nerve formation	5	0.2500
n0011	go:GO:0031987	go	locomotion involved in locomotory behavior	15	0.2500
n0011	go:GO:0032793	go	obsolete positive regulation of CREB transcription factor activity	9	0.2500
n0011	go:GO:0045607	go	regulation of inner ear auditory receptor cell differentiation	9	0.2500
n0011	go:GO:0051490	go	negative regulation of filopodium assembly	5	0.2500
n0011	reactome:R-HSA-9796292	reactome	Formation of axial mesoderm	14	0.2500
n0012	btm:M118.1	btm	enriched in monocytes (surface)	17	0.4211
n0012	go:GO:0030098	go	lymphocyte differentiation	456	0.3750
n0012	go:GO:0002922	go	positive regulation of humoral immune response	23	0.3684
n0012	go:GO:0001562	go	response to protozoan	32	0.3158
n0012	go:GO:0002705	go	positive regulation of leukocyte mediated immunity	156	0.3000
n0012	go:GO:0002753	go	cytoplasmic pattern recognition receptor signaling pathway	199	0.2941
n0012	hallmark:HALLMARK_IL2_STAT5_SIGNALING	hallmark	HALLMARK_IL2_STAT5_SIGNALING	199	0.2778
n0012	go:GO:0071887	go	leukocyte apoptotic process	116	0.2667
n0013	go:GO:0098971	go	anterograde dendritic transport of neurotransmitter receptor complex	7	0.3000
n0013	go:GO:1901950	go	dense core granule transport	10	0.2857
n0013	reactome:R-HSA-112307	reactome	Transmission across Electrical Synapses	5	0.2857
n0014	go:GO:0019236	go	response to pheromone	9	0.2857
n0015	go:GO:0006383	go	transcription by RNA polymerase III	62	0.4545
n0015	go:GO:0046826	go	negative regulation of protein export from nucleus	7	0.4444
n0015	hallmark:HALLMARK_E2F_TARGETS	hallmark	HALLMARK_E2F_TARGETS	200	0.3000
n0015	go:GO:2000766	go	negative regulation of cytoplasmic translation	10	0.2500
n0016	go:GO:0019532	go	oxalate transport	12	0.4375
n0016	reactome:R-HSA-5619041	reactome	Defective SLC36A2 causes iminoglycinuria (IG) and hyperglycinuria (HG)	1	0.4000
n0016	go:GO:0015701	go	bicarbonate transport	33	0.2667
n0017	go:GO:0031099	go	regeneration	185	0.3750
n0017	go:GO:0032231	go	regulation of actin filament bundle assembly	110	0.3333
n0017	go:GO:0035886	go	vascular associated smooth muscle cell differentiation	42	0.3000
n0017	go:GO:0060539	go	diaphragm development	9	0.2857
n0017	go:GO:0045010	go	actin nucleation	59	0.2667
n0017	btm:M34	btm	cytoskeletal remodeling (enriched for SRF targets)	10	0.2500
n0017	go:GO:0110053	go	regulation of actin filament organization	272	0.2500
n0018	reactome:R-HSA-114294	reactome	Activation, translocation and oligomerization of BAX	2	0.4444
n0018	go:GO:0006119	go	oxidative phosphorylation	149	0.4000
n0018	reactome:R-HSA-2978092	reactome	Abnormal conversion of 2-oxoglutarate to 2-hydroxyglutarate	1	0.4000
n0018	go:GO:1902230	go	negative regulation of intrinsic apoptotic signaling pathway in response to DNA damage	31	0.3750
n0018	go:GO:0006828	go	manganese ion transport	12	0.3333
n0018	reactome:R-HSA-3214841	reactome	PKMTs methylate histone lysines	46	0.3000
n0018	go:GO:0015818	go	isoleucine transport	5	0.2500
n0018	go:GO:0030809	go	negative regulation of nucleotide biosynthetic process	5	0.2500
n0018	go:GO:0036265	go	RNA (guanine-N7)-methylation	7	0.2500
n0018	reactome:R-HSA-392499	reactome	Metabolism of proteins	2124	0.2500
n0019	go:GO:0140894	go	endolysosomal toll-like receptor signaling pathway	50	0.4375
n0019	hallmark:HALLMARK_ALLOGRAFT_REJECTION	hallmark	HALLMARK_ALLOGRAFT_REJECTION	200	0.4286
n0020	go:GO:0036265	go	RNA (guanine-N7)-methylation	7	0.3333
n0021	go:GO:0015701	go	bicarbonate transport	33	0.4737
n0021	go:GO:0043267	go	negative regulation of potassium ion transport	32	0.4500
n0021	reactome:R-HSA-5619050	reactome	Defective SLC4A1 causes hereditary spherocytosis type 4 (HSP4),  distal renal tubular acidosis (dRTA) and dRTA with hemolytic anemia (dRTA-HA)	1	0.4286
n0021	reactome:R-HSA-1299287	reactome	Tandem pore domain halothane-inhibited K+ channel (THIK)	1	0.4211
n0021	reactome:R-HSA-5660883	reactome	Defective amino acid transport by SLC7A9 causes cystinuria (CSNU)	2	0.4211
n0021	go:GO:0034766	go	negative regulation of monoatomic ion transmembrane transport	82	0.4000
n0021	go:GO:0051051	go	negative regulation of transport	455	0.3810
n0021	go:GO:0006842	go	tricarboxylic acid transport	5	0.2632
n0021	go:GO:0044351	go	macropinocytosis	11	0.2609
n0021	reactome:R-HSA-561048	reactome	Organic anion transport by SLC22 transporters	5	0.2609
n0022	reactome:R-HSA-5358493	reactome	Synthesis of diphthamide-EEF2	8	0.3750
n0022	go:GO:0000055	go	ribosomal large subunit export from nucleus	7	0.3636
n0022	go:GO:0006335	go	DNA replication-dependent chromatin assembly	7	0.2857
n0022	go:GO:0006406	go	mRNA export from nucleus	77	0.2727
n0022	go:GO:0090592	go	DNA synthesis involved in DNA replication	27	0.2727
n0023	reactome:R-HSA-1679131	reactome	Trafficking and processing of endosomal TLR	13	0.4286
n0024	go:GO:0002825	go	regulation of T-helper 1 type immune response	36	0.4737
n0024	reactome:R-HSA-9860276	reactome	SLC15A4:TASL-dependent IRF5 activation	6	0.3750
n0024	reactome:R-HSA-936964	reactome	Activation of IRF3, IRF7 mediated by TBK1, IKKε (IKBKE)	18	0.3000
n0024	hallmark:HALLMARK_ALLOGRAFT_REJECTION	hallmark	HALLMARK_ALLOGRAFT_REJECTION	200	0.2609
n0024	go:GO:0034138	go	toll-like receptor 3 signaling pathway	25	0.2500
n0024	go:GO:0140894	go	endolysosomal toll-like receptor signaling pathway	50	0.2500
n0024	reactome:R-HSA-9013973	reactome	TICAM1-dependent activation of IRF3/IRF7	13	0.2500
n0025	go:GO:1902230	go	negative regulation of intrinsic apoptotic signaling pathway in response to DNA damage	31	0.4000
n0025	hallmark:HALLMARK_OXIDATIVE_PHOSPHORYLATION	hallmark	HALLMARK_OXIDATIVE_PHOSPHORYLATION	200	0.3333
n0025	reactome:R-HSA-166187	reactome	Mitochondrial Uncoupling	7	0.2857
n0025	reactome:R-HSA-389542	reactome	NADPH regeneration	2	0.2857
n0026	go:GO:0002074	go	extraocular skeletal muscle development	5	0.3750
n0026	go:GO:0021610	go	facial nerve morphogenesis	11	0.3000
n0027	reactome:R-HSA-397014	reactome	Muscle contraction	204	0.4286
n0027	go:GO:0035886	go	vascular associated smooth muscle cell differentiation	42	0.3636
n0027	reactome:R-HSA-5578775	reactome	Ion homeostasis	54	0.3571
n0027	go:GO:0070296	go	sarcoplasmic reticulum calcium ion transport	51	0.3333
n0027	go:GO:0060539	go	diaphragm development	9	0.3077
n0027	hallmark:HALLMARK_MYC_TARGETS_V1	hallmark	HALLMARK_MYC_TARGETS_V1	200	0.2667
n0028	reactome:R-HSA-9659379	reactome	Sensory processing of sound	77	0.4667
n0028	go:GO:0021650	go	vestibulocochlear nerve formation	5	0.4615
n0028	reactome:R-HSA-397014	reactome	Muscle contraction	204	0.4000
n0028	go:GO:0002093	go	auditory receptor cell morphogenesis	24	0.3750
n0028	go:GO:0045607	go	regulation of inner ear auditory receptor cell differentiation	9	0.3333
n0028	reactome:R-HSA-5578775	reactome	Ion homeostasis	54	0.3077
n0028	go:GO:0048752	go	semicircular canal morphogenesis	9	0.2500
n0029	reactome:R-HSA-9860276	reactome	SLC15A4:TASL-dependent IRF5 activation	6	0.4681
n0029	hallmark:HALLMARK_INTERFERON_GAMMA_RESPONSE	hallmark	HALLMARK_INTERFERON_GAMMA_RESPONSE	200	0.4043
n0029	reactome:R-HSA-936964	reactome	Activation of IRF3, IRF7 mediated by TBK1, IKKε (IKBKE)	18	0.4000
n0029	go:GO:0060330	go	regulation of response to type II interferon	15	0.3889
n0029	go:GO:0060332	go	positive regulation of response to type II interferon	6	0.3889
n0029	go:GO:0032689	go	negative regulation of type II interferon production	46	0.3462
n0029	go:GO:0032729	go	positive regulation of type II interferon production	90	0.3333
n0029	go:GO:0034138	go	toll-like receptor 3 signaling pathway	25	0.3023
n0029	reactome:R-HSA-9013973	reactome	TICAM1-dependent activation of IRF3/IRF7	13	0.2708
n0030	go:GO:0006119	go	oxidative phosphorylation	149	0.4500
n0030	go:GO:1902230	go	negative regulation of intrinsic apoptotic signaling pathway in response to DNA damage	31	0.4375
n0030	reactome:R-HSA-392499	reactome	Metabolism of proteins	2124	0.3500
n0030	go:GO:0006828	go	manganese ion transport	12	0.2778
n0031	go:GO:0035886	go	vascular associated smooth muscle cell differentiation	42	0.3571
n0032	reactome:R-HSA-5579005	reactome	Defective CYP4F22 causes ARCI5	1	0.4167
n0032	go:GO:1903689	go	regulation of wound healing, spreading of epidermal cells	11	0.3636
n0032	go:GO:0035313	go	wound healing, spreading of epidermal cells	27	0.3000
n0033	go:GO:0007620	go	copulation	17	0.4348
n0033	go:GO:0051048	go	negative regulation of secretion	175	0.3478
n0033	go:GO:1903306	go	negative regulation of regulated secretory pathway	26	0.3478
n0033	go:GO:0070562	go	regulation of vitamin D receptor signaling pathway	10	0.2963
n0034	go:GO:0016264	go	gap junction assembly	18	0.4333
n0034	reactome:R-HSA-112307	reactome	Transmission across Electrical Synapses	5	0.4324
n0034	reactome:R-HSA-190840	reactome	Microtubule-dependent trafficking of connexons from Golgi to the plasma membrane	20	0.2973
n0034	reactome:R-HSA-190861	reactome	Gap junction assembly	38	0.2778
n0035	reactome:R-HSA-451306	reactome	Ionotropic activity of kainate receptors	10	0.4000
n0036	go:GO:0019236	go	response to pheromone	9	0.3333
n0037	go:GO:2000394	go	positive regulation of lamellipodium morphogenesis	7	0.3333
n0037	reactome:R-HSA-5578775	reactome	Ion homeostasis	54	0.3333
n0037	hallmark:HALLMARK_MYC_TARGETS_V1	hallmark	HALLMARK_MYC_TARGETS_V1	200	0.2857
n0037	go:GO:0060539	go	diaphragm development	9	0.2500
n0038	reactome:R-HSA-166187	reactome	Mitochondrial Uncoupling	7	0.4615
n0038	go:GO:0006828	go	manganese ion transport	12	0.3333
n0038	reactome:R-HSA-392499	reactome	Metabolism of proteins	2124	0.2500
n0039	go:GO:0042088	go	T-helper 1 type immune response	68	0.4444
n0039	go:GO:0070427	go	nucleotide-binding oligomerization domain containing 1 signaling pathway	8	0.3810
n0039	go:GO:0070424	go	regulation of nucleotide-binding domain, leucine rich repeat containing receptor signaling pathway	15	0.3636
n0039	go:GO:0044793	go	host-mediated suppression of viral proces	16	0.2727
n0041	go:GO:0003006	go	developmental process involved in reproduction	1117	0.4545
n0041	go:GO:0007620	go	copulation	17	0.4000
n0041	go:GO:0043084	go	penile erection	5	0.3333
n0042	go:GO:0032729	go	positive regulation of type II interferon production	90	0.4118
n0042	go:GO:0002825	go	regulation of T-helper 1 type immune response	36	0.2667
n0043	reactome:R-HSA-1660510	reactome	PIPs transport between Golgi and plasma membranes	0	0.4000
n0043	reactome:R-HSA-6811434	reactome	COPI-dependent Golgi-to-ER retrograde traffic	101	0.3810
n0044	reactome:R-HSA-8952158	reactome	RUNX3 regulates BCL2L11 (BIM) transcription	5	0.3226
n0044	go:GO:0048873	go	homeostasis of number of cells within a tissue	42	0.2581
n0044	reactome:R-HSA-6804114	reactome	TP53 Regulates Transcription of Genes Involved in G2 Cell Cycle Arrest	18	0.2581
n0045	go:GO:0019236	go	response to pheromone	9	0.2941
n0045	reactome:R-HSA-9024909	reactome	BDNF activates NTRK2 (TRKB) signaling	2	0.2857
n0045	go:GO:0044065	go	regulation of respiratory system process	16	0.2667
n0046	go:GO:0030809	go	negative regulation of nucleotide biosynthetic process	5	0.2667
n0046	reactome:R-HSA-75064	reactome	mRNA Editing: A to I Conversion	2	0.2500
n0047	reactome:R-HSA-397014	reactome	Muscle contraction	204	0.4762
n0047	go:GO:0110053	go	regulation of actin filament organization	272	0.4211
n0047	go:GO:0045010	go	actin nucleation	59	0.3889
n0047	go:GO:0031106	go	septin ring organization	5	0.3750
n0047	go:GO:0051126	go	negative regulation of actin nucleation	9	0.3636
n0047	reactome:R-HSA-5578775	reactome	Ion homeostasis	54	0.2667
n0048	reactome:R-HSA-9632700	reactome	Evasion of Oxidative Stress Induced Senescence Due to Defective p16INK4A binding to CDK4 and CDK6	3	0.4444
n0048	go:GO:0009408	go	response to heat	104	0.4286
n0048	go:GO:0042026	go	protein refolding	30	0.3000
n0048	reactome:R-HSA-9648895	reactome	Response of EIF2AK1 (HRI) to heme deficiency	15	0.2727
n0048	reactome:R-HSA-5676934	reactome	Protein repair	6	0.2500
n0049	reactome:R-HSA-392499	reactome	Metabolism of proteins	2124	0.4444
n0049	go:GO:0072384	go	organelle transport along microtubule	97	0.2500
n0051	go:GO:0034138	go	toll-like receptor 3 signaling pathway	25	0.4545
n0051	reactome:R-HSA-9013973	reactome	TICAM1-dependent activation of IRF3/IRF7	13	0.4545
n0051	go:GO:0140894	go	endolysosomal toll-like receptor signaling pathway	50	0.3846
n0051	reactome:R-HSA-1679131	reactome	Trafficking and processing of endosomal TLR	13	0.3333
n0052	hallmark:HALLMARK_OXIDATIVE_PHOSPHORYLATION	hallmark	HALLMARK_OXIDATIVE_PHOSPHORYLATION	200	0.4286
n0052	reactome:R-HSA-75064	reactome	mRNA Editing: A to I Conversion	2	0.4286
n0052	reactome:R-HSA-9734195	reactome	Defective APRT disrupts adenine salvage	1	0.3750
n0054	go:GO:0097114	go	NMDA glutamate receptor clustering	5	0.2857
n0055	go:GO:0007600	go	sensory perception	1030	0.4286
n0055	go:GO:0051606	go	detection of stimulus	700	0.4286
n0055	go:GO:0042363	go	fat-soluble vitamin catabolic process	14	0.4000
n0055	reactome:R-HSA-5579027	reactome	Defective CYP27B1 causes VDDR1B	1	0.2857
n0056	go:GO:0045837	go	negative regulation of membrane potential	13	0.4706
n0056	go:GO:0006119	go	oxidative phosphorylation	149	0.2821
n0057	go:GO:0010544	go	negative regulation of platelet activation	18	0.3750
n0057	go:GO:0035886	go	vascular associated smooth muscle cell differentiation	42	0.2941
n0057	go:GO:0001945	go	lymph vessel development	31	0.2857
n0058	go:GO:0098971	go	anterograde dendritic transport of neurotransmitter receptor complex	7	0.3333
n0058	go:GO:1901950	go	dense core granule transport	10	0.2500
n0059	reactome:R-HSA-5578775	reactome	Ion homeostasis	54	0.3750
n0059	go:GO:0031099	go	regeneration	185	0.3125
n0060	go:GO:0043267	go	negative regulation of potassium ion transport	32	0.4167
n0060	go:GO:0051051	go	negative regulation of transport	455	0.4091
n0060	go:GO:0034766	go	negative regulation of monoatomic ion transmembrane transport	82	0.3333
n0060	go:GO:0015701	go	bicarbonate transport	33	0.3182
n0060	go:GO:0010226	go	response to lithium ion	16	0.2609
n0061	reactome:R-HSA-9709957	reactome	Sensory Perception	638	0.3077
n0062	go:GO:1902170	go	cellular response to reactive nitrogen species	18	0.4211
n0063	go:GO:1902513	go	regulation of organelle transport along microtubule	9	0.4444
n0063	reactome:R-HSA-204005	reactome	COPII-mediated vesicle transport	69	0.4000
n0063	go:GO:0099518	go	vesicle cytoskeletal trafficking	61	0.3333
n0063	reactome:R-HSA-392499	reactome	Metabolism of proteins	2124	0.2727
n0063	reactome:R-HSA-6811434	reactome	COPI-dependent Golgi-to-ER retrograde traffic	101	0.2500
n0064	go:GO:2000772	go	regulation of cellular senescence	55	0.4857
n0064	reactome:R-HSA-2559583	reactome	Cellular Senescence	166	0.4857
n0064	go:GO:0090402	go	oncogene-induced cell senescence	6	0.4634
n0064	reactome:R-HSA-2559584	reactome	Formation of Senescence-Associated Heterochromatin Foci (SAHF)	17	0.3500
n0064	reactome:R-HSA-8952158	reactome	RUNX3 regulates BCL2L11 (BIM) transcription	5	0.2973
n0065	go:GO:1902230	go	negative regulation of intrinsic apoptotic signaling pathway in response to DNA damage	31	0.4000
n0065	reactome:R-HSA-111453	reactome	BH3-only proteins associate with and inactivate anti-apoptotic BCL-2 members	9	0.3750
n0065	reactome:R-HSA-114294	reactome	Activation, translocation and oligomerization of BAX	2	0.3750
n0066	go:GO:0042026	go	protein refolding	30	0.4545
n0066	reactome:R-HSA-418038	reactome	Nucleotide-like (purinergic) receptors	16	0.3846
n0066	go:GO:0071467	go	cellular response to pH	30	0.3000
n0066	reactome:R-HSA-450321	reactome	JNK (c-Jun kinases) phosphorylation and  activation mediated by activated human TAK1	22	0.2500
n0067	go:GO:0098609	go	cell-cell adhesion	1018	0.4375
n0067	go:GO:0007155	go	cell adhesion	1578	0.3889
n0067	btm:M51	btm	cell adhesion	38	0.2941
n0068	go:GO:0045008	go	depyrimidination	8	0.3333
n0068	reactome:R-HSA-75064	reactome	mRNA Editing: A to I Conversion	2	0.2778
n0069	go:GO:0071396	go	cellular response to lipid	685	0.2857
n0070	go:GO:0045837	go	negative regulation of membrane potential	13	0.2941
n0070	go:GO:0042407	go	cristae formation	19	0.2857
n0070	reactome:R-HSA-8949613	reactome	Cristae formation	33	0.2857
n0070	go:GO:0006828	go	manganese ion transport	12	0.2500
n0070	go:GO:0007007	go	inner mitochondrial membrane organization	45	0.2500
n0071	go:GO:0051932	go	synaptic transmission, GABAergic	64	0.3333
n0071	go:GO:0035249	go	synaptic transmission, glutamatergic	110	0.2885
n0071	reactome:R-HSA-112307	reactome	Transmission across Electrical Synapses	5	0.2708
n0072	go:GO:0007600	go	sensory perception	1030	0.4318
n0072	reactome:R-HSA-9709957	reactome	Sensory Perception	638	0.3243
n0073	btm:M37.3	btm	cell division	10	0.3750
n0073	go:GO:0007059	go	chromosome segregation	455	0.2857
n0073	reactome:R-HSA-69239	reactome	Synthesis of DNA	108	0.2857
n0073	go:GO:1902410	go	mitotic cytokinetic process	39	0.2500
n0075	go:GO:0035385	go	Roundabout signaling pathway	5	0.4615
n0075	go:GO:0051964	go	negative regulation of synapse assembly	10	0.4615
n0075	reactome:R-HSA-9768759	reactome	Regulation of NPAS4 gene expression	13	0.4286
n0077	reactome:R-HSA-392499	reactome	Metabolism of proteins	2124	0.3333
n0077	go:GO:1990849	go	vacuolar localization	93	0.2727
n0077	reactome:R-HSA-1660510	reactome	PIPs transport between Golgi and plasma membranes	0	0.2500
n0078	go:GO:0034766	go	negative regulation of monoatomic ion transmembrane transport	82	0.3571
n0079	go:GO:0044065	go	regulation of respiratory system process	16	0.4000
n0080	go:GO:0070213	go	protein auto-ADP-ribosylation	12	0.3784
n0080	go:GO:0009142	go	nucleoside triphosphate biosynthetic process	130	0.3514
n0081	reactome:R-HSA-1592230	reactome	Mitochondrial biogenesis	95	0.3846
n0082	go:GO:1902230	go	negative regulation of intrinsic apoptotic signaling pathway in response to DNA damage	31	0.4545
n0082	reactome:R-HSA-114294	reactome	Activation, translocation and oligomerization of BAX	2	0.4545
n0082	reactome:R-HSA-111453	reactome	BH3-only proteins associate with and inactivate anti-apoptotic BCL-2 members	9	0.3333
n0082	go:GO:1990144	go	intrinsic apoptotic signaling pathway in response to hypoxia	9	0.2963
n0083	go:GO:1905952	go	regulation of lipid localization	181	0.4000
n0084	go:GO:0006941	go	striated muscle contraction	253	0.4545
n0084	go:GO:0006937	go	regulation of muscle contraction	187	0.2857
n0085	go:GO:0003299	go	muscle hypertrophy in response to stress	33	0.4783
n0085	go:GO:1902080	go	regulation of calcium ion import into sarcoplasmic reticulum	5	0.4500
n0085	go:GO:1901078	go	negative regulation of relaxation of muscle	8	0.4286
n0085	go:GO:0045988	go	negative regulation of striated muscle contraction	10	0.3810
n0085	go:GO:0030048	go	actin filament-based movement	147	0.2857
n0087	go:GO:0061029	go	eyelid development in camera-type eye	14	0.4783
n0087	go:GO:0002074	go	extraocular skeletal muscle development	5	0.2917
n0087	go:GO:0051606	go	detection of stimulus	700	0.2800
n0088	go:GO:0001945	go	lymph vessel development	31	0.3636
n0090	go:GO:0043555	go	regulation of translation in response to stress	21	0.4167
n0091	go:GO:0033088	go	negative regulation of immature T cell proliferation in thymus	5	0.3333
n0091	go:GO:0002713	go	negative regulation of B cell mediated immunity	14	0.2500
n0092	reactome:R-HSA-1299287	reactome	Tandem pore domain halothane-inhibited K+ channel (THIK)	1	0.3846
n0092	reactome:R-HSA-432047	reactome	Passive transport by Aquaporins	13	0.3077
n0092	go:GO:0015701	go	bicarbonate transport	33	0.2857
n0093	go:GO:0009142	go	nucleoside triphosphate biosynthetic process	130	0.4762
n0093	go:GO:0046054	go	dGMP metabolic process	8	0.3810
n0093	go:GO:0072526	go	pyridine-containing compound catabolic process	108	0.3684
n0093	go:GO:0030809	go	negative regulation of nucleotide biosynthetic process	5	0.3636
n0093	go:GO:0019674	go	NAD+ metabolic process	43	0.3529
n0096	go:GO:0032534	go	regulation of microvillus assembly	9	0.2500
n0097	go:GO:0048705	go	skeletal system morphogenesis	237	0.4000
n0098	reactome:R-HSA-9764260	reactome	Regulation of Expression and Function of Type II Classical Cadherins	33	0.4667
n0098	go:GO:0034330	go	cell junction organization	872	0.3333
n0098	reactome:R-HSA-9762293	reactome	Regulation of CDH11 gene transcription	10	0.2667
n0099	go:GO:0034379	go	very-low-density lipoprotein particle assembly	12	0.4000
n0099	reactome:R-HSA-8963888	reactome	Chylomicron assembly	10	0.3636
n0100	reactome:R-HSA-1299287	reactome	Tandem pore domain halothane-inhibited K+ channel (THIK)	1	0.3571
n0100	go:GO:0015701	go	bicarbonate transport	33	0.3000
n0101	go:GO:0000012	go	single strand break repair	14	0.4375
n0102	reactome:R-HSA-397014	reactome	Muscle contraction	204	0.2500
n0103	go:GO:0043267	go	negative regulation of potassium ion transport	32	0.2683
n0104	go:GO:0002920	go	regulation of humoral immune response	50	0.2857
n0105	reactome:R-HSA-9855719	reactome	Regulation of FXIIa and plasma kallikrein activity	9	0.4000
n0105	reactome:R-HSA-173736	reactome	Alternative complement activation	5	0.3333
n0105	reactome:R-HSA-456926	reactome	Thrombin signalling through proteinase activated receptors (PARs)	32	0.2500
n0106	go:GO:0060324	go	face development	54	0.4419
n0106	go:GO:0071863	go	regulation of cell proliferation in bone marrow	8	0.3250
n0107	go:GO:0042219	go	modified amino acid catabolic process	35	0.4444
n0107	go:GO:0006596	go	polyamine biosynthetic process	14	0.3000
n0108	go:GO:0035385	go	Roundabout signaling pathway	5	0.3750
n0108	reactome:R-HSA-9768759	reactome	Regulation of NPAS4 gene expression	13	0.2500
n0109	go:GO:0002920	go	regulation of humoral immune response	50	0.3889
n0109	go:GO:0002922	go	positive regulation of humoral immune response	23	0.3684
n0109	go:GO:1903027	go	regulation of opsonization	18	0.3200
n0109	go:GO:2000340	go	positive regulation of chemokine (C-X-C motif) ligand 1 production	5	0.2500
n0109	reactome:R-HSA-166662	reactome	Lectin pathway of complement activation	8	0.2500
n0110	go:GO:0009211	go	pyrimidine deoxyribonucleoside triphosphate metabolic process	7	0.4118
n0110	go:GO:0009262	go	deoxyribonucleotide metabolic process	47	0.3333
n0110	go:GO:0009176	go	pyrimidine deoxyribonucleoside monophosphate metabolic process	13	0.3125
n0111	reactome:R-HSA-164378	reactome	PKA activation in glucagon signalling	17	0.4444
n0111	reactome:R-HSA-400508	reactome	Incretin synthesis, secretion, and inactivation	24	0.3077
n0111	go:GO:0033762	go	response to glucagon	30	0.2500
n0112	go:GO:0006941	go	striated muscle contraction	253	0.3333
n0112	go:GO:0030048	go	actin filament-based movement	147	0.2632
n0114	reactome:R-HSA-9632700	reactome	Evasion of Oxidative Stress Induced Senescence Due to Defective p16INK4A binding to CDK4 and CDK6	3	0.4762
n0114	go:GO:0033554	go	cellular response to stress	1982	0.4118
n0117	go:GO:0048284	go	organelle fusion	184	0.4667
n0117	reactome:R-HSA-204005	reactome	COPII-mediated vesicle transport	69	0.3333
n0117	go:GO:0048308	go	organelle inheritance	16	0.3125
n0117	go:GO:1901096	go	regulation of autophagosome maturation	17	0.2667
n0118	reactome:R-HSA-211976	reactome	Endogenous sterols	26	0.2667
n0119	go:GO:0043084	go	penile erection	5	0.3684
n0119	go:GO:0044065	go	regulation of respiratory system process	16	0.3529
n0120	go:GO:0019370	go	leukotriene biosynthetic process	23	0.3000
n0120	reactome:R-HSA-1660510	reactome	PIPs transport between Golgi and plasma membranes	0	0.3000
n0120	go:GO:0006498	go	N-terminal protein lipidation	6	0.2857
n0120	reactome:R-HSA-111995	reactome	phospho-PLA2 pathway	2	0.2727
n0121	go:GO:0086067	go	AV node cell to bundle of His cell communication	14	0.4000
n0121	go:GO:0051051	go	negative regulation of transport	455	0.3333
n0123	go:GO:0090521	go	podocyte cell migration	7	0.2857
n0124	reactome:R-HSA-69239	reactome	Synthesis of DNA	108	0.4444
n0126	reactome:R-HSA-5579021	reactome	Defective CYP21A2 causes AH3	1	0.4444
n0127	go:GO:0000731	go	DNA synthesis involved in DNA repair	18	0.4667
n0128	go:GO:0021766	go	hippocampus development	97	0.3750
n0128	reactome:R-HSA-9796292	reactome	Formation of axial mesoderm	14	0.3333
n0130	reactome:R-HSA-9860276	reactome	SLC15A4:TASL-dependent IRF5 activation	6	0.2500
n0131	go:GO:0043268	go	positive regulation of potassium ion transport	32	0.4545
n0131	go:GO:0043267	go	negative regulation of potassium ion transport	32	0.3846
n0131	go:GO:0051051	go	negative regulation of transport	455	0.3333
n0131	go:GO:0034766	go	negative regulation of monoatomic ion transmembrane transport	82	0.3077
n0131	go:GO:0010226	go	response to lithium ion	16	0.2667
n0132	go:GO:0015701	go	bicarbonate transport	33	0.2500
n0132	go:GO:0048871	go	multicellular organismal-level homeostasis	920	0.2500
n0136	go:GO:0044793	go	host-mediated suppression of viral proces	16	0.4737
n0136	go:GO:0070427	go	nucleotide-binding oligomerization domain containing 1 signaling pathway	8	0.3158
n0137	go:GO:0010544	go	negative regulation of platelet activation	18	0.4615
n0137	go:GO:1903689	go	regulation of wound healing, spreading of epidermal cells	11	0.4167
n0137	reactome:R-HSA-9855719	reactome	Regulation of FXIIa and plasma kallikrein activity	9	0.4000
n0137	go:GO:0010763	go	positive regulation of fibroblast migration	15	0.3077
n0137	reactome:R-HSA-456926	reactome	Thrombin signalling through proteinase activated receptors (PARs)	32	0.2500
n0138	go:GO:0060664	go	epithelial cell proliferation involved in salivary gland morphogenesis	5	0.4000
n0138	go:GO:0046877	go	regulation of saliva secretion	8	0.3478
n0138	go:GO:0071863	go	regulation of cell proliferation in bone marrow	8	0.2727
n0139	go:GO:0018126	go	protein hydroxylation	15	0.2500
n0141	go:GO:0034379	go	very-low-density lipoprotein particle assembly	12	0.3000
n0142	reactome:R-HSA-112307	reactome	Transmission across Electrical Synapses	5	0.3077
n0142	go:GO:0016264	go	gap junction assembly	18	0.2647
n0143	go:GO:0070296	go	sarcoplasmic reticulum calcium ion transport	51	0.3585
n0144	reactome:R-HSA-5619077	reactome	Defective SLC24A1 causes congenital stationary night blindness 1D (CSNB1D)	1	0.4737
n0144	go:GO:0061029	go	eyelid development in camera-type eye	14	0.4500
n0144	go:GO:0002074	go	extraocular skeletal muscle development	5	0.2778
n0145	btm:M37.3	btm	cell division	10	0.3333
n0145	reactome:R-HSA-9632700	reactome	Evasion of Oxidative Stress Induced Senescence Due to Defective p16INK4A binding to CDK4 and CDK6	3	0.3333
n0145	go:GO:0051301	go	cell division	654	0.2500
n0148	go:GO:0002637	go	regulation of immunoglobulin production	80	0.4375
n0148	go:GO:1903038	go	negative regulation of leukocyte cell-cell adhesion	172	0.3000
n0148	go:GO:0002711	go	positive regulation of T cell mediated immunity	72	0.2667
n0150	go:GO:0090192	go	regulation of glomerulus development	6	0.4186
n0150	go:GO:0072103	go	glomerulus vasculature morphogenesis	6	0.3636
n0151	reactome:R-HSA-5619110	reactome	Defective SLCO1B1 causes hyperbilirubinemia, Rotor type (HBLRR)	1	0.4318
n0151	reactome:R-HSA-211976	reactome	Endogenous sterols	26	0.3421
n0151	reactome:R-HSA-3359463	reactome	Defective CUBN causes MGA1	3	0.2500
n0152	reactome:R-HSA-1679131	reactome	Trafficking and processing of endosomal TLR	13	0.4545
n0152	go:GO:0019079	go	viral genome replication	116	0.2800
n0153	go:GO:1903306	go	negative regulation of regulated secretory pathway	26	0.3750
n0153	go:GO:0043084	go	penile erection	5	0.3333
n0153	go:GO:0007620	go	copulation	17	0.2857
n0157	go:GO:0007192	go	adenylate cyclase-activating serotonin receptor signaling pathway	5	0.4545
n0157	go:GO:0031000	go	response to caffeine	16	0.3333
n0159	go:GO:0006828	go	manganese ion transport	12	0.4286
n0159	go:GO:1904823	go	purine nucleobase transmembrane transport	8	0.2727
n0161	go:GO:0036265	go	RNA (guanine-N7)-methylation	7	0.4706
n0161	go:GO:0015818	go	isoleucine transport	5	0.3529
n0162	go:GO:1904673	go	negative regulation of somatic stem cell population maintenance	5	0.4348
n0163	go:GO:0000902	go	cell morphogenesis	1028	0.3750
n0165	go:GO:0007005	go	mitochondrion organization	420	0.3448
n0168	go:GO:1903241	go	U2-type prespliceosome assembly	25	0.2500
n0169	go:GO:0051053	go	negative regulation of DNA metabolic process	138	0.3667
n0170	btm:M57	btm	immuregulation - monocytes, T and B cells	13	0.3333
n0170	go:GO:0050865	go	regulation of cell activation	675	0.3333
n0171	go:GO:0033209	go	tumor necrosis factor-mediated signaling pathway	133	0.4348
n0171	reactome:R-HSA-5626978	reactome	TNFR1-mediated ceramide production	6	0.3462
n0171	reactome:R-HSA-75893	reactome	TNF signaling	57	0.3462
n0171	hallmark:HALLMARK_TNFA_SIGNALING_VIA_NFKB	hallmark	HALLMARK_TNFA_SIGNALING_VIA_NFKB	200	0.3077
n0172	go:GO:0006183	go	GTP biosynthetic process	11	0.4737
n0172	reactome:R-HSA-9630222	reactome	Defective NTHL1 substrate binding	1	0.4737
n0172	reactome:R-HSA-392517	reactome	Rap1 signalling	16	0.3571
n0173	reactome:R-HSA-1592230	reactome	Mitochondrial biogenesis	95	0.2500
n0176	reactome:R-HSA-201556	reactome	Signaling by ALK	30	0.2857
n0179	go:GO:0043268	go	positive regulation of potassium ion transport	32	0.4000
n0179	go:GO:0048871	go	multicellular organismal-level homeostasis	920	0.3333
n0179	go:GO:0098771	go	inorganic ion homeostasis	566	0.3000
n0180	go:GO:0035442	go	dipeptide transmembrane transport	8	0.3030
n0181	go:GO:0006208	go	pyrimidine nucleobase catabolic process	8	0.3077
n0183	go:GO:0000731	go	DNA synthesis involved in DNA repair	18	0.4444
n0184	reactome:R-HSA-5652227	reactome	Fructose biosynthesis	2	0.2727
n0185	go:GO:0022412	go	cellular process involved in reproduction in multicellular organism	448	0.4167
n0185	go:GO:0022602	go	ovulation cycle process	49	0.3333
n0185	go:GO:0033206	go	meiotic cytokinesis	9	0.3000
n0186	go:GO:0006954	go	inflammatory response	998	0.4000
n0188	go:GO:0060539	go	diaphragm development	9	0.2500
n0189	go:GO:0022602	go	ovulation cycle process	49	0.3529
n0190	go:GO:0006353	go	DNA-templated transcription termination	54	0.4615
n0190	go:GO:0040031	go	snRNA modification	7	0.2857
n0191	go:GO:0051306	go	mitotic sister chromatid separation	73	0.4545
n0191	go:GO:0051304	go	chromosome separation	93	0.3846
n0192	go:GO:1904995	go	negative regulation of leukocyte adhesion to vascular endothelial cell	13	0.3158
n0195	go:GO:0051301	go	cell division	654	0.4444
n0195	reactome:R-HSA-174184	reactome	Cdc20:Phospho-APC/C mediated degradation of Cyclin A	60	0.4375
n0195	hallmark:HALLMARK_E2F_TARGETS	hallmark	HALLMARK_E2F_TARGETS	200	0.4118
n0195	reactome:R-HSA-8852276	reactome	The role of GTSE1 in G2/M progression after G2 checkpoint	66	0.2500
n0197	go:GO:0042755	go	eating behavior	46	0.3333
n0198	reactome:R-HSA-5579017	reactome	Defective CYP11B1 causes AH4	1	0.2564
n0199	go:GO:0010544	go	negative regulation of platelet activation	18	0.4000
n0199	go:GO:0035886	go	vascular associated smooth muscle cell differentiation	42	0.2500
n0200	go:GO:0019079	go	viral genome replication	116	0.3750
n0201	go:GO:0034379	go	very-low-density lipoprotein particle assembly	12	0.3409
n0202	go:GO:0007051	go	spindle organization	214	0.3750
n0202	reactome:R-HSA-2565942	reactome	Regulation of PLK1 Activity at G2/M Transition	87	0.2500
n0203	go:GO:0009142	go	nucleoside triphosphate biosynthetic process	130	0.3750
n0204	go:GO:0015793	go	glycerol transmembrane transport	8	0.2500
n0205	go:GO:0016137	go	glycoside metabolic process	17	0.4667
n0205	reactome:R-HSA-5652227	reactome	Fructose biosynthesis	2	0.4375
n0205	reactome:R-HSA-5579005	reactome	Defective CYP4F22 causes ARCI5	1	0.2667
n0206	go:GO:0006605	go	protein targeting	311	0.3333
n0206	go:GO:0042026	go	protein refolding	30	0.2778
n0207	reactome:R-HSA-5652227	reactome	Fructose biosynthesis	2	0.4167
n0207	reactome:R-HSA-5663084	reactome	Diseases of carbohydrate metabolism	34	0.2500
n0208	go:GO:0086066	go	atrial cardiac muscle cell to AV node cell communication	19	0.3433
n0210	go:GO:0003299	go	muscle hypertrophy in response to stress	33	0.4737
n0210	reactome:R-HSA-5578775	reactome	Ion homeostasis	54	0.3529
n0211	go:GO:0072179	go	nephric duct formation	5	0.4286
n0211	go:GO:0072205	go	metanephric collecting duct development	10	0.2692
n0212	go:GO:0071863	go	regulation of cell proliferation in bone marrow	8	0.3235
n0214	go:GO:0001945	go	lymph vessel development	31	0.3194
n0215	reactome:R-HSA-392499	reactome	Metabolism of proteins	2124	0.2500
n0216	go:GO:0035710	go	CD4-positive, alpha-beta T cell activation	143	0.3077
n0216	go:GO:0046629	go	gamma-delta T cell activation	29	0.3000
n0216	go:GO:0033088	go	negative regulation of immature T cell proliferation in thymus	5	0.2727
n0219	go:GO:0140971	go	regulation of AIM2 inflammasome complex assembly	5	0.4286
n0219	btm:M37.1	btm	enriched in neutrophils (I)	51	0.2727
n0220	go:GO:1904321	go	response to forskolin	18	0.4000
n0222	go:GO:0035787	go	cell migration involved in kidney development	5	0.3019
n0223	reactome:R-HSA-9632700	reactome	Evasion of Oxidative Stress Induced Senescence Due to Defective p16INK4A binding to CDK4 and CDK6	3	0.2500
n0224	go:GO:0010763	go	positive regulation of fibroblast migration	15	0.4762
n0224	reactome:R-HSA-2024096	reactome	HS-GAG degradation	20	0.3529
n0225	go:GO:0090158	go	endoplasmic reticulum membrane organization	17	0.3966
n0226	go:GO:0060664	go	epithelial cell proliferation involved in salivary gland morphogenesis	5	0.2800
n0226	go:GO:0046877	go	regulation of saliva secretion	8	0.2609
n0227	go:GO:0044351	go	macropinocytosis	11	0.4722
n0227	go:GO:0006457	go	protein folding	235	0.4286
n0227	reactome:R-HSA-391251	reactome	Protein folding	98	0.3514
n0228	go:GO:0106057	go	negative regulation of calcineurin-mediated signaling	15	0.4407
n0230	go:GO:1905952	go	regulation of lipid localization	181	0.2727
n0231	hallmark:HALLMARK_MTORC1_SIGNALING	hallmark	HALLMARK_MTORC1_SIGNALING	200	0.3913
n0231	reactome:R-HSA-165159	reactome	MTOR signalling	52	0.3810
n0231	reactome:R-HSA-3214841	reactome	PKMTs methylate histone lysines	46	0.3182
n0231	reactome:R-HSA-2978092	reactome	Abnormal conversion of 2-oxoglutarate to 2-hydroxyglutarate	1	0.3000
n0232	go:GO:0046661	go	male sex differentiation	170	0.2727
n0232	btm:M240	btm	chromosome Y linked	16	0.2500
n0233	go:GO:0072359	go	circulatory system development	1278	0.3600
n0234	go:GO:0045988	go	negative regulation of striated muscle contraction	10	0.3846
n0234	go:GO:0030048	go	actin filament-based movement	147	0.3529
n0236	go:GO:0035385	go	Roundabout signaling pathway	5	0.3333
n0236	go:GO:0021683	go	cerebellar granular layer morphogenesis	10	0.2500
n0237	go:GO:0051606	go	detection of stimulus	700	0.3571
n0238	go:GO:0007600	go	sensory perception	1030	0.4706
n0238	go:GO:0051606	go	detection of stimulus	700	0.3158
n0239	go:GO:0007005	go	mitochondrion organization	420	0.2979
n0240	reactome:R-HSA-73980	reactome	RNA Polymerase III Transcription Termination	23	0.4231
n0240	go:GO:0006368	go	transcription elongation by RNA polymerase II	138	0.3333
n0241	go:GO:0016485	go	protein processing	268	0.4286
n0242	go:GO:0033554	go	cellular response to stress	1982	0.3636
n0243	reactome:R-HSA-379716	reactome	Cytosolic tRNA aminoacylation	24	0.4286
n0243	go:GO:1903241	go	U2-type prespliceosome assembly	25	0.3846
n0243	go:GO:0036265	go	RNA (guanine-N7)-methylation	7	0.3077
n0243	go:GO:0040031	go	snRNA modification	7	0.3000
n0243	go:GO:0000389	go	mRNA 3'-splice site recognition	6	0.2667
n0245	go:GO:0031102	go	neuron projection regeneration	59	0.3750
n0246	go:GO:0002637	go	regulation of immunoglobulin production	80	0.3077
n0246	go:GO:0002579	go	positive regulation of antigen processing and presentation	10	0.2963
n0246	go:GO:0002922	go	positive regulation of humoral immune response	23	0.2857
n0247	go:GO:0007264	go	small GTPase-mediated signal transduction	519	0.3636
n0247	reactome:R-HSA-416482	reactome	G alpha (12/13) signalling events	80	0.2667
n0248	go:GO:0022616	go	DNA strand elongation	37	0.4348
n0248	reactome:R-HSA-429914	reactome	Deadenylation-dependent mRNA decay	56	0.2632
n0250	reactome:R-HSA-8964540	reactome	Alanine metabolism	2	0.4444
n0251	go:GO:0001780	go	neutrophil homeostasis	21	0.3636
n0251	go:GO:0002705	go	positive regulation of leukocyte mediated immunity	156	0.3333
n0251	go:GO:0002888	go	positive regulation of myeloid leukocyte mediated immunity	22	0.2727
n0252	go:GO:0034330	go	cell junction organization	872	0.3077
n0253	reactome:R-HSA-2565942	reactome	Regulation of PLK1 Activity at G2/M Transition	87	0.4286
n0253	reactome:R-HSA-156711	reactome	Polo-like kinase mediated events	16	0.3636
n0254	go:GO:1902230	go	negative regulation of intrinsic apoptotic signaling pathway in response to DNA damage	31	0.3269
n0254	reactome:R-HSA-114294	reactome	Activation, translocation and oligomerization of BAX	2	0.3148
n0254	reactome:R-HSA-8952158	reactome	RUNX3 regulates BCL2L11 (BIM) transcription	5	0.2881
n0254	reactome:R-HSA-111453	reactome	BH3-only proteins associate with and inactivate anti-apoptotic BCL-2 members	9	0.2667
n0255	reactome:R-HSA-9958517	reactome	SLC-mediated bile acid transport	7	0.4375
n0255	hallmark:HALLMARK_BILE_ACID_METABOLISM	hallmark	HALLMARK_BILE_ACID_METABOLISM	112	0.3000
n0256	go:GO:1901503	go	ether biosynthetic process	13	0.3636
n0256	go:GO:0097267	go	omega-hydroxylase P450 pathway	12	0.2632
n0257	reactome:R-HSA-451306	reactome	Ionotropic activity of kainate receptors	10	0.3387
n0259	reactome:R-HSA-5579005	reactome	Defective CYP4F22 causes ARCI5	1	0.3333
n0260	go:GO:1902170	go	cellular response to reactive nitrogen species	18	0.2857
n0260	reactome:R-HSA-9632700	reactome	Evasion of Oxidative Stress Induced Senescence Due to Defective p16INK4A binding to CDK4 and CDK6	3	0.2500
n0261	reactome:R-HSA-8981373	reactome	Intestinal hexose absorption	3	0.3750
n0263	go:GO:0046330	go	positive regulation of JNK cascade	104	0.3750
n0264	go:GO:1904417	go	positive regulation of xenophagy	8	0.4545
n0264	go:GO:1902170	go	cellular response to reactive nitrogen species	18	0.2500
n0266	reactome:R-HSA-9648025	reactome	EML4 and NUDC in mitotic spindle formation	117	0.3929
n0266	reactome:R-HSA-380259	reactome	Loss of Nlp from mitotic centrosomes	69	0.3438
n0269	reactome:R-HSA-912446	reactome	Meiotic recombination	57	0.4800
n0269	reactome:R-HSA-1300642	reactome	Sperm Motility And Taxes	9	0.2500
n0270	go:GO:0019835	go	cytolysis	11	0.4118
n0270	go:GO:1903027	go	regulation of opsonization	18	0.3158
n0270	go:GO:0042088	go	T-helper 1 type immune response	68	0.2941
n0271	go:GO:0010544	go	negative regulation of platelet activation	18	0.4493
n0271	reactome:R-HSA-456926	reactome	Thrombin signalling through proteinase activated receptors (PARs)	32	0.4143
n0273	reactome:R-HSA-379716	reactome	Cytosolic tRNA aminoacylation	24	0.3226
n0274	reactome:R-HSA-9796292	reactome	Formation of axial mesoderm	14	0.3846
n0274	btm:M17.3	btm	Hox cluster IV	10	0.3571
n0275	go:GO:0007056	go	spindle assembly involved in female meiosis	13	0.4667
n0275	go:GO:0009994	go	oocyte differentiation	66	0.4667
n0275	go:GO:1902410	go	mitotic cytokinetic process	39	0.4545
n0275	go:GO:0022602	go	ovulation cycle process	49	0.2941
n0278	go:GO:0034330	go	cell junction organization	872	0.4375
n0278	reactome:R-HSA-392517	reactome	Rap1 signalling	16	0.3571
n0278	go:GO:0007156	go	homophilic cell-cell adhesion	178	0.2500
n0279	reactome:R-HSA-8852405	reactome	Signaling by MST1	5	0.4000
n0279	go:GO:0071888	go	macrophage apoptotic process	13	0.3600
n0280	reactome:R-HSA-453279	reactome	Mitotic G1 phase and G1/S transition	139	0.3077
n0281	reactome:R-HSA-1280215	reactome	Cytokine Signaling in Immune system	828	0.3333
n0281	reactome:R-HSA-449836	reactome	Other interleukin signaling	24	0.2667
n0281	go:GO:0019221	go	cytokine-mediated signaling pathway	565	0.2553
n0282	btm:M225	btm	metabolism of steroids	10	0.3571
n0282	go:GO:0006702	go	androgen biosynthetic process	10	0.3333
n0282	go:GO:0046661	go	male sex differentiation	170	0.3077
n0283	go:GO:1903444	go	negative regulation of brown fat cell differentiation	6	0.4444
n0283	go:GO:1904178	go	negative regulation of adipose tissue development	12	0.3333
n0284	btm:M208	btm	TBA	10	0.2857
n0284	reactome:R-HSA-9013148	reactome	CDC42 GTPase cycle	155	0.2500
n0285	go:GO:0048003	go	antigen processing and presentation of lipid antigen via MHC class Ib	8	0.4615
n0285	go:GO:0002711	go	positive regulation of T cell mediated immunity	72	0.4000
n0288	hallmark:HALLMARK_XENOBIOTIC_METABOLISM	hallmark	HALLMARK_XENOBIOTIC_METABOLISM	200	0.4286
n0289	reactome:R-HSA-4717374	reactome	Defective DPM1 causes DPM1-CDG	3	0.3600
n0289	reactome:R-HSA-4755609	reactome	Defective DHDDS causes RP59	2	0.3478
n0289	go:GO:0033385	go	geranylgeranyl diphosphate metabolic process	9	0.3182
n0289	reactome:R-HSA-162699	reactome	Synthesis of dolichyl-phosphate mannose	3	0.2727
n0290	go:GO:0009101	go	glycoprotein biosynthetic process	325	0.2778
n0293	reactome:R-HSA-4085001	reactome	Sialic acid metabolism	33	0.4000
n0293	go:GO:1903054	go	negative regulation of extracellular matrix organization	27	0.2500
n0294	go:GO:0003093	go	regulation of glomerular filtration	10	0.4167
n0294	go:GO:1901722	go	obsolete regulation of cell proliferation involved in kidney development	16	0.3333
n0296	go:GO:0048873	go	homeostasis of number of cells within a tissue	42	0.4167
n0296	reactome:R-HSA-8952158	reactome	RUNX3 regulates BCL2L11 (BIM) transcription	5	0.3571
n0297	reactome:R-HSA-400508	reactome	Incretin synthesis, secretion, and inactivation	24	0.2712
n0297	go:GO:0033762	go	response to glucagon	30	0.2623
n0298	reactome:R-HSA-8948216	reactome	Collagen chain trimerization	44	0.4583
n0299	go:GO:1901502	go	ether catabolic process	5	0.4000
n0299	reactome:R-HSA-4755583	reactome	Defective DOLK causes DOLK-CDG	1	0.3333
n0300	go:GO:0034379	go	very-low-density lipoprotein particle assembly	12	0.3111
n0303	go:GO:0019236	go	response to pheromone	9	0.4375
n0303	go:GO:0042747	go	circadian sleep/wake cycle, REM sleep	6	0.4286
n0303	go:GO:0044065	go	regulation of respiratory system process	16	0.2667
n0304	go:GO:0071495	go	cellular response to endogenous stimulus	1364	0.2941
n0306	go:GO:0042996	go	regulation of Golgi to plasma membrane protein transport	13	0.4167
n0306	go:GO:0061763	go	multivesicular body-lysosome fusion	12	0.3333
n0306	reactome:R-HSA-1660510	reactome	PIPs transport between Golgi and plasma membranes	0	0.2941
n0307	reactome:R-HSA-9735804	reactome	Diseases of nucleotide metabolism	4	0.3846
n0307	go:GO:0046130	go	purine ribonucleoside catabolic process	6	0.2857
n0308	reactome:R-HSA-8957322	reactome	Metabolism of steroids	155	0.2727
n0309	reactome:R-HSA-1483076	reactome	Synthesis of CL	1	0.4118
n0310	reactome:R-HSA-391251	reactome	Protein folding	98	0.3810
n0312	go:GO:1904321	go	response to forskolin	18	0.4545
n0313	go:GO:0001937	go	negative regulation of endothelial cell proliferation	79	0.3667
n0313	go:GO:0030948	go	negative regulation of vascular endothelial growth factor receptor signaling pathway	12	0.2500
n0314	go:GO:0031033	go	myosin filament organization	5	0.4762
n0314	reactome:R-HSA-5578775	reactome	Ion homeostasis	54	0.4762
n0314	go:GO:0046716	go	muscle cell cellular homeostasis	21	0.4091
n0314	go:GO:0030239	go	myofibril assembly	76	0.3500
n0314	go:GO:0070296	go	sarcoplasmic reticulum calcium ion transport	51	0.2917
n0314	go:GO:0030240	go	skeletal muscle thin filament assembly	6	0.2727
n0315	go:GO:0072675	go	osteoclast fusion	6	0.2857
n0315	go:GO:0034239	go	regulation of macrophage fusion	5	0.2667
n0315	go:GO:0048705	go	skeletal system morphogenesis	237	0.2500
n0316	go:GO:0021610	go	facial nerve morphogenesis	11	0.3182
n0317	go:GO:0060600	go	dichotomous subdivision of an epithelial terminal unit	10	0.4375
n0317	go:GO:0110010	go	basolateral protein secretion	5	0.2941
n0317	hallmark:HALLMARK_APICAL_SURFACE	hallmark	HALLMARK_APICAL_SURFACE	44	0.2500
n0318	go:GO:0021544	go	subpallium development	27	0.4545
n0318	go:GO:0021537	go	telencephalon development	290	0.3846
n0319	go:GO:1904995	go	negative regulation of leukocyte adhesion to vascular endothelial cell	13	0.3913
n0320	hallmark:HALLMARK_SPERMATOGENESIS	hallmark	HALLMARK_SPERMATOGENESIS	135	0.4615
n0320	go:GO:0040020	go	regulation of meiotic nuclear division	36	0.2727
n0323	go:GO:0033034	go	positive regulation of myeloid cell apoptotic process	9	0.4000
n0323	btm:M118.0	btm	enriched in monocytes (IV)	57	0.2941
n0326	go:GO:0045066	go	regulatory T cell differentiation	62	0.4000
n0326	go:GO:0046629	go	gamma-delta T cell activation	29	0.2857
n0327	go:GO:0015823	go	phenylalanine transport	5	0.4444
n0329	go:GO:0033034	go	positive regulation of myeloid cell apoptotic process	9	0.3333
n0329	go:GO:0071888	go	macrophage apoptotic process	13	0.3333
n0330	reactome:R-HSA-9762293	reactome	Regulation of CDH11 gene transcription	10	0.4000
n0333	go:GO:1990144	go	intrinsic apoptotic signaling pathway in response to hypoxia	9	0.3667
n0334	go:GO:0035787	go	cell migration involved in kidney development	5	0.4265
n0334	go:GO:0072179	go	nephric duct formation	5	0.3030
n0334	go:GO:0072205	go	metanephric collecting duct development	10	0.2667
n0337	go:GO:0033143	go	regulation of intracellular steroid hormone receptor signaling pathway	82	0.4286
n0340	go:GO:0014051	go	gamma-aminobutyric acid secretion	11	0.3636
n0342	go:GO:0001696	go	gastric acid secretion	14	0.4500
n0342	go:GO:0070254	go	mucus secretion	18	0.4000
n0343	reactome:R-HSA-8963888	reactome	Chylomicron assembly	10	0.4516
n0343	go:GO:0034378	go	chylomicron assembly	6	0.3548
n0343	reactome:R-HSA-427975	reactome	Proton/oligopeptide cotransporters	3	0.3333
n0345	go:GO:0051932	go	synaptic transmission, GABAergic	64	0.2963
n0345	go:GO:0035249	go	synaptic transmission, glutamatergic	110	0.2632
n0346	reactome:R-HSA-1592230	reactome	Mitochondrial biogenesis	95	0.4118
n0346	go:GO:0045837	go	negative regulation of membrane potential	13	0.3000
n0346	go:GO:0006626	go	obsolete protein targeting to mitochondrion	78	0.2917
n0346	go:GO:0006627	go	obsolete protein processing involved in protein targeting to mitochondrion	7	0.2917
n0346	go:GO:0006828	go	manganese ion transport	12	0.2778
n0347	go:GO:0016137	go	glycoside metabolic process	17	0.3889
n0347	reactome:R-HSA-5579005	reactome	Defective CYP4F22 causes ARCI5	1	0.2500
n0348	hallmark:HALLMARK_MYC_TARGETS_V1	hallmark	HALLMARK_MYC_TARGETS_V1	200	0.3226
n0348	go:GO:0036265	go	RNA (guanine-N7)-methylation	7	0.3077
n0350	btm:M130	btm	enriched in G-protein coupled receptors	10	0.4615
n0350	go:GO:0007187	go	G protein-coupled receptor signaling pathway, coupled to cyclic nucleotide second messenger	56	0.4000
n0350	go:GO:0097646	go	calcitonin family receptor signaling pathway	12	0.3333
n0351	reactome:R-HSA-3906995	reactome	Diseases associated with O-glycosylation of proteins	71	0.2500
n0352	go:GO:0060039	go	pericardium development	18	0.3824
n0352	go:GO:0072359	go	circulatory system development	1278	0.2857
n0352	go:GO:0003174	go	mitral valve development	14	0.2564
n0354	reactome:R-HSA-9918449	reactome	Defective visual phototransduction due to STRA6 loss of function	3	0.4400
n0354	reactome:R-HSA-9918443	reactome	Defective visual phototransduction due to OPN1SW loss of function	1	0.4231
n0354	reactome:R-HSA-5619077	reactome	Defective SLC24A1 causes congenital stationary night blindness 1D (CSNB1D)	1	0.3000
n0357	go:GO:0006368	go	transcription elongation by RNA polymerase II	138	0.4000
n0358	reactome:R-HSA-5368287	reactome	Mitochondrial translation	137	0.4737
n0358	reactome:R-HSA-9013425	reactome	RHOT1 GTPase cycle	5	0.3846
n0358	go:GO:0032543	go	mitochondrial translation	130	0.2727
n0359	go:GO:0006353	go	DNA-templated transcription termination	54	0.3333
n0359	go:GO:0006369	go	termination of RNA polymerase II transcription	19	0.2778
n0360	go:GO:0072344	go	rescue of stalled cytosolic ribosome	38	0.3125
n0361	reactome:R-HSA-5685939	reactome	HDR through MMEJ (alt-NHEJ)	12	0.4000
n0361	reactome:R-HSA-73929	reactome	Base-Excision Repair, AP Site Formation	43	0.3750
n0361	go:GO:0030809	go	negative regulation of nucleotide biosynthetic process	5	0.2500
n0362	reactome:R-HSA-9636003	reactome	NEIL3-mediated resolution of ICLs	1	0.4722
n0362	go:GO:0036297	go	interstrand cross-link repair	43	0.3750
n0364	go:GO:0044065	go	regulation of respiratory system process	16	0.4545
n0364	go:GO:0097150	go	neuronal stem cell population maintenance	23	0.3462
n0365	go:GO:0038093	go	Fc receptor signaling pathway	61	0.4762
n0365	go:GO:0002713	go	negative regulation of B cell mediated immunity	14	0.3684
n0365	btm:M118.1	btm	enriched in monocytes (surface)	17	0.2632
n0366	go:GO:0002711	go	positive regulation of T cell mediated immunity	72	0.4286
n0368	go:GO:1903444	go	negative regulation of brown fat cell differentiation	6	0.4118
n0368	go:GO:0051055	go	negative regulation of lipid biosynthetic process	74	0.2609
n0369	reactome:R-HSA-9018519	reactome	Estrogen-dependent gene expression	121	0.3529
n0370	go:GO:0033143	go	regulation of intracellular steroid hormone receptor signaling pathway	82	0.3750
n0370	go:GO:2000831	go	regulation of steroid hormone secretion	25	0.2857
n0371	reactome:R-HSA-5619052	reactome	Defective SLC9A9 causes autism 16 (AUTS16)	1	0.2857
n0372	btm:M248	btm	TBA	11	0.4615
n0372	btm:M242	btm	TBA	11	0.4000
n0373	hallmark:HALLMARK_HEME_METABOLISM	hallmark	HALLMARK_HEME_METABOLISM	200	0.3333
n0373	go:GO:0018126	go	protein hydroxylation	15	0.2500
n0375	go:GO:0061763	go	multivesicular body-lysosome fusion	12	0.3077
n0376	go:GO:0034332	go	adherens junction organization	60	0.4545
n0379	go:GO:0071692	go	protein localization to extracellular region	392	0.4444
n0379	hallmark:HALLMARK_PROTEIN_SECRETION	hallmark	HALLMARK_PROTEIN_SECRETION	96	0.3333
n0379	reactome:R-HSA-159782	reactome	Removal of aminoterminal propeptides from gamma-carboxylated proteins	10	0.2857
n0381	reactome:R-HSA-2565942	reactome	Regulation of PLK1 Activity at G2/M Transition	87	0.2667
n0383	reactome:R-HSA-9623433	reactome	NR1H2 & NR1H3 regulate gene expression to control bile acid homeostasis	9	0.2973
n0383	reactome:R-HSA-211976	reactome	Endogenous sterols	26	0.2927
n0385	go:GO:0010523	go	negative regulation of calcium ion transport into cytosol	5	0.4828
n0385	go:GO:0051284	go	obsolete positive regulation of sequestering of calcium ion	8	0.3793
n0386	go:GO:1900246	go	positive regulation of RIG-I signaling pathway	11	0.3333
n0386	reactome:R-HSA-1606341	reactome	IRF3 mediated activation of type 1 IFN	5	0.2500
n0387	reactome:R-HSA-5579021	reactome	Defective CYP21A2 causes AH3	1	0.4286
n0387	go:GO:0042747	go	circadian sleep/wake cycle, REM sleep	6	0.3000
n0390	go:GO:0010832	go	negative regulation of myotube differentiation	18	0.2500
n0391	go:GO:0051546	go	keratinocyte migration	20	0.4643
n0391	go:GO:1903689	go	regulation of wound healing, spreading of epidermal cells	11	0.3448
n0391	go:GO:0035313	go	wound healing, spreading of epidermal cells	27	0.2857
n0392	reactome:R-HSA-5676934	reactome	Protein repair	6	0.4211
n0392	reactome:R-HSA-9632700	reactome	Evasion of Oxidative Stress Induced Senescence Due to Defective p16INK4A binding to CDK4 and CDK6	3	0.3333
n0392	go:GO:0030091	go	protein repair	7	0.2667
n0392	go:GO:0009267	go	cellular response to starvation	192	0.2500
n0393	reactome:R-HSA-8963678	reactome	Intestinal lipid absorption	1	0.4091
n0393	go:GO:0030300	go	regulation of intestinal cholesterol absorption	10	0.3810
n0393	reactome:R-HSA-192456	reactome	Digestion of dietary lipid	7	0.3750
n0394	go:GO:0035094	go	response to nicotine	51	0.4444
n0394	reactome:R-HSA-9024909	reactome	BDNF activates NTRK2 (TRKB) signaling	2	0.4286
n0397	go:GO:0000910	go	cytokinesis	198	0.3636
n0397	go:GO:1902410	go	mitotic cytokinetic process	39	0.3077
n0397	reactome:R-HSA-2995410	reactome	Nuclear Envelope (NE) Reassembly	76	0.3077
n0399	hallmark:HALLMARK_HEME_METABOLISM	hallmark	HALLMARK_HEME_METABOLISM	200	0.2632
n0401	go:GO:1903726	go	negative regulation of phospholipid metabolic process	7	0.4783
n0401	reactome:R-HSA-5683678	reactome	Defective ABCA3 causes SMDP3	1	0.3500
n0402	go:GO:0071073	go	positive regulation of phospholipid biosynthetic process	11	0.3333
n0403	hallmark:HALLMARK_MYC_TARGETS_V2	hallmark	HALLMARK_MYC_TARGETS_V2	58	0.3333
n0403	reactome:R-HSA-9825895	reactome	Regulation of MITF-M-dependent genes involved in DNA replication, damage repair and senescence	6	0.3000
n0403	reactome:R-HSA-5632928	reactome	Defective Mismatch Repair Associated With MSH2	3	0.2500
n0403	reactome:R-HSA-9854909	reactome	Regulation of MITF-M dependent genes involved in invasion	4	0.2500
n0408	go:GO:0086066	go	atrial cardiac muscle cell to AV node cell communication	19	0.3036
n0409	go:GO:0006936	go	muscle contraction	421	0.3750
n0409	go:GO:0006941	go	striated muscle contraction	253	0.3000
n0410	go:GO:0009101	go	glycoprotein biosynthetic process	325	0.3846
n0411	go:GO:0042219	go	modified amino acid catabolic process	35	0.2500
n0412	go:GO:0033591	go	response to L-ascorbic acid	5	0.3261
n0413	go:GO:0002579	go	positive regulation of antigen processing and presentation	10	0.2500
n0414	reactome:R-HSA-9638482	reactome	Metal ion assimilation from the host	2	0.3333
n0415	go:GO:0010544	go	negative regulation of platelet activation	18	0.4138
n0416	reactome:R-HSA-8952158	reactome	RUNX3 regulates BCL2L11 (BIM) transcription	5	0.2667
n0418	reactome:R-HSA-2514859	reactome	Inactivation, recovery and regulation of the phototransduction cascade	33	0.3273
n0418	go:GO:0021554	go	optic nerve development	18	0.3019
n0418	go:GO:0050953	go	sensory perception of light stimulus	230	0.2778
n0419	go:GO:0034116	go	positive regulation of heterotypic cell-cell adhesion	13	0.3462
n0420	reactome:R-HSA-1433617	reactome	Regulation of signaling by NODAL	12	0.3750
n0421	reactome:R-HSA-1234176	reactome	Oxygen-dependent proline hydroxylation of Hypoxia-inducible Factor Alpha	53	0.2857
n0422	reactome:R-HSA-111367	reactome	SLBP independent Processing of Histone Pre-mRNAs	10	0.4167
n0425	reactome:R-HSA-9616222	reactome	Transcriptional regulation of granulopoiesis	58	0.2857
n0426	go:GO:0010544	go	negative regulation of platelet activation	18	0.2500
n0427	reactome:R-HSA-453279	reactome	Mitotic G1 phase and G1/S transition	139	0.2692
n0430	reactome:R-HSA-392517	reactome	Rap1 signalling	16	0.2778
n0431	go:GO:0051254	go	positive regulation of RNA metabolic process	1942	0.3333
n0432	go:GO:0140352	go	export from cell	979	0.3000
n0433	reactome:R-HSA-9013973	reactome	TICAM1-dependent activation of IRF3/IRF7	13	0.3125
n0437	reactome:R-HSA-444257	reactome	RSK activation	7	0.3750
n0438	go:GO:0070127	go	tRNA aminoacylation for mitochondrial protein translation	8	0.4286
n0439	go:GO:0007178	go	cell surface receptor protein serine/threonine kinase signaling pathway	451	0.4857
n0440	go:GO:0071375	go	cellular response to peptide hormone stimulus	354	0.4167
n0440	go:GO:0046330	go	positive regulation of JNK cascade	104	0.3077
n0441	go:GO:0033489	go	obsolete cholesterol biosynthetic process via desmosterol	19	0.4615
n0441	reactome:R-HSA-211976	reactome	Endogenous sterols	26	0.3333
n0446	go:GO:0032693	go	negative regulation of interleukin-10 production	25	0.4231
n0446	go:GO:0032625	go	interleukin-21 production	7	0.3226
n0449	reactome:R-HSA-8866427	reactome	VLDLR internalisation and degradation	16	0.3750
n0449	go:GO:0051055	go	negative regulation of lipid biosynthetic process	74	0.2857
n0450	go:GO:0034378	go	chylomicron assembly	6	0.2500
n0454	go:GO:0046856	go	phosphatidylinositol dephosphorylation	26	0.2500
n0458	go:GO:1904045	go	cellular response to aldosterone	7	0.4286
n0458	go:GO:0051454	go	intracellular pH elevation	8	0.4000
n0460	go:GO:0032847	go	obsolete regulation of cellular pH reduction	6	0.4483
n0461	go:GO:0022412	go	cellular process involved in reproduction in multicellular organism	448	0.3684
n0463	go:GO:0046330	go	positive regulation of JNK cascade	104	0.3913
n0463	reactome:R-HSA-450321	reactome	JNK (c-Jun kinases) phosphorylation and  activation mediated by activated human TAK1	22	0.3600
n0464	go:GO:0071985	go	multivesicular body sorting pathway	51	0.4722
n0464	go:GO:0061763	go	multivesicular body-lysosome fusion	12	0.4250
n0465	go:GO:0003012	go	muscle system process	535	0.3636
n0465	go:GO:0070296	go	sarcoplasmic reticulum calcium ion transport	51	0.3077
n0466	reactome:R-HSA-427652	reactome	Sodium-coupled phosphate cotransporters	6	0.4615
n0467	reactome:R-HSA-427975	reactome	Proton/oligopeptide cotransporters	3	0.4286
n0470	reactome:R-HSA-111995	reactome	phospho-PLA2 pathway	2	0.3333
n0470	go:GO:0019370	go	leukotriene biosynthetic process	23	0.2857
n0470	go:GO:1905952	go	regulation of lipid localization	181	0.2727
n0471	reactome:R-HSA-3595177	reactome	Defective CHSY1 causes TPBS	8	0.2857
n0472	go:GO:0009119	go	ribonucleoside metabolic process	24	0.3000
n0475	reactome:R-HSA-390522	reactome	Striated Muscle Contraction	36	0.4706
n0475	reactome:R-HSA-397014	reactome	Muscle contraction	204	0.4375
n0477	btm:M16	btm	TLR and inflammatory signaling	46	0.4000
n0481	btm:M17.3	btm	Hox cluster IV	10	0.2727
n0482	btm:M37.1	btm	enriched in neutrophils (I)	51	0.4444
n0482	reactome:R-HSA-8939246	reactome	RUNX1 regulates transcription of genes involved in differentiation of myeloid cells	7	0.2857
n0485	go:GO:0006596	go	polyamine biosynthetic process	14	0.4211
n0490	reactome:R-HSA-1592230	reactome	Mitochondrial biogenesis	95	0.4737
n0490	go:GO:0009142	go	nucleoside triphosphate biosynthetic process	130	0.3182
n0491	go:GO:0072526	go	pyridine-containing compound catabolic process	108	0.2500
n0492	go:GO:0045944	go	positive regulation of transcription by RNA polymerase II	1266	0.4444
n0492	go:GO:1905634	go	regulation of protein localization to chromatin	14	0.3000
n0493	go:GO:0014805	go	smooth muscle adaptation	8	0.3662
n0493	go:GO:0035886	go	vascular associated smooth muscle cell differentiation	42	0.2540
n0494	go:GO:2000047	go	regulation of cell-cell adhesion mediated by cadherin	22	0.3750
n0495	go:GO:0045066	go	regulatory T cell differentiation	62	0.4000
n0497	go:GO:0071887	go	leukocyte apoptotic process	116	0.4800
n0499	reactome:R-HSA-9664873	reactome	Pexophagy	11	0.4500
n0499	reactome:R-HSA-9603798	reactome	Class I peroxisomal membrane protein import	20	0.4118
n0499	go:GO:0016562	go	protein import into peroxisome matrix, receptor recycling	8	0.3684
n0500	go:GO:0071495	go	cellular response to endogenous stimulus	1364	0.2500
n0501	go:GO:0007155	go	cell adhesion	1578	0.3333
n0501	go:GO:0098609	go	cell-cell adhesion	1018	0.2692
n0502	reactome:R-HSA-9700649	reactome	Drug resistance of ALK mutants	1	0.4286
n0503	reactome:R-HSA-164940	reactome	Nef mediated downregulation of MHC class I complex cell surface expression	10	0.4444
n0504	reactome:R-HSA-9665233	reactome	Resistance of ERBB2 KD mutants to trastuzumab	4	0.3636
n0505	go:GO:0061099	go	negative regulation of protein tyrosine kinase activity	12	0.4000
n0515	go:GO:0030300	go	regulation of intestinal cholesterol absorption	10	0.3000
n0517	reactome:R-HSA-9623433	reactome	NR1H2 & NR1H3 regulate gene expression to control bile acid homeostasis	9	0.3529
n0521	go:GO:0071863	go	regulation of cell proliferation in bone marrow	8	0.3000
n0523	go:GO:1901502	go	ether catabolic process	5	0.3750
n0526	btm:M110	btm	axon guidance	10	0.2778
n0527	go:GO:1901654	go	response to ketone	222	0.3846
n0530	go:GO:0008627	go	intrinsic apoptotic signaling pathway in response to osmotic stress	10	0.4444
n0531	go:GO:0010829	go	negative regulation of D-glucose transmembrane transport	23	0.3636
n0531	go:GO:0033500	go	carbohydrate homeostasis	281	0.3000
n0532	go:GO:0061098	go	positive regulation of protein tyrosine kinase activity	8	0.2500
n0535	go:GO:0045837	go	negative regulation of membrane potential	13	0.3846
n0535	reactome:R-HSA-1592230	reactome	Mitochondrial biogenesis	95	0.3478
n0540	go:GO:0046883	go	regulation of hormone secretion	263	0.2778
n0544	go:GO:0019673	go	GDP-mannose metabolic process	10	0.3333
n0544	reactome:R-HSA-6787639	reactome	GDP-fucose biosynthesis	6	0.3000
n0545	go:GO:0046462	go	monoacylglycerol metabolic process	15	0.2857
n0546	hallmark:HALLMARK_SPERMATOGENESIS	hallmark	HALLMARK_SPERMATOGENESIS	135	0.4400
n0546	go:GO:0009994	go	oocyte differentiation	66	0.2800
n0546	go:GO:0040020	go	regulation of meiotic nuclear division	36	0.2667
n0547	go:GO:0003151	go	outflow tract morphogenesis	85	0.4348
n0547	go:GO:0060039	go	pericardium development	18	0.3913
n0547	go:GO:0072359	go	circulatory system development	1278	0.2800
n0553	reactome:R-HSA-9796292	reactome	Formation of axial mesoderm	14	0.4762
n0553	reactome:R-HSA-1433617	reactome	Regulation of signaling by NODAL	12	0.4127
n0555	go:GO:0007056	go	spindle assembly involved in female meiosis	13	0.4615
n0555	hallmark:HALLMARK_SPERMATOGENESIS	hallmark	HALLMARK_SPERMATOGENESIS	135	0.3684
n0564	go:GO:0061082	go	myeloid leukocyte cytokine production	30	0.2667
n0565	reactome:R-HSA-69236	reactome	G1 Phase	47	0.4375
n0565	btm:M37.3	btm	cell division	10	0.4211
n0565	go:GO:0051301	go	cell division	654	0.3333
n0566	go:GO:0032717	go	negative regulation of interleukin-8 production	37	0.2500
n0568	hallmark:HALLMARK_ADIPOGENESIS	hallmark	HALLMARK_ADIPOGENESIS	200	0.4667
n0568	go:GO:1904179	go	positive regulation of adipose tissue development	13	0.4167
n0570	go:GO:0033143	go	regulation of intracellular steroid hormone receptor signaling pathway	82	0.3721
n0570	go:GO:0033144	go	negative regulation of intracellular steroid hormone receptor signaling pathway	42	0.2826
n0571	go:GO:0042088	go	T-helper 1 type immune response	68	0.2973
n0574	reactome:R-HSA-6811434	reactome	COPI-dependent Golgi-to-ER retrograde traffic	101	0.4286
n0574	go:GO:0006605	go	protein targeting	311	0.2857
n0574	go:GO:0034058	go	endosomal vesicle fusion	15	0.2500
n0575	reactome:R-HSA-204005	reactome	COPII-mediated vesicle transport	69	0.3333
n0579	reactome:R-HSA-9664323	reactome	FCGR3A-mediated IL10 synthesis	118	0.3333
n0580	reactome:R-HSA-8932505	reactome	DAG1 core M3 glycosylations	6	0.4000
n0582	reactome:R-HSA-380259	reactome	Loss of Nlp from mitotic centrosomes	69	0.2500
n0583	go:GO:0086069	go	bundle of His cell to Purkinje myocyte communication	15	0.4595
n0584	go:GO:0090394	go	negative regulation of excitatory postsynaptic potential	14	0.3750
n0585	hallmark:HALLMARK_E2F_TARGETS	hallmark	HALLMARK_E2F_TARGETS	200	0.4762
n0588	go:GO:0050926	go	regulation of positive chemotaxis	26	0.4583
n0590	reactome:R-HSA-9855142	reactome	Cellular responses to mechanical stimuli	103	0.2500
n0591	btm:M133.0	btm	cell adhesion, membrane	14	0.2857
n0592	go:GO:0034085	go	establishment of sister chromatid cohesion	14	0.3000
n0592	reactome:R-HSA-73886	reactome	Chromosome Maintenance	119	0.3000
n0597	go:GO:0014012	go	peripheral nervous system axon regeneration	10	0.2500
n0599	go:GO:0033088	go	negative regulation of immature T cell proliferation in thymus	5	0.3125
n0599	reactome:R-HSA-8952158	reactome	RUNX3 regulates BCL2L11 (BIM) transcription	5	0.3030
n0602	go:GO:0043922	go	host-mediated suppression of viral transcription	13	0.4000
n0602	go:GO:1904417	go	positive regulation of xenophagy	8	0.3846
n0604	go:GO:0061099	go	negative regulation of protein tyrosine kinase activity	12	0.2778
n0607	go:GO:0060251	go	regulation of glial cell proliferation	33	0.3636
n0608	go:GO:1905952	go	regulation of lipid localization	181	0.3636
n0610	go:GO:0086069	go	bundle of His cell to Purkinje myocyte communication	15	0.3514
n0612	go:GO:1904045	go	cellular response to aldosterone	7	0.4286
n0618	go:GO:0042088	go	T-helper 1 type immune response	68	0.3333
n0620	go:GO:0006208	go	pyrimidine nucleobase catabolic process	8	0.3000
n0621	go:GO:0046122	go	purine deoxyribonucleoside metabolic process	5	0.4194
n0621	reactome:R-HSA-8956319	reactome	Nucleotide catabolism	35	0.3226
n0622	go:GO:0019693	go	ribose phosphate metabolic process	389	0.3333
n0622	go:GO:0046122	go	purine deoxyribonucleoside metabolic process	5	0.3000
n0622	go:GO:0006740	go	NADPH regeneration	24	0.2857
n0622	go:GO:0009119	go	ribonucleoside metabolic process	24	0.2857
n0624	reactome:R-HSA-8963678	reactome	Intestinal lipid absorption	1	0.3750
n0624	reactome:R-HSA-8935690	reactome	Digestion	23	0.3714
n0624	go:GO:0030300	go	regulation of intestinal cholesterol absorption	10	0.2727
n0627	go:GO:0019236	go	response to pheromone	9	0.3659
n0633	go:GO:0071692	go	protein localization to extracellular region	392	0.2500
n0636	go:GO:0042026	go	protein refolding	30	0.2941
n0640	go:GO:0006281	go	DNA repair	643	0.4789
n0640	reactome:R-HSA-73894	reactome	DNA Repair	346	0.4133
n0643	go:GO:0036265	go	RNA (guanine-N7)-methylation	7	0.4333
n0644	go:GO:0003289	go	atrial septum primum morphogenesis	5	0.4400
n0648	go:GO:0010544	go	negative regulation of platelet activation	18	0.3519
n0649	go:GO:0002920	go	regulation of humoral immune response	50	0.4444
n0650	go:GO:0010763	go	positive regulation of fibroblast migration	15	0.2667
n0653	reactome:R-HSA-392517	reactome	Rap1 signalling	16	0.3333
n0655	reactome:R-HSA-379716	reactome	Cytosolic tRNA aminoacylation	24	0.2807
n0658	go:GO:2000378	go	negative regulation of reactive oxygen species metabolic process	45	0.4464
n0660	go:GO:0036109	go	alpha-linolenic acid metabolic process	10	0.4478
n0665	go:GO:0042102	go	positive regulation of T cell proliferation	108	0.3684
n0665	go:GO:0002579	go	positive regulation of antigen processing and presentation	10	0.3125
n0668	reactome:R-HSA-9616222	reactome	Transcriptional regulation of granulopoiesis	58	0.3000
n0670	go:GO:0019221	go	cytokine-mediated signaling pathway	565	0.3333
n0670	go:GO:0032604	go	granulocyte macrophage colony-stimulating factor production	17	0.3333
n0674	btm:M41.3	btm	TBA	9	0.3750
n0674	reactome:R-HSA-8866904	reactome	Negative regulation of activity of TFAP2 (AP-2) family transcription factors	10	0.3750
n0674	go:GO:0060033	go	anatomical structure regression	16	0.3000
n0674	go:GO:0060324	go	face development	54	0.2500
n0675	reactome:R-HSA-1433617	reactome	Regulation of signaling by NODAL	12	0.3000
n0677	btm:M241	btm	TBA	10	0.3000
n0679	reactome:R-HSA-9953078	reactome	MPS II - Hunter syndrome (CS/DS degradation)	1	0.4545
n0683	reactome:R-HSA-9694493	reactome	Maturation of protein E	4	0.3433
n0683	reactome:R-HSA-9683683	reactome	Maturation of protein E	4	0.3016
n0686	reactome:R-HSA-3214841	reactome	PKMTs methylate histone lysines	46	0.4815
n0689	reactome:R-HSA-159854	reactome	Gamma-carboxylation, transport, and amino-terminal cleavage of proteins	11	0.3750
n0692	go:GO:0019217	go	regulation of fatty acid metabolic process	119	0.3889
n0692	btm:M249	btm	TBA	10	0.3636
n0701	go:GO:0046462	go	monoacylglycerol metabolic process	15	0.4545
n0701	go:GO:0034370	go	triglyceride-rich lipoprotein particle remodeling	16	0.4286
n0703	go:GO:0009756	go	carbohydrate mediated signaling	13	0.3846
n0705	go:GO:0070562	go	regulation of vitamin D receptor signaling pathway	10	0.3500
n0710	go:GO:0007610	go	behavior	704	0.2857
n0711	go:GO:0030048	go	actin filament-based movement	147	0.3521
n0714	go:GO:0030048	go	actin filament-based movement	147	0.4878
n0714	go:GO:0003012	go	muscle system process	535	0.4167
n0720	reactome:R-HSA-211958	reactome	Miscellaneous substrates	12	0.2727
n0721	reactome:R-HSA-427975	reactome	Proton/oligopeptide cotransporters	3	0.2963
n0722	go:GO:1905335	go	regulation of aggrephagy	8	0.4211
n0722	reactome:R-HSA-9613829	reactome	Chaperone Mediated Autophagy	22	0.3333
n0726	go:GO:0150079	go	negative regulation of neuroinflammatory response	19	0.2500
n0728	go:GO:0035249	go	synaptic transmission, glutamatergic	110	0.2500
n0729	hallmark:HALLMARK_MYOGENESIS	hallmark	HALLMARK_MYOGENESIS	200	0.3333
n0731	go:GO:1904999	go	positive regulation of leukocyte adhesion to arterial endothelial cell	5	0.3333
n0737	reactome:R-HSA-111885	reactome	Opioid Signalling	90	0.4667
n0740	go:GO:0003012	go	muscle system process	535	0.3333
n0740	reactome:R-HSA-390522	reactome	Striated Muscle Contraction	36	0.2500
n0751	reactome:R-HSA-9937850	reactome	NuRD complex assembly	65	0.3143
n0754	reactome:R-HSA-73929	reactome	Base-Excision Repair, AP Site Formation	43	0.4286
n0762	go:GO:0003289	go	atrial septum primum morphogenesis	5	0.3750
n0763	go:GO:0030239	go	myofibril assembly	76	0.2791
n0767	reactome:R-HSA-6798695	reactome	Neutrophil degranulation	477	0.3000
n0768	go:GO:0042102	go	positive regulation of T cell proliferation	108	0.4000
n0782	go:GO:0009267	go	cellular response to starvation	192	0.3529
n0784	go:GO:0061525	go	hindgut development	8	0.2500
n0785	reactome:R-HSA-74182	reactome	Ketone body metabolism	10	0.3750
n0786	go:GO:1903038	go	negative regulation of leukocyte cell-cell adhesion	172	0.3333
n0787	btm:M37.1	btm	enriched in neutrophils (I)	51	0.3333
n0795	go:GO:0051057	go	positive regulation of small GTPase mediated signal transduction	84	0.2500
n0797	go:GO:0009142	go	nucleoside triphosphate biosynthetic process	130	0.4894
n0797	reactome:R-HSA-1592230	reactome	Mitochondrial biogenesis	95	0.3333
n0798	go:GO:0045898	go	regulation of RNA polymerase II transcription preinitiation complex assembly	9	0.3077
n0803	btm:M66	btm	TBA	17	0.4444
n0803	go:GO:0040011	go	locomotion	1379	0.3000
n0804	go:GO:0007156	go	homophilic cell-cell adhesion	178	0.3500
n0810	go:GO:0032815	go	negative regulation of natural killer cell activation	11	0.4000
n0812	go:GO:0141214	go	positive regulation of phospholipase C/protein kinase C signal transduction	5	0.2667
n0813	btm:M241	btm	TBA	10	0.4545
n0814	reactome:R-HSA-9759476	reactome	Regulation of Homotypic Cell-Cell Adhesion	194	0.3333
n0818	btm:M215	btm	small GTPase mediated signal transduction	16	0.4167
n0818	reactome:R-HSA-9696273	reactome	RND1 GTPase cycle	42	0.2683
n0820	go:GO:0061099	go	negative regulation of protein tyrosine kinase activity	12	0.4167
n0821	go:GO:0071694	go	maintenance of protein location in extracellular region	8	0.2857
n0824	go:GO:0099175	go	regulation of postsynapse organization	144	0.3906
n0825	reactome:R-HSA-8952158	reactome	RUNX3 regulates BCL2L11 (BIM) transcription	5	0.2500
n0827	reactome:R-HSA-159782	reactome	Removal of aminoterminal propeptides from gamma-carboxylated proteins	10	0.3125
n0837	go:GO:0034116	go	positive regulation of heterotypic cell-cell adhesion	13	0.4444
n0839	go:GO:0031345	go	negative regulation of cell projection organization	190	0.3810
n0839	go:GO:0061387	go	regulation of extent of cell growth	99	0.3810
n0839	go:GO:0044065	go	regulation of respiratory system process	16	0.2632
n0841	reactome:R-HSA-400508	reactome	Incretin synthesis, secretion, and inactivation	24	0.3846
n0843	go:GO:0110088	go	hippocampal neuron apoptotic process	6	0.4000
n0843	go:GO:0000902	go	cell morphogenesis	1028	0.3125
n0848	go:GO:0035094	go	response to nicotine	51	0.4286
n0848	go:GO:0031000	go	response to caffeine	16	0.2727
n0865	go:GO:0006304	go	DNA modification	29	0.4118
n0869	go:GO:0040020	go	regulation of meiotic nuclear division	36	0.4286
n0873	go:GO:1904385	go	cellular response to angiotensin	37	0.2549
n0875	go:GO:0034110	go	regulation of homotypic cell-cell adhesion	41	0.3636
n0876	go:GO:0033206	go	meiotic cytokinesis	9	0.3590
n0877	go:GO:0072344	go	rescue of stalled cytosolic ribosome	38	0.2500
n0882	reactome:R-HSA-416482	reactome	G alpha (12/13) signalling events	80	0.3158
n0887	go:GO:0030098	go	lymphocyte differentiation	456	0.4545
n0888	reactome:R-HSA-5666185	reactome	RHO GTPases Activate Rhotekin and Rhophilins	9	0.3750
n0889	reactome:R-HSA-8952158	reactome	RUNX3 regulates BCL2L11 (BIM) transcription	5	0.3696
n0890	reactome:R-HSA-5619068	reactome	Defective SLC2A10 causes arterial tortuosity syndrome (ATS)	1	0.2667
n0895	reactome:R-HSA-175474	reactome	Assembly Of The HIV Virion	16	0.4878
n0895	reactome:R-HSA-176033	reactome	Interactions of Vpr with host cellular proteins	37	0.3488
n0895	reactome:R-HSA-180910	reactome	Vpr-mediated nuclear import of PICs	34	0.2927
n0900	go:GO:1903573	go	negative regulation of response to endoplasmic reticulum stress	52	0.4091
n0901	go:GO:1902275	go	regulation of chromatin organization	33	0.2609
n0918	reactome:R-HSA-8852276	reactome	The role of GTSE1 in G2/M progression after G2 checkpoint	66	0.4167
n0924	go:GO:0019835	go	cytolysis	11	0.4286
n0932	go:GO:0009756	go	carbohydrate mediated signaling	13	0.4500
n0940	go:GO:0097150	go	neuronal stem cell population maintenance	23	0.4615
n0940	reactome:R-HSA-9024909	reactome	BDNF activates NTRK2 (TRKB) signaling	2	0.3333
n0946	go:GO:0090716	go	adaptive immune memory response	7	0.4762
n0946	go:GO:0002637	go	regulation of immunoglobulin production	80	0.3750
n0946	go:GO:0002922	go	positive regulation of humoral immune response	23	0.3750
n0946	go:GO:0002713	go	negative regulation of B cell mediated immunity	14	0.3571
n0946	go:GO:0002579	go	positive regulation of antigen processing and presentation	10	0.3000
n0951	go:GO:0044387	go	negative regulation of protein kinase activity by regulation of protein phosphorylation	5	0.4348
n0971	reactome:R-HSA-445989	reactome	TAK1-dependent IKK and NF-kappa-B activation	44	0.4545
n0979	reactome:R-HSA-68867	reactome	Assembly of the pre-replicative complex	101	0.3846
n0997	go:GO:0006968	go	cellular defense response	52	0.2857
n1001	reactome:R-HSA-9796292	reactome	Formation of axial mesoderm	14	0.3846
n1001	go:GO:0009948	go	anterior/posterior axis specification	60	0.3182
n1008	go:GO:0042760	go	very long-chain fatty acid catabolic process	7	0.3636
n1010	reactome:R-HSA-204005	reactome	COPII-mediated vesicle transport	69	0.3846
n1011	go:GO:0006968	go	cellular defense response	52	0.4340
n1014	go:GO:0060539	go	diaphragm development	9	0.2727
n1018	go:GO:2000394	go	positive regulation of lamellipodium morphogenesis	7	0.2857
n1089	go:GO:0043335	go	protein unfolding	13	0.2593
n1099	hallmark:HALLMARK_HEME_METABOLISM	hallmark	HALLMARK_HEME_METABOLISM	200	0.2927
n1124	go:GO:0035886	go	vascular associated smooth muscle cell differentiation	42	0.3125
n1135	go:GO:0051057	go	positive regulation of small GTPase mediated signal transduction	84	0.2727
n1200	reactome:R-HSA-421270	reactome	Cell-cell junction organization	271	0.3600
n1200	go:GO:0034332	go	adherens junction organization	60	0.3000
