node	size	support	parents	children	n_genes	label	provisional
n00000	103	1.0000	n03613		366		true
n00001	96	1.0000	n04469		336		true
n00002	39	1.0000	n03613		375		true
n00003	36	1.0000	n01421		375		true
n00004	33	1.0000	n02627		145		true
n00005	30	1.0000	n03613		677		true
n00006	27	1.0000	n04469		94		true
n00007	28	1.0000	n04469		468		true
n00008	26	1.0000	n03613		133		true
n00009	26	1.0000	n04469		72		true
n00010	24	1.0000	n03613		142		true
n00011	23	1.0000	n04469		708		true
n00012	22	1.0000	n03613		44		true
n00013	23	1.0000	n03613		579		true
n00014	21	1.0000	n04190 n04728		320		true
n00015	21	1.0000	n04469		94		true
n00016	20	1.0000	n04469		40		true
n00017	20	1.0000	n02627 n04735		224		true
n00018	19	1.0000	n04469		150		true
n00019	18	1.0000	n02627		922		true
n00020	17	1.0000	n04469		19		true
n00021	17	1.0000	n00691		134		true
n00022	17	1.0000	n03613 n04469 n05331		67		true
n00023	17	1.0000	n03613		384		true
n00024	16	1.0000	n03613		1		true
n00025	16	1.0000	n03613		88		true
n00026	15	1.0000	n03613		2		true
n00027	16	1.0000	n01421		39		true
n00028	15	1.0000	n03613		100		true
n00029	16	1.0000	n04469		40		true
n00030	15	1.0000	n04469		198		true
n00031	15	1.0000	n03613		347		true
n00032	16	1.0000	n03613		920		true
n00033	16	1.0000	n04469		64		true
n00034	15	1.0000	n04469		96		true
n00035	16	1.0000	n02627		593		true
n00036	14	1.0000	n03613 n05010		13		true
n00037	14	1.0000	n04469		19		true
n00038	14	1.0000	n04469		363		true
n00039	15	1.0000	n03613		342		true
n00040	14	1.0000	n03613 n04742		285		true
n00041	15	1.0000	n03613 n04276		328		true
n00042	13	1.0000	n03613		1		true
n00043	13	1.0000		n00796 n01103 n01292 n01335 n04725	68		true
n00044	13	1.0000	n02627		117		true
n00045	14	1.0000	n02627		468		true
n00046	13	1.0000	n01421		153		true
n00047	13	1.0000	n04190 n04728		310		true
n00048	13	1.0000	n04469		242		true
n00049	13	1.0000	n04469		29		true
n00050	13	1.0000	n05122		744		true
n00051	15	1.0000	n02627		299		true
n00052	13	1.0000	n02627		60		true
n00053	12	1.0000	n02627		5		true
n00054	12	1.0000	n03613		8		true
n00055	12	1.0000	n03613		191		true
n00056	13	1.0000	n01421		117		true
n00057	12	1.0000	n04469		86		true
n00058	12	1.0000	n04469		697		true
n00059	12	1.0000	n04469		602		true
n00060	12	1.0000	n04469 n04728		104		true
n00061	12	1.0000	n02627		852		true
n00062	12	1.0000	n03613		176		true
n00063	12	1.0000	n04469		254		true
n00064	11	1.0000	n03613		4		true
n00065	11	1.0000	n03613		55		true
n00066	11	1.0000	n03613		40		true
n00067	11	1.0000	n04469		130		true
n00068	11	1.0000	n03613		42		true
n00069	11	1.0000	n04469		58		true
n00070	11	1.0000	n03636		483		true
n00071	12	1.0000	n03319 n04469		140		true
n00072	11	1.0000	n04469		43		true
n00073	11	1.0000	n01421		71		true
n00074	12	1.0000	n03613		263		true
n00075	11	1.0000	n02627 n04735		208		true
n00076	11	1.0000	n04469		29		true
n00077	11	1.0000	n04469		362		true
n00078	12	1.0000	n04469		202		true
n00079	11	1.0000	n04058 n04469		164		true
n00080	12	1.0000	n04469		52		true
n00081	11	1.0000	n04469		54		true
n00082	11	1.0000	n02627		241		true
n00083	12	1.0000	n02627		107		true
n00084	11	1.0000	n02627		98		true
n00085	11	1.0000	n04469		64		true
n00086	10	1.0000	n03613		1		true
n00087	10	1.0000	n03613		57		true
n00088	10	1.0000	n02627		71		true
n00089	10	1.0000	n03613		34		true
n00090	10	1.0000	n04469 n05134		45		true
n00091	10	1.0000	n03613		137		true
n00092	10	1.0000	n04196		351		true
n00093	10	1.0000	n03613 n03767		182		true
n00094	10	1.0000	n03613		163		true
n00095	10	1.0000	n03613		119		true
n00096	10	1.0000	n03613		119		true
n00097	10	1.0000	n05122		165		true
n00098	10	1.0000	n03500 n04052		689		true
n00099	10	1.0000	n03613		374		true
n00100	10	1.0000	n04469		72		true
n00101	10	1.0000	n02627		246		true
n00102	10	1.0000	n02627		66		true
n00103	10	1.0000	n01421		199		true
n00104	10	1.0000	n05122		744		true
n00105	9	1.0000	n03613		1		true
n00106	9	1.0000	n03613		86		true
n00107	9	1.0000	n02627		157		true
n00108	9	1.0000	n03896 n04469		10		true
n00109	10	1.0000	n03747		21		true
n00110	9	1.0000	n01608		275		true
n00111	9	1.0000		n00259	119		true
n00112	10	1.0000	n01421		125		true
n00113	9	1.0000	n03613		103		true
n00114	9	1.0000	n03613		44		true
n00115	9	1.0000	n04469		106		true
n00116	9	1.0000	n04469		174		true
n00117	9	1.0000	n03613		212		true
n00118	9	1.0000	n03838		482		true
n00119	9	1.0000	n02627		215		true
n00120	9	1.0000	n04920		395		true
n00121	9	1.0000	n04469		126		true
n00122	9	1.0000	n04469		75		true
n00123	9	1.0000	n02627		68		true
n00124	9	1.0000	n02627		39		true
n00125	9	1.0000	n03613		444		true
n00126	9	1.0000	n03613		62		true
n00127	9	1.0000	n03613		976		true
n00128	8	1.0000	n03613		1		true
n00129	8	1.0000	n03613		48		true
n00130	8	1.0000	n04469		8		true
n00131	8	1.0000	n03613		64		true
n00132	8	1.0000	n04469		44		true
n00133	8	1.0000	n02627		64		true
n00134	8	1.0000	n01421		25		true
n00135	8	1.0000	n03613		37		true
n00136	9	1.0000	n02627		82		true
n00137	8	1.0000	n02627		380		true
n00138	8	1.0000	n03889		372		true
n00139	8	1.0000	n05039		395		true
n00140	8	1.0000	n03613		19		true
n00141	8	1.0000	n03613		23		true
n00142	9	1.0000	n03613 n04918		54		true
n00143	8	1.0000	n03613		35		true
n00144	8	1.0000	n03613		655		true
n00145	8	1.0000	n03435 n05134		190		true
n00146	8	1.0000	n04469		95		true
n00147	8	1.0000	n03613		110		true
n00148	8	1.0000	n03613		609		true
n00149	8	1.0000	n04469		188		true
n00150	8	1.0000	n04190 n04728		310		true
n00151	8	1.0000	n03613		294		true
n00152	8	1.0000	n03613 n04742		253		true
n00153	8	1.0000	n04469		394		true
n00154	8	1.0000	n03492		786		true
n00155	8	1.0000	n03820		105		true
n00156	8	1.0000	n02627		40		true
n00157	8	1.0000	n02627		412		true
n00158	9	1.0000	n04213 n04469		1203		true
n00159	8	1.0000	n04469		15		true
n00160	8	1.0000	n03613		207		true
n00161	8	1.0000	n01421		404		true
n00162	8	1.0000	n03613		1816		true
n00163	8	1.0000	n03613		161		true
n00164	8	1.0000	n03613		179		true
n00165	8	1.0000	n02627		78		true
n00166	8	1.0000	n02627		133		true
n00167	8	1.0000	n04469		254		true
n00168	8	1.0000	n04469		49		true
n00169	7	1.0000	n03580		40		true
n00170	7	1.0000	n03613 n05010		5		true
n00171	7	1.0000	n03613		55		true
n00172	7	1.0000	n03613		15		true
n00173	7	1.0000	n04469		10		true
n00174	7	1.0000	n01421		108		true
n00175	7	1.0000	n01421 n02628		47		true
n00176	7	1.0000	n04469		51		true
n00177	7	1.0000	n03613 n05331		37		true
n00178	7	1.0000	n01421		218		true
n00179	7	1.0000	n01421		149		true
n00180	7	1.0000	n01421		15		true
n00181	7	1.0000	n03613		43		true
n00182	7	1.0000	n02627		174		true
n00183	7	1.0000	n04051 n04765 n04839		68		true
n00184	7	1.0000	n03613		209		true
n00185	7	1.0000	n03613		22		true
n00186	7	1.0000	n03613		62		true
n00187	7	1.0000	n02627 n04735		208		true
n00188	7	1.0000	n04469		81		true
n00189	7	1.0000	n03613 n04521		621		true
n00190	7	1.0000	n03613		852		true
n00191	7	1.0000	n04469		40		true
n00192	7	1.0000	n02538 n02627		269		true
n00193	7	1.0000	n02627		27		true
n00194	7	1.0000	n04469		55		true
n00195	7	1.0000	n03613		51		true
n00196	7	1.0000	n01421		37		true
n00197	7	1.0000	n03613		92		true
n00198	7	1.0000	n03613		175		true
n00199	7	1.0000	n03613 n04190 n04728		74		true
n00200	7	1.0000	n03613		115		true
n00201	7	1.0000	n04469		122		true
n00202	7	1.0000	n02627		234		true
n00203	6	1.0000	n03613		1		true
n00204	6	1.0000	n03613		1		true
n00205	6	1.0000	n03613		4		true
n00206	6	1.0000	n02627		47		true
n00207	6	1.0000	n01421		37		true
n00208	6	1.0000	n03319 n04469		8		true
n00209	6	1.0000	n04469		11		true
n00210	6	1.0000	n02627		71		true
n00211	6	1.0000	n04469		37		true
n00212	6	1.0000	n05042		105		true
n00213	6	1.0000	n02627		392		true
n00214	6	1.0000	n01608		39		true
n00215	6	1.0000	n03613		43		true
n00216	6	1.0000	n01421		29		true
n00217	6	1.0000	n01421		199		true
n00218	6	1.0000	n03613		34		true
n00219	6	1.0000	n03613		42		true
n00220	6	1.0000	n04469		109		true
n00221	6	1.0000	n04469		51		true
n00222	6	1.0000	n02321 n04918		101		true
n00223	6	1.0000	n04469 n05331		45		true
n00224	6	1.0000	n03613		1863		true
n00225	6	1.0000	n03613		56		true
n00226	6	1.0000	n01421		221		true
n00227	6	1.0000	n03613		78		true
n00228	6	1.0000	n03613		167		true
n00229	6	1.0000	n01421		216		true
n00230	6	1.0000	n03613		93		true
n00231	6	1.0000	n01421		199		true
n00232	6	1.0000	n04469		15		true
n00233	6	1.0000	n04047 n04469		1787		true
n00234	6	1.0000	n03613		363		true
n00235	6	1.0000	n04469		110		true
n00236	6	1.0000	n04469		21		true
n00237	6	1.0000	n02627		131		true
n00238	6	1.0000	n02627		199		true
n00239	6	1.0000	n03613		78		true
n00240	6	1.0000	n01421		535		true
n00241	6	1.0000	n04469		18		true
n00242	6	1.0000	n04469		22		true
n00243	6	1.0000	n02627		61		true
n00244	6	1.0000	n01421		35		true
n00245	6	1.0000	n02627		60		true
n00246	6	1.0000	n04469		59		true
n00247	6	1.0000	n03613		27		true
n00248	5	1.0000	n03613		1		true
n00249	5	1.0000	n01421		14		true
n00250	5	1.0000	n02627		94		true
n00251	5	1.0000	n03613		49		true
n00252	5	1.0000	n04469		5		true
n00253	5	1.0000	n03613		58		true
n00254	5	1.0000	n03613		25		true
n00255	5	1.0000	n03517		32		true
n00256	5	1.0000	n04469		70		true
n00257	5	1.0000	n04469		14		true
n00258	5	1.0000	n02628		77		true
n00259	5	1.0000	n00111		89		true
n00260	5	1.0000	n04469		17		true
n00261	5	1.0000	n03137 n04469		93		true
n00262	5	1.0000	n04469		34		true
n00263	5	1.0000	n03613		289		true
n00264	5	1.0000			159		true
n00265	5	1.0000	n03613 n05142		2079		true
n00266	5	1.0000	n03613		655		true
n00267	5	1.0000	n04469		28		true
n00268	5	1.0000	n04469		102		true
n00269	5	1.0000	n04469		23		true
n00270	5	1.0000	n04469		68		true
n00271	5	1.0000	n04469		27		true
n00272	5	1.0000	n04469		31		true
n00273	5	1.0000	n04469		67		true
n00274	5	1.0000	n04469		15		true
n00275	5	1.0000	n01421		38		true
n00276	5	1.0000	n03613		48		true
n00277	5	1.0000	n02627		1753		true
n00278	5	1.0000	n02627		198		true
n00279	4	1.0000	n04469		5		true
n00280	4	1.0000	n03613		38		true
n00281	4	1.0000	n02627		48		true
n00282	4	1.0000	n03613		34		true
n00283	4	1.0000	n02627		5		true
n00284	4	1.0000	n04469		2		true
n00285	4	1.0000	n02627		8		true
n00286	4	1.0000	n02627		129		true
n00287	4	1.0000	n01421		50		true
n00288	4	1.0000	n02627		25		true
n00289	4	1.0000	n01421		211		true
n00290	4	1.0000	n04469 n05331		5		true
n00291	4	1.0000	n03613		122		true
n00292	4	1.0000	n01421		18		true
n00293	4	1.0000	n03281 n04527		28		true
n00294	4	1.0000	n04469		36		true
n00295	4	1.0000	n03613		13		true
n00296	4	1.0000	n02627		329		true
n00297	4	1.0000	n02627 n04735		208		true
n00298	4	1.0000	n03435 n05134		21		true
n00299	4	1.0000	n04469		14		true
n00300	4	1.0000	n04469 n04813		424		true
n00301	4	1.0000	n03896 n04469		39		true
n00302	4	1.0000	n04469		24		true
n00303	4	1.0000	n02627		240		true
n00304	4	1.0000	n03623 n04214 n04469		35		true
n00305	4	1.0000	n03613		174		true
n00306	3	1.0000	n03613		1		true
n00307	3	1.0000	n03613		1		true
n00308	3	1.0000	n03613		1		true
n00309	3	1.0000	n02627		2		true
n00310	3	1.0000	n03613		4		true
n00311	3	1.0000	n01421 n03613		17		true
n00312	3	1.0000	n05350		25		true
n00313	3	1.0000	n02627		15		true
n00314	3	1.0000	n01421		57		true
n00315	3	1.0000	n01421 n02628		14		true
n00316	3	1.0000	n04469		12		true
n00317	3	1.0000	n02627		36		true
n00318	3	1.0000	n03636		97		true
n00319	3	1.0000	n01608		32		true
n00320	3	1.0000	n01421		15		true
n00321	3	1.0000	n05122		85		true
n00322	3	1.0000	n03613 n04918		8		true
n00323	3	1.0000	n02627 n04276		169		true
n00324	3	1.0000	n02538 n03613		98		true
n00325	3	1.0000	n03613		27		true
n00326	3	1.0000	n04469		27		true
n00327	3	1.0000	n03613		127		true
n00328	3	1.0000	n03613		32		true
n00329	3	1.0000	n02627		146		true
n00330	3	1.0000	n04469		182		true
n00331	3	1.0000	n02627 n04276		321		true
n00332	3	1.0000	n01421		51		true
n00333	3	1.0000	n01421		11		true
n00334	3	1.0000	n03613		41		true
n00335	3	1.0000	n04469		6		true
n00336	3	1.0000	n02627		41		true
n00337	3	1.0000	n01653		41		true
n00338	3	1.0000	n03613		23		true
n00339	152	0.9900	n04469		1245		true
n00340	73	0.9900	n03613		348		true
n00341	63	0.9900	n03613		348		true
n00342	27	0.9900	n03613		228		true
n00343	26	0.9900	n04469		584		true
n00344	20	0.9900	n03613		583		true
n00345	18	0.9900	n02627 n04276		625		true
n00346	16	0.9900	n03613		45		true
n00347	16	0.9900	n02627		283		true
n00348	16	0.9900	n03613		191		true
n00349	16	0.9900	n03613		115		true
n00350	16	0.9900	n03137		303		true
n00351	15	0.9900	n04469		3184		true
n00352	15	0.9900	n04469		415		true
n00353	13	0.9900	n03613		145		true
n00354	12	0.9900	n03613 n05010		224		true
n00355	12	0.9900	n03623 n04469		96		true
n00356	12	0.9900	n04469		46		true
n00357	11	0.9900	n01421 n02628		164		true
n00358	13	0.9900	n04920		403		true
n00359	11	0.9900	n03822		159		true
n00360	12	0.9900	n04469		94		true
n00361	11	0.9900	n04469		110		true
n00362	10	0.9900	n01421 n03046		27		true
n00363	10	0.9900	n03613		67		true
n00364	10	0.9900	n04469		25		true
n00365	9	0.9900	n03613		191		true
n00366	10	0.9900	n04469		109		true
n00367	9	0.9900	n00691		60		true
n00368	10	0.9900	n03613 n04227 n04918		211		true
n00369	9	0.9900	n04469		101		true
n00370	9	0.9900	n03613		254		true
n00371	10	0.9900	n04469		209		true
n00372	9	0.9900	n04469		43		true
n00373	10	0.9900	n04469		224		true
n00374	9	0.9900	n04469		171		true
n00375	9	0.9900	n03613		119		true
n00376	8	0.9900	n04469		7		true
n00377	8	0.9900	n01421		64		true
n00378	9	0.9900	n03613		263		true
n00379	8	0.9900	n03613		289		true
n00380	8	0.9900	n04469		404		true
n00381	8	0.9900	n04469		34		true
n00382	8	0.9900	n04469		15		true
n00383	9	0.9900	n03712 n03896		77		true
n00384	8	0.9900	n04469		311		true
n00385	9	0.9900	n04469		44		true
n00386	8	0.9900	n04469		78		true
n00387	9	0.9900	n04469		115		true
n00388	8	0.9900	n04469		52		true
n00389	8	0.9900	n03613		57		true
n00390	8	0.9900	n01421		289		true
n00391	8	0.9900	n03613		163		true
n00392	8	0.9900	n02627		290		true
n00393	7	0.9900	n02627		2		true
n00394	7	0.9900	n03613		43		true
n00395	7	0.9900	n03820		66		true
n00396	7	0.9900	n04469		58		true
n00397	7	0.9900	n04469		86		true
n00398	7	0.9900	n04469 n05331		26		true
n00399	7	0.9900	n04469		58		true
n00400	7	0.9900	n04196		324		true
n00401	7	0.9900	n04469		24		true
n00402	7	0.9900	n03613		136		true
n00403	7	0.9900	n02627		51		true
n00404	7	0.9900	n04469		62		true
n00405	7	0.9900	n03613		600		true
n00406	7	0.9900	n04469		177		true
n00407	7	0.9900	n02627		86		true
n00408	7	0.9900	n04469		129		true
n00409	7	0.9900	n03613		87		true
n00410	7	0.9900	n01421		657		true
n00411	7	0.9900	n01421		52		true
n00412	7	0.9900	n02627		7		true
n00413	7	0.9900	n03000		191		true
n00414	7	0.9900	n02627		143		true
n00415	7	0.9900	n01421 n03649		65		true
n00416	7	0.9900	n04148 n04469		509		true
n00417	6	0.9900	n02627		32		true
n00418	6	0.9900	n03613		239		true
n00419	6	0.9900	n04469		69		true
n00420	6	0.9900	n03613		41		true
n00421	6	0.9900	n03613		60		true
n00422	6	0.9900	n03747 n05189		971		true
n00423	6	0.9900	n03613		198		true
n00424	6	0.9900	n02627		178		true
n00425	6	0.9900	n03613		43		true
n00426	6	0.9900	n04469		29		true
n00427	6	0.9900	n03623 n04469		69		true
n00428	6	0.9900	n04469		41		true
n00429	6	0.9900	n02183		60		true
n00430	6	0.9900	n01421		61		true
n00431	6	0.9900	n03613		2292		true
n00432	6	0.9900	n02627		143		true
n00433	6	0.9900	n03613		441		true
n00434	6	0.9900	n01421		177		true
n00435	6	0.9900	n02627 n04276		368		true
n00436	6	0.9900	n04469		52		true
n00437	6	0.9900	n02627		159		true
n00438	6	0.9900	n02627		175		true
n00439	6	0.9900	n04469		165		true
n00440	6	0.9900	n04469		166		true
n00441	6	0.9900	n01421		95		true
n00442	6	0.9900	n01421		1424		true
n00443	6	0.9900	n03613		81		true
n00444	5	0.9900	n03613		5		true
n00445	5	0.9900	n03613		8		true
n00446	5	0.9900	n03613		20		true
n00447	5	0.9900	n01421 n03613		25		true
n00448	5	0.9900	n03613		14		true
n00449	5	0.9900	n04469		8		true
n00450	5	0.9900	n04074 n04742 n04933		52		true
n00451	5	0.9900	n03613		8		true
n00452	5	0.9900	n03896 n04469		14		true
n00453	5	0.9900	n01421 n02628		21		true
n00454	5	0.9900	n04469		9		true
n00455	5	0.9900	n03613		64		true
n00456	5	0.9900	n00938		56		true
n00457	5	0.9900	n01421		155		true
n00458	5	0.9900	n04469		48		true
n00459	5	0.9900	n03613		343		true
n00460	5	0.9900	n03158 n03613		1760		true
n00461	5	0.9900	n02627		19		true
n00462	5	0.9900	n04469		25		true
n00463	5	0.9900	n04439 n04469		50		true
n00464	5	0.9900	n03613		29		true
n00465	5	0.9900	n04469		51		true
n00466	5	0.9900	n02627		116		true
n00467	5	0.9900	n05147		47		true
n00468	5	0.9900	n01421		26		true
n00469	5	0.9900	n03613		163		true
n00470	5	0.9900	n03613		34		true
n00471	5	0.9900	n04469		19		true
n00472	4	0.9900	n01421 n02628 n04764		4		true
n00473	4	0.9900	n04469		12		true
n00474	4	0.9900	n04469		19		true
n00475	4	0.9900	n04469 n04920		35		true
n00476	4	0.9900	n03613 n04191		146		true
n00477	4	0.9900	n04469		20		true
n00478	4	0.9900	n03137		188		true
n00479	4	0.9900	n03613 n04960		23		true
n00480	4	0.9900	n04469		12		true
n00481	4	0.9900	n04190 n04728		152		true
n00482	4	0.9900	n01421		87		true
n00483	4	0.9900	n04469		16		true
n00484	4	0.9900	n01421		159		true
n00485	4	0.9900	n04469		126		true
n00486	3	0.9900	n04469		24		true
n00487	3	0.9900	n04469		41		true
n00488	3	0.9900	n01421		138		true
n00489	8	0.9899	n01421		38		true
n00490	5	0.9899	n04469		37		true
n00491	5	0.9899	n04469		19		true
n00492	5	0.9899	n03613 n04742		253		true
n00493	5	0.9899	n03000		44		true
n00494	4	0.9899	n03747		20		true
n00495	4	0.9899	n01421		23		true
n00496	4	0.9899	n03613		14		true
n00497	4	0.9899	n04469		223		true
n00498	4	0.9899	n04469		45		true
n00499	4	0.9899	n03613		813		true
n00500	5	0.9898	n03500 n04052		689		true
n00501	5	0.9898	n04469		697		true
n00502	5	0.9898	n03613		45		true
n00503	5	0.9898	n03613		16		true
n00504	5	0.9898	n01421		287		true
n00505	4	0.9898	n04469		6		true
n00506	4	0.9898	n04469		17		true
n00507	5	0.9897	n03889		236		true
n00508	4	0.9897	n01421		123		true
n00509	4	0.9897	n03613		81		true
n00510	5	0.9896	n02627		120		true
n00511	5	0.9895	n03613		40		true
n00512	3	0.9891	n03613		9		true
n00513	3	0.9891	n04469		29		true
n00514	3	0.9889	n03613		1		true
n00515	3	0.9889	n04469		14		true
n00516	4	0.9877	n03613		121		true
n00517	3	0.9870	n02627		198		true
n00518	3	0.9808	n03613		33		true
n00519	46	0.9800	n03613		677		true
n00520	40	0.9800	n01421		285		true
n00521	35	0.9800	n01421		259		true
n00522	33	0.9800	n03613		649		true
n00523	33	0.9800	n03613		640		true
n00524	33	0.9800	n02627 n04276		312		true
n00525	24	0.9800	n04196		1708		true
n00526	23	0.9800	n04469		342		true
n00527	20	0.9800	n04469		19		true
n00528	20	0.9800	n03613		142		true
n00529	20	0.9800	n04469		357		true
n00530	23	0.9800	n02627		386		true
n00531	19	0.9800	n03613		228		true
n00532	16	0.9800	n01421		141		true
n00533	16	0.9800	n04190 n04728		320		true
n00534	14	0.9800	n01421		181		true
n00535	15	0.9800	n01421		298		true
n00536	15	0.9800	n04469		86		true
n00537	16	0.9800	n04469		321		true
n00538	13	0.9800	n02627		71		true
n00539	13	0.9800	n01421		201		true
n00540	13	0.9800	n03613		450		true
n00541	11	0.9800	n03613		88		true
n00542	11	0.9800	n03613		132		true
n00543	12	0.9800	n04469		33		true
n00544	11	0.9800	n01531		201		true
n00545	12	0.9800	n03613		328		true
n00546	11	0.9800	n03613 n04190 n04728		74		true
n00547	10	0.9800	n02855		114		true
n00548	10	0.9800	n04469		126		true
n00549	10	0.9800	n02627 n03765		55		true
n00550	9	0.9800	n02627		4		true
n00551	9	0.9800	n03839		94		true
n00552	9	0.9800	n02627		79		true
n00553	9	0.9800	n04469		97		true
n00554	10	0.9800	n03613		611		true
n00555	9	0.9800	n01421		94		true
n00556	9	0.9800	n04469		142		true
n00557	9	0.9800	n02627		142		true
n00558	9	0.9800	n04469		166		true
n00559	9	0.9800	n03613		54		true
n00560	10	0.9800	n01421		85		true
n00561	9	0.9800	n01421		97		true
n00562	8	0.9800	n03613 n04918		123		true
n00563	8	0.9800	n02627		69		true
n00564	8	0.9800	n04469		104		true
n00565	8	0.9800	n01421		75		true
n00566	8	0.9800	n03613 n05010		182		true
n00567	8	0.9800	n04377 n04469		67		true
n00568	8	0.9800	n01421		41		true
n00569	8	0.9800	n03613		39		true
n00570	8	0.9800	n03613		63		true
n00571	8	0.9800	n03820		257		true
n00572	8	0.9800	n04469		94		true
n00573	8	0.9800	n04469		77		true
n00574	9	0.9800	n02627		107		true
n00575	8	0.9800	n04469		83		true
n00576	8	0.9800	n01421		73		true
n00577	8	0.9800	n01421		148		true
n00578	8	0.9800	n01421		272		true
n00579	8	0.9800	n03507		98		true
n00580	7	0.9800	n01421 n02628		483		true
n00581	7	0.9800	n04469 n04754		82		true
n00582	7	0.9800	n01421		143		true
n00583	7	0.9800	n04469 n05134		45		true
n00584	7	0.9800	n03613		99		true
n00585	7	0.9800	n04925 n05122		86		true
n00586	7	0.9800	n04469		15		true
n00587	7	0.9800	n04469		90		true
n00588	7	0.9800	n04469		229		true
n00589	7	0.9800	n04469		632		true
n00590	7	0.9800	n04469		61		true
n00591	7	0.9800	n04469		58		true
n00592	7	0.9800	n01421		33		true
n00593	6	0.9800	n03613		44		true
n00594	6	0.9800	n03613		6		true
n00595	6	0.9800	n03636		192		true
n00596	6	0.9800	n03393 n04216		140		true
n00597	6	0.9800	n01608		275		true
n00598	6	0.9800	n03613		285		true
n00599	6	0.9800	n02538 n03613		98		true
n00600	6	0.9800	n03613		52		true
n00601	6	0.9800	n01421		118		true
n00602	6	0.9800	n04469		27		true
n00603	6	0.9800	n04469		189		true
n00604	6	0.9800	n05122		165		true
n00605	6	0.9800	n03613		35		true
n00606	6	0.9800	n01608		139		true
n00607	6	0.9800	n01421		100		true
n00608	6	0.9800	n04191 n04426		520		true
n00609	6	0.9800	n04469		73		true
n00610	6	0.9800	n00691		95		true
n00611	6	0.9800	n03648 n05401		178		true
n00612	6	0.9800	n04469		10		true
n00613	6	0.9800	n01421		50		true
n00614	6	0.9800	n01421		43		true
n00615	6	0.9800	n03613		387		true
n00616	6	0.9800	n03613		547		true
n00617	6	0.9800	n03613		87		true
n00618	5	0.9800	n02627		34		true
n00619	5	0.9800	n02627		97		true
n00620	5	0.9800	n02627 n03380		57		true
n00621	5	0.9800	n04469		57		true
n00622	5	0.9800	n03613		61		true
n00623	5	0.9800	n04377 n04469		57		true
n00624	5	0.9800	n03769 n04614		494		true
n00625	5	0.9800	n02627		27		true
n00626	5	0.9800	n04469		30		true
n00627	5	0.9800	n01421 n02628		145		true
n00628	5	0.9800	n02627		197		true
n00629	5	0.9800	n03747		75		true
n00630	5	0.9800	n02627		89		true
n00631	5	0.9800	n03613		224		true
n00632	5	0.9800	n03613 n04191		87		true
n00633	5	0.9800	n04469		106		true
n00634	5	0.9800	n04469		22		true
n00635	5	0.9800	n02627		108		true
n00636	5	0.9800	n03613		58		true
n00637	5	0.9800	n02627		455		true
n00638	5	0.9800	n03613		434		true
n00639	5	0.9800	n04469		1508		true
n00640	5	0.9800	n03613		57		true
n00641	5	0.9800	n01421		179		true
n00642	5	0.9800	n03613 n04895		129		true
n00643	5	0.9800	n04469		59		true
n00644	4	0.9800	n01421		61		true
n00645	4	0.9800	n03613		111		true
n00646	4	0.9800	n03889		92		true
n00647	4	0.9800	n04469		13		true
n00648	4	0.9800	n03613		38		true
n00649	4	0.9800	n03613		43		true
n00650	4	0.9800	n03613		17		true
n00651	4	0.9800	n04469		30		true
n00652	4	0.9800	n03613		70		true
n00653	4	0.9800	n04469		11		true
n00654	4	0.9800	n04469		34		true
n00655	4	0.9800	n03613		35		true
n00656	4	0.9800	n01421		27		true
n00657	4	0.9800	n01421		50		true
n00658	4	0.9800	n03613		69		true
n00659	3	0.9800	n04469		106		true
n00660	3	0.9800	n03613 n05331		32		true
n00661	3	0.9800	n01421 n03649 n04436		23		true
n00662	6	0.9798	n04469		27		true
n00663	5	0.9798	n04469		61		true
n00664	5	0.9798	n04469		11		true
n00665	5	0.9798	n04469		99		true
n00666	5	0.9798	n01421		199		true
n00667	4	0.9798	n02627		3		true
n00668	4	0.9798	n03820		66		true
n00669	4	0.9798	n03613 n05395		49		true
n00670	4	0.9798	n03613		35		true
n00671	4	0.9798	n04917		72		true
n00672	4	0.9798	n04469		12		true
n00673	5	0.9796	n04469		49		true
n00674	4	0.9796	n01421 n02628		159		true
n00675	4	0.9796	n04469		11		true
n00676	3	0.9796	n04469		44		true
n00677	3	0.9796	n04469		347		true
n00678	5	0.9794	n04469		43		true
n00679	4	0.9794	n03820		13		true
n00680	4	0.9794	n03613		60		true
n00681	4	0.9794	n02627		26		true
n00682	3	0.9794	n03613		28		true
n00683	3	0.9794	n04469		143		true
n00684	5	0.9789	n02627		78		true
n00685	3	0.9789	n04469		25		true
n00686	3	0.9789	n04469		34		true
n00687	3	0.9785	n03613		134		true
n00688	3	0.9783	n04469		13		true
n00689	3	0.9778	n01421		142		true
n00690	3	0.9770	n03904 n04058		210		true
n00691	44	0.9700		n00021 n00367 n00610 n00875 n01288 n01416 n01473 n01611 n01626 n01705 n01878 n02582 n03071 n03251 n03388 n03646 n03651 n03753 n04284 n04659 n05230	1178		true
n00692	34	0.9700	n03613		1151		true
n00693	30	0.9700	n03613 n04918		353		true
n00694	23	0.9700	n02627		458		true
n00695	21	0.9700	n03613		986		true
n00696	20	0.9700	n04917		907		true
n00697	17	0.9700	n02627		241		true
n00698	17	0.9700	n02589 n03613		236		true
n00699	16	0.9700	n03613 n04190		125		true
n00700	16	0.9700	n04469		467		true
n00701	14	0.9700	n04469		20		true
n00702	14	0.9700	n02627		202		true
n00703	14	0.9700	n04469		115		true
n00704	14	0.9700	n04469		280		true
n00705	13	0.9700	n03613 n04469 n05331		37		true
n00706	12	0.9700	n03613		78		true
n00707	12	0.9700	n03613		74		true
n00708	14	0.9700	n04469		40		true
n00709	12	0.9700	n04196		1494		true
n00710	13	0.9700	n04469		184		true
n00711	11	0.9700	n04469		73		true
n00712	12	0.9700	n04469		129		true
n00713	11	0.9700	n04469		81		true
n00714	10	0.9700	n03137		303		true
n00715	10	0.9700	n04469		75		true
n00716	9	0.9700	n03613		239		true
n00717	10	0.9700	n01421 n02628		72		true
n00718	9	0.9700	n05042		177		true
n00719	10	0.9700	n04469 n04920		320		true
n00720	9	0.9700	n03613		220		true
n00721	10	0.9700	n03613		189		true
n00722	9	0.9700	n01421		167		true
n00723	8	0.9700	n03613 n05331		225		true
n00724	8	0.9700	n03517		655		true
n00725	7	0.9700	n02627		389		true
n00726	7	0.9700	n01421		141		true
n00727	7	0.9700	n04469		67		true
n00728	7	0.9700	n04469		145		true
n00729	7	0.9700	n03613		193		true
n00730	7	0.9700	n04469		110		true
n00731	7	0.9700	n02627		146		true
n00732	7	0.9700	n04469		562		true
n00733	7	0.9700	n03613		44		true
n00734	8	0.9700	n04469		92		true
n00735	7	0.9700	n03613		422		true
n00736	7	0.9700	n02627		95		true
n00737	6	0.9700	n03613 n04469 n05331		6		true
n00738	6	0.9700	n00938 n03767		61		true
n00739	6	0.9700	n05350		23		true
n00740	6	0.9700	n03331 n04469		288		true
n00741	6	0.9700	n04469		193		true
n00742	6	0.9700	n02627		50		true
n00743	6	0.9700	n03613		37		true
n00744	6	0.9700	n04469		24		true
n00745	6	0.9700	n04469		95		true
n00746	6	0.9700	n04469		52		true
n00747	6	0.9700	n03613		269		true
n00748	6	0.9700	n04469		49		true
n00749	6	0.9700	n04469		275		true
n00750	6	0.9700	n04469		30		true
n00751	6	0.9700	n03613		302		true
n00752	6	0.9700	n01421		158		true
n00753	5	0.9700	n03507		98		true
n00754	5	0.9700	n03747		369		true
n00755	5	0.9700	n01421		75		true
n00756	5	0.9700	n04925 n05122		29		true
n00757	5	0.9700	n04469		312		true
n00758	5	0.9700	n03613		23		true
n00759	5	0.9700	n04469		57		true
n00760	5	0.9700	n01421		32		true
n00761	5	0.9700	n03613		44		true
n00762	5	0.9700	n03613		196		true
n00763	5	0.9700	n03613		78		true
n00764	5	0.9700	n04469		51		true
n00765	5	0.9700	n03613 n04469 n05047		152		true
n00766	5	0.9700	n01421		15		true
n00767	5	0.9700	n04469		356		true
n00768	5	0.9700	n02627		525		true
n00769	5	0.9700	n03613		270		true
n00770	4	0.9700	n02627		5		true
n00771	4	0.9700	n02601		68		true
n00772	4	0.9700	n01421		18		true
n00773	4	0.9700	n04469		33		true
n00774	4	0.9700	n03613		165		true
n00775	4	0.9700	n01421		86		true
n00776	4	0.9700	n03613		1712		true
n00777	4	0.9700	n01421		574		true
n00778	4	0.9700	n04469		38		true
n00779	4	0.9700	n04789 n04960 n05296		63		true
n00780	4	0.9700	n04469		14		true
n00781	4	0.9700	n04469		209		true
n00782	4	0.9700	n04469		27		true
n00783	4	0.9700	n03613		22		true
n00784	4	0.9700	n03613 n04047		54		true
n00785	4	0.9700	n03613		282		true
n00786	4	0.9700	n02627		76		true
n00787	3	0.9700	n03613		14		true
n00788	3	0.9700	n04469		19		true
n00789	5	0.9697	n01421 n02628		74		true
n00790	5	0.9697	n01421		50		true
n00791	5	0.9697	n04469		504		true
n00792	5	0.9697	n03265 n04051		74		true
n00793	5	0.9697	n04920		312		true
n00794	5	0.9697	n03613		48		true
n00795	5	0.9697	n04469		142		true
n00796	4	0.9697	n00043 n04469		63		true
n00797	4	0.9697	n01421		64		true
n00798	4	0.9697	n04469		270		true
n00799	4	0.9697	n03613		12		true
n00800	4	0.9697	n04469		21		true
n00801	4	0.9697	n03613		33		true
n00802	4	0.9697	n03613		174		true
n00803	4	0.9697	n02627		168		true
n00804	3	0.9697	n01421		358		true
n00805	3	0.9697	n04469		15		true
n00806	6	0.9694	n03613		84		true
n00807	5	0.9694	n03613 n04190 n04728		11		true
n00808	4	0.9694	n03613		121		true
n00809	4	0.9694	n01421		116		true
n00810	4	0.9694	n04469		99		true
n00811	4	0.9694	n03820		43		true
n00812	4	0.9694	n01421		20		true
n00813	3	0.9694	n04469		8		true
n00814	5	0.9691	n04469 n05331		13		true
n00815	4	0.9691	n02627		137		true
n00816	3	0.9691	n01421		115		true
n00817	5	0.9688	n02627		40		true
n00818	3	0.9688	n01421 n02628		1		true
n00819	3	0.9681	n01421 n02628		367		true
n00820	4	0.9677	n03613		75		true
n00821	3	0.9670	n02627		48		true
n00822	4	0.9655	n03613		61		true
n00823	36	0.9600	n03613		246		true
n00824	33	0.9600	n03613		296		true
n00825	21	0.9600	n03613		248		true
n00826	20	0.9600	n03613		230		true
n00827	17	0.9600	n03613		1314		true
n00828	17	0.9600	n02627		231		true
n00829	17	0.9600	n04469		26		true
n00830	18	0.9600	n01421		391		true
n00831	14	0.9600	n04469		49		true
n00832	13	0.9600	n04469		118		true
n00833	12	0.9600	n02627		363		true
n00834	11	0.9600	n03613		98		true
n00835	11	0.9600	n04469		344		true
n00836	11	0.9600	n03613 n04742		285		true
n00837	13	0.9600	n03613 n04918		306		true
n00838	12	0.9600	n02627		1391		true
n00839	10	0.9600	n04469		48		true
n00840	10	0.9600	n03613 n04469 n05331		37		true
n00841	10	0.9600	n02627		41		true
n00842	10	0.9600	n04469		607		true
n00843	11	0.9600	n04469		610		true
n00844	9	0.9600	n03747		137		true
n00845	9	0.9600	n03331 n04469		288		true
n00846	10	0.9600	n01421 n04670		398		true
n00847	9	0.9600	n01421		180		true
n00848	7	0.9600	n03613		163		true
n00849	7	0.9600	n04469		197		true
n00850	7	0.9600	n03904 n04058		801		true
n00851	7	0.9600	n04469		47		true
n00852	8	0.9600	n04469		78		true
n00853	7	0.9600	n04469		414		true
n00854	7	0.9600	n04469		108		true
n00855	7	0.9600	n04469		44		true
n00856	7	0.9600	n04469		35		true
n00857	7	0.9600	n04469		70		true
n00858	6	0.9600	n01421		116		true
n00859	6	0.9600	n02627		47		true
n00860	6	0.9600	n01421 n02628		127		true
n00861	6	0.9600	n03613		59		true
n00862	6	0.9600	n03613		75		true
n00863	6	0.9600	n04469		23		true
n00864	6	0.9600	n04469 n05331		27		true
n00865	6	0.9600	n03613		246		true
n00866	6	0.9600	n04917		468		true
n00867	6	0.9600	n04469		271		true
n00868	6	0.9600	n04469		24		true
n00869	6	0.9600	n02627		134		true
n00870	6	0.9600	n01421		30		true
n00871	6	0.9600	n01421 n02627		388		true
n00872	6	0.9600	n04330 n04920		138		true
n00873	5	0.9600	n01421 n03046		27		true
n00874	5	0.9600	n04469		291		true
n00875	5	0.9600	n00691		30		true
n00876	5	0.9600	n01421		43		true
n00877	5	0.9600	n03613		237		true
n00878	5	0.9600	n03613		19		true
n00879	5	0.9600	n03613		68		true
n00880	5	0.9600	n03613		108		true
n00881	5	0.9600	n04469		63		true
n00882	5	0.9600	n03613		238		true
n00883	5	0.9600	n03000 n04225		132		true
n00884	5	0.9600	n04469		11		true
n00885	5	0.9600	n01421		28		true
n00886	5	0.9600	n02627		97		true
n00887	5	0.9600	n03613		34		true
n00888	5	0.9600	n03613		114		true
n00889	4	0.9600	n03613		15		true
n00890	4	0.9600			30		true
n00891	4	0.9600	n02627		19		true
n00892	4	0.9600	n03613		238		true
n00893	4	0.9600	n04469		15		true
n00894	4	0.9600	n01421		139		true
n00895	4	0.9600	n04469		468		true
n00896	4	0.9600	n04469		58		true
n00897	4	0.9600	n04469		1543		true
n00898	4	0.9600	n04469		17		true
n00899	4	0.9600	n02627		114		true
n00900	4	0.9600	n02627		68		true
n00901	4	0.9600	n04469		16		true
n00902	4	0.9600	n04469		333		true
n00903	4	0.9600	n01421		21		true
n00904	4	0.9600	n02627		72		true
n00905	4	0.9600	n01421		104		true
n00906	3	0.9600	n01421		104		true
n00907	3	0.9600	n01608 n03337		23		true
n00908	3	0.9600	n03613		153		true
n00909	3	0.9600	n03613		52		true
n00910	5	0.9596	n04469		12		true
n00911	5	0.9596	n02627		200		true
n00912	4	0.9596	n01421		19		true
n00913	4	0.9596	n04469		22		true
n00914	4	0.9596	n03613		109		true
n00915	3	0.9596	n01421		156		true
n00916	3	0.9596	n02627		41		true
n00917	3	0.9596	n01421		81		true
n00918	3	0.9596	n04213 n04469		601		true
n00919	4	0.9592	n04469 n04754		69		true
n00920	4	0.9592	n04469		141		true
n00921	3	0.9592	n03613		151		true
n00922	3	0.9592	n03613		774		true
n00923	3	0.9592	n04469		362		true
n00924	3	0.9592	n01421		26		true
n00925	4	0.9588	n03613		19		true
n00926	3	0.9588	n03613		22		true
n00927	3	0.9588	n01421 n03905		29		true
n00928	3	0.9588	n01421		104		true
n00929	4	0.9583	n01421 n03046		23		true
n00930	4	0.9583	n01421		51		true
n00931	4	0.9583	n03613		87		true
n00932	4	0.9579	n01421		18		true
n00933	3	0.9579	n02627		1		true
n00934	3	0.9574	n03613		25		true
n00935	3	0.9574	n03613		18		true
n00936	4	0.9540	n01421		19		true
n00937	3	0.9529	n03435 n04469 n05134		120		true
n00938	53	0.9500		n00456 n00738 n00940 n01548 n01911 n01912 n01942 n02073 n02142 n02256 n02302 n02355 n02402 n02440 n02639 n02714 n03103 n03378 n03430 n03490 n03894 n03908 n03970 n03982 n04005 n04099 n05102 n05159 n05283 n05377	652		true
n00939	45	0.9500	n04469		171		true
n00940	37	0.9500	n00938		481		true
n00941	22	0.9500	n02627		169		true
n00942	22	0.9500	n02627		273		true
n00943	20	0.9500	n04469		443		true
n00944	18	0.9500	n03613		100		true
n00945	16	0.9500	n04469		290		true
n00946	14	0.9500	n01421 n04670		399		true
n00947	11	0.9500	n03613		212		true
n00948	11	0.9500	n03613		53		true
n00949	11	0.9500	n04469		2670		true
n00950	11	0.9500	n03507		102		true
n00951	11	0.9500	n01421		157		true
n00952	10	0.9500	n04469 n05331		25		true
n00953	11	0.9500	n04469		2410		true
n00954	10	0.9500	n03613		439		true
n00955	12	0.9500	n04469		204		true
n00956	9	0.9500	n04469		17		true
n00957	9	0.9500	n04469		186		true
n00958	9	0.9500	n04469		416		true
n00959	9	0.9500	n01421		50		true
n00960	8	0.9500	n01421 n02628		164		true
n00961	8	0.9500	n03613		137		true
n00962	8	0.9500	n01421		313		true
n00963	8	0.9500	n01421		298		true
n00964	8	0.9500	n03613		191		true
n00965	9	0.9500	n04469		56		true
n00966	8	0.9500	n04196		525		true
n00967	8	0.9500	n05147		110		true
n00968	8	0.9500	n03613		95		true
n00969	9	0.9500	n04469		385		true
n00970	7	0.9500	n03613		302		true
n00971	7	0.9500	n03613		26		true
n00972	7	0.9500	n04469		91		true
n00973	7	0.9500	n04469		41		true
n00974	7	0.9500	n03613		45		true
n00975	7	0.9500	n03613		252		true
n00976	7	0.9500	n04509 n04917		157		true
n00977	7	0.9500	n03613 n04190		101		true
n00978	7	0.9500	n03613		403		true
n00979	7	0.9500	n03613		71		true
n00980	7	0.9500	n03589 n04947		84		true
n00981	6	0.9500	n01421 n03613		48		true
n00982	6	0.9500	n03613		25		true
n00983	6	0.9500	n02855		114		true
n00984	6	0.9500	n03613		228		true
n00985	6	0.9500	n03613		23		true
n00986	6	0.9500	n03850 n04469		44		true
n00987	6	0.9500	n03822		142		true
n00988	6	0.9500	n04469		74		true
n00989	6	0.9500	n04469		67		true
n00990	6	0.9500	n02627		1346		true
n00991	6	0.9500	n04469 n05331		42		true
n00992	6	0.9500	n04469		174		true
n00993	6	0.9500	n03613		92		true
n00994	6	0.9500	n02627		191		true
n00995	6	0.9500	n01421		146		true
n00996	5	0.9500	n03613		73		true
n00997	5	0.9500	n04469		38		true
n00998	5	0.9500	n04469		28		true
n00999	5	0.9500	n03500 n04052		74		true
n01000	5	0.9500	n04469 n05010 n05331		13		true
n01001	5	0.9500	n03613		848		true
n01002	5	0.9500	n02627		151		true
n01003	5	0.9500	n03613		185		true
n01004	5	0.9500	n04469		75		true
n01005	5	0.9500	n02627		54		true
n01006	5	0.9500	n04469		48		true
n01007	5	0.9500	n04469		90		true
n01008	5	0.9500	n01421		218		true
n01009	5	0.9500	n01421		79		true
n01010	5	0.9500	n03613		91		true
n01011	5	0.9500	n03613 n04276		173		true
n01012	4	0.9500	n02627		75		true
n01013	4	0.9500	n03613 n05010		173		true
n01014	4	0.9500	n01421 n03857		110		true
n01015	4	0.9500	n04469		285		true
n01016	4	0.9500	n05364		154		true
n01017	4	0.9500	n03613		482		true
n01018	4	0.9500	n04925 n05122		85		true
n01019	4	0.9500	n04469		114		true
n01020	4	0.9500	n03613 n04191		291		true
n01021	4	0.9500	n04469		160		true
n01022	4	0.9500	n04469		33		true
n01023	4	0.9500	n03000		106		true
n01024	4	0.9500	n04469		15		true
n01025	4	0.9500	n04469		26		true
n01026	4	0.9500	n04377 n04469 n04709		951		true
n01027	4	0.9500	n03613		50		true
n01028	4	0.9500	n04469		35		true
n01029	4	0.9500	n02627		137		true
n01030	4	0.9500	n02627 n04276		385		true
n01031	4	0.9500	n03613		111		true
n01032	4	0.9500	n03613		29		true
n01033	4	0.9500	n03613		55		true
n01034	4	0.9500	n01421		247		true
n01035	4	0.9500	n03613		208		true
n01036	3	0.9500	n03613		33		true
n01037	3	0.9500	n04469		21		true
n01038	3	0.9500	n04469		302		true
n01039	3	0.9500	n01421		250		true
n01040	7	0.9495	n04469		62		true
n01041	6	0.9495	n03613		62		true
n01042	5	0.9495	n03152 n04496 n04687		86		true
n01043	5	0.9495	n02627		69		true
n01044	5	0.9495	n03613		52		true
n01045	5	0.9495	n03613		161		true
n01046	4	0.9495	n03613		20		true
n01047	4	0.9495	n04917		54		true
n01048	4	0.9495	n03613 n04227 n04918		86		true
n01049	4	0.9495	n04469		7		true
n01050	4	0.9495	n02627		19		true
n01051	4	0.9495	n02201 n02627 n04947		65		true
n01052	3	0.9495	n03613		16		true
n01053	3	0.9495	n03613		17		true
n01054	3	0.9495	n02183		21		true
n01055	3	0.9495	n04330 n04920		108		true
n01056	3	0.9495	n02627 n04276		17		true
n01057	3	0.9495	n02627		241		true
n01058	6	0.9490	n03613		70		true
n01059	5	0.9490	n03613		105		true
n01060	4	0.9490	n02627		414		true
n01061	4	0.9490	n03613		319		true
n01062	4	0.9490	n04469		33		true
n01063	4	0.9490	n04469		251		true
n01064	3	0.9490	n01421		29		true
n01065	3	0.9490	n02627		22		true
n01066	3	0.9490	n04469		41		true
n01067	4	0.9485	n03580		15		true
n01068	4	0.9485	n04469		128		true
n01069	3	0.9485	n03613		517		true
n01070	3	0.9479	n04469		9		true
n01071	3	0.9479	n04469		33		true
n01072	3	0.9479	n04469		17		true
n01073	3	0.9474	n04469		1		true
n01074	4	0.9468	n03613		18		true
n01075	4	0.9468	n01421		40		true
n01076	4	0.9438	n03613		43		true
n01077	3	0.9437	n04469		166		true
n01078	3	0.9432	n03613		20		true
n01079	45	0.9400	n02627		516		true
n01080	48	0.9400	n04469		535		true
n01081	32	0.9400	n04469		90		true
n01082	29	0.9400	n02627		1778		true
n01083	27	0.9400	n04469		208		true
n01084	24	0.9400	n03613		54		true
n01085	23	0.9400	n03137		380		true
n01086	17	0.9400	n03822 n03904		283		true
n01087	15	0.9400	n04469		90		true
n01088	15	0.9400	n02627		132		true
n01089	15	0.9400	n04469		78		true
n01090	13	0.9400	n03613		103		true
n01091	14	0.9400	n03613		154		true
n01092	13	0.9400	n03613		139		true
n01093	12	0.9400	n04469		287		true
n01094	11	0.9400	n01421		479		true
n01095	11	0.9400	n04469		85		true
n01096	10	0.9400	n01421		149		true
n01097	12	0.9400	n03613		78		true
n01098	10	0.9400	n04469		89		true
n01099	10	0.9400	n04469		61		true
n01100	10	0.9400	n01421		308		true
n01101	11	0.9400	n03613		113		true
n01102	11	0.9400	n03613		155		true
n01103	9	0.9400	n00043 n04469		63		true
n01104	9	0.9400	n03613		856		true
n01105	9	0.9400	n04469		204		true
n01106	10	0.9400	n04469		23		true
n01107	9	0.9400	n02321 n04918		110		true
n01108	9	0.9400	n03613		363		true
n01109	9	0.9400	n01421		91		true
n01110	8	0.9400	n03152 n04496 n04687		204		true
n01111	8	0.9400	n04469 n04728		28		true
n01112	8	0.9400	n01923 n05173		65		true
n01113	8	0.9400	n03613		76		true
n01114	10	0.9400	n04469		63		true
n01115	8	0.9400	n04469		85		true
n01116	8	0.9400	n05364		252		true
n01117	8	0.9400	n04469		110		true
n01118	7	0.9400	n04469		6		true
n01119	7	0.9400	n01608 n03337		74		true
n01120	7	0.9400	n02627		81		true
n01121	7	0.9400	n04469		446		true
n01122	7	0.9400	n02628 n04839		58		true
n01123	7	0.9400	n02627		57		true
n01124	7	0.9400	n01421		114		true
n01125	7	0.9400	n01421		157		true
n01126	6	0.9400	n04469		11		true
n01127	6	0.9400	n03613		40		true
n01128	6	0.9400	n03613		27		true
n01129	6	0.9400	n03613		35		true
n01130	6	0.9400	n03613 n04047		261		true
n01131	6	0.9400	n04469		70		true
n01132	6	0.9400	n04469		140		true
n01133	6	0.9400	n04469		443		true
n01134	6	0.9400	n03822 n03904		163		true
n01135	6	0.9400	n02627		2573		true
n01136	6	0.9400	n02627		104		true
n01137	6	0.9400	n03613		696		true
n01138	6	0.9400	n04496 n04735		238		true
n01139	6	0.9400	n01421		180		true
n01140	6	0.9400	n02627		200		true
n01141	5	0.9400	n02627		96		true
n01142	5	0.9400	n04469		38		true
n01143	5	0.9400	n01421 n04670		103		true
n01144	5	0.9400	n03613		41		true
n01145	5	0.9400	n04469		39		true
n01146	5	0.9400	n03613		781		true
n01147	5	0.9400	n04469		10		true
n01148	5	0.9400	n02627		89		true
n01149	5	0.9400	n05122		744		true
n01150	4	0.9400	n02627 n05201		33		true
n01151	4	0.9400	n02627		42		true
n01152	4	0.9400	n04469		12		true
n01153	4	0.9400	n02877		329		true
n01154	4	0.9400	n01421		80		true
n01155	4	0.9400	n01421		114		true
n01156	4	0.9400	n02589 n03613		113		true
n01157	4	0.9400	n04469		15		true
n01158	4	0.9400	n04469		70		true
n01159	4	0.9400	n02627		258		true
n01160	4	0.9400	n01421 n04079		390		true
n01161	4	0.9400	n01421 n03613 n05028		47		true
n01162	4	0.9400	n04058 n04469		20		true
n01163	4	0.9400	n03613		53		true
n01164	4	0.9400	n04469		128		true
n01165	4	0.9400	n04469		401		true
n01166	4	0.9400	n03889		1159		true
n01167	4	0.9400	n03507		235		true
n01168	4	0.9400	n03613		111		true
n01169	3	0.9400	n03613		8		true
n01170	3	0.9400	n04420 n04754		10		true
n01171	3	0.9400	n03613 n04521		143		true
n01172	3	0.9400	n03137		90		true
n01173	3	0.9400	n01421		16		true
n01174	3	0.9400	n03613		13		true
n01175	3	0.9400	n04469		64		true
n01176	3	0.9400	n04469		36		true
n01177	3	0.9400	n02627		27		true
n01178	7	0.9394	n03613 n03767		167		true
n01179	5	0.9394	n02627		45		true
n01180	5	0.9394	n04469		21		true
n01181	4	0.9394	n05122		84		true
n01182	4	0.9394	n04624		24		true
n01183	4	0.9394	n03613		40		true
n01184	4	0.9394	n04469		197		true
n01185	4	0.9394	n04469		1779		true
n01186	3	0.9394	n03380 n03747		44		true
n01187	3	0.9394	n01608		99		true
n01188	3	0.9394	n03613		31		true
n01189	3	0.9394	n03613		19		true
n01190	3	0.9394	n03613		244		true
n01191	3	0.9394	n04469		21		true
n01192	3	0.9394	n01421		385		true
n01193	4	0.9388	n03613		19		true
n01194	3	0.9388	n03613		97		true
n01195	3	0.9388	n04469		10		true
n01196	3	0.9383	n04469		13		true
n01197	4	0.9381	n04469		4		true
n01198	4	0.9381	n04469		29		true
n01199	4	0.9381	n04469		31		true
n01200	3	0.9381	n03613		17		true
n01201	3	0.9381	n03613		44		true
n01202	3	0.9381	n01421		85		true
n01203	3	0.9375	n04469		11		true
n01204	3	0.9375	n04469		302		true
n01205	3	0.9375	n01421		33		true
n01206	3	0.9368	n02627		193		true
n01207	3	0.9368	n03613		33		true
n01208	4	0.9324	n04469		22		true
n01209	30	0.9300	n01421		341		true
n01210	29	0.9300	n03613		930		true
n01211	29	0.9300	n02627		233		true
n01212	30	0.9300	n03613		677		true
n01213	25	0.9300	n02627		107		true
n01214	23	0.9300	n03613 n04190		182		true
n01215	19	0.9300	n04469		39		true
n01216	15	0.9300	n03613 n04047		306		true
n01217	14	0.9300	n03613		344		true
n01218	13	0.9300	n04469		248		true
n01219	12	0.9300	n02627		447		true
n01220	12	0.9300	n02627		132		true
n01221	11	0.9300	n03613		363		true
n01222	12	0.9300	n04469		85		true
n01223	11	0.9300	n04469		40		true
n01224	10	0.9300	n02627		234		true
n01225	9	0.9300	n04469		388		true
n01226	9	0.9300	n03613		130		true
n01227	8	0.9300	n01421 n05142		730		true
n01228	8	0.9300	n03613		45		true
n01229	8	0.9300	n03613 n04047		83		true
n01230	8	0.9300	n02627		74		true
n01231	7	0.9300	n04469		37		true
n01232	7	0.9300	n03613		110		true
n01233	7	0.9300	n05350		323		true
n01234	7	0.9300	n03613		135		true
n01235	7	0.9300	n04469		37		true
n01236	7	0.9300	n02627		58		true
n01237	7	0.9300	n03613		322		true
n01238	8	0.9300	n03613		1088		true
n01239	7	0.9300	n04469		26		true
n01240	6	0.9300	n03613		55		true
n01241	6	0.9300	n03613		167		true
n01242	6	0.9300	n05122		2076		true
n01243	6	0.9300	n04469		49		true
n01244	6	0.9300	n01421		21		true
n01245	6	0.9300	n01421		24		true
n01246	6	0.9300	n03137		84		true
n01247	5	0.9300	n03613		42		true
n01248	5	0.9300	n03613		13		true
n01249	5	0.9300	n03636		483		true
n01250	5	0.9300	n03613		192		true
n01251	5	0.9300	n04196		520		true
n01252	5	0.9300	n04469		40		true
n01253	5	0.9300	n03889		469		true
n01254	4	0.9300	n04469		4		true
n01255	4	0.9300	n03613		15		true
n01256	4	0.9300	n04469		56		true
n01257	4	0.9300	n03613		46		true
n01258	4	0.9300	n05421		23		true
n01259	4	0.9300	n01421		119		true
n01260	4	0.9300	n02627		168		true
n01261	4	0.9300	n04469		30		true
n01262	4	0.9300	n04377 n04469		182		true
n01263	4	0.9300	n03613		872		true
n01264	4	0.9300	n03613		139		true
n01265	4	0.9300	n03613		180		true
n01266	4	0.9300	n04469		1894		true
n01267	4	0.9300	n04469		22		true
n01268	4	0.9300	n05122		53		true
n01269	4	0.9300	n04469		20		true
n01270	4	0.9300	n04469 n04896		132		true
n01271	4	0.9300	n04469		175		true
n01272	4	0.9300	n04469		171		true
n01273	4	0.9300	n04469		49		true
n01274	4	0.9300	n03613		168		true
n01275	4	0.9300	n03613		95		true
n01276	4	0.9300	n03889 n04670		62		true
n01277	4	0.9300	n04469		17		true
n01278	3	0.9300	n04469		26		true
n01279	3	0.9300	n03613		16		true
n01280	3	0.9300	n03613		1170		true
n01281	3	0.9300	n03468 n03500 n04196		391		true
n01282	3	0.9300	n02627		39		true
n01283	3	0.9300	n03613		57		true
n01284	3	0.9300	n03613		15		true
n01285	6	0.9293	n04469		24		true
n01286	5	0.9293	n01421 n02628		17		true
n01287	4	0.9293	n02855		30		true
n01288	4	0.9293	n00691		59		true
n01289	4	0.9293	n01421		150		true
n01290	3	0.9293	n03613		444		true
n01291	3	0.9293	n02627		20		true
n01292	4	0.9286	n00043		18		true
n01293	4	0.9286	n03613		17		true
n01294	4	0.9286	n01421		141		true
n01295	4	0.9286	n04469		361		true
n01296	4	0.9286	n04469		535		true
n01297	3	0.9286	n02627		160		true
n01298	3	0.9286	n02855		51		true
n01299	3	0.9286	n04469		21		true
n01300	3	0.9286	n03613		322		true
n01301	3	0.9286	n03613		102		true
n01302	3	0.9286	n01421		1327		true
n01303	3	0.9278	n01421		139		true
n01304	3	0.9278	n02627		14		true
n01305	3	0.9278	n04469		36		true
n01306	3	0.9278	n04469		12		true
n01307	3	0.9277	n04469		22		true
n01308	3	0.9271	n04469		23		true
n01309	3	0.9263	n03613		28		true
n01310	3	0.9255	n03613		52		true
n01311	4	0.9213	n03613		67		true
n01312	3	0.9213	n02627 n03765		30		true
n01313	3	0.9213	n04469 n05134		45		true
n01314	52	0.9200	n03613		180		true
n01315	27	0.9200	n01421 n02628		1612		true
n01316	25	0.9200	n03613		1354		true
n01317	25	0.9200	n01421 n03905		236		true
n01318	22	0.9200	n04469		210		true
n01319	23	0.9200	n03623 n04469		131		true
n01320	20	0.9200	n03613 n04918		200		true
n01321	14	0.9200	n01421		87		true
n01322	13	0.9200	n03613		283		true
n01323	12	0.9200	n02627		536		true
n01324	11	0.9200	n02627		145		true
n01325	10	0.9200	n02627		82		true
n01326	10	0.9200	n03000		240		true
n01327	10	0.9200	n03613		88		true
n01328	9	0.9200	n03850 n04469		95		true
n01329	9	0.9200	n03613		122		true
n01330	10	0.9200	n04469		137		true
n01331	9	0.9200	n02627		182		true
n01332	9	0.9200	n01421		140		true
n01333	9	0.9200	n04469		112		true
n01334	9	0.9200	n04469		64		true
n01335	8	0.9200	n00043		18		true
n01336	8	0.9200	n03613		98		true
n01337	8	0.9200	n04469		77		true
n01338	8	0.9200	n04469		29		true
n01339	8	0.9200	n04469		25		true
n01340	7	0.9200	n04469		113		true
n01341	7	0.9200	n04058 n04469		81		true
n01342	7	0.9200	n03613 n05395		78		true
n01343	7	0.9200	n03613 n03980		1836		true
n01344	7	0.9200	n02627		479		true
n01345	6	0.9200	n03613		21		true
n01346	6	0.9200	n01421		94		true
n01347	6	0.9200	n03623 n04469		40		true
n01348	6	0.9200	n04469		664		true
n01349	6	0.9200	n03000		186		true
n01350	6	0.9200	n03613		53		true
n01351	6	0.9200	n01421		47		true
n01352	6	0.9200	n03613		153		true
n01353	6	0.9200	n01421		43		true
n01354	6	0.9200	n03613		124		true
n01355	5	0.9200	n04469		103		true
n01356	5	0.9200	n05275		50		true
n01357	5	0.9200	n03613		78		true
n01358	5	0.9200	n03613		126		true
n01359	5	0.9200	n04469		55		true
n01360	5	0.9200	n04469		21		true
n01361	5	0.9200	n03613		72		true
n01362	5	0.9200	n03822 n04213		38		true
n01363	5	0.9200	n02627		1065		true
n01364	5	0.9200	n01421		34		true
n01365	5	0.9200	n01421		1938		true
n01366	4	0.9200	n03613		57		true
n01367	4	0.9200	n03613		92		true
n01368	4	0.9200	n03613		145		true
n01369	4	0.9200	n05350		306		true
n01370	4	0.9200	n04469		85		true
n01371	4	0.9200	n03613		38		true
n01372	4	0.9200	n02627 n04276		15		true
n01373	4	0.9200	n04469		28		true
n01374	4	0.9200	n03613 n05094		56		true
n01375	4	0.9200	n03896 n04469		13		true
n01376	4	0.9200	n04469		34		true
n01377	4	0.9200	n03166 n03980 n04079		2591		true
n01378	4	0.9200	n04469		43		true
n01379	4	0.9200	n04058 n04469		129		true
n01380	4	0.9200	n01531 n02627		150		true
n01381	4	0.9200	n04469		90		true
n01382	4	0.9200	n03613		34		true
n01383	4	0.9200	n04469		200		true
n01384	4	0.9200	n03613		1510		true
n01385	3	0.9200	n03613		13		true
n01386	3	0.9200	n03820		11		true
n01387	3	0.9200	n04469		47		true
n01388	3	0.9200	n04469		120		true
n01389	3	0.9200	n02627		137		true
n01390	3	0.9200	n03822 n03904		123		true
n01391	3	0.9200	n04469		26		true
n01392	3	0.9200	n04469		17		true
n01393	4	0.9195	n04469		29		true
n01394	10	0.9192	n04469		52		true
n01395	4	0.9192	n03613		16		true
n01396	4	0.9192	n03613		566		true
n01397	4	0.9192	n04469		13		true
n01398	4	0.9192	n03613		173		true
n01399	3	0.9192	n03613 n05263		54		true
n01400	3	0.9192	n04469		119		true
n01401	3	0.9192	n04469		29		true
n01402	3	0.9192	n04469		15		true
n01403	3	0.9192	n02627		1325		true
n01404	3	0.9192	n03613		331		true
n01405	5	0.9184	n02627		288		true
n01406	5	0.9184	n02627		21		true
n01407	4	0.9184	n03613		103		true
n01408	3	0.9184	n03613		98		true
n01409	3	0.9184	n03613		43		true
n01410	4	0.9175	n04469		34		true
n01411	4	0.9175	n04469		118		true
n01412	3	0.9175	n04469		9		true
n01413	3	0.9175	n04469		41		true
n01414	3	0.9175	n04469		45		true
n01415	3	0.9167	n03613		9		true
n01416	4	0.9158	n00691		52		true
n01417	4	0.9158	n01421		3024		true
n01418	3	0.9157	n03613		24		true
n01419	3	0.9149	n04469		29		true
n01420	4	0.9140	n04469		37		true
n01421	1680	0.9100		n00003 n00027 n00046 n00056 n00073 n00103 n00112 n00134 n00161 n00174 n00175 n00178 n00179 n00180 n00196 n00207 n00216 n00217 n00226 n00229 n00231 n00240 n00244 n00249 n00275 n00287 n00289 n00292 n00311 n00314 n00315 n00320 n00332 n00333 n00357 n00362 n00377 n00390 n00410 n00411 n00415 n00430 n00434 n00441 n00442 n00447 n00453 n00457 n00468 n00472 n00482 n00484 n00488 n00489 n00495 n00504 n00508 n00520 n00521 n00532 n00534 n00535 n00539 n00555 n00560 n00561 n00565 n00568 n00576 n00577 n00578 n00580 n00582 n00592 n00601 n00607 n00613 n00614 n00627 n00641 n00644 n00656 n00657 n00661 n00666 n00674 n00689 n00717 n00722 n00726 n00752 n00755 n00760 n00766 n00772 n00775 n00777 n00789 n00790 n00797 n00804 n00809 n00812 n00816 n00818 n00819 n00830 n00846 n00847 n00858 n00860 n00870 n00871 n00873 n00876 n00885 n00894 n00903 n00905 n00906 n00912 n00915 n00917 n00924 n00927 n00928 n00929 n00930 n00932 n00936 n00946 n00951 n00959 n00960 n00962 n00963 n00981 n00995 n01008 n01009 n01014 n01034 n01039 n01064 n01075 n01094 n01096 n01100 n01109 n01124 n01125 n01139 n01143 n01154 n01155 n01160 n01161 n01173 n01192 n01202 n01205 n01209 n01227 n01244 n01245 n01259 n01286 n01289 n01294 n01302 n01303 n01315 n01317 n01321 n01332 n01346 n01351 n01353 n01364 n01365 n01417 n01437 n01445 n01452 n01463 n01465 n01470 n01475 n01476 n01482 n01490 n01492 n01502 n01519 n01522 n01537 n01539 n01555 n01563 n01579 n01583 n01601 n01615 n01627 n01641 n01642 n01643 n01651 n01658 n01663 n01667 n01671 n01672 n01673 n01676 n01686 n01688 n01694 n01712 n01725 n01728 n01730 n01733 n01742 n01744 n01747 n01752 n01758 n01774 n01779 n01780 n01781 n01789 n01798 n01799 n01825 n01830 n01836 n01861 n01867 n01877 n01885 n01897 n01903 n01907 n01913 n01914 n01922 n01926 n01927 n01944 n01948 n01962 n01998 n02000 n02006 n02012 n02013 n02016 n02017 n02023 n02035 n02046 n02060 n02065 n02088 n02096 n02111 n02114 n02122 n02125 n02129 n02130 n02133 n02138 n02153 n02160 n02175 n02176 n02177 n02179 n02191 n02194 n02212 n02215 n02218 n02222 n02258 n02263 n02265 n02266 n02269 n02270 n02279 n02283 n02287 n02296 n02306 n02307 n02308 n02318 n02324 n02327 n02331 n02334 n02339 n02342 n02370 n02374 n02377 n02384 n02392 n02394 n02398 n02410 n02426 n02428 n02436 n02444 n02447 n02453 n02456 n02457 n02458 n02461 n02465 n02476 n02479 n02480 n02481 n02494 n02512 n02515 n02520 n02524 n02537 n02539 n02554 n02556 n02560 n02561 n02570 n02574 n02581 n02595 n02610 n02612 n02623 n02643 n02648 n02649 n02709 n02725 n02729 n02732 n02735 n02737 n02738 n02742 n02743 n02745 n02746 n02753 n02758 n02764 n02774 n02782 n02799 n02805 n02811 n02813 n02816 n02821 n02841 n02845 n02850 n02887 n02910 n02912 n02924 n02926 n02933 n02934 n02952 n02954 n02963 n02979 n02980 n02981 n02992 n02994 n02998 n03005 n03012 n03020 n03024 n03029 n03036 n03054 n03076 n03081 n03083 n03084 n03102 n03117 n03124 n03134 n03154 n03167 n03178 n03181 n03203 n03206 n03209 n03211 n03213 n03226 n03234 n03235 n03243 n03248 n03252 n03264 n03269 n03273 n03278 n03280 n03282 n03298 n03301 n03302 n03312 n03317 n03324 n03333 n03335 n03339 n03344 n03347 n03349 n03357 n03371 n03373 n03382 n03384 n03386 n03391 n03392 n03394 n03400 n03402 n03410 n03413 n03419 n03427 n03443 n03450 n03457 n03466 n03471 n03472 n03489 n03512 n03519 n03533 n03536 n03539 n03542 n03546 n03561 n03564 n03587 n03592 n03596 n03625 n03629 n03653 n03668 n03682 n03685 n03698 n03707 n03711 n03718 n03723 n03725 n03732 n03736 n03738 n03756 n03768 n03773 n03781 n03782 n03786 n03788 n03793 n03796 n03809 n03827 n03833 n03835 n03844 n03851 n03861 n03876 n03878 n03887 n03891 n03892 n03912 n03913 n03940 n03956 n03958 n03968 n03994 n04003 n04007 n04020 n04024 n04025 n04050 n04070 n04078 n04082 n04083 n04089 n04090 n04100 n04112 n04116 n04134 n04137 n04138 n04142 n04145 n04151 n04152 n04154 n04164 n04170 n04172 n04176 n04177 n04184 n04192 n04201 n04218 n04223 n04233 n04248 n04255 n04262 n04273 n04297 n04305 n04307 n04322 n04332 n04337 n04349 n04350 n04351 n04358 n04360 n04367 n04369 n04373 n04375 n04385 n04395 n04399 n04405 n04412 n04414 n04416 n04431 n04432 n04434 n04435 n04442 n04445 n04448 n04449 n04450 n04456 n04457 n04459 n04481 n04491 n04494 n04506 n04510 n04511 n04526 n04536 n04544 n04550 n04551 n04554 n04561 n04562 n04586 n04591 n04596 n04603 n04609 n04623 n04629 n04642 n04651 n04665 n04673 n04678 n04680 n04681 n04695 n04703 n04705 n04706 n04707 n04720 n04723 n04727 n04730 n04739 n04745 n04763 n04776 n04780 n04784 n04785 n04791 n04793 n04800 n04810 n04819 n04823 n04827 n04855 n04856 n04864 n04867 n04873 n04874 n04884 n04887 n04888 n04889 n04890 n04898 n04901 n04905 n04935 n04941 n04943 n04949 n04953 n04958 n04971 n04975 n04976 n04989 n04993 n05003 n05007 n05020 n05022 n05025 n05026 n05037 n05038 n05041 n05048 n05051 n05052 n05055 n05056 n05068 n05070 n05071 n05073 n05099 n05109 n05111 n05127 n05130 n05139 n05145 n05148 n05150 n05152 n05162 n05167 n05168 n05186 n05195 n05199 n05205 n05218 n05265 n05278 n05290 n05306 n05311 n05320 n05327 n05352 n05399 n05402 n05403 n05409 n05411 n05412 n05414 n05415 n05423 n05436	7852		true
n01422	107	0.9100	n03613		1100		true
n01423	56	0.9100	n02627 n04276		811		true
n01424	38	0.9100	n03613		45		true
n01425	30	0.9100	n03492		1119		true
n01426	23	0.9100	n02627		2159		true
n01427	22	0.9100	n03613		57		true
n01428	24	0.9100	n04469		294		true
n01429	21	0.9100	n04469		471		true
n01430	19	0.9100	n04469		218		true
n01431	19	0.9100	n04469		785		true
n01432	18	0.9100	n02627		202		true
n01433	16	0.9100	n04469		210		true
n01434	14	0.9100	n04469		32		true
n01435	15	0.9100	n04469		3190		true
n01436	15	0.9100	n03613 n05028		182		true
n01437	13	0.9100	n01421 n02628		108		true
n01438	11	0.9100	n02627		102		true
n01439	11	0.9100	n03613		113		true
n01440	12	0.9100	n03613		2583		true
n01441	10	0.9100	n03613 n05331		147		true
n01442	11	0.9100	n04469		271		true
n01443	11	0.9100	n03613		331		true
n01444	10	0.9100	n04469		49		true
n01445	10	0.9100	n01421		757		true
n01446	9	0.9100	n04469		128		true
n01447	8	0.9100	n03380 n03747		55		true
n01448	8	0.9100	n03613		67		true
n01449	8	0.9100	n04469		95		true
n01450	8	0.9100	n02627		1325		true
n01451	8	0.9100	n03613		21		true
n01452	8	0.9100	n01421 n04079		672		true
n01453	9	0.9100	n02627		190		true
n01454	8	0.9100	n02627		534		true
n01455	7	0.9100	n04469		106		true
n01456	7	0.9100	n04469		177		true
n01457	7	0.9100	n02627		795		true
n01458	7	0.9100	n03623 n04214 n04469		38		true
n01459	8	0.9100	n03613		1872		true
n01460	7	0.9100	n03507		254		true
n01461	6	0.9100	n02627		410		true
n01462	6	0.9100	n04469		79		true
n01463	6	0.9100	n01421		507		true
n01464	6	0.9100	n04469		135		true
n01465	6	0.9100	n01421		99		true
n01466	6	0.9100	n04469		137		true
n01467	6	0.9100	n04469		64		true
n01468	6	0.9100	n02627		97		true
n01469	6	0.9100	n02627		201		true
n01470	5	0.9100	n01421		67		true
n01471	5	0.9100	n03613		84		true
n01472	5	0.9100	n03613		27		true
n01473	5	0.9100	n00691		269		true
n01474	5	0.9100	n03613		50		true
n01475	5	0.9100	n01421		50		true
n01476	5	0.9100	n01421 n04670		393		true
n01477	5	0.9100			46		true
n01478	4	0.9100	n03613		26		true
n01479	4	0.9100	n03613		38		true
n01480	4	0.9100	n03820		167		true
n01481	4	0.9100	n03650 n04018 n05147		30		true
n01482	4	0.9100	n01421		49		true
n01483	4	0.9100	n03613		25		true
n01484	4	0.9100	n02627		139		true
n01485	4	0.9100	n03820 n04249		17		true
n01486	4	0.9100	n02628 n04839		56		true
n01487	4	0.9100	n03889		1598		true
n01488	4	0.9100	n02627		133		true
n01489	4	0.9100	n04469		27		true
n01490	4	0.9100	n01421		61		true
n01491	4	0.9100	n02627		104		true
n01492	3	0.9100	n01421		232		true
n01493	3	0.9100	n04469		8		true
n01494	3	0.9100	n04469		45		true
n01495	3	0.9100	n03000		111		true
n01496	3	0.9100	n04469		23		true
n01497	3	0.9100	n04469		23		true
n01498	3	0.9100	n03747		75		true
n01499	3	0.9100	n04469		10		true
n01500	3	0.9100	n04469		27		true
n01501	3	0.9100	n02627 n04764		40		true
n01502	3	0.9100	n01421		45		true
n01503	5	0.9091	n03613		26		true
n01504	3	0.9091	n04469		3		true
n01505	3	0.9091	n02627		341		true
n01506	3	0.9091	n02627 n04735		10		true
n01507	3	0.9091	n03613		72		true
n01508	3	0.9091	n02627		109		true
n01509	3	0.9091	n03613		131		true
n01510	3	0.9091	n04676 n04917		140		true
n01511	3	0.9091	n03613		14		true
n01512	5	0.9082	n03613		442		true
n01513	5	0.9082	n02627 n04276		55		true
n01514	5	0.9082	n04469		60		true
n01515	3	0.9082	n03000		119		true
n01516	3	0.9082	n03613		306		true
n01517	3	0.9080	n03613		13		true
n01518	3	0.9062	n03613		89		true
n01519	3	0.9053	n01421		239		true
n01520	3	0.9053	n04469		26		true
n01521	3	0.9043	n04469		40		true
n01522	3	0.9032	n01421		138		true
n01523	75	0.9000	n03613		1101		true
n01524	30	0.9000	n03613 n04191		1041		true
n01525	27	0.9000	n03613		128		true
n01526	26	0.9000	n04469		204		true
n01527	21	0.9000	n04469		635		true
n01528	19	0.9000	n02627		99		true
n01529	18	0.9000	n04469		352		true
n01530	16	0.9000	n04469		202		true
n01531	14	0.9000		n00544 n01380 n01718 n02004	220		true
n01532	16	0.9000	n04469		1868		true
n01533	16	0.9000	n04469		113		true
n01534	13	0.9000	n02627		142		true
n01535	13	0.9000	n03613		439		true
n01536	13	0.9000	n04469		74		true
n01537	14	0.9000	n01421		213		true
n01538	12	0.9000	n02627		160		true
n01539	13	0.9000	n01421		378		true
n01540	13	0.9000	n04469		552		true
n01541	11	0.9000	n03613		173		true
n01542	11	0.9000	n03613		71		true
n01543	11	0.9000	n04469		707		true
n01544	12	0.9000	n03613 n04276		221		true
n01545	11	0.9000	n04469		143		true
n01546	10	0.9000	n02627		1352		true
n01547	9	0.9000	n03613		33		true
n01548	9	0.9000	n00938		63		true
n01549	9	0.9000	n04469		223		true
n01550	9	0.9000	n03613		97		true
n01551	9	0.9000	n04469		697		true
n01552	10	0.9000	n04469		425		true
n01553	9	0.9000	n02627		170		true
n01554	9	0.9000	n03613		946		true
n01555	8	0.9000	n01421		347		true
n01556	9	0.9000	n02627		225		true
n01557	8	0.9000	n03613		242		true
n01558	9	0.9000	n04469		419		true
n01559	7	0.9000	n02627		27		true
n01560	7	0.9000	n02627		57		true
n01561	7	0.9000	n03000		162		true
n01562	7	0.9000	n04469		51		true
n01563	7	0.9000	n01421		185		true
n01564	7	0.9000	n03889		132		true
n01565	6	0.9000	n04469		26		true
n01566	6	0.9000	n03613		97		true
n01567	6	0.9000	n03747		81		true
n01568	6	0.9000	n02627		313		true
n01569	6	0.9000	n02627		32		true
n01570	6	0.9000	n03613		564		true
n01571	5	0.9000	n04469		72		true
n01572	5	0.9000	n04469 n04920		69		true
n01573	5	0.9000	n04469		140		true
n01574	5	0.9000	n03613		56		true
n01575	5	0.9000	n03613		510		true
n01576	5	0.9000	n04469		23		true
n01577	5	0.9000	n04469		24		true
n01578	5	0.9000	n04469		48		true
n01579	5	0.9000	n01421		124		true
n01580	5	0.9000	n02872 n04160		26		true
n01581	5	0.9000	n02627		129		true
n01582	5	0.9000	n02627		58		true
n01583	3	0.9000	n01421 n02628		37		true
n01584	3	0.9000	n03613		70		true
n01585	3	0.9000	n02627		178		true
n01586	3	0.9000	n02538 n02627		1668		true
n01587	6	0.8990	n03613		528		true
n01588	5	0.8990	n03613		36		true
n01589	3	0.8990	n03462 n05082		462		true
n01590	3	0.8990	n02627		51		true
n01591	3	0.8990	n03613		12		true
n01592	3	0.8990	n03613		17		true
n01593	3	0.8980	n03623 n04469		26		true
n01594	3	0.8969	n03613		121		true
n01595	3	0.8969	n05280 n05304		19		true
n01596	3	0.8969	n02627		18		true
n01597	3	0.8958	n03613		18		true
n01598	3	0.8958	n03613		32		true
n01599	3	0.8947	n03613		7		true
n01600	3	0.8939	n02627		158		true
n01601	3	0.8933	n01421		185		true
n01602	3	0.8929	n03613		57		true
n01603	3	0.8925	n03613		350		true
n01604	3	0.8913	n04469		14		true
n01605	115	0.8900	n03613		1310		true
n01606	92	0.8900	n03613		349		true
n01607	82	0.8900	n02627		2652		true
n01608	41	0.8900		n00110 n00214 n00319 n00597 n00606 n00907 n01119 n01187 n02579 n02603 n02871 n02919 n02964 n03764 n03776 n03848 n04299 n04394 n04652 n04741 n04893 n05347	566		true
n01609	32	0.8900	n04469		2653		true
n01610	30	0.8900	n04469		288		true
n01611	22	0.8900	n00691		292		true
n01612	20	0.8900	n03613		238		true
n01613	21	0.8900	n02627 n04276		301		true
n01614	20	0.8900	n03896 n04469		122		true
n01615	16	0.8900	n01421 n02628		1612		true
n01616	15	0.8900	n03747		137		true
n01617	14	0.8900	n04469		132		true
n01618	14	0.8900	n02627		177		true
n01619	13	0.8900	n03613		115		true
n01620	13	0.8900	n04469 n05331		55		true
n01621	13	0.8900	n03613		657		true
n01622	12	0.8900	n03613		1307		true
n01623	13	0.8900	n04469		55		true
n01624	12	0.8900	n03613		131		true
n01625	12	0.8900	n03613		976		true
n01626	11	0.8900	n00691		85		true
n01627	11	0.8900	n01421		52		true
n01628	10	0.8900	n04469		151		true
n01629	10	0.8900	n02627		776		true
n01630	11	0.8900	n03822 n03904		174		true
n01631	10	0.8900	n02589 n03613		203		true
n01632	10	0.8900	n03613		243		true
n01633	9	0.8900	n04469		499		true
n01634	8	0.8900	n03613		59		true
n01635	9	0.8900	n02627 n04735		60		true
n01636	8	0.8900	n05122		168		true
n01637	8	0.8900	n04469		645		true
n01638	8	0.8900	n04469		293		true
n01639	8	0.8900	n03613		128		true
n01640	8	0.8900	n02627 n04276		58		true
n01641	7	0.8900	n01421		236		true
n01642	7	0.8900	n01421		209		true
n01643	7	0.8900	n01421		139		true
n01644	7	0.8900	n03613		168		true
n01645	7	0.8900	n04469		126		true
n01646	7	0.8900	n04469		103		true
n01647	7	0.8900	n02627		54		true
n01648	6	0.8900	n03839		94		true
n01649	6	0.8900	n04469		572		true
n01650	6	0.8900	n03613		100		true
n01651	6	0.8900	n01421		344		true
n01652	6	0.8900	n04469		54		true
n01653	6	0.8900		n00337	73		true
n01654	5	0.8900	n03613		227		true
n01655	5	0.8900	n03822 n03904		53		true
n01656	5	0.8900	n02627		55		true
n01657	3	0.8900	n02627		69		true
n01658	3	0.8900	n01421		62		true
n01659	3	0.8900	n04352 n04469		10		true
n01660	3	0.8900	n03265 n04051		45		true
n01661	3	0.8900	n03613 n04974		661		true
n01662	3	0.8900	n03613		105		true
n01663	3	0.8900	n01421		35		true
n01664	3	0.8900	n03613		23		true
n01665	3	0.8900	n04047 n04469		700		true
n01666	3	0.8900	n02627		16		true
n01667	3	0.8900	n01421		98		true
n01668	5	0.8889	n02627		171		true
n01669	3	0.8889	n03613 n04789		27		true
n01670	3	0.8889	n03613		98		true
n01671	3	0.8878	n01421		18		true
n01672	3	0.8878	n01421 n02628		16		true
n01673	3	0.8878	n01421		9		true
n01674	3	0.8878	n03613		45		true
n01675	3	0.8878	n04469		72		true
n01676	3	0.8878	n01421		178		true
n01677	3	0.8878	n02627		29		true
n01678	3	0.8878	n03613		30		true
n01679	3	0.8876	n05122		11		true
n01680	3	0.8866	n04469		25		true
n01681	3	0.8866	n04469		56		true
n01682	3	0.8854	n04469		46		true
n01683	3	0.8854	n02627		28		true
n01684	3	0.8830	n02627		81		true
n01685	3	0.8804	n04469		49		true
n01686	3	0.8804	n01421		60		true
n01687	27	0.8800	n03613		375		true
n01688	23	0.8800	n01421		173		true
n01689	24	0.8800	n04469		357		true
n01690	22	0.8800	n03613		366		true
n01691	19	0.8800	n02627		239		true
n01692	18	0.8800	n04469		341		true
n01693	20	0.8800	n02627		386		true
n01694	17	0.8800	n01421		180		true
n01695	17	0.8800	n03613		220		true
n01696	17	0.8800	n03613		118		true
n01697	16	0.8800	n03613 n04918		200		true
n01698	14	0.8800	n02627		928		true
n01699	14	0.8800	n03613		212		true
n01700	12	0.8800	n04469		120		true
n01701	13	0.8800	n04469		36		true
n01702	12	0.8800	n02538 n02627		2322		true
n01703	11	0.8800	n04469		97		true
n01704	11	0.8800	n02628		109		true
n01705	10	0.8800	n00691		120		true
n01706	11	0.8800	n03896 n04469		76		true
n01707	11	0.8800	n04469		69		true
n01708	10	0.8800	n04917		803		true
n01709	9	0.8800	n04469		557		true
n01710	11	0.8800	n03613		2314		true
n01711	9	0.8800	n04469		140		true
n01712	10	0.8800	n01421		88		true
n01713	8	0.8800	n04469		25		true
n01714	9	0.8800	n05280		88		true
n01715	7	0.8800	n03613		385		true
n01716	7	0.8800	n03613		105		true
n01717	7	0.8800	n03166		2591		true
n01718	7	0.8800	n01531 n02627		167		true
n01719	6	0.8800	n03613		101		true
n01720	6	0.8800	n04469		55		true
n01721	5	0.8800	n03152 n03613		110		true
n01722	5	0.8800	n03613		26		true
n01723	5	0.8800	n03889		330		true
n01724	5	0.8800	n03613		59		true
n01725	5	0.8800	n01421		41		true
n01726	5	0.8800	n04469		33		true
n01727	5	0.8800	n02627 n05190		58		true
n01728	5	0.8800	n01421		164		true
n01729	5	0.8800	n03613		127		true
n01730	5	0.8800	n01421		110		true
n01731	5	0.8800	n04469		225		true
n01732	5	0.8800	n04469		287		true
n01733	5	0.8800	n01421		101		true
n01734	3	0.8800	n03613		3		true
n01735	3	0.8800	n03529		39		true
n01736	3	0.8800	n04469 n04920		12		true
n01737	3	0.8800	n04469		17		true
n01738	3	0.8800	n04469		31		true
n01739	3	0.8791	n02627		82		true
n01740	3	0.8791	n04469		20		true
n01741	7	0.8788	n03613		19		true
n01742	3	0.8788	n01421 n02628		483		true
n01743	3	0.8788	n04469		2		true
n01744	3	0.8788	n01421		12		true
n01745	3	0.8788	n03613		49		true
n01746	3	0.8788	n03613		34		true
n01747	3	0.8788	n01421		43		true
n01748	3	0.8788	n04469		28		true
n01749	3	0.8788	n04469		83		true
n01750	3	0.8788	n02627		463		true
n01751	3	0.8788	n05350		67		true
n01752	3	0.8788	n01421		107		true
n01753	3	0.8788	n03613		31		true
n01754	3	0.8778	n03820		31		true
n01755	5	0.8776	n03613		35		true
n01756	5	0.8776	n03613		19		true
n01757	3	0.8776	n03613		314		true
n01758	3	0.8776	n01421 n05400		17		true
n01759	3	0.8776	n04469		19		true
n01760	3	0.8776	n02627		48		true
n01761	3	0.8776	n03613		71		true
n01762	3	0.8763	n04315 n04664 n05182		1039		true
n01763	3	0.8763	n03613		29		true
n01764	3	0.8763	n04469		86		true
n01765	3	0.8750	n04469		37		true
n01766	3	0.8710	n03492		167		true
n01767	3	0.8710	n02321 n04918		28		true
n01768	3	0.8706	n04469		44		true
n01769	33	0.8700	n03613		623		true
n01770	26	0.8700	n04469		112		true
n01771	25	0.8700	n04469 n05331		95		true
n01772	25	0.8700	n03613		1099		true
n01773	24	0.8700	n03613		337		true
n01774	22	0.8700	n01421		258		true
n01775	21	0.8700	n03613		223		true
n01776	18	0.8700	n04469		209		true
n01777	18	0.8700	n02627		296		true
n01778	19	0.8700	n03613		181		true
n01779	14	0.8700	n01421 n02628		164		true
n01780	14	0.8700	n01421		84		true
n01781	12	0.8700	n01421		276		true
n01782	9	0.8700	n03613		49		true
n01783	10	0.8700	n04676 n04917		222		true
n01784	9	0.8700	n04469		43		true
n01785	10	0.8700	n02627		1301		true
n01786	10	0.8700	n04469		401		true
n01787	9	0.8700	n02627 n04276		368		true
n01788	10	0.8700	n02627		2126		true
n01789	9	0.8700	n01421		246		true
n01790	8	0.8700	n04469		74		true
n01791	8	0.8700	n04469		200		true
n01792	8	0.8700	n04469		447		true
n01793	7	0.8700	n02627		160		true
n01794	7	0.8700	n04469		33		true
n01795	7	0.8700	n04469		58		true
n01796	7	0.8700	n04469		32		true
n01797	7	0.8700	n04917		111		true
n01798	7	0.8700	n01421		73		true
n01799	7	0.8700	n01421		63		true
n01800	7	0.8700	n04469		41		true
n01801	6	0.8700	n03613		24		true
n01802	6	0.8700	n03613 n05047		66		true
n01803	6	0.8700	n03613		45		true
n01804	6	0.8700	n04469		150		true
n01805	6	0.8700	n04469		37		true
n01806	6	0.8700	n03613 n04789		77		true
n01807	6	0.8700	n02627		322		true
n01808	6	0.8700	n02627 n03765		53		true
n01809	5	0.8700	n02627		26		true
n01810	5	0.8700	n02627		81		true
n01811	5	0.8700	n03613 n05331		225		true
n01812	5	0.8700	n04469		23		true
n01813	5	0.8700	n03613		425		true
n01814	5	0.8700	n04469		134		true
n01815	5	0.8700	n02627		95		true
n01816	3	0.8700	n04216		19		true
n01817	3	0.8700	n03889		35		true
n01818	3	0.8700	n03613		57		true
n01819	3	0.8700	n04469 n05043		38		true
n01820	3	0.8700	n03613		43		true
n01821	3	0.8700	n03613		186		true
n01822	6	0.8687	n03613		191		true
n01823	3	0.8687	n03839 n04699		36		true
n01824	3	0.8687	n03838		30		true
n01825	3	0.8687	n01421		16		true
n01826	3	0.8687	n03740		15		true
n01827	3	0.8687	n04469		128		true
n01828	3	0.8687	n04469		186		true
n01829	3	0.8687	n04469		192		true
n01830	3	0.8687	n01421		217		true
n01831	5	0.8673	n03613		1		true
n01832	5	0.8673	n03613		14		true
n01833	3	0.8673	n03613		17		true
n01834	7	0.8660	n03613 n03767		84		true
n01835	3	0.8660	n04469		123		true
n01836	3	0.8660	n01421		20		true
n01837	3	0.8646	n04469		23		true
n01838	3	0.8646	n04469		67		true
n01839	3	0.8646	n04469 n04920		377		true
n01840	3	0.8630	n02627		33		true
n01841	3	0.8617	n03613 n05010		7		true
n01842	3	0.8608	n04469		79		true
n01843	97	0.8600	n04469		831		true
n01844	57	0.8600	n03613		1012		true
n01845	44	0.8600	n02627		1788		true
n01846	38	0.8600	n04469		426		true
n01847	33	0.8600	n04469		272		true
n01848	30	0.8600	n03613		162		true
n01849	25	0.8600	n04469		161		true
n01850	22	0.8600	n04469		210		true
n01851	21	0.8600	n04469		166		true
n01852	23	0.8600	n03613		1096		true
n01853	21	0.8600	n04469		111		true
n01854	20	0.8600	n03613		232		true
n01855	17	0.8600	n04469		36		true
n01856	17	0.8600	n03613		78		true
n01857	16	0.8600	n03822		233		true
n01858	13	0.8600	n03613		142		true
n01859	13	0.8600	n03613		274		true
n01860	12	0.8600	n03613		110		true
n01861	11	0.8600	n01421 n03905		92		true
n01862	12	0.8600	n03613		41		true
n01863	10	0.8600	n02627		207		true
n01864	10	0.8600	n03613		119		true
n01865	9	0.8600	n02627		554		true
n01866	9	0.8600	n04469		467		true
n01867	8	0.8600	n01421 n03857		132		true
n01868	8	0.8600	n03613 n04191		237		true
n01869	8	0.8600	n03613		65		true
n01870	9	0.8600	n04469		443		true
n01871	9	0.8600	n02627		143		true
n01872	7	0.8600	n04469		349		true
n01873	7	0.8600	n02627		158		true
n01874	7	0.8600	n04469		18		true
n01875	7	0.8600	n03613		240		true
n01876	6	0.8600	n03613		1278		true
n01877	6	0.8600	n01421		82		true
n01878	6	0.8600	n00691 n04918		361		true
n01879	6	0.8600	n04469		29		true
n01880	5	0.8600	n04469		19		true
n01881	5	0.8600	n03613		44		true
n01882	6	0.8600	n04469		583		true
n01883	5	0.8600	n04469		112		true
n01884	5	0.8600	n04469		1030		true
n01885	5	0.8600	n01421		85		true
n01886	3	0.8600	n03613 n04047		77		true
n01887	3	0.8600	n04469 n05331		14		true
n01888	3	0.8600	n03613		11		true
n01889	3	0.8600	n02627 n04276		243		true
n01890	3	0.8600	n03613		27		true
n01891	3	0.8600	n03238 n03613		58		true
n01892	3	0.8600	n03613		129		true
n01893	3	0.8600	n03613		77		true
n01894	3	0.8600	n02627 n03380		153		true
n01895	3	0.8600	n02589 n03613		128		true
n01896	3	0.8600	n04469		36		true
n01897	3	0.8600	n01421 n03613 n05028		74		true
n01898	3	0.8590	n02627		13		true
n01899	6	0.8586	n04469		273		true
n01900	5	0.8586	n03613		458		true
n01901	5	0.8586	n04469		27		true
n01902	3	0.8586	n03613		1216		true
n01903	3	0.8586	n01421 n02628		32		true
n01904	3	0.8586	n03613		37		true
n01905	3	0.8571	n03613 n05047		33		true
n01906	3	0.8571	n03904 n04058		445		true
n01907	3	0.8571	n01421		43		true
n01908	3	0.8571	n03613		127		true
n01909	3	0.8557	n04469		253		true
n01910	3	0.8557	n02627		1123		true
n01911	3	0.8542	n00938		13		true
n01912	3	0.8542	n00938		172		true
n01913	3	0.8542	n01421		14		true
n01914	3	0.8523	n01421		56		true
n01915	53	0.8500	n03613		329		true
n01916	31	0.8500	n04469		204		true
n01917	25	0.8500	n04469		221		true
n01918	17	0.8500	n04469		91		true
n01919	15	0.8500	n02627		204		true
n01920	14	0.8500	n04469		98		true
n01921	14	0.8500	n04469		150		true
n01922	14	0.8500	n01421		226		true
n01923	13	0.8500		n01112 n02659 n03859	137		true
n01924	13	0.8500	n04469		457		true
n01925	14	0.8500	n03613		226		true
n01926	13	0.8500	n01421		232		true
n01927	12	0.8500	n01421		76		true
n01928	12	0.8500	n04190 n04728		320		true
n01929	11	0.8500	n04469		98		true
n01930	11	0.8500	n03613		207		true
n01931	10	0.8500	n04469		250		true
n01932	10	0.8500	n02627		266		true
n01933	10	0.8500	n03613		145		true
n01934	10	0.8500	n03613		82		true
n01935	10	0.8500	n02627		680		true
n01936	10	0.8500	n04469		50		true
n01937	9	0.8500	n03613		139		true
n01938	9	0.8500	n03613		114		true
n01939	9	0.8500	n04469		41		true
n01940	9	0.8500	n04469		66		true
n01941	8	0.8500	n03613		96		true
n01942	8	0.8500	n00938		71		true
n01943	8	0.8500	n04664		3101		true
n01944	7	0.8500	n01421		40		true
n01945	7	0.8500	n02627		84		true
n01946	7	0.8500	n03613		88		true
n01947	6	0.8500	n04052 n05398		36		true
n01948	6	0.8500	n01421		59		true
n01949	6	0.8500	n02627 n04276		22		true
n01950	6	0.8500	n03889		70		true
n01951	6	0.8500	n03613		168		true
n01952	6	0.8500	n02627		98		true
n01953	6	0.8500	n04469		60		true
n01954	5	0.8500	n02183		83		true
n01955	5	0.8500	n03613		126		true
n01956	3	0.8500	n02627		33		true
n01957	3	0.8500	n03613		37		true
n01958	3	0.8500	n04469		101		true
n01959	3	0.8500	n02627 n03765		26		true
n01960	3	0.8488	n04469		58		true
n01961	5	0.8485	n02627		644		true
n01962	3	0.8485	n01421 n03613		19		true
n01963	3	0.8485	n03613		20		true
n01964	3	0.8485	n02627		108		true
n01965	3	0.8485	n03613		824		true
n01966	3	0.8478	n02627		19		true
n01967	3	0.8469	n04469		14		true
n01968	3	0.8469	n04469		16		true
n01969	3	0.8469	n03613		47		true
n01970	3	0.8469	n02627		41		true
n01971	3	0.8454	n02627 n04276		12		true
n01972	3	0.8454	n04469 n04920		32		true
n01973	3	0.8454	n03613		12		true
n01974	3	0.8438	n02627		58		true
n01975	3	0.8438	n04469		12		true
n01976	3	0.8438	n02627		49		true
n01977	3	0.8421	n02321 n04084		72		true
n01978	3	0.8421	n04469		63		true
n01979	3	0.8409	n03613		36		true
n01980	64	0.8400	n04469		798		true
n01981	39	0.8400	n04469		282		true
n01982	29	0.8400	n03613		446		true
n01983	21	0.8400	n04469		174		true
n01984	18	0.8400	n04469		40		true
n01985	16	0.8400	n02627		151		true
n01986	17	0.8400	n04917		887		true
n01987	14	0.8400	n02627		223		true
n01988	13	0.8400	n04469		73		true
n01989	13	0.8400	n04469		591		true
n01990	13	0.8400	n03613		211		true
n01991	13	0.8400	n03613		62		true
n01992	12	0.8400	n03613		73		true
n01993	12	0.8400	n02627		231		true
n01994	11	0.8400	n03613 n05331		225		true
n01995	12	0.8400	n04469		48		true
n01996	11	0.8400	n05147		123		true
n01997	11	0.8400	n02627		128		true
n01998	10	0.8400	n01421		219		true
n01999	10	0.8400	n03613		221		true
n02000	9	0.8400	n01421 n03613		48		true
n02001	9	0.8400	n03613		40		true
n02002	9	0.8400	n03000 n04225		420		true
n02003	8	0.8400	n03613 n05028		47		true
n02004	8	0.8400	n01531		184		true
n02005	9	0.8400	n02627		208		true
n02006	7	0.8400	n01421 n03905		70		true
n02007	7	0.8400	n02627		54		true
n02008	6	0.8400	n03613		91		true
n02009	6	0.8400	n04469		37		true
n02010	6	0.8400	n03613		1772		true
n02011	6	0.8400	n04469		683		true
n02012	5	0.8400	n01421 n02628		138		true
n02013	5	0.8400	n01421		196		true
n02014	5	0.8400	n03613		57		true
n02015	5	0.8400	n05122		51		true
n02016	6	0.8400	n01421		589		true
n02017	5	0.8400	n01421		606		true
n02018	3	0.8400	n03613		19		true
n02019	3	0.8400	n03613		14		true
n02020	3	0.8400	n03356 n05122		1126		true
n02021	3	0.8400	n04469		11		true
n02022	3	0.8400	n03613		19		true
n02023	3	0.8400	n01421		19		true
n02024	3	0.8384	n02627 n02628		81		true
n02025	5	0.8367	n03319 n04469		132		true
n02026	3	0.8367	n02627		16		true
n02027	3	0.8367	n04469		139		true
n02028	3	0.8353	n04469		45		true
n02029	3	0.8352	n02627		8		true
n02030	5	0.8351	n03613		294		true
n02031	3	0.8351	n03613 n04918		48		true
n02032	3	0.8351	n04469		147		true
n02033	3	0.8333	n03613		22		true
n02034	3	0.8333	n03747		8		true
n02035	3	0.8333	n01421 n05142		215		true
n02036	3	0.8333	n04469		34		true
n02037	3	0.8333	n04469		35		true
n02038	78	0.8300	n04469		364		true
n02039	50	0.8300	n04469		381		true
n02040	34	0.8300	n03613		160		true
n02041	30	0.8300	n02627		335		true
n02042	24	0.8300	n03613		352		true
n02043	21	0.8300	n04469		258		true
n02044	17	0.8300	n03613 n04276		328		true
n02045	17	0.8300	n02627		269		true
n02046	16	0.8300	n01421		201		true
n02047	14	0.8300	n04839		82		true
n02048	14	0.8300	n02627		96		true
n02049	14	0.8300	n04469		130		true
n02050	12	0.8300	n03613		64		true
n02051	12	0.8300	n03613		570		true
n02052	12	0.8300	n04469		174		true
n02053	12	0.8300	n04469		635		true
n02054	11	0.8300	n04469		42		true
n02055	11	0.8300	n04469		26		true
n02056	11	0.8300	n03613		762		true
n02057	10	0.8300	n04469		19		true
n02058	10	0.8300	n02627		281		true
n02059	10	0.8300	n04469		127		true
n02060	10	0.8300	n01421		116		true
n02061	10	0.8300	n04469		409		true
n02062	9	0.8300	n04469		115		true
n02063	9	0.8300	n03613 n05028		122		true
n02064	9	0.8300	n03889		152		true
n02065	8	0.8300	n01421		71		true
n02066	8	0.8300	n04469		103		true
n02067	7	0.8300	n04469		201		true
n02068	7	0.8300	n03613		38		true
n02069	7	0.8300	n03613 n04191		569		true
n02070	6	0.8300	n03613		35		true
n02071	6	0.8300	n03613 n04191		109		true
n02072	6	0.8300	n03613		302		true
n02073	5	0.8300	n00938		81		true
n02074	5	0.8300	n02627		37		true
n02075	5	0.8300	n03613		93		true
n02076	3	0.8300	n04469		2		true
n02077	3	0.8300	n03820		320		true
n02078	3	0.8300	n03613		7		true
n02079	3	0.8300	n04469		98		true
n02080	3	0.8300	n04469		405		true
n02081	3	0.8300	n03613		1413		true
n02082	3	0.8298	n02627		646		true
n02083	3	0.8298	n04469		44		true
n02084	3	0.8293	n04051 n04765 n04839		54		true
n02085	3	0.8283	n03000		25		true
n02086	3	0.8283	n04469		209		true
n02087	3	0.8283	n04469		85		true
n02088	3	0.8283	n01421		851		true
n02089	3	0.8265	n02627		161		true
n02090	3	0.8265	n02627		111		true
n02091	3	0.8265	n02627		72		true
n02092	3	0.8265	n02627		107		true
n02093	3	0.8265	n04917		61		true
n02094	3	0.8265	n02627		14		true
n02095	3	0.8265	n03613		450		true
n02096	3	0.8265	n01421		43		true
n02097	3	0.8261	n03896 n04469		7		true
n02098	3	0.8247	n04469 n04920		51		true
n02099	5	0.8229	n03613		1694		true
n02100	3	0.8229	n02627		209		true
n02101	3	0.8222	n04469		126		true
n02102	3	0.8211	n02627		64		true
n02103	62	0.8200	n03613		933		true
n02104	38	0.8200	n02627		2126		true
n02105	37	0.8200	n03613		1394		true
n02106	34	0.8200	n02627		335		true
n02107	33	0.8200	n03613		649		true
n02108	28	0.8200	n02627		329		true
n02109	26	0.8200	n03613		363		true
n02110	19	0.8200	n03613		500		true
n02111	19	0.8200	n01421		211		true
n02112	17	0.8200	n02538 n02627		3375		true
n02113	15	0.8200	n03613 n05010		224		true
n02114	16	0.8200	n01421		105		true
n02115	16	0.8200	n04469		63		true
n02116	15	0.8200	n02627		1308		true
n02117	12	0.8200	n04469 n04920		320		true
n02118	12	0.8200	n03613		62		true
n02119	11	0.8200	n04469		56		true
n02120	11	0.8200	n03613		233		true
n02121	10	0.8200	n03580		202		true
n02122	10	0.8200	n01421		364		true
n02123	10	0.8200	n04469		59		true
n02124	11	0.8200	n03613		1155		true
n02125	9	0.8200	n01421 n02628		74		true
n02126	9	0.8200	n03613		45		true
n02127	9	0.8200	n03613		385		true
n02128	9	0.8200	n02589 n03613		128		true
n02129	9	0.8200	n01421		2172		true
n02130	8	0.8200	n01421 n03905		92		true
n02131	8	0.8200	n04469		29		true
n02132	7	0.8200	n04469		96		true
n02133	7	0.8200	n01421		146		true
n02134	7	0.8200	n04469		108		true
n02135	7	0.8200	n04469		55		true
n02136	7	0.8200	n02627		593		true
n02137	6	0.8200	n03613		36		true
n02138	6	0.8200	n01421 n02628		9		true
n02139	6	0.8200	n04469 n04920		294		true
n02140	6	0.8200	n03613		241		true
n02141	5	0.8200	n03331 n05263		82		true
n02142	5	0.8200	n00938		154		true
n02143	5	0.8200	n04469		39		true
n02144	5	0.8200	n02627		109		true
n02145	3	0.8200	n03613		27		true
n02146	3	0.8200	n03613		16		true
n02147	3	0.8200	n02627 n03182 n03765		24		true
n02148	3	0.8200	n04469		19		true
n02149	3	0.8200	n04469		569		true
n02150	3	0.8200	n04469		16		true
n02151	3	0.8200	n04469		48		true
n02152	3	0.8200	n04664		174		true
n02153	3	0.8200	n01421		56		true
n02154	6	0.8182	n02627		463		true
n02155	6	0.8182	n04469		76		true
n02156	5	0.8182	n04469		17		true
n02157	3	0.8182	n03319 n04469		4		true
n02158	3	0.8182	n05122		91		true
n02159	3	0.8182	n04469		118		true
n02160	3	0.8163	n01421		56		true
n02161	3	0.8163	n03613		50		true
n02162	3	0.8144	n04469		204		true
n02163	3	0.8144	n02627		537		true
n02164	3	0.8105	n02627		68		true
n02165	3	0.8101	n04469		35		true
n02166	48	0.8100	n03613		1010		true
n02167	27	0.8100	n04469		151		true
n02168	23	0.8100	n04925 n05122		212		true
n02169	19	0.8100	n02627		115		true
n02170	18	0.8100	n04469		452		true
n02171	18	0.8100	n03613		210		true
n02172	17	0.8100	n04469		115		true
n02173	16	0.8100	n04469		55		true
n02174	16	0.8100	n03613		266		true
n02175	14	0.8100	n01421		593		true
n02176	14	0.8100	n01421		380		true
n02177	14	0.8100	n01421		335		true
n02178	14	0.8100	n03613		185		true
n02179	15	0.8100	n01421		391		true
n02180	11	0.8100	n03613 n04918		160		true
n02181	11	0.8100	n04469		192		true
n02182	11	0.8100	n04469		157		true
n02183	12	0.8100		n00429 n01054 n01954 n03797	102		true
n02184	10	0.8100	n04469		191		true
n02185	11	0.8100	n02627		161		true
n02186	9	0.8100	n03613		74		true
n02187	9	0.8100	n03613		847		true
n02188	8	0.8100	n02627		3		true
n02189	8	0.8100	n02627		38		true
n02190	8	0.8100	n03613		99		true
n02191	8	0.8100	n01421		120		true
n02192	7	0.8100	n02627		112		true
n02193	7	0.8100	n03613		85		true
n02194	7	0.8100	n01421		129		true
n02195	7	0.8100	n03613		180		true
n02196	8	0.8100	n03500 n04052		87		true
n02197	7	0.8100	n04469		59		true
n02198	7	0.8100	n04469		35		true
n02199	7	0.8100	n04469		123		true
n02200	7	0.8100	n04469		35		true
n02201	7	0.8100		n01051	95		true
n02202	7	0.8100	n04469		34		true
n02203	6	0.8100	n03820		35		true
n02204	6	0.8100	n02627		72		true
n02205	6	0.8100	n04664 n05182		2146		true
n02206	6	0.8100	n04469		42		true
n02207	6	0.8100	n03937		49		true
n02208	6	0.8100	n03613		824		true
n02209	5	0.8100	n04469		101		true
n02210	3	0.8100	n03613		23		true
n02211	3	0.8100	n04469		23		true
n02212	3	0.8100	n01421		91		true
n02213	3	0.8100	n04469		100		true
n02214	3	0.8100	n03166 n03613 n03980		2960		true
n02215	3	0.8100	n01421		1146		true
n02216	3	0.8100	n03613		302		true
n02217	3	0.8100	n02627		183		true
n02218	3	0.8100	n01421		35		true
n02219	3	0.8081	n02855 n05054		57		true
n02220	3	0.8081	n03137		21		true
n02221	3	0.8081	n04420 n04754 n05280		31		true
n02222	3	0.8081	n01421		348		true
n02223	3	0.8081	n03613		96		true
n02224	7	0.8061	n04469		29		true
n02225	3	0.8061	n03889		116		true
n02226	3	0.8061	n03889		1063		true
n02227	3	0.8061	n04469		181		true
n02228	3	0.8061	n04469		27		true
n02229	3	0.8061	n04469		13		true
n02230	3	0.8046	n04469		34		true
n02231	3	0.8041	n03613		1		true
n02232	3	0.8041	n03966		16		true
n02233	3	0.8041	n04925 n05122		68		true
n02234	3	0.8041	n03613		7		true
n02235	3	0.8041	n03889		277		true
n02236	3	0.8021	n04469		37		true
n02237	95	0.8000	n04469		1239		true
n02238	60	0.8000	n03613		215		true
n02239	42	0.8000	n04469		290		true
n02240	31	0.8000	n02627		459		true
n02241	25	0.8000	n02627		226		true
n02242	20	0.8000	n03613		442		true
n02243	20	0.8000	n04469		165		true
n02244	20	0.8000	n03613		657		true
n02245	18	0.8000	n04469		604		true
n02246	15	0.8000	n03500 n04052		696		true
n02247	14	0.8000	n03613		113		true
n02248	14	0.8000	n02627		551		true
n02249	15	0.8000	n02627 n03765		79		true
n02250	13	0.8000	n03613		54		true
n02251	13	0.8000	n03613		213		true
n02252	13	0.8000	n04469		97		true
n02253	13	0.8000	n03613		464		true
n02254	13	0.8000	n03613		126		true
n02255	12	0.8000	n03613 n04918		200		true
n02256	13	0.8000	n00938		197		true
n02257	11	0.8000	n04469		11		true
n02258	11	0.8000	n01421		160		true
n02259	11	0.8000	n03613		214		true
n02260	10	0.8000	n03613		202		true
n02261	10	0.8000	n03613		430		true
n02262	9	0.8000	n04469		110		true
n02263	9	0.8000	n01421		47		true
n02264	9	0.8000	n03613		185		true
n02265	8	0.8000	n01421		136		true
n02266	8	0.8000	n01421		389		true
n02267	7	0.8000	n04469		285		true
n02268	7	0.8000	n03613 n04469 n05331		48		true
n02269	7	0.8000	n01421		116		true
n02270	7	0.8000	n01421		3387		true
n02271	6	0.8000	n04420 n04754		34		true
n02272	6	0.8000	n04469		45		true
n02273	6	0.8000	n03613		37		true
n02274	6	0.8000	n02627		198		true
n02275	6	0.8000	n04469		84		true
n02276	6	0.8000	n04469		264		true
n02277	6	0.8000	n03613		342		true
n02278	6	0.8000	n04469		237		true
n02279	6	0.8000	n01421		128		true
n02280	5	0.8000	n04469		63		true
n02281	5	0.8000	n03769 n04699		120		true
n02282	5	0.8000	n04469		78		true
n02283	3	0.8000	n01421		99		true
n02284	3	0.8000	n04216		31		true
n02285	3	0.8000	n04469		3		true
n02286	3	0.8000	n02601		87		true
n02287	3	0.8000	n01421		18		true
n02288	3	0.8000	n03613		11		true
n02289	3	0.8000	n04469		704		true
n02290	3	0.8000	n03648		257		true
n02291	3	0.8000	n04469		103		true
n02292	7	0.7980	n03613		137		true
n02293	5	0.7980	n03613		24		true
n02294	3	0.7980	n04469		139		true
n02295	3	0.7980	n04469		642		true
n02296	3	0.7980	n01421 n03238		217		true
n02297	3	0.7979	n04469		660		true
n02298	6	0.7959	n04469		42		true
n02299	3	0.7959	n04469		24		true
n02300	3	0.7959	n03613		51		true
n02301	3	0.7959	n04469		31		true
n02302	3	0.7957	n00938 n03767		61		true
n02303	3	0.7957	n03613 n04469 n04918		127		true
n02304	3	0.7955	n03613		1		true
n02305	3	0.7938	n04469		1575		true
n02306	3	0.7938	n01421 n04079		256		true
n02307	3	0.7938	n01421		31		true
n02308	3	0.7938	n01421		55		true
n02309	3	0.7917	n03896 n04469		9		true
n02310	81	0.7900	n03613		348		true
n02311	71	0.7900	n03613		543		true
n02312	24	0.7900	n02627 n04276		748		true
n02313	17	0.7900	n03613		250		true
n02314	15	0.7900	n03000		215		true
n02315	14	0.7900	n04469		201		true
n02316	14	0.7900	n02627		170		true
n02317	13	0.7900	n04917		823		true
n02318	13	0.7900	n01421		226		true
n02319	13	0.7900	n03820		84		true
n02320	12	0.7900	n04469		113		true
n02321	12	0.7900		n00222 n01107 n01767 n01977 n02747	167		true
n02322	12	0.7900	n04469		98		true
n02323	12	0.7900	n04469		1924		true
n02324	11	0.7900	n01421		247		true
n02325	13	0.7900	n04469		86		true
n02326	11	0.7900	n04469		27		true
n02327	10	0.7900	n01421 n02628		553		true
n02328	11	0.7900	n04925		129		true
n02329	11	0.7900	n04469		180		true
n02330	10	0.7900	n02627		449		true
n02331	9	0.7900	n01421		232		true
n02332	9	0.7900	n03613		167		true
n02333	9	0.7900	n04469		15		true
n02334	8	0.7900	n01421		61		true
n02335	9	0.7900	n02627		151		true
n02336	9	0.7900	n05043		747		true
n02337	8	0.7900	n02627		98		true
n02338	7	0.7900	n03613		174		true
n02339	7	0.7900	n01421		167		true
n02340	7	0.7900	n04469		692		true
n02341	7	0.7900	n04469		317		true
n02342	6	0.7900	n01421 n03905		92		true
n02343	6	0.7900	n04469		43		true
n02344	5	0.7900	n03613 n05010		24		true
n02345	5	0.7900	n04469		19		true
n02346	5	0.7900	n03613		152		true
n02347	3	0.7900	n03613		44		true
n02348	3	0.7900	n04469		95		true
n02349	3	0.7900	n03613		20		true
n02350	3	0.7900	n03613		100		true
n02351	3	0.7900	n03613		888		true
n02352	3	0.7900	n04469		20		true
n02353	3	0.7900	n02627		61		true
n02354	3	0.7900	n03613		72		true
n02355	7	0.7879	n00938		300		true
n02356	7	0.7879	n03613		175		true
n02357	7	0.7879	n04469		21		true
n02358	6	0.7849	n03896 n04469		10		true
n02359	263	0.7800	n04469		1923		true
n02360	27	0.7800	n03000		344		true
n02361	27	0.7800	n03137		380		true
n02362	19	0.7800	n03613		128		true
n02363	19	0.7800	n04469		274		true
n02364	18	0.7800	n03500 n04052		696		true
n02365	19	0.7800	n04469 n05331		55		true
n02366	19	0.7800	n03613		229		true
n02367	17	0.7800	n02627		340		true
n02368	14	0.7800	n04469		211		true
n02369	12	0.7800	n03613		139		true
n02370	12	0.7800	n01421		39		true
n02371	11	0.7800	n04469		98		true
n02372	11	0.7800	n02627		479		true
n02373	10	0.7800	n04469		112		true
n02374	11	0.7800	n01421 n03905		131		true
n02375	10	0.7800	n02627		370		true
n02376	11	0.7800	n04469		63		true
n02377	9	0.7800	n01421 n02628		70		true
n02378	9	0.7800	n03613		74		true
n02379	9	0.7800	n03896 n04469		67		true
n02380	9	0.7800	n05122		2229		true
n02381	9	0.7800	n03265 n04051		136		true
n02382	8	0.7800	n03613		79		true
n02383	8	0.7800	n03158 n03613		1760		true
n02384	8	0.7800	n01421 n03613		487		true
n02385	7	0.7800	n02627		27		true
n02386	7	0.7800	n02627		94		true
n02387	7	0.7800	n03613 n04191		395		true
n02388	7	0.7800	n03613		52		true
n02389	7	0.7800	n03896 n04469		66		true
n02390	7	0.7800	n02627		317		true
n02391	7	0.7800	n04469		192		true
n02392	8	0.7800	n01421		181		true
n02393	6	0.7800	n03613		31		true
n02394	6	0.7800	n01421 n02628		37		true
n02395	6	0.7800	n03613 n04047 n04968		80		true
n02396	6	0.7800	n03456		970		true
n02397	5	0.7800	n03613		76		true
n02398	5	0.7800	n01421		371		true
n02399	7	0.7778	n03613		38		true
n02400	5	0.7755	n03613		163		true
n02401	79	0.7700	n04469		816		true
n02402	41	0.7700	n00938		576		true
n02403	30	0.7700	n04469		166		true
n02404	25	0.7700	n02627		612		true
n02405	20	0.7700	n03613		188		true
n02406	22	0.7700	n03747		396		true
n02407	21	0.7700	n04469		111		true
n02408	19	0.7700	n02627		486		true
n02409	19	0.7700	n04469		282		true
n02410	18	0.7700	n01421		163		true
n02411	16	0.7700	n04469		92		true
n02412	15	0.7700	n02627		185		true
n02413	14	0.7700	n04469		166		true
n02414	14	0.7700	n03613		220		true
n02415	15	0.7700	n02627		281		true
n02416	14	0.7700	n02627		48		true
n02417	14	0.7700	n03613		43		true
n02418	12	0.7700	n03613		30		true
n02419	14	0.7700	n04469		222		true
n02420	11	0.7700	n03380		185		true
n02421	12	0.7700	n04469		56		true
n02422	11	0.7700	n02627		163		true
n02423	10	0.7700	n03904 n04058		2265		true
n02424	10	0.7700	n03613		139		true
n02425	10	0.7700	n02627		307		true
n02426	9	0.7700	n01421		227		true
n02427	9	0.7700	n04469		185		true
n02428	9	0.7700	n01421		145		true
n02429	8	0.7700	n03613		87		true
n02430	8	0.7700	n03137		94		true
n02431	9	0.7700	n03613		529		true
n02432	8	0.7700	n02627		174		true
n02433	8	0.7700	n03613		149		true
n02434	7	0.7700	n03613		136		true
n02435	8	0.7700	n03613		119		true
n02436	6	0.7700	n01421 n02628		367		true
n02437	6	0.7700	n04469		53		true
n02438	6	0.7700	n03769		850		true
n02439	6	0.7700	n04469		121		true
n02440	6	0.7700	n00938		319		true
n02441	5	0.7700	n03613		108		true
n02442	5	0.7700	n03613		100		true
n02443	5	0.7700	n03613		110		true
n02444	5	0.7700	n01421		31		true
n02445	6	0.7700	n03613		69		true
n02446	5	0.7677	n04469		1258		true
n02447	55	0.7600	n01421		536		true
n02448	44	0.7600	n03820		1836		true
n02449	32	0.7600	n04469		359		true
n02450	23	0.7600	n04469		135		true
n02451	22	0.7600	n02589 n03613		335		true
n02452	22	0.7600	n03747		244		true
n02453	21	0.7600	n01421		625		true
n02454	18	0.7600	n03000		211		true
n02455	16	0.7600	n03613		171		true
n02456	16	0.7600	n01421		273		true
n02457	16	0.7600	n01421 n02628		178		true
n02458	17	0.7600	n01421		4228		true
n02459	15	0.7600	n02627 n04276		625		true
n02460	13	0.7600	n04469		112		true
n02461	12	0.7600	n01421		73		true
n02462	12	0.7600	n03492		224		true
n02463	11	0.7600	n03613		65		true
n02464	11	0.7600	n04469		201		true
n02465	10	0.7600	n01421		160		true
n02466	11	0.7600	n04469		58		true
n02467	10	0.7600	n04191		539		true
n02468	9	0.7600	n04469		70		true
n02469	10	0.7600	n04469		707		true
n02470	8	0.7600	n02627		142		true
n02471	8	0.7600	n04469		75		true
n02472	7	0.7600	n04839		61		true
n02473	7	0.7600	n04469		71		true
n02474	7	0.7600	n03137		289		true
n02475	7	0.7600	n03613 n04918		186		true
n02476	7	0.7600	n01421		1027		true
n02477	6	0.7600	n03613		256		true
n02478	6	0.7600	n03613		127		true
n02479	5	0.7600	n01421 n03613		264		true
n02480	5	0.7600	n01421		119		true
n02481	5	0.7600	n01421		39		true
n02482	5	0.7576	n02602 n03838		73		true
n02483	5	0.7576	n05122		135		true
n02484	7	0.7551	n03613		111		true
n02485	39	0.7500	n03613		318		true
n02486	40	0.7500	n04920		612		true
n02487	32	0.7500	n03613 n04191		1059		true
n02488	34	0.7500	n04469		139		true
n02489	27	0.7500	n04469		174		true
n02490	28	0.7500	n02627		99		true
n02491	26	0.7500	n03613		603		true
n02492	25	0.7500	n02627		249		true
n02493	23	0.7500	n03613		456		true
n02494	22	0.7500	n01421 n02628		457		true
n02495	18	0.7500	n04469		191		true
n02496	15	0.7500	n05350		999		true
n02497	14	0.7500	n02627		115		true
n02498	12	0.7500	n03435 n05134		190		true
n02499	11	0.7500	n04469		645		true
n02500	12	0.7500	n04917		531		true
n02501	11	0.7500	n03613		120		true
n02502	10	0.7500	n03613		87		true
n02503	10	0.7500	n03613		636		true
n02504	9	0.7500	n04469		47		true
n02505	9	0.7500	n03613		228		true
n02506	9	0.7500	n03613		171		true
n02507	9	0.7500	n03613		118		true
n02508	9	0.7500	n03613		229		true
n02509	9	0.7500	n04469		160		true
n02510	9	0.7500	n04469		203		true
n02511	8	0.7500	n02627		157		true
n02512	8	0.7500	n01421		450		true
n02513	8	0.7500	n02627		1065		true
n02514	7	0.7500	n03613		152		true
n02515	7	0.7500	n01421		41		true
n02516	7	0.7500	n03613		38		true
n02517	7	0.7500	n03613		372		true
n02518	7	0.7500	n03613		64		true
n02519	8	0.7500	n04469		2298		true
n02520	7	0.7500	n01421 n05142		220		true
n02521	8	0.7500	n04469		27		true
n02522	7	0.7500	n03613		325		true
n02523	7	0.7500	n03613		94		true
n02524	6	0.7500	n01421		55		true
n02525	6	0.7500	n04469		37		true
n02526	6	0.7500	n04469		63		true
n02527	7	0.7500	n04469 n04920		320		true
n02528	6	0.7500	n04469		37		true
n02529	6	0.7500	n03238		232		true
n02530	6	0.7475	n04469		42		true
n02531	5	0.7449	n03613		88		true
n02532	6	0.7449	n04469		110		true
n02533	5	0.7449	n03613		1390		true
n02534	183	0.7400	n04469		2466		true
n02535	71	0.7400	n03613		1698		true
n02536	44	0.7400	n04469		744		true
n02537	32	0.7400	n01421		368		true
n02538	25	0.7400		n00192 n00324 n00599 n01586 n01702 n02112 n02884 n03039 n03381 n03398 n04644	4463		true
n02539	22	0.7400	n01421		256		true
n02540	19	0.7400	n04469		202		true
n02541	17	0.7400	n02627		546		true
n02542	17	0.7400	n04469		48		true
n02543	17	0.7400	n03435		238		true
n02544	16	0.7400	n04469		241		true
n02545	14	0.7400	n03613		548		true
n02546	14	0.7400	n04469		130		true
n02547	14	0.7400	n04469		295		true
n02548	13	0.7400	n03613		920		true
n02549	15	0.7400	n03613		140		true
n02550	11	0.7400	n04469		30		true
n02551	13	0.7400	n03889		268		true
n02552	11	0.7400	n02627		191		true
n02553	12	0.7400	n04469		334		true
n02554	11	0.7400	n01421		449		true
n02555	10	0.7400	n02627		43		true
n02556	11	0.7400	n01421 n02628		164		true
n02557	10	0.7400	n04469		591		true
n02558	10	0.7400	n04925 n05122		115		true
n02559	9	0.7400	n04469		697		true
n02560	9	0.7400	n01421		219		true
n02561	9	0.7400	n01421		149		true
n02562	8	0.7400	n02627		128		true
n02563	8	0.7400	n04469		192		true
n02564	9	0.7400	n04469		54		true
n02565	8	0.7400	n03613		325		true
n02566	8	0.7400	n03492		200		true
n02567	8	0.7400	n02627		139		true
n02568	8	0.7400	n04469		130		true
n02569	8	0.7400	n04469		110		true
n02570	8	0.7400	n01421		65		true
n02571	7	0.7400	n05147		61		true
n02572	7	0.7400	n03613 n04377 n04469		81		true
n02573	8	0.7400	n03613		279		true
n02574	6	0.7400	n01421		15		true
n02575	6	0.7400	n04469		29		true
n02576	6	0.7400	n04920		292		true
n02577	6	0.7400	n04469		26		true
n02578	6	0.7400	n02627		1065		true
n02579	5	0.7400	n01608		55		true
n02580	5	0.7400	n04469		17		true
n02581	5	0.7400	n01421		219		true
n02582	9	0.7374	n00691		75		true
n02583	5	0.7374	n03889		1709		true
n02584	5	0.7374	n03446 n03453		88		true
n02585	6	0.7347	n04469 n04920		381		true
n02586	51	0.7300	n03613		423		true
n02587	35	0.7300	n02627		114		true
n02588	26	0.7300	n03613		349		true
n02589	25	0.7300		n00698 n01156 n01631 n01895 n02128 n02451 n02930 n04253 n04312 n04348	375		true
n02590	24	0.7300	n04469		294		true
n02591	17	0.7300	n04469		107		true
n02592	16	0.7300	n04469		743		true
n02593	15	0.7300	n04469		417		true
n02594	14	0.7300	n02627		53		true
n02595	13	0.7300	n01421		261		true
n02596	11	0.7300	n04377 n04469		1427		true
n02597	11	0.7300	n03613		332		true
n02598	10	0.7300	n04469		72		true
n02599	9	0.7300	n04469		55		true
n02600	10	0.7300	n02627		132		true
n02601	10	0.7300		n00771 n02286 n03673	164		true
n02602	9	0.7300		n02482	115		true
n02603	9	0.7300	n01608		146		true
n02604	9	0.7300	n04469 n04728		104		true
n02605	8	0.7300	n03613		58		true
n02606	8	0.7300	n02855 n05054		612		true
n02607	8	0.7300	n04469		251		true
n02608	8	0.7300	n04469		2197		true
n02609	7	0.7300	n03820		167		true
n02610	7	0.7300	n01421		315		true
n02611	7	0.7300	n02627		97		true
n02612	7	0.7300	n01421		89		true
n02613	6	0.7300	n04469		45		true
n02614	6	0.7300	n04469		36		true
n02615	6	0.7300	n04469		226		true
n02616	6	0.7300	n02627		48		true
n02617	6	0.7300	n03613		331		true
n02618	5	0.7300	n02627		36		true
n02619	5	0.7300	n02627		74		true
n02620	5	0.7300	n03613		76		true
n02621	5	0.7300	n02627		178		true
n02622	7	0.7273	n04469		96		true
n02623	7	0.7273	n01421		172		true
n02624	5	0.7245	n02627		20		true
n02625	5	0.7245	n02627		258		true
n02626	8	0.7216	n02627		241		true
n02627	1388	0.7200		n00004 n00017 n00019 n00035 n00044 n00045 n00051 n00052 n00053 n00061 n00075 n00082 n00083 n00084 n00088 n00101 n00102 n00107 n00119 n00123 n00124 n00133 n00136 n00137 n00156 n00157 n00165 n00166 n00182 n00187 n00192 n00193 n00202 n00206 n00210 n00213 n00237 n00238 n00243 n00245 n00250 n00277 n00278 n00281 n00283 n00285 n00286 n00288 n00296 n00297 n00303 n00309 n00313 n00317 n00323 n00329 n00331 n00336 n00345 n00347 n00392 n00393 n00403 n00407 n00412 n00414 n00417 n00424 n00432 n00435 n00437 n00438 n00461 n00466 n00510 n00517 n00524 n00530 n00538 n00549 n00550 n00552 n00557 n00563 n00574 n00618 n00619 n00620 n00625 n00628 n00630 n00635 n00637 n00667 n00681 n00684 n00694 n00697 n00702 n00725 n00731 n00736 n00742 n00768 n00770 n00786 n00803 n00815 n00817 n00821 n00828 n00833 n00838 n00841 n00859 n00869 n00871 n00886 n00891 n00899 n00900 n00904 n00911 n00916 n00933 n00941 n00942 n00990 n00994 n01002 n01005 n01012 n01029 n01030 n01043 n01050 n01051 n01056 n01057 n01060 n01065 n01079 n01082 n01088 n01120 n01123 n01135 n01136 n01140 n01141 n01148 n01150 n01151 n01159 n01177 n01179 n01206 n01211 n01213 n01219 n01220 n01224 n01230 n01236 n01260 n01282 n01291 n01297 n01304 n01312 n01323 n01324 n01325 n01331 n01344 n01363 n01372 n01380 n01389 n01403 n01405 n01406 n01423 n01426 n01432 n01438 n01450 n01453 n01454 n01457 n01461 n01468 n01469 n01484 n01488 n01491 n01501 n01505 n01506 n01508 n01513 n01528 n01534 n01538 n01546 n01553 n01556 n01559 n01560 n01568 n01569 n01581 n01582 n01585 n01586 n01590 n01596 n01600 n01607 n01613 n01618 n01629 n01635 n01640 n01647 n01656 n01657 n01666 n01668 n01677 n01683 n01684 n01691 n01693 n01698 n01702 n01718 n01727 n01739 n01750 n01760 n01777 n01785 n01787 n01788 n01793 n01807 n01808 n01809 n01810 n01815 n01840 n01845 n01863 n01865 n01871 n01873 n01889 n01894 n01898 n01910 n01919 n01932 n01935 n01945 n01949 n01952 n01956 n01959 n01961 n01964 n01966 n01970 n01971 n01974 n01976 n01985 n01987 n01993 n01997 n02005 n02007 n02024 n02026 n02029 n02041 n02045 n02048 n02058 n02074 n02082 n02089 n02090 n02091 n02092 n02094 n02100 n02102 n02104 n02106 n02108 n02112 n02116 n02136 n02144 n02147 n02154 n02163 n02164 n02169 n02185 n02188 n02189 n02192 n02204 n02217 n02240 n02241 n02248 n02249 n02274 n02312 n02316 n02330 n02335 n02337 n02353 n02367 n02372 n02375 n02385 n02386 n02390 n02404 n02408 n02412 n02415 n02416 n02422 n02425 n02432 n02459 n02470 n02490 n02492 n02497 n02511 n02513 n02541 n02552 n02555 n02562 n02567 n02578 n02587 n02594 n02600 n02611 n02616 n02618 n02619 n02621 n02624 n02625 n02626 n02629 n02636 n02646 n02647 n02650 n02667 n02670 n02671 n02675 n02676 n02677 n02680 n02685 n02692 n02700 n02712 n02719 n02722 n02723 n02741 n02760 n02765 n02768 n02770 n02771 n02773 n02778 n02781 n02787 n02789 n02792 n02793 n02794 n02800 n02802 n02818 n02819 n02820 n02824 n02825 n02830 n02844 n02848 n02867 n02879 n02884 n02885 n02891 n02897 n02903 n02908 n02922 n02948 n02956 n02959 n02962 n02968 n02971 n02983 n02984 n02991 n03016 n03039 n03042 n03043 n03045 n03056 n03061 n03066 n03067 n03068 n03077 n03078 n03082 n03088 n03094 n03099 n03104 n03129 n03132 n03136 n03149 n03162 n03176 n03192 n03193 n03219 n03222 n03223 n03224 n03253 n03260 n03288 n03329 n03377 n03405 n03414 n03423 n03426 n03429 n03432 n03444 n03465 n03476 n03480 n03496 n03504 n03532 n03537 n03540 n03541 n03549 n03555 n03559 n03568 n03575 n03588 n03590 n03593 n03612 n03616 n03617 n03624 n03627 n03631 n03633 n03642 n03644 n03670 n03671 n03678 n03680 n03694 n03697 n03717 n03735 n03737 n03751 n03757 n03758 n03762 n03778 n03783 n03792 n03803 n03805 n03810 n03815 n03831 n03849 n03852 n03855 n03865 n03866 n03871 n03877 n03897 n03900 n03903 n03909 n03914 n03921 n03922 n03926 n03932 n03935 n03945 n03951 n03953 n03957 n03964 n03967 n03974 n03976 n03981 n03986 n03988 n03995 n03996 n03999 n04006 n04010 n04016 n04030 n04037 n04039 n04062 n04092 n04093 n04105 n04106 n04108 n04119 n04121 n04129 n04146 n04167 n04171 n04174 n04185 n04203 n04205 n04212 n04235 n04236 n04265 n04271 n04277 n04281 n04289 n04290 n04310 n04324 n04331 n04345 n04359 n04368 n04370 n04391 n04392 n04397 n04411 n04417 n04441 n04443 n04444 n04473 n04476 n04484 n04485 n04488 n04497 n04503 n04539 n04545 n04559 n04564 n04568 n04570 n04571 n04574 n04587 n04589 n04601 n04606 n04608 n04610 n04622 n04636 n04639 n04641 n04644 n04661 n04666 n04688 n04691 n04694 n04696 n04697 n04700 n04737 n04744 n04752 n04778 n04792 n04802 n04816 n04818 n04822 n04824 n04826 n04832 n04834 n04837 n04845 n04849 n04853 n04879 n04882 n04885 n04892 n04912 n04915 n04937 n04944 n04946 n04951 n04954 n04967 n04972 n04978 n04980 n04990 n04999 n05002 n05011 n05027 n05040 n05045 n05057 n05058 n05059 n05086 n05088 n05096 n05100 n05107 n05110 n05112 n05118 n05129 n05135 n05136 n05138 n05140 n05144 n05146 n05156 n05160 n05161 n05170 n05171 n05179 n05194 n05200 n05219 n05222 n05224 n05243 n05253 n05277 n05279 n05285 n05303 n05310 n05312 n05319 n05324 n05330 n05341 n05346 n05362 n05369 n05375 n05420 n05425 n05432	10541		true
n02628	161	0.7200		n00175 n00258 n00315 n00357 n00453 n00472 n00580 n00627 n00674 n00717 n00789 n00818 n00819 n00860 n00960 n01122 n01286 n01315 n01437 n01486 n01583 n01615 n01672 n01704 n01742 n01779 n01903 n02012 n02024 n02125 n02138 n02327 n02377 n02394 n02436 n02457 n02494 n02556 n02729 n02738 n02811 n02813 n02845 n03235 n03248 n03339 n03564 n03707 n03768 n03847 n03861 n03887 n03891 n04020 n04128 n04172 n04222 n04229 n04399 n04423 n04442 n04445 n04477 n04586 n04680 n04681 n04682 n04769 n04776 n04796 n04811 n04874 n05022 n05162 n05249 n05345 n05352 n05403	1897		true
n02629	25	0.7200	n02627		386		true
n02630	23	0.7200	n04469		228		true
n02631	19	0.7200	n03613		140		true
n02632	16	0.7200	n04469		57		true
n02633	17	0.7200	n03613		200		true
n02634	15	0.7200	n04469		120		true
n02635	16	0.7200	n03613		404		true
n02636	14	0.7200	n02627		222		true
n02637	13	0.7200	n03613		246		true
n02638	10	0.7200	n03613		289		true
n02639	10	0.7200	n00938		300		true
n02640	9	0.7200	n04469		193		true
n02641	9	0.7200	n04469		55		true
n02642	9	0.7200	n04469		334		true
n02643	9	0.7200	n01421		64		true
n02644	10	0.7200	n04469		48		true
n02645	9	0.7200	n04469		52		true
n02646	8	0.7200	n02627		487		true
n02647	8	0.7200	n02627		107		true
n02648	9	0.7200	n01421		645		true
n02649	7	0.7200	n01421		64		true
n02650	7	0.7200	n02627		194		true
n02651	7	0.7200	n03613		300		true
n02652	7	0.7200	n04469		97		true
n02653	8	0.7200	n03613		69		true
n02654	7	0.7200	n03613		282		true
n02655	7	0.7200	n03613		183		true
n02656	6	0.7200	n04469		41		true
n02657	6	0.7200	n05350		82		true
n02658	6	0.7200	n03613		172		true
n02659	5	0.7200	n01923		80		true
n02660	5	0.7200	n03613		367		true
n02661	5	0.7200	n03613		1654		true
n02662	5	0.7200	n04469		19		true
n02663	8	0.7172	n04469		58		true
n02664	5	0.7172	n03822		85		true
n02665	63	0.7100	n04469		134		true
n02666	47	0.7100	n03613		616		true
n02667	44	0.7100	n02627		133		true
n02668	36	0.7100	n03613		951		true
n02669	35	0.7100	n04469		90		true
n02670	35	0.7100	n02627		1394		true
n02671	35	0.7100	n02627		2126		true
n02672	20	0.7100	n04469		76		true
n02673	21	0.7100	n03613		162		true
n02674	18	0.7100	n03613		112		true
n02675	18	0.7100	n02627		194		true
n02676	18	0.7100	n02627		1580		true
n02677	18	0.7100	n02627		237		true
n02678	18	0.7100	n04469		83		true
n02679	15	0.7100	n04469		139		true
n02680	14	0.7100	n02627		129		true
n02681	14	0.7100	n04469		69		true
n02682	13	0.7100	n04469		105		true
n02683	14	0.7100	n04213 n04469		1204		true
n02684	13	0.7100	n03613		162		true
n02685	12	0.7100	n02627		146		true
n02686	12	0.7100	n04469		738		true
n02687	11	0.7100	n03613 n05010		11		true
n02688	12	0.7100	n04469		14		true
n02689	12	0.7100	n05039		395		true
n02690	11	0.7100	n03613		290		true
n02691	11	0.7100	n04469		2096		true
n02692	14	0.7100	n02627		257		true
n02693	10	0.7100	n04469		1071		true
n02694	11	0.7100	n03613 n05047		207		true
n02695	9	0.7100	n04469		11		true
n02696	11	0.7100	n04469		67		true
n02697	8	0.7100	n04925 n05122		56		true
n02698	8	0.7100	n04469		34		true
n02699	8	0.7100	n03613 n04276		188		true
n02700	8	0.7100	n02627		68		true
n02701	7	0.7100	n03613		45		true
n02702	7	0.7100	n03000		173		true
n02703	7	0.7100	n04469		333		true
n02704	6	0.7100	n03889		184		true
n02705	5	0.7100	n03613		47		true
n02706	5	0.7100	n03046		32		true
n02707	6	0.7071	n04469		388		true
n02708	5	0.7071	n03613		234		true
n02709	5	0.7041	n01421		20		true
n02710	5	0.7010	n03613		84		true
n02711	42	0.7000	n03613		933		true
n02712	37	0.7000	n02627		970		true
n02713	29	0.7000	n03613		624		true
n02714	27	0.7000	n00938		478		true
n02715	26	0.7000	n03613		635		true
n02716	23	0.7000	n04469		242		true
n02717	19	0.7000	n04469		646		true
n02718	20	0.7000	n03613		226		true
n02719	18	0.7000	n02627 n04735		224		true
n02720	16	0.7000	n04469		708		true
n02721	13	0.7000	n03613		183		true
n02722	13	0.7000	n02627 n04276		368		true
n02723	13	0.7000	n02627		227		true
n02724	11	0.7000	n04469 n04728		28		true
n02725	11	0.7000	n01421		93		true
n02726	11	0.7000	n03712 n03896		121		true
n02727	11	0.7000	n03613		178		true
n02728	11	0.7000	n03137		114		true
n02729	11	0.7000	n01421 n02628		345		true
n02730	10	0.7000	n04469		86		true
n02731	9	0.7000	n03613		44		true
n02732	9	0.7000	n01421		74		true
n02733	9	0.7000	n03613		90		true
n02734	10	0.7000	n04469		743		true
n02735	10	0.7000	n01421		213		true
n02736	8	0.7000	n03152		292		true
n02737	8	0.7000	n01421		127		true
n02738	8	0.7000	n01421 n02628		77		true
n02739	8	0.7000	n04469		52		true
n02740	9	0.7000	n03613		225		true
n02741	9	0.7000	n02627 n04276		425		true
n02742	7	0.7000	n01421		351		true
n02743	7	0.7000	n01421		55		true
n02744	6	0.7000	n03613		673		true
n02745	6	0.7000	n01421		85		true
n02746	6	0.7000	n01421		120		true
n02747	6	0.7000	n02321 n04084		83		true
n02748	6	0.7000	n04469		362		true
n02749	6	0.7000	n03613		39		true
n02750	7	0.7000	n04469		45		true
n02751	6	0.7000	n03435 n05134		48		true
n02752	5	0.7000	n04469		33		true
n02753	5	0.7000	n01421		80		true
n02754	6	0.6970	n04469		117		true
n02755	5	0.6970	n04469		84		true
n02756	6	0.6970	n03613 n03980		5142		true
n02757	5	0.6947	n03613		12		true
n02758	56	0.6900	n01421		743		true
n02759	51	0.6900	n04469		110		true
n02760	43	0.6900	n02627		275		true
n02761	33	0.6900	n04469		245		true
n02762	30	0.6900	n03613		263		true
n02763	30	0.6900	n02855		649		true
n02764	29	0.6900	n01421		364		true
n02765	25	0.6900	n02627		2126		true
n02766	24	0.6900	n04917		588		true
n02767	21	0.6900	n04469		612		true
n02768	22	0.6900	n02627		681		true
n02769	20	0.6900	n03137		327		true
n02770	18	0.6900	n02627 n04276		251		true
n02771	16	0.6900	n02627		239		true
n02772	16	0.6900	n04469		646		true
n02773	17	0.6900	n02627		486		true
n02774	15	0.6900	n01421		141		true
n02775	13	0.6900	n04925 n05122		122		true
n02776	13	0.6900	n03613		87		true
n02777	13	0.6900	n03000		191		true
n02778	11	0.6900	n02627		160		true
n02779	12	0.6900	n03820		265		true
n02780	11	0.6900	n03492		1006		true
n02781	11	0.6900	n02627		199		true
n02782	12	0.6900	n01421		235		true
n02783	10	0.6900	n04469		67		true
n02784	10	0.6900	n04469		77		true
n02785	10	0.6900	n03613		600		true
n02786	10	0.6900	n03613		282		true
n02787	10	0.6900	n02627		159		true
n02788	9	0.6900	n04469		42		true
n02789	9	0.6900	n02627		127		true
n02790	11	0.6900	n04469		109		true
n02791	8	0.6900	n03613 n04276		194		true
n02792	8	0.6900	n02627		137		true
n02793	8	0.6900	n02627		475		true
n02794	7	0.6900	n02627		88		true
n02795	7	0.6900	n03613 n04191		146		true
n02796	7	0.6900	n03613		343		true
n02797	7	0.6900	n03613		186		true
n02798	7	0.6900	n03613		63		true
n02799	7	0.6900	n01421 n03905		30		true
n02800	7	0.6900	n02627		101		true
n02801	6	0.6900	n05350		988		true
n02802	6	0.6900	n02627		277		true
n02803	5	0.6900	n04469		82		true
n02804	6	0.6869	n04469		50		true
n02805	6	0.6869	n01421		281		true
n02806	67	0.6800	n04469		494		true
n02807	38	0.6800	n03613		1153		true
n02808	35	0.6800	n03613		797		true
n02809	23	0.6800	n03613		148		true
n02810	19	0.6800	n04469		118		true
n02811	19	0.6800	n01421 n02628		178		true
n02812	18	0.6800	n04469		441		true
n02813	16	0.6800	n01421 n02628		139		true
n02814	17	0.6800	n03613		273		true
n02815	16	0.6800	n04469		58		true
n02816	16	0.6800	n01421		212		true
n02817	14	0.6800	n05142		2081		true
n02818	15	0.6800	n02627		1580		true
n02819	15	0.6800	n02627		540		true
n02820	14	0.6800	n02627		275		true
n02821	13	0.6800	n01421		130		true
n02822	14	0.6800	n04917		863		true
n02823	13	0.6800	n04469		29		true
n02824	13	0.6800	n02627		238		true
n02825	15	0.6800	n02627		457		true
n02826	11	0.6800	n04469		62		true
n02827	11	0.6800	n03613		165		true
n02828	14	0.6800	n04469		315		true
n02829	11	0.6800	n03000		206		true
n02830	11	0.6800	n02627		593		true
n02831	10	0.6800	n02855		118		true
n02832	9	0.6800	n03613		96		true
n02833	9	0.6800	n04933		170		true
n02834	9	0.6800	n04469		38		true
n02835	9	0.6800	n04469		63		true
n02836	8	0.6800	n03613		40		true
n02837	9	0.6800	n03613		230		true
n02838	8	0.6800	n03613		112		true
n02839	9	0.6800	n03613		113		true
n02840	8	0.6800	n04469		58		true
n02841	8	0.6800	n01421		1027		true
n02842	7	0.6800			72		true
n02843	7	0.6800	n04469		55		true
n02844	7	0.6800	n02627		323		true
n02845	6	0.6800	n01421 n02628 n03765		39		true
n02846	6	0.6800	n04469		5		true
n02847	6	0.6800	n04216		32		true
n02848	6	0.6800	n02627		274		true
n02849	7	0.6800	n03613		48		true
n02850	5	0.6800	n01421		159		true
n02851	6	0.6768	n03613		62		true
n02852	5	0.6735	n03613		50		true
n02853	45	0.6700	n03889		1223		true
n02854	33	0.6700	n03613		179		true
n02855	32	0.6700		n00547 n00983 n01287 n01298 n02219 n02606 n02763 n02831 n02859 n02904 n03210 n03310 n03562 n03600 n04163 n04251	649		true
n02856	29	0.6700	n04469		468		true
n02857	29	0.6700	n04469		1371		true
n02858	27	0.6700	n04469		172		true
n02859	23	0.6700	n02855		250		true
n02860	21	0.6700	n03613		200		true
n02861	22	0.6700	n04469		294		true
n02862	14	0.6700	n03613		234		true
n02863	14	0.6700	n04469		162		true
n02864	13	0.6700	n03613		347		true
n02865	11	0.6700	n03613		2485		true
n02866	11	0.6700	n04469		119		true
n02867	12	0.6700	n02627		361		true
n02868	10	0.6700	n03613		93		true
n02869	11	0.6700	n03613		689		true
n02870	10	0.6700	n03613		60		true
n02871	9	0.6700	n01608		171		true
n02872	9	0.6700		n01580	46		true
n02873	8	0.6700	n04469		56		true
n02874	8	0.6700	n04469		36		true
n02875	8	0.6700	n04469		67		true
n02876	7	0.6700	n03613		54		true
n02877	7	0.6700		n01153	361		true
n02878	7	0.6700	n04469		37		true
n02879	7	0.6700	n02627 n04276		250		true
n02880	7	0.6700	n04469		151		true
n02881	7	0.6700	n03613		63		true
n02882	8	0.6700	n03980		5783		true
n02883	7	0.6700	n03889		2160		true
n02884	8	0.6700	n02538 n02627		3361		true
n02885	6	0.6700	n02627 n04276		25		true
n02886	6	0.6700	n04469		96		true
n02887	5	0.6700	n01421		117		true
n02888	5	0.6700	n03613		26		true
n02889	5	0.6667	n04469		154		true
n02890	54	0.6600	n03613		272		true
n02891	37	0.6600	n02627		1526		true
n02892	34	0.6600	n03613 n04918		448		true
n02893	36	0.6600	n04469		188		true
n02894	28	0.6600	n03613		191		true
n02895	27	0.6600	n04469		211		true
n02896	26	0.6600	n04469		75		true
n02897	23	0.6600	n02627		270		true
n02898	20	0.6600	n04469		43		true
n02899	19	0.6600	n04839		105		true
n02900	17	0.6600	n04469		147		true
n02901	17	0.6600	n04469		605		true
n02902	18	0.6600	n04469		365		true
n02903	18	0.6600	n02627		1916		true
n02904	17	0.6600	n02855		248		true
n02905	16	0.6600	n03613		438		true
n02906	15	0.6600	n03613		325		true
n02907	13	0.6600	n03613		163		true
n02908	14	0.6600	n02627		221		true
n02909	14	0.6600	n03613		117		true
n02910	12	0.6600	n01421		129		true
n02911	12	0.6600	n03613		969		true
n02912	12	0.6600	n01421		258		true
n02913	11	0.6600	n03613		384		true
n02914	11	0.6600	n04469		43		true
n02915	10	0.6600	n04765 n04839		69		true
n02916	10	0.6600	n04469		192		true
n02917	10	0.6600	n04469		78		true
n02918	11	0.6600	n04469		226		true
n02919	9	0.6600	n01608		70		true
n02920	10	0.6600	n03613		85		true
n02921	9	0.6600	n04469		102		true
n02922	9	0.6600	n02627		509		true
n02923	9	0.6600	n03613		224		true
n02924	8	0.6600	n01421		451		true
n02925	8	0.6600	n04469		102		true
n02926	8	0.6600	n01421		1938		true
n02927	8	0.6600	n04469		322		true
n02928	7	0.6600	n03613		50		true
n02929	7	0.6600	n03613		393		true
n02930	7	0.6600	n02589		153		true
n02931	7	0.6600	n04469		78		true
n02932	7	0.6600	n04469		85		true
n02933	7	0.6600	n01421		168		true
n02934	6	0.6600	n01421		405		true
n02935	6	0.6600	n04925 n05122		105		true
n02936	5	0.6600	n04469		22		true
n02937	5	0.6600	n05407		91		true
n02938	6	0.6600	n03613		689		true
n02939	5	0.6600	n03613		73		true
n02940	7	0.6566	n04469		115		true
n02941	6	0.6566	n04469		23		true
n02942	5	0.6566	n03613 n04227 n04918		60		true
n02943	5	0.6566	n03613		46		true
n02944	5	0.6562	n04469		86		true
n02945	2113	0.6500	n04469		9516		true
n02946	127	0.6500	n03613		1333		true
n02947	71	0.6500	n03613		208		true
n02948	56	0.6500	n02627		1377		true
n02949	43	0.6500	n04469		678		true
n02950	35	0.6500	n04469		241		true
n02951	26	0.6500	n03613		443		true
n02952	25	0.6500	n01421		345		true
n02953	24	0.6500	n04469		36		true
n02954	25	0.6500	n01421		439		true
n02955	23	0.6500	n04469		63		true
n02956	18	0.6500	n02627		225		true
n02957	17	0.6500	n03613		222		true
n02958	18	0.6500	n04469		325		true
n02959	16	0.6500	n02627		71		true
n02960	16	0.6500	n04920		403		true
n02961	16	0.6500	n04469		72		true
n02962	17	0.6500	n02627		236		true
n02963	17	0.6500	n01421		252		true
n02964	16	0.6500	n01608		332		true
n02965	15	0.6500	n04469		350		true
n02966	15	0.6500	n04196		1494		true
n02967	14	0.6500	n03613		131		true
n02968	15	0.6500	n02627		109		true
n02969	15	0.6500	n03747		239		true
n02970	13	0.6500	n04469		78		true
n02971	13	0.6500	n02627		1451		true
n02972	12	0.6500	n03613		93		true
n02973	12	0.6500	n04469		141		true
n02974	13	0.6500	n04469		68		true
n02975	11	0.6500	n04469		214		true
n02976	11	0.6500	n03613		183		true
n02977	11	0.6500	n03613		104		true
n02978	11	0.6500	n03613		296		true
n02979	10	0.6500	n01421 n05142		714		true
n02980	10	0.6500	n01421		173		true
n02981	10	0.6500	n01421		84		true
n02982	11	0.6500	n05364		259		true
n02983	10	0.6500	n02627		484		true
n02984	9	0.6500	n02627		1391		true
n02985	8	0.6500	n03137		113		true
n02986	8	0.6500	n04469		29		true
n02987	8	0.6500	n04469		498		true
n02988	8	0.6500	n04469		3184		true
n02989	8	0.6500	n03613		148		true
n02990	7	0.6500	n04469		33		true
n02991	7	0.6500	n02627		1546		true
n02992	7	0.6500	n01421		37		true
n02993	6	0.6500	n03265		50		true
n02994	6	0.6500	n01421		479		true
n02995	6	0.6500	n04469		90		true
n02996	6	0.6500	n03747		131		true
n02997	5	0.6500	n03492		160		true
n02998	5	0.6500	n01421 n04214		42		true
n02999	8	0.6429	n03613		37		true
n03000	59	0.6400		n00413 n00493 n00883 n01023 n01326 n01349 n01495 n01515 n01561 n02002 n02085 n02314 n02360 n02454 n02702 n02777 n02829 n03059 n03143 n03189 n03397 n03448 n03495 n03499 n03825 n03830 n04258 n04660 n04711 n04717 n05198	827		true
n03001	38	0.6400	n03613 n05331		373		true
n03002	35	0.6400	n04469 n05331		110		true
n03003	35	0.6400	n04469		680		true
n03004	34	0.6400	n04469		280		true
n03005	31	0.6400	n01421		239		true
n03006	28	0.6400	n03613		1099		true
n03007	27	0.6400	n04469		380		true
n03008	22	0.6400	n04917		907		true
n03009	20	0.6400	n03613 n05010		30		true
n03010	18	0.6400	n03613		363		true
n03011	18	0.6400	n03747		207		true
n03012	13	0.6400	n01421		138		true
n03013	11	0.6400	n04469		162		true
n03014	12	0.6400	n03613		752		true
n03015	12	0.6400	n03613		147		true
n03016	11	0.6400	n02627		149		true
n03017	12	0.6400	n03613		427		true
n03018	11	0.6400	n04469		254		true
n03019	10	0.6400	n03613		119		true
n03020	10	0.6400	n01421		124		true
n03021	9	0.6400	n03613		256		true
n03022	9	0.6400	n03613		167		true
n03023	8	0.6400	n03613		93		true
n03024	8	0.6400	n01421		213		true
n03025	9	0.6400	n03613		384		true
n03026	8	0.6400	n04469		75		true
n03027	7	0.6400	n03613		54		true
n03028	7	0.6400	n04469		43		true
n03029	7	0.6400	n01421		49		true
n03030	7	0.6400	n03613		126		true
n03031	7	0.6400	n04469		63		true
n03032	7	0.6400	n03613		281		true
n03033	6	0.6400	n03613 n05331		176		true
n03034	6	0.6400	n03613		78		true
n03035	6	0.6400	n03613		54		true
n03036	6	0.6400	n01421		91		true
n03037	5	0.6400	n03613		110		true
n03038	6	0.6364	n04213 n04469		1203		true
n03039	5	0.6364	n02538 n02627		2503		true
n03040	36	0.6300	n04469		91		true
n03041	35	0.6300	n04469		484		true
n03042	31	0.6300	n02627		1526		true
n03043	21	0.6300	n02627		1308		true
n03044	19	0.6300	n03613		208		true
n03045	18	0.6300	n02627		96		true
n03046	16	0.6300		n00362 n00873 n00929 n02706 n04089 n05099	59		true
n03047	16	0.6300	n03765		58		true
n03048	14	0.6300	n03613		72		true
n03049	14	0.6300	n04196		454		true
n03050	13	0.6300	n03613		15		true
n03051	13	0.6300	n04469		1550		true
n03052	12	0.6300	n03613		165		true
n03053	12	0.6300	n04469		101		true
n03054	13	0.6300	n01421		805		true
n03055	13	0.6300	n03613		541		true
n03056	13	0.6300	n02627		257		true
n03057	11	0.6300	n04051 n04839		81		true
n03058	12	0.6300	n03822 n03904		274		true
n03059	11	0.6300	n03000		196		true
n03060	11	0.6300	n04469		59		true
n03061	11	0.6300	n02627		149		true
n03062	9	0.6300	n03613		72		true
n03063	10	0.6300	n04469		329		true
n03064	10	0.6300	n03613		514		true
n03065	11	0.6300	n03613		127		true
n03066	8	0.6300	n02627		178		true
n03067	8	0.6300	n02627		233		true
n03068	9	0.6300	n02627		399		true
n03069	8	0.6300	n03613		167		true
n03070	7	0.6300	n03839		93		true
n03071	8	0.6300	n00691		1041		true
n03072	7	0.6300	n03613		57		true
n03073	7	0.6300	n03613		117		true
n03074	7	0.6300	n04469		92		true
n03075	7	0.6300	n03613		325		true
n03076	7	0.6300	n01421		100		true
n03077	7	0.6300	n02627		124		true
n03078	6	0.6300	n02627		211		true
n03079	6	0.6300	n04469		14		true
n03080	6	0.6300	n03613		122		true
n03081	6	0.6300	n01421		1319		true
n03082	6	0.6300	n02627		36		true
n03083	6	0.6300	n01421		81		true
n03084	5	0.6300	n01421		137		true
n03085	5	0.6300	n04469		772		true
n03086	5	0.6300	n04469		31		true
n03087	7	0.6263	n04469		188		true
n03088	7	0.6224	n02627		173		true
n03089	90	0.6200	n03613		1310		true
n03090	61	0.6200	n04469		541		true
n03091	43	0.6200	n03613		318		true
n03092	33	0.6200	n04469		476		true
n03093	29	0.6200	n04469		718		true
n03094	28	0.6200	n02627		2126		true
n03095	23	0.6200	n04469		445		true
n03096	21	0.6200	n04469		144		true
n03097	20	0.6200	n04469		327		true
n03098	18	0.6200	n03613		355		true
n03099	17	0.6200	n02627		302		true
n03100	13	0.6200	n03613		1		true
n03101	13	0.6200	n03613		78		true
n03102	13	0.6200	n01421		380		true
n03103	14	0.6200	n00938		319		true
n03104	11	0.6200	n02627 n04276		250		true
n03105	11	0.6200	n04469		514		true
n03106	10	0.6200	n04469		60		true
n03107	10	0.6200	n03613 n04191		200		true
n03108	9	0.6200	n03613		126		true
n03109	9	0.6200	n03613		34		true
n03110	9	0.6200	n04469		109		true
n03111	9	0.6200	n03613		382		true
n03112	9	0.6200	n03613		437		true
n03113	9	0.6200	n03613		90		true
n03114	8	0.6200	n03769		1056		true
n03115	8	0.6200	n03613		332		true
n03116	9	0.6200	n03613		120		true
n03117	8	0.6200	n01421		82		true
n03118	7	0.6200	n03613 n05010		97		true
n03119	7	0.6200	n03613		225		true
n03120	7	0.6200	n03613		102		true
n03121	8	0.6200	n04469		120		true
n03122	7	0.6200	n03446		516		true
n03123	7	0.6200	n04469		127		true
n03124	7	0.6200	n01421		1154		true
n03125	7	0.6200	n04670		67		true
n03126	6	0.6200	n03613		221		true
n03127	6	0.6200	n03613		293		true
n03128	5	0.6200	n04469		5		true
n03129	5	0.6200	n02627		920		true
n03130	5	0.6122	n04469		97		true
n03131	46	0.6100	n03613		1407		true
n03132	43	0.6100	n02627		2207		true
n03133	39	0.6100	n04469		166		true
n03134	37	0.6100	n01421		408		true
n03135	32	0.6100	n04469		204		true
n03136	31	0.6100	n02627		778		true
n03137	30	0.6100		n00261 n00350 n00478 n00714 n01085 n01172 n01246 n02220 n02361 n02430 n02474 n02728 n02769 n02985 n04357 n04404 n05192	380		true
n03138	22	0.6100	n04469		459		true
n03139	23	0.6100	n03613		355		true
n03140	22	0.6100	n03613		487		true
n03141	24	0.6100	n04469		177		true
n03142	21	0.6100	n03613		158		true
n03143	16	0.6100	n03000		376		true
n03144	15	0.6100	n04377 n04469		1241		true
n03145	15	0.6100	n03613		363		true
n03146	14	0.6100	n03613		539		true
n03147	14	0.6100	n03613		689		true
n03148	14	0.6100	n03613		112		true
n03149	15	0.6100	n02627		530		true
n03150	13	0.6100	n04469		409		true
n03151	13	0.6100	n04469		151		true
n03152	13	0.6100		n01042 n01110 n01721 n02736	292		true
n03153	12	0.6100	n03839		108		true
n03154	13	0.6100	n01421 n05142		735		true
n03155	12	0.6100	n03613		572		true
n03156	11	0.6100	n04469		106		true
n03157	11	0.6100	n04664		3101		true
n03158	11	0.6100		n00460 n02383	1762		true
n03159	12	0.6100	n04469		240		true
n03160	10	0.6100	n03613		1170		true
n03161	10	0.6100	n03613		363		true
n03162	10	0.6100	n02627		41		true
n03163	10	0.6100	n03613		52		true
n03164	10	0.6100	n04469		692		true
n03165	10	0.6100	n03613		2026		true
n03166	10	0.6100		n01377 n01717 n02214 n05322	4364		true
n03167	10	0.6100	n01421		93		true
n03168	8	0.6100	n04469		36		true
n03169	8	0.6100	n03613		176		true
n03170	8	0.6100	n03649		72		true
n03171	7	0.6100	n03613 n05010		224		true
n03172	7	0.6100	n05190		63		true
n03173	7	0.6100	n04469		423		true
n03174	7	0.6100	n04469		177		true
n03175	7	0.6100	n04469		608		true
n03176	7	0.6100	n02627		49		true
n03177	6	0.6100	n03613		76		true
n03178	6	0.6100	n01421 n05142		81		true
n03179	6	0.6100	n03613		72		true
n03180	6	0.6100	n03613		35		true
n03181	6	0.6100	n01421		93		true
n03182	6	0.6100		n02147	66		true
n03183	6	0.6100	n04469		39		true
n03184	5	0.6100	n03613		47		true
n03185	88	0.6000	n04469		402		true
n03186	42	0.6000	n03613		1004		true
n03187	41	0.6000	n04918		504		true
n03188	41	0.6000	n04469		166		true
n03189	37	0.6000	n03000		668		true
n03190	30	0.6000	n03613		460		true
n03191	27	0.6000	n04469		72		true
n03192	27	0.6000	n02627		274		true
n03193	26	0.6000	n02627		490		true
n03194	26	0.6000	n04469		380		true
n03195	21	0.6000	n03613 n05331		324		true
n03196	21	0.6000	n03613		135		true
n03197	21	0.6000	n04047		1823		true
n03198	19	0.6000	n03613		336		true
n03199	18	0.6000	n03613		191		true
n03200	19	0.6000	n04377 n04469		1939		true
n03201	18	0.6000	n04469		127		true
n03202	20	0.6000	n04469		183		true
n03203	18	0.6000	n01421		339		true
n03204	17	0.6000	n03613		103		true
n03205	17	0.6000	n03613		901		true
n03206	17	0.6000	n01421		663		true
n03207	16	0.6000	n03492		251		true
n03208	16	0.6000	n03613		307		true
n03209	13	0.6000	n01421		57		true
n03210	13	0.6000	n02855		172		true
n03211	13	0.6000	n01421		663		true
n03212	13	0.6000	n04469		79		true
n03213	12	0.6000	n01421 n05142		732		true
n03214	13	0.6000	n03613		179		true
n03215	13	0.6000	n03613		163		true
n03216	12	0.6000	n03838		482		true
n03217	14	0.6000	n04469		578		true
n03218	12	0.6000	n03613		194		true
n03219	13	0.6000	n02627		1552		true
n03220	11	0.6000	n03613		574		true
n03221	11	0.6000	n04377 n04469		237		true
n03222	11	0.6000	n02627		765		true
n03223	10	0.6000	n02627		60		true
n03224	10	0.6000	n02627		424		true
n03225	10	0.6000	n03613		70		true
n03226	10	0.6000	n01421		54		true
n03227	10	0.6000	n04469		127		true
n03228	10	0.6000	n03435		88		true
n03229	9	0.6000	n04469		242		true
n03230	9	0.6000	n03822		166		true
n03231	9	0.6000	n04469		85		true
n03232	10	0.6000	n03613		84		true
n03233	8	0.6000	n04469		62		true
n03234	9	0.6000	n01421		117		true
n03235	8	0.6000	n01421 n02628		339		true
n03236	8	0.6000	n03613		142		true
n03237	8	0.6000	n04469		90		true
n03238	10	0.6000		n01891 n02296 n02529 n05113	278		true
n03239	9	0.6000	n04469		48		true
n03240	7	0.6000	n04469		450		true
n03241	7	0.6000	n04469		69		true
n03242	7	0.6000	n03613		76		true
n03243	7	0.6000	n01421		151		true
n03244	6	0.6000	n04469		46		true
n03245	6	0.6000	n03889		2248		true
n03246	7	0.6000	n03613		343		true
n03247	5	0.6000	n03712 n03896		28		true
n03248	102	0.5900	n01421 n02628		1635		true
n03249	41	0.5900	n03613		246		true
n03250	35	0.5900	n04728		380		true
n03251	28	0.5900	n00691		1043		true
n03252	28	0.5900	n01421		570		true
n03253	29	0.5900	n02627		1394		true
n03254	22	0.5900	n03613		161		true
n03255	20	0.5900	n03613		335		true
n03256	19	0.5900	n04469		196		true
n03257	18	0.5900	n03613		706		true
n03258	17	0.5900	n05142		2081		true
n03259	16	0.5900	n03613		470		true
n03260	15	0.5900	n02627		412		true
n03261	14	0.5900	n03613		655		true
n03262	14	0.5900	n03896 n04469		87		true
n03263	14	0.5900	n03613		292		true
n03264	13	0.5900	n01421		191		true
n03265	13	0.5900		n00792 n01660 n02381 n02993	183		true
n03266	12	0.5900	n04469 n04920		98		true
n03267	10	0.5900	n04469 n04754		98		true
n03268	11	0.5900	n03492		160		true
n03269	10	0.5900	n01421		201		true
n03270	9	0.5900	n04469		59		true
n03271	10	0.5900	n03613		77		true
n03272	9	0.5900	n04469		242		true
n03273	8	0.5900	n01421 n03613		36		true
n03274	8	0.5900	n05182		1039		true
n03275	8	0.5900	n03613		240		true
n03276	8	0.5900	n03613		49		true
n03277	8	0.5900	n03613		480		true
n03278	7	0.5900	n01421		307		true
n03279	7	0.5900	n03613		98		true
n03280	7	0.5900	n01421		34		true
n03281	7	0.5900		n00293	55		true
n03282	7	0.5900	n01421		62		true
n03283	7	0.5900	n03613		61		true
n03284	7	0.5900	n04469		74		true
n03285	7	0.5900	n04469		375		true
n03286	7	0.5900	n03613		92		true
n03287	7	0.5900	n03613		976		true
n03288	7	0.5900	n02627		125		true
n03289	7	0.5900	n03613		224		true
n03290	6	0.5900	n03613		85		true
n03291	6	0.5900	n03613		89		true
n03292	6	0.5900	n05054		135		true
n03293	6	0.5900	n04676 n04917		161		true
n03294	6	0.5900	n04469		74		true
n03295	6	0.5900	n04469		192		true
n03296	6	0.5900	n05400		36		true
n03297	6	0.5900	n04469		38		true
n03298	6	0.5900	n01421		67		true
n03299	5	0.5900			32		true
n03300	5	0.5900			34		true
n03301	5	0.5900	n01421		181		true
n03302	5	0.5900	n01421		87		true
n03303	6	0.5876	n03613		430		true
n03304	8	0.5816	n04469		700		true
n03305	100	0.5800	n04469		429		true
n03306	40	0.5800	n04469		210		true
n03307	32	0.5800	n03613 n05010		229		true
n03308	29	0.5800	n03613		367		true
n03309	27	0.5800	n03613		213		true
n03310	26	0.5800	n02855		273		true
n03311	25	0.5800	n04469		174		true
n03312	26	0.5800	n01421		525		true
n03313	23	0.5800	n03613		263		true
n03314	24	0.5800	n04469		141		true
n03315	23	0.5800	n04469		61		true
n03316	22	0.5800	n03613		159		true
n03317	24	0.5800	n01421		580		true
n03318	20	0.5800	n03613		2088		true
n03319	20	0.5800		n00071 n00208 n02025 n02157	261		true
n03320	19	0.5800	n03613		357		true
n03321	18	0.5800	n04469		72		true
n03322	17	0.5800	n04469		87		true
n03323	16	0.5800	n04469		607		true
n03324	16	0.5800	n01421		374		true
n03325	15	0.5800	n04469		25		true
n03326	15	0.5800	n04469		1785		true
n03327	15	0.5800	n03613		363		true
n03328	15	0.5800	n03613		384		true
n03329	16	0.5800	n02627		1419		true
n03330	15	0.5800	n04469		191		true
n03331	12	0.5800		n00740 n00845 n02141 n04181	347		true
n03332	14	0.5800	n03613		2314		true
n03333	12	0.5800	n01421		1027		true
n03334	13	0.5800	n03613		201		true
n03335	12	0.5800	n01421		351		true
n03336	11	0.5800	n03613		175		true
n03337	11	0.5800		n00907 n01119 n05429	405		true
n03338	12	0.5800	n04469		288		true
n03339	9	0.5800	n01421 n02628		219		true
n03340	9	0.5800	n03613		131		true
n03341	9	0.5800	n03889		93		true
n03342	10	0.5800	n04469		39		true
n03343	9	0.5800	n04469		113		true
n03344	9	0.5800	n01421		93		true
n03345	10	0.5800	n03613		2067		true
n03346	8	0.5800	n04469		181		true
n03347	8	0.5800	n01421		68		true
n03348	8	0.5800	n03613		83		true
n03349	7	0.5800	n01421		61		true
n03350	7	0.5800	n04377 n04469		223		true
n03351	7	0.5800			961		true
n03352	7	0.5800	n03613		239		true
n03353	7	0.5800	n04469		29		true
n03354	8	0.5800	n04469		49		true
n03355	7	0.5800	n04469		113		true
n03356	6	0.5800		n02020	1126		true
n03357	6	0.5800	n01421		374		true
n03358	6	0.5800	n04469		82		true
n03359	6	0.5800	n04084		105		true
n03360	6	0.5800	n04469		48		true
n03361	6	0.5800	n03613		264		true
n03362	5	0.5800	n03613 n04327		40		true
n03363	5	0.5800	n03613		90		true
n03364	5	0.5800	n04933		136		true
n03365	6	0.5714	n04469		69		true
n03366	113	0.5700	n04469		1453		true
n03367	68	0.5700	n04469		1050		true
n03368	58	0.5700	n04469		295		true
n03369	53	0.5700	n03613		2631		true
n03370	48	0.5700	n04469		369		true
n03371	43	0.5700	n01421		728		true
n03372	30	0.5700	n04469		155		true
n03373	30	0.5700	n01421		638		true
n03374	26	0.5700	n03613		142		true
n03375	26	0.5700	n04469		708		true
n03376	27	0.5700	n04469		203		true
n03377	20	0.5700	n02627		537		true
n03378	20	0.5700	n00938		478		true
n03379	19	0.5700	n03613		341		true
n03380	17	0.5700		n00620 n01186 n01447 n01894 n02420 n04799	185		true
n03381	18	0.5700	n02538		2381		true
n03382	14	0.5700	n01421		117		true
n03383	14	0.5700	n03613		430		true
n03384	13	0.5700	n01421		271		true
n03385	13	0.5700	n04469		354		true
n03386	14	0.5700	n01421		189		true
n03387	13	0.5700	n03613		143		true
n03388	14	0.5700	n00691		1166		true
n03389	11	0.5700	n03613		225		true
n03390	12	0.5700	n04469		443		true
n03391	12	0.5700	n01421		153		true
n03392	10	0.5700	n01421		218		true
n03393	10	0.5700		n00596	212		true
n03394	10	0.5700	n01421		57		true
n03395	10	0.5700	n03613		73		true
n03396	10	0.5700	n03613		605		true
n03397	10	0.5700	n03000		191		true
n03398	10	0.5700	n02538		4415		true
n03399	9	0.5700	n03613		247		true
n03400	9	0.5700	n01421		213		true
n03401	9	0.5700	n04469		29		true
n03402	9	0.5700	n01421		100		true
n03403	9	0.5700	n04469		41		true
n03404	10	0.5700	n04469		251		true
n03405	10	0.5700	n02627		1547		true
n03406	10	0.5700	n03613		150		true
n03407	9	0.5700	n05122		1165		true
n03408	8	0.5700	n04469		54		true
n03409	8	0.5700	n04469		145		true
n03410	9	0.5700	n01421		219		true
n03411	7	0.5700	n03889		101		true
n03412	7	0.5700	n04469		34		true
n03413	7	0.5700	n01421		55		true
n03414	6	0.5700	n02627		117		true
n03415	6	0.5700	n03613		381		true
n03416	6	0.5700	n05043		738		true
n03417	6	0.5700	n04469		15		true
n03418	6	0.5700	n04196		772		true
n03419	6	0.5700	n01421		625		true
n03420	6	0.5657	n03613		389		true
n03421	6	0.5657	n03613		59		true
n03422	8	0.5612	n03613		220		true
n03423	47	0.5600	n02627		1454		true
n03424	44	0.5600	n03613		1503		true
n03425	36	0.5600	n04469		914		true
n03426	30	0.5600	n02627		422		true
n03427	30	0.5600	n01421		1006		true
n03428	27	0.5600	n04469		1036		true
n03429	24	0.5600	n02627		573		true
n03430	26	0.5600	n00938		478		true
n03431	23	0.5600	n03613		228		true
n03432	22	0.5600	n02627		239		true
n03433	21	0.5600	n03613		655		true
n03434	22	0.5600	n04469		445		true
n03435	18	0.5600		n00145 n00298 n00937 n02498 n02543 n02751 n03228 n04033 n04353	244		true
n03436	16	0.5600	n05122		759		true
n03437	15	0.5600	n05147		153		true
n03438	14	0.5600	n03613		225		true
n03439	14	0.5600	n04469		443		true
n03440	13	0.5600	n03613		241		true
n03441	13	0.5600	n03613 n04191		439		true
n03442	12	0.5600	n03613		226		true
n03443	12	0.5600	n01421		50		true
n03444	13	0.5600	n02627		2126		true
n03445	14	0.5600	n04469		3190		true
n03446	12	0.5600		n02584 n03122 n03683	579		true
n03447	12	0.5600	n03747		396		true
n03448	10	0.5600	n03000		183		true
n03449	10	0.5600	n03613		240		true
n03450	9	0.5600	n01421		37		true
n03451	10	0.5600	n04469		115		true
n03452	9	0.5600	n05350		995		true
n03453	10	0.5600		n02584 n03683	524		true
n03454	9	0.5600	n04469		52		true
n03455	9	0.5600	n03613		186		true
n03456	9	0.5600		n02396	972		true
n03457	8	0.5600	n01421		124		true
n03458	8	0.5600	n03889		1146		true
n03459	8	0.5600			636		true
n03460	8	0.5600	n03613		60		true
n03461	7	0.5600	n04469 n04920		281		true
n03462	8	0.5600		n01589	2797		true
n03463	7	0.5600	n04469		57		true
n03464	7	0.5600	n04469		245		true
n03465	7	0.5600	n02627 n05122		243		true
n03466	7	0.5600	n01421 n03905		124		true
n03467	7	0.5600	n03613 n04190		80		true
n03468	7	0.5600		n01281	500		true
n03469	6	0.5600	n04469		6		true
n03470	6	0.5600	n03822 n03904		148		true
n03471	6	0.5600	n01421		27		true
n03472	6	0.5600	n01421		843		true
n03473	6	0.5600	n05280		74		true
n03474	5	0.5600	n04469		36		true
n03475	6	0.5567	n03613 n04918		23		true
n03476	5	0.5567	n02627		64		true
n03477	7	0.5556	n04469		110		true
n03478	6	0.5556	n03613		43		true
n03479	6	0.5556	n04469		69		true
n03480	8	0.5521	n02627		68		true
n03481	6	0.5510	n04469		79		true
n03482	5	0.5510	n04469		233		true
n03483	59	0.5500	n03613		329		true
n03484	43	0.5500	n04469		532		true
n03485	45	0.5500	n03747		1091		true
n03486	47	0.5500	n03613		616		true
n03487	34	0.5500	n03613		856		true
n03488	35	0.5500	n03613		571		true
n03489	32	0.5500	n01421		595		true
n03490	35	0.5500	n00938		478		true
n03491	35	0.5500	n03613		255		true
n03492	31	0.5500		n00154 n01425 n01766 n02462 n02566 n02780 n02997 n03207 n03268 n03667 n03770 n04903 n05252	1119		true
n03493	28	0.5500	n04469		55		true
n03494	29	0.5500	n04469		775		true
n03495	26	0.5500	n03000		646		true
n03496	29	0.5500	n02627		1778		true
n03497	26	0.5500	n03613		848		true
n03498	26	0.5500	n03613		282		true
n03499	23	0.5500	n03000		402		true
n03500	24	0.5500		n00098 n00500 n00999 n01281 n02196 n02246 n02364 n03708 n04814	2276		true
n03501	24	0.5500	n03613 n04191		674		true
n03502	22	0.5500	n03822		538		true
n03503	20	0.5500	n04469		114		true
n03504	20	0.5500	n02627		71		true
n03505	19	0.5500	n04469		663		true
n03506	19	0.5500	n03623 n04469		126		true
n03507	19	0.5500		n00579 n00753 n00950 n01167 n01460 n04320 n04410 n04588	337		true
n03508	17	0.5500	n04469		425		true
n03509	17	0.5500	n04469		119		true
n03510	16	0.5500	n03613		26		true
n03511	15	0.5500	n04839		93		true
n03512	15	0.5500	n01421		203		true
n03513	16	0.5500	n04469		127		true
n03514	15	0.5500	n03613		227		true
n03515	16	0.5500	n04469		512		true
n03516	14	0.5500	n04469		204		true
n03517	12	0.5500		n00255 n00724 n04542	1128		true
n03518	12	0.5500	n03613		240		true
n03519	11	0.5500	n01421		614		true
n03520	10	0.5500	n04469		704		true
n03521	10	0.5500	n03613		469		true
n03522	10	0.5500	n04469		186		true
n03523	10	0.5500	n03822		420		true
n03524	10	0.5500	n04469		354		true
n03525	10	0.5500	n04469		170		true
n03526	9	0.5500	n04469		253		true
n03527	9	0.5500	n04469		341		true
n03528	10	0.5500	n04933		164		true
n03529	8	0.5500		n01735	91		true
n03530	8	0.5500	n03613		32		true
n03531	8	0.5500	n04469		61		true
n03532	8	0.5500	n02627		221		true
n03533	7	0.5500	n01421		109		true
n03534	7	0.5500	n04469		79		true
n03535	7	0.5500	n03613		39		true
n03536	7	0.5500	n01421		419		true
n03537	7	0.5500	n02627		89		true
n03538	6	0.5500	n03613		47		true
n03539	6	0.5500	n01421		613		true
n03540	6	0.5500	n02627		66		true
n03541	6	0.5500	n02627		112		true
n03542	6	0.5500	n01421		302		true
n03543	5	0.5500	n03613		29		true
n03544	5	0.5455	n03613		34		true
n03545	6	0.5455	n04469		40		true
n03546	5	0.5455	n01421		66		true
n03547	64	0.5400	n03613		1119		true
n03548	39	0.5400	n04469		284		true
n03549	31	0.5400	n02627		133		true
n03550	27	0.5400	n03613		357		true
n03551	27	0.5400	n04469		1810		true
n03552	24	0.5400	n03613		335		true
n03553	23	0.5400	n04469		60		true
n03554	22	0.5400	n04469		1021		true
n03555	22	0.5400	n02627		530		true
n03556	22	0.5400	n03613		497		true
n03557	20	0.5400	n03613		65		true
n03558	21	0.5400	n04469		55		true
n03559	22	0.5400	n02627		463		true
n03560	20	0.5400	n03613		598		true
n03561	22	0.5400	n01421		453		true
n03562	18	0.5400	n02855		443		true
n03563	18	0.5400	n03613		844		true
n03564	16	0.5400	n01421 n02628		839		true
n03565	17	0.5400	n04469		174		true
n03566	18	0.5400	n03613		415		true
n03567	16	0.5400	n03613		268		true
n03568	18	0.5400	n02627		540		true
n03569	16	0.5400	n03613		56		true
n03570	15	0.5400	n04469		88		true
n03571	15	0.5400	n04469		188		true
n03572	15	0.5400	n03613		431		true
n03573	14	0.5400	n03613		97		true
n03574	15	0.5400	n03889		268		true
n03575	15	0.5400	n02627		440		true
n03576	13	0.5400	n03613		332		true
n03577	14	0.5400	n03613		332		true
n03578	13	0.5400	n04469		2462		true
n03579	14	0.5400	n03613		426		true
n03580	13	0.5400		n00169 n01067 n02121 n03812	202		true
n03581	14	0.5400	n03613		364		true
n03582	12	0.5400	n04469		210		true
n03583	11	0.5400	n03613		27		true
n03584	11	0.5400	n04469		121		true
n03585	10	0.5400	n03820		1601		true
n03586	10	0.5400	n04469		1033		true
n03587	11	0.5400	n01421		272		true
n03588	10	0.5400	n02627		274		true
n03589	11	0.5400		n00980 n04638	117		true
n03590	9	0.5400	n02627		222		true
n03591	9	0.5400	n04469		162		true
n03592	10	0.5400	n01421		302		true
n03593	10	0.5400	n02627		736		true
n03594	9	0.5400	n04216		80		true
n03595	8	0.5400	n04469		94		true
n03596	8	0.5400	n01421		928		true
n03597	8	0.5400	n04469		172		true
n03598	8	0.5400	n04933		2959		true
n03599	7	0.5400	n03613		93		true
n03600	7	0.5400	n02855		115		true
n03601	7	0.5400	n04469		95		true
n03602	7	0.5400	n04469		108		true
n03603	7	0.5400			129		true
n03604	6	0.5400	n04469		41		true
n03605	6	0.5400	n04469		42		true
n03606	6	0.5400	n04469		26		true
n03607	6	0.5400	n03613		54		true
n03608	5	0.5400	n04469		63		true
n03609	5	0.5400	n04469		39		true
n03610	9	0.5354	n04058 n04469		135		true
n03611	7	0.5354	n04469		365		true
n03612	6	0.5306	n02627		145		true
n03613	3276	0.5300		n00000 n00002 n00005 n00008 n00010 n00012 n00013 n00022 n00023 n00024 n00025 n00026 n00028 n00031 n00032 n00036 n00039 n00040 n00041 n00042 n00054 n00055 n00062 n00064 n00065 n00066 n00068 n00074 n00086 n00087 n00089 n00091 n00093 n00094 n00095 n00096 n00099 n00105 n00106 n00113 n00114 n00117 n00125 n00126 n00127 n00128 n00129 n00131 n00135 n00140 n00141 n00142 n00143 n00144 n00147 n00148 n00151 n00152 n00160 n00162 n00163 n00164 n00170 n00171 n00172 n00177 n00181 n00184 n00185 n00186 n00189 n00190 n00195 n00197 n00198 n00199 n00200 n00203 n00204 n00205 n00215 n00218 n00219 n00224 n00225 n00227 n00228 n00230 n00234 n00239 n00247 n00248 n00251 n00253 n00254 n00263 n00265 n00266 n00276 n00280 n00282 n00291 n00295 n00305 n00306 n00307 n00308 n00310 n00311 n00322 n00324 n00325 n00327 n00328 n00334 n00338 n00340 n00341 n00342 n00344 n00346 n00348 n00349 n00353 n00354 n00363 n00365 n00368 n00370 n00375 n00378 n00379 n00389 n00391 n00394 n00402 n00405 n00409 n00418 n00420 n00421 n00423 n00425 n00431 n00433 n00443 n00444 n00445 n00446 n00447 n00448 n00451 n00455 n00459 n00460 n00464 n00469 n00470 n00476 n00479 n00492 n00496 n00499 n00502 n00503 n00509 n00511 n00512 n00514 n00516 n00518 n00519 n00522 n00523 n00528 n00531 n00540 n00541 n00542 n00545 n00546 n00554 n00559 n00562 n00566 n00569 n00570 n00584 n00593 n00594 n00598 n00599 n00600 n00605 n00615 n00616 n00617 n00622 n00631 n00632 n00636 n00638 n00640 n00642 n00645 n00648 n00649 n00650 n00652 n00655 n00658 n00660 n00669 n00670 n00680 n00682 n00687 n00692 n00693 n00695 n00698 n00699 n00705 n00706 n00707 n00716 n00720 n00721 n00723 n00729 n00733 n00735 n00737 n00743 n00747 n00751 n00758 n00761 n00762 n00763 n00765 n00769 n00774 n00776 n00783 n00784 n00785 n00787 n00794 n00799 n00801 n00802 n00806 n00807 n00808 n00820 n00822 n00823 n00824 n00825 n00826 n00827 n00834 n00836 n00837 n00840 n00848 n00861 n00862 n00865 n00877 n00878 n00879 n00880 n00882 n00887 n00888 n00889 n00892 n00908 n00909 n00914 n00921 n00922 n00925 n00926 n00931 n00934 n00935 n00944 n00947 n00948 n00954 n00961 n00964 n00968 n00970 n00971 n00974 n00975 n00977 n00978 n00979 n00981 n00982 n00984 n00985 n00993 n00996 n01001 n01003 n01010 n01011 n01013 n01017 n01020 n01027 n01031 n01032 n01033 n01035 n01036 n01041 n01044 n01045 n01046 n01048 n01052 n01053 n01058 n01059 n01061 n01069 n01074 n01076 n01078 n01084 n01090 n01091 n01092 n01097 n01101 n01102 n01104 n01108 n01113 n01127 n01128 n01129 n01130 n01137 n01144 n01146 n01156 n01161 n01163 n01168 n01169 n01171 n01174 n01178 n01183 n01188 n01189 n01190 n01193 n01194 n01200 n01201 n01207 n01210 n01212 n01214 n01216 n01217 n01221 n01226 n01228 n01229 n01232 n01234 n01237 n01238 n01240 n01241 n01247 n01248 n01250 n01255 n01257 n01263 n01264 n01265 n01274 n01275 n01279 n01280 n01283 n01284 n01290 n01293 n01300 n01301 n01309 n01310 n01311 n01314 n01316 n01320 n01322 n01327 n01329 n01336 n01342 n01343 n01345 n01350 n01352 n01354 n01357 n01358 n01361 n01366 n01367 n01368 n01371 n01374 n01382 n01384 n01385 n01395 n01396 n01398 n01399 n01404 n01407 n01408 n01409 n01415 n01418 n01422 n01424 n01427 n01436 n01439 n01440 n01441 n01443 n01448 n01451 n01459 n01471 n01472 n01474 n01478 n01479 n01483 n01503 n01507 n01509 n01511 n01512 n01516 n01517 n01518 n01523 n01524 n01525 n01535 n01541 n01542 n01544 n01547 n01550 n01554 n01557 n01566 n01570 n01574 n01575 n01584 n01587 n01588 n01591 n01592 n01594 n01597 n01598 n01599 n01602 n01603 n01605 n01606 n01612 n01619 n01621 n01622 n01624 n01625 n01631 n01632 n01634 n01639 n01644 n01650 n01654 n01661 n01662 n01664 n01669 n01670 n01674 n01678 n01687 n01690 n01695 n01696 n01697 n01699 n01710 n01715 n01716 n01719 n01721 n01722 n01724 n01729 n01734 n01741 n01745 n01746 n01753 n01755 n01756 n01757 n01761 n01763 n01769 n01772 n01773 n01775 n01778 n01782 n01801 n01802 n01803 n01806 n01811 n01813 n01818 n01820 n01821 n01822 n01831 n01832 n01833 n01834 n01841 n01844 n01848 n01852 n01854 n01856 n01858 n01859 n01860 n01862 n01864 n01868 n01869 n01875 n01876 n01881 n01886 n01888 n01890 n01891 n01892 n01893 n01895 n01897 n01900 n01902 n01904 n01905 n01908 n01915 n01925 n01930 n01933 n01934 n01937 n01938 n01941 n01946 n01951 n01955 n01957 n01962 n01963 n01965 n01969 n01973 n01979 n01982 n01990 n01991 n01992 n01994 n01999 n02000 n02001 n02003 n02008 n02010 n02014 n02018 n02019 n02022 n02030 n02031 n02033 n02040 n02042 n02044 n02050 n02051 n02056 n02063 n02068 n02069 n02070 n02071 n02072 n02075 n02078 n02081 n02095 n02099 n02103 n02105 n02107 n02109 n02110 n02113 n02118 n02120 n02124 n02126 n02127 n02128 n02137 n02140 n02145 n02146 n02161 n02166 n02171 n02174 n02178 n02180 n02186 n02187 n02190 n02193 n02195 n02208 n02210 n02214 n02216 n02223 n02231 n02234 n02238 n02242 n02244 n02247 n02250 n02251 n02253 n02254 n02255 n02259 n02260 n02261 n02264 n02268 n02273 n02277 n02288 n02292 n02293 n02300 n02303 n02304 n02310 n02311 n02313 n02332 n02338 n02344 n02346 n02347 n02349 n02350 n02351 n02354 n02356 n02362 n02366 n02369 n02378 n02382 n02383 n02384 n02387 n02388 n02393 n02395 n02397 n02399 n02400 n02405 n02414 n02417 n02418 n02424 n02429 n02431 n02433 n02434 n02435 n02441 n02442 n02443 n02445 n02451 n02455 n02463 n02475 n02477 n02478 n02479 n02484 n02485 n02487 n02491 n02493 n02501 n02502 n02503 n02505 n02506 n02507 n02508 n02514 n02516 n02517 n02518 n02522 n02523 n02531 n02533 n02535 n02545 n02548 n02549 n02565 n02572 n02573 n02586 n02588 n02597 n02605 n02617 n02620 n02631 n02633 n02635 n02637 n02638 n02651 n02653 n02654 n02655 n02658 n02660 n02661 n02666 n02668 n02673 n02674 n02684 n02687 n02690 n02694 n02699 n02701 n02705 n02708 n02710 n02711 n02713 n02715 n02718 n02721 n02727 n02731 n02733 n02740 n02744 n02749 n02756 n02757 n02762 n02776 n02785 n02786 n02791 n02795 n02796 n02797 n02798 n02807 n02808 n02809 n02814 n02827 n02832 n02836 n02837 n02838 n02839 n02849 n02851 n02852 n02854 n02860 n02862 n02864 n02865 n02868 n02869 n02870 n02876 n02881 n02888 n02890 n02892 n02894 n02905 n02906 n02907 n02909 n02911 n02913 n02920 n02923 n02928 n02929 n02938 n02939 n02942 n02943 n02946 n02947 n02951 n02957 n02967 n02972 n02976 n02977 n02978 n02989 n02999 n03001 n03006 n03009 n03010 n03014 n03015 n03017 n03019 n03021 n03022 n03023 n03025 n03027 n03030 n03032 n03033 n03034 n03035 n03037 n03044 n03048 n03050 n03052 n03055 n03062 n03064 n03065 n03069 n03072 n03073 n03075 n03080 n03089 n03091 n03098 n03100 n03101 n03107 n03108 n03109 n03111 n03112 n03113 n03115 n03116 n03118 n03119 n03120 n03126 n03127 n03131 n03139 n03140 n03142 n03145 n03146 n03147 n03148 n03155 n03160 n03161 n03163 n03165 n03169 n03171 n03177 n03179 n03180 n03184 n03186 n03190 n03195 n03196 n03198 n03199 n03204 n03205 n03208 n03214 n03215 n03218 n03220 n03225 n03232 n03236 n03242 n03246 n03249 n03254 n03255 n03257 n03259 n03261 n03263 n03271 n03273 n03275 n03276 n03277 n03279 n03283 n03286 n03287 n03289 n03290 n03291 n03303 n03307 n03308 n03309 n03313 n03316 n03318 n03320 n03327 n03328 n03332 n03334 n03336 n03340 n03345 n03348 n03352 n03361 n03362 n03363 n03369 n03374 n03379 n03383 n03387 n03389 n03395 n03396 n03399 n03406 n03415 n03420 n03421 n03422 n03424 n03431 n03433 n03438 n03440 n03441 n03442 n03449 n03455 n03460 n03467 n03475 n03478 n03483 n03486 n03487 n03488 n03491 n03497 n03498 n03501 n03510 n03514 n03518 n03521 n03530 n03535 n03538 n03543 n03544 n03547 n03550 n03552 n03556 n03557 n03560 n03563 n03566 n03567 n03569 n03572 n03573 n03576 n03577 n03579 n03581 n03583 n03599 n03607 n03620 n03630 n03632 n03637 n03638 n03639 n03641 n03643 n03645 n03656 n03657 n03658 n03659 n03660 n03661 n03662 n03664 n03674 n03676 n03681 n03684 n03686 n03688 n03689 n03693 n03695 n03696 n03699 n03709 n03713 n03714 n03715 n03716 n03719 n03722 n03726 n03728 n03729 n03730 n03734 n03741 n03742 n03743 n03746 n03748 n03749 n03750 n03763 n03771 n03775 n03777 n03780 n03784 n03785 n03790 n03791 n03802 n03804 n03806 n03811 n03813 n03816 n03824 n03832 n03841 n03845 n03858 n03862 n03864 n03873 n03874 n03875 n03879 n03881 n03885 n03888 n03890 n03893 n03899 n03906 n03907 n03911 n03917 n03919 n03920 n03929 n03933 n03934 n03938 n03939 n03941 n03943 n03944 n03947 n03952 n03959 n03961 n03963 n03969 n03972 n03975 n03979 n03987 n03989 n03990 n03993 n03997 n03998 n04004 n04009 n04012 n04013 n04014 n04019 n04023 n04034 n04035 n04036 n04038 n04043 n04054 n04057 n04061 n04065 n04071 n04072 n04073 n04075 n04077 n04080 n04086 n04087 n04088 n04091 n04094 n04095 n04101 n04102 n04113 n04115 n04120 n04130 n04132 n04133 n04135 n04136 n04141 n04144 n04147 n04150 n04155 n04158 n04165 n04166 n04169 n04175 n04178 n04180 n04182 n04183 n04186 n04188 n04189 n04194 n04195 n04197 n04199 n04200 n04202 n04204 n04206 n04207 n04209 n04210 n04211 n04215 n04217 n04219 n04221 n04224 n04230 n04232 n04238 n04241 n04242 n04243 n04244 n04250 n04252 n04253 n04256 n04259 n04260 n04261 n04263 n04264 n04266 n04267 n04269 n04274 n04275 n04280 n04283 n04285 n04286 n04295 n04296 n04300 n04303 n04309 n04311 n04312 n04314 n04323 n04325 n04333 n04334 n04335 n04339 n04348 n04355 n04361 n04362 n04365 n04376 n04379 n04381 n04384 n04387 n04388 n04389 n04390 n04393 n04396 n04400 n04401 n04403 n04406 n04408 n04409 n04419 n04421 n04422 n04424 n04425 n04427 n04433 n04438 n04446 n04447 n04452 n04453 n04454 n04458 n04464 n04466 n04470 n04482 n04483 n04490 n04492 n04493 n04499 n04505 n04507 n04513 n04515 n04519 n04520 n04523 n04524 n04532 n04537 n04541 n04543 n04546 n04547 n04549 n04552 n04569 n04575 n04577 n04580 n04581 n04583 n04592 n04593 n04595 n04600 n04604 n04607 n04612 n04613 n04616 n04617 n04618 n04620 n04621 n04628 n04630 n04633 n04635 n04637 n04645 n04647 n04648 n04654 n04662 n04663 n04668 n04669 n04672 n04674 n04675 n04677 n04679 n04690 n04692 n04701 n04708 n04716 n04719 n04721 n04722 n04729 n04731 n04734 n04736 n04743 n04747 n04748 n04750 n04751 n04755 n04757 n04760 n04761 n04768 n04772 n04773 n04777 n04779 n04781 n04782 n04787 n04794 n04797 n04798 n04805 n04825 n04828 n04833 n04842 n04843 n04844 n04846 n04851 n04852 n04854 n04858 n04859 n04861 n04862 n04865 n04872 n04875 n04880 n04886 n04891 n04894 n04897 n04900 n04906 n04907 n04908 n04913 n04916 n04919 n04922 n04924 n04930 n04931 n04932 n04938 n04940 n04942 n04945 n04950 n04952 n04963 n04969 n04973 n04977 n04979 n04981 n04982 n04983 n04984 n04986 n04987 n04994 n04996 n04998 n05000 n05005 n05006 n05009 n05013 n05015 n05017 n05018 n05023 n05024 n05029 n05034 n05035 n05046 n05063 n05066 n05069 n05072 n05074 n05076 n05078 n05079 n05081 n05083 n05084 n05092 n05095 n05097 n05098 n05104 n05106 n05108 n05113 n05115 n05121 n05123 n05128 n05131 n05132 n05137 n05143 n05151 n05153 n05154 n05158 n05163 n05165 n05172 n05174 n05180 n05184 n05188 n05191 n05197 n05202 n05203 n05207 n05211 n05212 n05213 n05214 n05215 n05220 n05221 n05223 n05226 n05231 n05233 n05234 n05235 n05236 n05239 n05242 n05246 n05247 n05248 n05250 n05251 n05257 n05261 n05264 n05266 n05267 n05269 n05271 n05281 n05282 n05286 n05287 n05288 n05289 n05291 n05292 n05298 n05301 n05302 n05307 n05314 n05316 n05323 n05325 n05328 n05329 n05338 n05339 n05340 n05344 n05348 n05349 n05351 n05353 n05356 n05357 n05360 n05361 n05367 n05372 n05373 n05378 n05381 n05385 n05387 n05391 n05392 n05396 n05404 n05405 n05406 n05409 n05417 n05424 n05427 n05430 n05437	13085		true
n03614	65	0.5300	n04469		325		true
n03615	47	0.5300	n04469		763		true
n03616	45	0.5300	n02627		1305		true
n03617	39	0.5300	n02627		123		true
n03618	38	0.5300	n04469		153		true
n03619	36	0.5300	n04469		135		true
n03620	34	0.5300	n03613 n05331		344		true
n03621	33	0.5300	n04469		166		true
n03622	27	0.5300	n04469		305		true
n03623	29	0.5300		n00304 n00355 n00427 n01319 n01347 n01458 n01593 n03506 n03720 n04239 n04247 n04378 n04430	155		true
n03624	27	0.5300	n02627		679		true
n03625	21	0.5300	n01421		823		true
n03626	21	0.5300	n04052		696		true
n03627	21	0.5300	n02627		271		true
n03628	19	0.5300	n04469		234		true
n03629	19	0.5300	n01421		426		true
n03630	18	0.5300	n03613		234		true
n03631	19	0.5300	n02627		1226		true
n03632	17	0.5300	n03613		856		true
n03633	15	0.5300	n02627		170		true
n03634	15	0.5300	n04469		42		true
n03635	15	0.5300	n04469 n05331		52		true
n03636	14	0.5300		n00070 n00318 n00595 n01249	552		true
n03637	15	0.5300	n03613 n04191		555		true
n03638	14	0.5300	n03613		1314		true
n03639	13	0.5300	n03613 n03980		5685		true
n03640	12	0.5300	n04469 n05331		69		true
n03641	12	0.5300	n03613		110		true
n03642	12	0.5300	n02627 n03765		77		true
n03643	12	0.5300	n03613		340		true
n03644	11	0.5300	n02627		928		true
n03645	11	0.5300	n03613 n04047		145		true
n03646	11	0.5300	n00691		269		true
n03647	11	0.5300	n04469		179		true
n03648	10	0.5300		n00611 n02290	393		true
n03649	11	0.5300		n00415 n00661 n03170	104		true
n03650	9	0.5300		n01481	94		true
n03651	9	0.5300	n00691		856		true
n03652	9	0.5300	n04469		163		true
n03653	9	0.5300	n01421		181		true
n03654	9	0.5300	n04469		290		true
n03655	9	0.5300	n04469		188		true
n03656	9	0.5300	n03613		2374		true
n03657	8	0.5300	n03613		167		true
n03658	8	0.5300	n03613		85		true
n03659	8	0.5300	n03613		32		true
n03660	8	0.5300	n03613		82		true
n03661	8	0.5300	n03613		48		true
n03662	9	0.5300	n03613		67		true
n03663	8	0.5300	n04469		38		true
n03664	8	0.5300	n03613		654		true
n03665	8	0.5300	n04469		29		true
n03666	9	0.5300	n04469		58		true
n03667	8	0.5300	n03492		239		true
n03668	8	0.5300	n01421		335		true
n03669	8	0.5300			143		true
n03670	7	0.5300	n02627		90		true
n03671	7	0.5300	n02627		156		true
n03672	7	0.5300	n04469		20		true
n03673	7	0.5300	n02601		86		true
n03674	7	0.5300	n03613		843		true
n03675	7	0.5300	n04469		629		true
n03676	7	0.5300	n03613		56		true
n03677	7	0.5300	n04469		53		true
n03678	7	0.5300	n02627		53		true
n03679	6	0.5300	n04469		5		true
n03680	6	0.5300	n02627		107		true
n03681	6	0.5300	n03613		113		true
n03682	6	0.5300	n01421		717		true
n03683	6	0.5300	n03446 n03453		522		true
n03684	6	0.5300	n03613		61		true
n03685	6	0.5300	n01421		869		true
n03686	7	0.5300	n03613		710		true
n03687	5	0.5300	n04330		105		true
n03688	7	0.5253	n03613		98		true
n03689	6	0.5213	n03613		153		true
n03690	5	0.5204	n04469		167		true
n03691	128	0.5200	n04469		1463		true
n03692	88	0.5200	n04469		823		true
n03693	62	0.5200	n03613		407		true
n03694	50	0.5200	n02627		2267		true
n03695	44	0.5200	n03613		180		true
n03696	43	0.5200	n03613		241		true
n03697	39	0.5200	n02627		276		true
n03698	34	0.5200	n01421		554		true
n03699	35	0.5200	n03613		797		true
n03700	27	0.5200	n04469		283		true
n03701	26	0.5200	n04469		928		true
n03702	23	0.5200	n04469		405		true
n03703	23	0.5200	n03820		274		true
n03704	20	0.5200	n04469		533		true
n03705	19	0.5200	n04469		281		true
n03706	18	0.5200	n04469		661		true
n03707	17	0.5200	n01421 n02628		168		true
n03708	16	0.5200	n03500		2274		true
n03709	16	0.5200	n03613		229		true
n03710	17	0.5200	n04917		340		true
n03711	14	0.5200	n01421		380		true
n03712	14	0.5200		n00383 n02726 n03247 n05410	631		true
n03713	14	0.5200	n03613		2555		true
n03714	14	0.5200	n03613 n04276		327		true
n03715	14	0.5200	n03613		232		true
n03716	11	0.5200	n03613		655		true
n03717	11	0.5200	n02627		524		true
n03718	11	0.5200	n01421		181		true
n03719	11	0.5200	n03613		160		true
n03720	11	0.5200	n03623 n04214 n04469		43		true
n03721	10	0.5200	n04469		414		true
n03722	9	0.5200	n03613		187		true
n03723	9	0.5200	n01421		160		true
n03724	8	0.5200	n04469		71		true
n03725	8	0.5200	n01421		456		true
n03726	8	0.5200	n03613		196		true
n03727	8	0.5200	n04469		87		true
n03728	8	0.5200	n03613		73		true
n03729	8	0.5200	n03613		449		true
n03730	7	0.5200	n03613		53		true
n03731	7	0.5200	n04469		96		true
n03732	7	0.5200	n01421		30		true
n03733	7	0.5200	n04469		23		true
n03734	7	0.5200	n03613		51		true
n03735	7	0.5200	n02627		352		true
n03736	7	0.5200	n01421		155		true
n03737	7	0.5200	n02627		352		true
n03738	6	0.5200	n01421		177		true
n03739	6	0.5200	n04469		40		true
n03740	6	0.5200		n01826	33		true
n03741	5	0.5200	n03613		22		true
n03742	5	0.5200	n03613		67		true
n03743	5	0.5200	n03613		72		true
n03744	8	0.5152	n04469		83		true
n03745	7	0.5152	n04469		163		true
n03746	63	0.5100	n03613		1088		true
n03747	55	0.5100		n00109 n00422 n00494 n00629 n00754 n00844 n01186 n01447 n01498 n01567 n01616 n02034 n02406 n02452 n02969 n02996 n03011 n03447 n03485 n03869 n04060 n04538 n04686 n04868 n05016	1110		true
n03748	49	0.5100	n03613		901		true
n03749	45	0.5100	n03613		2631		true
n03750	36	0.5100	n03613		636		true
n03751	36	0.5100	n02627		802		true
n03752	36	0.5100	n04469		737		true
n03753	38	0.5100	n00691		1178		true
n03754	31	0.5100	n04469		306		true
n03755	25	0.5100	n04469		638		true
n03756	27	0.5100	n01421		581		true
n03757	25	0.5100	n02627		1391		true
n03758	25	0.5100	n02627		1371		true
n03759	24	0.5100	n04469		297		true
n03760	23	0.5100	n04469		449		true
n03761	21	0.5100	n04469		65		true
n03762	21	0.5100	n02627		353		true
n03763	20	0.5100	n03613		132		true
n03764	19	0.5100	n01608		337		true
n03765	21	0.5100		n00549 n01312 n01808 n01959 n02147 n02249 n02845 n03047 n03642 n04559 n05118	82		true
n03766	18	0.5100	n04469		1240		true
n03767	16	0.5100		n00093 n00738 n01178 n01834 n02302 n04131	221		true
n03768	16	0.5100	n01421 n02628		110		true
n03769	15	0.5100		n00624 n02281 n02438 n03114	1061		true
n03770	15	0.5100	n03492		1052		true
n03771	16	0.5100	n03613		162		true
n03772	16	0.5100	n03820		268		true
n03773	14	0.5100	n01421		455		true
n03774	14	0.5100	n04469		610		true
n03775	13	0.5100	n03613 n05331		201		true
n03776	13	0.5100	n01608		330		true
n03777	12	0.5100	n03613		227		true
n03778	16	0.5100	n02627 n04276		248		true
n03779	14	0.5100	n04469		472		true
n03780	12	0.5100	n03613		368		true
n03781	13	0.5100	n01421		178		true
n03782	11	0.5100	n01421		261		true
n03783	12	0.5100	n02627		51		true
n03784	11	0.5100	n03613		293		true
n03785	11	0.5100	n03613		409		true
n03786	11	0.5100	n01421		427		true
n03787	11	0.5100	n04469		72		true
n03788	11	0.5100	n01421		226		true
n03789	11	0.5100	n04469		428		true
n03790	11	0.5100	n03613 n04469 n05331		67		true
n03791	11	0.5100	n03613		356		true
n03792	11	0.5100	n02627		542		true
n03793	10	0.5100	n01421		333		true
n03794	9	0.5100	n04469		86		true
n03795	10	0.5100	n04469		1868		true
n03796	8	0.5100	n01421		181		true
n03797	9	0.5100	n02183		87		true
n03798	8	0.5100	n04377		218		true
n03799	8	0.5100	n04469		1751		true
n03800	7	0.5100	n04469		94		true
n03801	7	0.5100	n04469		253		true
n03802	7	0.5100	n03613		480		true
n03803	7	0.5100	n02627		282		true
n03804	7	0.5100	n03613		37		true
n03805	6	0.5100	n02627		74		true
n03806	6	0.5100	n03613		72		true
n03807	6	0.5100	n04469		95		true
n03808	6	0.5100	n04469		455		true
n03809	6	0.5100	n01421		250		true
n03810	6	0.5100	n02627		186		true
n03811	6	0.5100	n03613		85		true
n03812	5	0.5100	n03580		202		true
n03813	5	0.5100	n03613		23		true
n03814	5	0.5100	n04469		23		true
n03815	5	0.5100	n02627		152		true
n03816	6	0.5051	n03613		273		true
n03817	6	0.5051	n04469		35		true
n03818	5	0.5051	n04676 n04917		88		true
n03819	76	0.5000	n04469		504		true
n03820	53	0.5000		n00155 n00395 n00571 n00668 n00679 n00811 n01386 n01480 n01485 n01754 n02077 n02203 n02319 n02448 n02609 n02779 n03585 n03703 n03772 n03883 n03960 n04461 n04702 n04767 n05008 n05176 n05181 n05435	1871		true
n03821	49	0.5000	n04469		1941		true
n03822	38	0.5000		n00359 n00987 n01086 n01134 n01362 n01390 n01630 n01655 n01857 n02664 n03058 n03230 n03470 n03502 n03523 n05359	778		true
n03823	36	0.5000	n04469		2653		true
n03824	35	0.5000	n03613		366		true
n03825	32	0.5000	n03000		646		true
n03826	29	0.5000	n04469		581		true
n03827	32	0.5000	n01421		598		true
n03828	29	0.5000	n03896 n04469		132		true
n03829	28	0.5000	n04469		174		true
n03830	25	0.5000	n03000		628		true
n03831	25	0.5000	n02627 n04276		312		true
n03832	24	0.5000	n03613		362		true
n03833	22	0.5000	n01421		343		true
n03834	21	0.5000	n04469		77		true
n03835	20	0.5000	n01421		306		true
n03836	21	0.5000	n04469		359		true
n03837	20	0.5000	n04469		51		true
n03838	19	0.5000		n00118 n01824 n02482 n03216 n03880 n04407 n05093	488		true
n03839	17	0.5000		n00551 n01648 n01823 n03070 n03153	173		true
n03840	18	0.5000	n04469		169		true
n03841	16	0.5000	n03613		51		true
n03842	15	0.5000	n04469		728		true
n03843	15	0.5000	n04469		97		true
n03844	15	0.5000	n01421		158		true
n03845	14	0.5000	n03613		131		true
n03846	14	0.5000	n04469		87		true
n03847	14	0.5000	n02628		237		true
n03848	14	0.5000	n01608		188		true
n03849	14	0.5000	n02627		1943		true
n03850	12	0.5000		n00986 n01328	127		true
n03851	12	0.5000	n01421		207		true
n03852	12	0.5000	n02627		138		true
n03853	11	0.5000	n04469		210		true
n03854	11	0.5000	n04469		153		true
n03855	13	0.5000	n02627		208		true
n03856	12	0.5000	n04469		145		true
n03857	11	0.5000		n01014 n01867	153		true
n03858	10	0.5000	n03613		43		true
n03859	10	0.5000	n01923		121		true
n03860	10	0.5000	n04469		44		true
n03861	10	0.5000	n01421 n02628		24		true
n03862	9	0.5000	n03613		390		true
n03863	9	0.5000	n04047		1787		true
n03864	10	0.5000	n03613		183		true
n03865	9	0.5000	n02627		294		true
n03866	10	0.5000	n02627		763		true
n03867	9	0.5000	n04469		97		true
n03868	9	0.5000			904		true
n03869	8	0.5000	n03747		369		true
n03870	9	0.5000	n04469		45		true
n03871	8	0.5000	n02627		135		true
n03872	8	0.5000	n04469		496		true
n03873	8	0.5000	n03613		66		true
n03874	7	0.5000	n03613		109		true
n03875	7	0.5000	n03613 n04469 n05331		37		true
n03876	7	0.5000	n01421		845		true
n03877	7	0.5000	n02627 n05122		399		true
n03878	7	0.5000	n01421		239		true
n03879	7	0.5000	n03613		139		true
n03880	6	0.5000	n03838		61		true
n03881	6	0.5000	n03613		14		true
n03882	6	0.5000			648		true
n03883	6	0.5000	n03820		258		true
n03884	6	0.5000	n04469		430		true
n03885	6	0.5000	n03613		45		true
n03886	6	0.5000	n04917		163		true
n03887	5	0.5000	n01421 n02628		185		true
n03888	6	0.4948	n03613		45		true
n03889	87	0.4900		n00138 n00507 n00646 n01166 n01253 n01276 n01487 n01564 n01723 n01817 n01950 n02064 n02225 n02226 n02235 n02551 n02583 n02704 n02853 n02883 n03245 n03341 n03411 n03458 n03574 n03931 n03942 n04125 n04240 n04516 n04627 n04713 n04766 n05155 n05383	3403		true
n03890	80	0.4900	n03613		229		true
n03891	67	0.4900	n01421 n02628		1612		true
n03892	52	0.4900	n01421		617		true
n03893	47	0.4900	n03613		673		true
n03894	47	0.4900	n00938		628		true
n03895	43	0.4900	n04469		1045		true
n03896	40	0.4900		n00108 n00301 n00383 n00452 n01375 n01614 n01706 n02097 n02309 n02358 n02379 n02389 n02726 n03247 n03262 n03828 n03971	240		true
n03897	39	0.4900	n02627		271		true
n03898	39	0.4900	n04469		461		true
n03899	33	0.4900	n03613		180		true
n03900	33	0.4900	n02627		1526		true
n03901	31	0.4900	n04469		233		true
n03902	30	0.4900	n04469		127		true
n03903	27	0.4900	n02627		675		true
n03904	27	0.4900		n00690 n00850 n01086 n01134 n01390 n01630 n01655 n01906 n02423 n03058 n03470 n04173	2353		true
n03905	28	0.4900		n00927 n01317 n01861 n02006 n02130 n02342 n02374 n02799 n03466 n03992 n04201 n04591 n04665 n05038 n05068	253		true
n03906	27	0.4900	n03613		479		true
n03907	23	0.4900	n03613		1368		true
n03908	21	0.4900	n00938		300		true
n03909	21	0.4900	n02627		217		true
n03910	20	0.4900	n04469		292		true
n03911	20	0.4900	n03613		424		true
n03912	19	0.4900	n01421		135		true
n03913	16	0.4900	n01421		112		true
n03914	16	0.4900	n02627		391		true
n03915	17	0.4900	n04469		280		true
n03916	16	0.4900	n04469		446		true
n03917	16	0.4900	n03613		360		true
n03918	17	0.4900	n04469		35		true
n03919	16	0.4900	n03613		874		true
n03920	15	0.4900	n03613		654		true
n03921	14	0.4900	n02627		2573		true
n03922	14	0.4900	n02627		524		true
n03923	14	0.4900	n04469		113		true
n03924	14	0.4900	n04469		179		true
n03925	13	0.4900	n04920		403		true
n03926	13	0.4900	n02627 n04276		117		true
n03927	14	0.4900	n04933		2988		true
n03928	12	0.4900	n04469		44		true
n03929	14	0.4900	n03613		407		true
n03930	12	0.4900	n04469		62		true
n03931	11	0.4900	n03889		691		true
n03932	11	0.4900	n02627		497		true
n03933	12	0.4900	n03613		491		true
n03934	11	0.4900	n03613		188		true
n03935	10	0.4900	n02627		144		true
n03936	11	0.4900	n04469		138		true
n03937	10	0.4900		n02207 n05321	87		true
n03938	9	0.4900	n03613 n05263		165		true
n03939	9	0.4900	n03613 n04047		263		true
n03940	9	0.4900	n01421		207		true
n03941	9	0.4900	n03613		2602		true
n03942	10	0.4900	n03889		1717		true
n03943	9	0.4900	n03613		152		true
n03944	8	0.4900	n03613		243		true
n03945	8	0.4900	n02627		184		true
n03946	8	0.4900	n04469		57		true
n03947	9	0.4900	n03613		351		true
n03948	9	0.4900	n04469		205		true
n03949	8	0.4900	n04469		109		true
n03950	8	0.4900	n04469		229		true
n03951	8	0.4900	n02627		198		true
n03952	7	0.4900	n03613		89		true
n03953	7	0.4900	n02627		367		true
n03954	7	0.4900	n04469		40		true
n03955	7	0.4900	n04469		41		true
n03956	7	0.4900	n01421		69		true
n03957	7	0.4900	n02627		76		true
n03958	7	0.4900	n01421		172		true
n03959	6	0.4900	n03613 n05263		87		true
n03960	6	0.4900	n03820		392		true
n03961	6	0.4900	n03613		242		true
n03962	6	0.4900	n05082		3342		true
n03963	6	0.4900	n03613		1178		true
n03964	6	0.4900	n02627		1325		true
n03965	6	0.4900	n04469		35		true
n03966	6	0.4900		n02232	62		true
n03967	5	0.4900	n02627		47		true
n03968	5	0.4900	n01421		19		true
n03969	7	0.4848	n03613		525		true
n03970	51	0.4800	n00938		652		true
n03971	31	0.4800	n03896		230		true
n03972	29	0.4800	n03613		280		true
n03973	28	0.4800	n04469		166		true
n03974	27	0.4800	n02627		457		true
n03975	23	0.4800	n03613		236		true
n03976	21	0.4800	n02627		1295		true
n03977	19	0.4800	n04469		212		true
n03978	18	0.4800	n04469		103		true
n03979	19	0.4800	n03613		263		true
n03980	18	0.4800		n01343 n01377 n02214 n02756 n02882 n03639 n05322	6427		true
n03981	16	0.4800	n02627		369		true
n03982	15	0.4800	n00938		217		true
n03983	17	0.4800	n04469		204		true
n03984	15	0.4800	n04469		86		true
n03985	16	0.4800	n04469		797		true
n03986	14	0.4800	n02627		160		true
n03987	15	0.4800	n03613		969		true
n03988	14	0.4800	n02627		288		true
n03989	16	0.4800	n03613		169		true
n03990	13	0.4800	n03613		93		true
n03991	13	0.4800	n04469		78		true
n03992	13	0.4800	n03905		150		true
n03993	12	0.4800	n03613 n04191		384		true
n03994	13	0.4800	n01421		86		true
n03995	12	0.4800	n02627		924		true
n03996	13	0.4800	n02627		1301		true
n03997	11	0.4800	n03613		118		true
n03998	12	0.4800	n03613		424		true
n03999	12	0.4800	n02627 n05122		403		true
n04000	10	0.4800	n04469		446		true
n04001	10	0.4800	n04469		78		true
n04002	10	0.4800	n04469		85		true
n04003	10	0.4800	n01421		64		true
n04004	10	0.4800	n03613		994		true
n04005	10	0.4800	n00938		319		true
n04006	9	0.4800	n02627		1308		true
n04007	9	0.4800	n01421		266		true
n04008	9	0.4800	n04469		40		true
n04009	9	0.4800	n03613		564		true
n04010	8	0.4800	n02627		96		true
n04011	8	0.4800			977		true
n04012	8	0.4800	n03613		54		true
n04013	8	0.4800	n03613 n05331		225		true
n04014	8	0.4800	n03613		267		true
n04015	8	0.4800	n04469		1863		true
n04016	8	0.4800	n02627		98		true
n04017	7	0.4800	n04469		19		true
n04018	8	0.4800		n01481	76		true
n04019	7	0.4800	n03613		36		true
n04020	7	0.4800	n01421 n02628		1612		true
n04021	7	0.4800	n04469		83		true
n04022	7	0.4800	n04469		579		true
n04023	7	0.4800	n03613		45		true
n04024	7	0.4800	n01421		34		true
n04025	6	0.4800	n01421		32		true
n04026	6	0.4800	n04216		67		true
n04027	7	0.4800	n04469		100		true
n04028	6	0.4800	n04469		139		true
n04029	6	0.4800	n04469		85		true
n04030	6	0.4800	n02627		74		true
n04031	6	0.4800	n04469		707		true
n04032	6	0.4800	n04469		39		true
n04033	6	0.4800	n03435		61		true
n04034	7	0.4800	n03613		223		true
n04035	6	0.4800	n03613		311		true
n04036	5	0.4800	n03613		22		true
n04037	6	0.4796	n02627		65		true
n04038	7	0.4747	n03613		176		true
n04039	5	0.4747	n02627		143		true
n04040	6	0.4742	n04469		1850		true
n04041	6	0.4706	n04469		97		true
n04042	88	0.4700	n04469		1445		true
n04043	46	0.4700	n03613		930		true
n04044	48	0.4700	n04918		734		true
n04045	38	0.4700	n04469		721		true
n04046	31	0.4700	n04917		669		true
n04047	29	0.4700		n00233 n00784 n01130 n01216 n01229 n01665 n01886 n02395 n03197 n03645 n03863 n03939 n04292 n04594 n05069 n05239	1837		true
n04048	30	0.4700	n04469		376		true
n04049	27	0.4700	n04469		528		true
n04050	25	0.4700	n01421		266		true
n04051	25	0.4700		n00183 n00792 n01660 n02084 n02381 n03057 n04415	334		true
n04052	24	0.4700		n00098 n00500 n00999 n01947 n02196 n02246 n02364 n03626	696		true
n04053	23	0.4700	n04469		67		true
n04054	23	0.4700	n03613		601		true
n04055	24	0.4700	n04469		117		true
n04056	22	0.4700	n04469		528		true
n04057	22	0.4700	n03613		418		true
n04058	20	0.4700		n00079 n00690 n00850 n01162 n01341 n01379 n01906 n02423 n03610 n04173 n04220	1676		true
n04059	17	0.4700	n04469		363		true
n04060	18	0.4700	n03747		244		true
n04061	19	0.4700	n03613		424		true
n04062	16	0.4700	n02627		117		true
n04063	15	0.4700	n04469		496		true
n04064	15	0.4700	n05122		2309		true
n04065	14	0.4700	n03613		652		true
n04066	14	0.4700	n04469		62		true
n04067	13	0.4700	n04469		60		true
n04068	13	0.4700	n04469		182		true
n04069	14	0.4700	n04469		1033		true
n04070	14	0.4700	n01421		243		true
n04071	12	0.4700	n03613		100		true
n04072	12	0.4700	n03613		256		true
n04073	12	0.4700	n03613		100		true
n04074	11	0.4700		n00450	111		true
n04075	11	0.4700	n03613		284		true
n04076	11	0.4700	n04469		363		true
n04077	12	0.4700	n03613		659		true
n04078	11	0.4700	n01421		215		true
n04079	12	0.4700		n01160 n01377 n01452 n02306	2591		true
n04080	12	0.4700	n03613		133		true
n04081	11	0.4700	n04469		336		true
n04082	10	0.4700	n01421		277		true
n04083	10	0.4700	n01421		288		true
n04084	9	0.4700		n01977 n02747 n03359	112		true
n04085	10	0.4700	n04469		528		true
n04086	9	0.4700	n03613		71		true
n04087	9	0.4700	n03613		87		true
n04088	8	0.4700	n03613 n05010		24		true
n04089	9	0.4700	n01421 n03046		37		true
n04090	8	0.4700	n01421 n04670		104		true
n04091	9	0.4700	n03613		57		true
n04092	8	0.4700	n02627		216		true
n04093	7	0.4700	n02627		160		true
n04094	7	0.4700	n03613		186		true
n04095	7	0.4700	n03613		73		true
n04096	7	0.4700	n04469		43		true
n04097	7	0.4700	n04469		57		true
n04098	7	0.4700	n04469		1543		true
n04099	7	0.4700	n00938		208		true
n04100	6	0.4700	n01421		244		true
n04101	6	0.4700	n03613		37		true
n04102	6	0.4700	n03613 n04918		195		true
n04103	6	0.4700	n04469		33		true
n04104	6	0.4700	n04469		153		true
n04105	6	0.4700	n02627		2145		true
n04106	7	0.4694	n02627		42		true
n04107	5	0.4688	n05263		142		true
n04108	6	0.4646	n02627		141		true
n04109	40	0.4600	n04469		242		true
n04110	38	0.4600	n04469		986		true
n04111	38	0.4600	n04469		499		true
n04112	38	0.4600	n01421		598		true
n04113	32	0.4600	n03613		236		true
n04114	31	0.4600	n04469		109		true
n04115	29	0.4600	n03613		162		true
n04116	27	0.4600	n01421		644		true
n04117	27	0.4600	n04925		235		true
n04118	23	0.4600	n04377 n04469		1952		true
n04119	23	0.4600	n02627		468		true
n04120	23	0.4600	n03613		262		true
n04121	19	0.4600	n02627		389		true
n04122	19	0.4600	n04469		746		true
n04123	19	0.4600	n04469		826		true
n04124	19	0.4600	n04469		83		true
n04125	17	0.4600	n03889		305		true
n04126	18	0.4600	n04469		78		true
n04127	17	0.4600	n04469		205		true
n04128	15	0.4600	n02628		319		true
n04129	14	0.4600	n02627		321		true
n04130	14	0.4600	n03613		505		true
n04131	13	0.4600	n03767		221		true
n04132	13	0.4600	n03613		163		true
n04133	13	0.4600	n03613		376		true
n04134	14	0.4600	n01421		320		true
n04135	14	0.4600	n03613		280		true
n04136	12	0.4600	n03613		232		true
n04137	14	0.4600	n01421		733		true
n04138	12	0.4600	n01421		298		true
n04139	12	0.4600	n04469		273		true
n04140	13	0.4600	n04469		205		true
n04141	11	0.4600	n03613		133		true
n04142	11	0.4600	n01421		138		true
n04143	14	0.4600	n04469		77		true
n04144	11	0.4600	n03613		58		true
n04145	12	0.4600	n01421		427		true
n04146	12	0.4600	n02627		96		true
n04147	10	0.4600	n03613		142		true
n04148	10	0.4600		n00416	526		true
n04149	9	0.4600	n04469		167		true
n04150	9	0.4600	n03613		174		true
n04151	9	0.4600	n01421		814		true
n04152	9	0.4600	n01421		46		true
n04153	9	0.4600	n04917		107		true
n04154	8	0.4600	n01421		101		true
n04155	8	0.4600	n03613		338		true
n04156	8	0.4600	n04469		100		true
n04157	8	0.4600	n04469		63		true
n04158	9	0.4600	n03613		340		true
n04159	8	0.4600	n04469		236		true
n04160	8	0.4600		n01580	64		true
n04161	9	0.4600	n05122		744		true
n04162	8	0.4600	n04469		287		true
n04163	7	0.4600	n02855		56		true
n04164	8	0.4600	n01421		36		true
n04165	7	0.4600	n03613		566		true
n04166	7	0.4600	n03613		332		true
n04167	7	0.4600	n02627		72		true
n04168	7	0.4600	n04469		72		true
n04169	7	0.4600	n03613		90		true
n04170	6	0.4600	n01421		147		true
n04171	6	0.4600	n02627		185		true
n04172	6	0.4600	n01421 n02628		50		true
n04173	6	0.4600	n03904 n04058		1501		true
n04174	6	0.4600	n02627 n04276		132		true
n04175	6	0.4600	n03613 n05028		134		true
n04176	6	0.4600	n01421		142		true
n04177	5	0.4600	n01421		53		true
n04178	9	0.4592	n03613		8		true
n04179	7	0.4592	n04469		391		true
n04180	6	0.4592	n03613		77		true
n04181	6	0.4583	n03331 n04469		151		true
n04182	7	0.4578	n03613		44		true
n04183	6	0.4545	n03613		120		true
n04184	5	0.4545	n01421		454		true
n04185	5	0.4536	n02627		41		true
n04186	7	0.4516	n03613		105		true
n04187	110	0.4500	n04469		848		true
n04188	76	0.4500	n03613		666		true
n04189	51	0.4500	n03613		903		true
n04190	44	0.4500		n00014 n00047 n00150 n00199 n00481 n00533 n00546 n00699 n00807 n00977 n01214 n01928 n03467 n04490 n05149	442		true
n04191	41	0.4500		n00476 n00608 n00632 n01020 n01524 n01868 n02069 n02071 n02387 n02467 n02487 n02795 n03107 n03441 n03501 n03637 n03993 n04396 n04483 n04546 n04931 n05356	1428		true
n04192	38	0.4500	n01421		287		true
n04193	41	0.4500	n04469		912		true
n04194	35	0.4500	n03613		840		true
n04195	34	0.4500	n03613		326		true
n04196	32	0.4500		n00092 n00400 n00525 n00709 n00966 n01251 n01281 n02966 n03049 n03418 n04475 n04904 n05178	2403		true
n04197	31	0.4500	n03613		989		true
n04198	27	0.4500	n04469		430		true
n04199	25	0.4500	n03613		62		true
n04200	25	0.4500	n03613		1373		true
n04201	23	0.4500	n01421 n03905		222		true
n04202	22	0.4500	n03613		247		true
n04203	22	0.4500	n02627		1587		true
n04204	20	0.4500	n03613		387		true
n04205	20	0.4500	n02627		301		true
n04206	20	0.4500	n03613		615		true
n04207	19	0.4500	n03613		1094		true
n04208	19	0.4500	n04469		468		true
n04209	17	0.4500	n03613		163		true
n04210	16	0.4500	n03613		99		true
n04211	16	0.4500	n03613		167		true
n04212	17	0.4500	n02627		930		true
n04213	19	0.4500		n00158 n00918 n01362 n02683 n03038 n04619 n04991	1204		true
n04214	19	0.4500		n00304 n01458 n02998 n03720 n04247 n04430 n04801 n04866	213		true
n04215	18	0.4500	n03613		278		true
n04216	17	0.4500		n00596 n01816 n02284 n02847 n03594 n04026 n05268	172		true
n04217	15	0.4500	n03613		1307		true
n04218	14	0.4500	n01421		198		true
n04219	14	0.4500	n03613		188		true
n04220	14	0.4500	n04058		293		true
n04221	14	0.4500	n03613		2902		true
n04222	15	0.4500	n02628		100		true
n04223	13	0.4500	n01421		116		true
n04224	13	0.4500	n03613		844		true
n04225	12	0.4500		n00883 n02002	900		true
n04226	11	0.4500	n04469		60		true
n04227	13	0.4500		n00368 n01048 n02942 n05325	217		true
n04228	11	0.4500	n04469		60		true
n04229	10	0.4500	n02628		98		true
n04230	11	0.4500	n03613		66		true
n04231	12	0.4500	n05122		2304		true
n04232	12	0.4500	n03613		1280		true
n04233	11	0.4500	n01421		55		true
n04234	10	0.4500	n04469		133		true
n04235	9	0.4500	n02627		5		true
n04236	9	0.4500	n02627		71		true
n04237	9	0.4500	n04469		89		true
n04238	11	0.4500	n03613		245		true
n04239	9	0.4500	n03623 n04469		85		true
n04240	10	0.4500	n03889		1717		true
n04241	9	0.4500	n03613		752		true
n04242	9	0.4500	n03613		947		true
n04243	8	0.4500	n03613		1027		true
n04244	8	0.4500	n03613		6185		true
n04245	8	0.4500	n04469		59		true
n04246	8	0.4500	n04469		68		true
n04247	8	0.4500	n03623 n04214 n04469		40		true
n04248	8	0.4500	n01421		124		true
n04249	8	0.4500		n01485	233		true
n04250	7	0.4500	n03613		82		true
n04251	7	0.4500	n02855		98		true
n04252	7	0.4500	n03613		234		true
n04253	7	0.4500	n02589 n03613		131		true
n04254	8	0.4500	n04469		1332		true
n04255	7	0.4500	n01421		74		true
n04256	7	0.4500	n03613		128		true
n04257	7	0.4500	n04469		200		true
n04258	7	0.4500	n03000		130		true
n04259	7	0.4500	n03613		113		true
n04260	6	0.4500	n03613		121		true
n04261	6	0.4500	n03613		113		true
n04262	6	0.4500	n01421		378		true
n04263	6	0.4500	n03613		28		true
n04264	6	0.4500	n03613		43		true
n04265	6	0.4500	n02627 n05122		119		true
n04266	5	0.4500	n03613		90		true
n04267	5	0.4500	n03613		444		true
n04268	6	0.4490	n04469		94		true
n04269	7	0.4444	n03613		332		true
n04270	7	0.4444	n04469		722		true
n04271	7	0.4444	n02627		756		true
n04272	6	0.4444	n04469		62		true
n04273	7	0.4433	n01421		37		true
n04274	6	0.4419	n03613		1		true
n04275	76	0.4400	n03613		2655		true
n04276	70	0.4400		n00041 n00323 n00331 n00345 n00435 n00524 n01011 n01030 n01056 n01372 n01423 n01513 n01544 n01613 n01640 n01787 n01889 n01949 n01971 n02044 n02312 n02459 n02699 n02722 n02741 n02770 n02791 n02879 n02885 n03104 n03714 n03778 n03831 n03926 n04174 n04691 n04845 n04882 n05045 n05298 n05346 n05432	990		true
n04277	64	0.4400	n02627		1612		true
n04278	53	0.4400	n04469		712		true
n04279	51	0.4400	n04469		727		true
n04280	51	0.4400	n03613		930		true
n04281	38	0.4400	n02627		980		true
n04282	33	0.4400	n04469		243		true
n04283	32	0.4400	n03613		1992		true
n04284	35	0.4400	n00691		1177		true
n04285	28	0.4400	n03613		616		true
n04286	27	0.4400	n03613		501		true
n04287	25	0.4400	n04469		221		true
n04288	25	0.4400	n04469		185		true
n04289	25	0.4400	n02627		524		true
n04290	25	0.4400	n02627		174		true
n04291	24	0.4400	n04469		757		true
n04292	24	0.4400	n04047		1824		true
n04293	24	0.4400	n04469		150		true
n04294	26	0.4400	n04469		151		true
n04295	19	0.4400	n03613		36		true
n04296	21	0.4400	n03613		196		true
n04297	18	0.4400	n01421		250		true
n04298	18	0.4400	n04469		135		true
n04299	17	0.4400	n01608		348		true
n04300	16	0.4400	n03613		217		true
n04301	17	0.4400	n04469		341		true
n04302	15	0.4400	n04469		100		true
n04303	16	0.4400	n03613		609		true
n04304	16	0.4400	n04469		330		true
n04305	14	0.4400	n01421		89		true
n04306	15	0.4400	n04469		528		true
n04307	14	0.4400	n01421		591		true
n04308	16	0.4400	n04469		98		true
n04309	14	0.4400	n03613		105		true
n04310	14	0.4400	n02627		604		true
n04311	12	0.4400	n03613		139		true
n04312	15	0.4400	n02589 n03613		236		true
n04313	13	0.4400	n04469		161		true
n04314	11	0.4400	n03613		234		true
n04315	12	0.4400		n01762 n05416	1039		true
n04316	12	0.4400	n04377		263		true
n04317	12	0.4400	n04469		63		true
n04318	12	0.4400	n04469		95		true
n04319	12	0.4400	n04469		150		true
n04320	11	0.4400	n03507		135		true
n04321	10	0.4400	n04469		152		true
n04322	11	0.4400	n01421		209		true
n04323	10	0.4400	n03613		114		true
n04324	10	0.4400	n02627		532		true
n04325	11	0.4400	n03613		257		true
n04326	9	0.4400	n04469		109		true
n04327	9	0.4400		n03362	89		true
n04328	9	0.4400	n04918		304		true
n04329	10	0.4400	n04469		576		true
n04330	10	0.4400		n00872 n01055 n03687	195		true
n04331	9	0.4400	n02627		134		true
n04332	8	0.4400	n01421		82		true
n04333	8	0.4400	n03613		145		true
n04334	8	0.4400	n03613		32		true
n04335	9	0.4400	n03613		113		true
n04336	8	0.4400	n04469		47		true
n04337	8	0.4400	n01421		47		true
n04338	9	0.4400	n04469		140		true
n04339	8	0.4400	n03613		243		true
n04340	8	0.4400	n04469		26		true
n04341	7	0.4400	n05173		78		true
n04342	7	0.4400	n04469		104		true
n04343	8	0.4400	n05122		149		true
n04344	7	0.4400	n04933		2951		true
n04345	7	0.4400	n02627		139		true
n04346	7	0.4400	n04469		32		true
n04347	7	0.4400	n04469		84		true
n04348	7	0.4400	n02589 n03613		86		true
n04349	7	0.4400	n01421		124		true
n04350	7	0.4400	n01421		73		true
n04351	8	0.4400	n01421		487		true
n04352	6	0.4400		n01659	19		true
n04353	6	0.4400	n03435		43		true
n04354	6	0.4400	n05364		260		true
n04355	7	0.4400	n03613		85		true
n04356	6	0.4400	n04469		148		true
n04357	6	0.4400	n03137		124		true
n04358	6	0.4400	n01421		249		true
n04359	6	0.4400	n02627		251		true
n04360	6	0.4400	n01421		73		true
n04361	6	0.4400	n03613		89		true
n04362	6	0.4400	n03613		108		true
n04363	5	0.4400			189		true
n04364	6	0.4388	n04469		60		true
n04365	6	0.4359	n03613		50		true
n04366	8	0.4343	n04469		98		true
n04367	7	0.4343	n01421		364		true
n04368	6	0.4343	n02627		210		true
n04369	6	0.4343	n01421		81		true
n04370	6	0.4343	n02627 n04735		27		true
n04371	5	0.4343	n04469		484		true
n04372	89	0.4300	n04469		890		true
n04373	36	0.4300	n01421		705		true
n04374	33	0.4300	n04469		525		true
n04375	29	0.4300	n01421		303		true
n04376	29	0.4300	n03613		623		true
n04377	29	0.4300		n00567 n00623 n01026 n01262 n02572 n02596 n03144 n03200 n03221 n03350 n03798 n04118 n04316 n04836 n05030 n05258	1975		true
n04378	26	0.4300	n03623 n04469		140		true
n04379	25	0.4300	n03613		179		true
n04380	24	0.4300	n04469		264		true
n04381	24	0.4300	n03613		986		true
n04382	24	0.4300	n04469		150		true
n04383	23	0.4300	n04469		928		true
n04384	23	0.4300	n03613		133		true
n04385	24	0.4300	n01421		111		true
n04386	26	0.4300	n04469		468		true
n04387	23	0.4300	n03613		615		true
n04388	22	0.4300	n03613 n04918		353		true
n04389	23	0.4300	n03613		142		true
n04390	23	0.4300	n03613		201		true
n04391	22	0.4300	n02627		563		true
n04392	21	0.4300	n02627		172		true
n04393	19	0.4300	n03613		285		true
n04394	19	0.4300	n01608		385		true
n04395	18	0.4300	n01421		323		true
n04396	18	0.4300	n03613 n04191		372		true
n04397	17	0.4300	n02627		1301		true
n04398	18	0.4300	n05142		2081		true
n04399	16	0.4300	n01421 n02628		553		true
n04400	16	0.4300	n03613		96		true
n04401	15	0.4300	n03613		43		true
n04402	15	0.4300	n04469		88		true
n04403	15	0.4300	n03613		94		true
n04404	16	0.4300	n03137		350		true
n04405	15	0.4300	n01421		298		true
n04406	16	0.4300	n03613		572		true
n04407	14	0.4300	n03838		488		true
n04408	14	0.4300	n03613		178		true
n04409	14	0.4300	n03613		243		true
n04410	16	0.4300	n03507		337		true
n04411	13	0.4300	n02627		709		true
n04412	12	0.4300	n01421		74		true
n04413	12	0.4300	n04469		30		true
n04414	12	0.4300	n01421		219		true
n04415	12	0.4300	n04051		200		true
n04416	12	0.4300	n01421		140		true
n04417	14	0.4300	n02627		356		true
n04418	12	0.4300	n04469		68		true
n04419	13	0.4300	n03613 n05028		138		true
n04420	10	0.4300		n01170 n02221 n02271	70		true
n04421	11	0.4300	n03613		115		true
n04422	10	0.4300	n03613		671		true
n04423	10	0.4300	n02628		167		true
n04424	11	0.4300	n03613		109		true
n04425	11	0.4300	n03613		142		true
n04426	10	0.4300		n00608	617		true
n04427	10	0.4300	n03613		388		true
n04428	10	0.4300	n04469		102		true
n04429	11	0.4300	n04469		29		true
n04430	10	0.4300	n03623 n04214		54		true
n04431	10	0.4300	n01421		114		true
n04432	11	0.4300	n01421 n05142		732		true
n04433	9	0.4300	n03613		55		true
n04434	9	0.4300	n01421		407		true
n04435	9	0.4300	n01421		378		true
n04436	9	0.4300		n00661	99		true
n04437	9	0.4300	n04469		240		true
n04438	9	0.4300	n03613		194		true
n04439	8	0.4300		n00463	82		true
n04440	9	0.4300	n04469		64		true
n04441	8	0.4300	n02627		2148		true
n04442	7	0.4300	n01421 n02628		1320		true
n04443	7	0.4300	n02627		114		true
n04444	7	0.4300	n02627		257		true
n04445	7	0.4300	n01421 n02628		374		true
n04446	7	0.4300	n03613		64		true
n04447	7	0.4300	n03613 n04960		46		true
n04448	7	0.4300	n01421		96		true
n04449	6	0.4300	n01421		131		true
n04450	6	0.4300	n01421		222		true
n04451	6	0.4300	n04469		159		true
n04452	6	0.4300	n03613		300		true
n04453	6	0.4300	n03613		131		true
n04454	6	0.4300	n03613		77		true
n04455	6	0.4300			155		true
n04456	6	0.4300	n01421		163		true
n04457	6	0.4300	n01421		64		true
n04458	6	0.4300	n03613		47		true
n04459	5	0.4300	n01421		143		true
n04460	6	0.4300	n04974		661		true
n04461	7	0.4286	n03820		105		true
n04462	6	0.4271	n04469		21		true
n04463	6	0.4255	n04469		132		true
n04464	7	0.4242	n03613		139		true
n04465	7	0.4242	n04469		197		true
n04466	6	0.4242	n03613		367		true
n04467	6	0.4242	n04469		55		true
n04468	5	0.4242	n04469		15		true
n04469	3246	0.4200		n00001 n00006 n00007 n00009 n00011 n00015 n00016 n00018 n00020 n00022 n00029 n00030 n00033 n00034 n00037 n00038 n00048 n00049 n00057 n00058 n00059 n00060 n00063 n00067 n00069 n00071 n00072 n00076 n00077 n00078 n00079 n00080 n00081 n00085 n00090 n00100 n00108 n00115 n00116 n00121 n00122 n00130 n00132 n00146 n00149 n00153 n00158 n00159 n00167 n00168 n00173 n00176 n00188 n00191 n00194 n00201 n00208 n00209 n00211 n00220 n00221 n00223 n00232 n00233 n00235 n00236 n00241 n00242 n00246 n00252 n00256 n00257 n00260 n00261 n00262 n00267 n00268 n00269 n00270 n00271 n00272 n00273 n00274 n00279 n00284 n00290 n00294 n00299 n00300 n00301 n00302 n00304 n00316 n00326 n00330 n00335 n00339 n00343 n00351 n00352 n00355 n00356 n00360 n00361 n00364 n00366 n00369 n00371 n00372 n00373 n00374 n00376 n00380 n00381 n00382 n00384 n00385 n00386 n00387 n00388 n00396 n00397 n00398 n00399 n00401 n00404 n00406 n00408 n00416 n00419 n00426 n00427 n00428 n00436 n00439 n00440 n00449 n00452 n00454 n00458 n00462 n00463 n00465 n00471 n00473 n00474 n00475 n00477 n00480 n00483 n00485 n00486 n00487 n00490 n00491 n00497 n00498 n00501 n00505 n00506 n00513 n00515 n00526 n00527 n00529 n00536 n00537 n00543 n00548 n00553 n00556 n00558 n00564 n00567 n00572 n00573 n00575 n00581 n00583 n00586 n00587 n00588 n00589 n00590 n00591 n00602 n00603 n00609 n00612 n00621 n00623 n00626 n00633 n00634 n00639 n00643 n00647 n00651 n00653 n00654 n00659 n00662 n00663 n00664 n00665 n00672 n00673 n00675 n00676 n00677 n00678 n00683 n00685 n00686 n00688 n00700 n00701 n00703 n00704 n00705 n00708 n00710 n00711 n00712 n00713 n00715 n00719 n00727 n00728 n00730 n00732 n00734 n00737 n00740 n00741 n00744 n00745 n00746 n00748 n00749 n00750 n00757 n00759 n00764 n00765 n00767 n00773 n00778 n00780 n00781 n00782 n00788 n00791 n00795 n00796 n00798 n00800 n00805 n00810 n00813 n00814 n00829 n00831 n00832 n00835 n00839 n00840 n00842 n00843 n00845 n00849 n00851 n00852 n00853 n00854 n00855 n00856 n00857 n00863 n00864 n00867 n00868 n00874 n00881 n00884 n00893 n00895 n00896 n00897 n00898 n00901 n00902 n00910 n00913 n00918 n00919 n00920 n00923 n00937 n00939 n00943 n00945 n00949 n00952 n00953 n00955 n00956 n00957 n00958 n00965 n00969 n00972 n00973 n00986 n00988 n00989 n00991 n00992 n00997 n00998 n01000 n01004 n01006 n01007 n01015 n01019 n01021 n01022 n01024 n01025 n01026 n01028 n01037 n01038 n01040 n01049 n01062 n01063 n01066 n01068 n01070 n01071 n01072 n01073 n01077 n01080 n01081 n01083 n01087 n01089 n01093 n01095 n01098 n01099 n01103 n01105 n01106 n01111 n01114 n01115 n01117 n01118 n01121 n01126 n01131 n01132 n01133 n01142 n01145 n01147 n01152 n01157 n01158 n01162 n01164 n01165 n01175 n01176 n01180 n01184 n01185 n01191 n01195 n01196 n01197 n01198 n01199 n01203 n01204 n01208 n01215 n01218 n01222 n01223 n01225 n01231 n01235 n01239 n01243 n01252 n01254 n01256 n01261 n01262 n01266 n01267 n01269 n01270 n01271 n01272 n01273 n01277 n01278 n01285 n01295 n01296 n01299 n01305 n01306 n01307 n01308 n01313 n01318 n01319 n01328 n01330 n01333 n01334 n01337 n01338 n01339 n01340 n01341 n01347 n01348 n01355 n01359 n01360 n01370 n01373 n01375 n01376 n01378 n01379 n01381 n01383 n01387 n01388 n01391 n01392 n01393 n01394 n01397 n01400 n01401 n01402 n01410 n01411 n01412 n01413 n01414 n01419 n01420 n01428 n01429 n01430 n01431 n01433 n01434 n01435 n01442 n01444 n01446 n01449 n01455 n01456 n01458 n01462 n01464 n01466 n01467 n01489 n01493 n01494 n01496 n01497 n01499 n01500 n01504 n01514 n01520 n01521 n01526 n01527 n01529 n01530 n01532 n01533 n01536 n01540 n01543 n01545 n01549 n01551 n01552 n01558 n01562 n01565 n01571 n01572 n01573 n01576 n01577 n01578 n01593 n01604 n01609 n01610 n01614 n01617 n01620 n01623 n01628 n01633 n01637 n01638 n01645 n01646 n01649 n01652 n01659 n01665 n01675 n01680 n01681 n01682 n01685 n01689 n01692 n01700 n01701 n01703 n01706 n01707 n01709 n01711 n01713 n01720 n01726 n01731 n01732 n01736 n01737 n01738 n01740 n01743 n01748 n01749 n01759 n01764 n01765 n01768 n01770 n01771 n01776 n01784 n01786 n01790 n01791 n01792 n01794 n01795 n01796 n01800 n01804 n01805 n01812 n01814 n01819 n01827 n01828 n01829 n01835 n01837 n01838 n01839 n01842 n01843 n01846 n01847 n01849 n01850 n01851 n01853 n01855 n01866 n01870 n01872 n01874 n01879 n01880 n01882 n01883 n01884 n01887 n01896 n01899 n01901 n01909 n01916 n01917 n01918 n01920 n01921 n01924 n01929 n01931 n01936 n01939 n01940 n01953 n01958 n01960 n01967 n01968 n01972 n01975 n01978 n01980 n01981 n01983 n01984 n01988 n01989 n01995 n02009 n02011 n02021 n02025 n02027 n02028 n02032 n02036 n02037 n02038 n02039 n02043 n02049 n02052 n02053 n02054 n02055 n02057 n02059 n02061 n02062 n02066 n02067 n02076 n02079 n02080 n02083 n02086 n02087 n02097 n02098 n02101 n02115 n02117 n02119 n02123 n02131 n02132 n02134 n02135 n02139 n02143 n02148 n02149 n02150 n02151 n02155 n02156 n02157 n02159 n02162 n02165 n02167 n02170 n02172 n02173 n02181 n02182 n02184 n02197 n02198 n02199 n02200 n02202 n02206 n02209 n02211 n02213 n02224 n02227 n02228 n02229 n02230 n02236 n02237 n02239 n02243 n02245 n02252 n02257 n02262 n02267 n02268 n02272 n02275 n02276 n02278 n02280 n02282 n02285 n02289 n02291 n02294 n02295 n02297 n02298 n02299 n02301 n02303 n02305 n02309 n02315 n02320 n02322 n02323 n02325 n02326 n02329 n02333 n02340 n02341 n02343 n02345 n02348 n02352 n02357 n02358 n02359 n02363 n02365 n02368 n02371 n02373 n02376 n02379 n02389 n02391 n02401 n02403 n02407 n02409 n02411 n02413 n02419 n02421 n02427 n02437 n02439 n02446 n02449 n02450 n02460 n02464 n02466 n02468 n02469 n02471 n02473 n02488 n02489 n02495 n02499 n02504 n02509 n02510 n02519 n02521 n02525 n02526 n02527 n02528 n02530 n02532 n02534 n02536 n02540 n02542 n02544 n02546 n02547 n02550 n02553 n02557 n02559 n02563 n02564 n02568 n02569 n02572 n02575 n02577 n02580 n02585 n02590 n02591 n02592 n02593 n02596 n02598 n02599 n02604 n02607 n02608 n02613 n02614 n02615 n02622 n02630 n02632 n02634 n02640 n02641 n02642 n02644 n02645 n02652 n02656 n02662 n02663 n02665 n02669 n02672 n02678 n02679 n02681 n02682 n02683 n02686 n02688 n02691 n02693 n02695 n02696 n02698 n02703 n02707 n02716 n02717 n02720 n02724 n02730 n02734 n02739 n02748 n02750 n02752 n02754 n02755 n02759 n02761 n02767 n02772 n02783 n02784 n02788 n02790 n02803 n02804 n02806 n02810 n02812 n02815 n02823 n02826 n02828 n02834 n02835 n02840 n02843 n02846 n02856 n02857 n02858 n02861 n02863 n02866 n02873 n02874 n02875 n02878 n02880 n02886 n02889 n02893 n02895 n02896 n02898 n02900 n02901 n02902 n02914 n02916 n02917 n02918 n02921 n02925 n02927 n02931 n02932 n02936 n02940 n02941 n02944 n02945 n02949 n02950 n02953 n02955 n02958 n02961 n02965 n02970 n02973 n02974 n02975 n02986 n02987 n02988 n02990 n02995 n03002 n03003 n03004 n03007 n03013 n03018 n03026 n03028 n03031 n03038 n03040 n03041 n03051 n03053 n03060 n03063 n03074 n03079 n03085 n03086 n03087 n03090 n03092 n03093 n03095 n03096 n03097 n03105 n03106 n03110 n03121 n03123 n03128 n03130 n03133 n03135 n03138 n03141 n03144 n03150 n03151 n03156 n03159 n03164 n03168 n03173 n03174 n03175 n03183 n03185 n03188 n03191 n03194 n03200 n03201 n03202 n03212 n03217 n03221 n03227 n03229 n03231 n03233 n03237 n03239 n03240 n03241 n03244 n03256 n03262 n03266 n03267 n03270 n03272 n03284 n03285 n03294 n03295 n03297 n03304 n03305 n03306 n03311 n03314 n03315 n03321 n03322 n03323 n03325 n03326 n03330 n03338 n03342 n03343 n03346 n03350 n03353 n03354 n03355 n03358 n03360 n03365 n03366 n03367 n03368 n03370 n03372 n03375 n03376 n03385 n03390 n03401 n03403 n03404 n03408 n03409 n03412 n03417 n03425 n03428 n03434 n03439 n03445 n03451 n03454 n03461 n03463 n03464 n03469 n03474 n03477 n03479 n03481 n03482 n03484 n03493 n03494 n03503 n03505 n03506 n03508 n03509 n03513 n03515 n03516 n03520 n03522 n03524 n03525 n03526 n03527 n03531 n03534 n03545 n03548 n03551 n03553 n03554 n03558 n03565 n03570 n03571 n03578 n03582 n03584 n03586 n03591 n03595 n03597 n03601 n03602 n03604 n03605 n03606 n03608 n03609 n03610 n03611 n03614 n03615 n03618 n03619 n03621 n03622 n03628 n03634 n03635 n03640 n03647 n03652 n03654 n03655 n03663 n03665 n03666 n03672 n03675 n03677 n03679 n03690 n03691 n03692 n03700 n03701 n03702 n03704 n03705 n03706 n03720 n03721 n03724 n03727 n03731 n03733 n03739 n03744 n03745 n03752 n03754 n03755 n03759 n03760 n03761 n03766 n03774 n03779 n03787 n03789 n03790 n03794 n03795 n03799 n03800 n03801 n03807 n03808 n03814 n03817 n03819 n03821 n03823 n03826 n03828 n03829 n03834 n03836 n03837 n03840 n03842 n03843 n03846 n03853 n03854 n03856 n03860 n03867 n03870 n03872 n03875 n03884 n03895 n03898 n03901 n03902 n03910 n03915 n03916 n03918 n03923 n03924 n03928 n03930 n03936 n03946 n03948 n03949 n03950 n03954 n03955 n03965 n03973 n03977 n03978 n03983 n03984 n03985 n03991 n04000 n04001 n04002 n04008 n04015 n04017 n04021 n04022 n04027 n04028 n04029 n04031 n04032 n04040 n04041 n04042 n04045 n04048 n04049 n04053 n04055 n04056 n04059 n04063 n04066 n04067 n04068 n04069 n04076 n04081 n04085 n04096 n04097 n04098 n04103 n04104 n04109 n04110 n04111 n04114 n04118 n04122 n04123 n04124 n04126 n04127 n04139 n04140 n04143 n04149 n04156 n04157 n04159 n04162 n04168 n04179 n04181 n04187 n04193 n04198 n04208 n04226 n04228 n04234 n04237 n04239 n04245 n04246 n04247 n04254 n04257 n04268 n04270 n04272 n04278 n04279 n04282 n04287 n04288 n04291 n04293 n04294 n04298 n04301 n04302 n04304 n04306 n04308 n04313 n04317 n04318 n04319 n04321 n04326 n04329 n04336 n04338 n04340 n04342 n04346 n04347 n04356 n04364 n04366 n04371 n04372 n04374 n04378 n04380 n04382 n04383 n04386 n04402 n04413 n04418 n04428 n04429 n04437 n04440 n04451 n04462 n04463 n04465 n04467 n04468 n04471 n04472 n04474 n04478 n04479 n04480 n04486 n04487 n04489 n04495 n04500 n04501 n04502 n04504 n04508 n04512 n04514 n04518 n04522 n04525 n04529 n04531 n04533 n04534 n04540 n04548 n04553 n04556 n04557 n04558 n04560 n04563 n04565 n04566 n04567 n04572 n04576 n04578 n04579 n04582 n04584 n04585 n04590 n04597 n04598 n04599 n04602 n04605 n04615 n04625 n04626 n04631 n04634 n04640 n04643 n04646 n04649 n04650 n04653 n04655 n04656 n04657 n04658 n04667 n04671 n04672 n04683 n04685 n04693 n04698 n04704 n04710 n04714 n04715 n04724 n04726 n04732 n04733 n04738 n04740 n04746 n04749 n04753 n04756 n04758 n04759 n04762 n04770 n04775 n04783 n04786 n04790 n04795 n04804 n04807 n04808 n04809 n04812 n04815 n04817 n04820 n04821 n04829 n04830 n04831 n04835 n04836 n04838 n04840 n04841 n04847 n04848 n04850 n04857 n04860 n04863 n04869 n04870 n04871 n04876 n04878 n04881 n04883 n04899 n04902 n04909 n04910 n04911 n04914 n04921 n04923 n04926 n04927 n04928 n04929 n04936 n04939 n04948 n04955 n04956 n04957 n04959 n04961 n04962 n04964 n04965 n04966 n04970 n04991 n04995 n04997 n05001 n05004 n05012 n05014 n05019 n05021 n05031 n05032 n05033 n05036 n05044 n05049 n05050 n05053 n05060 n05061 n05062 n05064 n05065 n05067 n05075 n05077 n05080 n05085 n05087 n05089 n05101 n05103 n05105 n05114 n05116 n05117 n05119 n05120 n05124 n05125 n05126 n05133 n05141 n05157 n05166 n05169 n05175 n05177 n05185 n05187 n05193 n05196 n05204 n05206 n05208 n05209 n05210 n05216 n05217 n05225 n05227 n05228 n05229 n05232 n05237 n05238 n05240 n05241 n05244 n05245 n05254 n05256 n05258 n05259 n05260 n05262 n05270 n05272 n05273 n05274 n05284 n05293 n05294 n05295 n05297 n05299 n05300 n05308 n05309 n05313 n05315 n05318 n05326 n05332 n05333 n05334 n05335 n05336 n05337 n05342 n05343 n05354 n05355 n05363 n05365 n05366 n05368 n05370 n05371 n05376 n05379 n05380 n05382 n05384 n05386 n05388 n05389 n05390 n05393 n05394 n05397 n05408 n05413 n05418 n05419 n05422 n05434 n05439	11902		true
n04470	39	0.4200	n03613		591		true
n04471	34	0.4200	n04469		148		true
n04472	29	0.4200	n04469		434		true
n04473	30	0.4200	n02627		1950		true
n04474	28	0.4200	n04469		139		true
n04475	28	0.4200	n04196		1708		true
n04476	28	0.4200	n02627		313		true
n04477	28	0.4200	n02628		324		true
n04478	27	0.4200	n04469		1591		true
n04479	24	0.4200	n04469		166		true
n04480	24	0.4200	n04469		76		true
n04481	23	0.4200	n01421		186		true
n04482	23	0.4200	n03613		286		true
n04483	21	0.4200	n03613 n04191		997		true
n04484	20	0.4200	n02627		249		true
n04485	21	0.4200	n02627		1450		true
n04486	19	0.4200	n04469		135		true
n04487	20	0.4200	n04469		119		true
n04488	19	0.4200	n02627		223		true
n04489	21	0.4200	n04469		205		true
n04490	18	0.4200	n03613 n04190		136		true
n04491	17	0.4200	n01421		807		true
n04492	16	0.4200	n03613		111		true
n04493	16	0.4200	n03613		104		true
n04494	14	0.4200	n01421		79		true
n04495	14	0.4200	n04469		214		true
n04496	14	0.4200		n01042 n01110 n01138	393		true
n04497	15	0.4200	n02627		767		true
n04498	15	0.4200	n04917		531		true
n04499	13	0.4200	n03613		80		true
n04500	13	0.4200	n04469		409		true
n04501	13	0.4200	n04469		46		true
n04502	14	0.4200	n04469		660		true
n04503	12	0.4200	n02627		117		true
n04504	12	0.4200	n04469		707		true
n04505	13	0.4200	n03613		178		true
n04506	13	0.4200	n01421		95		true
n04507	11	0.4200	n03613		203		true
n04508	11	0.4200	n04469		45		true
n04509	11	0.4200		n00976	181		true
n04510	11	0.4200	n01421		329		true
n04511	12	0.4200	n01421		1373		true
n04512	11	0.4200	n04469		46		true
n04513	11	0.4200	n03613		349		true
n04514	10	0.4200	n04469		105		true
n04515	11	0.4200	n03613		44		true
n04516	11	0.4200	n03889		330		true
n04517	11	0.4200	n04839		64		true
n04518	11	0.4200	n04469		82		true
n04519	10	0.4200	n03613		229		true
n04520	10	0.4200	n03613		160		true
n04521	10	0.4200		n00189 n01171	650		true
n04522	10	0.4200	n04469		131		true
n04523	11	0.4200	n03613		72		true
n04524	11	0.4200	n03613		259		true
n04525	10	0.4200	n04469		601		true
n04526	9	0.4200	n01421		361		true
n04527	10	0.4200		n00293 n05090	89		true
n04528	10	0.4200	n04920		386		true
n04529	9	0.4200	n04469		598		true
n04530	9	0.4200	n05122		744		true
n04531	10	0.4200	n04469		283		true
n04532	9	0.4200	n03613		85		true
n04533	8	0.4200	n04469		51		true
n04534	9	0.4200	n04469		1030		true
n04535	8	0.4200	n04687		103		true
n04536	8	0.4200	n01421		794		true
n04537	8	0.4200	n03613		129		true
n04538	7	0.4200	n03747		21		true
n04539	7	0.4200	n02627		80		true
n04540	7	0.4200	n04469		59		true
n04541	7	0.4200	n03613		69		true
n04542	7	0.4200	n03517		1128		true
n04543	7	0.4200	n03613		1268		true
n04544	7	0.4200	n01421		238		true
n04545	6	0.4200	n02627		76		true
n04546	6	0.4200	n03613 n04191		754		true
n04547	6	0.4200	n03613		163		true
n04548	6	0.4200	n04469		25		true
n04549	6	0.4200	n03613		156		true
n04550	6	0.4200	n01421		43		true
n04551	6	0.4200	n01421		163		true
n04552	6	0.4200	n03613		1439		true
n04553	5	0.4200	n04469		86		true
n04554	5	0.4200	n01421		42		true
n04555	5	0.4200			166		true
n04556	5	0.4200	n04469		99		true
n04557	5	0.4184	n04469		96		true
n04558	7	0.4141	n04469		49		true
n04559	7	0.4141	n02627 n03765		39		true
n04560	6	0.4141	n04469		67		true
n04561	6	0.4124	n01421		434		true
n04562	114	0.4100	n01421		1671		true
n04563	71	0.4100	n04469		798		true
n04564	64	0.4100	n02627		1377		true
n04565	44	0.4100	n04469		965		true
n04566	41	0.4100	n04469		301		true
n04567	36	0.4100	n04469		205		true
n04568	30	0.4100	n02627		300		true
n04569	28	0.4100	n03613		1140		true
n04570	28	0.4100	n02627		458		true
n04571	27	0.4100	n02627		469		true
n04572	26	0.4100	n04469		471		true
n04573	25	0.4100	n05010		35		true
n04574	24	0.4100	n02627		99		true
n04575	25	0.4100	n03613		677		true
n04576	24	0.4100	n04469		221		true
n04577	24	0.4100	n03613		506		true
n04578	20	0.4100	n04469		156		true
n04579	20	0.4100	n04469		88		true
n04580	20	0.4100	n03613		452		true
n04581	17	0.4100	n03613		280		true
n04582	17	0.4100	n04469		82		true
n04583	17	0.4100	n03613		142		true
n04584	16	0.4100	n04469		146		true
n04585	16	0.4100	n04469		1136		true
n04586	15	0.4100	n01421 n02628		195		true
n04587	15	0.4100	n02627		115		true
n04588	15	0.4100	n03507		323		true
n04589	16	0.4100	n02627		524		true
n04590	16	0.4100	n04469		205		true
n04591	14	0.4100	n01421 n03905		117		true
n04592	15	0.4100	n03613		461		true
n04593	13	0.4100	n03613		139		true
n04594	13	0.4100	n04047		1787		true
n04595	14	0.4100	n03613		1716		true
n04596	13	0.4100	n01421		1078		true
n04597	14	0.4100	n04469		350		true
n04598	12	0.4100	n04469		182		true
n04599	12	0.4100	n04469		420		true
n04600	12	0.4100	n03613		1336		true
n04601	12	0.4100	n02627		174		true
n04602	12	0.4100	n04469		211		true
n04603	11	0.4100	n01421		1193		true
n04604	11	0.4100	n03613		511		true
n04605	11	0.4100	n04469		144		true
n04606	11	0.4100	n02627		487		true
n04607	10	0.4100	n03613		186		true
n04608	12	0.4100	n02627		221		true
n04609	11	0.4100	n01421		110		true
n04610	10	0.4100	n02627		524		true
n04611	9	0.4100	n05142		2079		true
n04612	9	0.4100	n03613		703		true
n04613	9	0.4100	n03613		100		true
n04614	8	0.4100		n00624	547		true
n04615	8	0.4100	n04469		43		true
n04616	8	0.4100	n03613		224		true
n04617	8	0.4100	n03613		194		true
n04618	9	0.4100	n03613		445		true
n04619	8	0.4100	n04213		46		true
n04620	8	0.4100	n03613		138		true
n04621	8	0.4100	n03613		240		true
n04622	8	0.4100	n02627		386		true
n04623	8	0.4100	n01421		58		true
n04624	7	0.4100		n01182	46		true
n04625	7	0.4100	n04469		58		true
n04626	7	0.4100	n04469		580		true
n04627	7	0.4100	n03889		1717		true
n04628	7	0.4100	n03613		844		true
n04629	7	0.4100	n01421		309		true
n04630	7	0.4100	n03613		83		true
n04631	6	0.4100	n04469 n04920		34		true
n04632	6	0.4100			238		true
n04633	6	0.4100	n03613		183		true
n04634	6	0.4100	n04469		47		true
n04635	6	0.4100	n03613		253		true
n04636	6	0.4100	n02627		436		true
n04637	5	0.4100	n03613		110		true
n04638	5	0.4100	n03589		58		true
n04639	6	0.4086	n02627		75		true
n04640	7	0.4082	n04469		55		true
n04641	6	0.4062	n02627		47		true
n04642	13	0.4040	n01421		157		true
n04643	7	0.4040	n04469		127		true
n04644	7	0.4040	n02538 n02627		1386		true
n04645	6	0.4040	n03613		80		true
n04646	90	0.4000	n04469		315		true
n04647	71	0.4000	n03613		605		true
n04648	59	0.4000	n03613		1035		true
n04649	46	0.4000	n04469		292		true
n04650	31	0.4000	n04469		717		true
n04651	32	0.4000	n01421		339		true
n04652	31	0.4000	n01608		416		true
n04653	28	0.4000	n04469		90		true
n04654	28	0.4000	n03613		479		true
n04655	27	0.4000	n04469		136		true
n04656	25	0.4000	n04469		233		true
n04657	24	0.4000	n04469		48		true
n04658	24	0.4000	n04469		450		true
n04659	21	0.4000	n00691		1167		true
n04660	20	0.4000	n03000		220		true
n04661	19	0.4000	n02627		82		true
n04662	20	0.4000	n03613		378		true
n04663	20	0.4000	n03613		295		true
n04664	18	0.4000		n01762 n01943 n02152 n02205 n03157 n04684	3652		true
n04665	18	0.4000	n01421 n03905		199		true
n04666	17	0.4000	n02627		331		true
n04667	17	0.4000	n04469		182		true
n04668	15	0.4000	n03613		48		true
n04669	16	0.4000	n03613		288		true
n04670	18	0.4000		n00846 n00946 n01143 n01276 n01476 n03125 n04090	423		true
n04671	15	0.4000	n04469		108		true
n04672	14	0.4000	n03613 n04469 n05331		67		true
n04673	14	0.4000	n01421		304		true
n04674	14	0.4000	n03613		200		true
n04675	14	0.4000	n03613		98		true
n04676	13	0.4000		n01510 n01783 n03293 n03818	502		true
n04677	13	0.4000	n03613		78		true
n04678	13	0.4000	n01421		738		true
n04679	12	0.4000	n03613		43		true
n04680	13	0.4000	n01421 n02628		52		true
n04681	11	0.4000	n01421 n02628		782		true
n04682	12	0.4000	n02628		296		true
n04683	11	0.4000	n04469		62		true
n04684	11	0.4000	n04664		3498		true
n04685	12	0.4000	n04469		243		true
n04686	12	0.4000	n03747		207		true
n04687	11	0.4000		n01042 n01110 n04535	219		true
n04688	11	0.4000	n02627		65		true
n04689	10	0.4000	n05147		87		true
n04690	10	0.4000	n03613		112		true
n04691	10	0.4000	n02627 n04276		256		true
n04692	10	0.4000	n03613		600		true
n04693	10	0.4000	n04469		342		true
n04694	10	0.4000	n02627		160		true
n04695	11	0.4000	n01421		589		true
n04696	10	0.4000	n02627		467		true
n04697	10	0.4000	n02627		206		true
n04698	9	0.4000	n04469		142		true
n04699	9	0.4000		n01823 n02281	140		true
n04700	10	0.4000	n02627		80		true
n04701	8	0.4000	n03613		844		true
n04702	7	0.4000	n03820		452		true
n04703	7	0.4000	n01421		232		true
n04704	7	0.4000	n04469		32		true
n04705	7	0.4000	n01421		59		true
n04706	7	0.4000	n01421		625		true
n04707	7	0.4000	n01421		108		true
n04708	7	0.4000	n03613		44		true
n04709	7	0.4000		n01026	2834		true
n04710	7	0.4000	n04469		457		true
n04711	7	0.4000	n03000		181		true
n04712	7	0.4000			64		true
n04713	8	0.4000	n03889		2127		true
n04714	8	0.4000	n04469		1030		true
n04715	7	0.4000	n04469		143		true
n04716	7	0.4000	n03613		90		true
n04717	6	0.4000	n03000		40		true
n04718	6	0.4000	n04974		872		true
n04719	6	0.4000	n03613		64		true
n04720	6	0.4000	n01421		95		true
n04721	6	0.4000	n03613		492		true
n04722	7	0.4000	n03613		478		true
n04723	6	0.4000	n01421		78		true
n04724	6	0.3980	n04469		44		true
n04725	11	0.3918	n00043		68		true
n04726	7	0.3918	n04469		49		true
n04727	60	0.3900	n01421		627		true
n04728	53	0.3900		n00014 n00047 n00060 n00150 n00199 n00481 n00533 n00546 n00807 n01111 n01928 n02604 n02724 n03250 n05149	488		true
n04729	41	0.3900	n03613		566		true
n04730	47	0.3900	n01421		487		true
n04731	38	0.3900	n03613		365		true
n04732	36	0.3900	n04469		310		true
n04733	33	0.3900	n04469		188		true
n04734	27	0.3900	n03613		193		true
n04735	25	0.3900		n00017 n00075 n00187 n00297 n01138 n01506 n01635 n02719 n04370	447		true
n04736	24	0.3900	n03613		191		true
n04737	23	0.3900	n02627		96		true
n04738	25	0.3900	n04469		528		true
n04739	22	0.3900	n01421		125		true
n04740	22	0.3900	n04469		360		true
n04741	22	0.3900	n01608		364		true
n04742	21	0.3900		n00040 n00152 n00450 n00492 n00836	315		true
n04743	20	0.3900	n03613		123		true
n04744	21	0.3900	n02627		560		true
n04745	19	0.3900	n01421		258		true
n04746	18	0.3900	n04469		132		true
n04747	18	0.3900	n03613		347		true
n04748	18	0.3900	n03613		698		true
n04749	18	0.3900	n04469		139		true
n04750	18	0.3900	n03613		631		true
n04751	19	0.3900	n03613		270		true
n04752	17	0.3900	n02627		653		true
n04753	16	0.3900	n04469		155		true
n04754	17	0.3900		n00581 n00919 n01170 n02221 n02271 n03267	129		true
n04755	16	0.3900	n03613		450		true
n04756	15	0.3900	n04469		127		true
n04757	15	0.3900	n03613		88		true
n04758	16	0.3900	n04469		452		true
n04759	17	0.3900	n04469		375		true
n04760	15	0.3900	n03613		219		true
n04761	14	0.3900	n03613		95		true
n04762	16	0.3900	n04469		123		true
n04763	14	0.3900	n01421		77		true
n04764	14	0.3900		n00472 n01501 n04811 n05403	189		true
n04765	14	0.3900		n00183 n02084 n02915 n05428	89		true
n04766	13	0.3900	n03889		1709		true
n04767	13	0.3900	n03820		259		true
n04768	12	0.3900	n03613		65		true
n04769	13	0.3900	n02628		380		true
n04770	12	0.3900	n04469		1880		true
n04771	12	0.3900	n05122		407		true
n04772	12	0.3900	n03613		480		true
n04773	12	0.3900	n03613		2320		true
n04774	12	0.3900	n04917		224		true
n04775	11	0.3900	n04469		102		true
n04776	11	0.3900	n01421 n02628		1612		true
n04777	11	0.3900	n03613		286		true
n04778	11	0.3900	n02627		87		true
n04779	10	0.3900	n03613		38		true
n04780	12	0.3900	n01421		148		true
n04781	10	0.3900	n03613		902		true
n04782	11	0.3900	n03613		417		true
n04783	10	0.3900	n04469		247		true
n04784	10	0.3900	n01421		37		true
n04785	10	0.3900	n01421		371		true
n04786	9	0.3900	n04469		107		true
n04787	11	0.3900	n03613		116		true
n04788	9	0.3900	n04917		820		true
n04789	10	0.3900		n00779 n01669 n01806	122		true
n04790	10	0.3900	n04469		54		true
n04791	9	0.3900	n01421		231		true
n04792	9	0.3900	n02627		578		true
n04793	8	0.3900	n01421		94		true
n04794	8	0.3900	n03613		32		true
n04795	9	0.3900	n04469		42		true
n04796	8	0.3900	n02628		85		true
n04797	8	0.3900	n03613		68		true
n04798	8	0.3900	n03613		98		true
n04799	8	0.3900	n03380		172		true
n04800	8	0.3900	n01421		30		true
n04801	8	0.3900	n04214		174		true
n04802	9	0.3900	n02627		190		true
n04803	8	0.3900	n04917		106		true
n04804	7	0.3900	n04469		73		true
n04805	7	0.3900	n03613		69		true
n04806	7	0.3900			177		true
n04807	7	0.3900	n04469 n04920		47		true
n04808	7	0.3900	n04469		76		true
n04809	7	0.3900	n04469		431		true
n04810	6	0.3900	n01421		83		true
n04811	6	0.3900	n02628 n04764		139		true
n04812	6	0.3900	n04469		104		true
n04813	7	0.3900		n00300	621		true
n04814	6	0.3900	n03500		2063		true
n04815	6	0.3900	n04469		182		true
n04816	6	0.3900	n02627		2020		true
n04817	6	0.3854	n04469		39		true
n04818	6	0.3846	n02627		130		true
n04819	10	0.3838	n01421		147		true
n04820	7	0.3838	n04469		154		true
n04821	83	0.3800	n04469		845		true
n04822	72	0.3800	n02627		607		true
n04823	65	0.3800	n01421		1102		true
n04824	62	0.3800	n02627		766		true
n04825	52	0.3800	n03613		1411		true
n04826	45	0.3800	n02627		802		true
n04827	39	0.3800	n01421		473		true
n04828	38	0.3800	n03613		2602		true
n04829	35	0.3800	n04469		61		true
n04830	35	0.3800	n04469		122		true
n04831	32	0.3800	n04469		76		true
n04832	28	0.3800	n02627		592		true
n04833	25	0.3800	n03613		286		true
n04834	25	0.3800	n02627		2159		true
n04835	25	0.3800	n04469		29		true
n04836	26	0.3800	n04377 n04469		1952		true
n04837	23	0.3800	n02627		270		true
n04838	22	0.3800	n04469		603		true
n04839	22	0.3800		n00183 n01122 n01486 n02047 n02084 n02472 n02899 n02915 n03057 n03511 n04517	107		true
n04840	23	0.3800	n04469		56		true
n04841	22	0.3800	n04469		77		true
n04842	21	0.3800	n03613		356		true
n04843	22	0.3800	n03613		840		true
n04844	20	0.3800	n03613		930		true
n04845	20	0.3800	n02627 n04276		746		true
n04846	20	0.3800	n03613		616		true
n04847	20	0.3800	n04469		708		true
n04848	18	0.3800	n04469		90		true
n04849	18	0.3800	n02627		231		true
n04850	17	0.3800	n04469		616		true
n04851	17	0.3800	n03613 n05010		30		true
n04852	19	0.3800	n03613		1168		true
n04853	17	0.3800	n02627		2573		true
n04854	16	0.3800	n03613		905		true
n04855	17	0.3800	n01421		419		true
n04856	17	0.3800	n01421		163		true
n04857	16	0.3800	n04469		607		true
n04858	15	0.3800	n03613		636		true
n04859	15	0.3800	n03613		572		true
n04860	15	0.3800	n04469		462		true
n04861	14	0.3800	n03613 n04918		306		true
n04862	16	0.3800	n03613		152		true
n04863	13	0.3800	n04469		115		true
n04864	13	0.3800	n01421		62		true
n04865	16	0.3800	n03613		537		true
n04866	15	0.3800	n04214		184		true
n04867	12	0.3800	n01421		153		true
n04868	12	0.3800	n03747		24		true
n04869	12	0.3800	n04469		198		true
n04870	12	0.3800	n04469		423		true
n04871	12	0.3800	n04469		174		true
n04872	12	0.3800	n03613		110		true
n04873	12	0.3800	n01421		380		true
n04874	13	0.3800	n01421 n02628		1612		true
n04875	11	0.3800	n03613		528		true
n04876	11	0.3800	n04469		125		true
n04877	11	0.3800	n05122		185		true
n04878	11	0.3800	n04469		960		true
n04879	10	0.3800	n02627		212		true
n04880	10	0.3800	n03613		164		true
n04881	10	0.3800	n04469		177		true
n04882	10	0.3800	n02627 n04276		42		true
n04883	9	0.3800	n04469		3200		true
n04884	9	0.3800	n01421		96		true
n04885	9	0.3800	n02627		304		true
n04886	9	0.3800	n03613		365		true
n04887	9	0.3800	n01421		309		true
n04888	9	0.3800	n01421		3041		true
n04889	9	0.3800	n01421		241		true
n04890	9	0.3800	n01421		112		true
n04891	8	0.3800	n03613		334		true
n04892	8	0.3800	n02627		36		true
n04893	8	0.3800	n01608		200		true
n04894	8	0.3800	n03613		278		true
n04895	8	0.3800		n00642	2839		true
n04896	8	0.3800		n01270	187		true
n04897	7	0.3800	n03613		159		true
n04898	7	0.3800	n01421		220		true
n04899	7	0.3800	n04469		2127		true
n04900	7	0.3800	n03613		75		true
n04901	7	0.3800	n01421		87		true
n04902	7	0.3800	n04469		27		true
n04903	7	0.3800	n03492		131		true
n04904	7	0.3800	n04196		1200		true
n04905	6	0.3800	n01421		121		true
n04906	6	0.3800	n03613		2076		true
n04907	6	0.3800	n03613		89		true
n04908	8	0.3776	n03613		70		true
n04909	8	0.3737	n04469		47		true
n04910	7	0.3711	n04469		137		true
n04911	203	0.3700	n04469		1469		true
n04912	133	0.3700	n02627		2324		true
n04913	91	0.3700	n03613		828		true
n04914	78	0.3700	n04469		314		true
n04915	61	0.3700	n02627		514		true
n04916	55	0.3700	n03613		348		true
n04917	53	0.3700		n00671 n00696 n00866 n00976 n01047 n01510 n01708 n01783 n01797 n01986 n02093 n02317 n02500 n02766 n02822 n03008 n03293 n03710 n03818 n03886 n04046 n04153 n04498 n04774 n04788 n04803 n04985	1160		true
n04918	51	0.3700		n00142 n00222 n00322 n00368 n00562 n00693 n00837 n01048 n01107 n01320 n01697 n01767 n01878 n02031 n02180 n02255 n02303 n02475 n02892 n02942 n03187 n03475 n04044 n04102 n04328 n04388 n04861 n04932 n05164 n05325	869		true
n04919	47	0.3700	n03613		245		true
n04920	46	0.3700		n00120 n00358 n00475 n00719 n00793 n00872 n01055 n01572 n01736 n01839 n01972 n02098 n02117 n02139 n02486 n02527 n02576 n02585 n02960 n03266 n03461 n03925 n04528 n04631 n04807 n04928 n05358	644		true
n04921	46	0.3700	n04469		272		true
n04922	37	0.3700	n03613		2089		true
n04923	37	0.3700	n04469		250		true
n04924	31	0.3700	n03613		1354		true
n04925	30	0.3700		n00585 n00756 n01018 n02168 n02233 n02328 n02558 n02697 n02775 n02935 n04117	256		true
n04926	30	0.3700	n04469		858		true
n04927	29	0.3700	n04469		531		true
n04928	28	0.3700	n04469 n04920		370		true
n04929	28	0.3700	n04469		61		true
n04930	25	0.3700	n03613		48		true
n04931	27	0.3700	n03613 n04191		985		true
n04932	25	0.3700	n03613 n04918		353		true
n04933	25	0.3700		n00450 n02833 n03364 n03528 n03598 n03927 n04344 n05183 n05255	3022		true
n04934	25	0.3700	n05122		2704		true
n04935	24	0.3700	n01421		613		true
n04936	21	0.3700	n04469		462		true
n04937	25	0.3700	n02627		457		true
n04938	24	0.3700	n03613		386		true
n04939	20	0.3700	n04469		266		true
n04940	20	0.3700	n03613		189		true
n04941	19	0.3700	n01421		698		true
n04942	19	0.3700	n03613		282		true
n04943	18	0.3700	n01421		86		true
n04944	17	0.3700	n02627		255		true
n04945	16	0.3700	n03613		372		true
n04946	16	0.3700	n02627		235		true
n04947	15	0.3700		n00980 n01051	169		true
n04948	15	0.3700	n04469		168		true
n04949	14	0.3700	n01421		220		true
n04950	13	0.3700	n03613		93		true
n04951	13	0.3700	n02627		314		true
n04952	13	0.3700	n03613		636		true
n04953	13	0.3700	n01421		80		true
n04954	13	0.3700	n02627		217		true
n04955	14	0.3700	n04469		470		true
n04956	12	0.3700	n04469		496		true
n04957	14	0.3700	n04469		51		true
n04958	11	0.3700	n01421		107		true
n04959	11	0.3700	n04469		89		true
n04960	12	0.3700		n00479 n00779 n04447	109		true
n04961	11	0.3700	n04469		118		true
n04962	11	0.3700	n04469		72		true
n04963	11	0.3700	n03613		178		true
n04964	12	0.3700	n04469		217		true
n04965	10	0.3700	n04469		42		true
n04966	10	0.3700	n04469		114		true
n04967	11	0.3700	n02627		405		true
n04968	10	0.3700		n02395	309		true
n04969	10	0.3700	n03613		377		true
n04970	10	0.3700	n04469		656		true
n04971	11	0.3700	n01421		615		true
n04972	9	0.3700	n02627		410		true
n04973	9	0.3700	n03613		122		true
n04974	10	0.3700		n01661 n04460 n04718	872		true
n04975	10	0.3700	n01421		367		true
n04976	9	0.3700	n01421		535		true
n04977	9	0.3700	n03613		252		true
n04978	8	0.3700	n02627		40		true
n04979	8	0.3700	n03613		458		true
n04980	9	0.3700	n02627		128		true
n04981	8	0.3700	n03613		172		true
n04982	7	0.3700	n03613		103		true
n04983	7	0.3700	n03613		36		true
n04984	7	0.3700	n03613		50		true
n04985	7	0.3700	n04917		90		true
n04986	7	0.3700	n03613		33		true
n04987	7	0.3700	n03613		306		true
n04988	7	0.3700			60		true
n04989	6	0.3700	n01421		82		true
n04990	6	0.3700	n02627		165		true
n04991	6	0.3700	n04213 n04469		33		true
n04992	6	0.3700			60		true
n04993	6	0.3700	n01421		98		true
n04994	6	0.3700	n03613		196		true
n04995	6	0.3673	n04469		48		true
n04996	6	0.3671	n03613		79		true
n04997	13	0.3656	n04469		457		true
n04998	8	0.3636	n03613		23		true
n04999	10	0.3626	n02627		138		true
n05000	11	0.3608	n03613		139		true
n05001	179	0.3600	n04469		1898		true
n05002	170	0.3600	n02627		2358		true
n05003	87	0.3600	n01421		1653		true
n05004	58	0.3600	n04469		349		true
n05005	54	0.3600	n03613		1528		true
n05006	53	0.3600	n03613		679		true
n05007	45	0.3600	n01421		480		true
n05008	40	0.3600	n03820		558		true
n05009	37	0.3600	n03613		679		true
n05010	37	0.3600		n00036 n00170 n00354 n00566 n01000 n01013 n01841 n02113 n02344 n02687 n03009 n03118 n03171 n03307 n04088 n04573 n04851	232		true
n05011	31	0.3600	n02627		314		true
n05012	33	0.3600	n04469		679		true
n05013	29	0.3600	n03613		139		true
n05014	29	0.3600	n04469		1882		true
n05015	28	0.3600	n03613		170		true
n05016	28	0.3600	n03747		407		true
n05017	25	0.3600	n03613		242		true
n05018	28	0.3600	n03613		356		true
n05019	25	0.3600	n04469		604		true
n05020	24	0.3600	n01421		989		true
n05021	21	0.3600	n04469		259		true
n05022	19	0.3600	n01421 n02628		141		true
n05023	19	0.3600	n03613		499		true
n05024	20	0.3600	n03613		386		true
n05025	18	0.3600	n01421		163		true
n05026	19	0.3600	n01421		250		true
n05027	17	0.3600	n02627		62		true
n05028	17	0.3600		n01161 n01436 n01897 n02003 n02063 n04175 n04419	201		true
n05029	16	0.3600	n03613		321		true
n05030	15	0.3600	n04377		282		true
n05031	16	0.3600	n04469		138		true
n05032	15	0.3600	n04469		201		true
n05033	16	0.3600	n04469		486		true
n05034	15	0.3600	n03613		81		true
n05035	17	0.3600	n03613		964		true
n05036	17	0.3600	n04469		3190		true
n05037	15	0.3600	n01421		337		true
n05038	14	0.3600	n01421 n03905		203		true
n05039	14	0.3600		n00139 n02689	395		true
n05040	15	0.3600	n02627		377		true
n05041	14	0.3600	n01421		116		true
n05042	13	0.3600		n00212 n00718	199		true
n05043	13	0.3600		n01819 n02336 n03416	757		true
n05044	13	0.3600	n04469		353		true
n05045	12	0.3600	n02627 n04276		256		true
n05046	12	0.3600	n03613		363		true
n05047	13	0.3600		n00765 n01802 n01905 n02694	211		true
n05048	12	0.3600	n01421		116		true
n05049	12	0.3600	n04469		155		true
n05050	12	0.3600	n04469		83		true
n05051	13	0.3600	n01421		202		true
n05052	16	0.3600	n01421		557		true
n05053	13	0.3600	n04469		283		true
n05054	11	0.3600		n02219 n02606 n03292	623		true
n05055	12	0.3600	n01421		202		true
n05056	11	0.3600	n01421		148		true
n05057	11	0.3600	n02627		52		true
n05058	11	0.3600	n02627		157		true
n05059	12	0.3600	n02627		116		true
n05060	10	0.3600	n04469		103		true
n05061	10	0.3600	n04469		512		true
n05062	10	0.3600	n04469		229		true
n05063	10	0.3600	n03613		1716		true
n05064	10	0.3600	n04469		47		true
n05065	10	0.3600	n04469		36		true
n05066	10	0.3600	n03613		236		true
n05067	10	0.3600	n04469		250		true
n05068	10	0.3600	n01421 n03905		106		true
n05069	10	0.3600	n03613 n04047		265		true
n05070	10	0.3600	n01421		55		true
n05071	10	0.3600	n01421		873		true
n05072	10	0.3600	n03613		832		true
n05073	10	0.3600	n01421		518		true
n05074	10	0.3600	n03613		179		true
n05075	9	0.3600	n04469		132		true
n05076	9	0.3600	n03613		59		true
n05077	9	0.3600	n04469		154		true
n05078	9	0.3600	n03613		118		true
n05079	9	0.3600	n03613		306		true
n05080	9	0.3600	n04469		85		true
n05081	10	0.3600	n03613		146		true
n05082	9	0.3600		n01589 n03962	3562		true
n05083	8	0.3600	n03613		2314		true
n05084	9	0.3600	n03613		824		true
n05085	8	0.3600	n04469		82		true
n05086	9	0.3600	n02627		110		true
n05087	7	0.3600	n04469		198		true
n05088	7	0.3600	n02627		140		true
n05089	7	0.3600	n04469		22		true
n05090	7	0.3600	n04527		66		true
n05091	7	0.3600			242		true
n05092	7	0.3600	n03613		110		true
n05093	7	0.3600	n03838		303		true
n05094	7	0.3600		n01374	77		true
n05095	7	0.3600	n03613		1280		true
n05096	7	0.3600	n02627		111		true
n05097	7	0.3600	n03613		249		true
n05098	6	0.3600	n03613		39		true
n05099	6	0.3600	n01421 n03046		23		true
n05100	6	0.3600	n02627		81		true
n05101	6	0.3600	n04469		98		true
n05102	6	0.3600	n00938		337		true
n05103	6	0.3600	n04469		27		true
n05104	6	0.3600	n03613		121		true
n05105	6	0.3600	n04469		578		true
n05106	6	0.3600	n03613		158		true
n05107	6	0.3600	n02627		44		true
n05108	6	0.3600	n03613		444		true
n05109	6	0.3600	n01421		141		true
n05110	6	0.3600	n02627		190		true
n05111	6	0.3600	n01421		859		true
n05112	6	0.3600	n02627		49		true
n05113	6	0.3600	n03238 n03613		108		true
n05114	6	0.3587	n04469		557		true
n05115	9	0.3571	n03613		254		true
n05116	6	0.3571	n04469		23		true
n05117	6	0.3556	n04469		32		true
n05118	10	0.3535	n02627 n03765		68		true
n05119	6	0.3535	n04469		221		true
n05120	8	0.3505	n04469		29		true
n05121	100	0.3500	n03613		861		true
n05122	97	0.3500		n00050 n00097 n00104 n00321 n00585 n00604 n00756 n01018 n01149 n01181 n01242 n01268 n01636 n01679 n02015 n02020 n02158 n02168 n02233 n02380 n02483 n02558 n02697 n02775 n02935 n03407 n03436 n03465 n03877 n03999 n04064 n04161 n04231 n04265 n04343 n04530 n04771 n04877 n04934	4504		true
n05123	84	0.3500	n03613		1804		true
n05124	68	0.3500	n04469		542		true
n05125	55	0.3500	n04469		306		true
n05126	40	0.3500	n04469		462		true
n05127	37	0.3500	n01421		289		true
n05128	32	0.3500	n03613		1434		true
n05129	34	0.3500	n02627		2000		true
n05130	28	0.3500	n01421		228		true
n05131	27	0.3500	n03613		2602		true
n05132	31	0.3500	n03613		323		true
n05133	26	0.3500	n04469		371		true
n05134	25	0.3500		n00090 n00145 n00298 n00583 n00937 n01313 n02498 n02751 n05216	268		true
n05135	25	0.3500	n02627		1454		true
n05136	22	0.3500	n02627		417		true
n05137	21	0.3500	n03613		280		true
n05138	22	0.3500	n02627		143		true
n05139	21	0.3500	n01421		397		true
n05140	21	0.3500	n02627		269		true
n05141	22	0.3500	n04469		1904		true
n05142	21	0.3500		n00265 n01227 n02035 n02520 n02817 n02979 n03154 n03178 n03213 n03258 n04398 n04432 n04611	2081		true
n05143	21	0.3500	n03613		130		true
n05144	20	0.3500	n02627		290		true
n05145	20	0.3500	n01421		422		true
n05146	19	0.3500	n02627		180		true
n05147	19	0.3500		n00467 n00967 n01481 n01996 n02571 n03437 n04689	177		true
n05148	19	0.3500	n01421		522		true
n05149	18	0.3500	n04190 n04728		310		true
n05150	19	0.3500	n01421		90		true
n05151	18	0.3500	n03613		348		true
n05152	17	0.3500	n01421		524		true
n05153	16	0.3500	n03613		286		true
n05154	15	0.3500	n03613		158		true
n05155	15	0.3500	n03889		1146		true
n05156	16	0.3500	n02627		922		true
n05157	15	0.3500	n04469		105		true
n05158	15	0.3500	n03613		145		true
n05159	16	0.3500	n00938		419		true
n05160	14	0.3500	n02627		103		true
n05161	15	0.3500	n02627		484		true
n05162	13	0.3500	n01421 n02628		553		true
n05163	13	0.3500	n03613		201		true
n05164	13	0.3500	n04918		356		true
n05165	12	0.3500	n03613		169		true
n05166	13	0.3500	n04469		172		true
n05167	12	0.3500	n01421		684		true
n05168	13	0.3500	n01421		873		true
n05169	12	0.3500	n04469		189		true
n05170	13	0.3500	n02627		1547		true
n05171	12	0.3500	n02627		2171		true
n05172	11	0.3500	n03613		28		true
n05173	11	0.3500		n01112 n04341	120		true
n05174	11	0.3500	n03613		1135		true
n05175	11	0.3500	n04469		193		true
n05176	11	0.3500	n03820		105		true
n05177	11	0.3500	n04469		75		true
n05178	12	0.3500	n04196		1494		true
n05179	11	0.3500	n02627		431		true
n05180	11	0.3500	n03613		151		true
n05181	10	0.3500	n03820		452		true
n05182	12	0.3500		n01762 n02205 n03274	2153		true
n05183	11	0.3500	n04933		2959		true
n05184	10	0.3500	n03613		427		true
n05185	11	0.3500	n04469		251		true
n05186	10	0.3500	n01421		203		true
n05187	10	0.3500	n04469		73		true
n05188	10	0.3500	n03613		172		true
n05189	9	0.3500		n00422	1553		true
n05190	10	0.3500		n01727 n03172	97		true
n05191	9	0.3500	n03613		291		true
n05192	10	0.3500	n03137		289		true
n05193	9	0.3500	n04469		137		true
n05194	9	0.3500	n02627		239		true
n05195	9	0.3500	n01421		51		true
n05196	9	0.3500	n04469		8		true
n05197	9	0.3500	n03613		294		true
n05198	8	0.3500	n03000		135		true
n05199	8	0.3500	n01421		182		true
n05200	8	0.3500	n02627		87		true
n05201	8	0.3500		n01150	55		true
n05202	7	0.3500	n03613		34		true
n05203	7	0.3500	n03613		598		true
n05204	7	0.3500	n04469		39		true
n05205	7	0.3500	n01421		626		true
n05206	7	0.3500	n04469		97		true
n05207	7	0.3500	n03613		93		true
n05208	6	0.3500	n04469		37		true
n05209	6	0.3500	n04469		1903		true
n05210	6	0.3500	n04469		811		true
n05211	6	0.3500	n03613		108		true
n05212	7	0.3500	n03613		450		true
n05213	8	0.3488	n03613		159		true
n05214	7	0.3469	n03613		234		true
n05215	6	0.3469	n03613		1170		true
n05216	7	0.3438	n04469 n05134		45		true
n05217	12	0.3434	n04469		65		true
n05218	10	0.3434	n01421		201		true
n05219	116	0.3400	n02627		2576		true
n05220	101	0.3400	n03613		1207		true
n05221	61	0.3400	n03613		495		true
n05222	55	0.3400	n02627		1328		true
n05223	44	0.3400	n03613		439		true
n05224	35	0.3400	n02627		376		true
n05225	38	0.3400	n04469		2762		true
n05226	34	0.3400	n03613		930		true
n05227	33	0.3400	n04469		1903		true
n05228	37	0.3400	n04469		495		true
n05229	37	0.3400	n04469		528		true
n05230	31	0.3400	n00691		1052		true
n05231	29	0.3400	n03613		649		true
n05232	29	0.3400	n04469		446		true
n05233	26	0.3400	n03613		298		true
n05234	26	0.3400	n03613		774		true
n05235	25	0.3400	n03613		805		true
n05236	26	0.3400	n03613		261		true
n05237	25	0.3400	n04469		125		true
n05238	23	0.3400	n04469		114		true
n05239	24	0.3400	n03613 n04047		1013		true
n05240	22	0.3400	n04469		202		true
n05241	23	0.3400	n04469		514		true
n05242	24	0.3400	n03613		213		true
n05243	21	0.3400	n02627		243		true
n05244	21	0.3400	n04469		33		true
n05245	20	0.3400	n04469		93		true
n05246	20	0.3400	n03613		523		true
n05247	19	0.3400	n03613		241		true
n05248	20	0.3400	n03613		142		true
n05249	18	0.3400	n02628		399		true
n05250	19	0.3400	n03613		291		true
n05251	19	0.3400	n03613		579		true
n05252	16	0.3400	n03492		281		true
n05253	15	0.3400	n02627		231		true
n05254	16	0.3400	n04469		928		true
n05255	16	0.3400	n04933		220		true
n05256	15	0.3400	n04469		225		true
n05257	14	0.3400	n03613		44		true
n05258	14	0.3400	n04377 n04469		271		true
n05259	14	0.3400	n04469		200		true
n05260	14	0.3400	n04469		362		true
n05261	15	0.3400	n03613		1171		true
n05262	14	0.3400	n04469		239		true
n05263	14	0.3400		n01399 n02141 n03938 n03959 n04107	272		true
n05264	13	0.3400	n03613		163		true
n05265	13	0.3400	n01421		97		true
n05266	15	0.3400	n03613		1091		true
n05267	15	0.3400	n03613		376		true
n05268	13	0.3400	n04216		164		true
n05269	12	0.3400	n03613		1076		true
n05270	12	0.3400	n04469		67		true
n05271	12	0.3400	n03613		241		true
n05272	12	0.3400	n04469		255		true
n05273	11	0.3400	n04469		173		true
n05274	12	0.3400	n04469		52		true
n05275	11	0.3400		n01356	94		true
n05276	11	0.3400	n05350		156		true
n05277	11	0.3400	n02627		274		true
n05278	11	0.3400	n01421		68		true
n05279	13	0.3400	n02627		2126		true
n05280	10	0.3400		n01595 n01714 n02221 n03473	110		true
n05281	13	0.3400	n03613		139		true
n05282	10	0.3400	n03613		726		true
n05283	11	0.3400	n00938		102		true
n05284	10	0.3400	n04469		279		true
n05285	11	0.3400	n02627		135		true
n05286	10	0.3400	n03613		130		true
n05287	9	0.3400	n03613		130		true
n05288	10	0.3400	n03613		76		true
n05289	9	0.3400	n03613		152		true
n05290	9	0.3400	n01421		52		true
n05291	8	0.3400	n03613		50		true
n05292	8	0.3400	n03613		164		true
n05293	8	0.3400	n04469		26		true
n05294	9	0.3400	n04469		363		true
n05295	10	0.3400	n04469		62		true
n05296	8	0.3400		n00779	111		true
n05297	9	0.3400	n04469		284		true
n05298	9	0.3400	n03613 n04276		327		true
n05299	9	0.3400	n04469		216		true
n05300	7	0.3400	n04469		137		true
n05301	7	0.3400	n03613		46		true
n05302	7	0.3400	n03613		77		true
n05303	7	0.3400	n02627		33		true
n05304	7	0.3400		n01595	56		true
n05305	7	0.3400			191		true
n05306	7	0.3400	n01421		382		true
n05307	7	0.3400	n03613		1155		true
n05308	8	0.3400	n04469		450		true
n05309	8	0.3400	n04469		2867		true
n05310	7	0.3400	n02627		62		true
n05311	7	0.3400	n01421		93		true
n05312	6	0.3400	n02627		69		true
n05313	6	0.3400	n04469		13		true
n05314	6	0.3400	n03613		579		true
n05315	6	0.3400	n04469		3052		true
n05316	6	0.3400	n03613		452		true
n05317	6	0.3400			2685		true
n05318	6	0.3400	n04469		40		true
n05319	6	0.3400	n02627		80		true
n05320	7	0.3396	n01421		159		true
n05321	7	0.3367	n03937		55		true
n05322	8	0.3367	n03166 n03980		4364		true
n05323	6	0.3367	n03613		331		true
n05324	8	0.3333	n02627		142		true
n05325	8	0.3333	n03613 n04227 n04918		183		true
n05326	7	0.3333	n04469		15		true
n05327	7	0.3333	n01421		147		true
n05328	7	0.3333	n03613		51		true
n05329	6	0.3333	n03613		136		true
n05330	85	0.3300	n02627		377		true
n05331	75	0.3300		n00022 n00177 n00223 n00290 n00398 n00660 n00705 n00723 n00737 n00814 n00840 n00864 n00952 n00991 n01000 n01441 n01620 n01771 n01811 n01887 n01994 n02268 n02365 n03001 n03002 n03033 n03195 n03620 n03635 n03640 n03775 n03790 n03875 n04013 n04672 n05370 n05378	462		true
n05332	48	0.3300	n04469		548		true
n05333	44	0.3300	n04469		1059		true
n05334	39	0.3300	n04469		100		true
n05335	36	0.3300	n04469		1172		true
n05336	35	0.3300	n04469		373		true
n05337	35	0.3300	n04469		888		true
n05338	35	0.3300	n03613		382		true
n05339	37	0.3300	n03613		1503		true
n05340	32	0.3300	n03613		1202		true
n05341	30	0.3300	n02627		679		true
n05342	28	0.3300	n04469		202		true
n05343	28	0.3300	n04469		209		true
n05344	26	0.3300	n03613		391		true
n05345	26	0.3300	n02628		405		true
n05346	26	0.3300	n02627 n04276		251		true
n05347	25	0.3300	n01608		387		true
n05348	26	0.3300	n03613		326		true
n05349	23	0.3300	n03613		347		true
n05350	22	0.3300		n00312 n00739 n01233 n01369 n01751 n02496 n02657 n02801 n03452 n05276	1104		true
n05351	22	0.3300	n03613		745		true
n05352	22	0.3300	n01421 n02628		182		true
n05353	21	0.3300	n03613		68		true
n05354	21	0.3300	n04469		138		true
n05355	20	0.3300	n04469		156		true
n05356	20	0.3300	n03613 n04191		564		true
n05357	20	0.3300	n03613		1954		true
n05358	21	0.3300	n04920		403		true
n05359	19	0.3300	n03822		536		true
n05360	19	0.3300	n03613		347		true
n05361	20	0.3300	n03613		299		true
n05362	20	0.3300	n02627		453		true
n05363	17	0.3300	n04469		747		true
n05364	18	0.3300		n01016 n01116 n02982 n04354 n05374	464		true
n05365	17	0.3300	n04469		110		true
n05366	15	0.3300	n04469		582		true
n05367	16	0.3300	n03613		424		true
n05368	17	0.3300	n04469		72		true
n05369	15	0.3300	n02627		187		true
n05370	14	0.3300	n04469 n05331		66		true
n05371	16	0.3300	n04469		83		true
n05372	15	0.3300	n03613		454		true
n05373	14	0.3300	n03613		433		true
n05374	14	0.3300	n05364		274		true
n05375	17	0.3300	n02627		204		true
n05376	14	0.3300	n04469		191		true
n05377	14	0.3300	n00938		113		true
n05378	13	0.3300	n03613 n05331		70		true
n05379	14	0.3300	n04469		155		true
n05380	12	0.3300	n04469		64		true
n05381	11	0.3300	n03613		176		true
n05382	11	0.3300	n04469		161		true
n05383	11	0.3300	n03889		2238		true
n05384	12	0.3300	n04469		446		true
n05385	11	0.3300	n03613		281		true
n05386	11	0.3300	n04469		53		true
n05387	13	0.3300	n03613		313		true
n05388	10	0.3300	n04469		257		true
n05389	11	0.3300	n04469		79		true
n05390	12	0.3300	n04469		1030		true
n05391	10	0.3300	n03613		325		true
n05392	9	0.3300	n03613		269		true
n05393	9	0.3300	n04469		37		true
n05394	9	0.3300	n04469		27		true
n05395	10	0.3300		n00669 n01342	130		true
n05396	9	0.3300	n03613		316		true
n05397	9	0.3300	n04469		25		true
n05398	9	0.3300		n01947	66		true
n05399	9	0.3300	n01421		164		true
n05400	9	0.3300		n01758 n03296	72		true
n05401	9	0.3300		n00611	197		true
n05402	9	0.3300	n01421		253		true
n05403	8	0.3300	n01421 n02628 n04764		76		true
n05404	9	0.3300	n03613		100		true
n05405	8	0.3300	n03613		208		true
n05406	8	0.3300	n03613		1655		true
n05407	8	0.3300		n02937	103		true
n05408	9	0.3300	n04469		443		true
n05409	8	0.3300	n01421 n03613		264		true
n05410	8	0.3300	n03712		316		true
n05411	9	0.3300	n01421		302		true
n05412	7	0.3300	n01421		147		true
n05413	7	0.3300	n04469		51		true
n05414	7	0.3300	n01421		409		true
n05415	7	0.3300	n01421		155		true
n05416	7	0.3300	n04315		559		true
n05417	7	0.3300	n03613		1716		true
n05418	8	0.3300	n04469		47		true
n05419	7	0.3300	n04469		101		true
n05420	7	0.3300	n02627		1943		true
n05421	7	0.3300		n01258	86		true
n05422	7	0.3300	n04469		711		true
n05423	7	0.3300	n01421		71		true
n05424	7	0.3300	n03613		354		true
n05425	7	0.3300	n02627		191		true
n05426	7	0.3300			4003		true
n05427	9	0.3300	n03613		689		true
n05428	6	0.3300	n04765		56		true
n05429	6	0.3300	n03337		252		true
n05430	6	0.3300	n03613		84		true
n05431	6	0.3300			255		true
n05432	6	0.3300	n02627 n04276		30		true
n05433	6	0.3300			660		true
n05434	6	0.3300	n04469		204		true
n05435	7	0.3300	n03820		48		true
n05436	6	0.3300	n01421		98		true
n05437	6	0.3300	n03613		938		true
n05438	6	0.3300			168		true
n05439	6	0.3300	n04469		37		true
