node	size	support	parents	children	n_genes	label	provisional
n00000	102	1.0000	n04275	n01197 n01731 n02973	349		true
n00001	74	1.0000	n01197	n00068 n00355	348		true
n00002	47	1.0000	n04275	n00024 n00532	687		true
n00003	39	1.0000	n04194	n02433 n04884	375		true
n00004	37	1.0000	n02142	n01875 n05211	375		true
n00005	35	1.0000	n01424	n03073 n04183 n04815 n05216	261		true
n00006	34	1.0000	n03445	n03633 n03695 n05026	159		true
n00007	27	1.0000	n02800	n00013 n04522	94		true
n00008	25	1.0000	n03506 n03891 n05080	n00078 n00958	107		true
n00009	23	1.0000	n02806	n02602 n05347	708		true
n00010	22	1.0000	n01676	n00027 n00581	44		true
n00011	22	1.0000	n03071	n01817 n04443	404		true
n00012	21	1.0000	n03562 n03823	n00541 n03342	320		true
n00013	21	1.0000	n00007	n02331 n03281	94		true
n00014	21	1.0000	n00535	n04080 n04226 n05349	142		true
n00015	20	1.0000	n05207	n00031 n03125	40		true
n00016	19	1.0000	n03758	n02225 n02438	197		true
n00017	19	1.0000	n03117 n04893	n03181 n03765	213		true
n00018	19	1.0000	n03117 n04420	n03840 n04058	928		true
n00019	18	1.0000	n01202	n02979	33		true
n00020	17	1.0000	n00360	n00038	19		true
n00021	17	1.0000	n02799 n03954 n04347 n05099	n02606 n03911	67		true
n00022	18	1.0000	n02757	n02432 n03586 n05390	625		true
n00023	16	1.0000	n01676 n04517	n00045	1		true
n00024	16	1.0000	n00002	n00843 n01428	88		true
n00025	16	1.0000	n03759	n02219 n03648 n03729	141		true
n00026	16	1.0000	n04208	n02018 n02933	191		true
n00027	15	1.0000	n00010	n00103 n00517	2		true
n00028	16	1.0000	n03335	n01320 n03233 n03724	24		true
n00029	16	1.0000	n05197	n04980 n05365	39		true
n00030	15	1.0000	n02972	n00086 n03384 n04829	100		true
n00031	15	1.0000	n00015	n00059	25		true
n00032	15	1.0000	n03572	n01695 n02164	198		true
n00033	15	1.0000	n04590	n01633 n02082	347		true
n00034	15	1.0000	n02799 n03954	n00076	64		true
n00035	15	1.0000	n02809	n00505 n01098	298		true
n00036	15	1.0000	n03272 n03576	n00062 n05036	96		true
n00037	15	1.0000	n03017 n03702	n01768 n02084	593		true
n00038	14	1.0000	n00020	n00085 n02544	19		true
n00039	14	1.0000	n02213 n05344	n00379 n02960	363		true
n00040	14	1.0000	n01948	n00096 n03585	342		true
n00041	14	1.0000	n04339	n00098	285		true
n00042	15	1.0000	n02799 n03954	n00851 n03475	280		true
n00043	15	1.0000	n01882	n00964 n02790 n02985	86		true
n00044	14	1.0000	n02150	n00699 n02454	328		true
n00045	13	1.0000	n00023	n00129 n04948	1		true
n00046	14	1.0000		n00568 n01692	68		true
n00047	13	1.0000	n01314	n00858 n01693	117		true
n00048	14	1.0000	n03174 n04800	n00390 n04150	181		true
n00049	14	1.0000	n01951	n00850 n01452 n04587	147		true
n00050	14	1.0000	n01315	n00387	202		true
n00051	13	1.0000	n00541 n03342	n00154	310		true
n00052	13	1.0000	n01683	n00101 n03885	242		true
n00053	13	1.0000	n02283 n03397 n04219	n00856 n03529	29		true
n00054	14	1.0000	n03837	n01106 n02781	297		true
n00055	13	1.0000	n02145	n00248 n00500	60		true
n00056	12	1.0000	n04277 n04295 n05018	n00733 n04319	8		true
n00057	14	1.0000	n03642	n00563 n02033 n04762 n05078	104		true
n00058	12	1.0000	n04220 n04604	n00106 n03207	191		true
n00059	13	1.0000	n00031 n03125	n00963 n01827	25		true
n00060	12	1.0000	n04047 n04620	n00392 n02032	263		true
n00061	12	1.0000	n03840	n00770 n01344	852		true
n00062	12	1.0000	n00036	n01553 n01892	94		true
n00063	12	1.0000	n05021	n00126 n03046	176		true
n00064	12	1.0000	n02004 n05015	n01620 n03101	744		true
n00065	12	1.0000	n01880	n00176 n01068	254		true
n00066	11	1.0000	n03126	n00210	4		true
n00067	11	1.0000	n03404	n01554 n01765	40		true
n00068	11	1.0000	n00001	n02682 n03293	42		true
n00069	11	1.0000	n04530	n00136	58		true
n00070	12	1.0000	n03750 n05006	n00435 n03726	140		true
n00071	11	1.0000	n01881	n00655 n01066	43		true
n00072	11	1.0000	n02329 n03403	n01002 n02895	29		true
n00073	12	1.0000	n03843	n03533	191		true
n00074	11	1.0000	n05115	n01542	602		true
n00075	11	1.0000	n03336 n03888	n01549 n02350	164		true
n00076	11	1.0000	n00034 n03117	n00870 n01350	52		true
n00077	11	1.0000	n01425	n00591 n04274	54		true
n00078	12	1.0000	n00008	n00576 n03258 n04585	107		true
n00079	11	1.0000	n03179 n05341	n01177 n04689	398		true
n00080	11	1.0000	n05117	n01830 n02315	62		true
n00081	11	1.0000	n02077	n00656 n00861	110		true
n00082	11	1.0000	n02877 n05335	n01347 n02357 n02912	98		true
n00083	11	1.0000	n03121	n00412 n02847	64		true
n00084	11	1.0000	n03566 n04732	n00401	4		true
n00085	10	1.0000	n00038	n02234 n02415	19		true
n00086	10	1.0000	n00030	n01462 n02749	57		true
n00087	10	1.0000	n04275	n00433 n03945	55		true
n00088	10	1.0000	n00366	n00180 n02062	71		true
n00089	10	1.0000	n03516	n01971 n04498	114		true
n00090	10	1.0000	n05089	n00415 n03747	45		true
n00091	10	1.0000	n05090	n01460 n02502 n04584	137		true
n00092	10	1.0000	n03982	n00420 n04674	351		true
n00093	10	1.0000	n03026 n04275	n00586 n02699	182		true
n00094	10	1.0000	n04053 n05364	n00442	165		true
n00095	10	1.0000	n02284 n04909	n00310	689		true
n00096	10	1.0000	n00040	n01772	296		true
n00097	10	1.0000	n02819	n01111	374		true
n00098	10	1.0000	n00041	n02698	253		true
n00099	10	1.0000	n00369	n01627	116		true
n00100	10	1.0000	n00363 n03455	n01055 n02736	303		true
n00101	10	1.0000	n00052	n00982 n03106 n03203	224		true
n00102	10	1.0000	n01756 n03696	n00795	66		true
n00103	9	1.0000	n00027	n01163	1		true
n00104	9	1.0000	n03327	n02321 n03500	10		true
n00105	9	1.0000	n04917	n00298 n01940	20		true
n00106	9	1.0000	n00058	n00603	191		true
n00107	9	1.0000		n00620	119		true
n00108	9	1.0000	n03467	n00443	355		true
n00109	9	1.0000	n02384 n04633	n00273	208		true
n00110	9	1.0000	n01690 n03091	n00925	101		true
n00111	9	1.0000	n02082	n00494	254		true
n00112	9	1.0000	n03094	n00802	129		true
n00113	9	1.0000	n05137	n03011	762		true
n00114	9	1.0000	n02669	n00233	199		true
n00115	9	1.0000	n03031	n01051 n02364	482		true
n00116	9	1.0000	n03264 n04357	n00449	53		true
n00117	9	1.0000	n02290 n04824	n01278	215		true
n00118	9	1.0000	n05106	n00448	126		true
n00119	9	1.0000	n01090	n01292 n01792	43		true
n00120	9	1.0000	n02335 n04536	n00316	75		true
n00121	9	1.0000	n04436 n04984	n00747	142		true
n00122	9	1.0000	n01531 n03169	n00453	199		true
n00123	9	1.0000	n02486 n03696	n02590	39		true
n00124	10	1.0000	n00845 n04923	n01654 n04571	446		true
n00125	9	1.0000	n02480	n02185	171		true
n00126	9	1.0000	n00063	n00506	172		true
n00127	9	1.0000	n02008	n01356 n01401	976		true
n00128	8	1.0000	n02536	n00293	87		true
n00129	8	1.0000	n00045	n00828	1		true
n00130	8	1.0000	n01807	n00251	1		true
n00131	8	1.0000	n01759	n00258	8		true
n00132	8	1.0000	n02433	n00259	64		true
n00133	8	1.0000	n02380	n01077	44		true
n00134	8	1.0000	n02491 n03636 n03847	n00800	64		true
n00135	8	1.0000	n02219 n02983 n03648	n00252	25		true
n00136	8	1.0000	n00069	n01299 n04188	58		true
n00137	8	1.0000	n00378		37		true
n00138	8	1.0000	n03278 n04299	n00303	81		true
n00139	8	1.0000	n00376 n03087		380		true
n00140	8	1.0000	n05126	n01191	84		true
n00141	9	1.0000	n00372	n04973	64		true
n00142	8	1.0000	n04228 n05368	n00270	372		true
n00143	9	1.0000	n04929	n01555	204		true
n00144	8	1.0000	n03468		19		true
n00145	8	1.0000	n02666 n04225	n00895 n01187	23		true
n00146	8	1.0000	n02438	n00515 n03320	50		true
n00147	8	1.0000	n02713	n00343 n00523	123		true
n00148	8	1.0000	n03352 n04605	n01932	404		true
n00149	8	1.0000	n04056 n04642	n00817	655		true
n00150	8	1.0000	n02220 n03954	n00311 n00344	190		true
n00151	8	1.0000	n01425	n00278	188		true
n00152	8	1.0000	n00368	n00313	15		true
n00153	8	1.0000	n03522 n04454	n00522	257		true
n00154	8	1.0000	n00051 n02007 n04275	n00814	310		true
n00155	9	1.0000	n01431 n05034	n01739 n01974	320		true
n00156	8	1.0000	n02387	n00632	37		true
n00157	8	1.0000	n02440		786		true
n00158	9	1.0000	n01598	n02856	115		true
n00159	8	1.0000	n03831 n05122	n00299 n01486	243		true
n00160	8	1.0000	n00382	n01379 n01487	68		true
n00161	8	1.0000	n03034	n00661	105		true
n00162	8	1.0000	n03506 n04293 n04992	n00633	40		true
n00163	8	1.0000	n03651		412		true
n00164	8	1.0000	n03637	n00788	68		true
n00165	8	1.0000	n04886	n01070	15		true
n00166	8	1.0000	n02751	n01668	57		true
n00167	8	1.0000	n03122 n04388 n05370	n02518	54		true
n00168	8	1.0000	n02228	n00320	207		true
n00169	8	1.0000	n05215	n00305	151		true
n00170	8	1.0000	n02711 n04223	n01800	404		true
n00171	8	1.0000	n02941 n05341	n04189	221		true
n00172	8	1.0000	n04367	n00286	38		true
n00173	8	1.0000	n01597	n01190 n02557	1816		true
n00174	8	1.0000	n02492 n05250	n01421	78		true
n00175	8	1.0000	n04451 n05272 n05372	n00650	290		true
n00176	8	1.0000	n00065	n00947	254		true
n00177	7	1.0000	n01320 n03233 n04744		5		true
n00178	7	1.0000	n02986	n01034	15		true
n00179	7	1.0000	n03119 n03772	n01192	10		true
n00180	7	1.0000	n00088	n00297	71		true
n00181	7	1.0000	n04825 n05007		47		true
n00182	7	1.0000	n02389 n05076		51		true
n00183	7	1.0000	n03099	n01010	182		true
n00184	7	1.0000	n02289 n04464	n01160	66		true
n00185	7	1.0000	n01885 n04301	n00302	26		true
n00186	7	1.0000	n02222		15		true
n00187	7	1.0000	n04616	n01939	43		true
n00188	7	1.0000	n02670 n03231 n03717		68		true
n00189	7	1.0000	n01429	n00340	209		true
n00190	7	1.0000	n02381 n04933		22		true
n00191	7	1.0000	n00846	n00308	62		true
n00192	7	1.0000	n04941		25		true
n00193	7	1.0000	n00964 n02985	n00683	81		true
n00194	7	1.0000	n02538 n03901 n05230	n01936	288		true
n00195	7	1.0000	n03353 n05369	n01185	621		true
n00196	7	1.0000	n01953 n03656		852		true
n00197	7	1.0000	n02799 n05319	n01422	110		true
n00198	7	1.0000	n01599	n01063	269		true
n00199	7	1.0000	n01217 n04709	n00346 n01866	562		true
n00200	7	1.0000	n02715 n04842	n00821	1760		true
n00201	7	1.0000	n02676 n02888		37		true
n00202	7	1.0000	n00961 n04797		52		true
n00203	7	1.0000	n03700 n04309	n01073	92		true
n00204	7	1.0000	n03944 n04383	n00314	175		true
n00205	7	1.0000	n00383 n03180		74		true
n00206	7	1.0000	n04437		33		true
n00207	7	1.0000	n03923	n01171	115		true
n00208	7	1.0000	n00562	n00686	234		true
n00209	6	1.0000	n03033		32		true
n00210	6	1.0000	n00066	n00324	4		true
n00211	6	1.0000	n03752		47		true
n00212	6	1.0000	n00963 n01827		11		true
n00213	6	1.0000	n03954		69		true
n00214	6	1.0000	n00968		105		true
n00215	6	1.0000	n02838	n00334	39		true
n00216	6	1.0000	n02091 n02611		43		true
n00217	6	1.0000	n00702		78		true
n00218	6	1.0000	n02829 n03593	n00653	60		true
n00219	6	1.0000	n02142		29		true
n00220	6	1.0000	n02382 n03841 n04437	n01076	199		true
n00221	6	1.0000	n03188 n03756	n00807	157		true
n00222	6	1.0000	n00390 n04150		121		true
n00223	6	1.0000	n00371 n04945	n00939	118		true
n00224	6	1.0000	n01611 n03720	n01584	101		true
n00225	6	1.0000	n04655		1863		true
n00226	6	1.0000	n00560 n03100		41		true
n00227	6	1.0000	n03533		78		true
n00228	6	1.0000	n01328	n00794	27		true
n00229	6	1.0000	n02779 n04073	n00329	216		true
n00230	6	1.0000	n02944 n05159		100		true
n00231	6	1.0000	n03039 n05257		93		true
n00232	6	1.0000	n04292 n04302		23		true
n00233	6	1.0000	n00114 n02015		199		true
n00234	6	1.0000	n01758		441		true
n00235	6	1.0000	n01536 n04244		95		true
n00236	6	1.0000	n00957		110		true
n00237	6	1.0000	n03981 n04987		21		true
n00238	6	1.0000	n04306 n04622	n00345	49		true
n00239	6	1.0000	n02686		175		true
n00240	6	1.0000	n01448		67		true
n00241	6	1.0000	n03769		148		true
n00242	6	1.0000	n01098		95		true
n00243	6	1.0000	n02620 n04201 n04376		43		true
n00244	6	1.0000	n02890	n01270	161		true
n00245	6	1.0000	n03984 n04658 n05377	n00352	87		true
n00246	6	1.0000	n03690		18		true
n00247	6	1.0000	n00962 n05391	n00353	61		true
n00248	6	1.0000	n00055	n00328	60		true
n00249	6	1.0000	n04275	n00354	27		true
n00250	5	1.0000	n02446 n04080		5		true
n00251	5	1.0000	n00130		1		true
n00252	5	1.0000	n00135		14		true
n00253	5	1.0000	n03297		25		true
n00254	5	1.0000	n00655		37		true
n00255	5	1.0000	n00411		120		true
n00256	5	1.0000	n00389		94		true
n00257	5	1.0000	n04007 n04057 n04526		8		true
n00258	5	1.0000	n00131		5		true
n00259	5	1.0000	n00132		58		true
n00260	5	1.0000	n02303		21		true
n00261	5	1.0000	n02292 n02994		97		true
n00262	5	1.0000	n03189		40		true
n00263	5	1.0000	n04074		19		true
n00264	5	1.0000	n00967 n03787 n04653		57		true
n00265	5	1.0000	n01542		70		true
n00266	5	1.0000	n04248		145		true
n00267	5	1.0000	n03240		68		true
n00268	5	1.0000	n02943 n04753		17		true
n00269	5	1.0000	n01946		32		true
n00270	5	1.0000	n00142		236		true
n00271	5	1.0000	n00408		34		true
n00272	5	1.0000			159		true
n00273	5	1.0000	n00109 n05308		208		true
n00274	5	1.0000	n02799 n03954		28		true
n00275	5	1.0000	n00854 n04323		126		true
n00276	5	1.0000	n01618 n03366		102		true
n00277	5	1.0000	n02013 n03798		23		true
n00278	5	1.0000	n00151		188		true
n00279	5	1.0000	n03420 n03783		27		true
n00280	5	1.0000	n03000		74		true
n00281	5	1.0000	n03331		44		true
n00282	5	1.0000	n00709		51		true
n00283	5	1.0000	n05395		84		true
n00284	5	1.0000	n01894 n03102		12		true
n00285	5	1.0000	n03485		16		true
n00286	5	1.0000	n00172		38		true
n00287	5	1.0000	n02727		28		true
n00288	5	1.0000	n03865 n04645 n04657		129		true
n00289	5	1.0000	n04028		26		true
n00290	5	1.0000	n02781		198		true
n00291	5	1.0000	n00716		19		true
n00292	4	1.0000	n00580		5		true
n00293	4	1.0000	n00128		15		true
n00294	4	1.0000	n00401		3		true
n00295	4	1.0000	n00862		48		true
n00296	4	1.0000	n02095 n04818		34		true
n00297	4	1.0000	n00180		71		true
n00298	4	1.0000	n00105		20		true
n00299	4	1.0000	n00159		148		true
n00300	4	1.0000	n01547		98		true
n00301	4	1.0000	n02630		211		true
n00302	4	1.0000	n00185		5		true
n00303	4	1.0000	n00138		51		true
n00304	4	1.0000	n00372		13		true
n00305	4	1.0000	n00169		15		true
n00306	4	1.0000	n04571		48		true
n00307	4	1.0000	n03189 n05244		51		true
n00308	4	1.0000	n00191		61		true
n00309	4	1.0000	n03201 n04944		20		true
n00310	4	1.0000	n00095		689		true
n00311	4	1.0000	n00150		21		true
n00312	4	1.0000	n03245		67		true
n00313	4	1.0000	n00152		6		true
n00314	4	1.0000	n00204		162		true
n00315	4	1.0000	n01111		70		true
n00316	4	1.0000	n00120		34		true
n00317	4	1.0000	n02650 n03833 n04402		35		true
n00318	4	1.0000	n04926 n04990		99		true
n00319	4	1.0000	n01093		6		true
n00320	4	1.0000	n00168		174		true
n00321	4	1.0000	n00596		121		true
n00322	4	1.0000	n00597		48		true
n00323	3	1.0000	n00517		1		true
n00324	3	1.0000	n00210		4		true
n00325	3	1.0000	n00432		17		true
n00326	3	1.0000	n01340		25		true
n00327	3	1.0000	n00434		32		true
n00328	3	1.0000	n00248		15		true
n00329	3	1.0000	n00229		57		true
n00330	3	1.0000	n00733 n04319 n04507		3		true
n00331	3	1.0000	n02828 n02854		35		true
n00332	3	1.0000	n00437		97		true
n00333	3	1.0000	n01354		22		true
n00334	3	1.0000	n00215		32		true
n00335	3	1.0000	n01395		15		true
n00336	3	1.0000	n00871		210		true
n00337	3	1.0000	n00876		27		true
n00338	3	1.0000	n00441		45		true
n00339	3	1.0000	n00501		125		true
n00340	3	1.0000	n00189		127		true
n00341	3	1.0000	n01626 n04675		11		true
n00342	3	1.0000	n00658		39		true
n00343	3	1.0000	n00147		32		true
n00344	3	1.0000	n00150 n02799		120		true
n00345	3	1.0000	n00238		42		true
n00346	3	1.0000	n00199		404		true
n00347	3	1.0000	n00883 n05307		25		true
n00348	3	1.0000	n03801 n03821		24		true
n00349	3	1.0000	n02038		11		true
n00350	3	1.0000	n03107 n05070		138		true
n00351	3	1.0000	n01969 n04022		29		true
n00352	3	1.0000	n00245		41		true
n00353	3	1.0000	n00247		41		true
n00354	3	1.0000	n00249		23		true
n00355	65	0.9900	n00001	n04594 n05193	348		true
n00356	47	0.9900		n01872 n04441	600		true
n00357	24	0.9900	n04887	n01087 n04716	129		true
n00358	24	0.9900	n01308	n01818 n05224	1708		true
n00359	21	0.9900	n02373	n00363 n03455	350		true
n00360	20	0.9900	n02425	n00020	19		true
n00361	19	0.9900	n02807	n01441 n03082	228		true
n00362	19	0.9900	n02479	n01754 n02221	899		true
n00363	15	0.9900	n00359	n00100 n05376	303		true
n00364	16	0.9900	n02524 n03173	n02021 n02299 n03912	223		true
n00365	16	0.9900	n00948 n02482	n02085 n04191 n05146	415		true
n00366	13	0.9900	n03169 n03226	n00088 n04574	71		true
n00367	13	0.9900	n03706	n00564 n03525	117		true
n00368	13	0.9900	n04211	n00152 n00471	25		true
n00369	13	0.9900	n04601	n00099 n04686	201		true
n00370	12	0.9900	n02216 n03515 n03578	n02029 n03099	224		true
n00371	12	0.9900	n02217	n00223 n03994	153		true
n00372	13	0.9900	n02206 n05215	n00141 n00304	75		true
n00373	12	0.9900	n01203	n00445 n00742	96		true
n00374	12	0.9900	n02602	n00969 n02685 n03594	697		true
n00375	12	0.9900	n02929	n00437 n02405	534		true
n00376	11	0.9900	n02600	n00139	380		true
n00377	11	0.9900	n02218 n04623 n05022	n00404 n01771	71		true
n00378	11	0.9900	n03265 n05013	n00137	132		true
n00379	11	0.9900	n00039 n03975	n02499 n03152	362		true
n00380	11	0.9900	n02606	n00986 n04193	37		true
n00381	11	0.9900	n01207	n00592 n05186	241		true
n00382	12	0.9900	n01686	n00160 n05077	132		true
n00383	11	0.9900	n00954 n03823	n00205	74		true
n00384	11	0.9900	n02079 n04361	n00598 n02861	157		true
n00385	10	0.9900	n02530	n00745 n02471	119		true
n00386	12	0.9900	n04054	n01707 n02860 n02965	33		true
n00387	12	0.9900	n00050	n01551 n03007	202		true
n00388	10	0.9900	n01883 n03085	n02106 n03067	25		true
n00389	9	0.9900	n03838 n04460 n05361	n00256	157		true
n00390	9	0.9900	n00048 n03230	n00222	149		true
n00391	10	0.9900	n02810 n04516	n05289	48		true
n00392	9	0.9900	n00060	n01283 n02129	263		true
n00393	9	0.9900	n01199	n02269	60		true
n00394	10	0.9900	n01200 n02341 n03030	n02311	235		true
n00395	9	0.9900	n04885	n00987 n04783	212		true
n00396	9	0.9900	n00844		499		true
n00397	10	0.9900	n02378	n05070	148		true
n00398	10	0.9900	n03844 n04820	n02642 n04100	189		true
n00399	9	0.9900	n02157 n02223	n01927	191		true
n00400	8	0.9900	n02979	n01517	7		true
n00401	8	0.9900	n00084	n00294	3		true
n00402	8	0.9900	n00696 n02828	n00485	164		true
n00403	9	0.9900	n02288 n05019	n01000 n02691	82		true
n00404	8	0.9900	n00377	n01188	64		true
n00405	9	0.9900	n03029	n00527 n04020	567		true
n00406	9	0.9900	n02435 n03714	n02359 n04190	572		true
n00407	8	0.9900	n05003	n01420	97		true
n00408	8	0.9900	n01816 n05136	n00271	34		true
n00409	8	0.9900	n02770 n04548		394		true
n00410	8	0.9900	n03588 n05244	n00499	179		true
n00411	8	0.9900	n02716 n03234 n04551	n00255	133		true
n00412	8	0.9900	n00083	n00520 n01803	49		true
n00413	7	0.9900	n02142	n01036	108		true
n00414	7	0.9900	n04455		143		true
n00415	7	0.9900	n00090		45		true
n00416	7	0.9900	n01761	n01039	37		true
n00417	7	0.9900	n02284	n00919	84		true
n00418	7	0.9900	n01596	n00820	42		true
n00419	7	0.9900	n03134 n03906		174		true
n00420	7	0.9900	n00092		324		true
n00421	7	0.9900	n03286 n04940 n05363 n05383	n00938	487		true
n00422	7	0.9900	n01532 n05086	n00831	15		true
n00423	7	0.9900	n03355 n04234		229		true
n00424	7	0.9900	n02441 n03979	n01397	600		true
n00425	7	0.9900	n01603 n02873		177		true
n00426	7	0.9900	n02490		86		true
n00427	7	0.9900	n02077	n01196	129		true
n00428	7	0.9900	n02085 n05146	n01805	414		true
n00429	7	0.9900	n01439		87		true
n00430	7	0.9900	n03852 n04926	n00946	122		true
n00431	7	0.9900	n01313 n02494	n01373	509		true
n00432	6	0.9900	n02347	n00325	48		true
n00433	6	0.9900	n00087		55		true
n00434	6	0.9900	n04845 n05316	n00327	37		true
n00435	6	0.9900	n00070	n01195	8		true
n00436	6	0.9900	n02297 n05273		41		true
n00437	6	0.9900	n00375	n00332	192		true
n00438	6	0.9900	n03323 n04847 n04876 n04881		971		true
n00439	6	0.9900	n03419	n01742	109		true
n00440	6	0.9900	n03401 n04701		51		true
n00441	6	0.9900	n03093	n00338	45		true
n00442	6	0.9900	n00094	n01983	165		true
n00443	6	0.9900	n00108		355		true
n00444	6	0.9900	n04123		127		true
n00445	6	0.9900	n00373		69		true
n00446	6	0.9900	n02542 n04748		2292		true
n00447	6	0.9900	n04117 n04930		143		true
n00448	6	0.9900	n00118		15		true
n00449	6	0.9900	n00116	n00832	49		true
n00450	6	0.9900	n02612 n03693 n05127	n00941	1787		true
n00451	6	0.9900	n00855 n02988 n03413 n05276		363		true
n00452	6	0.9900	n01446 n02673		368		true
n00453	6	0.9900	n00122 n03989		199		true
n00454	6	0.9900	n01447		159		true
n00455	6	0.9900	n03795 n04471		535		true
n00456	6	0.9900	n02022	n01175	1424		true
n00457	6	0.9900	n02799 n03954		22		true
n00458	6	0.9900	n03362	n02131	81		true
n00459	6	0.9900	n01959 n02708	n00525	59		true
n00460	5	0.9900	n04465 n04989		8		true
n00461	5	0.9900	n01826 n04473		14		true
n00462	5	0.9900	n03184 n03716 n04069		52		true
n00463	5	0.9900	n02495		14		true
n00464	5	0.9900	n02449 n04638		261		true
n00465	5	0.9900	n02733		27		true
n00466	5	0.9900	n01330		75		true
n00467	5	0.9900	n04003		312		true
n00468	5	0.9900	n02496 n03979		33		true
n00469	5	0.9900	n03242 n03665		93		true
n00470	5	0.9900	n01095		13		true
n00471	5	0.9900	n00368		11		true
n00472	5	0.9900	n02576		57		true
n00473	5	0.9900	n02093		58		true
n00474	5	0.9900	n01606 n03587 n04779		55		true
n00475	5	0.9900	n01333 n02086		86		true
n00476	5	0.9900	n04126		24		true
n00477	5	0.9900	n05183		57		true
n00478	5	0.9900	n03354 n05406		179		true
n00479	5	0.9900	n01453 n02687		40		true
n00480	5	0.9900	n05377		34		true
n00481	5	0.9900	n04140		1753		true
n00482	5	0.9900	n02948 n04760		813		true
n00483	5	0.9900	n03802 n05168		469		true
n00484	5	0.9900	n01221 n02898		158		true
n00485	4	0.9900	n00402		159		true
n00486	4	0.9900	n03667		37		true
n00487	4	0.9900	n01627		104		true
n00488	4	0.9900	n01116		61		true
n00489	4	0.9900	n02172 n04843		76		true
n00490	4	0.9900	n01341		121		true
n00491	4	0.9900	n02736		188		true
n00492	4	0.9900	n01832 n05274		19		true
n00493	4	0.9900	n02895		20		true
n00494	4	0.9900	n00111		81		true
n00495	4	0.9900	n01324 n02306 n04630		39		true
n00496	4	0.9900	n01834		27		true
n00497	4	0.9900	n01897 n03599 n05297		168		true
n00498	4	0.9900	n01729 n03605		69		true
n00499	3	0.9900	n00410 n02409		168		true
n00500	7	0.9899	n00055	n00684	7		true
n00501	6	0.9899	n03488	n00339	229		true
n00502	6	0.9899	n04455 n04816		177		true
n00503	6	0.9899	n05009		50		true
n00504	5	0.9899	n00711 n04427		48		true
n00505	5	0.9899	n00035		287		true
n00506	5	0.9899	n00126 n03046		163		true
n00507	4	0.9899	n00984		111		true
n00508	4	0.9899	n02238		165		true
n00509	4	0.9899	n02642 n04100		122		true
n00510	4	0.9899	n01960 n02892		52		true
n00511	4	0.9899	n01964		33		true
n00512	4	0.9899	n00589 n04849 n05151		58		true
n00513	3	0.9899	n00753 n02944		104		true
n00514	6	0.9898	n02875		78		true
n00515	5	0.9898	n00146		18		true
n00516	4	0.9898	n02623 n04934 n05173		57		true
n00517	6	0.9897	n00027	n00323	1		true
n00518	5	0.9896	n01758 n05183		238		true
n00519	3	0.9896	n01632		106		true
n00520	5	0.9895	n00412 n02847		43		true
n00521	5	0.9894	n00700		25		true
n00522	4	0.9894	n00153		13		true
n00523	4	0.9892	n00147 n02237		67		true
n00524	4	0.9889	n02549 n03868		43		true
n00525	3	0.9889	n00459		29		true
n00526	3	0.9882	n00581		1		true
n00527	3	0.9839	n00405		67		true
n00528	3	0.9821	n04680		109		true
n00529	94	0.9800	n02799 n03954	n03261 n03263	329		true
n00530	29	0.9800	n02206 n04345	n03964 n05334	930		true
n00531	33	0.9800	n01198	n01169 n02374 n02920	859		true
n00532	31	0.9800	n00002	n03569 n04119 n05328	687		true
n00533	27	0.9800	n04275	n02807 n04475	228		true
n00534	28	0.9800	n02799 n02969	n00710 n03272 n03332	1263		true
n00535	24	0.9800	n04111	n00014 n04448	142		true
n00536	23	0.9800	n02276	n01683 n04074	342		true
n00537	22	0.9800	n03166 n04032 n04349	n02703 n03282	357		true
n00538	21	0.9800	n04606	n02760 n04537	248		true
n00539	19	0.9800	n03894 n04427	n02003 n03089	150		true
n00540	17	0.9800	n01877 n02977	n03793 n03844	384		true
n00541	16	0.9800	n00012	n00051 n02007	320		true
n00542	17	0.9800	n03396	n01533 n02334	391		true
n00543	16	0.9800	n03389 n04515	n01605 n02938	276		true
n00544	17	0.9800	n03447	n01510 n02008	1314		true
n00545	16	0.9800	n02330	n02091 n02456 n02611	45		true
n00546	16	0.9800	n05220	n02010 n02937	920		true
n00547	15	0.9800	n02799 n03954	n01214 n02392	3184		true
n00548	14	0.9800	n03639	n01759	20		true
n00549	14	0.9800	n02214	n00609 n02716	202		true
n00550	13	0.9800	n01206	n01436	344		true
n00551	13	0.9800	n05334	n02366	439		true
n00552	13	0.9800	n01755	n01443 n03252	184		true
n00553	11	0.9800	n05223	n01700 n01769 n03547	130		true
n00554	12	0.9800	n03086	n00867 n04476	249		true
n00555	12	0.9800	n00691	n03923	127		true
n00556	11	0.9800	n03027	n00579 n04690	102		true
n00557	10	0.9800	n04980	n00614 n05185	27		true
n00558	11	0.9800	n03977	n01614 n03682	98		true
n00559	11	0.9800	n04591	n00627 n04681	106		true
n00560	10	0.9800	n01530	n00226 n04978	48		true
n00561	10	0.9800	n04526	n01560 n02466	72		true
n00562	10	0.9800	n03017	n00208	234		true
n00563	9	0.9800	n00057	n01062	28		true
n00564	9	0.9800	n00367	n03953	94		true
n00565	9	0.9800	n02006 n05249	n00635	220		true
n00566	9	0.9800	n01948 n05100	n02417 n03259	119		true
n00567	8	0.9800	n02225		123		true
n00568	8	0.9800	n00046	n00681	18		true
n00569	8	0.9800	n05374	n00999	137		true
n00570	8	0.9800	n02162 n03779	n01183	225		true
n00571	8	0.9800	n04535		35		true
n00572	8	0.9800	n02884 n03780	n00760	137		true
n00573	8	0.9800	n03410 n04146 n04639	n01024	311		true
n00574	8	0.9800	n04793		77		true
n00575	8	0.9800	n04298	n00901	52		true
n00576	9	0.9800	n00078	n04272	107		true
n00577	8	0.9800	n01208	n01157	83		true
n00578	8	0.9800	n04191	n01178	110		true
n00579	8	0.9800	n00556	n00615	98		true
n00580	7	0.9800	n03397	n00292	6		true
n00581	7	0.9800	n00010	n00526	43		true
n00582	7	0.9800	n02165	n00928	82		true
n00583	7	0.9800	n02442	n02070	97		true
n00584	7	0.9800	n03994	n02193	58		true
n00585	7	0.9800	n02799 n03954		58		true
n00586	7	0.9800	n00093		167		true
n00587	7	0.9800	n02939 n03328	n00826	63		true
n00588	7	0.9800	n03280 n05343		51		true
n00589	7	0.9800	n01602 n02431	n00512	62		true
n00590	7	0.9800	n04511 n04742	n02192	157		true
n00591	7	0.9800	n00077	n00944	40		true
n00592	7	0.9800	n00381		58		true
n00593	7	0.9800	n03591		55		true
n00594	7	0.9800	n03769 n03991	n01194	51		true
n00595	7	0.9800	n04389		58		true
n00596	7	0.9800	n03647	n00321	422		true
n00597	7	0.9800	n02928	n00322	95		true
n00598	7	0.9800	n00384		157		true
n00599	6	0.9800	n02721 n04393 n04897	n01179	100		true
n00600	6	0.9800	n02717 n04119	n01569	55		true
n00601	6	0.9800	n02772 n02946 n05378		285		true
n00602	6	0.9800	n01441		228		true
n00603	6	0.9800	n00106	n00943	191		true
n00604	6	0.9800	n03750 n04942		70		true
n00605	6	0.9800	n05030	n01493	137		true
n00606	6	0.9800	n02564 n04908	n01674	43		true
n00607	6	0.9800	n02092	n01938	165		true
n00608	6	0.9800	n03396	n01159	128		true
n00609	6	0.9800	n00549		191		true
n00610	6	0.9800	n03040 n04075	n01071	302		true
n00611	6	0.9800	n01962	n01734	35		true
n00612	6	0.9800	n01607 n03921 n05277	n01575	1509		true
n00613	5	0.9800	n02499		31		true
n00614	5	0.9800	n00557 n01891 n04474		27		true
n00615	5	0.9800	n00579 n04690		98		true
n00616	5	0.9800	n03117 n04214		57		true
n00617	5	0.9800	n02894 n04663		39		true
n00618	5	0.9800	n02839 n05164		12		true
n00619	5	0.9800	n01219 n03037 n03415 n05053		387		true
n00620	5	0.9800	n00107		89		true
n00621	5	0.9800	n03043 n03479 n03861		66		true
n00622	5	0.9800	n00703 n05165		57		true
n00623	5	0.9800	n03364 n04734		48		true
n00624	5	0.9800	n02799 n03195		33		true
n00625	5	0.9800	n02622		193		true
n00626	5	0.9800	n03537 n04275		2079		true
n00627	5	0.9800	n00559		106		true
n00628	5	0.9800	n01760 n05157		22		true
n00629	5	0.9800	n04708		103		true
n00630	5	0.9800	n02777 n03958 n04540		485		true
n00631	5	0.9800	n02020 n03416 n04503		49		true
n00632	5	0.9800	n00156		33		true
n00633	5	0.9800	n00162		40		true
n00634	5	0.9800	n04758		48		true
n00635	5	0.9800	n00565		91		true
n00636	5	0.9800	n01829 n02728		142		true
n00637	5	0.9800	n03435 n04322 n04679		59		true
n00638	4	0.9800	n03428 n04004		33		true
n00639	4	0.9800	n03429		5		true
n00640	4	0.9800	n03666 n04568 n04649 n05063		626		true
n00641	4	0.9800	n02311 n03820		86		true
n00642	4	0.9800	n00981 n03048		43		true
n00643	4	0.9800	n01625		49		true
n00644	4	0.9800	n03053 n03246		49		true
n00645	4	0.9800	n02401 n03856 n04324		26		true
n00646	4	0.9800	n02889 n05403		250		true
n00647	4	0.9800	n04656 n04959		72		true
n00648	4	0.9800	n01334		38		true
n00649	4	0.9800	n00726		263		true
n00650	4	0.9800	n00175		240		true
n00651	4	0.9800	n03067		11		true
n00652	4	0.9800	n02627 n04659		194		true
n00653	3	0.9800	n00218		19		true
n00654	3	0.9800	n00722 n02598		269		true
n00655	8	0.9798	n00071	n00254	37		true
n00656	7	0.9798	n00081		91		true
n00657	6	0.9798	n04369	n01870	64		true
n00658	6	0.9798	n04275	n00342 n01655	56		true
n00659	5	0.9798	n01881 n03044		14		true
n00660	5	0.9798	n02490 n04662		89		true
n00661	5	0.9798	n00161		105		true
n00662	4	0.9798	n02784 n04229		19		true
n00663	4	0.9798	n00873		154		true
n00664	4	0.9798	n01340 n04900		306		true
n00665	4	0.9798	n01342		92		true
n00666	4	0.9798	n02396 n04564		329		true
n00667	4	0.9798	n01828		45		true
n00668	4	0.9798	n02547 n02732 n04834		282		true
n00669	4	0.9798	n03109 n03536		251		true
n00670	3	0.9798	n03062 n03265 n03623		23		true
n00671	3	0.9798	n02910		18		true
n00672	5	0.9796	n04317		15		true
n00673	4	0.9796	n01615		270		true
n00674	3	0.9796	n01858 n02680		21		true
n00675	3	0.9796	n03312		347		true
n00676	4	0.9794	n00853 n04938		73		true
n00677	4	0.9794	n04335		87		true
n00678	4	0.9792	n01112 n04863		17		true
n00679	3	0.9792	n02749		41		true
n00680	3	0.9789	n04272		41		true
n00681	3	0.9787	n00568		13		true
n00682	3	0.9783	n03549 n04841		24		true
n00683	4	0.9778	n00193		79		true
n00684	4	0.9770	n00500		5		true
n00685	4	0.9770	n03518		53		true
n00686	4	0.9767	n00208		222		true
n00687	4	0.9762	n02031		85		true
n00688	57	0.9700	n04590	n02826 n03269 n03494 n03791 n03996 n05240	940		true
n00689	31	0.9700	n01081	n02148 n04300	849		true
n00690	23	0.9700	n02596	n01314 n04385	386		true
n00691	20	0.9700	n03697	n00555 n01561 n02605	230		true
n00692	17	0.9700	n02598	n01434 n01536	134		true
n00693	12	0.9700	n02978 n04129	n01698 n02893 n05184	77		true
n00694	12	0.9700	n03839 n05229	n00724 n02550	86		true
n00695	14	0.9700	n03344	n02016 n02024	144		true
n00696	11	0.9700	n02485 n02659	n00402	164		true
n00697	12	0.9700	n02156 n03117	n00974 n02500	204		true
n00698	12	0.9700	n02810	n01729 n02041 n03605	113		true
n00699	12	0.9700	n00044	n01140 n01838	327		true
n00700	11	0.9700	n02333 n04432	n00521 n02955	54		true
n00701	11	0.9700	n03082 n03643	n01787 n03294	90		true
n00702	10	0.9700	n03028	n00217	106		true
n00703	10	0.9700	n04045	n00622 n03204	75		true
n00704	9	0.9700	n04124	n01414	856		true
n00705	9	0.9700	n02613 n04046	n01168	232		true
n00706	9	0.9700	n04227 n04436	n01657 n02468	79		true
n00707	10	0.9700	n01594 n03517	n02320 n03807	43		true
n00708	9	0.9700	n01432 n02876	n02963 n03116	395		true
n00709	9	0.9700	n03583	n00282	55		true
n00710	9	0.9700	n00534	n03385	81		true
n00711	10	0.9700	n03901	n00504 n04182	182		true
n00712	9	0.9700	n02430	n00749	166		true
n00713	9	0.9700	n03773	n01056	50		true
n00714	9	0.9700	n02762	n03213	182		true
n00715	8	0.9700	n02668	n01043 n01986	655		true
n00716	8	0.9700	n02771 n02979 n03402	n00291	25		true
n00717	7	0.9700	n02775 n05373		483		true
n00718	7	0.9700	n04818		49		true
n00719	7	0.9700	n03477 n03527		86		true
n00720	7	0.9700	n02342	n01868	218		true
n00721	7	0.9700	n04275		44		true
n00722	7	0.9700	n03917 n05353	n00654	774		true
n00723	7	0.9700	n05258	n01161	24		true
n00724	7	0.9700	n00694 n05042	n01301	75		true
n00725	7	0.9700	n02014		66		true
n00726	7	0.9700	n03192 n05268	n00649	338		true
n00727	7	0.9700	n03990 n04841		174		true
n00728	7	0.9700	n01955 n04067		44		true
n00729	7	0.9700	n04367 n04943		657		true
n00730	7	0.9700	n03760 n03981	n01047	70		true
n00731	6	0.9700	n01535		94		true
n00732	6	0.9700	n00966		239		true
n00733	6	0.9700	n00056	n00330	6		true
n00734	6	0.9700	n03026		61		true
n00735	6	0.9700	n03356	n02049	60		true
n00736	6	0.9700	n01096 n04848		275		true
n00737	6	0.9700	n01694 n02778		112		true
n00738	6	0.9700	n03350	n02138	23		true
n00739	6	0.9700	n02142		168		true
n00740	6	0.9700	n02817 n05106		27		true
n00741	6	0.9700	n00848 n03534		142		true
n00742	6	0.9700	n00373		40		true
n00743	6	0.9700	n02708	n00935	31		true
n00744	6	0.9700	n04755	n01513	24		true
n00745	6	0.9700	n00385		75		true
n00746	6	0.9700	n02230	n00818	455		true
n00747	6	0.9700	n00121		134		true
n00748	6	0.9700	n03598 n04139	n01671	92		true
n00749	6	0.9700	n00712		166		true
n00750	6	0.9700	n02452 n02989		199		true
n00751	6	0.9700	n03999 n05031	n01291	21		true
n00752	6	0.9700	n04893 n04910		238		true
n00753	6	0.9700	n02535 n03360 n03859 n05031	n00513	146		true
n00754	5	0.9700	n02279 n02869 n03772		6		true
n00755	5	0.9700	n04076 n04825		4		true
n00756	5	0.9700	n03597 n03796		110		true
n00757	5	0.9700	n03294		61		true
n00758	5	0.9700	n02393 n03993		27		true
n00759	5	0.9700	n03196 n05147		77		true
n00760	5	0.9700	n00572		75		true
n00761	5	0.9700	n01451 n04691		52		true
n00762	5	0.9700	n01953 n04047		848		true
n00763	5	0.9700	n03041		27		true
n00764	5	0.9700	n04840		108		true
n00765	5	0.9700	n04294 n04465		343		true
n00766	5	0.9700	n04079		19		true
n00767	5	0.9700	n03659		50		true
n00768	5	0.9700	n03101		135		true
n00769	5	0.9700	n01102 n03727		236		true
n00770	5	0.9700	n00061 n02722		116		true
n00771	5	0.9700	n00975 n03621		78		true
n00772	5	0.9700	n03848 n04211		15		true
n00773	5	0.9700	n01336 n04083		54		true
n00774	5	0.9700	n02397 n05143 n05345		1510		true
n00775	4	0.9700	n02457		329		true
n00776	4	0.9700	n03422 n04939		19		true
n00777	4	0.9700	n02902		18		true
n00778	4	0.9700	n02299 n03912 n04245		113		true
n00779	4	0.9700	n04161		83		true
n00780	4	0.9700	n03807		26		true
n00781	4	0.9700	n01822 n04643		109		true
n00782	4	0.9700	n03051		128		true
n00783	4	0.9700	n01968		20		true
n00784	4	0.9700	n02952		24		true
n00785	4	0.9700	n02903 n04553		11		true
n00786	4	0.9700	n03248 n04081 n04346		63		true
n00787	4	0.9700	n00875		235		true
n00788	4	0.9700	n00164 n02830		16		true
n00789	4	0.9700	n01114 n04082		35		true
n00790	4	0.9700	n05295		35		true
n00791	4	0.9700	n04334 n05309		27		true
n00792	4	0.9700	n01099 n04370		159		true
n00793	3	0.9700	n02448 n02455 n03143		54		true
n00794	3	0.9700	n00228		25		true
n00795	7	0.9697	n00102	n00945	54		true
n00796	5	0.9697	n02683 n03141 n05155		237		true
n00797	5	0.9697	n03292 n04618		270		true
n00798	4	0.9697	n02234		4		true
n00799	4	0.9697	n02433 n04884		15		true
n00800	4	0.9697	n00134		63		true
n00801	4	0.9697	n01888		169		true
n00802	4	0.9697	n00112		35		true
n00803	4	0.9697	n04006 n04477		12		true
n00804	4	0.9697	n04403		14		true
n00805	4	0.9697	n02739 n04456		72		true
n00806	4	0.9697	n01314 n01637		100		true
n00807	3	0.9697	n00221		155		true
n00808	5	0.9694	n02497		29		true
n00809	5	0.9694	n02621		134		true
n00810	4	0.9694	n01216 n02101		55		true
n00811	3	0.9694	n04497		63		true
n00812	3	0.9694	n01546 n05064		26		true
n00813	3	0.9694	n03947 n04765		234		true
n00814	3	0.9694	n00154		77		true
n00815	3	0.9694	n01105 n04030		406		true
n00816	3	0.9691	n01901		15		true
n00817	5	0.9688	n00149		655		true
n00818	3	0.9688	n00746 n04261		185		true
n00819	3	0.9688	n01113		19		true
n00820	4	0.9684	n00418		27		true
n00821	4	0.9684	n00200		1708		true
n00822	4	0.9684	n05020		69		true
n00823	3	0.9684	n04265		115		true
n00824	3	0.9684	n02444 n03193 n05057		22		true
n00825	3	0.9684	n02017 n03790		62		true
n00826	3	0.9684	n00587 n01833		45		true
n00827	3	0.9684	n03950 n04865 n05389		16		true
n00828	5	0.9681	n00129		1		true
n00829	3	0.9681	n01715		193		true
n00830	4	0.9677	n04434 n04727		75		true
n00831	3	0.9677	n00422 n04331		15		true
n00832	3	0.9667	n00449		10		true
n00833	110	0.9600	n02968	n02648 n04887 n05389	1306		true
n00834	47	0.9600	n03954	n03388 n04199	189		true
n00835	35	0.9600	n01872	n03171 n04699	465		true
n00836	25	0.9600	n03070 n04283	n03223 n04710	95		true
n00837	25	0.9600	n02207	n03124 n04617	339		true
n00838	22	0.9600	n03444	n01813 n02375	617		true
n00839	19	0.9600	n02327	n04371 n05250 n05387	249		true
n00840	16	0.9600	n03337 n04612	n02663	283		true
n00841	18	0.9600	n02925	n02566 n03977	182		true
n00842	13	0.9600	n04997	n00854 n04179	134		true
n00843	13	0.9600	n00024	n01934 n02986	88		true
n00844	14	0.9600	n04817	n00396 n04745	580		true
n00845	13	0.9600	n02377 n03700	n00124	452		true
n00846	11	0.9600	n05231	n00191	71		true
n00847	11	0.9600	n03760	n02581 n02897	73		true
n00848	11	0.9600	n02152	n00741 n01138	159		true
n00849	11	0.9600	n04986	n01903 n03485	53		true
n00850	10	0.9600	n00049	n02734	145		true
n00851	11	0.9600	n00042	n01235 n02365	271		true
n00852	10	0.9600	n01319 n03461	n01629 n02588	325		true
n00853	9	0.9600	n03710 n04822	n00676	74		true
n00854	9	0.9600	n00842	n00275	130		true
n00855	9	0.9600	n01321 n02769	n00451	363		true
n00856	9	0.9600	n00053	n01008	15		true
n00857	10	0.9600	n02936 n04730	n05309	73		true
n00858	8	0.9600	n00047 n04739	n00998	69		true
n00859	8	0.9600	n04641	n00897	29		true
n00860	8	0.9600	n01691 n04743	n01465 n02133	298		true
n00861	8	0.9600	n00081	n01182	110		true
n00862	7	0.9600	n03635 n04310	n00295	57		true
n00863	7	0.9600	n04738 n05362	n00917	369		true
n00864	7	0.9600	n02483 n03474 n05121	n01280	40		true
n00865	7	0.9600	n02017	n01371	202		true
n00866	7	0.9600	n02987	n01416	81		true
n00867	7	0.9600	n00554 n02719	n00930	164		true
n00868	7	0.9600	n02293	n01479	145		true
n00869	7	0.9600	n01954		193		true
n00870	7	0.9600	n00076	n01497	52		true
n00871	8	0.9600	n02295 n03336	n00336 n02318	1322		true
n00872	7	0.9600	n01697 n03701	n02130	126		true
n00873	7	0.9600	n02493 n03660	n00663	240		true
n00874	7	0.9600	n02224 n04803		26		true
n00875	7	0.9600	n02927	n00787	254		true
n00876	6	0.9600	n02545	n00337	42		true
n00877	6	0.9600	n04072		47		true
n00878	6	0.9600	n02345 n04386 n04838		59		true
n00879	6	0.9600	n03190 n04397	n01037	166		true
n00880	6	0.9600	n03080 n03359 n03789	n02069	139		true
n00881	6	0.9600	n04378		61		true
n00882	6	0.9600	n02984 n03906 n04240		131		true
n00883	6	0.9600	n02541	n00347	30		true
n00884	6	0.9600	n03781 n04944 n05017		387		true
n00885	6	0.9600	n05162		447		true
n00886	6	0.9600	n01222 n04000		180		true
n00887	5	0.9600	n04319		8		true
n00888	5	0.9600	n02486 n03752		34		true
n00889	5	0.9600	n00973		380		true
n00890	5	0.9600	n03966		13		true
n00891	5	0.9600	n02845 n03930		494		true
n00892	5	0.9600	n03133 n05399		56		true
n00893	5	0.9600	n02998		19		true
n00894	5	0.9600	n02445 n04559		151		true
n00895	5	0.9600	n00145		19		true
n00896	5	0.9600	n01831		87		true
n00897	5	0.9600	n00859 n02168		29		true
n00898	5	0.9600	n01695		99		true
n00899	5	0.9600	n01225		29		true
n00900	5	0.9600	n02142 n03244		127		true
n00901	5	0.9600	n00575		51		true
n00902	5	0.9600	n03523 n04147		152		true
n00903	5	0.9600	n02809 n02945 n04376		388		true
n00904	4	0.9600	n03644 n04084		12		true
n00905	4	0.9600	n02886 n04858		38		true
n00906	4	0.9600	n01449 n03788		140		true
n00907	4	0.9600	n02006 n03872		16		true
n00908	4	0.9600	n03005		285		true
n00909	4	0.9600	n01541		15		true
n00910	4	0.9600	n03007		30		true
n00911	4	0.9600	n01890 n04140		1147		true
n00912	4	0.9600	n02773 n03008 n04252		90		true
n00913	4	0.9600	n05066		75		true
n00914	4	0.9600	n02177 n05407		47		true
n00915	4	0.9600	n04349		17		true
n00916	3	0.9600	n01117		33		true
n00917	3	0.9600	n00863 n03866 n05049		32		true
n00918	3	0.9600	n01701 n02992 n03870 n05046		119		true
n00919	3	0.9600	n00417 n05281		41		true
n00920	3	0.9600	n02907		43		true
n00921	3	0.9600	n02508 n04275		1668		true
n00922	3	0.9600	n04099 n04975		54		true
n00923	9	0.9596	n04925	n01303 n03318	1499		true
n00924	5	0.9596	n02799 n03954		9		true
n00925	5	0.9596	n00110		61		true
n00926	5	0.9596	n01889		108		true
n00927	5	0.9596	n02726		31		true
n00928	4	0.9596	n00582		69		true
n00929	4	0.9596	n03669		28		true
n00930	4	0.9596	n00867		36		true
n00931	4	0.9596	n03055 n03600		126		true
n00932	3	0.9596	n02578 n03494 n04173		44		true
n00933	4	0.9592	n02698		253		true
n00934	3	0.9592	n03058		16		true
n00935	3	0.9592	n00743		11		true
n00936	5	0.9588	n01095 n03243		13		true
n00937	4	0.9588	n03093 n04301		23		true
n00938	3	0.9588	n00421 n04966		197		true
n00939	3	0.9588	n00223		9		true
n00940	3	0.9588	n04501		47		true
n00941	3	0.9588	n00450		700		true
n00942	3	0.9583	n02955		25		true
n00943	3	0.9583	n00603		158		true
n00944	3	0.9583	n00591 n04274		17		true
n00945	3	0.9579	n00795		25		true
n00946	3	0.9570	n00430		45		true
n00947	5	0.9565	n00176		67		true
n00948	26	0.9500	n03326	n00365 n02293	447		true
n00949	20	0.9500	n03220	n01525 n02825 n03910	223		true
n00950	18	0.9500	n05331	n01758 n02935	579		true
n00951	16	0.9500	n05102	n01612 n02934	467		true
n00952	16	0.9500	n03395	n01322 n01601	290		true
n00953	16	0.9500	n04282	n01541 n02541	63		true
n00954	16	0.9500	n03512	n00383 n03180	125		true
n00955	16	0.9500	n02601	n02773 n03464	321		true
n00956	14	0.9500	n03456	n03780 n05066	137		true
n00957	14	0.9500	n01950 n02799	n00236 n01858 n04336	115		true
n00958	12	0.9500	n00008	n01339 n03429	5		true
n00959	12	0.9500	n02002	n01897 n03599	296		true
n00960	11	0.9500	n03347 n05355	n01335 n02100	479		true
n00961	11	0.9500	n02142	n00202	52		true
n00962	11	0.9500	n03457	n00247 n01412	128		true
n00963	10	0.9500	n00059	n00212	25		true
n00964	10	0.9500	n00043	n00193	81		true
n00965	11	0.9500	n01815 n03346	n01458 n03740	57		true
n00966	9	0.9500	n02930	n00732	241		true
n00967	9	0.9500	n02878 n02981 n04816	n00264	1089		true
n00968	9	0.9500	n04788 n05033	n00214	177		true
n00969	9	0.9500	n00374	n01134	697		true
n00970	9	0.9500	n04060	n01842 n03739	91		true
n00971	9	0.9500	n03088	n01123	946		true
n00972	9	0.9500	n02088	n01463	33		true
n00973	8	0.9500	n01092 n03117	n00889	392		true
n00974	9	0.9500	n00697	n01028 n04870	170		true
n00975	8	0.9500	n03232	n00771	78		true
n00976	8	0.9500	n02011	n01053	293		true
n00977	7	0.9500	n01208 n02612 n03589	n01989	261		true
n00978	7	0.9500	n03358 n03526 n04721 n05264	n01067	58		true
n00979	7	0.9500	n03584	n01057	105		true
n00980	7	0.9500	n03528	n02263	67		true
n00981	7	0.9500	n02887	n00642	240		true
n00982	7	0.9500	n00101	n01377	223		true
n00983	7	0.9500		n01388	144		true
n00984	7	0.9500	n03530 n03984 n05050	n00507	251		true
n00985	7	0.9500	n02090		143		true
n00986	6	0.9500	n00380 n04746		6		true
n00987	6	0.9500	n00395	n01743	198		true
n00988	6	0.9500	n04542 n05148		572		true
n00989	6	0.9500	n03523 n04535	n01731	66		true
n00990	6	0.9500	n02882		44		true
n00991	6	0.9500	n02385 n05156		29		true
n00992	6	0.9500	n03191		135		true
n00993	6	0.9500	n01444 n03790	n01069	73		true
n00994	6	0.9500	n02891 n04751	n01032	272		true
n00995	5	0.9500	n01539		86		true
n00996	5	0.9500	n02659		17		true
n00997	5	0.9500	n01698 n02893		74		true
n00998	5	0.9500	n00858 n05288		69		true
n00999	5	0.9500	n00569		31		true
n01000	5	0.9500	n00403 n02945		20		true
n01001	5	0.9500	n01888		116		true
n01002	5	0.9500	n00072		10		true
n01003	5	0.9500	n02395		621		true
n01004	5	0.9500	n01220		520		true
n01005	5	0.9500	n03289		54		true
n01006	5	0.9500	n03998		51		true
n01007	5	0.9500	n01337 n03928		47		true
n01008	4	0.9500	n00856 n03529		5		true
n01009	4	0.9500	n03247 n04430		64		true
n01010	4	0.9500	n00183		173		true
n01011	4	0.9500	n04162 n04338		24		true
n01012	4	0.9500	n02682 n03293		21		true
n01013	4	0.9500	n04011 n04736		33		true
n01014	4	0.9500	n03371 n05103		27		true
n01015	4	0.9500	n01218 n04382		41		true
n01016	4	0.9500	n02375		30		true
n01017	4	0.9500	n01610		73		true
n01018	4	0.9500	n02026		105		true
n01019	4	0.9500	n03430 n04034		33		true
n01020	4	0.9500	n02381		17		true
n01021	4	0.9500	n01549		20		true
n01022	4	0.9500	n05257		173		true
n01023	4	0.9500	n02688		105		true
n01024	4	0.9500	n00573		19		true
n01025	4	0.9500	n03572 n05127		43		true
n01026	4	0.9500	n03410 n04259		1543		true
n01027	4	0.9500	n01887 n03484		11		true
n01028	4	0.9500	n00974 n02500		150		true
n01029	4	0.9500	n02463 n02689		150		true
n01030	4	0.9500	n01966 n03849		50		true
n01031	4	0.9500	n02738 n05062		683		true
n01032	3	0.9500	n00994		156		true
n01033	3	0.9500	n02584 n04671		67		true
n01034	3	0.9500	n00178		15		true
n01035	3	0.9500	n03916 n04172 n04928		44		true
n01036	3	0.9500	n00413		104		true
n01037	3	0.9500	n00879		140		true
n01038	3	0.9500	n02948 n03006 n04180		412		true
n01039	3	0.9500	n00416		32		true
n01040	3	0.9500	n02560 n03114		21		true
n01041	3	0.9500	n04869		131		true
n01042	8	0.9495	n03411 n04542	n03882	133		true
n01043	5	0.9495	n00715		32		true
n01044	5	0.9495	n02808 n04045		28		true
n01045	5	0.9495	n01331		26		true
n01046	4	0.9495	n03887		42		true
n01047	4	0.9495	n00730		13		true
n01048	4	0.9495	n02722 n02798		178		true
n01049	4	0.9495	n02446 n04012		139		true
n01050	4	0.9495	n01607		1894		true
n01051	4	0.9495	n00115		336		true
n01052	4	0.9495	n02540 n03146		141		true
n01053	4	0.9495	n00976 n02451		209		true
n01054	4	0.9495	n03307 n04407		146		true
n01055	3	0.9495	n00100 n02740		90		true
n01056	3	0.9495	n00713		35		true
n01057	3	0.9495	n00979 n02730		75		true
n01058	3	0.9495	n02960 n03152		302		true
n01059	3	0.9495	n03319		26		true
n01060	3	0.9495	n02747		1065		true
n01061	5	0.9490	n02663		78		true
n01062	4	0.9490	n00563 n02033		26		true
n01063	4	0.9490	n00198		269		true
n01064	4	0.9490	n01106		29		true
n01065	3	0.9490	n01703		47		true
n01066	4	0.9485	n00071		21		true
n01067	4	0.9485	n00978 n03303		56		true
n01068	4	0.9485	n00065		17		true
n01069	3	0.9485	n00993 n03792		63		true
n01070	3	0.9485	n00165		14		true
n01071	3	0.9485	n00610 n04854		102		true
n01072	4	0.9468	n02757 n04164 n04824		15		true
n01073	4	0.9468	n00203		92		true
n01074	4	0.9457	n02727 n04761		40		true
n01075	3	0.9451	n01339 n03429		1		true
n01076	3	0.9434	n00220		178		true
n01077	4	0.9425	n00133		22		true
n01078	3	0.9405	n01349		24		true
n01079	34	0.9400	n04107 n04590	n03893 n04997	228		true
n01080	34	0.9400	n01592	n01317 n03220	308		true
n01081	34	0.9400	n03215	n00689 n04377	854		true
n01082	23	0.9400	n05087	n02287 n03400	458		true
n01083	20	0.9400	n03571 n03691	n03088 n04050	986		true
n01084	22	0.9400	n03168	n03986 n05011 n05359	528		true
n01085	21	0.9400	n02756	n01689 n03236 n04229	229		true
n01086	19	0.9400	n02560 n04796	n01558 n01883 n03085	39		true
n01087	17	0.9400	n00357 n03270	n04132 n04631	96		true
n01088	17	0.9400	n03338	n01602 n02431	129		true
n01089	14	0.9400	n02142	n02443 n03476	213		true
n01090	12	0.9400	n04803	n00119	46		true
n01091	12	0.9400	n04532	n01105 n03733	536		true
n01092	12	0.9400	n03755	n00973 n02901	447		true
n01093	12	0.9400	n03832	n00319 n04079	185		true
n01094	11	0.9400	n05347	n01711 n03426	610		true
n01095	10	0.9400	n03070 n04637	n00470 n00936	25		true
n01096	9	0.9400	n04452 n04528	n00736	275		true
n01097	10	0.9400	n04735	n03371	79		true
n01098	9	0.9400	n00035	n00242	97		true
n01099	10	0.9400	n03465 n03634	n00792 n03376	177		true
n01100	8	0.9400	n02569	n01791	83		true
n01101	9	0.9400	n03521 n03834	n01802 n02104	110		true
n01102	8	0.9400	n02615 n03653	n00769	645		true
n01103	8	0.9400	n02820	n01359	603		true
n01104	8	0.9400	n01821 n05081		85		true
n01105	8	0.9400	n01091	n00815	534		true
n01106	8	0.9400	n00054	n01064	200		true
n01107	7	0.9400	n04837		162		true
n01108	7	0.9400	n03916	n01170	33		true
n01109	7	0.9400	n03786 n04281		141		true
n01110	7	0.9400	n02671 n03127 n04741		136		true
n01111	7	0.9400	n00097	n00315	252		true
n01112	7	0.9400	n01957	n00678	47		true
n01113	7	0.9400	n03186 n04135	n00819	108		true
n01114	7	0.9400	n03287	n00789	38		true
n01115	7	0.9400	n01523 n03823		101		true
n01116	7	0.9400	n02390	n00488	81		true
n01117	6	0.9400	n02942 n05051	n00916	44		true
n01118	6	0.9400	n02167 n03919		59		true
n01119	6	0.9400	n01819 n04127		101		true
n01120	6	0.9400	n01825 n02570 n03298		167		true
n01121	6	0.9400	n02885		468		true
n01122	6	0.9400	n04598		49		true
n01123	6	0.9400	n00971		547		true
n01124	6	0.9400	n05379		564		true
n01125	5	0.9400	n03565		45		true
n01126	5	0.9400	n01886 n02996		43		true
n01127	5	0.9400	n01224		38		true
n01128	5	0.9400	n02626 n04451		81		true
n01129	5	0.9400	n02294		23		true
n01130	5	0.9400	n03781		41		true
n01131	5	0.9400	n01617		39		true
n01132	5	0.9400	n02799 n03954		33		true
n01133	5	0.9400	n03139 n04078 n04144		105		true
n01134	5	0.9400	n00969 n02685		697		true
n01135	5	0.9400	n02886		127		true
n01136	5	0.9400	n02617 n03926		72		true
n01137	5	0.9400	n02305		2203		true
n01138	5	0.9400	n00848 n05396		38		true
n01139	5	0.9400	n05211		50		true
n01140	5	0.9400	n00699 n02454		173		true
n01141	5	0.9400	n03784		21		true
n01142	5	0.9400	n04416		95		true
n01143	4	0.9400	n02027		4		true
n01144	4	0.9400	n03370 n03953		71		true
n01145	4	0.9400	n03804		25		true
n01146	4	0.9400	n02456 n02611		19		true
n01147	4	0.9400	n01210 n04955		49		true
n01148	4	0.9400	n03363 n04823 n05290		566		true
n01149	4	0.9400	n03671 n05058		17		true
n01150	4	0.9400	n01767		390		true
n01151	4	0.9400	n01452 n02734		60		true
n01152	4	0.9400	n05015		53		true
n01153	4	0.9400	n03504		48		true
n01154	4	0.9400	n03808 n04685		365		true
n01155	4	0.9400	n02540 n04676 n05293		36		true
n01156	4	0.9400	n02780 n03218		133		true
n01157	4	0.9400	n00577 n05286		54		true
n01158	4	0.9400	n03110 n03515		37		true
n01159	3	0.9400	n00608		123		true
n01160	3	0.9400	n00184		58		true
n01161	3	0.9400	n00723		15		true
n01162	3	0.9400	n02245		52		true
n01163	5	0.9394	n00103		1		true
n01164	5	0.9394	n01540		41		true
n01165	4	0.9394	n02304 n04913		19		true
n01166	4	0.9394	n03548		68		true
n01167	4	0.9394	n01970 n03863		15		true
n01168	4	0.9394	n00705 n02174		116		true
n01169	3	0.9394	n00531 n03375		26		true
n01170	3	0.9394	n01108 n03860		20		true
n01171	3	0.9394	n00207 n03253 n04952		28		true
n01172	3	0.9394	n01622 n02513		19		true
n01173	3	0.9394	n02915 n03441 n03492		137		true
n01174	3	0.9394	n03442		12		true
n01175	3	0.9394	n00456		1327		true
n01176	3	0.9394	n03439 n04770		45		true
n01177	5	0.9388	n00079 n03296		103		true
n01178	5	0.9388	n00578		60		true
n01179	3	0.9388	n00599		81		true
n01180	3	0.9388	n02511		19		true
n01181	3	0.9388	n01776		13		true
n01182	3	0.9388	n00861		36		true
n01183	5	0.9381	n00570 n05392		225		true
n01184	3	0.9381	n04326 n04408 n04938		89		true
n01185	3	0.9381	n00195		143		true
n01186	3	0.9381	n01456 n02232		244		true
n01187	3	0.9375	n00145 n05121		8		true
n01188	4	0.9368	n00404		18		true
n01189	3	0.9368	n01903 n03485		37		true
n01190	3	0.9368	n00173		947		true
n01191	5	0.9362	n00140 n04275		68		true
n01192	4	0.9359	n00179		2		true
n01193	3	0.9355	n02962 n04749		120		true
n01194	4	0.9333	n00594		48		true
n01195	3	0.9326	n00435		4		true
n01196	4	0.9318	n00427		62		true
n01197	83	0.9300	n00000	n00001 n03920	349		true
n01198	55	0.9300	n05083	n00531 n02757	1190		true
n01199	37	0.9300	n02867	n00393 n02073 n03917	902		true
n01200	31	0.9300	n03627 n04275	n00394 n03758	377		true
n01201	30	0.9300	n02917 n04346	n03174 n03597 n03632	355		true
n01202	24	0.9300	n05206	n00019 n03402	62		true
n01203	23	0.9300	n02653	n00373 n03287	131		true
n01204	20	0.9300	n04798	n02580 n04532	546		true
n01205	20	0.9300	n02799 n04356	n03472 n04817	807		true
n01206	17	0.9300	n03329	n00550 n03182	346		true
n01207	17	0.9300	n03117	n00381 n05030	241		true
n01208	15	0.9300	n03450 n04804	n00577 n00977 n05286	306		true
n01209	14	0.9300	n01813 n02375	n01440 n01615	596		true
n01210	13	0.9300	n04788 n05342	n01147 n02025	137		true
n01211	14	0.9300	n04708 n05339	n02539 n04929	362		true
n01212	14	0.9300	n01312	n01889 n04072	142		true
n01213	13	0.9300	n01812	n01825 n02570	212		true
n01214	14	0.9300	n00547	n04650 n04651	2530		true
n01215	11	0.9300	n03707	n01837 n02497	92		true
n01216	11	0.9300	n02875 n04631	n00810 n05295	83		true
n01217	10	0.9300	n02817 n04365	n00199	607		true
n01218	9	0.9300	n04137	n01015	95		true
n01219	9	0.9300	n02338 n04375	n00619	924		true
n01220	9	0.9300	n01818	n01004	612		true
n01221	9	0.9300	n02926	n00484	167		true
n01222	9	0.9300	n02488 n04459	n00886 n02361	180		true
n01223	9	0.9300	n02712 n05343	n02791	225		true
n01224	8	0.9300	n02012 n04619	n01127 n01994	44		true
n01225	8	0.9300	n01817	n00899	45		true
n01226	9	0.9300	n02332 n04063	n03442 n04026	65		true
n01227	9	0.9300	n02928	n04873	228		true
n01228	8	0.9300	n05144	n01857	385		true
n01229	7	0.9300	n01527 n02714 n03767	n01585	29		true
n01230	7	0.9300	n01316	n01990	28		true
n01231	7	0.9300	n03835		57		true
n01232	7	0.9300	n02764 n03478 n03657		146		true
n01233	6	0.9300	n02881	n02054	25		true
n01234	6	0.9300	n02229 n02766		139		true
n01235	6	0.9300	n00851	n01664	271		true
n01236	6	0.9300	n02938	n01744	163		true
n01237	6	0.9300	n04472		73		true
n01238	5	0.9300	n03712		20		true
n01239	5	0.9300	n02391 n04005		38		true
n01240	5	0.9300	n05074		30		true
n01241	5	0.9300	n01963 n03136		29		true
n01242	5	0.9300	n02300		410		true
n01243	5	0.9300	n03104 n03357 n03722		44		true
n01244	5	0.9300	n03532		31		true
n01245	5	0.9300	n01332		196		true
n01246	5	0.9300	n03811 n03904		227		true
n01247	5	0.9300	n03342 n04275		11		true
n01248	5	0.9300	n04909		1201		true
n01249	5	0.9300	n02537 n04167		17		true
n01250	5	0.9300	n02832		331		true
n01251	4	0.9300	n04275		36		true
n01252	4	0.9300	n03045		17		true
n01253	4	0.9300	n02788		18		true
n01254	4	0.9300	n03668 n04068		145		true
n01255	4	0.9300	n04673 n04943		868		true
n01256	4	0.9300	n01695 n02950		114		true
n01257	4	0.9300	n03431		47		true
n01258	4	0.9300	n02799 n03954		468		true
n01259	4	0.9300	n01895 n03496 n04236		54		true
n01260	4	0.9300	n03480 n03731		69		true
n01261	4	0.9300	n01683 n04074 n04961 n05394		27		true
n01262	4	0.9300	n02171 n03810		29		true
n01263	4	0.9300	n03250 n04904		27		true
n01264	4	0.9300	n03003 n03036		90		true
n01265	4	0.9300	n03108 n03361		34		true
n01266	4	0.9300	n02905 n03600		65		true
n01267	4	0.9300	n03812		62		true
n01268	3	0.9300	n01835 n05373		367		true
n01269	3	0.9300	n04096		15		true
n01270	3	0.9300	n00244		45		true
n01271	3	0.9300	n03002 n03368 n04767		97		true
n01272	3	0.9300	n02156		46		true
n01273	3	0.9300	n01552 n04578		1123		true
n01274	3	0.9300	n02634		101		true
n01275	3	0.9300	n04487 n04963		34		true
n01276	5	0.9293	n01764 n04749		132		true
n01277	5	0.9293	n02616 n04091		96		true
n01278	5	0.9293	n00117		200		true
n01279	5	0.9293	n02580 n04532		58		true
n01280	4	0.9293	n00864 n04225		30		true
n01281	4	0.9293	n01762		353		true
n01282	4	0.9293	n02439 n04831		22		true
n01283	4	0.9293	n00392 n02032		180		true
n01284	4	0.9293	n01705 n04230		2591		true
n01285	4	0.9293	n03970 n04905		28		true
n01286	4	0.9293	n04761 n05247		20		true
n01287	4	0.9293	n01890 n03206		168		true
n01288	3	0.9293	n01634		131		true
n01289	3	0.9293	n02510 n04088		29		true
n01290	3	0.9293	n03881		140		true
n01291	3	0.9293	n00751		21		true
n01292	6	0.9286	n00119		29		true
n01293	5	0.9286	n01544		79		true
n01294	3	0.9286	n01712		21		true
n01295	3	0.9286	n01830		16		true
n01296	3	0.9278	n01329 n03033		160		true
n01297	3	0.9278	n04488		121		true
n01298	3	0.9278	n03378		61		true
n01299	5	0.9263	n00136		58		true
n01300	4	0.9263	n05092 n05291		19		true
n01301	3	0.9263	n00724		17		true
n01302	3	0.9255	n04566		31		true
n01303	3	0.9250	n00923		57		true
n01304	154	0.9200	n03560 n03954	n02143 n04349 n04419 n04877	1246		true
n01305	30	0.9200	n02971	n01316 n01687	90		true
n01306	30	0.9200	n04696	n03961 n05101	1780		true
n01307	28	0.9200	n04344	n02522 n03194	285		true
n01308	28	0.9200	n04697	n00358 n04051	1708		true
n01309	27	0.9200	n02276	n03076 n03339 n03701	208		true
n01310	24	0.9200	n03568	n02873 n03708 n04619	215		true
n01311	21	0.9200	n02422 n03328	n01757 n04121	174		true
n01312	21	0.9200	n03330	n01212 n02527	154		true
n01313	21	0.9200	n03693 n05195	n00431 n05115 n05292	1050		true
n01314	18	0.9200	n00690	n00047 n00806 n05288	135		true
n01315	16	0.9200	n02279 n02869	n00050	202		true
n01316	16	0.9200	n01305 n03575	n01230 n02982	55		true
n01317	14	0.9200	n01080 n03640	n01763 n02618	103		true
n01318	15	0.9200	n02799 n05084	n01607 n03921 n05277	3190		true
n01319	13	0.9200	n03902	n00852	328		true
n01320	12	0.9200	n00028	n00177 n01728	12		true
n01321	13	0.9200	n03175 n04711	n00855 n02988	363		true
n01322	12	0.9200	n00952	n01775 n03748	287		true
n01323	10	0.9200	n03579 n04038	n01706 n02961	314		true
n01324	10	0.9200	n01682	n00495	53		true
n01325	12	0.9200	n01689	n02686	208		true
n01326	10	0.9200	n05017	n01345 n02554	142		true
n01327	10	0.9200	n01688 n03845	n05406	357		true
n01328	9	0.9200	n03954	n00228	66		true
n01329	8	0.9200	n02154	n01296	160		true
n01330	8	0.9200	n02000	n00466	75		true
n01331	8	0.9200	n03763 n04233 n04928	n01045	76		true
n01332	8	0.9200	n03096	n01245	242		true
n01333	8	0.9200	n02439 n03178 n04831	n00475 n03942	94		true
n01334	8	0.9200	n04991	n00648	416		true
n01335	8	0.9200	n00960	n01659	475		true
n01336	8	0.9200	n02221 n03785 n05270	n00773	800		true
n01337	8	0.9200	n02674	n01007	110		true
n01338	8	0.9200	n02832	n01579	331		true
n01339	7	0.9200	n00958	n01075 n01916	2		true
n01340	7	0.9200	n04041	n00326 n00664	323		true
n01341	7	0.9200	n02339	n00490	135		true
n01342	7	0.9200	n03128 n04065	n00665	132		true
n01343	7	0.9200	n03908 n05219		1836		true
n01344	7	0.9200	n00061		795		true
n01345	7	0.9200	n01326		88		true
n01346	6	0.9200	n02169 n03784		50		true
n01347	6	0.9200	n00082	n01746 n02274	72		true
n01348	6	0.9200	n04563	n02055	507		true
n01349	6	0.9200	n01696	n01078	70		true
n01350	6	0.9200	n00076		52		true
n01351	6	0.9200	n03421 n04302		1704		true
n01352	6	0.9200	n02616		104		true
n01353	6	0.9200	n05048		696		true
n01354	6	0.9200	n04543	n00333	32		true
n01355	5	0.9200	n03241		298		true
n01356	5	0.9200	n00127		781		true
n01357	5	0.9200	n03050 n04165		127		true
n01358	5	0.9200	n01965 n04251 n04954		19		true
n01359	5	0.9200	n01103		603		true
n01360	5	0.9200	n03543		34		true
n01361	5	0.9200	n02166 n03728		55		true
n01362	4	0.9200	n02398		44		true
n01363	4	0.9200	n02844		52		true
n01364	4	0.9200	n02551 n02621		179		true
n01365	4	0.9200	n05283		1876		true
n01366	4	0.9200	n03595 n03909		20		true
n01367	4	0.9200	n02853 n04978		13		true
n01368	4	0.9200	n05289		38		true
n01369	4	0.9200	n03136		85		true
n01370	4	0.9200	n03490 n04087		20		true
n01371	4	0.9200	n00865 n04983		140		true
n01372	4	0.9200	n03517 n04257		19		true
n01373	4	0.9200	n00431 n05292		488		true
n01374	4	0.9200	n01445 n03964		319		true
n01375	4	0.9200	n01872 n02307		65		true
n01376	4	0.9200	n02726		12		true
n01377	4	0.9200	n00982 n03203 n03885		223		true
n01378	4	0.9200	n02549 n03290		137		true
n01379	4	0.9200	n00160 n05077		68		true
n01380	4	0.9200	n01711 n03426 n04016		33		true
n01381	4	0.9200	n01457 n04780		27		true
n01382	4	0.9200	n02352 n03374		333		true
n01383	4	0.9200	n04689 n05296		390		true
n01384	4	0.9200	n03486		164		true
n01385	4	0.9200	n02335 n02777		29		true
n01386	4	0.9200	n02142		44		true
n01387	3	0.9200	n02720 n02957 n03231		45		true
n01388	3	0.9200	n00983 n03481		108		true
n01389	3	0.9200	n03202		57		true
n01390	3	0.9200	n02034 n04168		10		true
n01391	3	0.9200	n02692 n04015		241		true
n01392	3	0.9200	n01713 n03217		32		true
n01393	3	0.9200	n01630 n04028		27		true
n01394	3	0.9200	n03115		55		true
n01395	6	0.9192	n02079	n00335	24		true
n01396	4	0.9192	n04861		4		true
n01397	4	0.9192	n00424		176		true
n01398	4	0.9192	n01608 n05213		38		true
n01399	4	0.9192	n01592 n03440		38		true
n01400	4	0.9192	n02176		192		true
n01401	4	0.9192	n00127 n04019		976		true
n01402	4	0.9192	n02178 n04670		55		true
n01403	3	0.9192	n02723		29		true
n01404	3	0.9192	n02313 n05188		14		true
n01405	3	0.9192	n02790 n02985		8		true
n01406	3	0.9192	n02791 n04004		114		true
n01407	3	0.9192	n03063		18		true
n01408	3	0.9192	n03685 n05174		14		true
n01409	3	0.9192	n02643 n04325		40		true
n01410	4	0.9184	n02471 n05204		69		true
n01411	4	0.9184	n03622 n03809		282		true
n01412	4	0.9184	n00962		35		true
n01413	3	0.9184	n02507 n05187		18		true
n01414	3	0.9184	n00704 n03061		774		true
n01415	3	0.9175	n02514 n03730		65		true
n01416	3	0.9175	n00866		81		true
n01417	3	0.9175	n01899		463		true
n01418	5	0.9167	n01601		23		true
n01419	4	0.9167	n04395		414		true
n01420	3	0.9167	n00407		16		true
n01421	4	0.9158	n00174 n02966		76		true
n01422	4	0.9157	n00197		70		true
n01423	56	0.9100	n01590	n03264 n04035	476		true
n01424	39	0.9100	n02142	n00005 n05329	281		true
n01425	19	0.9100	n02799 n03954	n00077 n00151	218		true
n01426	15	0.9100	n03954	n04011 n04736	90		true
n01427	14	0.9100	n04286	n01630 n04028	87		true
n01428	13	0.9100	n00024	n02273 n02986	15		true
n01429	13	0.9100	n04813	n00189 n02180	283		true
n01430	12	0.9100	n03971 n04042	n02347 n02555	76		true
n01431	12	0.9100	n05354	n00155 n05170	320		true
n01432	13	0.9100	n04819	n00708 n04666	403		true
n01433	11	0.9100	n02980 n03835	n02309 n03801 n03821	145		true
n01434	11	0.9100	n00692	n05074	85		true
n01435	12	0.9100	n04453	n03041 n03804	78		true
n01436	10	0.9100	n00550	n01557 n04029	344		true
n01437	11	0.9100	n02608	n02908 n04328 n04563	757		true
n01438	10	0.9100	n04276	n01625	119		true
n01439	10	0.9100	n04224	n00429 n03685	88		true
n01440	10	0.9100	n01209	n04273 n05411	393		true
n01441	9	0.9100	n00361	n00602 n03158	228		true
n01442	9	0.9100	n03992	n01650 n03558	81		true
n01443	10	0.9100	n00552 n03582	n03245	137		true
n01444	9	0.9100	n02767 n04549	n00993	214		true
n01445	9	0.9100	n02366 n04737	n01374	385		true
n01446	9	0.9100	n02432 n03586	n00452	368		true
n01447	9	0.9100	n02663 n04724	n00454	170		true
n01448	9	0.9100	n02426 n02821	n00240	121		true
n01449	8	0.9100	n05119	n00906	140		true
n01450	9	0.9100	n02665 n02823	n02360 n03208	246		true
n01451	8	0.9100	n02436	n00761	59		true
n01452	8	0.9100	n00049	n01151	109		true
n01453	8	0.9100	n02142 n03183	n00479	78		true
n01454	7	0.9100	n02672		37		true
n01455	8	0.9100	n04130	n02270 n02515	322		true
n01456	7	0.9100	n02937	n01186	445		true
n01457	7	0.9100	n03848 n05269	n01381	32		true
n01458	7	0.9100	n00965 n03137	n01941	55		true
n01459	6	0.9100	n04747		27		true
n01460	6	0.9100	n00091		62		true
n01461	6	0.9100	n02170 n02889	n01860	114		true
n01462	5	0.9100	n00086 n04829		21		true
n01463	5	0.9100	n00972 n03712 n03800		24		true
n01464	5	0.9100	n03536 n05188 n05223 n05278		32		true
n01465	5	0.9100	n00860 n02394		196		true
n01466	5	0.9100	n01605		53		true
n01467	5	0.9100	n02021 n02299		128		true
n01468	5	0.9100	n03924		225		true
n01469	5	0.9100	n04606		34		true
n01470	4	0.9100	n04327		20		true
n01471	4	0.9100	n02098 n03423		30		true
n01472	4	0.9100	n02460 n04398		219		true
n01473	4	0.9100	n04069 n04275 n05298		29		true
n01474	4	0.9100	n02173 n04852		38		true
n01475	4	0.9100	n03585		320		true
n01476	4	0.9100	n02019		872		true
n01477	4	0.9100	n02799 n03112		70		true
n01478	4	0.9100	n02400 n03907		291		true
n01479	4	0.9100	n00868		128		true
n01480	4	0.9100	n02548 n02852		612		true
n01481	4	0.9100	n02959 n05275		50		true
n01482	4	0.9100	n03235		574		true
n01483	4	0.9100	n02294 n03427 n03663		132		true
n01484	4	0.9100	n03372		64		true
n01485	4	0.9100	n01829		54		true
n01486	4	0.9100	n00159		114		true
n01487	4	0.9100	n00160		29		true
n01488	4	0.9100	n04570		90		true
n01489	4	0.9100	n03045 n05385		32		true
n01490	4	0.9100	n01608 n03369		26		true
n01491	3	0.9100	n02824		13		true
n01492	3	0.9100	n02629 n03367		111		true
n01493	3	0.9100	n00605		129		true
n01494	3	0.9100	n01838		72		true
n01495	3	0.9100	n04586		27		true
n01496	3	0.9100	n02818 n04009		75		true
n01497	3	0.9100	n00870		41		true
n01498	3	0.9100	n02735 n05303		385		true
n01499	3	0.9100	n01561 n04405		153		true
n01500	6	0.9091	n04275		35		true
n01501	6	0.9091	n01612 n02934 n03541		273		true
n01502	5	0.9091	n02731 n04168		40		true
n01503	5	0.9091	n02696		97		true
n01504	3	0.9091	n03973 n05177		62		true
n01505	3	0.9091	n04672 n04965		33		true
n01506	3	0.9091	n02548 n03673		57		true
n01507	3	0.9091	n02951 n03730 n04177		21		true
n01508	3	0.9091	n01559		105		true
n01509	3	0.9091	n03311 n05294		12		true
n01510	5	0.9082	n00544		510		true
n01511	3	0.9082	n01971 n04498		51		true
n01512	3	0.9082	n01972 n04864		49		true
n01513	3	0.9082	n00744		17		true
n01514	3	0.9082	n01777		47		true
n01515	3	0.9082	n02309 n02583 n03801		29		true
n01516	3	0.9082	n01927 n03877		119		true
n01517	3	0.9072	n00400		1		true
n01518	3	0.9072	n02399 n03813		7		true
n01519	3	0.9072	n02035 n03480		110		true
n01520	3	0.9053	n03293		12		true
n01521	50	0.9000	n04692	n03324 n03520 n04431	2266		true
n01522	32	0.9000	n02594 n03215	n02328 n02651	1148		true
n01523	23	0.9000	n04040	n01115 n03512	182		true
n01524	16	0.9000	n03899 n04700	n03028	203		true
n01525	14	0.9000	n00949	n02688 n03850	213		true
n01526	14	0.9000	n03072	n04460	161		true
n01527	14	0.9000	n02657 n05093	n01229 n04327	88		true
n01528	14	0.9000	n03081	n02903 n04553	457		true
n01529	14	0.9000	n02703	n01699 n03658 n04316	53		true
n01530	13	0.9000	n02706	n00560 n02853	80		true
n01531	14	0.9000	n03903 n04200	n00122 n02470 n03989	1395		true
n01532	11	0.9000	n02799 n03954	n00422 n04331	26		true
n01533	12	0.9000	n00542	n02170	290		true
n01534	11	0.9000	n05112	n01969 n03433	97		true
n01535	10	0.9000	n04632	n00731 n02472	94		true
n01536	11	0.9000	n00692	n00235 n01987	120		true
n01537	10	0.9000		n03548	164		true
n01538	9	0.9000	n02000	n02411	136		true
n01539	8	0.9000	n03229 n04910 n05261	n00995 n01794	204		true
n01540	8	0.9000	n04286	n01164	41		true
n01541	10	0.9000	n00953	n00909 n04095	49		true
n01542	9	0.9000	n00074	n00265 n02052	593		true
n01543	8	0.9000	n02226		3101		true
n01544	8	0.9000	n02337	n01293 n03443	181		true
n01545	8	0.9000	n02383	n02134	128		true
n01546	7	0.9000	n05138	n00812 n01991	29		true
n01547	7	0.9000	n03023 n04275	n00300	98		true
n01548	7	0.9000	n02834 n03460 n04914	n01850	727		true
n01549	7	0.9000	n00075	n01021	81		true
n01550	7	0.9000	n04207	n01789 n01804	177		true
n01551	7	0.9000	n00387		197		true
n01552	7	0.9000	n03822 n04221	n01273	3239		true
n01553	7	0.9000	n00062 n05036	n01806	61		true
n01554	6	0.9000	n00067		40		true
n01555	6	0.9000	n00143		200		true
n01556	6	0.9000	n02993 n04801		74		true
n01557	6	0.9000	n01436 n03182		52		true
n01558	6	0.9000	n01086 n04157		23		true
n01559	6	0.9000	n03238 n03538	n01508	261		true
n01560	6	0.9000	n00561		42		true
n01561	6	0.9000	n00691	n01499	153		true
n01562	5	0.9000	n03644		103		true
n01563	5	0.9000	n04002 n04400		72		true
n01564	5	0.9000	n03862		66		true
n01565	5	0.9000	n02018 n02933		45		true
n01566	5	0.9000	n02700 n03641 n03701		21		true
n01567	5	0.9000	n03142 n04254		26		true
n01568	5	0.9000	n02899 n05145		1938		true
n01569	3	0.9000	n00600		43		true
n01570	3	0.9000	n02569 n03016		35		true
n01571	3	0.9000	n04263		22		true
n01572	3	0.9000	n02444 n03819		10		true
n01573	3	0.9000	n02638 n05393		139		true
n01574	3	0.9000	n02623 n02961		166		true
n01575	3	0.9000	n00612		1335		true
n01576	3	0.9000	n02542		302		true
n01577	3	0.9000	n02356 n03434		28		true
n01578	3	0.9000	n02467 n04646 n04946		77		true
n01579	5	0.8990	n01338		192		true
n01580	5	0.8990	n01756 n04724		171		true
n01581	5	0.8990	n01702		55		true
n01582	3	0.8990	n04973		35		true
n01583	3	0.8980	n02405		479		true
n01584	3	0.8980	n00224 n03627		28		true
n01585	3	0.8980	n01229 n03193 n04782		9		true
n01586	3	0.8969	n02697 n04160 n04964		167		true
n01587	3	0.8958	n03682		16		true
n01588	3	0.8953	n01710 n02308		487		true
n01589	3	0.8913	n02861		139		true
n01590	96	0.8900	n04275	n01423 n04421 n04989	1041		true
n01591	75	0.8900	n02700	n02591 n05081	281		true
n01592	39	0.8900	n03687	n01080 n01399	318		true
n01593	31	0.8900	n03959	n03829 n04610	1052		true
n01594	27	0.8900	n04995	n00707 n01882	112		true
n01595	20	0.8900	n04204	n02083 n02564 n04908	657		true
n01596	13	0.8900	n05349	n00418 n04012	142		true
n01597	14	0.8900	n04275	n00173 n03676	2946		true
n01598	14	0.8900	n05110	n00158 n03097 n04960	214		true
n01599	12	0.8900	n02285 n03023	n00198 n04588	2322		true
n01600	11	0.8900	n03711 n04447 n05007	n02115 n03196	109		true
n01601	11	0.8900	n00952	n01418 n01775	65		true
n01602	10	0.8900	n01088 n02155	n00589	114		true
n01603	10	0.8900	n04619	n00425	191		true
n01604	10	0.8900	n02704	n02786 n02962	240		true
n01605	10	0.8900	n00543	n01466 n01977	167		true
n01606	11	0.8900	n03282	n00474 n03886	354		true
n01607	10	0.8900	n01318 n05319	n00612 n01050	2670		true
n01608	10	0.8900	n02918 n04622	n01398 n01490	56		true
n01609	9	0.8900	n02434	n03819	67		true
n01610	10	0.8900	n03274	n01017 n03881	243		true
n01611	9	0.8900	n02709 n03015 n04438	n00224	110		true
n01612	9	0.8900	n00951 n04384	n01501 n03383	419		true
n01613	9	0.8900	n02974 n04232	n01780 n04181	2126		true
n01614	8	0.8900	n00558 n02566	n01716	98		true
n01615	8	0.8900	n01209	n00673	536		true
n01616	8	0.8900	n02385 n04213	n01864	40		true
n01617	8	0.8900	n02614	n01131	74		true
n01618	8	0.8900	n04547 n05230	n00276	108		true
n01619	8	0.8900	n02087	n01930	85		true
n01620	9	0.8900	n00064	n01651 n03749	744		true
n01621	7	0.8900	n01884 n04530	n01673	51		true
n01622	7	0.8900	n04154	n01172 n01723	29		true
n01623	7	0.8900	n04745	n01669	446		true
n01624	7	0.8900	n03351 n04379 n04814	n02266	2221		true
n01625	7	0.8900	n01438	n00643	78		true
n01626	7	0.8900	n02386 n04468	n00341	145		true
n01627	7	0.8900	n00099	n00487	116		true
n01628	7	0.8900	n03395	n01642 n02137	123		true
n01629	7	0.8900	n00852		322		true
n01630	7	0.8900	n01427	n01393	63		true
n01631	6	0.8900	n02537 n05352		22		true
n01632	6	0.8900	n02567	n00519	106		true
n01633	6	0.8900	n00033		186		true
n01634	6	0.8900	n03531	n01288	168		true
n01635	6	0.8900	n01809 n03135		100		true
n01636	6	0.8900	n02830		84		true
n01637	7	0.8900	n04385	n00806	111		true
n01638	5	0.8900	n02729 n03221		110		true
n01639	5	0.8900	n03824		291		true
n01640	5	0.8900	n03544 n05129		434		true
n01641	5	0.8900	n03198		561		true
n01642	3	0.8900	n01628 n04176		10		true
n01643	3	0.8900	n02956 n04454 n05079		11		true
n01644	3	0.8900	n04976		17		true
n01645	3	0.8900	n02506 n03060 n03350		67		true
n01646	3	0.8900	n03432 n04223		56		true
n01647	3	0.8900	n04413		139		true
n01648	3	0.8900	n03254		24		true
n01649	5	0.8889			28		true
n01650	5	0.8889	n01442		44		true
n01651	5	0.8889	n01620		744		true
n01652	3	0.8889	n02995 n03251 n03803		55		true
n01653	3	0.8889	n04577 n04688		50		true
n01654	3	0.8889	n00124		444		true
n01655	3	0.8889	n00658 n04418		33		true
n01656	3	0.8889	n02734 n04587		105		true
n01657	3	0.8889	n00706 n03932		19		true
n01658	3	0.8889	n02316 n05404		61		true
n01659	3	0.8889	n01335 n02100 n04589		384		true
n01660	3	0.8889	n02179		69		true
n01661	5	0.8878	n02488		67		true
n01662	3	0.8878	n03493 n04489		68		true
n01663	3	0.8878	n03882 n04268		72		true
n01664	3	0.8878	n01235		110		true
n01665	3	0.8878	n03614		17		true
n01666	3	0.8878	n03868 n04325		16		true
n01667	3	0.8866	n02559 n03143		28		true
n01668	3	0.8866	n00166		20		true
n01669	3	0.8866	n01623 n04781		261		true
n01670	3	0.8854	n05110		8		true
n01671	3	0.8854	n00748		17		true
n01672	3	0.8854	n01823 n02846 n04833 n04862		72		true
n01673	3	0.8830	n01621		11		true
n01674	3	0.8817	n00606 n05155		15		true
n01675	43	0.8800	n02592	n03121 n03168	535		true
n01676	38	0.8800	n02750	n00010 n00023	45		true
n01677	25	0.8800	n04348	n01953 n04047	1354		true
n01678	24	0.8800	n04340	n02758 n03853	294		true
n01679	23	0.8800	n02917 n04600 n04890	n02599 n04148	209		true
n01680	21	0.8800	n02372	n02762 n04902	239		true
n01681	21	0.8800	n04430	n02658 n03175	366		true
n01682	19	0.8800	n03327 n04109	n01324 n04630	101		true
n01683	18	0.8800	n00536	n00052 n01261	341		true
n01684	17	0.8800	n01810	n02626 n04451 n05372	340		true
n01685	16	0.8800	n01807 n03075 n03221	n02088 n03712	48		true
n01686	15	0.8800	n01942	n00382	132		true
n01687	15	0.8800	n01305 n04049	n02731 n03723 n04168	78		true
n01688	15	0.8800	n03764 n04797	n01327 n03354	380		true
n01689	15	0.8800	n01085 n02763	n01325	221		true
n01690	12	0.8800	n04363	n00110	120		true
n01691	11	0.8800	n02487	n00860 n02394 n03943	479		true
n01692	11	0.8800	n00046	n04271 n04497	63		true
n01693	10	0.8800	n00047	n03887	43		true
n01694	10	0.8800	n03130 n04275 n04285	n00737	227		true
n01695	10	0.8800	n00032	n00898 n01256	192		true
n01696	10	0.8800	n03124 n04061	n01349	221		true
n01697	10	0.8800	n02822 n03025 n03641	n00872 n02239	126		true
n01698	9	0.8800	n00693	n00997	74		true
n01699	9	0.8800	n01529	n02464	19		true
n01700	8	0.8800	n00553	n01799	113		true
n01701	8	0.8800	n03980 n04518	n00918	329		true
n01702	8	0.8800	n05209	n01581	58		true
n01703	7	0.8800	n04124	n01065	64		true
n01704	7	0.8800	n01814 n04238	n02252	96		true
n01705	7	0.8800	n02999 n05357	n01284	2591		true
n01706	7	0.8800	n01323 n04643		269		true
n01707	7	0.8800	n00386		33		true
n01708	7	0.8800	n04145		37		true
n01709	8	0.8800	n03587 n03658	n03886	53		true
n01710	7	0.8800	n02437	n01588	1027		true
n01711	8	0.8800	n01094 n04380	n01380	49		true
n01712	6	0.8800	n02574 n02989	n01294	78		true
n01713	6	0.8800	n02617 n03071	n01392	97		true
n01714	6	0.8800	n03793	n02118	302		true
n01715	6	0.8800	n03721	n00829	201		true
n01716	5	0.8800	n01614		98		true
n01717	5	0.8800	n03165		30		true
n01718	5	0.8800	n01762 n03838		288		true
n01719	5	0.8800	n01763 n04764		17		true
n01720	5	0.8800	n03855		78		true
n01721	5	0.8800	n02882 n03481		69		true
n01722	5	0.8800	n03038 n04827 n05105 n05282		1948		true
n01723	3	0.8800	n01622 n04267 n04687		14		true
n01724	3	0.8800	n02585		96		true
n01725	3	0.8800	n03052 n05259		65		true
n01726	3	0.8800	n01896		45		true
n01727	3	0.8800	n03155		28		true
n01728	3	0.8795	n01320 n03724		7		true
n01729	7	0.8788	n00698	n00498	71		true
n01730	3	0.8788	n03117		59		true
n01731	3	0.8788	n00000 n00989		33		true
n01732	3	0.8788	n02641 n04013		42		true
n01733	3	0.8788	n03154		42		true
n01734	3	0.8788	n00611		19		true
n01735	3	0.8778	n04053 n04175 n04379		1126		true
n01736	3	0.8776	n02243		29		true
n01737	3	0.8776	n02848 n02870 n04773		210		true
n01738	3	0.8776	n02636		70		true
n01739	3	0.8776	n00155 n03954		32		true
n01740	3	0.8776	n02963		377		true
n01741	3	0.8763	n03204		28		true
n01742	3	0.8750	n00439		107		true
n01743	3	0.8750	n00987 n04783		198		true
n01744	3	0.8750	n01236		45		true
n01745	3	0.8750	n03478 n05181		49		true
n01746	3	0.8737	n01347 n02912		16		true
n01747	3	0.8723	n03207		7		true
n01748	73	0.8700	n02916	n01893 n02476 n04412 n05339	801		true
n01749	56	0.8700	n02559	n02649 n05273	219		true
n01750	32	0.8700	n03265 n05198	n02530 n05204	620		true
n01751	29	0.8700	n02145 n04992	n02486 n02563	233		true
n01752	25	0.8700	n03690	n02158 n04363	221		true
n01753	18	0.8700	n02427	n03178 n04831	192		true
n01754	16	0.8700	n00362	n02664	879		true
n01755	16	0.8700	n03271	n00552 n03582	210		true
n01756	15	0.8700	n02563	n00102 n01580	204		true
n01757	13	0.8700	n01311	n03549 n04841	174		true
n01758	12	0.8700	n00950	n00234 n00518	570		true
n01759	11	0.8700	n00548	n00131	11		true
n01760	11	0.8700	n04991	n00628	65		true
n01761	10	0.8700	n03228 n03349	n00416 n02265	147		true
n01762	9	0.8700	n03072	n01281 n01718	554		true
n01763	9	0.8700	n01317	n01719	49		true
n01764	9	0.8700	n03828 n05251	n01276 n02272	420		true
n01765	8	0.8700	n00067		40		true
n01766	8	0.8700	n02142	n02370	389		true
n01767	8	0.8700	n04230 n05038	n01150	672		true
n01768	8	0.8700	n00037		593		true
n01769	7	0.8700	n00553	n01799 n02196	91		true
n01770	7	0.8700	n04461		236		true
n01771	7	0.8700	n00377		71		true
n01772	7	0.8700	n00096 n03585	n02204	179		true
n01773	7	0.8700	n03127		175		true
n01774	7	0.8700	n02765		3387		true
n01775	7	0.8700	n01322 n01601		55		true
n01776	6	0.8700	n02710 n03647	n01181	30		true
n01777	6	0.8700	n04062	n01514	54		true
n01778	6	0.8700	n03791		381		true
n01779	6	0.8700	n02227		137		true
n01780	6	0.8700	n01613	n02060	1065		true
n01781	5	0.8700	n02142		378		true
n01782	5	0.8700	n04932		112		true
n01783	5	0.8700	n04235		45		true
n01784	5	0.8700	n02991 n05167		36		true
n01785	3	0.8700	n02844		39		true
n01786	3	0.8700	n02333 n02848		50		true
n01787	3	0.8700	n00701		12		true
n01788	3	0.8700	n01841		111		true
n01789	3	0.8700	n01550		151		true
n01790	3	0.8700	n02230 n05413		178		true
n01791	5	0.8687	n01100		54		true
n01792	5	0.8687	n00119		38		true
n01793	5	0.8687	n03748		287		true
n01794	3	0.8687	n01539 n02729		204		true
n01795	3	0.8687	n02680		10		true
n01796	3	0.8687	n02465 n03738		87		true
n01797	5	0.8673	n03725		18		true
n01798	3	0.8673	n03617 n05279		29		true
n01799	3	0.8673	n01700 n01769		56		true
n01800	3	0.8673	n00170		239		true
n01801	3	0.8673	n02107		94		true
n01802	3	0.8657	n01101 n05254		11		true
n01803	3	0.8654	n00412		31		true
n01804	3	0.8652	n01550		36		true
n01805	3	0.8646	n00428		126		true
n01806	3	0.8632	n01553 n03620		8		true
n01807	29	0.8600	n02701 n02750	n00130 n01685	140		true
n01808	27	0.8600	n02650	n02087 n04899 n05388	204		true
n01809	21	0.8600	n03893	n01635 n02081	193		true
n01810	21	0.8600	n03570	n01684 n03577	538		true
n01811	21	0.8600	n02973 n04343	n02330 n03778	86		true
n01812	20	0.8600		n01213 n02367 n04533	238		true
n01813	18	0.8600	n00838	n01209	603		true
n01814	14	0.8600	n03513 n05090	n01704 n02401 n03856 n04324	132		true
n01815	14	0.8600	n03123 n04903	n00965 n03137	70		true
n01816	13	0.8600	n04352	n00408 n01907	118		true
n01817	12	0.8600	n00011	n01225	110		true
n01818	12	0.8600	n00358 n04051	n01220 n02743	1494		true
n01819	12	0.8600	n02525	n01119 n03678	125		true
n01820	11	0.8600	n01874	n02305 n03012	2410		true
n01821	11	0.8600	n04802	n01104	85		true
n01822	11	0.8600	n02932 n03978 n05104	n00781 n04335	332		true
n01823	10	0.8600	n02286	n01672	291		true
n01824	10	0.8600	n03281	n04503	69		true
n01825	10	0.8600	n01213 n02609	n01120	212		true
n01826	9	0.8600	n04275	n00461	202		true
n01827	9	0.8600	n00059	n00212	11		true
n01828	9	0.8600	n02799 n03954	n00667	128		true
n01829	9	0.8600	n02158	n00636 n01485	142		true
n01830	8	0.8600	n00080	n01295 n02271	50		true
n01831	8	0.8600	n03969 n04368 n05135	n00896	237		true
n01832	8	0.8600	n03763 n04832	n00492	230		true
n01833	8	0.8600	n02939	n00826 n03065	95		true
n01834	7	0.8600	n05151	n00496	35		true
n01835	6	0.8600	n03976	n01268	367		true
n01836	6	0.8600	n02655 n03858		36		true
n01837	6	0.8600	n01215 n05385	n02205	92		true
n01838	6	0.8600	n00699 n04652	n01494	194		true
n01839	6	0.8600	n01956 n05260		52		true
n01840	6	0.8600	n02762 n03469		22		true
n01841	6	0.8600	n02704	n01788	186		true
n01842	6	0.8600	n00970		47		true
n01843	5	0.8600	n02426 n02821		66		true
n01844	5	0.8600	n02142 n04562		40		true
n01845	5	0.8600	n03285 n04657		57		true
n01846	5	0.8600	n05122		50		true
n01847	5	0.8600	n03997 n04204 n04355		76		true
n01848	5	0.8600	n02577		49		true
n01849	5	0.8600	n04649 n04855		124		true
n01850	3	0.8600	n01548 n03537 n03948		215		true
n01851	3	0.8600	n02851		27		true
n01852	3	0.8600	n01975 n03841 n04437		19		true
n01853	3	0.8600	n02242 n04482 n05241		17		true
n01854	3	0.8600	n05190		19		true
n01855	3	0.8600	n04412 n05233 n05339		11		true
n01856	3	0.8600	n04270		869		true
n01857	3	0.8600	n01228		69		true
n01858	6	0.8586	n00957	n00674	45		true
n01859	3	0.8586	n02793 n04784		13		true
n01860	3	0.8586	n01461		66		true
n01861	3	0.8586	n02357 n02912		29		true
n01862	3	0.8571	n03676 n05050		1216		true
n01863	3	0.8554	n02393 n03837		17		true
n01864	3	0.8542	n01616 n01900		17		true
n01865	3	0.8542	n02697 n03616		143		true
n01866	3	0.8539	n00199 n05106		253		true
n01867	3	0.8526	n02461 n03310		72		true
n01868	3	0.8523	n00720 n03952		142		true
n01869	3	0.8519	n02175 n03304 n04746		15		true
n01870	3	0.8514	n00657		55		true
n01871	109	0.8500	n02799 n03954	n03751 n04701	853		true
n01872	39	0.8500	n00356	n00835 n01375 n03628	501		true
n01873	38	0.8500	n04417	n03329 n05008	423		true
n01874	33	0.8500	n04197	n01820 n03754	2670		true
n01875	32	0.8500	n00004	n03446 n04531	368		true
n01876	31	0.8500	n02919	n03017 n03702	2016		true
n01877	26	0.8500	n02651	n00540 n03189	443		true
n01878	26	0.8500	n02870	n02657 n05093	140		true
n01879	24	0.8500	n02278 n03322	n02660 n04837	337		true
n01880	19	0.8500	n03757 n04340	n00065 n03201	274		true
n01881	17	0.8500	n05214	n00071 n00659	73		true
n01882	17	0.8500	n01594	n00043	91		true
n01883	13	0.8500	n01086 n05218	n00388	29		true
n01884	12	0.8500	n03972	n01621 n04400	113		true
n01885	13	0.8500	n03223	n00185 n02910	55		true
n01886	11	0.8500	n02707	n01126 n03796	160		true
n01887	12	0.8500	n04449 n04450	n01027 n04477	74		true
n01888	10	0.8500	n04372	n00801 n01001	257		true
n01889	10	0.8500	n01212	n00926	125		true
n01890	10	0.8500	n03846	n00911 n01287	1352		true
n01891	9	0.8500	n05365	n00614 n05065	27		true
n01892	9	0.8500	n00062		93		true
n01893	8	0.8500	n01748 n02607	n03558	104		true
n01894	8	0.8500	n05130	n00284	27		true
n01895	8	0.8500	n05158	n01259	92		true
n01896	7	0.8500	n03897	n01726	149		true
n01897	7	0.8500	n00959 n02831	n00497	168		true
n01898	7	0.8500	n05387		195		true
n01899	6	0.8500	n03140 n03290 n04543	n01417	463		true
n01900	6	0.8500	n02385 n04213	n01864	28		true
n01901	6	0.8500	n03392 n04147	n00816	37		true
n01902	6	0.8500	n03851		226		true
n01903	6	0.8500	n00849	n01189	53		true
n01904	6	0.8500	n04252		58		true
n01905	6	0.8500	n03455 n03596	n02061	84		true
n01906	5	0.8500	n04598 n04766		504		true
n01907	5	0.8500	n01816 n03975		112		true
n01908	5	0.8500	n02546 n02619		82		true
n01909	5	0.8500	n02356		55		true
n01910	3	0.8500	n04184		202		true
n01911	3	0.8500	n04940		161		true
n01912	3	0.8500	n02028 n04171 n04734		11		true
n01913	3	0.8500	n03789 n05069		43		true
n01914	3	0.8500	n03421 n03436		661		true
n01915	3	0.8500	n03013		1026		true
n01916	3	0.8495	n01339		1		true
n01917	3	0.8495	n02770		535		true
n01918	3	0.8488	n02321		7		true
n01919	5	0.8485	n02947 n04444		30		true
n01920	5	0.8485	n04077 n05236		330		true
n01921	3	0.8485	n02347 n02555		19		true
n01922	3	0.8485	n02005 n03869		59		true
n01923	3	0.8485	n03737		30		true
n01924	3	0.8485	n02947 n03679		31		true
n01925	3	0.8485	n02100		15		true
n01926	3	0.8485	n03377 n05415		611		true
n01927	6	0.8469	n00399 n02543	n01516	190		true
n01928	3	0.8469	n02544		6		true
n01929	3	0.8469	n02911 n04250 n04568		456		true
n01930	3	0.8469	n01619 n02742		85		true
n01931	6	0.8454	n03406		24		true
n01932	5	0.8454	n00148		362		true
n01933	3	0.8454	n04095 n05307		23		true
n01934	3	0.8454	n00843		72		true
n01935	3	0.8454	n03305 n04492		10		true
n01936	3	0.8454	n00194 n04414		88		true
n01937	3	0.8454	n03159 n04807		81		true
n01938	3	0.8438	n00607		139		true
n01939	3	0.8434	n00187		43		true
n01940	3	0.8421	n00105		8		true
n01941	3	0.8421	n01458 n03740		26		true
n01942	45	0.8400	n03117	n01686 n04696	1790		true
n01943	35	0.8400	n02801	n04038 n04425	652		true
n01944	31	0.8400	n03068	n02211 n05003	166		true
n01945	27	0.8400	n04884	n04430 n04711	375		true
n01946	24	0.8400	n02142	n00269 n03759	179		true
n01947	23	0.8400	n04202	n03453 n04078	377		true
n01948	23	0.8400	n04691	n00040 n00566	352		true
n01949	18	0.8400	n03695	n02565 n03493 n03768	96		true
n01950	17	0.8400	n02969	n00957 n02680	115		true
n01951	17	0.8400	n04275	n00049 n02577	171		true
n01952	15	0.8400	n04621	n02678 n03924	241		true
n01953	13	0.8400	n01677 n04297	n00196 n00762	1307		true
n01954	11	0.8400	n02429	n00869 n03202	233		true
n01955	11	0.8400	n04132	n00728 n02101	71		true
n01956	10	0.8400	n02081 n04635	n01839 n03149	113		true
n01957	10	0.8400	n02982	n01112 n04863	51		true
n01958	10	0.8400	n04916	n03606	370		true
n01959	10	0.8400	n05348	n00459	72		true
n01960	10	0.8400	n04919	n00510 n03675	80		true
n01961	10	0.8400	n04303 n04305	n02739	1546		true
n01962	9	0.8400	n02142	n00611	47		true
n01963	8	0.8400	n02532 n05254	n01241	56		true
n01964	8	0.8400	n02533	n00511	79		true
n01965	8	0.8400	n02774	n01358	28		true
n01966	8	0.8400	n05238	n01030	79		true
n01967	8	0.8400	n04799 n05382	n02913	85		true
n01968	7	0.8400	n04315	n00783	43		true
n01969	7	0.8400	n01534	n00351	60		true
n01970	7	0.8400	n03277 n03853	n01167 n02191	103		true
n01971	6	0.8400	n00089	n01511	114		true
n01972	6	0.8400	n05371	n01512	1278		true
n01973	6	0.8400	n05143		1712		true
n01974	6	0.8400	n00155		320		true
n01975	6	0.8400	n02382	n01852	30		true
n01976	6	0.8400	n03482	n01996	342		true
n01977	5	0.8400	n01605 n02938		141		true
n01978	3	0.8400	n02855 n04394		314		true
n01979	3	0.8400	n05068		10		true
n01980	3	0.8400	n02906 n04936 n04953		23		true
n01981	3	0.8400	n02236 n03720 n04682		222		true
n01982	3	0.8400	n03998		98		true
n01983	3	0.8400	n00442		85		true
n01984	3	0.8400	n02498 n03028		38		true
n01985	3	0.8387	n02094 n05249		25		true
n01986	3	0.8387	n00715 n03732		655		true
n01987	5	0.8384	n01536 n05074		52		true
n01988	5	0.8384	n03533		50		true
n01989	3	0.8384	n00977 n05286		77		true
n01990	3	0.8384	n01230 n04863		13		true
n01991	3	0.8370	n01546		3		true
n01992	3	0.8367	n02103 n03303 n03717 n04480		22		true
n01993	3	0.8367	n02391		196		true
n01994	3	0.8351	n01224 n03308		20		true
n01995	3	0.8333	n03427 n04911		29		true
n01996	3	0.8316	n01976 n02553 n04330		188		true
n01997	38	0.8300	n02803	n02151 n03338	246		true
n01998	35	0.8300	n02520	n02558 n02994 n05087	603		true
n01999	23	0.8300	n04509 n05203	n02532 n03834	212		true
n02000	17	0.8300	n02142	n01330 n01538	180		true
n02001	16	0.8300	n04112 n04601	n02222 n02459	105		true
n02002	16	0.8300	n02212	n00959 n02831 n05161	781		true
n02003	16	0.8300	n00539	n02388 n02905 n05064	150		true
n02004	15	0.8300	n03225 n04897	n00064	744		true
n02005	13	0.8300	n04441	n01922 n02307	197		true
n02006	13	0.8300	n02815 n03830	n00565 n00907	223		true
n02007	12	0.8300	n00541	n00154	320		true
n02008	12	0.8300	n00544	n00127 n04019	976		true
n02009	12	0.8300	n02209	n02313 n05188 n05278	64		true
n02010	13	0.8300	n00546	n02232 n02725	541		true
n02011	11	0.8300	n02799 n03954	n00976 n02451	334		true
n02012	12	0.8300	n02873 n03708	n01224 n03308	76		true
n02013	10	0.8300	n02799 n03954	n00277	127		true
n02014	10	0.8300	n02336 n04109	n00725 n02194	113		true
n02015	10	0.8300	n02669	n00233	207		true
n02016	10	0.8300	n00695	n03431	67		true
n02017	10	0.8300	n04125	n00825 n00865	250		true
n02018	9	0.8300	n00026	n01565	55		true
n02019	10	0.8300	n03032	n01476 n02909	2254		true
n02020	9	0.8300	n04627	n00631	66		true
n02021	9	0.8300	n00364	n01467	128		true
n02022	9	0.8300	n02765	n00456	2172		true
n02023	10	0.8300	n02329 n04231	n03372	64		true
n02024	9	0.8300	n00695	n03684	118		true
n02025	8	0.8300	n01210		65		true
n02026	8	0.8300	n03406	n01018	279		true
n02027	7	0.8300	n03777	n01143	18		true
n02028	7	0.8300	n02833	n01912	63		true
n02029	7	0.8300	n00370		97		true
n02030	7	0.8300	n04815	n02258	146		true
n02031	7	0.8300	n03913	n00687	131		true
n02032	7	0.8300	n00060	n01283	180		true
n02033	7	0.8300	n00057	n01062	104		true
n02034	7	0.8300	n03723	n01390	18		true
n02035	6	0.8300	n04826	n01519	850		true
n02036	6	0.8300	n05390		385		true
n02037	6	0.8300	n02696		313		true
n02038	6	0.8300	n02603	n00349	43		true
n02039	5	0.8300	n03581		24		true
n02040	5	0.8300	n03367 n04396		109		true
n02041	5	0.8300	n00698		64		true
n02042	5	0.8300	n02627 n03670		970		true
n02043	5	0.8300	n05287		77		true
n02044	5	0.8300	n04947 n05044		73		true
n02045	3	0.8300	n02880 n03805 n04406 n04776		191		true
n02046	3	0.8300	n03726		18		true
n02047	3	0.8300	n05075		27		true
n02048	3	0.8300	n04409 n04494		13		true
n02049	3	0.8300	n00735		19		true
n02050	3	0.8300	n03209 n05370		15		true
n02051	3	0.8300	n04683		129		true
n02052	3	0.8300	n01542 n04684		542		true
n02053	3	0.8300	n05417		94		true
n02054	3	0.8298	n01233 n04561		20		true
n02055	3	0.8283	n01348 n02407		138		true
n02056	3	0.8283	n03376 n04370		40		true
n02057	3	0.8283	n03249		40		true
n02058	3	0.8283	n04648		18		true
n02059	3	0.8283	n02352 n04389		642		true
n02060	3	0.8283	n01780		537		true
n02061	3	0.8283	n01905		34		true
n02062	3	0.8265	n00088 n04574		33		true
n02063	3	0.8265	n02637 n03194		14		true
n02064	3	0.8265	n04767		181		true
n02065	3	0.8265	n02119		29		true
n02066	3	0.8265	n03206		230		true
n02067	3	0.8247	n04179		11		true
n02068	3	0.8247	n02102 n03603 n04759		26		true
n02069	3	0.8235	n00880		102		true
n02070	3	0.8211	n00583		14		true
n02071	3	0.8211	n03250 n04575 n05148		34		true
n02072	43	0.8200	n04103 n04595	n03506 n04293	128		true
n02073	25	0.8200	n01199 n04994	n02598 n05353	776		true
n02074	24	0.8200	n05202	n02333 n04432	54		true
n02075	24	0.8200	n02751 n04520	n02377 n03700	476		true
n02076	22	0.8200	n05088 n05197	n02078 n02535	258		true
n02077	18	0.8200	n02808	n00081 n00427	209		true
n02078	18	0.8200	n02076	n02529	208		true
n02079	17	0.8200	n04206 n05211	n00384 n01395	163		true
n02080	15	0.8200	n02325 n04117	n02230 n02684	1302		true
n02081	14	0.8200	n01809 n04442	n01956 n05260	113		true
n02082	12	0.8200	n00033	n00111 n03817	292		true
n02083	13	0.8200	n01595	n02683 n03141	657		true
n02084	12	0.8200	n00037	n02696	363		true
n02085	12	0.8200	n00365	n00428	414		true
n02086	11	0.8200	n03178	n00475 n03146	179		true
n02087	11	0.8200	n01808 n04538	n01619 n02742	86		true
n02088	11	0.8200	n01685	n00972 n03800	38		true
n02089	10	0.8200	n05335	n03622	307		true
n02090	10	0.8200	n03831	n00985	159		true
n02091	9	0.8200	n00545	n00216	45		true
n02092	9	0.8200	n05123	n00607	185		true
n02093	8	0.8200	n02753 n04544	n00473	65		true
n02094	8	0.8200	n02597	n01985	96		true
n02095	7	0.8200	n04134	n00296	45		true
n02096	7	0.8200	n02366		123		true
n02097	7	0.8200	n02766 n04311		94		true
n02098	7	0.8200		n01471	71		true
n02099	8	0.8200	n02619 n04057	n04504	116		true
n02100	7	0.8200	n00960	n01659 n01925	479		true
n02101	7	0.8200	n01955 n04631	n00810	69		true
n02102	7	0.8200	n04308 n04913	n02068	116		true
n02103	6	0.8200	n04654 n05023	n01992	54		true
n02104	6	0.8200	n01101		105		true
n02105	6	0.8200	n02573		25		true
n02106	6	0.8200	n00388		23		true
n02107	6	0.8200	n02301 n04001	n01801	139		true
n02108	5	0.8200	n03295 n04243		108		true
n02109	5	0.8200	n04160		63		true
n02110	5	0.8200	n02447		707		true
n02111	5	0.8200	n02337		61		true
n02112	3	0.8200	n02728 n03091		29		true
n02113	3	0.8200	n04086		405		true
n02114	3	0.8200	n03010 n03927		38		true
n02115	3	0.8200	n01600		25		true
n02116	3	0.8200	n05285 n05393		88		true
n02117	3	0.8200	n04981		16		true
n02118	3	0.8200	n01714 n04493		43		true
n02119	7	0.8182	n03529	n02065	29		true
n02120	3	0.8182	n02404 n04668		673		true
n02121	3	0.8182	n04273 n05411		84		true
n02122	3	0.8182	n03675 n04620		74		true
n02123	3	0.8182	n03721		498		true
n02124	3	0.8182	n03674 n04006		13		true
n02125	3	0.8182	n02896 n04089 n05076		18		true
n02126	3	0.8182	n03148 n03806 n03924		23		true
n02127	3	0.8182	n03940		30		true
n02128	3	0.8171	n03066 n03946		23		true
n02129	3	0.8163	n00392		136		true
n02130	3	0.8163	n00872 n03852 n04485		98		true
n02131	3	0.8163	n00458 n03313		71		true
n02132	3	0.8144	n03384 n04829		98		true
n02133	3	0.8144	n00860 n03943		195		true
n02134	3	0.8144	n01545 n03209		107		true
n02135	3	0.8125	n04178		31		true
n02136	3	0.8125	n02358 n02503		41		true
n02137	3	0.8125	n01628		123		true
n02138	3	0.8108	n00738		23		true
n02139	3	0.8105	n02466		12		true
n02140	3	0.8105	n04067 n05191		12		true
n02141	3	0.8105	n03318		30		true
n02142	1512	0.8100		n00004 n00219 n00413 n00739 n00900 n00961 n01089 n01386 n01424 n01453 n01766 n01781 n01844 n01946 n01962 n02000 n02218 n02261 n02301 n02303 n02337 n02390 n02604 n02620 n02632 n02735 n02765 n02788 n02834 n02883 n02914 n02995 n03111 n03235 n03249 n03251 n03278 n03317 n03334 n03396 n03432 n03439 n03462 n03465 n03473 n03540 n03632 n03634 n03646 n03655 n03666 n03706 n03773 n03803 n03815 n03816 n03849 n03854 n03873 n03913 n03936 n04001 n04018 n04060 n04106 n04136 n04198 n04201 n04210 n04262 n04267 n04286 n04299 n04320 n04342 n04358 n04360 n04370 n04376 n04401 n04407 n04437 n04439 n04455 n04457 n04461 n04471 n04506 n04510 n04534 n04541 n04570 n04600 n04623 n04646 n04660 n04673 n04680 n04750 n04751 n04759 n04797 n04845 n04855 n04914 n04937 n04968 n04974 n05022 n05038 n05059 n05063 n05091 n05152 n05153 n05177 n05197 n05222 n05238 n05245 n05247 n05262 n05271 n05287 n05305 n05316 n05346 n05356 n05386	7685		true
n02143	87	0.8100	n01304	n03624 n05313	1220		true
n02144	59	0.8100	n04194	n04277 n04507	934		true
n02145	43	0.8100	n04593 n05314	n00055 n01751	275		true
n02146	32	0.8100	n02865	n02147 n02712	340		true
n02147	28	0.8100	n02146	n03330 n05343	329		true
n02148	25	0.8100	n00689	n04434 n05096	824		true
n02149	21	0.8100	n03751 n04701	n02385 n04213	125		true
n02150	18	0.8100	n04275	n00044 n04652	453		true
n02151	17	0.8100	n01997 n03573	n04054 n04939	48		true
n02152	16	0.8100	n02872 n03389	n00848 n02418 n03534	233		true
n02153	16	0.8100	n04900	n03350 n04392	999		true
n02154	15	0.8100	n03117 n03755	n01329 n03033	185		true
n02155	14	0.8100	n03338	n01602 n04849	160		true
n02156	14	0.8100		n00697 n01272	220		true
n02157	14	0.8100	n02660	n00399 n02543	212		true
n02158	14	0.8100	n01752	n01829 n02728	162		true
n02159	15	0.8100	n02604	n04247 n04469	301		true
n02160	12	0.8100	n04446	n04395	489		true
n02161	12	0.8100	n04052	n03362	111		true
n02162	11	0.8100	n03268	n00570 n05392	225		true
n02163	11	0.8100	n03649	n02356	88		true
n02164	10	0.8100	n00032	n02950	151		true
n02165	10	0.8100	n03954 n04444	n00582	98		true
n02166	10	0.8100	n05246	n01361 n02475	112		true
n02167	9	0.8100	n03462	n01118	74		true
n02168	9	0.8100	n04641	n00897	42		true
n02169	9	0.8100	n02379	n01346	220		true
n02170	9	0.8100	n01533	n01461 n03153	140		true
n02171	9	0.8100	n04036 n04291	n01262	636		true
n02172	8	0.8100	n04136	n00489	95		true
n02173	8	0.8100	n03470 n05004	n01474	226		true
n02174	7	0.8100	n02613	n01168	119		true
n02175	7	0.8100	n03911 n04275	n01869	48		true
n02176	7	0.8100	n04519	n01400	192		true
n02177	7	0.8100	n02571	n00914	84		true
n02178	7	0.8100	n03913	n01402	91		true
n02179	7	0.8100	n04046 n04318	n01660	114		true
n02180	6	0.8100	n01429		118		true
n02181	6	0.8100	n03661		128		true
n02182	5	0.8100	n04756		273		true
n02183	5	0.8100	n05149		440		true
n02184	5	0.8100	n03857 n04558		1161		true
n02185	5	0.8100	n00125		97		true
n02186	3	0.8100	n02942 n04476		87		true
n02187	3	0.8100	n03995 n05302		11		true
n02188	3	0.8100	n02458		70		true
n02189	3	0.8100	n02799 n03954		27		true
n02190	3	0.8100	n03612		23		true
n02191	3	0.8100	n01970 n03734		103		true
n02192	3	0.8085	n00590		25		true
n02193	3	0.8085	n00584 n04945		50		true
n02194	5	0.8081	n02014		28		true
n02195	5	0.8081	n02351		33		true
n02196	3	0.8081	n01769 n03547		88		true
n02197	3	0.8081	n03057 n05145		374		true
n02198	3	0.8081	n04873		29		true
n02199	3	0.8077	n02225 n05180		160		true
n02200	3	0.8043	n02859 n02963 n03116		292		true
n02201	3	0.8041	n04948		1		true
n02202	3	0.8041	n02987 n03554 n04489		65		true
n02203	3	0.8022	n03354 n05071		60		true
n02204	3	0.8021	n01772		13		true
n02205	3	0.8021	n01837		46		true
n02206	42	0.8000	n04507	n00372 n00530	934		true
n02207	32	0.8000	n04275	n00837 n03699 n04795	642		true
n02208	26	0.8000	n04103	n02288 n03333	633		true
n02209	24	0.8000	n03631	n02009 n05223	150		true
n02210	23	0.8000	n02424	n02718 n04735	488		true
n02211	22	0.8000	n01944 n05086	n02430 n05258	166		true
n02212	21	0.8000	n04275	n02002 n04387	785		true
n02213	18	0.8000	n04352	n00039 n03975	365		true
n02214	17	0.8000	n03218 n04807	n00549 n03234	202		true
n02215	18	0.8000	n03566	n03205 n04372	296		true
n02216	15	0.8000	n03514 n03960	n00370	224		true
n02217	15	0.8000	n04506	n00371 n04945	162		true
n02218	14	0.8000	n02142	n00377	84		true
n02219	13	0.8000	n00025	n00135 n02645	138		true
n02220	14	0.8000	n02814	n00150 n03610	202		true
n02221	13	0.8000	n00362 n03343	n01336 n04656	823		true
n02222	12	0.8000	n02001	n00186	93		true
n02223	12	0.8000	n02660	n00399	191		true
n02224	12	0.8000	n02923	n00874	34		true
n02225	11	0.8000	n00016	n00567 n02199	160		true
n02226	11	0.8000	n05105	n01543	3101		true
n02227	11	0.8000	n03277	n01779 n03863	157		true
n02228	11	0.8000	n02280	n00168	207		true
n02229	11	0.8000	n03775	n01234 n04263	154		true
n02230	9	0.8000	n02080 n05140	n00746 n01790	604		true
n02231	10	0.8000	n02662	n02794 n03260 n05402	387		true
n02232	8	0.8000	n02010 n02937	n01186	462		true
n02233	9	0.8000	n03986 n05139	n03312	443		true
n02234	7	0.8000	n00085	n00798	17		true
n02235	7	0.8000	n03348 n03414 n04312		85		true
n02236	7	0.8000	n02931 n04438	n01981	561		true
n02237	7	0.8000	n02713	n00523	163		true
n02238	7	0.8000	n03850	n00508	174		true
n02239	7	0.8000	n01697		77		true
n02240	7	0.8000	n04275		158		true
n02241	6	0.8000	n04275		44		true
n02242	6	0.8000	n04156 n04934	n01853	40		true
n02243	6	0.8000	n03197 n03995	n01736	45		true
n02244	6	0.8000	n03117 n03664		54		true
n02245	6	0.8000	n04275	n01162	241		true
n02246	5	0.8000	n04461		139		true
n02247	5	0.8000	n05352		108		true
n02248	3	0.8000	n02404 n03615		154		true
n02249	3	0.8000	n04304 n05149		95		true
n02250	3	0.8000	n05053 n05067		34		true
n02251	3	0.8000	n03145 n03737		35		true
n02252	3	0.8000	n01704 n04324 n05414		89		true
n02253	3	0.8000	n03059		21		true
n02254	3	0.8000	n03877 n04962		25		true
n02255	3	0.8000	n03151 n03677		1709		true
n02256	3	0.8000	n02835 n03286		153		true
n02257	3	0.8000	n02452		450		true
n02258	3	0.7980	n02030 n04552		9		true
n02259	3	0.7980	n02513 n03502 n03815		18		true
n02260	3	0.7980	n03385 n04780		11		true
n02261	3	0.7980	n02142		16		true
n02262	3	0.7980	n03551 n05311		34		true
n02263	3	0.7978	n00980 n02509		53		true
n02264	3	0.7959	n03148 n03929		19		true
n02265	3	0.7959	n01761 n03609 n04867		117		true
n02266	3	0.7959	n01624		1219		true
n02267	3	0.7959	n05267		95		true
n02268	3	0.7959	n02410		36		true
n02269	3	0.7955	n00393		8		true
n02270	3	0.7938	n01455 n03238		24		true
n02271	3	0.7938	n01830 n02315		50		true
n02272	3	0.7938	n01764 n03935 n04962		43		true
n02273	5	0.7917	n01428		14		true
n02274	3	0.7912	n01347 n02357		72		true
n02275	71	0.7900	n04275	n02420 n04288 n04879	1100		true
n02276	52	0.7900	n02864	n00536 n01309 n03018 n04961	656		true
n02277	37	0.7900	n02918	n03690 n05213	275		true
n02278	27	0.7900	n03626	n01879 n04209	352		true
n02279	20	0.7900	n04999	n00754 n01315	202		true
n02280	20	0.7900	n02648	n02228 n04064	232		true
n02281	21	0.7900	n04114 n04341	n02818 n03456	244		true
n02282	17	0.7900	n04275	n04166 n04634 n04838	250		true
n02283	17	0.7900	n03694	n00053	36		true
n02284	17	0.7900	n02655 n03967	n00095 n00417	696		true
n02285	17	0.7900	n03454	n01599 n02508	3375		true
n02286	15	0.7900	n02799 n03954	n01823 n02846 n04833	496		true
n02287	14	0.7900	n01082	n03478 n03657 n04555	177		true
n02288	14	0.7900	n02208	n00403 n02945	457		true
n02289	13	0.7900	n02593	n00184 n02956	108		true
n02290	12	0.7900	n03084	n00117	215		true
n02291	12	0.7900	n03709 n03842	n02310 n04479	224		true
n02292	12	0.7900	n03090	n00261 n03009	765		true
n02293	10	0.7900	n00948	n00868	186		true
n02294	11	0.7900	n03692 n05242	n01129 n01483	180		true
n02295	10	0.7900	n04515	n00871	2265		true
n02296	12	0.7900	n05243	n02737 n04329	104		true
n02297	9	0.7900	n02559	n00436	44		true
n02298	10	0.7900	n02825 n03910	n02688	167		true
n02299	9	0.7900	n00364	n00778 n01467	203		true
n02300	9	0.7900	n04141	n01242	680		true
n02301	9	0.7900	n02142	n02107	145		true
n02302	9	0.7900	n05128	n03735	185		true
n02303	8	0.7900	n02142 n03956	n00260	118		true
n02304	8	0.7900	n02883 n04358	n01165	129		true
n02305	8	0.7900	n01820	n01137	2298		true
n02306	8	0.7900	n03954 n04109	n00495	77		true
n02307	8	0.7900	n02005	n01375	71		true
n02308	8	0.7900	n02437 n04275	n01588 n02517	487		true
n02309	8	0.7900	n01433 n03471	n01515	140		true
n02310	9	0.7900	n02291 n03782	n04413	224		true
n02311	7	0.7900	n00394	n00641	111		true
n02312	7	0.7900	n03918		58		true
n02313	6	0.7900	n02009	n01404	42		true
n02314	6	0.7900	n04275		91		true
n02315	6	0.7900	n00080	n02271	50		true
n02316	6	0.7900	n03087	n01658	98		true
n02317	5	0.7900	n04321		172		true
n02318	5	0.7900	n00871		1213		true
n02319	3	0.7900	n03301 n03683		158		true
n02320	5	0.7879	n00707		23		true
n02321	6	0.7872	n00104	n01918	10		true
n02322	43	0.7800	n04338	n04528 n04894 n05041 n05225	476		true
n02323	37	0.7800	n04275	n02702 n04516	174		true
n02324	32	0.7800	n03016	n03170 n03509	657		true
n02325	31	0.7800	n05085	n02080 n04706	1519		true
n02326	27	0.7800	n04280	n03273 n03507	868		true
n02327	25	0.7800	n04794	n00839 n03970	249		true
n02328	23	0.7800	n01522 n02523	n02977	1096		true
n02329	21	0.7800	n05208	n00072 n02023	76		true
n02330	18	0.7800	n01811	n00545	79		true
n02331	18	0.7800	n00013 n04522	n03232 n04627	83		true
n02332	16	0.7800	n03560 n05108	n01226 n03681 n04486	1868		true
n02333	13	0.7800	n02074 n04122	n00700 n01786	54		true
n02334	14	0.7800	n00542	n02889 n05403	367		true
n02335	13	0.7800	n05111	n00120 n01385	101		true
n02336	14	0.7800		n02014 n04769	316		true
n02337	13	0.7800	n02142	n01544 n02111	186		true
n02338	13	0.7800	n02705 n04048	n01219 n05053	924		true
n02339	11	0.7800	n04911	n01341	173		true
n02340	13	0.7800	n02484	n04248 n04969	1622		true
n02341	12	0.7800	n04445	n00394 n03820	306		true
n02342	10	0.7800	n04534	n00720 n03952	364		true
n02343	10	0.7800	n03969 n04809	n02358 n02503	200		true
n02344	10	0.7800	n05263		238		true
n02345	10	0.7800	n04634	n00878	87		true
n02346	10	0.7800	n03463	n03504	703		true
n02347	9	0.7800	n01430 n04517	n00432 n01921	48		true
n02348	10	0.7800	n03698 n04275	n02641 n04013 n04871	219		true
n02349	9	0.7800	n03765	n05068	93		true
n02350	8	0.7800	n00075		158		true
n02351	9	0.7800	n02799 n03954	n02195 n03319	54		true
n02352	8	0.7800	n03954	n01382 n02059	692		true
n02353	8	0.7800	n03133	n03314	73		true
n02354	7	0.7800	n03276 n04313 n05014		33		true
n02355	7	0.7800	n03475		62		true
n02356	8	0.7800	n02163	n01577 n01909	74		true
n02357	8	0.7800	n00082	n01861 n02274	98		true
n02358	6	0.7800	n02343 n05045	n02136	109		true
n02359	6	0.7800	n00406		528		true
n02360	5	0.7800	n01450 n02628		43		true
n02361	5	0.7800	n01222		137		true
n02362	5	0.7800	n03954		101		true
n02363	5	0.7800	n03139		1170		true
n02364	5	0.7800	n00115		310		true
n02365	5	0.7800	n00851 n03475		51		true
n02366	12	0.7778	n00551	n01445 n02096	385		true
n02367	5	0.7778	n01812		46		true
n02368	5	0.7755	n04507 n05095		49		true
n02369	5	0.7755	n02984		22		true
n02370	5	0.7742	n01766		371		true
n02371	70	0.7700	n04275	n02925 n04508	583		true
n02372	33	0.7700	n03117	n01680 n02490	335		true
n02373	25	0.7700	n04993	n00359	380		true
n02374	23	0.7700	n00531	n02428 n04901	853		true
n02375	18	0.7700	n00838	n01016 n01209	610		true
n02376	16	0.7700	n03021	n02576 n04548	408		true
n02377	16	0.7700	n02075	n00845 n04923	470		true
n02378	14	0.7700	n04531	n00397 n03915	335		true
n02379	14	0.7700	n03752	n02169 n03784	220		true
n02380	14	0.7700	n04121 n04707	n00133 n03549	87		true
n02381	13	0.7700	n05322	n00190 n01020	62		true
n02382	13	0.7700	n03634	n00220 n01975	226		true
n02383	12	0.7700	n02481	n01545 n04956	131		true
n02384	12	0.7700	n03117 n04893	n00109	219		true
n02385	12	0.7700	n02149	n00991 n01616 n01900	48		true
n02386	11	0.7700	n02799 n03905	n01626 n04675	214		true
n02387	11	0.7700	n02480	n00156 n05311	65		true
n02388	12	0.7700	n02003	n03055 n03600	133		true
n02389	10	0.7700	n02531	n00182	52		true
n02390	10	0.7700	n02142	n01116 n04024	85		true
n02391	9	0.7700	n05116	n01239 n01993	200		true
n02392	9	0.7700	n00547		3184		true
n02393	9	0.7700	n03466	n00758 n01863	102		true
n02394	8	0.7700	n01691	n01465	451		true
n02395	8	0.7700	n03163	n01003	636		true
n02396	8	0.7700	n03117	n00666	1351		true
n02397	8	0.7700	n03719	n00774	1872		true
n02398	7	0.7700	n02835 n04836 n05362	n01362	47		true
n02399	7	0.7700	n05124 n05380	n01518	21		true
n02400	8	0.7700	n05350	n01478	569		true
n02401	7	0.7700	n01814	n00645	48		true
n02402	7	0.7700	n04321		436		true
n02403	7	0.7700	n03117 n04906		95		true
n02404	6	0.7700	n02568	n02120 n02248	673		true
n02405	6	0.7700	n00375	n01583	534		true
n02406	6	0.7700	n02572		300		true
n02407	6	0.7700		n02055	374		true
n02408	6	0.7700	n02826		179		true
n02409	6	0.7700	n03588	n00499	176		true
n02410	6	0.7700	n02940 n04787	n02268	172		true
n02411	5	0.7700	n01538		54		true
n02412	5	0.7700	n02537 n03590		18		true
n02413	5	0.7700	n04275		3310		true
n02414	5	0.7700	n02507 n05161		425		true
n02415	6	0.7677	n00085 n02544		19		true
n02416	5	0.7677	n03411 n04484		401		true
n02417	5	0.7653	n00566		44		true
n02418	5	0.7653	n02152 n03301		85		true
n02419	54	0.7600	n04275	n05192 n05202	307		true
n02420	48	0.7600	n02275	n04033 n04249 n04390	1010		true
n02421	31	0.7600	n03069 n04785	n03392	360		true
n02422	27	0.7600	n03564	n01311 n04707	174		true
n02423	27	0.7600	n03262 n03890	n03508 n03972	151		true
n02424	26	0.7600	n04592	n02210 n03703 n05103	1622		true
n02425	23	0.7600	n05205	n00360	23		true
n02426	22	0.7600	n02799 n03954	n01448 n01843 n03770	261		true
n02427	21	0.7600	n05002	n01753 n02540	211		true
n02428	18	0.7600	n02374 n02920	n02537 n03365 n03590 n04167	829		true
n02429	15	0.7600	n05010	n01954	274		true
n02430	15	0.7600	n02211 n05003	n00712 n03063	166		true
n02431	15	0.7600	n01088	n00589 n05151	113		true
n02432	14	0.7600	n00022	n01446 n02673	625		true
n02433	12	0.7600	n00003	n00132 n00799	64		true
n02434	12	0.7600	n05093	n01609 n02444	78		true
n02435	12	0.7600	n05345	n00406	854		true
n02436	12	0.7600	n04275	n01451	93		true
n02437	12	0.7600	n03698	n01710 n02308	1027		true
n02438	11	0.7600	n00016	n00146 n05180	197		true
n02439	13	0.7600	n05002	n01282 n01333 n03256	102		true
n02440	11	0.7600	n03507	n00157	786		true
n02441	11	0.7600	n04275	n00424	600		true
n02442	10	0.7600	n05200	n00583 n04021	109		true
n02443	10	0.7600	n01089	n02463 n02689	213		true
n02444	9	0.7600	n02434	n00824 n01572	40		true
n02445	9	0.7600	n04611	n00894 n04501	151		true
n02446	9	0.7600	n04226 n04448	n00250 n01049	139		true
n02447	9	0.7600	n03715	n02110	707		true
n02448	8	0.7600	n02610 n04629	n00793	165		true
n02449	9	0.7600	n04275	n00464	302		true
n02450	9	0.7600	n03986 n04550 n05011	n03312	528		true
n02451	8	0.7600	n02011	n01053	334		true
n02452	9	0.7600	n03399	n00750 n02257	450		true
n02453	9	0.7600	n04341	n05066	98		true
n02454	8	0.7600	n00044	n01140	188		true
n02455	7	0.7600	n03412	n00793	136		true
n02456	7	0.7600	n00545 n03778	n01146	19		true
n02457	7	0.7600	n04740	n00775	361		true
n02458	7	0.7600	n05265	n02188	151		true
n02459	7	0.7600	n02001		82		true
n02460	7	0.7600	n03915 n04361	n01472	315		true
n02461	7	0.7600	n02709 n05266	n01867	95		true
n02462	7	0.7600	n04112 n04644		89		true
n02463	7	0.7600	n02443	n01029	154		true
n02464	6	0.7600	n01699 n03658		16		true
n02465	6	0.7600	n02840	n01796	522		true
n02466	6	0.7600	n00561	n02139	62		true
n02467	6	0.7600	n04247	n01578	109		true
n02468	5	0.7600	n00706		66		true
n02469	5	0.7600	n04665 n05219		3750		true
n02470	5	0.7600	n01531 n04669		96		true
n02471	7	0.7576	n00385	n01410	111		true
n02472	5	0.7576	n01535		94		true
n02473	5	0.7576	n02579 n05205		19		true
n02474	5	0.7576	n03040 n03088		264		true
n02475	5	0.7576	n02166		76		true
n02476	64	0.7500	n01748	n04196 n04207	798		true
n02477	44	0.7500		n02882 n05034 n05340 n05354	643		true
n02478	27	0.7500	n03630	n03227 n04526	157		true
n02479	22	0.7500	n04985	n00362 n03343	907		true
n02480	20	0.7500	n03954	n00125 n02387	208		true
n02481	19	0.7500	n04609	n02383 n05235	140		true
n02482	19	0.7500	n03326 n03897	n00365	438		true
n02483	15	0.7500	n03511 n03704	n00864 n04225	46		true
n02484	16	0.7500	n05103	n02340 n02718 n05047	1622		true
n02485	14	0.7500	n03510 n04215	n00696 n02828	164		true
n02486	14	0.7500	n01751	n00123 n00888	53		true
n02487	14	0.7500	n04613	n01691 n04743	593		true
n02488	14	0.7500	n04439	n01222 n01661 n04000	226		true
n02489	12	0.7500	n04275	n04748	2555		true
n02490	12	0.7500	n02372	n00426 n00660	146		true
n02491	11	0.7500	n05026	n00134 n04965	89		true
n02492	11	0.7500	n04371	n00174	218		true
n02493	11	0.7500		n00873	259		true
n02494	10	0.7500		n00431	526		true
n02495	9	0.7500	n04630	n00463	67		true
n02496	9	0.7500	n05107	n00468	157		true
n02497	8	0.7500	n01215	n00808	92		true
n02498	8	0.7500	n03899 n04365	n01984	192		true
n02499	8	0.7500	n00379	n00613	280		true
n02500	8	0.7500	n00697	n01028	184		true
n02501	9	0.7500	n03117	n02747 n03951	1065		true
n02502	7	0.7500	n00091		137		true
n02503	7	0.7500	n02343 n04640	n02136	146		true
n02504	7	0.7500	n04614 n04814		493		true
n02505	7	0.7500	n03279 n03996		52		true
n02506	7	0.7500	n04392	n01645	995		true
n02507	8	0.7500	n04387	n01413 n02414	430		true
n02508	8	0.7500	n02285 n03418	n00921 n02748	3361		true
n02509	6	0.7500	n03528	n02263	53		true
n02510	6	0.7500	n02624	n01289	85		true
n02511	6	0.7500	n04070 n05119	n01180	32		true
n02512	6	0.7500	n04368 n04640		395		true
n02513	7	0.7500	n03776	n01172 n02259	30		true
n02514	6	0.7500	n04466	n01415	152		true
n02515	5	0.7500	n01455		322		true
n02516	5	0.7475	n03417		81		true
n02517	5	0.7475	n02308		264		true
n02518	5	0.7423	n00167		45		true
n02519	40	0.7400	n03561 n05081	n03564 n04883	210		true
n02520	37	0.7400	n04416	n01998 n03090	970		true
n02521	29	0.7400	n04275	n03459 n04808	623		true
n02522	25	0.7400	n01307	n03020 n04287	285		true
n02523	25	0.7400	n03215 n03217	n02328 n03926	1099		true
n02524	20	0.7400	n03074 n04275	n00364	323		true
n02525	20	0.7400	n03219	n01819 n04127	198		true
n02526	18	0.7400	n04199	n03276 n04502	88		true
n02527	18	0.7400	n01312	n03280	154		true
n02528	20	0.7400	n04714	n03902 n05174	355		true
n02529	16	0.7400	n02078	n03360 n03999 n05031	201		true
n02530	14	0.7400	n01750	n00385	131		true
n02531	14	0.7400	n04364	n02389 n05076	63		true
n02532	13	0.7400	n01999 n04810	n01963 n03136	122		true
n02533	13	0.7400	n04357	n01964 n03110	126		true
n02534	16	0.7400	n04275	n03592 n04953 n05246	147		true
n02535	12	0.7400	n02076	n00753 n02944	221		true
n02536	11	0.7400		n00128 n04184	202		true
n02537	11	0.7400	n02428 n04901 n05209	n01249 n01631 n02412	32		true
n02538	12	0.7400	n04115	n00194 n02795 n04414	347		true
n02539	10	0.7400	n01211	n04981	106		true
n02540	10	0.7400	n02427	n01052 n01155	170		true
n02541	10	0.7400	n00953	n00883 n05307	40		true
n02542	10	0.7400	n04275	n00446 n01576	2445		true
n02543	11	0.7400	n02157	n01927 n03877	206		true
n02544	9	0.7400	n00038	n01928 n02415	19		true
n02545	9	0.7400	n03518	n00876	118		true
n02546	9	0.7400	n04920 n05014	n01908 n04502	87		true
n02547	9	0.7400	n03774	n00668	282		true
n02548	8	0.7400	n03509 n04066	n01480 n01506	612		true
n02549	8	0.7400	n05016	n00524 n01378	137		true
n02550	7	0.7400	n00694		32		true
n02551	7	0.7400	n03519	n01364	209		true
n02552	7	0.7400	n02799 n03954		108		true
n02553	7	0.7400	n03524	n01996	325		true
n02554	7	0.7400	n01326		136		true
n02555	6	0.7400	n01430 n04562	n01921	55		true
n02556	6	0.7400	n05365		15		true
n02557	5	0.7396	n00173		1694		true
n02558	5	0.7396	n01998 n03009		304		true
n02559	62	0.7300	n04275	n01667 n01749 n02297	219		true
n02560	38	0.7300	n03624 n04419	n01040 n01086 n03463	715		true
n02561	35	0.7300	n03688	n03635 n04200	1454		true
n02562	30	0.7300	n04275	n02975 n04113	211		true
n02563	26	0.7300	n01751	n01756 n03696	232		true
n02564	16	0.7300	n01595	n00606 n03141 n05155	654		true
n02565	13	0.7300	n01949 n03636	n02987 n03554	96		true
n02566	13	0.7300	n00841	n01614 n03545 n05179	115		true
n02567	11	0.7300	n04287 n04907	n01632 n03949	106		true
n02568	13	0.7300	n03345	n02404 n04560 n04668	689		true
n02569	11	0.7300		n01100 n01570	98		true
n02570	10	0.7300	n01213 n04275	n01120	167		true
n02571	10	0.7300	n04275 n04906	n02177 n05407	105		true
n02572	9	0.7300	n04728 n04811	n02406	300		true
n02573	9	0.7300	n04736	n02105 n02792	56		true
n02574	11	0.7300	n04142	n01712 n02589	167		true
n02575	8	0.7300	n04381		78		true
n02576	8	0.7300	n02376	n00472	92		true
n02577	9	0.7300	n01951	n01848 n04587	136		true
n02578	8	0.7300	n04153	n00932	375		true
n02579	8	0.7300	n03176	n02473	27		true
n02580	8	0.7300	n01204	n01279	68		true
n02581	7	0.7300	n00847		71		true
n02582	7	0.7300	n03476		172		true
n02583	7	0.7300	n03471	n01515	36		true
n02584	6	0.7300	n03095 n04416	n01033	72		true
n02585	6	0.7300	n02725	n01724	256		true
n02586	6	0.7300	n04131 n04850		91		true
n02587	6	0.7300	n03402		36		true
n02588	6	0.7300	n00852		325		true
n02589	5	0.7273	n02574		113		true
n02590	5	0.7245	n00123		20		true
n02591	53	0.7200	n01591	n03561 n04802	242		true
n02592	48	0.7200	n02799 n03954	n01675 n04550	535		true
n02593	46	0.7200	n03387	n02289 n03167 n03736 n04454 n04464 n05079	1833		true
n02594	38	0.7200	n04878	n01522 n03217	1153		true
n02595	27	0.7200	n03624 n04419	n04478 n04796	211		true
n02596	25	0.7200	n03565	n00690 n04739	386		true
n02597	23	0.7200	n02755	n02094 n03830	364		true
n02598	22	0.7200	n02073	n00654 n00692 n04244	292		true
n02599	21	0.7200	n01679	n03707 n04812	195		true
n02600	17	0.7200	n03117	n00376 n03087	398		true
n02601	18	0.7200	n03692	n00955 n03008	325		true
n02602	17	0.7200	n00009	n00374	708		true
n02603	17	0.7200	n03391	n02038 n02941	252		true
n02604	18	0.7200	n02142	n02159	326		true
n02605	16	0.7200	n00691	n03284 n04405	230		true
n02606	14	0.7200	n00021	n00380 n03304 n04746	48		true
n02607	14	0.7200	n05233	n01893 n03992	130		true
n02608	14	0.7200	n03340 n03756	n01437 n03552	805		true
n02609	14	0.7200	n04533	n01825 n03298	220		true
n02610	12	0.7200	n05336	n02448 n04242	165		true
n02611	12	0.7200	n00545	n00216 n01146	43		true
n02612	13	0.7200	n04723	n00450 n00977	1787		true
n02613	12	0.7200	n03334	n00705 n02174	238		true
n02614	12	0.7200	n04207	n01617 n04957	163		true
n02615	11	0.7200	n03581	n01102 n04410	645		true
n02616	12	0.7200	n05101	n01277 n01352	190		true
n02617	11	0.7200	n04878	n01136 n01713	165		true
n02618	10	0.7200	n01317	n04764	60		true
n02619	11	0.7200	n03227 n04920	n01908 n02099	121		true
n02620	10	0.7200	n02142	n00243	173		true
n02621	10	0.7200	n03519 n03691	n00809 n01364	241		true
n02622	9	0.7200	n03954	n00625	193		true
n02623	9	0.7200	n03579 n05241	n00516 n01574	229		true
n02624	9	0.7200	n02926	n02510	93		true
n02625	8	0.7200	n03954		522		true
n02626	8	0.7200	n01684	n01128	157		true
n02627	8	0.7200		n00652 n02042	970		true
n02628	8	0.7200	n02665	n02360	57		true
n02629	7	0.7200	n03409 n04513	n01492	210		true
n02630	7	0.7200	n02724 n03239	n00301	387		true
n02631	7	0.7200	n03117		1325		true
n02632	7	0.7200	n02142		34		true
n02633	7	0.7200	n05152		419		true
n02634	7	0.7200	n02773	n01274	317		true
n02635	6	0.7200	n04275		47		true
n02636	6	0.7200	n04320	n01738	126		true
n02637	6	0.7200	n04287 n04314	n02063	30		true
n02638	6	0.7200	n02827	n01573	516		true
n02639	6	0.7200	n04638		78		true
n02640	6	0.7200	n04448		82		true
n02641	6	0.7200	n02348	n01732	168		true
n02642	7	0.7200	n00398	n00509	183		true
n02643	6	0.7200	n03117	n01409	66		true
n02644	5	0.7200	n03285 n04645		88		true
n02645	5	0.7200	n02219 n03729		131		true
n02646	5	0.7200	n05210		78		true
n02647	6	0.7172	n04275		478		true
n02648	83	0.7100	n00833	n02280 n03291 n04986	1306		true
n02649	50	0.7100	n01749	n04408 n04599 n05326	180		true
n02650	33	0.7100	n04990	n00317 n01808	204		true
n02651	29	0.7100	n01522	n01877	1148		true
n02652	28	0.7100	n03391	n05325	579		true
n02653	24	0.7100	n03750	n01203	135		true
n02654	24	0.7100	n04511	n02885 n03274	599		true
n02655	23	0.7100	n03448	n01836 n02284 n05281	696		true
n02656	18	0.7100	n03826 n04115	n04414 n05230	401		true
n02657	18	0.7100	n01878	n01527 n02714 n03767	100		true
n02658	18	0.7100	n01681	n02769 n03413 n05128	366		true
n02659	16	0.7100	n03159 n03510	n00696 n00996	178		true
n02660	17	0.7100	n01879 n04209	n02157 n02223	212		true
n02661	15	0.7100	n04275	n03295 n04243 n05280 n05400	262		true
n02662	14	0.7100	n03954	n02231 n02863	417		true
n02663	14	0.7100	n00840	n01061 n01447	170		true
n02664	15	0.7100	n01754	n03785 n05270	879		true
n02665	12	0.7100	n03177 n03973	n01450 n02628	258		true
n02666	12	0.7100	n03511	n00145	30		true
n02667	13	0.7100	n05212	n03096	393		true
n02668	12	0.7100	n04725	n00715 n03732	1128		true
n02669	13	0.7100	n05356	n00114 n02015	220		true
n02670	11	0.7100	n03275 n04626	n00188	81		true
n02671	12	0.7100	n03825	n01110 n04404	158		true
n02672	11	0.7100	n03121	n01454 n03373	112		true
n02673	11	0.7100	n02432	n00452	625		true
n02674	11	0.7100	n04731	n01337 n03928	125		true
n02675	11	0.7100	n04275	n03623 n04869	469		true
n02676	10	0.7100	n05245	n00201	37		true
n02677	12	0.7100	n04285	n03664	121		true
n02678	10	0.7100	n01952	n03148 n03806	39		true
n02679	10	0.7100	n04138	n02959	121		true
n02680	9	0.7100	n01950	n00674 n01795	52		true
n02681	10	0.7100	n03129 n04303	n02739 n05304	1547		true
n02682	8	0.7100	n00068	n01012	40		true
n02683	8	0.7100	n02083 n04908	n00796	241		true
n02684	9	0.7100	n02080	n05413	1302		true
n02685	8	0.7100	n00374	n01134	697		true
n02686	9	0.7100	n01325 n04229	n00239	208		true
n02687	8	0.7100	n03183	n00479	72		true
n02688	7	0.7100	n01525 n02298	n01023	167		true
n02689	7	0.7100	n02443 n03476	n01029	209		true
n02690	6	0.7100	n02834 n04071		81		true
n02691	6	0.7100	n00403		77		true
n02692	6	0.7100	n04158 n04462	n01391	274		true
n02693	5	0.7100	n04397		147		true
n02694	5	0.7100	n03849 n04750		31		true
n02695	5	0.7100			32		true
n02696	10	0.7071	n02084	n01503 n02037	355		true
n02697	6	0.7071	n03132	n01586 n01865	237		true
n02698	7	0.7041	n00098	n00933	253		true
n02699	6	0.7041	n00093		41		true
n02700	224	0.7000	n02864	n01566 n01591 n03750 n03852 n04485 n04926 n05248	1517		true
n02701	33	0.7000	n04275	n01807 n04353	179		true
n02702	33	0.7000	n02323 n04691	n03468 n04608	159		true
n02703	18	0.7000	n00537	n01529 n03587	58		true
n02704	16	0.7000	n03828 n05097	n01604 n01841	376		true
n02705	16	0.7000	n04898 n04984	n02338 n03037	1222		true
n02706	16	0.7000	n05089	n01530 n03100	81		true
n02707	14	0.7000	n03632	n01886 n02996	211		true
n02708	14	0.7000	n05348	n00459 n00743	85		true
n02709	13	0.7000	n04718	n01611 n02461	179		true
n02710	14	0.7000	n04116 n04617	n01776 n02890	164		true
n02711	13	0.7000	n05222	n00170 n02797 n04579	452		true
n02712	13	0.7000	n02146	n01223 n04004	238		true
n02713	13	0.7000	n04784	n00147 n02237	163		true
n02714	11	0.7000	n02657 n05093	n01229 n03193 n05057	44		true
n02715	11	0.7000	n05028	n00200	1762		true
n02716	11	0.7000	n00549	n00411	199		true
n02717	10	0.7000	n03569	n00600	128		true
n02718	11	0.7000	n02210 n02484 n03703	n04248	269		true
n02719	10	0.7000	n03086	n00867	172		true
n02720	11	0.7000		n01387 n03000	187		true
n02721	10	0.7000	n04275 n04509	n00599	185		true
n02722	10	0.7000	n03840 n04058	n00770 n01048	202		true
n02723	10	0.7000	n03170	n01403 n03546	118		true
n02724	10	0.7000	n03650	n02630	392		true
n02725	9	0.7000	n02010	n02585	541		true
n02726	9	0.7000	n03329 n05008	n00927 n01376	41		true
n02727	9	0.7000	n04457	n00287 n01074	64		true
n02728	9	0.7000	n02158	n00636 n02112	162		true
n02729	8	0.7000	n03229 n04275	n01638 n01794	292		true
n02730	8	0.7000	n04991	n01057	172		true
n02731	8	0.7000	n01687	n01502	75		true
n02732	8	0.7000	n03774	n00668	325		true
n02733	8	0.7000	n04932	n00465	105		true
n02734	7	0.7000	n00850	n01151 n01656	105		true
n02735	7	0.7000	n02142	n01498	406		true
n02736	7	0.7000	n00100	n00491	289		true
n02737	7	0.7000	n02296 n02776		66		true
n02738	7	0.7000	n04650 n04651	n01031	1004		true
n02739	7	0.7000	n01961 n02681	n00805	1546		true
n02740	6	0.7000	n03455 n05376	n01055	112		true
n02741	6	0.7000	n03905 n05032		96		true
n02742	6	0.7000	n02087	n01930	86		true
n02743	6	0.7000	n01818		772		true
n02744	5	0.7000	n05046		249		true
n02745	5	0.7000	n04560 n04668		450		true
n02746	7	0.6970	n04289		67		true
n02747	6	0.6970	n02501 n04930	n01060	1065		true
n02748	5	0.6970	n02508 n04712		2503		true
n02749	6	0.6939	n00086	n00679	46		true
n02750	67	0.6900	n03386	n01676 n01807	170		true
n02751	45	0.6900	n04275	n00166 n02075 n04453	614		true
n02752	41	0.6900	n03015	n03627 n03720 n04682	612		true
n02753	36	0.6900	n04421	n02093 n03892	857		true
n02754	32	0.6900	n04880	n03079 n04513	1151		true
n02755	30	0.6900	n04339	n02597 n04607	395		true
n02756	24	0.6900	n03752	n01085 n02763	277		true
n02757	22	0.6900	n01198	n00022 n01072	627		true
n02758	22	0.6900	n01678	n02816 n03550 n04491	294		true
n02759	20	0.6900	n03163	n03132 n04055	327		true
n02760	19	0.6900	n00538	n03036 n04052	237		true
n02761	17	0.6900	n04599	n02881 n04822	78		true
n02762	17	0.6900	n01680	n00714 n01840	239		true
n02763	17	0.6900	n02756 n04611	n01689 n04559	269		true
n02764	16	0.6900	n03400	n01232 n03651	443		true
n02765	17	0.6900	n02142	n01774 n02022	4228		true
n02766	13	0.6900	n02874	n01234 n02097	222		true
n02767	13	0.6900	n02812 n05315	n01444 n03790	271		true
n02768	15	0.6900	n04518 n04904	n03198 n05150	857		true
n02769	13	0.6900	n02658	n00855 n05276	363		true
n02770	12	0.6900	n03021	n00409 n01917	635		true
n02771	12	0.6900	n05206	n00716	43		true
n02772	11	0.6900	n04133 n05221	n00601	301		true
n02773	12	0.6900	n00955	n00912 n02634	317		true
n02774	12	0.6900	n04786	n01965 n04954	69		true
n02775	10	0.6900	n03976 n04628	n00717 n05398	553		true
n02776	11	0.6900	n03646 n04914	n02737 n03948	735		true
n02777	10	0.6900	n03954	n00630 n01385	539		true
n02778	9	0.6900	n03130	n00737	132		true
n02779	9	0.6900	n04198	n00229	227		true
n02780	8	0.6900	n03288 n04221	n01156	233		true
n02781	8	0.6900	n00054	n00290	198		true
n02782	7	0.6900	n03713 n05333		167		true
n02783	7	0.6900	n04648 n05255		92		true
n02784	7	0.6900	n03236	n00662	27		true
n02785	7	0.6900	n03463 n04647		33		true
n02786	7	0.6900	n01604		173		true
n02787	9	0.6900	n05386	n03154	645		true
n02788	7	0.6900	n02142	n01253	37		true
n02789	6	0.6900	n04155 n05284		76		true
n02790	6	0.6900	n00043	n01405	14		true
n02791	6	0.6900	n01223	n01406	165		true
n02792	6	0.6900	n02573		43		true
n02793	6	0.6900	n04840	n01859	122		true
n02794	6	0.6900	n02231		357		true
n02795	5	0.6900	n02538		82		true
n02796	5	0.6900	n04275		328		true
n02797	5	0.6900	n02711		119		true
n02798	7	0.6869	n04058	n01048	184		true
n02799	2268	0.6800		n00021 n00034 n00042 n00197 n00274 n00344 n00457 n00529 n00534 n00547 n00585 n00624 n00924 n00957 n01132 n01205 n01258 n01318 n01425 n01477 n01532 n01828 n01871 n02011 n02013 n02189 n02286 n02351 n02386 n02426 n02552 n02592 n02812 n02821 n02864 n02869 n02921 n02923 n03035 n03077 n03160 n03164 n03186 n03190 n03243 n03352 n03364 n03388 n03395 n03401 n03435 n03444 n03541 n03560 n03591 n03595 n03674 n03757 n03760 n03798 n03799 n03824 n03826 n03839 n03864 n03883 n03888 n03894 n03914 n03981 n03987 n04005 n04034 n04062 n04086 n04135 n04151 n04185 n04199 n04234 n04235 n04258 n04279 n04283 n04284 n04304 n04322 n04350 n04397 n04399 n04402 n04403 n04417 n04427 n04450 n04470 n04499 n04549 n04598 n04605 n04676 n04700 n04734 n04786 n04793 n04846 n04852 n04853 n04862 n04918 n04970 n04972 n04987 n04991 n04999 n05089 n05108 n05110 n05111 n05149 n05206 n05229 n05267 n05268 n05269 n05283 n05293 n05299 n05318 n05348	9878		true
n02800	62	0.6800	n04877	n00007 n02971	134		true
n02801	46	0.6800	n04275	n01943 n03968 n04934	666		true
n02802	43	0.6800	n04105 n04275	n04204 n04355	892		true
n02803	40	0.6800	n03954	n01997	256		true
n02804	38	0.6800	n04789 n04982	n03268 n04347	373		true
n02805	27	0.6800	n04275	n04224 n04714	363		true
n02806	26	0.6800	n04032	n00009 n05141	708		true
n02807	23	0.6800	n00533	n00361 n03643	228		true
n02808	23	0.6800	n03325	n01044 n02077	228		true
n02809	20	0.6800	n04201	n00035 n00903	625		true
n02810	22	0.6800	n04608	n00391 n00698	147		true
n02811	20	0.6800	n04275	n03719 n05345	2088		true
n02812	20	0.6800	n02799 n03216 n03954	n02767 n04125	452		true
n02813	19	0.6800	n03961	n03129 n04303 n04305	1580		true
n02814	18	0.6800		n02220 n03918	244		true
n02815	18	0.6800	n03120	n02006 n03872	372		true
n02816	17	0.6800	n02758	n03277	205		true
n02817	16	0.6800	n02921	n00740 n01217	607		true
n02818	15	0.6800	n02281	n01496 n02884	239		true
n02819	13	0.6800	n04443	n00097	374		true
n02820	13	0.6800	n04591	n01103 n02858	604		true
n02821	13	0.6800	n02799 n03954	n01448 n01843	122		true
n02822	13	0.6800	n03076 n03339	n01697	151		true
n02823	13	0.6800	n03177	n01450	261		true
n02824	13	0.6800	n04128	n01491 n03241	298		true
n02825	13	0.6800	n00949	n02298 n05190	177		true
n02826	12	0.6800	n00688	n02408 n03531	256		true
n02827	14	0.6800	n04722	n02638 n02840	581		true
n02828	12	0.6800	n02485	n00331 n00402	164		true
n02829	11	0.6800	n05113	n00218 n04488	145		true
n02830	11	0.6800	n03637	n00788 n01636	103		true
n02831	12	0.6800	n02002	n01897 n05297	742		true
n02832	11	0.6800	n03122	n01250 n01338	331		true
n02833	10	0.6800	n04918	n02028 n04171	102		true
n02834	10	0.6800	n02142 n05367	n01548 n02690	729		true
n02835	10	0.6800	n04217 n04733	n02256 n02398	185		true
n02836	11	0.6800		n05395	403		true
n02837	10	0.6800	n03129	n04260 n05304	1580		true
n02838	9	0.6800	n04528 n05225	n00215	70		true
n02839	9	0.6800	n03645 n04907	n00618	23		true
n02840	10	0.6800	n02827	n02465 n03738	524		true
n02841	10	0.6800	n03954	n04685	425		true
n02842	10	0.6800	n04374	n04488	183		true
n02843	10	0.6800	n03081	n03051	743		true
n02844	8	0.6800		n01363 n01785	91		true
n02845	8	0.6800		n00891	547		true
n02846	8	0.6800	n02286	n01672	496		true
n02847	8	0.6800	n00083	n00520	58		true
n02848	7	0.6800	n04122 n04602	n01737 n01786	225		true
n02849	7	0.6800	n04275		102		true
n02850	7	0.6800	n03640		82		true
n02851	7	0.6800	n03187 n04236	n01851	57		true
n02852	7	0.6800	n04596	n01480	612		true
n02853	7	0.6800	n01530	n01367	48		true
n02854	6	0.6800	n03123 n04215	n00331	39		true
n02855	6	0.6800	n03161 n03963	n01978	393		true
n02856	6	0.6800	n00158 n03097		39		true
n02857	6	0.6800	n05378		824		true
n02858	5	0.6800	n02820		11		true
n02859	6	0.6800	n04666	n02200	292		true
n02860	7	0.6768	n00386		27		true
n02861	6	0.6768	n00384	n01589	141		true
n02862	5	0.6768	n03655		70		true
n02863	5	0.6735	n02662		182		true
n02864	252	0.6700	n02799 n03954	n02276 n02700	2020		true
n02865	76	0.6700	n03822	n02146 n04422 n04578	2258		true
n02866	47	0.6700		n03802 n03985 n04043 n04077 n05168 n05236	1791		true
n02867	41	0.6700		n01199 n02931	1169		true
n02868	37	0.6700	n04988	n03563 n03652 n04241	366		true
n02869	32	0.6700	n02799 n03954	n00754 n01315 n04449	249		true
n02870	30	0.6700	n04602	n01737 n01878	298		true
n02871	25	0.6700	n03216 n05312 n05315	n03078 n04549	322		true
n02872	20	0.6700	n04791	n02152 n03301	369		true
n02873	19	0.6700	n01310	n00425 n02012	198		true
n02874	18	0.6700	n03965 n04422	n02766 n03775	237		true
n02875	17	0.6700	n04716	n00514 n01216	112		true
n02876	14	0.6700	n03954 n05340	n00708	403		true
n02877	14	0.6700	n03117	n00082	129		true
n02878	14	0.6700	n03222	n00967 n03787	1241		true
n02879	13	0.6700	n04218 n04616	n03059 n03187	87		true
n02880	13	0.6700	n03577	n02045 n05272	538		true
n02881	12	0.6700	n02761	n01233 n04561	61		true
n02882	12	0.6700	n02477 n03954	n00990 n01721	130		true
n02883	12	0.6700	n02142	n02304 n03138	129		true
n02884	11	0.6700	n02818 n03456	n00572	207		true
n02885	12	0.6700	n02654	n01121 n03378	531		true
n02886	10	0.6700	n04599 n05326	n00905 n01135	143		true
n02887	10	0.6700	n04275	n00981 n03048	240		true
n02888	10	0.6700	n05245	n00201	84		true
n02889	10	0.6700	n02334	n00646 n01461	266		true
n02890	9	0.6700	n02710 n03124	n00244	161		true
n02891	9	0.6700	n05262	n00994	272		true
n02892	8	0.6700	n04625 n04919	n00510	72		true
n02893	8	0.6700	n00693	n00997	77		true
n02894	8	0.6700	n05041 n05225	n00617	296		true
n02895	8	0.6700	n00072	n00493	29		true
n02896	8	0.6700	n04693 n05256	n02125	46		true
n02897	8	0.6700	n00847		72		true
n02898	8	0.6700	n05252	n00484	162		true
n02899	8	0.6700	n04844	n01568	1938		true
n02900	8	0.6700	n03654 n04545		765		true
n02901	7	0.6700	n01092		135		true
n02902	7	0.6700	n04378	n00777	34		true
n02903	8	0.6700	n01528	n00785 n03941	176		true
n02904	7	0.6700	n04036 n04291		63		true
n02905	7	0.6700	n02003 n05138	n01266	97		true
n02906	7	0.6700	n03592	n01980	55		true
n02907	7	0.6700	n03036 n04052	n00920	90		true
n02908	6	0.6700	n01437		597		true
n02909	6	0.6700	n02019		1772		true
n02910	6	0.6700	n01885	n00671	42		true
n02911	6	0.6700	n05035	n01929	589		true
n02912	6	0.6700	n00082	n01746 n01861	36		true
n02913	5	0.6700	n01967 n03161		72		true
n02914	5	0.6700	n02142 n04544 n05169		283		true
n02915	6	0.6667	n03083 n04467 n04556	n01173	259		true
n02916	80	0.6600	n03118	n01748 n05233	817		true
n02917	53	0.6600		n01201 n01679	523		true
n02918	41	0.6600	n04195	n01608 n02277	283		true
n02919	35	0.6600	n04423	n01876 n02974	2126		true
n02920	28	0.6600	n00531	n02428 n05209	853		true
n02921	25	0.6600	n02799 n03954	n02817 n04709	638		true
n02922	26	0.6600	n04888	n03450 n04804	1829		true
n02923	24	0.6600	n02799 n03954	n02224 n04803	66		true
n02924	21	0.6600	n04275	n03781 n05017	484		true
n02925	21	0.6600	n02371	n00841 n05301	194		true
n02926	18	0.6600	n04524	n01221 n02624 n05252	211		true
n02927	19	0.6600	n04788	n00875 n03027	337		true
n02928	17	0.6600	n03117	n00597 n01227	274		true
n02929	14	0.6600		n00375	552		true
n02930	13	0.6600	n04720	n00966	241		true
n02931	13	0.6600	n02867	n02236 n03917	899		true
n02932	14	0.6600	n03453	n01822 n03662	332		true
n02933	13	0.6600	n00026	n01565 n03944	185		true
n02934	13	0.6600	n00951 n03444	n01501 n03477	325		true
n02935	12	0.6600	n00950	n05183	360		true
n02936	12	0.6600	n04366	n00857 n03535	73		true
n02937	11	0.6600	n00546	n01456 n02232	847		true
n02938	11	0.6600	n00543	n01236 n01977	267		true
n02939	11	0.6600	n04802 n04883	n00587 n01833	95		true
n02940	12	0.6600	n04104	n02410 n05075	220		true
n02941	11	0.6600	n02603 n03898	n00171	225		true
n02942	11	0.6600		n01117 n02186	119		true
n02943	9	0.6600	n04289	n00268	32		true
n02944	9	0.6600	n02535	n00230 n00513	181		true
n02945	10	0.6600	n02288	n00903 n01000	402		true
n02946	9	0.6600	n04149	n00601	289		true
n02947	8	0.6600	n05253	n01919 n01924	60		true
n02948	8	0.6600	n04275	n00482 n01038	1088		true
n02949	7	0.6600	n05153		351		true
n02950	7	0.6600	n02164	n01256	141		true
n02951	7	0.6600	n04275	n01507	39		true
n02952	7	0.6600	n03914 n04062	n00784	24		true
n02953	7	0.6600	n04892 n05112		200		true
n02954	8	0.6600	n03782	n04413	226		true
n02955	6	0.6600	n00700 n03126	n00942	50		true
n02956	6	0.6600	n02289	n01643	61		true
n02957	6	0.6600		n01387	50		true
n02958	6	0.6600	n03278 n04299		120		true
n02959	7	0.6600	n02679	n01481	88		true
n02960	6	0.6600	n00039	n01058	303		true
n02961	6	0.6600	n01323	n01574	314		true
n02962	6	0.6600	n01604	n01193	181		true
n02963	6	0.6600	n00708 n04666	n01740 n02200	377		true
n02964	6	0.6600	n05316		281		true
n02965	5	0.6600	n00386 n04939		6		true
n02966	7	0.6531	n04371	n01421	89		true
n02967	154	0.6500		n03510 n03956 n04010 n04025 n04123 n04539 n04592	1889		true
n02968	127	0.6500	n04275	n00833 n04124	1712		true
n02969	45	0.6500	n04785	n00534 n01950	1342		true
n02970	42	0.6500	n04784	n03818 n05109 n05322 n05327	2631		true
n02971	35	0.6500	n02800	n01305 n04049 n04205	91		true
n02972	27	0.6500	n04275	n00030 n03094	213		true
n02973	24	0.6500	n00000 n05321	n01811 n03066	90		true
n02974	24	0.6500	n02919 n05323	n01613 n03702	2126		true
n02975	23	0.6500	n02562 n03889	n03836 n04218	178		true
n02976	26	0.6500	n03117	n03454 n04712	4463		true
n02977	20	0.6500	n02328	n00540 n04820	1094		true
n02978	15	0.6500	n03900	n00693 n05055	139		true
n02979	16	0.6500	n00019	n00400 n00716	25		true
n02980	14	0.6500	n03019	n01433 n03471	212		true
n02981	13	0.6500	n03222	n00967 n04483 n04653	1801		true
n02982	13	0.6500	n01316	n01957	55		true
n02983	11	0.6500	n03759	n00135	62		true
n02984	11	0.6500	n04431 n04905	n00882 n02369	149		true
n02985	12	0.6500	n00043	n00193 n01405	82		true
n02986	10	0.6500	n00843 n01428	n00178	15		true
n02987	10	0.6500	n02565 n03768	n00866 n02202	82		true
n02988	10	0.6500	n01321	n00451	363		true
n02989	11	0.6500	n03399	n00750 n01712	247		true
n02990	10	0.6500	n05001	n04763	102		true
n02991	10	0.6500	n03954	n01784 n04581	57		true
n02992	9	0.6500	n03980 n04518	n00918	260		true
n02993	9	0.6500	n03165	n01556 n03551	85		true
n02994	8	0.6500	n01998 n03090	n00261	128		true
n02995	8	0.6500	n02142	n01652	82		true
n02996	8	0.6500	n02707 n04800	n01126	106		true
n02997	9	0.6500	n04300 n05096	n03947	281		true
n02998	8	0.6500	n05235	n00893	48		true
n02999	10	0.6500	n05219	n01705	4364		true
n03000	8	0.6500	n02720	n00280	152		true
n03001	8	0.6500	n03128		184		true
n03002	8	0.6500	n04931	n01271	1608		true
n03003	8	0.6500	n04537	n01264	135		true
n03004	7	0.6500	n03458 n04275 n04546		223		true
n03005	7	0.6500	n03954 n05381	n00908	285		true
n03006	7	0.6500	n04275	n01038	736		true
n03007	7	0.6500	n00387	n00910	35		true
n03008	8	0.6500	n02601	n00912	114		true
n03009	8	0.6500	n02292	n02558	765		true
n03010	6	0.6500	n04151	n02114	120		true
n03011	6	0.6500	n00113		484		true
n03012	6	0.6500	n01820 n03754		1269		true
n03013	6	0.6500	n04159 n05160	n01915	1030		true
n03014	5	0.6500	n04315 n05014		35		true
n03015	45	0.6400		n01611 n02752	612		true
n03016	35	0.6400	n04596	n01570 n02324	657		true
n03017	27	0.6400	n01876	n00037 n00562	675		true
n03018	27	0.6400	n02276	n03076 n03339 n03701	208		true
n03019	21	0.6400	n04896	n02980 n03835	217		true
n03020	20	0.6400	n02522	n03645 n04907	130		true
n03021	20	0.6400	n04519	n02376 n02770	646		true
n03022	18	0.6400	n03954	n03581 n03653	1813		true
n03023	19	0.6400	n04712	n01547 n01599	2381		true
n03024	18	0.6400	n03452	n03237 n04056	665		true
n03025	17	0.6400	n03339	n01697 n03852	169		true
n03026	16	0.6400		n00093 n00734	221		true
n03027	14	0.6400	n02927	n00556	312		true
n03028	13	0.6400	n01524	n00702 n01984	106		true
n03029	13	0.6400		n00405	567		true
n03030	14	0.6400	n04445	n00394	241		true
n03031	12	0.6400	n03574	n00115	482		true
n03032	12	0.6400	n04131	n02019 n03212	2254		true
n03033	11	0.6400	n02154	n00209 n01296	185		true
n03034	11	0.6400	n05360	n00161	105		true
n03035	12	0.6400	n02799 n03954	n04008 n04766	993		true
n03036	11	0.6400	n02760 n04537	n01264 n02907	178		true
n03037	10	0.6400	n02705	n00619	776		true
n03038	10	0.6400		n01722 n04860	2146		true
n03039	10	0.6400	n04275	n00231	93		true
n03040	11	0.6400	n05131	n00610 n02474	424		true
n03041	9	0.6400	n01435	n00763 n04977	67		true
n03042	8	0.6400	n03117 n04381		88		true
n03043	8	0.6400	n05236	n00621	148		true
n03044	8	0.6400	n05214	n00659	253		true
n03045	8	0.6400	n04148 n04812	n01252 n01489	44		true
n03046	8	0.6400	n00063	n00506	167		true
n03047	7	0.6400	n04216		113		true
n03048	7	0.6400	n02887	n00642	61		true
n03049	7	0.6400	n04275		54		true
n03050	8	0.6400	n04275	n01357	208		true
n03051	7	0.6400	n02843 n04553	n00782	457		true
n03052	7	0.6400	n04470	n01725	135		true
n03053	7	0.6400	n03954	n00644	63		true
n03054	7	0.6400	n03180		80		true
n03055	7	0.6400	n02388	n00931	127		true
n03056	7	0.6400	n03117		125		true
n03057	7	0.6400	n04937 n05346	n02197	616		true
n03058	6	0.6400	n04249 n04390	n00934	35		true
n03059	6	0.6400	n02879	n02253	35		true
n03060	6	0.6400	n04392	n01645	82		true
n03061	6	0.6400	n04590	n01414	843		true
n03062	6	0.6400	n05013	n00670	39		true
n03063	6	0.6400	n02430 n05258	n01407	25		true
n03064	6	0.6400	n03794 n04946		214		true
n03065	5	0.6400	n01833 n05207		91		true
n03066	6	0.6364	n02973 n03920	n02128	27		true
n03067	7	0.6354	n00388	n00651	15		true
n03068	41	0.6300	n04987	n01944 n05086	166		true
n03069	35	0.6300	n03954	n02421 n04022 n04147	373		true
n03070	35	0.6300	n04982	n00836 n01095	110		true
n03071	29	0.6300	n04275	n00011 n01713	624		true
n03072	24	0.6300	n04416	n01526 n01762 n03838	649		true
n03073	25	0.6300	n00005	n03532 n04366	121		true
n03074	24	0.6300		n02524 n04565	363		true
n03075	20	0.6300	n03386 n04353	n01685	93		true
n03076	20	0.6300	n01309 n03018	n02822 n03641	165		true
n03077	20	0.6300	n02799 n03954	n04755 n05116	218		true
n03078	21	0.6300	n02871	n03642 n03792	189		true
n03079	19	0.6300	n02754	n03083 n04467	389		true
n03080	17	0.6300	n04894	n00880 n04452	333		true
n03081	17	0.6300	n04793	n01528 n02843	743		true
n03082	15	0.6300	n00361	n00701	228		true
n03083	16	0.6300	n03079	n02915 n03409	368		true
n03084	15	0.6300	n03117	n02290 n03937	226		true
n03085	15	0.6300	n01086	n00388	31		true
n03086	14	0.6300	n03954	n00554 n02719	249		true
n03087	15	0.6300	n02600	n00139 n02316 n05404	398		true
n03088	14	0.6300	n01083	n00971 n02474	969		true
n03089	15	0.6300	n00539	n05138	130		true
n03090	15	0.6300	n02520	n02292 n02994	767		true
n03091	13	0.6300	n04363	n00110 n02112	102		true
n03092	14	0.6300	n03762	n03501 n03530	407		true
n03093	12	0.6300	n04710	n00441 n00937	69		true
n03094	12	0.6300	n02972	n00112	139		true
n03095	12	0.6300	n03117	n02584 n04671	227		true
n03096	11	0.6300	n02667 n04292	n01332	384		true
n03097	10	0.6300	n01598	n02856 n03933	210		true
n03098	11	0.6300	n04275	n03598	222		true
n03099	10	0.6300	n00370	n00183	224		true
n03100	9	0.6300	n02706	n00226	42		true
n03101	9	0.6300	n00064	n00768 n03749	193		true
n03102	9	0.6300	n04293 n05130	n00284	29		true
n03103	10	0.6300	n05039 n05234	n04577 n04688	256		true
n03104	8	0.6300	n04830 n04835	n01243	44		true
n03105	7	0.6300	n04275		81		true
n03106	7	0.6300	n00101		224		true
n03107	7	0.6300	n03446 n04531	n00350	167		true
n03108	7	0.6300		n01265	55		true
n03109	7	0.6300	n03652 n04241	n00669	251		true
n03110	7	0.6300	n02533 n05332	n01158	94		true
n03111	7	0.6300	n02142		483		true
n03112	7	0.6300	n03954	n01477	79		true
n03113	6	0.6300	n05330		74		true
n03114	6	0.6300	n03166 n04478 n05218	n01040	39		true
n03115	6	0.6300	n03489	n01394	112		true
n03116	6	0.6263	n00708	n02200	328		true
n03117	1411	0.6200		n00017 n00018 n00076 n00616 n00697 n00973 n01207 n01730 n01942 n02154 n02244 n02372 n02384 n02396 n02403 n02501 n02600 n02631 n02643 n02877 n02928 n02976 n03042 n03056 n03084 n03095 n03130 n03267 n03286 n03347 n03445 n03457 n03565 n03566 n03570 n03602 n03649 n03752 n03805 n03822 n03831 n03837 n03957 n04048 n04098 n04103 n04158 n04169 n04310 n04321 n04325 n04416 n04423 n04436 n04543 n04564 n04593 n04595 n04648 n04662 n04672 n04692 n04694 n04729 n04732 n04747 n04768 n04807 n04824 n04874 n04880 n04896 n04898 n04903 n04930 n04940 n04975 n05080 n05083 n05085 n05092 n05255 n05291 n05335 n05355 n05363 n05383	11518		true
n03118	91	0.6200	n03751	n02916 n03419 n05156	833		true
n03119	33	0.6200	n04790	n00179 n03694	54		true
n03120	22	0.6200	n04607	n02815	395		true
n03121	22	0.6200	n01675	n00083 n02672	144		true
n03122	21	0.6200	n03449	n00167 n02832	335		true
n03123	20	0.6200		n01815 n02854 n03346	73		true
n03124	20	0.6200	n00837 n03699	n01696 n02890	337		true
n03125	18	0.6200	n00015	n00059 n04861	40		true
n03126	17	0.6200	n04432	n00066 n02955	50		true
n03127	17	0.6200	n03825	n01110 n01773 n04404	273		true
n03128	15	0.6200	n04043	n01342 n03001	268		true
n03129	14	0.6200	n02813	n02681 n02837	1580		true
n03130	13	0.6200	n03117 n04420	n01694 n02778	227		true
n03131	16	0.6200	n03451	n03522 n05058	268		true
n03132	11	0.6200	n02759	n02697 n04160	254		true
n03133	11	0.6200	n05125	n00892 n02353	97		true
n03134	10	0.6200	n03520 n04431	n00419	431		true
n03135	10	0.6200	n04107	n01635 n03440	100		true
n03136	10	0.6200	n02532	n01241 n01369	115		true
n03137	10	0.6200	n01815	n01458	68		true
n03138	9	0.6200	n02883		124		true
n03139	10	0.6200	n05027	n01133 n02363	1170		true
n03140	9	0.6200	n03771	n01899	509		true
n03141	8	0.6200	n02083 n02564	n00796	654		true
n03142	8	0.6200		n01567	46		true
n03143	7	0.6200	n04242	n00793 n01667	54		true
n03144	7	0.6200	n04296		298		true
n03145	7	0.6200		n02251	90		true
n03146	7	0.6200	n02086	n01052	163		true
n03147	6	0.6200	n03920		29		true
n03148	6	0.6200	n02678 n04950	n02126 n02264	33		true
n03149	6	0.6200	n01956		110		true
n03150	6	0.6200	n03532 n04552		45		true
n03151	6	0.6200	n04228 n04558	n02255	1709		true
n03152	6	0.6200	n00379	n01058	362		true
n03153	6	0.6200	n02170		91		true
n03154	6	0.6200	n02787	n01733	559		true
n03155	6	0.6200	n04275	n01727	108		true
n03156	5	0.6200	n03724		24		true
n03157	5	0.6162	n03603		29		true
n03158	5	0.6129	n01441		49		true
n03159	102	0.6100		n01937 n02659 n04010 n04123 n04592	1645		true
n03160	36	0.6100	n02799 n03954	n03909 n05214	776		true
n03161	35	0.6100	n04275	n02855 n02913 n04203	475		true
n03162	33	0.6100	n04034	n03326 n03897	476		true
n03163	32	0.6100	n03824	n02395 n02759 n04964	908		true
n03164	32	0.6100	n02799 n03954	n03517 n04995	128		true
n03165	31	0.6100	n03954	n01717 n02993 n03394	306		true
n03166	28	0.6100	n05199	n00537 n03114	376		true
n03167	26	0.6100	n02593	n03451 n03713	570		true
n03168	25	0.6100	n01675	n01084	528		true
n03169	25	0.6100	n04200	n00122 n00366 n03989	1391		true
n03170	23	0.6100	n02324	n02723 n05227	225		true
n03171	22	0.6100	n00835 n03628	n04811 n05125	300		true
n03172	26	0.6100	n04341	n03983 n04917	396		true
n03173	19	0.6100	n04275	n00364 n04245	500		true
n03174	16	0.6100	n01201	n00048 n03230	186		true
n03175	15	0.6100	n01681	n01321	363		true
n03176	15	0.6100	n04282	n02579 n04306	66		true
n03177	16	0.6100	n04210	n02665 n02823	273		true
n03178	14	0.6100	n01753	n01333 n02086	187		true
n03179	14	0.6100	n05009 n05232	n00079 n03296 n05296	399		true
n03180	14	0.6100	n00954	n00205 n03054	125		true
n03181	11	0.6100	n00017	n05308	213		true
n03182	11	0.6100	n01206	n01557 n04170	77		true
n03183	12	0.6100		n01453 n02687	125		true
n03184	10	0.6100	n04044	n00462	109		true
n03185	12	0.6100	n03836	n05158	120		true
n03186	10	0.6100	n02799 n03954	n01113	127		true
n03187	10	0.6100	n02879	n02851	66		true
n03188	9	0.6100	n03567	n00221	264		true
n03189	9	0.6100	n01877	n00262 n00307	90		true
n03190	9	0.6100	n02799 n03954	n00879	181		true
n03191	9	0.6100	n03954	n00992	256		true
n03192	10	0.6100	n03909	n00726	581		true
n03193	9	0.6100	n02714	n00824 n01585	37		true
n03194	8	0.6100	n01307	n02063	172		true
n03195	8	0.6100	n03954	n00624	48		true
n03196	8	0.6100	n01600	n00759	85		true
n03197	9	0.6100	n03279 n03718	n02243	63		true
n03198	8	0.6100	n02768	n01641	785		true
n03199	8	0.6100	n05252		135		true
n03200	9	0.6100	n04416	n03257	236		true
n03201	7	0.6100	n01880 n05267 n05375	n00309	37		true
n03202	8	0.6100	n01954	n01389	233		true
n03203	7	0.6100	n00101	n01377	224		true
n03204	7	0.6100	n00703	n01741	35		true
n03205	7	0.6100	n02215		170		true
n03206	7	0.6100	n03846	n01287 n02066	352		true
n03207	6	0.6100	n00058	n01747	32		true
n03208	6	0.6100	n01450 n04660		244		true
n03209	7	0.6100	n05037 n05193	n02050 n02134	111		true
n03210	6	0.6100	n03722		55		true
n03211	5	0.6100	n04628		185		true
n03212	5	0.6100	n03032		1578		true
n03213	5	0.6100	n00714 n04902		173		true
n03214	7	0.6061	n03585		340		true
n03215	70	0.6000	n04878	n01081 n01522 n02523	1687		true
n03216	35	0.6000		n02812 n02871	521		true
n03217	29	0.6000	n02594	n01392 n02523	1101		true
n03218	23	0.6000	n04698	n01156 n02214 n04551	270		true
n03219	23	0.6000	n04275	n02525 n05284	270		true
n03220	21	0.6000	n01080	n00949	236		true
n03221	21	0.6000	n04353	n01638 n01685	135		true
n03222	19	0.6000	n04359	n02878 n02981	1935		true
n03223	19	0.6000	n00836	n01885 n04301	55		true
n03224	19	0.6000	n04594 n05193	n03725 n05124 n05380	58		true
n03225	18	0.6000	n04614	n02004	759		true
n03226	16	0.6000	n03635 n04200	n00366	137		true
n03227	17	0.6000	n02478 n04527	n02619 n04057	121		true
n03228	14	0.6000	n03341 n04998	n01761 n04867	234		true
n03229	13	0.6000		n01539 n02729	292		true
n03230	12	0.6000	n03174	n00390	154		true
n03231	12	0.6000	n04626	n00188 n01387	200		true
n03232	12	0.6000	n02331 n04126	n00975 n03621	82		true
n03233	11	0.6000	n00028	n00177	11		true
n03234	11	0.6000	n02214	n00411	157		true
n03235	13	0.6000	n02142 n04726	n01482 n03489	633		true
n03236	10	0.6000	n01085	n02784	45		true
n03237	10	0.6000	n03024 n05263	n03619	250		true
n03238	10	0.6000	n04130	n01559 n02270	308		true
n03239	10	0.6000	n03650	n02630	387		true
n03240	8	0.6000	n03447	n00267	87		true
n03241	8	0.6000	n02824 n05337	n01355	298		true
n03242	8	0.6000	n05029	n00469	94		true
n03243	8	0.6000	n02799 n03954 n04637	n00936	34		true
n03244	8	0.6000	n04936	n00900	151		true
n03245	7	0.6000	n01443	n00312	137		true
n03246	7	0.6000	n04145	n00644	49		true
n03247	7	0.6000	n03922 n04711	n01009	96		true
n03248	7	0.6000	n03922	n00786	68		true
n03249	7	0.6000	n02142	n02057	91		true
n03250	7	0.6000	n03954	n01263 n02071	55		true
n03251	6	0.6000	n02142	n01652	126		true
n03252	6	0.6000	n00552		94		true
n03253	7	0.6000	n03923	n01171	48		true
n03254	6	0.6000	n04139	n01648	87		true
n03255	5	0.6000	n05283		2082		true
n03256	5	0.6000	n02439 n04470		16		true
n03257	5	0.6000	n03200 n05361		85		true
n03258	8	0.5960	n00078		107		true
n03259	6	0.5957	n00566		67		true
n03260	6	0.5918	n02231		79		true
n03261	79	0.5900	n00529	n04195 n04282	308		true
n03262	68	0.5900	n04031	n02423 n04988	494		true
n03263	51	0.5900	n00529	n04282 n05205	110		true
n03264	47	0.5900	n01423	n00116 n03514 n03960	435		true
n03265	46	0.5900	n04275	n00378 n00670 n01750	653		true
n03266	45	0.5900	n04508	n03704 n04220 n04604 n05040	382		true
n03267	29	0.5900	n03117	n04521 n05330	592		true
n03268	21	0.5900	n02804 n04998	n02162 n03349	324		true
n03269	21	0.5900	n00688	n04717 n05302	114		true
n03270	20	0.5900	n04887	n01087 n04067	104		true
n03271	19	0.5900	n04196	n01755 n04093	212		true
n03272	18	0.5900	n00534	n00036	1240		true
n03273	19	0.5900	n02326	n03709 n03842	308		true
n03274	18	0.5900	n02654	n01610 n03378	359		true
n03275	15	0.5900	n04362 n04523	n02670 n03717	82		true
n03276	14	0.5900	n02526	n02354 n04315	59		true
n03277	14	0.5900	n02816	n01970 n02227	205		true
n03278	13	0.5900	n02142	n00138 n02958	130		true
n03279	14	0.5900	n04717	n02505 n03197	97		true
n03280	16	0.5900	n02527	n00588 n04143	78		true
n03281	13	0.5900	n00013	n01824 n03416	69		true
n03282	15	0.5900	n00537	n01606 n04779	357		true
n03283	14	0.5900	n04275	n03588	208		true
n03284	13	0.5900	n02605	n03923 n04952	145		true
n03285	10	0.5900	n03580	n01845 n02644	142		true
n03286	10	0.5900	n03117	n00421 n02256	542		true
n03287	11	0.5900	n01203 n04922	n01114 n04082	43		true
n03288	11	0.5900	n04290 n04698	n02780	233		true
n03289	10	0.5900	n04118	n01005	164		true
n03290	10	0.5900	n03771 n05016	n01378 n01899	484		true
n03291	11	0.5900	n02648 n05371	n04864 n05191	1280		true
n03292	9	0.5900	n04927	n00797	480		true
n03293	9	0.5900	n00068	n01012 n01520	31		true
n03294	8	0.5900	n00701	n00757	90		true
n03295	9	0.5900	n02661 n04823	n02108	224		true
n03296	8	0.5900	n03179	n01177	104		true
n03297	8	0.5900	n04042	n00253	36		true
n03298	9	0.5900	n02609 n04275	n01120	171		true
n03299	8	0.5900	n03715		287		true
n03300	8	0.5900	n03411 n05319	n03882	291		true
n03301	8	0.5900	n02872	n02319 n02418	230		true
n03302	7	0.5900	n03713		452		true
n03303	7	0.5900	n05226 n05264	n01067 n01992	61		true
n03304	7	0.5900	n02606 n03911	n01869	37		true
n03305	7	0.5900	n05200	n01935	109		true
n03306	7	0.5900	n04342 n05271		45		true
n03307	7	0.5900	n05247	n01054	259		true
n03308	6	0.5900	n02012	n01994	45		true
n03309	6	0.5900	n03954		64		true
n03310	6	0.5900	n05266	n01867	105		true
n03311	6	0.5900	n05285	n01509	57		true
n03312	6	0.5900	n02233 n02450 n04298 n04307	n00675	443		true
n03313	6	0.5900	n03362	n02131	90		true
n03314	5	0.5900	n02353		63		true
n03315	5	0.5900	n03977 n04174		87		true
n03316	5	0.5900	n04570		65		true
n03317	5	0.5900	n02142		63		true
n03318	6	0.5859	n00923	n02141	1499		true
n03319	6	0.5859	n02351	n01059	38		true
n03320	5	0.5833	n00146		50		true
n03321	5	0.5806	n03791		185		true
n03322	59	0.5800		n01879 n03935 n04603 n05251	1599		true
n03323	53	0.5800	n05082	n00438 n04114 n04341	1459		true
n03324	38	0.5800	n01521	n04794 n04905	278		true
n03325	36	0.5800	n03888	n02808 n04045	260		true
n03326	29	0.5800	n03162	n00948 n02482	468		true
n03327	28	0.5800	n03753 n03954	n00104 n01682	111		true
n03328	28	0.5800	n04883	n00587 n01311	174		true
n03329	26	0.5800	n01873	n01206 n02726	374		true
n03330	24	0.5800	n02147	n01312	173		true
n03331	24	0.5800	n04603	n00281 n05097	405		true
n03332	23	0.5800	n00534	n03576	459		true
n03333	24	0.5800	n02208	n03832	286		true
n03334	21	0.5800	n02142	n02613 n04046 n04318	317		true
n03335	19	0.5800	n03960	n00028 n04744	24		true
n03336	19	0.5800		n00075 n00871	1395		true
n03337	20	0.5800	n04593	n00840 n04724	290		true
n03338	21	0.5800	n01997	n01088 n02155 n03884	240		true
n03339	21	0.5800	n01309 n03018	n02822 n03025 n04485	194		true
n03340	21	0.5800	n05098	n02608 n03661	823		true
n03341	18	0.5800	n04275	n03228 n05374	234		true
n03342	18	0.5800	n00012	n00051 n01247	310		true
n03343	18	0.5800	n02479	n02221 n03785 n04959	848		true
n03344	16	0.5800	n04275	n00695	188		true
n03345	15	0.5800	n03896	n02568	689		true
n03346	15	0.5800	n03123	n00965	58		true
n03347	14	0.5800	n03117	n00960	524		true
n03348	13	0.5800	n03974	n02235 n03668	201		true
n03349	13	0.5800	n03268 n04347	n01761 n03609	201		true
n03350	12	0.5800	n02153	n00738 n01645	281		true
n03351	12	0.5800	n04275	n01624 n04775	2440		true
n03352	11	0.5800	n02799 n03954	n00148	432		true
n03353	10	0.5800		n00195	650		true
n03354	10	0.5800	n01688	n00478 n02203	219		true
n03355	10	0.5800	n04055	n00423 n03616	283		true
n03356	9	0.5800		n00735 n03679	88		true
n03357	9	0.5800	n04830	n01243	52		true
n03358	10	0.5800	n03956 n04539	n00978	167		true
n03359	9	0.5800	n04373	n00880	146		true
n03360	9	0.5800	n02529	n00753	191		true
n03361	9	0.5800		n01265	78		true
n03362	9	0.5800	n02161	n00458 n03313	100		true
n03363	8	0.5800	n03412	n01148	566		true
n03364	8	0.5800	n02799 n03954	n00623	88		true
n03365	9	0.5800	n02428	n04490	825		true
n03366	8	0.5800	n04547	n00276	223		true
n03367	8	0.5800	n03409	n01492 n02040	178		true
n03368	8	0.5800	n04463 n04554	n01271	135		true
n03369	8	0.5800	n04195	n01490	39		true
n03370	7	0.5800	n03525	n01144	117		true
n03371	7	0.5800	n01097	n01014	46		true
n03372	7	0.5800	n02023	n01484	64		true
n03373	7	0.5800	n02672		90		true
n03374	7	0.5800	n04988	n01382	333		true
n03375	6	0.5800	n03469	n01169	143		true
n03376	6	0.5800	n01099 n03841	n02056	102		true
n03377	6	0.5800	n03845	n01926	613		true
n03378	6	0.5800	n02885 n03274	n01298	163		true
n03379	5	0.5800	n03460 n04914		84		true
n03380	5	0.5800	n04275		90		true
n03381	5	0.5800	n05166		591		true
n03382	5	0.5800	n03664		43		true
n03383	6	0.5773	n01612		355		true
n03384	7	0.5758	n00030	n02132	100		true
n03385	6	0.5758	n00710	n02260	69		true
n03386	78	0.5700	n04275	n02750 n03075 n04517	213		true
n03387	54	0.5700	n04876	n02593 n05360	1868		true
n03388	41	0.5700	n00834 n02799	n03630 n04313 n04527 n05014	176		true
n03389	33	0.5700	n04791	n00543 n02152	487		true
n03390	35	0.5700	n05318	n03827 n04886	90		true
n03391	32	0.5700	n04510	n02603 n02652	598		true
n03392	28	0.5700	n02421	n01901 n05004	284		true
n03393	29	0.5700	n04275	n03762 n03984 n04097 n04658	444		true
n03394	25	0.5700	n03165	n04801	297		true
n03395	23	0.5700	n02799 n03954	n00952 n01628	405		true
n03396	24	0.5700	n02142	n00542 n00608	439		true
n03397	21	0.5700	n03694	n00053 n00580	30		true
n03398	20	0.5700	n04521	n03771 n05016	530		true
n03399	21	0.5700	n03625	n02452 n02989 n04142	576		true
n03400	20	0.5700	n01082	n02764 n03478	453		true
n03401	18	0.5700	n02799 n03954	n00440 n04641	87		true
n03402	16	0.5700	n01202	n00716 n02587	62		true
n03403	15	0.5700	n03560 n03954	n00072	42		true
n03404	14	0.5700	n05326	n00067	46		true
n03405	15	0.5700	n04275	n03774 n04834	325		true
n03406	14	0.5700	n04275	n01931 n02026 n05073	292		true
n03407	14	0.5700	n04435	n04156 n04934	126		true
n03408	12	0.5700	n04699 n04811	n05399	142		true
n03409	13	0.5700	n03083	n02629 n03367 n03441	288		true
n03410	12	0.5700	n03954	n00573 n01026	1548		true
n03411	13	0.5700	n04806	n01042 n02416 n03300	409		true
n03412	11	0.5700	n04629	n02455 n03363	574		true
n03413	11	0.5700	n02658	n00451	363		true
n03414	11	0.5700	n04288	n02235 n04566	108		true
n03415	10	0.5700	n04375	n00619	389		true
n03416	10	0.5700	n03281 n04921	n00631	58		true
n03417	10	0.5700	n04728 n04811	n02516	143		true
n03418	10	0.5700	n03454	n02508	4415		true
n03419	9	0.5700	n03118 n04213	n00439	123		true
n03420	9	0.5700	n03766	n00279	102		true
n03421	10	0.5700		n01351 n01914	2243		true
n03422	9	0.5700	n03573	n00776	41		true
n03423	8	0.5700	n05217	n01471	61		true
n03424	8	0.5700	n04374		81		true
n03425	8	0.5700	n04239		136		true
n03426	8	0.5700	n01094 n05141	n01380	608		true
n03427	8	0.5700		n01483 n01995	187		true
n03428	8	0.5700		n00638	55		true
n03429	7	0.5700	n00958	n00639 n01075	5		true
n03430	7	0.5700	n05375	n01019	43		true
n03431	8	0.5700	n02016	n01257	47		true
n03432	7	0.5700	n02142	n01646	364		true
n03433	7	0.5700	n01534		92		true
n03434	7	0.5700	n03649	n01577	53		true
n03435	8	0.5700	n02799 n03954	n00637	75		true
n03436	6	0.5700	n04275	n01914	671		true
n03437	6	0.5700	n03954		53		true
n03438	6	0.5700	n04366		44		true
n03439	6	0.5700	n02142	n01176	76		true
n03440	7	0.5657	n03135	n01399	100		true
n03441	6	0.5657	n03409	n01173	151		true
n03442	6	0.5657	n01226	n01174	37		true
n03443	5	0.5625	n01544		144		true
n03444	37	0.5600	n02799 n03505	n00838 n02934	871		true
n03445	35	0.5600	n03117	n00006	205		true
n03446	27	0.5600	n01875	n03107 n04206 n04361 n04398	356		true
n03447	25	0.5600	n04275	n00544 n03240	1373		true
n03448	24	0.5600		n02655	696		true
n03449	26	0.5600	n04594	n03122 n04388 n05370	337		true
n03450	24	0.5600	n02922	n01208 n04723	1829		true
n03451	23	0.5600	n03167	n03131 n05333	391		true
n03452	22	0.5600	n05328	n03024 n05120	665		true
n03453	18	0.5600	n01947 n04038	n02932 n03978	332		true
n03454	19	0.5600	n02976	n02285 n03418	4424		true
n03455	18	0.5600	n00359	n00100 n01905 n02740	350		true
n03456	17	0.5600	n02281	n00956 n02884	207		true
n03457	16	0.5600	n03117	n00962 n05391	165		true
n03458	15	0.5600	n03954 n04359	n03004 n03787	275		true
n03459	16	0.5600	n02521	n05044 n05379	572		true
n03460	14	0.5600		n01548 n03379 n03537 n03948	2081		true
n03461	13	0.5600	n03902	n00852	353		true
n03462	12	0.5600	n02142	n02167 n03919	124		true
n03463	13	0.5600	n02560 n04877	n02346 n02785	710		true
n03464	13	0.5600	n00955	n04252	299		true
n03465	12	0.5600	n02142 n04428	n01099	335		true
n03466	13	0.5600	n04821	n02393 n03993	145		true
n03467	12	0.5600	n04275	n00108	752		true
n03468	11	0.5600	n02702 n04624	n00144	27		true
n03469	12	0.5600	n04902	n01840 n03375	158		true
n03470	11	0.5600	n04892	n02173	255		true
n03471	11	0.5600	n02980	n02309 n02583	210		true
n03472	12	0.5600	n01205	n04781 n05162	536		true
n03473	12	0.5600	n02142	n04557	261		true
n03474	11	0.5600	n03704	n00864 n03686	250		true
n03475	10	0.5600	n00042	n02355 n02365	81		true
n03476	11	0.5600	n01089	n02582 n02689	209		true
n03477	10	0.5600	n02934	n00719	261		true
n03478	10	0.5600	n02287 n03400	n01232 n01745	167		true
n03479	9	0.5600	n03985 n05236	n00621	93		true
n03480	9	0.5600		n01260 n01519	140		true
n03481	10	0.5600	n04924	n01388 n01721	156		true
n03482	9	0.5600	n03524 n04237	n01976	367		true
n03483	8	0.5600	n05006 n05044		167		true
n03484	8	0.5600	n04449	n01027	67		true
n03485	8	0.5600	n00849	n00285 n01189	37		true
n03486	8	0.5600	n04843	n01384	219		true
n03487	8	0.5600	n04275		60		true
n03488	9	0.5600	n05134	n00501	247		true
n03489	9	0.5600	n03235	n03115 n03553	131		true
n03490	7	0.5600	n05095	n01370	38		true
n03491	7	0.5600	n03954		41		true
n03492	7	0.5600	n04556	n01173	352		true
n03493	6	0.5600	n01949	n01662	74		true
n03494	6	0.5600	n00688	n00932	71		true
n03495	6	0.5600	n04557		86		true
n03496	7	0.5600	n04275	n01259	89		true
n03497	6	0.5600	n05027		1178		true
n03498	6	0.5600	n04937		859		true
n03499	5	0.5600	n04931		307		true
n03500	5	0.5591	n00104		10		true
n03501	7	0.5556	n03092		59		true
n03502	6	0.5556	n05201	n02259	93		true
n03503	5	0.5556			31		true
n03504	7	0.5510	n02346	n01153	51		true
n03505	41	0.5500	n03954	n03444 n05102	991		true
n03506	36	0.5500	n02072	n00008 n00162	114		true
n03507	23	0.5500	n02326	n02440 n03842	844		true
n03508	22	0.5500	n02423	n04530	94		true
n03509	21	0.5500	n02324	n02548 n03516	622		true
n03510	19	0.5500	n02967	n02485 n02659	178		true
n03511	19	0.5500	n04604	n02483 n02666	52		true
n03512	20	0.5500	n01523	n00954	182		true
n03513	18	0.5500	n03954	n01814 n04238	146		true
n03514	19	0.5500	n03264 n05332	n02216 n03515	227		true
n03515	16	0.5500	n03514	n00370 n01158	227		true
n03516	13	0.5500	n03509 n05227	n00089	138		true
n03517	14	0.5500	n03164	n00707 n01372	60		true
n03518	13	0.5500	n04275	n00685 n02545	163		true
n03519	13	0.5500	n04278	n02551 n02621	274		true
n03520	13	0.5500	n01521	n03134	2177		true
n03521	11	0.5500		n01101	129		true
n03522	11	0.5500	n03131 n05333	n00153 n04971	259		true
n03523	11	0.5500	n04343	n00902 n00989	207		true
n03524	12	0.5500	n04719	n02553 n03482	491		true
n03525	10	0.5500	n00367	n03370	117		true
n03526	10	0.5500	n04539	n00978	124		true
n03527	10	0.5500	n04304 n05102	n00719	204		true
n03528	10	0.5500	n05200	n00980 n02509	75		true
n03529	11	0.5500	n00053	n01008 n02119	29		true
n03530	10	0.5500	n03092	n00984	252		true
n03531	9	0.5500	n02826	n01634	256		true
n03532	10	0.5500	n03073 n05329	n01244 n03150	54		true
n03533	10	0.5500	n00073	n00227 n01988	173		true
n03534	9	0.5500	n02152	n00741	166		true
n03535	10	0.5500	n02936	n05309	73		true
n03536	10	0.5500	n03652 n04996	n00669 n01464	251		true
n03537	9	0.5500	n03460	n00626 n01850	2079		true
n03538	9	0.5500	n04275	n01559	316		true
n03539	8	0.5500	n03954		228		true
n03540	10	0.5500	n02142	n04270	873		true
n03541	9	0.5500	n02799 n04384	n01501	275		true
n03542	8	0.5500		n04495	70		true
n03543	8	0.5500	n05329	n01360	65		true
n03544	8	0.5500	n04275	n01640	455		true
n03545	7	0.5500	n02566 n03977		109		true
n03546	7	0.5500	n02723		115		true
n03547	7	0.5500	n00553	n02196	127		true
n03548	7	0.5500	n01537	n01166	86		true
n03549	6	0.5500	n01757 n02380	n00682	82		true
n03550	6	0.5500	n02758		42		true
n03551	6	0.5500	n02993	n02262	64		true
n03552	5	0.5500	n02608		397		true
n03553	5	0.5500	n03489		48		true
n03554	6	0.5455	n02565	n02202	81		true
n03555	5	0.5455	n05271		19		true
n03556	5	0.5455	n04077		1146		true
n03557	5	0.5455	n03831		114		true
n03558	5	0.5417	n01442 n01893		63		true
n03559	5	0.5408	n03954 n05354		29		true
n03560	203	0.5400	n02799	n01304 n02332 n03403 n04529 n05208	2487		true
n03561	43	0.5400	n02591	n02519	210		true
n03562	36	0.5400	n05312 n05315	n00012 n03642	408		true
n03563	32	0.5400	n02868	n04996	280		true
n03564	31	0.5400	n02519	n02422 n03990	188		true
n03565	30	0.5400	n03117	n01125 n02596	422		true
n03566	29	0.5400	n03117	n00084 n02215	297		true
n03567	32	0.5400	n03955	n03188 n03756 n05098	1006		true
n03568	25	0.5400	n03954	n01310	221		true
n03569	25	0.5400	n00532	n02717 n04056 n04642	677		true
n03570	25	0.5400	n03117	n01810 n04406	612		true
n03571	23	0.5400	n04278	n01083	986		true
n03572	21	0.5400	n05195	n00032 n01025 n04085	324		true
n03573	21	0.5400	n03954	n02151 n03422	65		true
n03574	19	0.5400		n03031 n03737	488		true
n03575	19	0.5400	n04205	n01316 n03874	56		true
n03576	19	0.5400	n03332	n00036	118		true
n03577	16	0.5400	n01810	n02880 n04776 n05372	538		true
n03578	15	0.5400	n03960	n00370	379		true
n03579	15	0.5400	n03968	n01323 n02623	329		true
n03580	15	0.5400	n03966	n03285 n04645 n04657	250		true
n03581	14	0.5400	n03022	n02039 n02615	1785		true
n03582	13	0.5400	n01755	n01443 n03745	167		true
n03583	12	0.5400	n05008	n00709	88		true
n03584	13	0.5400	n04991	n00979 n05172	218		true
n03585	12	0.5400	n00040	n01475 n01772 n03214	340		true
n03586	12	0.5400	n00022	n01446	368		true
n03587	12	0.5400	n02703	n00474 n01709	58		true
n03588	11	0.5400	n03283	n00410 n02409	188		true
n03589	10	0.5400	n04723 n04804	n00977	280		true
n03590	11	0.5400	n02428	n02412 n04490	829		true
n03591	10	0.5400	n02799 n03954	n00593	85		true
n03592	11	0.5400	n02534	n02906 n03728	91		true
n03593	10	0.5400	n04275	n00218	91		true
n03594	9	0.5400	n00374	n04875	691		true
n03595	9	0.5400	n02799 n03954	n01366	121		true
n03596	9	0.5400	n05029	n01905	114		true
n03597	8	0.5400	n01201 n05133	n00756	129		true
n03598	9	0.5400	n03098	n00748	220		true
n03599	8	0.5400	n00959	n00497	243		true
n03600	8	0.5400	n02388	n00931 n01266	130		true
n03601	7	0.5400	n05091		307		true
n03602	7	0.5400	n03117		72		true
n03603	8	0.5400	n04308	n02068 n03157	38		true
n03604	7	0.5400	n05142		525		true
n03605	7	0.5400	n00698	n00498	73		true
n03606	7	0.5400	n01958		323		true
n03607	7	0.5400			360		true
n03608	6	0.5400	n04739		117		true
n03609	6	0.5400	n03349	n02265	176		true
n03610	6	0.5400	n02220 n03918		43		true
n03611	6	0.5400			648		true
n03612	6	0.5400		n02190	54		true
n03613	6	0.5400	n04064		40		true
n03614	6	0.5400	n05210	n01665	44		true
n03615	6	0.5400	n04560	n02248	450		true
n03616	6	0.5400	n03355	n01865	272		true
n03617	6	0.5400	n04275	n01798	60		true
n03618	5	0.5400	n05284		84		true
n03619	5	0.5400	n03237		62		true
n03620	6	0.5361	n05036	n01806	15		true
n03621	10	0.5354	n03232	n00771 n04101	82		true
n03622	7	0.5354	n02089	n01411	306		true
n03623	6	0.5354	n02675	n00670	34		true
n03624	64	0.5300	n02143	n02560 n02595 n05199	1036		true
n03625	58	0.5300	n03955	n03399 n03786 n04281	750		true
n03626	36	0.5300		n02278 n05251	675		true
n03627	36	0.5300	n02752	n01200 n01584	377		true
n03628	35	0.5300	n01872	n03171 n04699	465		true
n03629	30	0.5300	n04106	n04702 n05237	638		true
n03630	31	0.5300	n03388	n02478 n04007	168		true
n03631	26	0.5300	n04996	n02209	217		true
n03632	27	0.5300	n01201 n02142	n02707 n04800	337		true
n03633	25	0.5300	n00006	n03636 n03768	96		true
n03634	23	0.5300	n02142 n04428	n01099 n02382 n03841	361		true
n03635	22	0.5300	n02561	n00862 n03226	150		true
n03636	22	0.5300	n03633	n00134 n02565	96		true
n03637	19	0.5300	n04429	n00164 n02830	105		true
n03638	18	0.5300	n04416	n03846 n04140	1916		true
n03639	17	0.5300	n04899	n00548	22		true
n03640	17	0.5300	n03687	n01317 n02850	103		true
n03641	17	0.5300	n03076	n01566 n01697	140		true
n03642	15	0.5300	n03078 n03562	n00057	160		true
n03643	15	0.5300	n02807	n00701	95		true
n03644	14	0.5300	n03954	n00904 n01562	118		true
n03645	15	0.5300	n03020	n02839 n04839	56		true
n03646	17	0.5300	n02142	n02776 n05243	761		true
n03647	14	0.5300	n04116	n00596 n01776	430		true
n03648	13	0.5300	n00025	n00135	57		true
n03649	14	0.5300	n03117	n02163 n03434	109		true
n03650	13	0.5300	n04198	n02724 n03239	392		true
n03651	12	0.5300	n02764	n00163	443		true
n03652	13	0.5300	n02868	n03109 n03536	251		true
n03653	11	0.5300	n03022	n01102 n03727	645		true
n03654	13	0.5300	n05358	n02900 n04573 n05182	849		true
n03655	11	0.5300	n02142	n02862 n04670	132		true
n03656	10	0.5300	n04297	n00196	902		true
n03657	10	0.5300	n02287	n01232	146		true
n03658	12	0.5300	n01529	n01709 n02464	53		true
n03659	11	0.5300	n03954	n00767 n03875	137		true
n03660	10	0.5300		n00873	482		true
n03661	10	0.5300	n03340	n02181	333		true
n03662	10	0.5300	n02932	n04335	332		true
n03663	9	0.5300	n03954	n01483	185		true
n03664	9	0.5300	n02677	n02244 n03382	70		true
n03665	8	0.5300		n00469	100		true
n03666	8	0.5300	n02142	n00640	1027		true
n03667	7	0.5300	n04707	n00486	37		true
n03668	8	0.5300	n03348	n01254	145		true
n03669	7	0.5300		n00929	55		true
n03670	8	0.5300		n02042	2637		true
n03671	7	0.5300		n01149	223		true
n03672	6	0.5300	n04391		138		true
n03673	6	0.5300	n04066	n01506	135		true
n03674	6	0.5300	n02799 n03954	n02124	25		true
n03675	6	0.5300	n01960	n02122	80		true
n03676	6	0.5300	n01597	n01862	2132		true
n03677	6	0.5300		n02255	2248		true
n03678	5	0.5300	n01819 n04127		57		true
n03679	6	0.5300	n03356 n05253	n01924	74		true
n03680	5	0.5300	n04391 n04912		110		true
n03681	7	0.5253	n02332		1863		true
n03682	6	0.5253	n00558	n01587	85		true
n03683	6	0.5253	n04791 n04827	n02319	559		true
n03684	6	0.5253	n02024		95		true
n03685	6	0.5204	n01439	n01408	41		true
n03686	5	0.5204	n03474 n05121		168		true
n03687	45	0.5200	n04275	n01592 n03640	348		true
n03688	43	0.5200	n03957	n02561 n04118	1511		true
n03689	32	0.5200	n04342	n04426	689		true
n03690	31	0.5200	n02277	n00246 n01752	233		true
n03691	31	0.5200	n04278	n01083 n02621	989		true
n03692	29	0.5200	n03954	n02294 n02601	434		true
n03693	27	0.5200	n04512	n00450 n01313	2142		true
n03694	24	0.5200	n03119	n02283 n03397	36		true
n03695	22	0.5200	n00006	n01949	99		true
n03696	22	0.5200	n02563	n00102 n00123	90		true
n03697	22	0.5200	n04275	n00691	955		true
n03698	22	0.5200		n02348 n02437	1027		true
n03699	25	0.5200	n02207	n03124 n04617	339		true
n03700	22	0.5200	n02075	n00203 n00845 n04923	459		true
n03701	20	0.5200	n01309 n03018	n00872 n01566 n03852	169		true
n03702	20	0.5200	n01876 n02974	n00037	2016		true
n03703	23	0.5200	n02424	n02718 n04735	488		true
n03704	20	0.5200	n03266	n02483 n03474 n05121	260		true
n03705	18	0.5200	n04358	n04308 n04913	135		true
n03706	16	0.5200	n02142	n00367	122		true
n03707	16	0.5200	n02599	n01215 n05385	116		true
n03708	14	0.5200	n01310	n02012	80		true
n03709	16	0.5200	n03273	n02291 n04851	251		true
n03710	13	0.5200	n04275	n00853	93		true
n03711	14	0.5200	n03956	n01600	237		true
n03712	12	0.5200	n01685	n01238 n01463	39		true
n03713	12	0.5200	n03167	n02782 n03302	507		true
n03714	12	0.5200	n04275	n00406 n03744	572		true
n03715	13	0.5200	n03954	n02447 n03299	707		true
n03716	12	0.5200	n04044	n00462	181		true
n03717	11	0.5200	n03275 n05023 n05226	n00188 n01992	69		true
n03718	11	0.5200	n04717	n03197	66		true
n03719	11	0.5200	n02811	n02397	2056		true
n03720	10	0.5200	n02752 n04438 n04718	n00224 n01981	305		true
n03721	10	0.5200	n05043	n01715 n02123	736		true
n03722	10	0.5200	n05239	n01243 n03210	73		true
n03723	10	0.5200	n01687	n02034	38		true
n03724	8	0.5200	n00028	n01728 n03156	24		true
n03725	9	0.5200	n03224	n01797	32		true
n03726	8	0.5200	n00070	n02046	140		true
n03727	8	0.5200	n03653	n00769	236		true
n03728	8	0.5200	n03592 n05246	n01361	83		true
n03729	8	0.5200	n00025	n02645	134		true
n03730	7	0.5200	n04466	n01415 n01507	84		true
n03731	7	0.5200	n04440	n01260	93		true
n03732	7	0.5200	n02668	n01986	1128		true
n03733	7	0.5200	n01091		101		true
n03734	7	0.5200	n03853	n02191	105		true
n03735	6	0.5200	n02302		120		true
n03736	6	0.5200	n02593 n05360		339		true
n03737	6	0.5200	n03574	n01923 n02251	61		true
n03738	6	0.5200	n02840	n01796	95		true
n03739	6	0.5200	n00970 n05384		81		true
n03740	6	0.5200	n00965	n01941	37		true
n03741	5	0.5200	n04243 n05280		81		true
n03742	5	0.5200	n05052		34		true
n03743	5	0.5200	n03864 n03987		90		true
n03744	5	0.5200	n03714		452		true
n03745	5	0.5200	n03582		63		true
n03746	5	0.5200	n04660		45		true
n03747	7	0.5155	n00090		45		true
n03748	8	0.5152	n01322	n01793	287		true
n03749	6	0.5152	n01620 n03101		149		true
n03750	128	0.5100	n02700	n00070 n00604 n02653 n04591	1463		true
n03751	98	0.5100	n01871	n02149 n03118	841		true
n03752	58	0.5100	n03117	n00211 n00888 n02379 n02756 n04611	1381		true
n03753	40	0.5100		n03327 n04109	240		true
n03754	29	0.5100	n01874	n03012 n04356	1639		true
n03755	27	0.5100	n04984	n01092 n02154	469		true
n03756	25	0.5100	n03567	n00221 n02608	982		true
n03757	23	0.5100	n02799 n03954	n01880 n05375	294		true
n03758	22	0.5100	n01200	n00016	260		true
n03759	19	0.5100	n01946	n00025 n02983	155		true
n03760	18	0.5100	n02799 n03954	n00730 n00847	135		true
n03761	17	0.5100	n04036	n03769 n03991	163		true
n03762	19	0.5100	n03393	n03092 n05052	408		true
n03763	16	0.5100	n04889	n01331 n01832	267		true
n03764	18	0.5100	n04360	n01688 n03845	663		true
n03765	17	0.5100	n00017	n02349 n04633	213		true
n03766	15	0.5100	n03954	n03420	391		true
n03767	14	0.5100	n02657	n01229 n04327 n04782	88		true
n03768	14	0.5100	n01949 n03633	n02987 n04489	85		true
n03769	14	0.5100	n03761	n00241 n00594	163		true
n03770	14	0.5100	n02426	n04941	185		true
n03771	14	0.5100	n03398 n05330	n03140 n03290	530		true
n03772	13	0.5100	n04999	n00179 n00754	14		true
n03773	12	0.5100	n02142	n00713	50		true
n03774	12	0.5100	n03405	n02547 n02732	325		true
n03775	12	0.5100	n02874	n02229	171		true
n03776	13	0.5100	n05201	n02513 n04154	166		true
n03777	11	0.5100	n04123	n02027	90		true
n03778	11	0.5100	n01811	n02456 n03946	28		true
n03779	11	0.5100	n04275	n00570	238		true
n03780	12	0.5100	n00956	n00572	137		true
n03781	11	0.5100	n02924	n00884 n01130	409		true
n03782	12	0.5100	n03842	n02310 n02954	281		true
n03783	11	0.5100	n03954	n00279	46		true
n03784	11	0.5100	n02379	n01141 n01346	65		true
n03785	11	0.5100	n02664 n03343	n01336 n04083	820		true
n03786	10	0.5100	n03625	n01109	168		true
n03787	10	0.5100	n02878 n03458	n00264	235		true
n03788	9	0.5100	n05366	n00906	212		true
n03789	9	0.5100	n04373	n00880 n01913	171		true
n03790	10	0.5100	n02767 n04125	n00825 n00993	152		true
n03791	9	0.5100	n00688	n01778 n03321	529		true
n03792	9	0.5100	n03078 n04549	n01069	124		true
n03793	9	0.5100	n00540	n01714 n04493	306		true
n03794	9	0.5100	n04469	n03064	241		true
n03795	9	0.5100	n04370	n00455	975		true
n03796	8	0.5100	n01886	n00756	147		true
n03797	9	0.5100	n04275	n04180	1118		true
n03798	8	0.5100	n02799 n03954	n00277	46		true
n03799	8	0.5100	n02799 n03954		724		true
n03800	8	0.5100	n02088	n01463	29		true
n03801	8	0.5100	n01433	n00348 n01515	51		true
n03802	8	0.5100	n02866	n00483	1102		true
n03803	7	0.5100	n02142	n01652	61		true
n03804	7	0.5100	n01435	n01145	53		true
n03805	7	0.5100	n03117	n02045	367		true
n03806	7	0.5100	n02678	n02126	29		true
n03807	7	0.5100	n00707	n00780	31		true
n03808	7	0.5100	n03954	n01154	365		true
n03809	7	0.5100	n04896	n01411	282		true
n03810	7	0.5100	n04291	n01262	45		true
n03811	8	0.5100	n04246 n05142	n01246	393		true
n03812	7	0.5100		n01267	67		true
n03813	6	0.5100	n05380	n01518	28		true
n03814	6	0.5100			66		true
n03815	6	0.5100	n02142	n02259	138		true
n03816	6	0.5100	n02142		1112		true
n03817	5	0.5100	n02082		110		true
n03818	5	0.5100	n02970		43		true
n03819	6	0.5053	n01609	n01572	60		true
n03820	7	0.5052	n02341	n00641	186		true
n03821	6	0.5051	n01433	n00348	145		true
n03822	85	0.5000	n03117	n01552 n02865	3459		true
n03823	42	0.5000	n05312	n00012 n00383 n01115	435		true
n03824	37	0.5000	n02799 n03954	n01639 n03163	917		true
n03825	31	0.5000	n04275	n02671 n03127 n05231	298		true
n03826	30	0.5000	n02799 n03954	n02656 n04547 n04895	584		true
n03827	27	0.5000	n03390	n03848 n05005	76		true
n03828	25	0.5000	n04603	n01764 n02704 n04749	628		true
n03829	21	0.5000	n01593	n03969 n04368 n04640	596		true
n03830	20	0.5000	n02597	n02006 n05249	242		true
n03831	20	0.5000	n03117	n00159 n02090 n03557	301		true
n03832	21	0.5000	n03333	n01093 n05019	259		true
n03833	20	0.5000	n05194	n00317 n04538	91		true
n03834	18	0.5000	n01999	n01101 n05254	159		true
n03835	18	0.5000	n03019	n01231 n01433	194		true
n03836	18	0.5000	n02975	n03185 n04236	159		true
n03837	17	0.5000	n03117	n00054 n01863	302		true
n03838	15	0.5000	n03072	n00389 n01718	391		true
n03839	15	0.5000	n02799 n03954	n00694 n05042	88		true
n03840	16	0.5000	n00018	n00061 n02722	922		true
n03841	17	0.5000	n03634	n00220 n01852 n03376	287		true
n03842	15	0.5000	n03273 n03507	n02291 n03782	281		true
n03843	14	0.5000	n04505	n00073	191		true
n03844	14	0.5000	n00540	n00398	366		true
n03845	14	0.5000	n03764	n01327 n03377	663		true
n03846	13	0.5000	n03638	n01890 n03206	1451		true
n03847	12	0.5000	n05026	n00134	102		true
n03848	12	0.5000	n03827	n00772 n01457	44		true
n03849	12	0.5000	n02142	n01030 n02694	97		true
n03850	10	0.5000	n01525	n02238	189		true
n03851	11	0.5000	n04598	n01902 n04500	858		true
n03852	10	0.5000	n02700 n03025 n03701	n00430 n02130	144		true
n03853	11	0.5000	n01678	n01970 n03734	105		true
n03854	11	0.5000	n02142	n04770	302		true
n03855	9	0.5000	n04300 n04377	n01720	227		true
n03856	9	0.5000	n01814	n00645	56		true
n03857	9	0.5000	n04882	n02184	1167		true
n03858	9	0.5000		n01836	66		true
n03859	9	0.5000	n05197	n00753	164		true
n03860	8	0.5000	n04275	n01170	32		true
n03861	8	0.5000	n05236	n00621	330		true
n03862	8	0.5000	n04275	n01564	85		true
n03863	8	0.5000	n02227	n01167	122		true
n03864	9	0.5000	n02799 n03954	n03743	96		true
n03865	8	0.5000	n04275	n00288	2839		true
n03866	8	0.5000	n04217 n04738	n00917	390		true
n03867	8	0.5000	n04061		240		true
n03868	8	0.5000	n04521	n00524 n01666	94		true
n03869	7	0.5000	n04441	n01922	175		true
n03870	7	0.5000	n03980	n00918	119		true
n03871	7	0.5000	n04314		45		true
n03872	7	0.5000	n02815	n00907	185		true
n03873	7	0.5000	n02142		1154		true
n03874	6	0.5000	n03575 n04419		26		true
n03875	6	0.5000	n03659		94		true
n03876	6	0.5000	n03918		61		true
n03877	7	0.5000	n02543	n01516 n02254	134		true
n03878	6	0.5000	n04275		502		true
n03879	5	0.5000	n04732		3		true
n03880	5	0.5000	n03900		90		true
n03881	6	0.5000	n01610	n01290	194		true
n03882	6	0.5000	n01042 n03300	n01663	95		true
n03883	5	0.5000	n02799 n03954		24		true
n03884	7	0.4949	n03338		225		true
n03885	7	0.4949	n00052	n01377	242		true
n03886	5	0.4949	n01606 n01709		50		true
n03887	7	0.4945	n01693	n01046	42		true
n03888	47	0.4900	n02799 n03954	n00075 n03325	379		true
n03889	30	0.4900	n04275	n02975 n04113	211		true
n03890	30	0.4900	n04031	n02423 n04212	155		true
n03891	28	0.4900	n04595	n00008	115		true
n03892	28	0.4900	n02753	n04294 n05094	849		true
n03893	26	0.4900	n01079	n01809 n04323 n04442	220		true
n03894	23	0.4900	n02799 n03954	n00539	154		true
n03895	22	0.4900	n03954	n04384 n05102	530		true
n03896	21	0.4900	n04275	n03345	713		true
n03897	23	0.4900	n03162	n01896 n02482	446		true
n03898	22	0.4900	n05325	n02941 n05341	570		true
n03899	20	0.4900	n04605	n01524 n02498	269		true
n03900	20	0.4900	n04592	n02978 n03880 n04129	147		true
n03901	19	0.4900	n04895	n00194 n00711 n04414	424		true
n03902	16	0.4900	n02528	n01319 n03461	355		true
n03903	17	0.4900	n04118	n01531 n04669	1421		true
n03904	15	0.4900	n05109 n05322 n05327	n01246 n03931 n04683	320		true
n03905	14	0.4900	n04705	n02386 n02741	214		true
n03906	14	0.4900	n04431	n00419 n00882	197		true
n03907	13	0.4900	n05350	n01478 n05045	417		true
n03908	15	0.4900	n04275	n01343 n04935	6680		true
n03909	14	0.4900	n03160	n01366 n03192	586		true
n03910	12	0.4900	n00949	n02298	169		true
n03911	12	0.4900	n00021	n02175 n03304	67		true
n03912	13	0.4900	n00364	n00778 n05061	170		true
n03913	12	0.4900	n02142	n02031 n02178	351		true
n03914	12	0.4900	n02799 n03954	n02952	203		true
n03915	13	0.4900	n02378	n02460 n05070	335		true
n03916	10	0.4900	n04889	n01035 n01108	64		true
n03917	10	0.4900	n01199 n02931	n00722	899		true
n03918	10	0.4900	n02814	n02312 n03610 n03876	88		true
n03919	9	0.4900	n03462	n01118	124		true
n03920	9	0.4900	n01197 n05321	n03066 n03147	34		true
n03921	10	0.4900	n01318	n00612	2416		true
n03922	12	0.4900		n03247 n03248	144		true
n03923	10	0.4900	n00555 n03284	n00207 n03253	127		true
n03924	9	0.4900	n01952	n01468 n02126	236		true
n03925	9	0.4900	n04275	n04869	458		true
n03926	8	0.4900	n02523	n01136	1085		true
n03927	8	0.4900		n02114 n04583	708		true
n03928	8	0.4900	n02674	n01007	69		true
n03929	7	0.4900	n04621	n02264	30		true
n03930	8	0.4900	n04826	n00891	1056		true
n03931	7	0.4900	n03904		91		true
n03932	7	0.4900	n04227	n01657	79		true
n03933	7	0.4900	n03097		210		true
n03934	7	0.4900			2176		true
n03935	7	0.4900	n03322	n02272	1234		true
n03936	7	0.4900	n02142		155		true
n03937	6	0.4900	n03084 n04654		61		true
n03938	6	0.4900			489		true
n03939	6	0.4900	n04275		45		true
n03940	6	0.4900	n04275	n02127	46		true
n03941	5	0.4900	n02903		20		true
n03942	5	0.4898	n01333		78		true
n03943	6	0.4896	n01691	n02133	434		true
n03944	10	0.4848	n02933	n00204	185		true
n03945	7	0.4848	n00087		55		true
n03946	6	0.4848	n03778	n02128	24		true
n03947	6	0.4848	n02997	n00813	242		true
n03948	6	0.4848	n02776 n03460	n01850	252		true
n03949	6	0.4848	n02567 n04839		26		true
n03950	6	0.4848	n04275	n00827	64		true
n03951	5	0.4848	n02501		72		true
n03952	6	0.4845	n02342	n01868	142		true
n03953	7	0.4810	n00564	n01144	71		true
n03954	3223	0.4800		n00021 n00034 n00042 n00150 n00213 n00274 n00457 n00529 n00547 n00585 n00834 n00924 n01132 n01258 n01304 n01328 n01425 n01426 n01532 n01739 n01828 n01871 n02011 n02013 n02165 n02189 n02286 n02306 n02351 n02352 n02362 n02426 n02480 n02552 n02592 n02622 n02625 n02662 n02777 n02803 n02812 n02821 n02841 n02864 n02869 n02876 n02882 n02921 n02923 n02991 n03005 n03022 n03035 n03053 n03069 n03077 n03086 n03112 n03160 n03164 n03165 n03186 n03190 n03191 n03195 n03243 n03250 n03309 n03327 n03352 n03364 n03395 n03401 n03403 n03410 n03435 n03437 n03458 n03491 n03505 n03513 n03539 n03559 n03568 n03573 n03591 n03595 n03644 n03659 n03663 n03674 n03692 n03715 n03757 n03760 n03766 n03783 n03798 n03799 n03808 n03824 n03826 n03839 n03864 n03883 n03888 n03894 n03895 n03914 n03981 n03987 n03998 n04005 n04017 n04031 n04034 n04062 n04063 n04084 n04086 n04135 n04137 n04145 n04146 n04151 n04185 n04197 n04234 n04257 n04258 n04259 n04268 n04279 n04283 n04284 n04304 n04314 n04337 n04344 n04350 n04352 n04382 n04389 n04397 n04399 n04402 n04403 n04417 n04427 n04450 n04468 n04470 n04492 n04499 n04519 n04540 n04546 n04569 n04575 n04598 n04605 n04639 n04653 n04676 n04693 n04700 n04705 n04734 n04756 n04785 n04786 n04793 n04846 n04852 n04853 n04862 n04918 n04924 n04932 n04970 n04972 n04987 n04991 n04999 n05076 n05084 n05089 n05090 n05108 n05110 n05111 n05136 n05144 n05148 n05149 n05167 n05189 n05196 n05200 n05206 n05210 n05229 n05242 n05256 n05267 n05268 n05269 n05283 n05293 n05299 n05318 n05344 n05348 n05414	11760		true
n03955	89	0.4800	n04506	n03567 n03625	1346		true
n03956	48	0.4800	n02967	n02303 n03358 n03711 n04721 n05320	428		true
n03957	45	0.4800	n03117	n03688	1515		true
n03958	39	0.4800		n00630 n03959	1403		true
n03959	33	0.4800	n03958 n04275	n01593	1059		true
n03960	32	0.4800	n03264 n04989	n02216 n03335 n03578	379		true
n03961	26	0.4800	n01306 n04891	n02813 n04456	1589		true
n03962	24	0.4800		n04359	2496		true
n03963	24	0.4800	n04275	n02855 n04216	506		true
n03964	22	0.4800	n00530	n01374 n05220	920		true
n03965	22	0.4800		n02874 n04311	357		true
n03966	20	0.4800	n04704	n00890 n03580	260		true
n03967	19	0.4800	n05324	n02284	1487		true
n03968	19	0.4800	n02801	n03579 n05241	330		true
n03969	18	0.4800	n03829	n01831 n02343	372		true
n03970	18	0.4800	n02327	n01285 n04371	231		true
n03971	16	0.4800	n04805	n01430 n05177	112		true
n03972	15	0.4800	n02423 n04212	n01884 n04002	127		true
n03973	16	0.4800	n04210 n04792	n01504 n02665	300		true
n03974	16	0.4800	n04288 n04879	n03348 n04312	244		true
n03975	15	0.4800	n02213	n00379 n01907	364		true
n03976	16	0.4800	n04592	n01835 n02775 n05373	839		true
n03977	16	0.4800	n00841	n00558 n03315 n03545	179		true
n03978	15	0.4800	n03453	n01822	332		true
n03979	14	0.4800	n05107	n00424 n00468	652		true
n03980	15	0.4800	n04110	n01701 n02992 n03870 n05046	428		true
n03981	14	0.4800	n02799 n03954	n00237 n00730	87		true
n03982	13	0.4800	n05224	n00092	415		true
n03983	15	0.4800	n03172	n04738 n05049	396		true
n03984	13	0.4800	n03393	n00245 n00984	283		true
n03985	13	0.4800	n02866	n03479	165		true
n03986	13	0.4800	n01084	n02233 n02450	528		true
n03987	11	0.4800	n02799 n03954	n03743	92		true
n03988	11	0.4800	n05339	n04981	122		true
n03989	10	0.4800	n01531 n03169	n00453	1391		true
n03990	10	0.4800	n03564 n04883	n00727	188		true
n03991	10	0.4800	n03761	n00594	57		true
n03992	12	0.4800	n02607	n01442 n04872	92		true
n03993	9	0.4800	n03466	n00758	71		true
n03994	10	0.4800	n00371	n00584	153		true
n03995	9	0.4800	n04717	n02187 n02243	55		true
n03996	10	0.4800	n00688	n02505	78		true
n03997	9	0.4800		n01847	308		true
n03998	10	0.4800	n03954	n01006 n01982	144		true
n03999	9	0.4800	n02529	n00751	100		true
n04000	9	0.4800	n02488	n00886	226		true
n04001	9	0.4800	n02142	n02107	340		true
n04002	8	0.4800	n03972 n05132	n01563	94		true
n04003	8	0.4800	n05150	n00467	542		true
n04004	8	0.4800	n02712	n00638 n01406	184		true
n04005	8	0.4800	n02799 n03954	n01239	52		true
n04006	8	0.4800	n04450	n00803 n02124	26		true
n04007	8	0.4800	n03630 n04527	n00257	41		true
n04008	8	0.4800	n03035		629		true
n04009	8	0.4800	n04114	n01496	519		true
n04010	7	0.4800	n02967 n03159		153		true
n04011	7	0.4800	n01426	n01013	44		true
n04012	7	0.4800	n01596 n04226	n01049	139		true
n04013	7	0.4800	n02348	n01732	106		true
n04014	7	0.4800	n04927		480		true
n04015	7	0.4800	n04158	n01391	277		true
n04016	7	0.4800	n04380	n01380	588		true
n04017	7	0.4800	n03954		185		true
n04018	7	0.4800	n02142		53		true
n04019	7	0.4800	n02008	n01401	976		true
n04020	6	0.4800	n00405		521		true
n04021	6	0.4800	n02442		108		true
n04022	6	0.4800	n03069	n00351	47		true
n04023	6	0.4800	n04275		62		true
n04024	5	0.4800	n02390		39		true
n04025	5	0.4800	n02967		334		true
n04026	5	0.4800	n01226		59		true
n04027	5	0.4796	n04834		56		true
n04028	10	0.4747	n01427	n00289 n01393	59		true
n04029	7	0.4747	n01436		341		true
n04030	7	0.4747	n04798	n00815	1980		true
n04031	74	0.4700	n03954	n03262 n03890	544		true
n04032	48	0.4700	n05313	n00537 n02806	722		true
n04033	42	0.4700	n02420 n04879	n04278	1004		true
n04034	38	0.4700	n02799 n03954	n01019 n03162	499		true
n04035	37	0.4700	n01423	n04357 n05332	326		true
n04036	34	0.4700	n05317	n02171 n02904 n03761	636		true
n04037	35	0.4700		n04428 n04437	587		true
n04038	29	0.4700	n01943	n01323 n03453 n05104	391		true
n04039	29	0.4700	n04275	n05203	250		true
n04040	24	0.4700	n04275	n01523	253		true
n04041	23	0.4700		n01340 n04900	1104		true
n04042	20	0.4700	n04275 n04351	n01430 n03297	94		true
n04043	18	0.4700	n02866	n03128 n04065	1047		true
n04044	17	0.4700	n04433	n03184 n03716	205		true
n04045	18	0.4700	n03325	n00703 n01044 n05165	130		true
n04046	17	0.4700	n03334	n00705 n02179	314		true
n04047	17	0.4700	n01677	n00060 n00762	901		true
n04048	16	0.4700	n03117	n02338 n04375	924		true
n04049	17	0.4700	n02971	n01687 n04222	78		true
n04050	15	0.4700	n01083	n05131	552		true
n04051	16	0.4700	n01308	n01818 n04678	1494		true
n04052	15	0.4700	n02760	n02161 n02907	150		true
n04053	14	0.4700	n04275	n00094 n01735	1185		true
n04054	14	0.4700	n02151	n00386	46		true
n04055	14	0.4700	n02759	n03355	283		true
n04056	13	0.4700	n03024 n03569	n00149	655		true
n04057	14	0.4700	n03227	n00257 n02099	116		true
n04058	14	0.4700	n00018	n02722 n02798	222		true
n04059	14	0.4700	n04429	n04159	1033		true
n04060	14	0.4700	n02142	n00970 n05384	220		true
n04061	14	0.4700	n04275	n01696 n03867	243		true
n04062	13	0.4700	n02799 n03954	n01777 n02952	77		true
n04063	13	0.4700	n03954 n04529	n01226	97		true
n04064	12	0.4700	n02280	n03613 n04758	86		true
n04065	11	0.4700	n04043	n01342	995		true
n04066	11	0.4700	n04596	n02548 n03673	623		true
n04067	11	0.4700	n03270	n00728 n02140	52		true
n04068	10	0.4700	n04879	n01254	194		true
n04069	9	0.4700		n00462 n01473	81		true
n04070	10	0.4700		n02511	115		true
n04071	9	0.4700	n05367	n02690	100		true
n04072	9	0.4700	n01212 n04143	n00877	51		true
n04073	9	0.4700	n04296	n00229	361		true
n04074	9	0.4700	n00536	n00263 n01261	38		true
n04075	9	0.4700	n05131	n00610	382		true
n04076	8	0.4700	n04828	n00755	48		true
n04077	8	0.4700	n02866	n01920 n03556	1146		true
n04078	8	0.4700	n01947 n05228	n01133	112		true
n04079	8	0.4700	n01093 n05019	n00766	185		true
n04080	8	0.4700	n00014 n04448	n00250	67		true
n04081	8	0.4700		n00786	111		true
n04082	8	0.4700	n03287	n00789	40		true
n04083	8	0.4700	n03785	n00773	99		true
n04084	7	0.4700	n03954	n00904	14		true
n04085	7	0.4700	n03572		142		true
n04086	7	0.4700	n02799 n03954	n02113	2127		true
n04087	7	0.4700	n04624	n01370	31		true
n04088	7	0.4700	n04524	n01289	108		true
n04089	7	0.4700	n05256	n02125	62		true
n04090	7	0.4700	n04152		69		true
n04091	8	0.4700	n04456	n01277	120		true
n04092	7	0.4700	n05114		845		true
n04093	6	0.4700	n03271		51		true
n04094	6	0.4700	n05242		104		true
n04095	6	0.4700	n01541	n01933	41		true
n04096	6	0.4700		n01269	82		true
n04097	6	0.4700	n03393		54		true
n04098	6	0.4700	n03117		56		true
n04099	6	0.4700	n04416	n00922	179		true
n04100	7	0.4646	n00398	n00509	129		true
n04101	6	0.4646	n03621 n04921		53		true
n04102	5	0.4646	n04137		86		true
n04103	70	0.4600	n03117	n02072 n02208 n04715	739		true
n04104	54	0.4600	n04275	n02940 n04787	922		true
n04105	49	0.4600		n02802 n04888	2220		true
n04106	43	0.4600	n02142	n03629 n04597	728		true
n04107	39	0.4600	n04275	n01079 n03135	228		true
n04108	34	0.4600	n05196	n04110 n04904	933		true
n04109	31	0.4600	n03753	n01682 n02014 n02306	234		true
n04110	29	0.4600	n04108	n03980 n04518	928		true
n04111	26	0.4600	n04275	n00535	142		true
n04112	23	0.4600	n04597 n04702	n02001 n02462	178		true
n04113	22	0.4600	n02562 n03889	n04616	152		true
n04114	23	0.4600	n03323 n04876	n02281 n04009	620		true
n04115	23	0.4600		n02538 n02656 n04547	515		true
n04116	22	0.4600	n04795	n02710 n03647	487		true
n04117	21	0.4600	n05085	n00447 n02080	1302		true
n04118	22	0.4600	n03688 n05092	n03289 n03903	1452		true
n04119	20	0.4600	n00532	n00600 n05120	296		true
n04120	19	0.4600	n05004	n05112	259		true
n04121	17	0.4600	n01311	n02380	142		true
n04122	17	0.4600	n05192 n05202	n02333 n02848	225		true
n04123	17	0.4600	n02967 n03159	n00444 n03777	213		true
n04124	16	0.4600	n02968 n04590	n00704 n01703	856		true
n04125	17	0.4600	n02812	n02017 n03790	337		true
n04126	18	0.4600	n04522	n00476 n03232	82		true
n04127	18	0.4600	n02525	n01119 n03678 n04155	179		true
n04128	16	0.4600	n04703	n02824 n05409	454		true
n04129	15	0.4600	n03900	n00693	79		true
n04130	15	0.4600	n04275	n01455 n03238	584		true
n04131	16	0.4600	n04275	n02586 n03032	2254		true
n04132	14	0.4600	n01087	n01955	81		true
n04133	14	0.4600	n04275	n02772 n05378	832		true
n04134	13	0.4600	n04216	n02095	101		true
n04135	13	0.4600	n02799 n03954	n01113	123		true
n04136	14	0.4600	n02142	n02172 n04843	243		true
n04137	13	0.4600	n03954	n01218 n04102	136		true
n04138	13	0.4600	n04275	n02679 n05275	145		true
n04139	12	0.4600		n00748 n03254	175		true
n04140	12	0.4600	n03638	n00481 n00911	1834		true
n04141	12	0.4600	n04513	n02300	1114		true
n04142	13	0.4600	n03399	n02574	223		true
n04143	12	0.4600	n03280	n04072	68		true
n04144	11	0.4600	n05228	n01133	356		true
n04145	11	0.4600	n03954	n01708 n03246	69		true
n04146	11	0.4600	n03954	n00573	342		true
n04147	11	0.4600	n03069 n04892	n00902 n01901	155		true
n04148	11	0.4600	n01679	n03045	131		true
n04149	11	0.4600	n05020	n02946	289		true
n04150	10	0.4600	n00048	n00222	160		true
n04151	10	0.4600	n02799 n03954	n03010	429		true
n04152	10	0.4600	n04289	n04090	88		true
n04153	11	0.4600	n05240	n02578 n04173	375		true
n04154	10	0.4600	n03776	n01622 n04687	166		true
n04155	10	0.4600	n04127 n05129	n02789 n05401	107		true
n04156	9	0.4600	n03407	n02242	67		true
n04157	9	0.4600	n04419	n01558	32		true
n04158	10	0.4600	n03117	n02692 n04015	309		true
n04159	10	0.4600	n04059	n03013	1033		true
n04160	8	0.4600	n03132	n01586 n02109	192		true
n04161	8	0.4600	n04882	n00779	124		true
n04162	8	0.4600		n01011	76		true
n04163	8	0.4600	n04275		173		true
n04164	8	0.4600	n05012	n01072	59		true
n04165	8	0.4600	n04275	n01357	127		true
n04166	8	0.4600	n02282		196		true
n04167	8	0.4600	n02428 n05209 n05352	n01249	243		true
n04168	8	0.4600	n01687 n04222	n01390 n01502	40		true
n04169	8	0.4600	n03117		424		true
n04170	7	0.4600	n03182		58		true
n04171	7	0.4600	n02833	n01912	92		true
n04172	7	0.4600	n04275	n01035	946		true
n04173	7	0.4600	n04153	n00932	142		true
n04174	8	0.4600	n04275	n03315	94		true
n04175	6	0.4600	n04275	n01735	1126		true
n04176	6	0.4600		n01642	19		true
n04177	6	0.4600	n04466	n01507	39		true
n04178	6	0.4600		n02135	67		true
n04179	6	0.4600	n00842	n02067	24		true
n04180	6	0.4600	n03797	n01038	1016		true
n04181	6	0.4600	n01613		2020		true
n04182	6	0.4600	n00711		182		true
n04183	6	0.4600	n00005		53		true
n04184	6	0.4600	n02536	n01910	202		true
n04185	5	0.4600	n02799 n03954		32		true
n04186	5	0.4600	n04557 n05091		129		true
n04187	5	0.4600	n04754		164		true
n04188	5	0.4588	n00136		38		true
n04189	5	0.4565	n00171		161		true
n04190	5	0.4557	n00406		202		true
n04191	11	0.4545	n00365	n00578	305		true
n04192	5	0.4545			62		true
n04193	8	0.4516	n00380		37		true
n04194	98	0.4500	n04275	n00003 n02144	1208		true
n04195	52	0.4500	n03261	n02918 n03369 n04622	294		true
n04196	41	0.4500	n02476	n03271 n04354	771		true
n04197	37	0.4500	n03954	n01874	2670		true
n04198	36	0.4500	n02142	n02779 n03650 n04296 n05303	845		true
n04199	37	0.4500	n00834 n02799	n02526 n04313 n04527 n05014	158		true
n04200	31	0.4500	n02561	n01531 n03169 n03226	1454		true
n04201	27	0.4500	n02142	n00243 n02809	644		true
n04202	26	0.4500	n04425	n01947 n05228	594		true
n04203	27	0.4500	n03161	n04216 n04818	294		true
n04204	25	0.4500	n02802	n01595 n01847	700		true
n04205	21	0.4500	n02971	n03575	56		true
n04206	21	0.4500	n03446	n02079	343		true
n04207	21	0.4500	n02476	n01550 n02614	266		true
n04208	20	0.4500	n04418	n00026 n04383	523		true
n04209	19	0.4500	n02278	n02660	217		true
n04210	20	0.4500	n02142 n04695	n03177 n03973	306		true
n04211	18	0.4500	n04886 n05005	n00368 n00772	39		true
n04212	18	0.4500	n03890	n03972 n05132	132		true
n04213	19	0.4500	n02149	n01616 n01900 n03419	125		true
n04214	18	0.4500		n00616 n04733	187		true
n04215	17	0.4500		n02485 n02854	168		true
n04216	17	0.4500	n03963 n04203	n03047 n04134 n05163	167		true
n04217	18	0.4500	n05082	n02835 n03866 n05362	416		true
n04218	18	0.4500	n02975	n02879 n04236	125		true
n04219	16	0.4500	n04790	n00053	52		true
n04220	15	0.4500	n03266 n04799	n00058	191		true
n04221	17	0.4500	n04290	n01552 n02780 n04578	3309		true
n04222	13	0.4500	n04049	n04168	50		true
n04223	13	0.4500	n05222	n00170 n01646	491		true
n04224	13	0.4500	n02805	n01439	121		true
n04225	12	0.4500	n02483	n00145 n01280	36		true
n04226	12	0.4500	n00014	n02446 n04012	139		true
n04227	13	0.4500		n00706 n03932	1791		true
n04228	14	0.4500	n04882	n00142 n03151	1709		true
n04229	13	0.4500	n01085	n00662 n02686	212		true
n04230	12	0.4500	n05357	n01284 n01767	2591		true
n04231	12	0.4500	n05208 n05351	n02023	64		true
n04232	12	0.4500	n05323	n01613	2126		true
n04233	11	0.4500	n04275	n01331	133		true
n04234	11	0.4500	n02799 n03954	n00423	244		true
n04235	11	0.4500	n02799 n05319	n01783 n04484	438		true
n04236	12	0.4500	n03836 n04218	n01259 n02851	98		true
n04237	12	0.4500	n04915	n03482 n04330	427		true
n04238	10	0.4500	n03513	n01704	105		true
n04239	11	0.4500	n04433 n05024	n03425	164		true
n04240	10	0.4500	n04431 n04905	n00882	160		true
n04241	11	0.4500	n02868	n03109	251		true
n04242	10	0.4500	n02610	n03143	87		true
n04243	9	0.4500	n02661 n04823	n02108 n03741	186		true
n04244	9	0.4500	n02598 n05353	n00235	147		true
n04245	9	0.4500	n03173	n00778	403		true
n04246	10	0.4500	n05109	n03811	393		true
n04247	10	0.4500	n02159	n02467	140		true
n04248	8	0.4500	n02340 n02718	n00266	236		true
n04249	9	0.4500	n02420	n03058	57		true
n04250	8	0.4500	n04644 n05035	n01929	456		true
n04251	8	0.4500	n04786	n01358	25		true
n04252	9	0.4500	n03464	n00912 n01904	96		true
n04253	8	0.4500	n05114		794		true
n04254	8	0.4500		n01567	64		true
n04255	7	0.4500			37		true
n04256	7	0.4500	n04275		78		true
n04257	8	0.4500	n03954	n01372	47		true
n04258	7	0.4500	n02799 n03954		300		true
n04259	7	0.4500	n03954	n01026	1543		true
n04260	7	0.4500	n02837		97		true
n04261	7	0.4500	n04612 n05140	n00818	455		true
n04262	7	0.4500	n02142		141		true
n04263	7	0.4500	n02229	n01571	120		true
n04264	7	0.4500	n04725		887		true
n04265	6	0.4500	n05114	n00823	147		true
n04266	6	0.4500	n04275		40		true
n04267	7	0.4500	n02142	n01723	62		true
n04268	7	0.4500	n03954	n01663	93		true
n04269	6	0.4500			113		true
n04270	6	0.4500	n03540	n01856	869		true
n04271	7	0.4490	n01692		63		true
n04272	6	0.4490	n00576 n04585	n00680	44		true
n04273	7	0.4444	n01440	n02121	388		true
n04274	6	0.4444	n00077	n00944	39		true
n04275	3391	0.4400		n00000 n00002 n00087 n00093 n00154 n00249 n00533 n00626 n00658 n00721 n00921 n01191 n01200 n01247 n01251 n01473 n01500 n01547 n01590 n01597 n01694 n01826 n01951 n02150 n02175 n02207 n02212 n02240 n02241 n02245 n02275 n02282 n02308 n02314 n02323 n02348 n02371 n02413 n02419 n02436 n02441 n02449 n02489 n02521 n02524 n02534 n02542 n02559 n02562 n02570 n02571 n02635 n02647 n02661 n02675 n02701 n02721 n02729 n02751 n02796 n02801 n02802 n02805 n02811 n02849 n02887 n02924 n02948 n02951 n02968 n02972 n03004 n03006 n03039 n03049 n03050 n03071 n03098 n03105 n03155 n03161 n03173 n03219 n03265 n03283 n03298 n03341 n03344 n03351 n03380 n03386 n03393 n03405 n03406 n03436 n03447 n03467 n03487 n03496 n03518 n03538 n03544 n03593 n03617 n03687 n03697 n03710 n03714 n03779 n03797 n03825 n03860 n03862 n03865 n03878 n03889 n03896 n03908 n03925 n03939 n03940 n03950 n03959 n03963 n04023 n04039 n04040 n04042 n04053 n04061 n04104 n04107 n04111 n04130 n04131 n04133 n04138 n04163 n04165 n04172 n04174 n04175 n04194 n04233 n04256 n04266 n04295 n04332 n04333 n04339 n04348 n04374 n04379 n04394 n04409 n04435 n04458 n04466 n04473 n04482 n04496 n04505 n04520 n04535 n04576 n04580 n04586 n04606 n04614 n04615 n04618 n04620 n04638 n04691 n04704 n04719 n04720 n04727 n04741 n04746 n04767 n04771 n04773 n04784 n04814 n04823 n04832 n04840 n04842 n04856 n04859 n04865 n04878 n04885 n04889 n04897 n04911 n04915 n04925 n04927 n04947 n04951 n04998 n05010 n05013 n05027 n05028 n05050 n05054 n05060 n05095 n05100 n05107 n05113 n05118 n05129 n05134 n05135 n05137 n05143 n05173 n05198 n05212 n05215 n05221 n05244 n05265 n05274 n05279 n05290 n05300 n05310 n05321 n05336 n05369 n05371 n05377 n05382 n05412 n05417	13376		true
n04276	53	0.4400	n04418	n01438 n05109 n05142 n05322 n05327	2602		true
n04277	46	0.4400	n02144	n00056 n04345	930		true
n04278	37	0.4400	n04033	n03519 n03571 n03691	1002		true
n04279	35	0.4400	n02799 n03954	n04641 n05002	246		true
n04280	31	0.4400		n02326	1139		true
n04281	31	0.4400	n03625	n01109 n04524	329		true
n04282	31	0.4400	n03261 n03263	n00953 n03176	109		true
n04283	28	0.4400	n02799 n03954	n00836	202		true
n04284	24	0.4400	n02799 n03954	n04289 n05259	247		true
n04285	23	0.4400	n04420	n01694 n02677	328		true
n04286	22	0.4400	n02142	n01427 n01540	125		true
n04287	20	0.4400	n02522	n02567 n02637 n04839	148		true
n04288	20	0.4400	n02275	n03414 n03974	263		true
n04289	19	0.4400	n04284	n02746 n02943 n04152 n04753	129		true
n04290	20	0.4400	n04424	n03288 n04221	3309		true
n04291	19	0.4400	n05317	n02171 n02904 n03810	636		true
n04292	18	0.4400	n05212	n00232 n03096	415		true
n04293	18	0.4400	n02072 n04715	n00162 n03102	65		true
n04294	18	0.4400	n03892	n00765 n04545	844		true
n04295	16	0.4400	n04275	n00056	62		true
n04296	18	0.4400	n04198	n03144 n04073 n04958	586		true
n04297	16	0.4400	n04348	n01953 n03656	1307		true
n04298	15	0.4400	n05011	n00575 n03312	443		true
n04299	16	0.4400	n02142	n00138 n02958 n04976	163		true
n04300	15	0.4400	n00689	n02997 n03855	308		true
n04301	14	0.4400	n03223 n04710	n00185 n00937	45		true
n04302	14	0.4400		n00232 n01351	2140		true
n04303	14	0.4400	n02813	n01961 n02681	1547		true
n04304	13	0.4400	n02799 n03954	n02249 n03527	286		true
n04305	12	0.4400	n02813	n01961	1546		true
n04306	11	0.4400	n03176	n00238	59		true
n04307	11	0.4400	n05011 n05359	n03312	443		true
n04308	12	0.4400	n03705	n02102 n03603	116		true
n04309	11	0.4400	n04520	n00203	124		true
n04310	10	0.4400	n03117	n00862	60		true
n04311	10	0.4400	n03965	n02097	211		true
n04312	10	0.4400	n03974	n02235	104		true
n04313	10	0.4400	n03388 n04199	n02354	39		true
n04314	10	0.4400	n03954	n02637 n03871	55		true
n04315	10	0.4400	n03276	n01968 n03014	50		true
n04316	10	0.4400	n01529		34		true
n04317	10	0.4400	n05000	n00672	64		true
n04318	10	0.4400	n03334	n02179	134		true
n04319	9	0.4400	n00056	n00330 n00887	8		true
n04320	9	0.4400	n02142	n02636	137		true
n04321	10	0.4400	n03117	n02317 n02402	478		true
n04322	10	0.4400	n02799 n05025	n00637	249		true
n04323	8	0.4400	n03893 n04997	n00275	142		true
n04324	8	0.4400	n01814	n00645 n02252	109		true
n04325	8	0.4400	n03117	n01409 n01666	101		true
n04326	7	0.4400	n04599	n01184	89		true
n04327	7	0.4400	n01527 n03767	n01470	73		true
n04328	7	0.4400	n01437		717		true
n04329	7	0.4400	n02296		66		true
n04330	7	0.4400	n04237	n01996	253		true
n04331	6	0.4400	n01532	n00831	25		true
n04332	6	0.4400	n04275		706		true
n04333	5	0.4400	n04275		109		true
n04334	8	0.4343	n04730	n00791	94		true
n04335	7	0.4343	n01822 n03662	n00677	332		true
n04336	5	0.4330	n00957		86		true
n04337	49	0.4300	n03954	n04512 n05127 n05195	2258		true
n04338	48	0.4300		n01011 n02322	479		true
n04339	45	0.4300	n04275	n00041 n02755	603		true
n04340	44	0.4300	n04417	n01678 n01880	543		true
n04341	43	0.4300	n03323 n04876	n02281 n02453 n03172	542		true
n04342	37	0.4300	n02142	n03306 n03689	695		true
n04343	34	0.4300		n01811 n03523	252		true
n04344	32	0.4300	n03954	n01307 n05164	293		true
n04345	32	0.4300	n04277 n04507	n00530	930		true
n04346	34	0.4300		n00786 n01201	398		true
n04347	31	0.4300	n02804	n00021 n03349	289		true
n04348	28	0.4300	n04275	n01677 n04297	1354		true
n04349	28	0.4300	n01304	n00537 n00915	362		true
n04350	27	0.4300	n02799 n03954	n05208 n05351	77		true
n04351	27	0.4300		n04042 n04805	132		true
n04352	26	0.4300	n03954	n01816 n02213	371		true
n04353	25	0.4300	n02701	n03075 n03221	179		true
n04354	25	0.4300	n04196	n04708 n05166	736		true
n04355	23	0.4300	n02802 n04888	n01847 n04804	381		true
n04356	24	0.4300	n03754	n01205	1474		true
n04357	22	0.4300	n04035	n00116 n02533	161		true
n04358	21	0.4300	n02142	n02304 n03705	135		true
n04359	22	0.4300	n03962	n03222 n03458	1952		true
n04360	21	0.4300	n02142	n03764 n05415	663		true
n04361	19	0.4300	n03446	n00384 n02460	350		true
n04362	18	0.4300		n03275 n05023	127		true
n04363	16	0.4300	n01752 n05213	n01690 n03091	121		true
n04364	17	0.4300		n02531	69		true
n04365	18	0.4300	n04700	n01217 n02498	661		true
n04366	16	0.4300	n03073 n05216	n02936 n03438	77		true
n04367	15	0.4300	n05091	n00172 n00729	670		true
n04368	15	0.4300	n03829	n01831 n02512	555		true
n04369	14	0.4300	n05196	n00657 n05046	330		true
n04370	16	0.4300	n02142	n00792 n02056 n03795	984		true
n04371	14	0.4300	n00839 n03970	n02492 n02966	231		true
n04372	14	0.4300	n02215	n01888	275		true
n04373	15	0.4300	n04894	n03359 n03789 n05069	201		true
n04374	14	0.4300	n04275	n02842 n03424 n04850	232		true
n04375	13	0.4300	n04048	n01219 n03415	924		true
n04376	13	0.4300	n02142	n00243 n00903	431		true
n04377	13	0.4300	n01081	n03855 n04752	234		true
n04378	13	0.4300	n04600	n00881 n02902	86		true
n04379	13	0.4300	n04275	n01624 n01735 n04775	2909		true
n04380	12	0.4300	n05347	n01711 n04016	592		true
n04381	11	0.4300		n02575 n03042	102		true
n04382	11	0.4300	n03954	n01015 n05164	53		true
n04383	11	0.4300	n04208	n00204	511		true
n04384	12	0.4300	n03895	n01612 n03541	420		true
n04385	11	0.4300	n00690	n01637	386		true
n04386	10	0.4300	n04634	n00878	229		true
n04387	10	0.4300	n02212	n02507 n05187	430		true
n04388	11	0.4300	n03449	n00167	63		true
n04389	11	0.4300	n03954	n00595 n02059	917		true
n04390	9	0.4300	n02420	n03058	79		true
n04391	9	0.4300	n04727	n03672 n03680	144		true
n04392	10	0.4300	n02153	n02506 n03060	995		true
n04393	9	0.4300	n05234	n00599	289		true
n04394	11	0.4300	n04275	n01978 n04760	994		true
n04395	9	0.4300	n02160	n01419	449		true
n04396	8	0.4300	n04821	n02040	161		true
n04397	9	0.4300	n02799 n03954	n00879 n02693	229		true
n04398	8	0.4300	n03446	n01472	234		true
n04399	7	0.4300	n02799 n03954		210		true
n04400	8	0.4300	n01884	n01563	99		true
n04401	7	0.4300	n02142		87		true
n04402	7	0.4300	n02799 n03954	n00317	154		true
n04403	7	0.4300	n02799 n03954	n00804	25		true
n04404	7	0.4300	n02671 n03127		56		true
n04405	7	0.4300	n02605	n01499	222		true
n04406	7	0.4300	n03570	n02045	436		true
n04407	7	0.4300	n02142	n01054	195		true
n04408	6	0.4300	n02649	n01184	89		true
n04409	6	0.4300	n04275	n02048	71		true
n04410	6	0.4300	n02615		455		true
n04411	6	0.4300	n04728		193		true
n04412	6	0.4300	n01748	n01855	37		true
n04413	6	0.4300	n02310 n02954	n01647	203		true
n04414	6	0.4255	n02538 n02656 n03901	n01936	151		true
n04415	5	0.4242	n04741		106		true
n04416	135	0.4200	n03117	n01142 n02520 n02584 n03072 n03200 n03638 n04099 n04446 n05043 n05361	2353		true
n04417	87	0.4200	n02799 n03954	n01873 n04340	864		true
n04418	72	0.4200	n04784	n01655 n04208 n04276	2655		true
n04419	45	0.4200	n01304	n02560 n02595 n03874 n04157 n04647	744		true
n04420	45	0.4200		n00018 n03130 n04285	1186		true
n04421	42	0.4200	n01590 n04787	n02753 n04465	857		true
n04422	41	0.4200	n02865	n02874 n04798	2207		true
n04423	38	0.4200	n03117	n02919 n05323	2126		true
n04424	36	0.4200	n04694	n04290 n04698	3315		true
n04425	29	0.4200	n01943	n04202	598		true
n04426	28	0.4200	n03689	n05000	689		true
n04427	27	0.4200	n02799 n03954	n00504 n00539	150		true
n04428	27	0.4200	n04037	n03465 n03634	535		true
n04429	27	0.4200	n04591	n03637 n04059	1036		true
n04430	25	0.4200	n01945	n01009 n01681	366		true
n04431	24	0.4200	n01521	n02984 n03134 n03906 n04240	483		true
n04432	22	0.4200	n02074	n00700 n03126	54		true
n04433	21	0.4200		n04044 n04239	244		true
n04434	19	0.4200	n02148	n00830 n04912	598		true
n04435	19	0.4200	n04275	n03407 n05241	251		true
n04436	18	0.4200	n03117	n00121 n00706	215		true
n04437	18	0.4200	n02142 n04037	n00206 n00220 n01852	250		true
n04438	18	0.4200		n01611 n02236 n03720	834		true
n04439	17	0.4200	n02142	n02488 n04459	234		true
n04440	18	0.4200		n03731 n04632	272		true
n04441	16	0.4200	n00356	n02005 n03869	217		true
n04442	17	0.4200	n03893 n04997	n02081 n04635	142		true
n04443	16	0.4200	n00011	n02819	400		true
n04444	15	0.4200		n01919 n02165	105		true
n04445	16	0.4200		n02341 n03030	312		true
n04446	16	0.4200	n04416	n02160 n04916	627		true
n04447	15	0.4200	n04525	n01600 n05147	319		true
n04448	15	0.4200	n00535	n02446 n02640 n04080	139		true
n04449	14	0.4200	n02869	n01887 n03484	82		true
n04450	15	0.4200	n02799 n03954	n01887 n04006	84		true
n04451	14	0.4200	n01684	n00175 n01128	321		true
n04452	14	0.4200	n03080	n01096 n04848	330		true
n04453	13	0.4200	n02751	n01435	163		true
n04454	13	0.4200	n02593	n00153 n01643	259		true
n04455	13	0.4200	n02142	n00414 n00502	271		true
n04456	14	0.4200	n03961 n05101	n00805 n04091	130		true
n04457	13	0.4200	n02142	n02727 n04761	80		true
n04458	13	0.4200	n04275	n04494 n05048	1146		true
n04459	12	0.4200	n04439	n01222	188		true
n04460	12	0.4200	n01526	n00389	160		true
n04461	11	0.4200	n02142	n01770 n02246	239		true
n04462	11	0.4200	n04729	n02692	326		true
n04463	11	0.4200	n05118	n03368	238		true
n04464	10	0.4200	n02593	n00184	1601		true
n04465	10	0.4200	n04421	n00460 n00765	343		true
n04466	12	0.4200	n04275	n02514 n03730 n04177	176		true
n04467	10	0.4200	n03079 n04513	n02915	337		true
n04468	10	0.4200	n03954	n01626	170		true
n04469	12	0.4200	n02159	n03794 n04946	276		true
n04470	10	0.4200	n02799 n03954	n03052 n03256	144		true
n04471	9	0.4200	n02142	n00455	535		true
n04472	9	0.4200		n01237	100		true
n04473	8	0.4200	n04275	n00461	202		true
n04474	8	0.4200	n04980 n05365	n00614	37		true
n04475	8	0.4200	n00533		32		true
n04476	9	0.4200	n00554	n02186	245		true
n04477	8	0.4200	n01887	n00803	70		true
n04478	9	0.4200	n02595 n05313	n03114	205		true
n04479	8	0.4200	n02291		174		true
n04480	7	0.4200		n01992	58		true
n04481	7	0.4200	n05342		78		true
n04482	7	0.4200	n04275	n01853	44		true
n04483	7	0.4200	n02981		1798		true
n04484	8	0.4200	n04235	n02416	424		true
n04485	7	0.4200	n02700 n03339	n02130	155		true
n04486	7	0.4200	n02332 n04529		1863		true
n04487	8	0.4200		n01275 n04495	71		true
n04488	6	0.4200	n02829 n02842	n01297	121		true
n04489	6	0.4200	n03768	n01662 n02202	76		true
n04490	6	0.4200	n03365 n03590		670		true
n04491	6	0.4200	n02758		139		true
n04492	6	0.4200	n03954	n01935	29		true
n04493	6	0.4200	n03793	n02118	61		true
n04494	6	0.4200	n04458	n02048	77		true
n04495	5	0.4200	n03542 n04487 n04740		56		true
n04496	5	0.4200	n04275		258		true
n04497	6	0.4167	n01692	n00811	63		true
n04498	8	0.4141	n00089	n01511	70		true
n04499	7	0.4141	n02799 n03954		97		true
n04500	7	0.4141	n03851		708		true
n04501	6	0.4141	n02445	n00940	151		true
n04502	6	0.4141	n02526 n02546		62		true
n04503	8	0.4105	n01824	n00631	60		true
n04504	5	0.4105	n02099		108		true
n04505	138	0.4100	n04275	n03843 n04590	1453		true
n04506	108	0.4100	n02142	n02217 n03955	1394		true
n04507	51	0.4100	n02144	n00330 n02206 n02368 n04345	934		true
n04508	49	0.4100	n02371	n03266 n05001	423		true
n04509	44	0.4100		n01999 n02721 n05039 n05234	661		true
n04510	39	0.4100	n02142	n03391 n05009	612		true
n04511	31	0.4100	n04985	n00590 n02654	680		true
n04512	30	0.4100	n04337	n03693	2214		true
n04513	29	0.4100	n02754	n02629 n04141 n04467 n04556	1151		true
n04514	28	0.4100	n05320	n04525 n04825	393		true
n04515	26	0.4100		n00543 n02295	2353		true
n04516	26	0.4100	n02323	n00391 n04624	128		true
n04517	25	0.4100	n03386	n00023 n02347	48		true
n04518	26	0.4100	n04110	n01701 n02768 n02992	928		true
n04519	27	0.4100	n03954	n02176 n03021	757		true
n04520	26	0.4100	n04275	n02075 n04309	479		true
n04521	26	0.4100	n03267	n03398 n03868	573		true
n04522	24	0.4100	n00007	n02331 n04126	83		true
n04523	22	0.4100		n03275 n05226 n05264	107		true
n04524	22	0.4100	n04281	n02926 n04088	256		true
n04525	23	0.4100	n04514	n04447 n05007	393		true
n04526	21	0.4100	n02478	n00257 n00561	101		true
n04527	23	0.4100	n03388 n04199	n03227 n04007 n04920	138		true
n04528	19	0.4100	n02322	n01096 n02838	385		true
n04529	19	0.4100	n03560	n04063 n04486	1871		true
n04530	19	0.4100	n03508	n00069 n01621	85		true
n04531	17	0.4100	n01875	n02378 n03107	361		true
n04532	18	0.4100	n01204	n01091 n01279	546		true
n04533	16	0.4100	n01812	n02609	220		true
n04534	15	0.4100	n02142	n02342 n05178	383		true
n04535	14	0.4100	n04275	n00571 n00989	98		true
n04536	14	0.4100	n05111	n00120 n04582	578		true
n04537	14	0.4100	n00538	n03003 n03036	195		true
n04538	15	0.4100	n03833	n02087	87		true
n04539	13	0.4100	n02967	n03358 n03526	231		true
n04540	12	0.4100	n03954	n00630	841		true
n04541	13	0.4100	n02142	n04568 n04649	838		true
n04542	14	0.4100	n04806	n00988 n01042	614		true
n04543	12	0.4100	n03117	n01354 n01899	480		true
n04544	12	0.4100		n02093 n02914	312		true
n04545	13	0.4100	n04294 n05358	n02900 n04573 n05306	844		true
n04546	12	0.4100	n03954	n03004 n04757	265		true
n04547	11	0.4100	n03826 n04115	n01618 n03366	229		true
n04548	11	0.4100	n02376	n00409	406		true
n04549	13	0.4100	n02799 n02871	n01444 n03792	232		true
n04550	12	0.4100	n02592	n02450	528		true
n04551	11	0.4100	n03218	n00411	149		true
n04552	10	0.4100	n04636	n02258 n03150	57		true
n04553	11	0.4100	n01528	n00785 n03051	457		true
n04554	11	0.4100	n05118	n03368	1754		true
n04555	10	0.4100	n02287	n05181	165		true
n04556	10	0.4100	n04513	n02915 n03492	532		true
n04557	9	0.4100	n03473	n03495 n04186	242		true
n04558	9	0.4100	n04882	n02184 n03151	1717		true
n04559	9	0.4100	n02763	n00894	168		true
n04560	9	0.4100	n02568	n02745 n03615	450		true
n04561	9	0.4100	n02881 n04822	n02054	57		true
n04562	9	0.4100	n04805	n01844 n02555	64		true
n04563	9	0.4100	n01437	n01348	516		true
n04564	8	0.4100	n03117	n00666	332		true
n04565	8	0.4100	n03074		153		true
n04566	8	0.4100	n03414	n01302	108		true
n04567	8	0.4100	n04613		110		true
n04568	7	0.4100	n04541	n00640 n01929	626		true
n04569	7	0.4100	n03954		1145		true
n04570	8	0.4100	n02142	n01488 n03316	110		true
n04571	7	0.4100	n00124	n00306	57		true
n04572	7	0.4100	n04719		1302		true
n04573	7	0.4100	n03654 n04545		844		true
n04574	6	0.4100	n00366	n02062	47		true
n04575	6	0.4100	n03954	n02071	78		true
n04576	6	0.4100	n04275		77		true
n04577	7	0.4100	n03103	n01653	243		true
n04578	6	0.4100	n02865 n04221	n01273	2062		true
n04579	6	0.4100	n02711		253		true
n04580	6	0.4100	n04275		196		true
n04581	5	0.4100	n02991		21		true
n04582	5	0.4100	n04536		578		true
n04583	5	0.4100	n03927		680		true
n04584	7	0.4082	n00091		105		true
n04585	9	0.4040	n00078	n04272	44		true
n04586	7	0.4040	n04275	n01495	149		true
n04587	6	0.4040	n00049 n02577	n01656	107		true
n04588	6	0.4040	n01599		1386		true
n04589	6	0.4021	n05355	n01659	475		true
n04590	122	0.4000	n04505	n00033 n00688 n01079 n03061 n04124 n04677	1383		true
n04591	88	0.4000	n03750	n00559 n02820 n04429 n05194	1445		true
n04592	67	0.4000	n02967 n03159	n02424 n03900 n03976 n04628	1622		true
n04593	63	0.4000	n03117	n02145 n03337 n04612	769		true
n04594	60	0.4000	n00355	n03224 n03449 n04609 n05037	348		true
n04595	47	0.4000	n03117	n02072 n03891 n04715	151		true
n04596	42	0.4000		n02852 n03016 n04066	684		true
n04597	37	0.4000	n04106	n04112 n04601	341		true
n04598	36	0.4000	n02799 n03954	n01122 n01906 n03851 n05123	1172		true
n04599	34	0.4000	n02649	n02761 n02886 n04326 n04858 n04938	180		true
n04600	36	0.4000	n02142	n01679 n04378	266		true
n04601	34	0.4000	n04597	n00369 n02001	319		true
n04602	33	0.4000	n05192	n02848 n02870	307		true
n04603	32	0.4000	n03322	n03331 n03828	646		true
n04604	31	0.4000	n03266	n00058 n03511	200		true
n04605	27	0.4000	n02799 n03954	n00148 n03899	421		true
n04606	26	0.4000	n04275	n00538 n01469	282		true
n04607	26	0.4000	n02755	n03120 n05249	395		true
n04608	24	0.4000	n02702	n02810	151		true
n04609	22	0.4000	n04594 n05193	n02481	143		true
n04610	23	0.4000	n01593	n04640 n04809	1015		true
n04611	21	0.4000	n03752	n02445 n02763	269		true
n04612	21	0.4000	n04593 n04706	n00840 n04261	681		true
n04613	20	0.4000	n05000	n02487 n04567	593		true
n04614	22	0.4000	n04275	n02504 n03225	1134		true
n04615	23	0.4000	n04275	n04625 n04919	311		true
n04616	20	0.4000	n04113	n00187 n02879	127		true
n04617	19	0.4000	n00837 n03699	n02710	337		true
n04618	20	0.4000	n04275	n00797 n05021	350		true
n04619	18	0.4000	n01310	n01224 n01603	193		true
n04620	16	0.4000	n04275	n00060 n02122	306		true
n04621	17	0.4000	n04801	n01952 n03929	241		true
n04622	16	0.4000	n04195	n00238 n01608	103		true
n04623	15	0.4000	n02142	n00377	95		true
n04624	15	0.4000	n04516	n03468 n04087	43		true
n04625	17	0.4000	n04615	n02892 n05257	287		true
n04626	16	0.4000		n02670 n03231	211		true
n04627	16	0.4000	n02331	n02020 n04921	68		true
n04628	15	0.4000	n04592	n02775 n03211	553		true
n04629	14	0.4000	n05336	n02448 n03412	602		true
n04630	14	0.4000	n01682	n00495 n02495	87		true
n04631	14	0.4000	n01087 n04716	n01216 n02101	94		true
n04632	13	0.4000	n04440	n01535	218		true
n04633	14	0.4000	n03765	n00109 n05068 n05308	213		true
n04634	14	0.4000	n02282	n02345 n04386	246		true
n04635	13	0.4000	n04442	n01956	142		true
n04636	13	0.4000	n04815 n05329	n04552	162		true
n04637	13	0.4000		n01095 n03243	46		true
n04638	12	0.4000	n04275	n00464 n02639	312		true
n04639	12	0.4000	n03954	n00573	349		true
n04640	11	0.4000	n03829 n04610	n02503 n02512	407		true
n04641	12	0.4000	n03401 n04279	n00859 n02168	42		true
n04642	11	0.4000	n03569 n05328	n00149	655		true
n04643	12	0.4000	n05104	n00781 n01706	293		true
n04644	11	0.4000	n04702 n05237	n02462 n04250	460		true
n04645	11	0.4000	n03580	n00288 n02644	211		true
n04646	11	0.4000	n02142	n01578	169		true
n04647	10	0.4000	n04419	n02785	56		true
n04648	10	0.4000	n03117	n02058 n02783	107		true
n04649	10	0.4000	n04541	n00640 n01849	838		true
n04650	11	0.4000	n01214	n02738 n05062	1924		true
n04651	10	0.4000	n01214	n02738	1789		true
n04652	9	0.4000	n02150	n01838	194		true
n04653	9	0.4000	n02981 n03954	n00264	818		true
n04654	10	0.4000		n02103 n03937	98		true
n04655	9	0.4000	n05327	n00225	2602		true
n04656	9	0.4000	n02221	n00647	813		true
n04657	10	0.4000	n03580	n00288 n01845	170		true
n04658	9	0.4000	n03393	n00245	118		true
n04659	9	0.4000		n00652	558		true
n04660	10	0.4000	n02142	n03208 n03746	288		true
n04661	8	0.4000	n05124		32		true
n04662	8	0.4000	n03117	n00660	181		true
n04663	8	0.4000		n00617	192		true
n04664	8	0.4000	n05256		56		true
n04665	8	0.4000	n04935	n02469	6185		true
n04666	9	0.4000	n01432	n02859 n02963	377		true
n04667	8	0.4000	n05248		58		true
n04668	9	0.4000	n02568	n02120 n02745	689		true
n04669	8	0.4000	n03903	n02470	128		true
n04670	8	0.4000	n03655	n01402	113		true
n04671	7	0.4000	n03095	n01033	222		true
n04672	7	0.4000	n03117	n01505	80		true
n04673	7	0.4000	n02142	n01255	868		true
n04674	7	0.4000	n00092		213		true
n04675	7	0.4000	n02386	n00341	96		true
n04676	7	0.4000	n02799 n03954	n01155	41		true
n04677	7	0.4000	n04590		186		true
n04678	7	0.4000	n04051		1200		true
n04679	8	0.4000	n05032 n05154	n00637	76		true
n04680	7	0.4000	n02142	n00528	151		true
n04681	6	0.4000	n00559		5		true
n04682	6	0.4000	n02752	n01981	303		true
n04683	6	0.4000	n03904	n02051	146		true
n04684	6	0.4000	n05115	n02052	555		true
n04685	7	0.4000	n02841	n01154	423		true
n04686	6	0.4000	n00369		163		true
n04687	6	0.4000	n04154	n01723	160		true
n04688	6	0.4000	n03103	n01653	72		true
n04689	7	0.3951	n00079	n01383	395		true
n04690	8	0.3939	n00556	n00615	102		true
n04691	62	0.3900	n04275	n00761 n01948 n02702	411		true
n04692	52	0.3900	n03117	n01521	2274		true
n04693	47	0.3900	n03954	n02896 n04988	472		true
n04694	37	0.3900	n03117	n04424	3316		true
n04695	32	0.3900		n04210 n04792	339		true
n04696	32	0.3900	n01942	n01306 n04891	1788		true
n04697	31	0.3900		n01308	2567		true
n04698	28	0.3900	n04424	n03218 n03288	771		true
n04699	30	0.3900	n00835 n03628	n03408 n04703	465		true
n04700	28	0.3900	n02799 n03954	n01524 n04365	669		true
n04701	27	0.3900	n01871	n00440 n02149	150		true
n04702	27	0.3900	n03629	n04112 n04644	510		true
n04703	25	0.3900	n04699	n04128 n05337	465		true
n04704	24	0.3900	n04275	n03966	319		true
n04705	26	0.3900	n03954	n03905 n05025 n05032	452		true
n04706	26	0.3900	n02325	n04612 n05140	826		true
n04707	21	0.3900	n02422	n02380 n03667	100		true
n04708	21	0.3900	n04354	n00629 n01211	395		true
n04709	23	0.3900	n02921	n00199 n05106	638		true
n04710	20	0.3900	n00836	n03093 n04301	85		true
n04711	20	0.3900	n01945	n01321 n03247	372		true
n04712	21	0.3900	n02976	n02748 n03023	2581		true
n04713	21	0.3900	n05316	n05114	940		true
n04714	21	0.3900	n02805	n02528	355		true
n04715	21	0.3900	n04103 n04595	n04293 n05130	80		true
n04716	20	0.3900	n00357	n02875 n04631	123		true
n04717	19	0.3900	n03269	n03279 n03718 n03995	110		true
n04718	17	0.3900		n02709 n03720	368		true
n04719	16	0.3900	n04275	n03524 n04572	1454		true
n04720	16	0.3900	n04275	n02930	241		true
n04721	15	0.3900	n03956	n00978 n04828	100		true
n04722	15	0.3900		n02827	607		true
n04723	16	0.3900	n03450	n02612 n03589	1793		true
n04724	15	0.3900	n03337	n01447 n01580	290		true
n04725	16	0.3900		n02668 n04264	1146		true
n04726	15	0.3900		n03235	918		true
n04727	14	0.3900	n04275	n00830 n04391	210		true
n04728	15	0.3900	n05337	n02572 n03417 n04411	409		true
n04729	14	0.3900	n03117	n04462	381		true
n04730	14	0.3900	n05216	n00857 n04334	202		true
n04731	14	0.3900	n05217	n02674	149		true
n04732	13	0.3900	n03117	n00084 n03879	5		true
n04733	13	0.3900	n04214	n02835 n04836	187		true
n04734	12	0.3900	n02799 n03954	n00623 n01912	94		true
n04735	12	0.3900	n02210 n03703	n01097	120		true
n04736	13	0.3900	n01426	n01013 n02573	79		true
n04737	12	0.3900	n05334	n01445	591		true
n04738	12	0.3900	n03983 n04881	n00863 n03866	390		true
n04739	11	0.3900	n02596	n00858 n03608	117		true
n04740	12	0.3900		n02457 n04495	395		true
n04741	12	0.3900	n04275	n01110 n04415	158		true
n04742	11	0.3900		n00590	181		true
n04743	11	0.3900	n02487	n00860	427		true
n04744	10	0.3900	n03335	n00177	13		true
n04745	11	0.3900	n00844	n01623 n04781	474		true
n04746	10	0.3900	n02606 n04275	n00986 n01869	27		true
n04747	9	0.3900	n03117	n01459	62		true
n04748	9	0.3900	n02489	n00446	2485		true
n04749	9	0.3900	n03828	n01193 n01276	420		true
n04750	9	0.3900	n02142	n02694	52		true
n04751	9	0.3900	n02142	n00994	272		true
n04752	8	0.3900	n04377		176		true
n04753	8	0.3900	n04289	n00268	73		true
n04754	8	0.3900	n05238	n04187	297		true
n04755	9	0.3900	n03077	n00744	52		true
n04756	8	0.3900	n03954	n02182	703		true
n04757	8	0.3900	n04546		218		true
n04758	8	0.3900	n04064	n00634	64		true
n04759	8	0.3900	n02142	n02068	211		true
n04760	8	0.3900	n04394	n00482	813		true
n04761	8	0.3900	n04457	n01074 n01286	58		true
n04762	7	0.3900	n00057		28		true
n04763	7	0.3900	n02990		85		true
n04764	8	0.3900	n02618	n01719	54		true
n04765	7	0.3900	n04912	n00813	239		true
n04766	8	0.3900	n03035	n01906	534		true
n04767	8	0.3900	n04275	n01271 n02064	1655		true
n04768	7	0.3900	n03117		123		true
n04769	7	0.3900	n02336		273		true
n04770	7	0.3900	n03854	n01176	117		true
n04771	7	0.3900	n04275		392		true
n04772	6	0.3900	n05010		79		true
n04773	6	0.3900	n04275	n01737	210		true
n04774	6	0.3900			2796		true
n04775	6	0.3900	n03351 n04379		1682		true
n04776	6	0.3900	n03577	n02045	244		true
n04777	6	0.3900			40		true
n04778	6	0.3900	n05387		60		true
n04779	10	0.3838	n03282	n00474	354		true
n04780	7	0.3838	n05269	n01381 n02260	38		true
n04781	6	0.3838	n03472 n04745	n01669	290		true
n04782	6	0.3830	n03767	n01585	25		true
n04783	6	0.3814	n00395	n01743	212		true
n04784	97	0.3800	n04275	n01859 n02713 n02970 n04418	2658		true
n04785	79	0.3800	n03954	n02421 n02969 n04892	1545		true
n04786	49	0.3800	n02799 n03954	n02774 n04251 n04790	126		true
n04787	49	0.3800	n04104	n02410 n04421	893		true
n04788	43	0.3800		n00968 n01210 n02927 n04955	558		true
n04789	41	0.3800		n02804	382		true
n04790	40	0.3800	n04786	n03119 n04219	86		true
n04791	39	0.3800		n02872 n03389 n03683	977		true
n04792	28	0.3800	n04695	n03973 n04805	334		true
n04793	29	0.3800	n02799 n03954	n00574 n03081	854		true
n04794	28	0.3800	n03324	n02327	268		true
n04795	26	0.3800	n02207	n04116	517		true
n04796	24	0.3800	n02595	n01086 n05218	48		true
n04797	24	0.3800	n02142	n00202 n01688	397		true
n04798	23	0.3800	n04422	n01204 n04030	2159		true
n04799	22	0.3800	n05001	n01967 n04220	236		true
n04800	22	0.3800	n03632	n00048 n02996 n05410	251		true
n04801	24	0.3800	n03394	n01556 n04621 n04950	277		true
n04802	23	0.3800	n02591	n01821 n02939	156		true
n04803	21	0.3800	n02923	n00874 n01090	60		true
n04804	20	0.3800	n02922 n04355	n01208 n03589	368		true
n04805	19	0.3800	n04351 n04792	n03971 n04562	116		true
n04806	19	0.3800	n05084	n03411 n04542	826		true
n04807	20	0.3800	n03117	n01937 n02214	271		true
n04808	20	0.3800	n02521	n04813	611		true
n04809	20	0.3800	n04610	n02343 n05350	808		true
n04810	18	0.3800	n05203	n02532	167		true
n04811	19	0.3800	n03171	n02572 n03408 n03417	300		true
n04812	16	0.3800	n02599	n03045 n05385	185		true
n04813	17	0.3800	n04808	n01429	611		true
n04814	16	0.3800	n04275	n01624 n02504	2442		true
n04815	16	0.3800	n00005	n02030 n04636	201		true
n04816	15	0.3800		n00502 n00967	1145		true
n04817	15	0.3800	n01205	n00844	655		true
n04818	14	0.3800	n04203	n00296 n00718	95		true
n04819	14	0.3800	n05340	n01432	403		true
n04820	15	0.3800	n02977	n00398	1091		true
n04821	17	0.3800	n04880	n03466 n04396	230		true
n04822	14	0.3800	n02761	n00853 n04561	74		true
n04823	15	0.3800	n04275	n01148 n03295 n04243	572		true
n04824	14	0.3800	n03117 n05012	n00117 n01072	233		true
n04825	12	0.3800	n04514	n00181 n00755	47		true
n04826	13	0.3800		n02035 n03930	1061		true
n04827	14	0.3800		n01722 n03683 n04860	1948		true
n04828	11	0.3800	n04721	n04076	58		true
n04829	11	0.3800	n00030	n01462 n02132	98		true
n04830	12	0.3800		n03104 n03357	52		true
n04831	12	0.3800	n01753	n01282 n01333	99		true
n04832	11	0.3800	n04275	n01832	253		true
n04833	11	0.3800	n02286	n01672	141		true
n04834	11	0.3800	n03405	n00668 n04027	283		true
n04835	11	0.3800	n05239	n03104	77		true
n04836	10	0.3800	n04733	n02398	64		true
n04837	10	0.3800	n01879	n01107	183		true
n04838	10	0.3800	n02282	n00878	92		true
n04839	10	0.3800	n03645 n04287	n03949 n04979	52		true
n04840	11	0.3800	n04275	n00764 n02793	218		true
n04841	11	0.3800	n01757	n00682 n00727	174		true
n04842	10	0.3800	n04275	n00200	1991		true
n04843	12	0.3800	n04136	n00489 n03486	243		true
n04844	11	0.3800	n05346	n02899	1938		true
n04845	9	0.3800	n02142	n00434	37		true
n04846	10	0.3800	n02799 n03954	n04964	167		true
n04847	9	0.3800		n00438	1553		true
n04848	9	0.3800	n04452	n00736	330		true
n04849	9	0.3800	n02155	n00512	157		true
n04850	9	0.3800	n04374	n02586	144		true
n04851	8	0.3800	n03709		106		true
n04852	8	0.3800	n02799 n03954	n01474	91		true
n04853	8	0.3800	n02799 n03954		111		true
n04854	8	0.3800	n05131	n01071	301		true
n04855	8	0.3800	n02142	n01849	182		true
n04856	7	0.3800	n04275		93		true
n04857	7	0.3800	n05263		80		true
n04858	7	0.3800	n04599 n05326	n00905	46		true
n04859	7	0.3800	n04275		36		true
n04860	7	0.3800	n03038 n04827		1039		true
n04861	7	0.3800	n03125	n01396	40		true
n04862	7	0.3800	n02799 n03954	n01672	122		true
n04863	7	0.3800	n01957	n00678 n01990	24		true
n04864	7	0.3800	n03291	n01512	1280		true
n04865	7	0.3800	n04275	n00827	37		true
n04866	7	0.3800			117		true
n04867	6	0.3800	n03228 n05374	n02265	234		true
n04868	6	0.3800			129		true
n04869	6	0.3800	n02675 n03925	n01041	458		true
n04870	6	0.3800	n00974		42		true
n04871	6	0.3800	n02348		195		true
n04872	6	0.3800	n03992		46		true
n04873	6	0.3800	n01227	n02198	133		true
n04874	6	0.3800	n03117		176		true
n04875	6	0.3750	n03594 n05347		317		true
n04876	103	0.3700		n00438 n03387 n04114 n04341	2361		true
n04877	75	0.3700	n01304	n02800 n03463	785		true
n04878	76	0.3700	n04275	n02594 n02617 n03215	1728		true
n04879	63	0.3700	n02275	n03974 n04033 n04068	1083		true
n04880	44	0.3700	n03117	n02754 n04821	1212		true
n04881	36	0.3700	n05082	n00438 n04738 n04917 n05049 n05362	1006		true
n04882	34	0.3700		n03857 n04161 n04228 n04558 n05368	2471		true
n04883	36	0.3700	n02519	n02939 n03328 n03990	210		true
n04884	31	0.3700	n00003	n00799 n01945	375		true
n04885	30	0.3700	n04275	n00395 n05020	482		true
n04886	29	0.3700	n03390	n00165 n04211	61		true
n04887	29	0.3700	n00833	n00357 n03270	139		true
n04888	29	0.3700	n04105	n02922 n04355	1837		true
n04889	26	0.3700	n04275	n03763 n03916 n04928	315		true
n04890	26	0.3700		n01679	246		true
n04891	30	0.3700	n04696	n03961 n05101	1780		true
n04892	25	0.3700	n04785	n02953 n03470 n04147	638		true
n04893	26	0.3700		n00017 n00752 n02384	458		true
n04894	25	0.3700	n02322	n03080 n04373	383		true
n04895	24	0.3700	n03826	n03901	461		true
n04896	24	0.3700	n03117	n03019 n03809	289		true
n04897	21	0.3700	n04275	n00599 n02004	762		true
n04898	21	0.3700	n03117	n02705 n05067	1234		true
n04899	20	0.3700	n01808	n03639	25		true
n04900	20	0.3700	n04041	n00664 n02153	1091		true
n04901	20	0.3700	n02374	n02537 n05352	298		true
n04902	18	0.3700	n01680	n03213 n03469	182		true
n04903	18	0.3700	n03117	n01815	118		true
n04904	19	0.3700	n04108	n01263 n02768	857		true
n04905	17	0.3700	n03324	n01285 n02984 n04240	177		true
n04906	17	0.3700		n02403 n02571	181		true
n04907	16	0.3700	n03020	n02567 n02839	106		true
n04908	16	0.3700	n01595	n00606 n02683 n05155	390		true
n04909	15	0.3700	n05324	n00095 n01248	1483		true
n04910	14	0.3700		n00752 n01539	393		true
n04911	14	0.3700	n04275	n01995 n02339	200		true
n04912	15	0.3700	n04434 n05096	n03680 n04765	598		true
n04913	13	0.3700	n03705	n01165 n02102	116		true
n04914	13	0.3700	n02142	n01548 n02776 n03379	735		true
n04915	14	0.3700	n04275	n04237	429		true
n04916	13	0.3700	n04446	n01958	597		true
n04917	12	0.3700	n03172 n04881	n00105	24		true
n04918	13	0.3700	n02799 n03954	n02833	120		true
n04919	12	0.3700	n04615	n01960 n02892	100		true
n04920	15	0.3700	n04527	n02546 n02619	121		true
n04921	13	0.3700	n04627	n03416 n04101	58		true
n04922	14	0.3700		n03287	59		true
n04923	12	0.3700	n02377 n03700	n00124	453		true
n04924	12	0.3700	n03954	n03481	156		true
n04925	13	0.3700	n04275	n00923	1580		true
n04926	12	0.3700	n02700	n00318 n00430	189		true
n04927	12	0.3700	n04275	n03292 n04014	480		true
n04928	12	0.3700	n04889	n01035 n01331	112		true
n04929	11	0.3700	n01211	n00143	362		true
n04930	12	0.3700	n03117	n00447 n02747	1104		true
n04931	12	0.3700	n05118	n03002 n03499	1853		true
n04932	11	0.3700	n03954	n01782 n02733	123		true
n04933	10	0.3700	n05322	n00190	70		true
n04934	11	0.3700	n02801 n03407	n00516 n02242	102		true
n04935	11	0.3700	n03908	n04665	6663		true
n04936	11	0.3700		n01980 n03244	172		true
n04937	11	0.3700	n02142	n03057 n03498	909		true
n04938	9	0.3700	n04599	n00676 n01184	89		true
n04939	10	0.3700	n02151	n00776 n02965	24		true
n04940	10	0.3700	n03117	n00421 n01911	487		true
n04941	10	0.3700	n03770	n00192	145		true
n04942	9	0.3700		n00604	306		true
n04943	11	0.3700	n05091	n00729 n01255	1193		true
n04944	10	0.3700		n00309 n00884	395		true
n04945	10	0.3700	n02217	n00223 n02193	154		true
n04946	10	0.3700	n04469	n01578 n03064	268		true
n04947	9	0.3700	n04275	n02044	108		true
n04948	8	0.3700	n00045	n02201	1		true
n04949	8	0.3700			81		true
n04950	9	0.3700	n04801	n03148	74		true
n04951	8	0.3700	n04275		428		true
n04952	8	0.3700	n03284	n01171	129		true
n04953	8	0.3700	n02534	n01980	88		true
n04954	8	0.3700	n02774	n01358	58		true
n04955	7	0.3700	n04788 n05342	n01147	123		true
n04956	7	0.3700	n02383 n05235		80		true
n04957	7	0.3700	n02614		136		true
n04958	7	0.3700	n04296		382		true
n04959	7	0.3700	n03343	n00647	90		true
n04960	7	0.3700	n01598		114		true
n04961	7	0.3700	n02276	n01261	512		true
n04962	7	0.3700	n05251	n02254 n02272	427		true
n04963	7	0.3700	n05153	n01275	371		true
n04964	6	0.3700	n03163 n04846	n01586	167		true
n04965	7	0.3700	n02491	n01505	89		true
n04966	6	0.3700	n05383	n00938	204		true
n04967	6	0.3700	n05366		140		true
n04968	6	0.3700	n02142		1548		true
n04969	6	0.3700	n02340 n05047		1612		true
n04970	6	0.3700	n02799 n03954		352		true
n04971	6	0.3700	n03522		258		true
n04972	6	0.3700	n02799 n03954		40		true
n04973	6	0.3700	n00141	n01582	36		true
n04974	6	0.3700	n02142		86		true
n04975	7	0.3700	n03117	n00922	104		true
n04976	6	0.3700	n04299	n01644	45		true
n04977	6	0.3673	n03041		54		true
n04978	7	0.3646	n00560	n01367	41		true
n04979	7	0.3636	n04839		41		true
n04980	13	0.3617	n00029	n00557 n04474	37		true
n04981	7	0.3608	n02539 n03988	n02117	58		true
n04982	76	0.3600		n02804 n03070 n05099	462		true
n04983	74	0.3600		n01371 n05312 n05315	768		true
n04984	55	0.3600		n00121 n02705 n03755	1328		true
n04985	54	0.3600		n02479 n04511	1174		true
n04986	49	0.3600	n02648	n00849 n05317	641		true
n04987	47	0.3600	n02799 n03954	n00237 n03068	182		true
n04988	41	0.3600	n03262 n04693	n02868 n03374	462		true
n04989	40	0.3600	n01590	n00460 n03960	379		true
n04990	38	0.3600	n05194	n00318 n02650	300		true
n04991	36	0.3600	n02799 n03954	n01334 n01760 n02730 n03584 n05157	518		true
n04992	37	0.3600	n05314	n00162 n01751	249		true
n04993	32	0.3600		n02373 n05029	384		true
n04994	29	0.3600		n02073	785		true
n04995	29	0.3600	n03164	n01594	121		true
n04996	29	0.3600	n03563	n03536 n03631	280		true
n04997	27	0.3600	n01079	n00842 n04323 n04442	150		true
n04998	25	0.3600	n04275	n03228 n03268	391		true
n04999	26	0.3600	n02799 n03954	n02279 n03772	203		true
n05000	26	0.3600	n04426	n04317 n04613	593		true
n05001	26	0.3600	n04508	n02990 n04799 n05040	236		true
n05002	24	0.3600	n04279	n02427 n02439	213		true
n05003	25	0.3600	n01944	n00407 n02430	166		true
n05004	22	0.3600	n03392	n02173 n04120	259		true
n05005	21	0.3600	n03827	n04211	49		true
n05006	21	0.3600		n00070 n03483	302		true
n05007	20	0.3600	n04525	n00181 n01600	328		true
n05008	21	0.3600	n01873	n02726 n03583	117		true
n05009	20	0.3600	n04510	n00503 n03179	422		true
n05010	20	0.3600	n04275	n02429 n04772	530		true
n05011	20	0.3600	n01084	n02450 n04298 n04307	528		true
n05012	17	0.3600		n04164 n04824	257		true
n05013	17	0.3600	n04275	n00378 n03062	161		true
n05014	17	0.3600	n03388 n04199	n02354 n02546 n03014	117		true
n05015	16	0.3600	n05338	n00064 n01152	765		true
n05016	17	0.3600	n03398	n02549 n03290	484		true
n05017	16	0.3600	n02924	n00884 n01326	464		true
n05018	15	0.3600	n05095	n00056	35		true
n05019	17	0.3600	n03832	n00403 n04079	259		true
n05020	15	0.3600	n04885	n00822 n04149	328		true
n05021	15	0.3600	n04618	n00063	191		true
n05022	14	0.3600	n02142	n00377	198		true
n05023	14	0.3600	n04362	n02103 n03717	114		true
n05024	15	0.3600		n04239	2988		true
n05025	15	0.3600	n04705	n04322 n05154	295		true
n05026	15	0.3600	n00006	n02491 n03847	129		true
n05027	13	0.3600	n04275	n03139 n03497	1178		true
n05028	14	0.3600	n04275	n02715	1763		true
n05029	13	0.3600	n04993	n03242 n03596	118		true
n05030	12	0.3600	n01207	n00605	241		true
n05031	13	0.3600	n02529	n00751 n00753	157		true
n05032	12	0.3600	n04705	n02741 n04679	152		true
n05033	12	0.3600		n00968	251		true
n05034	12	0.3600	n02477	n00155	380		true
n05035	11	0.3600	n05237	n02911 n04250	589		true
n05036	11	0.3600	n00036	n01553 n03620	72		true
n05037	11	0.3600	n04594	n03209	146		true
n05038	11	0.3600	n02142	n01767	900		true
n05039	12	0.3600	n04509	n03103	403		true
n05040	10	0.3600	n03266 n05001		55		true
n05041	11	0.3600	n02322	n02894	296		true
n05042	10	0.3600	n03839	n00724	77		true
n05043	13	0.3600	n04416	n03721	761		true
n05044	11	0.3600	n03459	n02044 n03483	188		true
n05045	9	0.3600	n03907	n02358	298		true
n05046	9	0.3600	n03980 n04369	n00918 n02744	329		true
n05047	9	0.3600	n02484	n04969	1612		true
n05048	9	0.3600	n04458	n01353	1139		true
n05049	9	0.3600	n03983 n04881	n00917	396		true
n05050	11	0.3600	n04275	n00984 n01862	1253		true
n05051	9	0.3600	n05094	n01117	717		true
n05052	8	0.3600	n03762	n03742	44		true
n05053	8	0.3600	n02338	n00619 n02250	403		true
n05054	8	0.3600	n04275		75		true
n05055	7	0.3600	n02978		92		true
n05056	7	0.3600	n05363		114		true
n05057	7	0.3600	n02714	n00824	44		true
n05058	7	0.3600	n03131	n01149	34		true
n05059	7	0.3600	n02142		606		true
n05060	7	0.3600	n04275		33		true
n05061	7	0.3600	n03912		86		true
n05062	7	0.3600	n04650	n01031	1751		true
n05063	7	0.3600	n02142	n00640	950		true
n05064	6	0.3600	n02003 n05138	n00812	47		true
n05065	6	0.3600	n01891		15		true
n05066	7	0.3600	n00956 n02453	n00913	98		true
n05067	6	0.3600	n04898	n02250	64		true
n05068	6	0.3600	n02349 n04633	n01979	60		true
n05069	6	0.3600	n04373	n01913	68		true
n05070	6	0.3600	n00397 n03915	n00350	145		true
n05071	6	0.3600	n05152	n02203	141		true
n05072	6	0.3600			155		true
n05073	6	0.3600	n03406		272		true
n05074	9	0.3548	n01434	n01240 n01987	75		true
n05075	6	0.3542	n02940 n05126	n02047	58		true
n05076	10	0.3535	n02531 n03954	n00182 n02125	62		true
n05077	9	0.3535	n00382	n01379	132		true
n05078	7	0.3535	n00057		101		true
n05079	6	0.3535	n02593	n01643	17		true
n05080	77	0.3500	n03117	n00008 n05314	345		true
n05081	67	0.3500	n01591	n01104 n02519 n05207	233		true
n05082	59	0.3500		n03323 n04217 n04881	1459		true
n05083	56	0.3500	n03117	n01198	2476		true
n05084	48	0.3500	n03954	n01318 n04806 n05319	3198		true
n05085	37	0.3500	n03117	n02325 n04117	1519		true
n05086	31	0.3500	n03068	n00422 n02211	166		true
n05087	27	0.3500	n01998	n01082	458		true
n05088	25	0.3500		n02076 n05159	315		true
n05089	26	0.3500	n02799 n03954	n00090 n02706	126		true
n05090	24	0.3500	n03954	n00091 n01814	257		true
n05091	26	0.3500	n02142	n03601 n04186 n04367 n04943	1210		true
n05092	26	0.3500	n03117	n01300 n04118	1456		true
n05093	24	0.3500	n01878	n01527 n02434 n02714	132		true
n05094	23	0.3500	n03892	n05051 n05358	849		true
n05095	21	0.3500	n04275	n02368 n03490 n05018	65		true
n05096	21	0.3500	n02148	n02997 n04912	611		true
n05097	21	0.3500	n03331	n02704	402		true
n05098	22	0.3500	n03567	n03340	823		true
n05099	20	0.3500	n04982	n00021	70		true
n05100	20	0.3500	n04275	n00566 n05117	130		true
n05101	21	0.3500	n01306 n04891	n02616 n04456	390		true
n05102	19	0.3500	n03505 n03895	n00951 n03527	529		true
n05103	20	0.3500	n02424	n01014 n02484	1622		true
n05104	20	0.3500	n04038	n01822 n04643	347		true
n05105	18	0.3500		n01722 n02226	3652		true
n05106	19	0.3500	n04709	n00118 n00740 n01866	404		true
n05107	18	0.3500	n04275	n02496 n03979	698		true
n05108	18	0.3500	n02799 n03954	n02332	1868		true
n05109	18	0.3500	n02970 n04276	n03904 n04246	466		true
n05110	17	0.3500	n02799 n03954	n01598 n01670	215		true
n05111	18	0.3500	n02799 n03954	n02335 n04536	600		true
n05112	17	0.3500	n04120	n01534 n02953 n05176	236		true
n05113	15	0.3500	n04275	n02829	181		true
n05114	17	0.3500	n04713 n05201	n04092 n04253 n04265	921		true
n05115	14	0.3500	n01313	n00074 n04684	1018		true
n05116	14	0.3500	n03077	n02391	217		true
n05117	14	0.3500	n05100	n00080	99		true
n05118	16	0.3500	n04275	n04463 n04554 n04931	1996		true
n05119	14	0.3500		n01449 n02511	155		true
n05120	14	0.3500	n03452 n04119	n05263	257		true
n05121	14	0.3500	n03704	n00864 n01187 n03686	205		true
n05122	13	0.3500		n00159 n01846	282		true
n05123	13	0.3500	n04598	n02092	216		true
n05124	12	0.3500	n03224	n02399 n04661	39		true
n05125	13	0.3500	n03171	n03133	104		true
n05126	14	0.3500		n00140 n05075	130		true
n05127	12	0.3500	n04337	n00450 n01025	1880		true
n05128	12	0.3500	n02658	n02302	210		true
n05129	15	0.3500	n04275	n01640 n04155 n05284	446		true
n05130	12	0.3500	n04715	n01894 n03102	50		true
n05131	14	0.3500	n04050	n03040 n04075 n04854	482		true
n05132	11	0.3500	n04212	n04002	102		true
n05133	11	0.3500		n03597	153		true
n05134	12	0.3500	n04275	n03488	283		true
n05135	11	0.3500	n04275	n01831	318		true
n05136	11	0.3500	n03954	n00408	54		true
n05137	12	0.3500	n04275	n00113	762		true
n05138	13	0.3500	n03089	n01546 n02905 n05064	97		true
n05139	11	0.3500	n05359	n02233	443		true
n05140	13	0.3500	n04706	n02230 n04261	604		true
n05141	12	0.3500	n02806	n03426	660		true
n05142	12	0.3500	n04276	n03604 n03811	605		true
n05143	11	0.3500	n04275	n00774 n01973	2067		true
n05144	11	0.3500	n03954	n01228	391		true
n05145	11	0.3500	n05346	n01568 n02197	1967		true
n05146	11	0.3500	n00365	n00428	415		true
n05147	10	0.3500	n04447	n00759	289		true
n05148	10	0.3500	n03954	n00988 n02071	576		true
n05149	10	0.3500	n02799 n03954	n02183 n02249	579		true
n05150	11	0.3500	n02768	n04003	698		true
n05151	12	0.3500	n02431	n00512 n01834	73		true
n05152	11	0.3500	n02142	n02633 n05071	419		true
n05153	10	0.3500	n02142	n02949 n04963	371		true
n05154	10	0.3500	n05025	n04679	87		true
n05155	9	0.3500	n02564 n04908	n00796 n01674	237		true
n05156	9	0.3500	n03118	n00991	70		true
n05157	9	0.3500	n04991	n00628	91		true
n05158	10	0.3500	n03185	n01895	113		true
n05159	9	0.3500	n05088	n00230	242		true
n05160	10	0.3500	n05248	n03013 n05405	1031		true
n05161	10	0.3500	n02002	n02414 n05297	781		true
n05162	9	0.3500	n03472	n00885	471		true
n05163	8	0.3500	n04216		68		true
n05164	8	0.3500	n04344 n04382	n00618	32		true
n05165	8	0.3500	n04045	n00622	87		true
n05166	8	0.3500	n04354	n03381	681		true
n05167	8	0.3500	n03954	n01784	62		true
n05168	8	0.3500	n02866	n00483	1063		true
n05169	8	0.3500		n02914	418		true
n05170	7	0.3500	n01431		281		true
n05171	7	0.3500			33		true
n05172	7	0.3500	n03584		105		true
n05173	7	0.3500	n04275	n00516	197		true
n05174	8	0.3500	n02528	n01408	54		true
n05175	7	0.3500			37		true
n05176	7	0.3500	n05112		200		true
n05177	6	0.3500	n02142 n03971	n01504	83		true
n05178	6	0.3500	n04534		222		true
n05179	6	0.3500	n02566		14		true
n05180	6	0.3500	n02438	n02199	195		true
n05181	6	0.3500	n04555	n01745	70		true
n05182	6	0.3500	n03654		830		true
n05183	10	0.3488	n02935	n00477 n00518	284		true
n05184	6	0.3469	n00693		36		true
n05185	6	0.3452	n00557		27		true
n05186	8	0.3448	n00381		116		true
n05187	6	0.3441	n04387	n01413	134		true
n05188	8	0.3434	n02009	n01404 n01464	37		true
n05189	6	0.3434	n03954		34		true
n05190	6	0.3434	n02825	n01854	28		true
n05191	6	0.3434	n03291	n02140	32		true
n05192	43	0.3400	n02419	n04122 n04602	307		true
n05193	44	0.3400	n00355	n03209 n03224 n04609	155		true
n05194	42	0.3400	n04591	n03833 n04990	301		true
n05195	43	0.3400	n04337	n01313 n03572	1290		true
n05196	40	0.3400	n03954	n04108 n04369	934		true
n05197	40	0.3400	n02142	n00029 n02076 n03859	294		true
n05198	36	0.3400	n04275	n01750	1487		true
n05199	31	0.3400	n03624 n05313	n03166	505		true
n05200	31	0.3400	n03954	n02442 n03305 n03528	280		true
n05201	32	0.3400	n05316	n03502 n03776 n05114	958		true
n05202	28	0.3400	n02419	n02074 n04122	225		true
n05203	28	0.3400	n04039	n01999 n04810	250		true
n05204	27	0.3400	n01750	n01410 n05331	597		true
n05205	26	0.3400	n03263	n02425 n02473	32		true
n05206	27	0.3400	n02799 n03954	n01202 n02771	72		true
n05207	25	0.3400	n05081	n00015 n03065	102		true
n05208	23	0.3400	n03560 n04350	n02329 n04231	76		true
n05209	24	0.3400	n02920	n01702 n02537 n04167	247		true
n05210	23	0.3400	n03954	n02646 n03614 n05239	158		true
n05211	23	0.3400	n00004	n01139 n02079	186		true
n05212	21	0.3400	n04275	n02667 n04292	433		true
n05213	20	0.3400	n02277	n01398 n04363	156		true
n05214	20	0.3400	n03160	n01881 n03044	293		true
n05215	20	0.3400	n04275	n00169 n00372	198		true
n05216	21	0.3400	n00005	n04366 n04730	206		true
n05217	19	0.3400		n03423 n04731	177		true
n05218	19	0.3400	n04796	n01883 n03114	45		true
n05219	20	0.3400		n01343 n02469 n02999	5346		true
n05220	18	0.3400	n03964	n00546	920		true
n05221	18	0.3400	n04275	n02772	581		true
n05222	18	0.3400	n02142	n02711 n04223	519		true
n05223	17	0.3400	n02209	n00553 n01464	135		true
n05224	18	0.3400	n00358	n03982	822		true
n05225	17	0.3400	n02322	n02838 n02894	348		true
n05226	16	0.3400	n04523	n03303 n03717	94		true
n05227	16	0.3400	n03170	n03516	223		true
n05228	15	0.3400	n04202	n04078 n04144	378		true
n05229	15	0.3400	n02799 n03954	n00694	88		true
n05230	15	0.3400	n02656	n00194 n01618	345		true
n05231	16	0.3400	n03825	n00846	178		true
n05232	16	0.3400	n05325	n03179	476		true
n05233	16	0.3400	n02916	n01855 n02607	130		true
n05234	17	0.3400	n04509	n03103 n04393	325		true
n05235	14	0.3400	n02481	n02998 n04956	94		true
n05236	16	0.3400	n02866	n01920 n03043 n03479 n03861	427		true
n05237	14	0.3400	n03629	n04644 n05035	591		true
n05238	14	0.3400	n02142	n01966 n04754	320		true
n05239	14	0.3400	n05210	n03722 n04835	95		true
n05240	13	0.3400	n00688	n04153	613		true
n05241	13	0.3400	n03968 n04435	n01853 n02623	232		true
n05242	14	0.3400	n03954	n02294 n04094	251		true
n05243	13	0.3400	n03646	n02296	104		true
n05244	13	0.3400	n04275	n00307 n00410	233		true
n05245	13	0.3400	n02142	n02676 n02888	84		true
n05246	13	0.3400	n02534	n02166 n03728	140		true
n05247	13	0.3400	n02142	n01286 n03307	283		true
n05248	13	0.3400	n02700	n04667 n05160	1031		true
n05249	13	0.3400	n03830 n04607	n00565 n01985	220		true
n05250	12	0.3400	n00839	n00174	214		true
n05251	12	0.3400	n03322 n03626	n01764 n04962	427		true
n05252	12	0.3400	n02926	n02898 n03199	190		true
n05253	12	0.3400		n02947 n03679	108		true
n05254	11	0.3400	n03834	n01802 n01963	65		true
n05255	11	0.3400	n03117	n02783	140		true
n05256	12	0.3400	n03954	n02896 n04089 n04664	75		true
n05257	11	0.3400	n04625	n00231 n01022	259		true
n05258	13	0.3400	n02211	n00723 n03063	40		true
n05259	11	0.3400	n04284	n01725	193		true
n05260	11	0.3400	n02081	n01839	86		true
n05261	11	0.3400		n01539	219		true
n05262	12	0.3400	n02142	n02891	272		true
n05263	13	0.3400	n05120	n02344 n03237 n04857	256		true
n05264	10	0.3400	n04523	n00978 n03303	63		true
n05265	11	0.3400	n04275	n02458	412		true
n05266	10	0.3400		n02461 n03310	140		true
n05267	10	0.3400	n02799 n03954	n02267 n03201	131		true
n05268	10	0.3400	n02799 n03954	n00726	427		true
n05269	10	0.3400	n02799 n03954	n01457 n04780	43		true
n05270	11	0.3400	n02664	n01336	837		true
n05271	10	0.3400	n02142	n03306 n03555	55		true
n05272	11	0.3400	n02880	n00175	475		true
n05273	9	0.3400	n01749	n00436	69		true
n05274	9	0.3400	n04275	n00492	64		true
n05275	9	0.3400	n04138	n01481	94		true
n05276	9	0.3400	n02769	n00451	363		true
n05277	9	0.3400	n01318 n05319	n00612	1791		true
n05278	8	0.3400	n02009	n01464	42		true
n05279	9	0.3400	n04275	n01798	134		true
n05280	9	0.3400	n02661	n03741	99		true
n05281	8	0.3400	n02655	n00919	92		true
n05282	9	0.3400		n01722	2334		true
n05283	9	0.3400	n02799 n03954	n01365 n03255	3200		true
n05284	9	0.3400	n03219 n05129	n02789 n03618	156		true
n05285	9	0.3400		n02116 n03311	139		true
n05286	8	0.3400	n01208	n01157 n01989	116		true
n05287	8	0.3400	n02142	n02043	108		true
n05288	8	0.3400	n01314	n00998	117		true
n05289	7	0.3400	n00391	n01368	48		true
n05290	7	0.3400	n04275	n01148	1316		true
n05291	7	0.3400	n03117	n01300	61		true
n05292	7	0.3400	n01313	n01373	580		true
n05293	7	0.3400	n02799 n03954	n01155	101		true
n05294	7	0.3400		n01509	56		true
n05295	7	0.3400	n01216	n00790	74		true
n05296	7	0.3400	n03179	n01383	394		true
n05297	7	0.3400	n02831 n05161	n00497	702		true
n05298	7	0.3400		n01473	60		true
n05299	6	0.3400	n02799 n03954		6		true
n05300	6	0.3400	n04275		97		true
n05301	6	0.3400	n02925		20		true
n05302	6	0.3400	n03269	n02187	23		true
n05303	6	0.3400	n04198	n01498	479		true
n05304	6	0.3400	n02681 n02837		1543		true
n05305	6	0.3400	n02142		275		true
n05306	6	0.3400	n04545		77		true
n05307	7	0.3377	n02541	n00347 n01933	35		true
n05308	8	0.3333	n03181 n04633	n00273	213		true
n05309	8	0.3333	n00857 n03535	n00791	73		true
n05310	7	0.3333	n04275		61		true
n05311	6	0.3333	n02387	n02262	47		true
n05312	66	0.3300	n04983	n02871 n03562 n03823	634		true
n05313	56	0.3300	n02143	n04032 n04478 n05199	722		true
n05314	51	0.3300	n05080	n02145 n04992	290		true
n05315	49	0.3300	n04983	n02767 n02871 n03562	566		true
n05316	43	0.3300	n02142	n00434 n02964 n04713 n05201	1006		true
n05317	40	0.3300	n04986	n04036 n04291 n05397	641		true
n05318	37	0.3300	n02799 n03954	n03390	162		true
n05319	37	0.3300	n05084	n00197 n01607 n03300 n04235 n05277	2763		true
n05320	29	0.3300	n03956	n04514	399		true
n05321	29	0.3300	n04275	n02973 n03920	113		true
n05322	28	0.3300	n02970 n04276	n02381 n03904 n04933	338		true
n05323	27	0.3300	n04423	n02974 n04232	2126		true
n05324	24	0.3300		n03967 n04909	1487		true
n05325	26	0.3300	n02652	n03898 n05232	571		true
n05326	23	0.3300	n02649	n02886 n03404 n04858	151		true
n05327	24	0.3300	n02970 n04276	n03904 n04655	2602		true
n05328	25	0.3300	n00532	n03452 n04642	665		true
n05329	24	0.3300	n01424	n03532 n03543 n04636	224		true
n05330	21	0.3300	n03267	n03113 n03771	549		true
n05331	21	0.3300	n05204	n00950	590		true
n05332	22	0.3300	n04035	n03110 n03514	270		true
n05333	20	0.3300	n03451	n02782 n03522	388		true
n05334	20	0.3300	n00530	n00551 n04737	930		true
n05335	21	0.3300	n03117	n00082 n02089	396		true
n05336	19	0.3300	n04275	n02610 n04629	953		true
n05337	20	0.3300	n04703	n03241 n04728 n05409	465		true
n05338	19	0.3300		n05015	780		true
n05339	20	0.3300	n01748	n01211 n01855 n03988	365		true
n05340	19	0.3300	n02477	n02876 n04819	403		true
n05341	19	0.3300	n03898	n00079 n00171	566		true
n05342	17	0.3300		n01210 n04481 n04955	193		true
n05343	17	0.3300	n02147	n00588 n01223	255		true
n05344	17	0.3300	n03954	n00039	363		true
n05345	17	0.3300	n02811	n00774 n02435	1741		true
n05346	17	0.3300	n02142	n03057 n04844 n05145	2004		true
n05347	18	0.3300	n00009	n01094 n04380 n04875	630		true
n05348	18	0.3300	n02799 n03954	n01959 n02708	123		true
n05349	16	0.3300	n00014	n01596	142		true
n05350	17	0.3300	n04809	n02400 n03907	710		true
n05351	16	0.3300	n04350	n04231	65		true
n05352	16	0.3300	n04901	n01631 n02247 n04167	294		true
n05353	16	0.3300	n02073	n00722 n04244	774		true
n05354	15	0.3300	n02477	n01431 n03559	320		true
n05355	15	0.3300	n03117	n00960 n04589	479		true
n05356	15	0.3300	n02142	n02669	223		true
n05357	15	0.3300		n01705 n04230	2591		true
n05358	16	0.3300	n05094	n03654 n04545	849		true
n05359	14	0.3300	n01084	n04307 n05139	443		true
n05360	14	0.3300	n03387	n03034 n03736	390		true
n05361	15	0.3300	n04416	n00389 n03257	206		true
n05362	13	0.3300	n04217 n04881	n00863 n02398	397		true
n05363	14	0.3300	n03117	n00421 n05056	524		true
n05364	13	0.3300		n00094	170		true
n05365	12	0.3300	n00029	n01891 n02556 n04474	39		true
n05366	12	0.3300		n03788 n04967	212		true
n05367	13	0.3300		n02834 n04071	738		true
n05368	12	0.3300	n04882	n00142	780		true
n05369	12	0.3300	n04275	n00195	621		true
n05370	12	0.3300	n03449	n00167 n02050	59		true
n05371	13	0.3300	n04275	n01972 n03291	1280		true
n05372	12	0.3300	n01684 n03577	n00175	340		true
n05373	11	0.3300	n03976	n00717 n01268	782		true
n05374	11	0.3300	n03341	n00569 n04867	234		true
n05375	11	0.3300	n03757	n03201 n03430	60		true
n05376	11	0.3300	n00363	n02740	178		true
n05377	11	0.3300	n04275	n00245 n00480	113		true
n05378	12	0.3300	n04133	n00601 n02857	832		true
n05379	11	0.3300	n03459	n01124	564		true
n05380	10	0.3300	n03224	n02399 n03813	38		true
n05381	10	0.3300		n03005	311		true
n05382	10	0.3300	n04275	n01967	94		true
n05383	10	0.3300	n03117	n00421 n04966	651		true
n05384	10	0.3300	n04060	n03739	174		true
n05385	10	0.3300	n03707 n04812	n01489 n01837	106		true
n05386	10	0.3300	n02142	n02787	645		true
n05387	11	0.3300	n00839	n01898 n04778	227		true
n05388	9	0.3300	n01808		8		true
n05389	9	0.3300	n00833	n00827	152		true
n05390	9	0.3300	n00022	n02036	424		true
n05391	9	0.3300	n03457	n00247	134		true
n05392	8	0.3300	n02162	n01183	225		true
n05393	8	0.3300		n01573 n02116	253		true
n05394	8	0.3300		n01261	56		true
n05395	8	0.3300	n02836	n00283	217		true
n05396	8	0.3300		n01138	42		true
n05397	8	0.3300	n05317		69		true
n05398	7	0.3300	n02775		553		true
n05399	8	0.3300	n03408	n00892	99		true
n05400	7	0.3300	n02661		163		true
n05401	7	0.3300	n04155		106		true
n05402	7	0.3300	n02231		387		true
n05403	7	0.3300	n02334	n00646	351		true
n05404	7	0.3300	n03087	n01658	398		true
n05405	7	0.3300	n05160		77		true
n05406	8	0.3300	n01327	n00478	269		true
n05407	8	0.3300	n02571	n00914	88		true
n05408	6	0.3300			139		true
n05409	6	0.3300	n04128 n05337		337		true
n05410	6	0.3300	n04800		121		true
n05411	6	0.3300	n01440	n02121	89		true
n05412	6	0.3300	n04275		158		true
n05413	6	0.3300	n02684	n01790	1302		true
n05414	6	0.3300	n03954	n02252	103		true
n05415	6	0.3300	n04360	n01926	625		true
n05416	6	0.3300			74		true
n05417	6	0.3300	n04275	n02053	127		true
