key	source	name	k10	k25	k50	k100	k200	provenance
btm:M110	btm	axon guidance	7	17	33	64	122	scope=smoke descriptions=1854 sha256=27590d35aa07ba16 model=FremyCompany/BioLORD-2023
btm:M112.0	btm	complement activation (I)	1	2	5	11	18	
btm:M113	btm	golgi membrane (I)	7	19	36	70	136	
btm:M118.0	btm	enriched in monocytes (IV)	1	2	5	10	16	
btm:M118.1	btm	enriched in monocytes (surface)	1	2	5	10	16	
btm:M129	btm	inositol phosphate metabolism	2	3	6	13	22	
btm:M130	btm	enriched in G-protein coupled receptors	10	24	47	93	183	
btm:M133.0	btm	cell adhesion, membrane	5	11	23	46	89	
btm:M133.1	btm	cell cell adhesion	5	11	23	46	89	
btm:M137	btm	TBA	10	25	50	100	200	
btm:M14	btm	T cell differentiation	1	1	2	4	6	
btm:M147	btm	intracellular transport	7	19	36	70	136	
btm:M154.0	btm	amino acid metabolishm and transport	4	9	19	40	78	
btm:M16	btm	TLR and inflammatory signaling	1	2	3	6	9	
btm:M160	btm	leukocyte differentiation	1	2	5	9	15	
btm:M164	btm	xenobiotic metabolism	2	3	7	15	25	
btm:M168	btm	enriched in dendritic cells	1	2	5	10	16	
btm:M17.3	btm	Hox cluster IV	5	14	29	58	113	
btm:M172	btm	enriched for TF motif TTCNRGNNNNTTC	2	4	9	21	39	
btm:M177.0	btm	TBA	1	2	5	11	20	
btm:M177.1	btm	TBA	1	2	5	11	20	
btm:M18	btm	T cell differentiation via ITK and PKC	1	1	2	4	6	
btm:M195	btm	muscle contraction, SRF targets	6	15	30	59	114	
btm:M198	btm	TBA	1	2	5	11	20	
btm:M200	btm	antigen processing and presentation	1	1	1	1	1	
btm:M206	btm	Wnt signaling pathway	10	22	44	86	170	
btm:M208	btm	TBA	5	12	25	50	96	
btm:M209	btm	lysosome	10	25	50	98	196	
btm:M215	btm	small GTPase mediated signal transduction	10	25	48	94	188	
btm:M225	btm	metabolism of steroids	2	6	13	29	54	
btm:M231	btm	respiratory electron transport chain (mitochondrion)	10	23	46	91	181	
btm:M234	btm	transcription elongation, RNA polymerase II	9	21	42	82	159	
btm:M24	btm	cell activation (IL15, IL23, TNF)	1	2	5	11	20	
btm:M240	btm	chromosome Y linked	2	6	13	29	54	
btm:M241	btm	TBA	10	25	50	100	200	
btm:M242	btm	TBA	10	25	50	100	200	
btm:M247	btm	enriched in nuclear pore complex interacting proteins	9	21	42	82	165	
btm:M248	btm	TBA	10	25	50	100	200	
btm:M249	btm	TBA	3	7	15	34	62	
btm:M27.1	btm	chemokine cluster (II)	1	2	5	11	20	
btm:M32.6	btm	TBA	10	22	44	87	174	
btm:M33	btm	inflammatory response	1	2	4	8	12	
btm:M34	btm	cytoskeletal remodeling (enriched for SRF targets)	5	12	25	50	94	
btm:M37.1	btm	enriched in neutrophils (I)	1	2	5	10	16	
btm:M37.3	btm	cell division	7	18	35	68	131	
btm:M39	btm	integrin mediated leukocyte migration	1	2	5	10	17	
btm:M4.14	btm	Rho GTPase cycle	10	25	48	94	187	
btm:M4.7	btm	mitotic cell cycle	7	18	35	68	131	
btm:M40	btm	complement and other receptors in DCs	1	2	5	11	20	
btm:M41.2	btm	TBA	10	22	44	86	172	
btm:M41.3	btm	TBA	5	14	29	58	113	
btm:M44	btm	T cell signaling and costimulation	1	1	2	4	6	
btm:M47.0	btm	enriched in B cells (I)	1	1	1	2	2	
btm:M47.3	btm	enriched in B cells (IV)	1	1	1	2	2	
btm:M51	btm	cell adhesion	5	11	23	46	89	
btm:M52	btm	T cell activation (IV)	1	1	2	4	6	
btm:M57	btm	immuregulation - monocytes, T and B cells	1	1	2	4	6	
btm:M6	btm	mitotic cell division	7	18	35	68	132	
btm:M61.2	btm	enriched in NK cells (receptor activation)	1	2	5	10	16	
btm:M63	btm	regulation of localization (GO)	10	25	50	97	193	
btm:M66	btm	TBA	1	2	5	11	20	
btm:M69	btm	enriched in B cells (VI)	1	1	1	2	2	
btm:M7.2	btm	enriched in NK cells (I)	1	2	5	10	16	
btm:M7.4	btm	T cell activation (III)	1	1	2	4	6	
btm:M72.1	btm	TBA	10	25	50	100	200	
btm:M76	btm	DNA repair	9	21	41	80	156	
btm:M80	btm	TBA	1	1	2	4	6	
btm:M83	btm	enriched in naive and memory B cells	1	1	1	2	2	
btm:M86.1	btm	proinflammatory dendritic cell, myeloid cell response	1	2	5	11	20	
btm:M88.0	btm	leukocyte migration	1	2	5	10	17	
btm:M88.1	btm	enriched in hepatocyte nuclear factors (I)	3	7	15	33	60	
btm:M9	btm	B cell development	1	1	1	2	2	
btm:M95.1	btm	enriched in antigen presentation (III)	1	1	1	1	1	
btm:S0	btm	T cell surface signature	1	1	2	4	6	
go:GO:0000012	go	single strand break repair	9	21	41	80	156	
go:GO:0000019	go	regulation of mitotic recombination	7	18	35	69	134	
go:GO:0000038	go	very long-chain fatty acid metabolic process	3	7	16	35	63	
go:GO:0000050	go	urea cycle	2	3	7	16	31	
go:GO:0000055	go	ribosomal large subunit export from nucleus	9	21	42	82	164	
go:GO:0000096	go	sulfur amino acid metabolic process	2	3	7	15	29	
go:GO:0000184	go	nuclear-transcribed mRNA catabolic process, nonsense-mediated decay	9	21	42	81	158	
go:GO:0000209	go	protein polyubiquitination	10	25	50	100	199	
go:GO:0000278	go	mitotic cell cycle	7	18	35	68	131	
go:GO:0000305	go	response to oxygen radical	2	4	9	21	40	
go:GO:0000389	go	mRNA 3'-splice site recognition	9	21	42	82	160	
go:GO:0000422	go	autophagy of mitochondrion	10	25	49	95	189	
go:GO:0000423	go	mitophagy	10	25	49	95	189	
go:GO:0000448	go	cleavage in ITS2 between 5.8S rRNA and LSU-rRNA of tricistronic rRNA transcript (SSU-rRNA, 5.8S rRNA, LSU-rRNA)	9	21	42	82	161	
go:GO:0000491	go	small nucleolar ribonucleoprotein complex assembly	9	21	42	82	165	
go:GO:0000722	go	telomere maintenance via recombination	7	18	35	69	134	
go:GO:0000731	go	DNA synthesis involved in DNA repair	9	21	41	79	154	
go:GO:0000902	go	cell morphogenesis	7	17	34	66	126	
go:GO:0000910	go	cytokinesis	7	18	35	68	132	
go:GO:0000960	go	regulation of mitochondrial RNA catabolic process	10	23	46	91	180	
go:GO:0000967	go	rRNA 5'-end processing	9	21	42	82	162	
go:GO:0001561	go	fatty acid alpha-oxidation	3	7	16	35	63	
go:GO:0001562	go	response to protozoan	1	2	4	8	14	
go:GO:0001696	go	gastric acid secretion	5	14	29	55	104	
go:GO:0001709	go	cell fate determination	5	14	29	58	112	
go:GO:0001710	go	mesodermal cell fate commitment	5	14	29	58	112	
go:GO:0001732	go	formation of cytoplasmic translation initiation complex	9	21	42	82	163	
go:GO:0001756	go	somitogenesis	5	14	29	57	111	
go:GO:0001780	go	neutrophil homeostasis	1	2	4	8	14	
go:GO:0001806	go	type IV hypersensitivity	1	1	2	4	7	
go:GO:0001826	go	inner cell mass cell differentiation	5	14	29	58	113	
go:GO:0001837	go	epithelial to mesenchymal transition	5	11	23	45	88	
go:GO:0001841	go	neural tube formation	7	17	34	66	127	
go:GO:0001895	go	retina homeostasis	2	6	12	27	52	
go:GO:0001919	go	regulation of receptor recycling	10	25	50	100	198	
go:GO:0001937	go	negative regulation of endothelial cell proliferation	8	20	39	74	145	
go:GO:0001945	go	lymph vessel development	5	14	29	56	107	
go:GO:0001952	go	regulation of cell-matrix adhesion	5	12	25	49	93	
go:GO:0001991	go	regulation of systemic arterial blood pressure by circulatory renin-angiotensin	2	4	8	18	34	
go:GO:0002016	go	regulation of blood volume by renin-angiotensin	2	4	8	18	34	
go:GO:0002063	go	chondrocyte development	5	14	28	54	101	
go:GO:0002070	go	epithelial cell maturation	5	11	23	45	88	
go:GO:0002074	go	extraocular skeletal muscle development	2	6	12	27	50	
go:GO:0002090	go	regulation of receptor internalization	10	25	50	100	198	
go:GO:0002091	go	negative regulation of receptor internalization	10	25	50	100	198	
go:GO:0002093	go	auditory receptor cell morphogenesis	7	19	37	71	138	
go:GO:0002182	go	cytoplasmic translational elongation	9	21	42	82	163	
go:GO:0002183	go	cytoplasmic translational initiation	9	21	42	82	163	
go:GO:0002200	go	somatic diversification of immune receptors	1	1	2	4	6	
go:GO:0002237	go	response to molecule of bacterial origin	1	2	4	8	12	
go:GO:0002244	go	hematopoietic progenitor cell differentiation	1	2	5	9	15	
go:GO:0002246	go	wound healing involved in inflammatory response	5	12	24	48	91	
go:GO:0002281	go	macrophage activation involved in immune response	1	2	5	11	20	
go:GO:0002286	go	T cell activation involved in immune response	1	1	2	4	6	
go:GO:0002291	go	T cell activation via T cell receptor contact with antigen bound to MHC molecule on antigen presenting cell	1	1	2	4	6	
go:GO:0002295	go	T-helper cell lineage commitment	1	1	2	4	6	
go:GO:0002318	go	myeloid progenitor cell differentiation	1	2	5	9	15	
go:GO:0002322	go	B cell proliferation involved in immune response	1	1	1	2	2	
go:GO:0002328	go	pro-B cell differentiation	1	1	1	2	2	
go:GO:0002329	go	pre-B cell differentiation	1	1	1	2	2	
go:GO:0002408	go	myeloid dendritic cell chemotaxis	1	2	5	11	20	
go:GO:0002428	go	antigen processing and presentation of peptide antigen via MHC class Ib	1	1	1	1	1	
go:GO:0002443	go	leukocyte mediated immunity	1	1	2	4	5	
go:GO:0002483	go	antigen processing and presentation of endogenous peptide antigen	1	1	1	1	1	
go:GO:0002501	go	peptide antigen assembly with MHC protein complex	1	1	1	1	1	
go:GO:0002521	go	leukocyte differentiation	1	2	5	9	15	
go:GO:0002523	go	leukocyte migration involved in inflammatory response	1	2	5	10	17	
go:GO:0002532	go	production of molecular mediator involved in inflammatory response	1	2	5	11	20	
go:GO:0002576	go	platelet degranulation	5	12	24	48	92	
go:GO:0002579	go	positive regulation of antigen processing and presentation	1	1	2	4	5	
go:GO:0002606	go	positive regulation of dendritic cell antigen processing and presentation	1	1	2	4	5	
go:GO:0002637	go	regulation of immunoglobulin production	1	1	2	4	5	
go:GO:0002679	go	respiratory burst involved in defense response	1	2	4	8	14	
go:GO:0002690	go	positive regulation of leukocyte chemotaxis	1	2	5	11	19	
go:GO:0002692	go	negative regulation of cellular extravasation	5	12	25	49	93	
go:GO:0002705	go	positive regulation of leukocyte mediated immunity	1	1	2	4	5	
go:GO:0002710	go	negative regulation of T cell mediated immunity	1	1	2	3	4	
go:GO:0002711	go	positive regulation of T cell mediated immunity	1	1	2	4	5	
go:GO:0002713	go	negative regulation of B cell mediated immunity	1	1	2	3	4	
go:GO:0002753	go	cytoplasmic pattern recognition receptor signaling pathway	1	2	5	11	20	
go:GO:0002825	go	regulation of T-helper 1 type immune response	1	1	2	4	6	
go:GO:0002834	go	regulation of response to tumor cell	1	1	2	4	6	
go:GO:0002865	go	negative regulation of acute inflammatory response to antigenic stimulus	1	1	2	3	4	
go:GO:0002888	go	positive regulation of myeloid leukocyte mediated immunity	1	2	5	11	20	
go:GO:0002920	go	regulation of humoral immune response	1	1	2	4	5	
go:GO:0002922	go	positive regulation of humoral immune response	1	1	2	4	5	
go:GO:0002949	go	tRNA threonylcarbamoyladenosine modification	9	21	42	82	162	
go:GO:0003006	go	developmental process involved in reproduction	2	6	13	29	54	
go:GO:0003007	go	heart morphogenesis	6	16	31	60	117	
go:GO:0003012	go	muscle system process	6	15	30	59	116	
go:GO:0003044	go	regulation of systemic arterial blood pressure mediated by a chemical signal	2	4	8	18	34	
go:GO:0003085	go	negative regulation of systemic arterial blood pressure	2	4	8	18	34	
go:GO:0003093	go	regulation of glomerular filtration	5	13	27	53	99	
go:GO:0003100	go	regulation of systemic arterial blood pressure by endothelin	2	4	8	18	34	
go:GO:0003151	go	outflow tract morphogenesis	6	16	31	60	117	
go:GO:0003159	go	morphogenesis of an endothelium	5	12	26	52	98	
go:GO:0003174	go	mitral valve development	6	16	31	60	117	
go:GO:0003184	go	pulmonary valve morphogenesis	6	16	31	60	117	
go:GO:0003190	go	atrioventricular valve formation	6	16	31	60	117	
go:GO:0003206	go	cardiac chamber morphogenesis	6	16	31	60	117	
go:GO:0003228	go	atrial cardiac muscle tissue development	6	16	32	61	118	
go:GO:0003241	go	growth involved in heart morphogenesis	6	16	31	60	117	
go:GO:0003254	go	regulation of membrane depolarization	6	16	32	61	119	
go:GO:0003281	go	ventricular septum development	6	16	31	60	117	
go:GO:0003289	go	atrial septum primum morphogenesis	6	16	31	60	117	
go:GO:0003299	go	muscle hypertrophy in response to stress	6	15	30	59	116	
go:GO:0006012	go	galactose metabolic process	4	10	21	43	85	
go:GO:0006048	go	UDP-N-acetylglucosamine biosynthetic process	4	10	21	42	82	
go:GO:0006071	go	glycerol metabolic process	3	7	14	32	57	
go:GO:0006084	go	acetyl-CoA metabolic process	3	7	16	35	65	
go:GO:0006090	go	pyruvate metabolic process	2	3	6	13	23	
go:GO:0006107	go	oxaloacetate metabolic process	3	7	16	35	65	
go:GO:0006109	go	regulation of carbohydrate metabolic process	4	10	20	41	80	
go:GO:0006112	go	energy reserve metabolic process	3	7	14	32	57	
go:GO:0006119	go	oxidative phosphorylation	2	3	6	13	23	
go:GO:0006171	go	cAMP biosynthetic process	10	24	47	93	184	
go:GO:0006183	go	GTP biosynthetic process	4	10	21	43	84	
go:GO:0006198	go	cAMP catabolic process	10	24	47	93	184	
go:GO:0006208	go	pyrimidine nucleobase catabolic process	2	3	6	12	21	
go:GO:0006260	go	DNA replication	9	21	41	79	154	
go:GO:0006270	go	DNA replication initiation	9	21	41	79	154	
go:GO:0006281	go	DNA repair	9	21	41	80	156	
go:GO:0006284	go	base-excision repair	9	21	41	80	156	
go:GO:0006285	go	base-excision repair, AP site formation	9	21	41	80	155	
go:GO:0006289	go	nucleotide-excision repair	9	21	41	80	156	
go:GO:0006298	go	mismatch repair	10	23	45	90	178	
go:GO:0006304	go	DNA modification	9	21	41	80	156	
go:GO:0006312	go	mitotic recombination	7	18	35	69	134	
go:GO:0006325	go	chromatin organization	7	18	35	67	130	
go:GO:0006335	go	DNA replication-dependent chromatin assembly	9	21	41	79	154	
go:GO:0006353	go	DNA-templated transcription termination	9	21	42	81	158	
go:GO:0006362	go	transcription elongation by RNA polymerase I	9	21	42	82	159	
go:GO:0006364	go	rRNA processing	9	21	42	82	162	
go:GO:0006368	go	transcription elongation by RNA polymerase II	9	21	42	82	159	
go:GO:0006369	go	termination of RNA polymerase II transcription	9	21	42	81	158	
go:GO:0006383	go	transcription by RNA polymerase III	9	21	42	82	161	
go:GO:0006402	go	mRNA catabolic process	9	21	42	81	158	
go:GO:0006406	go	mRNA export from nucleus	9	21	42	82	164	
go:GO:0006412	go	translation	9	21	42	82	163	
go:GO:0006457	go	protein folding	10	25	50	96	191	
go:GO:0006476	go	protein deacetylation	2	3	7	15	28	
go:GO:0006479	go	protein methylation	10	23	45	90	179	
go:GO:0006493	go	protein O-linked glycosylation	4	10	21	43	83	
go:GO:0006498	go	N-terminal protein lipidation	3	7	14	32	58	
go:GO:0006505	go	GPI anchor metabolic process	7	19	37	72	140	
go:GO:0006520	go	amino acid metabolic process	2	3	7	15	30	
go:GO:0006569	go	L-tryptophan catabolic process	2	3	7	14	24	
go:GO:0006572	go	L-tyrosine catabolic process	2	3	7	14	24	
go:GO:0006596	go	polyamine biosynthetic process	2	3	7	15	27	
go:GO:0006605	go	protein targeting	10	25	50	97	193	
go:GO:0006611	go	protein export from nucleus	9	21	42	82	164	
go:GO:0006613	go	cotranslational protein targeting to membrane	10	25	50	98	194	
go:GO:0006614	go	SRP-dependent cotranslational protein targeting to membrane	10	25	50	98	194	
go:GO:0006617	go	SRP-dependent cotranslational protein targeting to membrane, signal sequence recognition	10	25	50	98	194	
go:GO:0006626	go	obsolete protein targeting to mitochondrion	10	23	46	91	181	
go:GO:0006627	go	obsolete protein processing involved in protein targeting to mitochondrion	10	23	46	91	181	
go:GO:0006641	go	triglyceride metabolic process	3	7	14	32	57	
go:GO:0006644	go	phospholipid metabolic process	3	7	17	36	68	
go:GO:0006685	go	sphingomyelin catabolic process	3	7	17	36	69	
go:GO:0006686	go	sphingomyelin biosynthetic process	3	7	17	36	69	
go:GO:0006702	go	androgen biosynthetic process	2	6	13	29	54	
go:GO:0006703	go	estrogen biosynthetic process	2	6	13	28	53	
go:GO:0006740	go	NADPH regeneration	2	3	6	12	21	
go:GO:0006776	go	vitamin A metabolic process	3	7	16	35	64	
go:GO:0006778	go	porphyrin-containing compound metabolic process	2	3	7	16	31	
go:GO:0006784	go	heme A biosynthetic process	2	3	7	16	31	
go:GO:0006790	go	sulfur compound metabolic process	2	3	7	15	29	
go:GO:0006793	go	phosphorus metabolic process	2	3	6	13	23	
go:GO:0006828	go	manganese ion transport	10	23	46	91	181	
go:GO:0006836	go	neurotransmitter transport	7	17	33	62	120	
go:GO:0006839	go	mitochondrial transport	10	23	46	91	181	
go:GO:0006842	go	tricarboxylic acid transport	4	9	19	40	79	
go:GO:0006848	go	pyruvate transport	2	3	6	13	23	
go:GO:0006851	go	mitochondrial calcium ion transmembrane transport	10	23	46	91	181	
go:GO:0006878	go	intracellular copper ion homeostasis	2	3	7	17	32	
go:GO:0006892	go	post-Golgi vesicle-mediated transport	7	19	36	70	136	
go:GO:0006896	go	Golgi to vacuole transport	7	19	36	70	136	
go:GO:0006903	go	obsolete vesicle targeting	7	19	36	70	137	
go:GO:0006909	go	phagocytosis	1	2	4	8	14	
go:GO:0006936	go	muscle contraction	6	15	30	59	115	
go:GO:0006937	go	regulation of muscle contraction	8	20	39	74	146	
go:GO:0006939	go	smooth muscle contraction	6	15	30	59	114	
go:GO:0006941	go	striated muscle contraction	6	15	30	59	115	
go:GO:0006954	go	inflammatory response	1	2	4	8	12	
go:GO:0006968	go	cellular defense response	1	2	5	11	20	
go:GO:0007005	go	mitochondrion organization	10	23	46	91	181	
go:GO:0007007	go	inner mitochondrial membrane organization	10	23	46	91	181	
go:GO:0007009	go	plasma membrane organization	7	19	37	72	140	
go:GO:0007023	go	post-chaperonin tubulin folding pathway	7	19	37	72	141	
go:GO:0007049	go	cell cycle	7	18	35	68	131	
go:GO:0007051	go	spindle organization	7	18	35	68	132	
go:GO:0007056	go	spindle assembly involved in female meiosis	7	18	35	68	132	
go:GO:0007059	go	chromosome segregation	7	18	35	68	132	
go:GO:0007093	go	mitotic cell cycle checkpoint signaling	10	25	48	94	188	
go:GO:0007141	go	male meiosis I	7	18	35	68	132	
go:GO:0007155	go	cell adhesion	5	11	23	46	89	
go:GO:0007156	go	homophilic cell-cell adhesion	5	11	23	46	89	
go:GO:0007168	go	receptor guanylyl cyclase signaling pathway	10	24	47	93	183	
go:GO:0007178	go	cell surface receptor protein serine/threonine kinase signaling pathway	10	22	44	89	177	
go:GO:0007187	go	G protein-coupled receptor signaling pathway, coupled to cyclic nucleotide second messenger	10	24	47	93	183	
go:GO:0007192	go	adenylate cyclase-activating serotonin receptor signaling pathway	10	24	47	93	184	
go:GO:0007207	go	phospholipase C-activating G protein-coupled acetylcholine receptor signaling pathway	10	24	47	93	183	
go:GO:0007213	go	G protein-coupled acetylcholine receptor signaling pathway	10	24	47	93	183	
go:GO:0007220	go	Notch receptor processing	5	12	26	51	97	
go:GO:0007221	go	positive regulation of transcription of Notch receptor target	5	12	26	51	97	
go:GO:0007250	go	activation of NF-kappaB-inducing kinase activity	1	2	3	7	10	
go:GO:0007264	go	small GTPase-mediated signal transduction	10	25	48	94	188	
go:GO:0007340	go	acrosome reaction	2	6	13	30	55	
go:GO:0007341	go	penetration of zona pellucida	2	6	13	30	55	
go:GO:0007346	go	regulation of mitotic cell cycle	7	18	35	68	131	
go:GO:0007369	go	gastrulation	5	14	29	57	110	
go:GO:0007492	go	endoderm development	5	14	29	58	113	
go:GO:0007507	go	heart development	6	16	31	60	117	
go:GO:0007528	go	neuromuscular junction development	7	17	33	64	122	
go:GO:0007586	go	digestion	4	9	19	39	77	
go:GO:0007599	go	hemostasis	5	12	24	48	92	
go:GO:0007600	go	sensory perception	2	5	10	22	42	
go:GO:0007610	go	behavior	2	5	11	24	44	
go:GO:0007620	go	copulation	2	6	13	29	54	
go:GO:0007623	go	circadian rhythm	2	5	11	23	43	
go:GO:0008033	go	tRNA processing	9	21	42	82	162	
go:GO:0008063	go	Toll signaling pathway	1	2	3	6	9	
go:GO:0008216	go	spermidine metabolic process	2	3	7	15	27	
go:GO:0008593	go	regulation of Notch signaling pathway	5	12	26	51	97	
go:GO:0008594	go	photoreceptor cell morphogenesis	2	6	12	27	52	
go:GO:0008627	go	intrinsic apoptotic signaling pathway in response to osmotic stress	2	4	8	19	37	
go:GO:0008643	go	carbohydrate transport	4	10	21	43	85	
go:GO:0008654	go	phospholipid biosynthetic process	3	7	17	36	68	
go:GO:0009072	go	aromatic amino acid metabolic process	2	3	7	14	24	
go:GO:0009086	go	obsolete methionine biosynthetic process	10	23	45	90	179	
go:GO:0009101	go	glycoprotein biosynthetic process	4	10	21	43	83	
go:GO:0009117	go	nucleotide metabolic process	2	3	6	12	21	
go:GO:0009119	go	ribonucleoside metabolic process	2	3	6	12	21	
go:GO:0009130	go	pyrimidine nucleoside monophosphate biosynthetic process	2	3	6	12	21	
go:GO:0009134	go	nucleoside diphosphate catabolic process	2	3	6	12	21	
go:GO:0009142	go	nucleoside triphosphate biosynthetic process	2	3	6	12	21	
go:GO:0009143	go	nucleoside triphosphate catabolic process	2	3	6	12	21	
go:GO:0009156	go	ribonucleoside monophosphate biosynthetic process	2	3	6	12	21	
go:GO:0009159	go	deoxyribonucleoside monophosphate catabolic process	2	3	6	12	21	
go:GO:0009176	go	pyrimidine deoxyribonucleoside monophosphate metabolic process	2	3	6	13	23	
go:GO:0009211	go	pyrimidine deoxyribonucleoside triphosphate metabolic process	2	3	6	13	23	
go:GO:0009225	go	nucleotide-sugar metabolic process	4	10	21	43	85	
go:GO:0009249	go	protein lipoylation	3	7	14	32	58	
go:GO:0009262	go	deoxyribonucleotide metabolic process	2	3	6	12	21	
go:GO:0009267	go	cellular response to starvation	2	3	7	15	26	
go:GO:0009310	go	amine catabolic process	2	3	7	14	24	
go:GO:0009396	go	folic acid-containing compound biosynthetic process	2	3	6	13	23	
go:GO:0009408	go	response to heat	2	4	9	21	39	
go:GO:0009415	go	response to water	2	4	8	19	37	
go:GO:0009566	go	fertilization	2	6	13	30	55	
go:GO:0009595	go	detection of biotic stimulus	1	2	4	8	12	
go:GO:0009608	go	response to symbiont	1	2	4	8	12	
go:GO:0009612	go	response to mechanical stimulus	2	4	9	20	38	
go:GO:0009629	go	response to gravity	2	5	11	25	46	
go:GO:0009635	go	response to herbicide	2	5	11	25	46	
go:GO:0009637	go	response to blue light	2	5	11	25	46	
go:GO:0009651	go	response to salt stress	2	4	8	19	37	
go:GO:0009756	go	carbohydrate mediated signaling	4	10	20	41	80	
go:GO:0009886	go	post-embryonic animal morphogenesis	5	14	29	57	109	
go:GO:0009948	go	anterior/posterior axis specification	5	14	29	57	111	
go:GO:0009992	go	intracellular water homeostasis	2	4	8	19	36	
go:GO:0009994	go	oocyte differentiation	2	6	13	30	55	
go:GO:0010225	go	response to UV-C	5	11	22	44	86	
go:GO:0010226	go	response to lithium ion	2	5	11	25	46	
go:GO:0010273	go	detoxification of copper ion	2	3	7	17	32	
go:GO:0010454	go	negative regulation of cell fate commitment	5	14	29	58	112	
go:GO:0010499	go	proteasomal ubiquitin-independent protein catabolic process	10	25	50	100	199	
go:GO:0010523	go	negative regulation of calcium ion transport into cytosol	10	24	47	92	182	
go:GO:0010544	go	negative regulation of platelet activation	5	12	24	48	92	
go:GO:0010560	go	positive regulation of glycoprotein biosynthetic process	4	10	21	43	83	
go:GO:0010565	go	regulation of ketone metabolic process	3	7	15	34	61	
go:GO:0010636	go	positive regulation of mitochondrial fusion	10	23	46	91	181	
go:GO:0010644	go	cell communication by electrical coupling	7	19	37	72	141	
go:GO:0010668	go	ectodermal cell differentiation	5	11	22	44	87	
go:GO:0010728	go	regulation of hydrogen peroxide biosynthetic process	2	3	7	16	31	
go:GO:0010743	go	regulation of macrophage derived foam cell differentiation	3	7	17	36	70	
go:GO:0010763	go	positive regulation of fibroblast migration	5	12	25	50	94	
go:GO:0010765	go	positive regulation of sodium ion transport	2	4	8	19	35	
go:GO:0010812	go	negative regulation of cell-substrate adhesion	5	12	25	49	93	
go:GO:0010829	go	negative regulation of D-glucose transmembrane transport	8	20	39	75	148	
go:GO:0010832	go	negative regulation of myotube differentiation	8	20	39	74	146	
go:GO:0010901	go	regulation of very-low-density lipoprotein particle remodeling	3	7	14	31	56	
go:GO:0010921	go	regulation of phosphatase activity	10	24	47	93	186	
go:GO:0010934	go	macrophage cytokine production	1	2	5	11	20	
go:GO:0010975	go	regulation of neuron projection development	7	17	34	65	124	
go:GO:0010976	go	positive regulation of neuron projection development	7	17	34	65	124	
go:GO:0010982	go	regulation of high-density lipoprotein particle clearance	3	7	14	31	56	
go:GO:0014012	go	peripheral nervous system axon regeneration	7	17	34	66	125	
go:GO:0014013	go	regulation of gliogenesis	7	17	34	66	126	
go:GO:0014014	go	negative regulation of gliogenesis	7	17	34	66	126	
go:GO:0014034	go	neural crest cell fate commitment	5	14	29	58	113	
go:GO:0014049	go	positive regulation of glutamate secretion	7	17	33	63	121	
go:GO:0014051	go	gamma-aminobutyric acid secretion	7	17	33	62	120	
go:GO:0014075	go	response to amine	2	5	11	25	46	
go:GO:0014744	go	positive regulation of muscle adaptation	6	15	30	59	116	
go:GO:0014805	go	smooth muscle adaptation	6	15	30	59	114	
go:GO:0014855	go	striated muscle cell proliferation	6	15	30	59	116	
go:GO:0014905	go	myoblast fusion involved in skeletal muscle regeneration	6	15	30	59	116	
go:GO:0014909	go	smooth muscle cell migration	6	15	30	59	114	
go:GO:0015671	go	oxygen transport	2	3	7	16	31	
go:GO:0015701	go	bicarbonate transport	4	9	19	40	79	
go:GO:0015749	go	monosaccharide transmembrane transport	4	10	21	43	85	
go:GO:0015791	go	polyol transmembrane transport	3	7	14	32	57	
go:GO:0015793	go	glycerol transmembrane transport	3	7	14	32	57	
go:GO:0015807	go	L-amino acid transport	4	9	19	40	78	
go:GO:0015812	go	gamma-aminobutyric acid transport	7	17	33	62	120	
go:GO:0015813	go	L-glutamate transmembrane transport	7	17	33	62	120	
go:GO:0015818	go	isoleucine transport	4	9	19	40	79	
go:GO:0015823	go	phenylalanine transport	4	9	19	40	78	
go:GO:0015846	go	polyamine transport	2	3	7	15	27	
go:GO:0015884	go	folic acid transport	4	9	19	40	79	
go:GO:0015936	go	coenzyme A metabolic process	3	7	16	35	65	
go:GO:0015937	go	coenzyme A biosynthetic process	3	7	16	35	65	
go:GO:0016032	go	viral process	9	21	40	77	152	
go:GO:0016045	go	detection of bacterium	1	2	4	8	12	
go:GO:0016050	go	vesicle organization	7	19	36	70	137	
go:GO:0016053	go	obsolete organic acid biosynthetic process	3	7	16	35	65	
go:GO:0016055	go	Wnt signaling pathway	10	22	44	86	170	
go:GO:0016101	go	diterpenoid metabolic process	3	7	16	35	64	
go:GO:0016102	go	diterpenoid biosynthetic process	3	7	16	35	64	
go:GO:0016115	go	terpenoid catabolic process	3	7	16	35	64	
go:GO:0016137	go	glycoside metabolic process	4	10	21	43	85	
go:GO:0016192	go	vesicle-mediated transport	7	19	36	70	137	
go:GO:0016236	go	macroautophagy	10	25	49	95	190	
go:GO:0016237	go	microautophagy	10	25	49	95	190	
go:GO:0016264	go	gap junction assembly	7	19	37	72	141	
go:GO:0016310	go	phosphorylation	10	24	47	93	186	
go:GO:0016311	go	dephosphorylation	10	24	47	93	186	
go:GO:0016485	go	protein processing	2	3	7	15	30	
go:GO:0016562	go	protein import into peroxisome matrix, receptor recycling	10	25	50	98	195	
go:GO:0016973	go	poly(A)+ mRNA export from nucleus	9	21	42	82	164	
go:GO:0017121	go	plasma membrane phospholipid scrambling	3	7	17	36	70	
go:GO:0018107	go	peptidyl-threonine phosphorylation	10	24	47	93	186	
go:GO:0018126	go	protein hydroxylation	2	3	7	16	31	
go:GO:0018193	go	obsolete peptidyl-amino acid modification	10	25	50	96	192	
go:GO:0018202	go	obsolete peptidyl-histidine modification	10	25	50	96	192	
go:GO:0018209	go	obsolete peptidyl-serine modification	10	25	50	96	192	
go:GO:0018394	go	peptidyl-lysine acetylation	2	3	7	15	28	
go:GO:0019079	go	viral genome replication	9	21	40	77	152	
go:GO:0019217	go	regulation of fatty acid metabolic process	3	7	15	34	62	
go:GO:0019221	go	cytokine-mediated signaling pathway	1	2	5	11	20	
go:GO:0019236	go	response to pheromone	2	5	11	24	44	
go:GO:0019262	go	N-acetylneuraminate catabolic process	4	10	21	42	82	
go:GO:0019336	go	phenol-containing compound catabolic process	2	3	7	14	24	
go:GO:0019370	go	leukotriene biosynthetic process	3	7	17	36	68	
go:GO:0019401	go	alditol biosynthetic process	3	7	16	35	65	
go:GO:0019532	go	oxalate transport	4	9	19	40	79	
go:GO:0019614	go	catechol-containing compound catabolic process	2	3	7	14	24	
go:GO:0019637	go	organophosphate metabolic process	2	3	6	13	23	
go:GO:0019673	go	GDP-mannose metabolic process	4	10	21	43	84	
go:GO:0019674	go	NAD+ metabolic process	2	3	6	12	21	
go:GO:0019693	go	ribose phosphate metabolic process	2	3	6	12	21	
go:GO:0019724	go	B cell mediated immunity	1	1	1	2	2	
go:GO:0019731	go	antibacterial humoral response	1	2	4	8	13	
go:GO:0019835	go	cytolysis	1	2	4	8	14	
go:GO:0019882	go	antigen processing and presentation	1	1	1	1	1	
go:GO:0019883	go	antigen processing and presentation of endogenous antigen	1	1	1	1	1	
go:GO:0021516	go	dorsal spinal cord development	7	17	34	66	127	
go:GO:0021522	go	spinal cord motor neuron differentiation	7	17	34	66	127	
go:GO:0021537	go	telencephalon development	7	17	34	66	127	
go:GO:0021544	go	subpallium development	7	17	34	66	127	
go:GO:0021554	go	optic nerve development	2	6	12	27	52	
go:GO:0021610	go	facial nerve morphogenesis	5	14	29	57	108	
go:GO:0021650	go	vestibulocochlear nerve formation	7	19	37	71	138	
go:GO:0021683	go	cerebellar granular layer morphogenesis	7	17	34	66	126	
go:GO:0021766	go	hippocampus development	7	17	34	66	127	
go:GO:0021871	go	forebrain regionalization	7	17	34	66	127	
go:GO:0021904	go	dorsal/ventral neural tube patterning	7	17	34	66	127	
go:GO:0021953	go	central nervous system neuron differentiation	7	17	34	66	127	
go:GO:0022404	go	molting cycle process	5	11	22	44	87	
go:GO:0022409	go	positive regulation of cell-cell adhesion	5	12	25	49	93	
go:GO:0022412	go	cellular process involved in reproduction in multicellular organism	2	6	13	30	55	
go:GO:0022602	go	ovulation cycle process	2	6	13	30	55	
go:GO:0022603	go	regulation of anatomical structure morphogenesis	5	14	29	57	109	
go:GO:0022615	go	protein to membrane docking	7	19	37	72	140	
go:GO:0022616	go	DNA strand elongation	9	21	41	79	154	
go:GO:0022900	go	electron transport chain	10	23	46	91	181	
go:GO:0030033	go	microvillus assembly	5	14	29	56	106	
go:GO:0030048	go	actin filament-based movement	6	15	30	59	115	
go:GO:0030070	go	insulin processing	4	10	20	41	80	
go:GO:0030073	go	insulin secretion	4	10	20	41	80	
go:GO:0030091	go	protein repair	10	25	50	96	192	
go:GO:0030098	go	lymphocyte differentiation	1	2	5	9	15	
go:GO:0030162	go	regulation of proteolysis	10	25	50	96	192	
go:GO:0030217	go	T cell differentiation	1	1	2	4	6	
go:GO:0030239	go	myofibril assembly	6	15	30	59	115	
go:GO:0030240	go	skeletal muscle thin filament assembly	6	15	30	59	115	
go:GO:0030300	go	regulation of intestinal cholesterol absorption	4	9	19	39	77	
go:GO:0030308	go	negative regulation of cell growth	8	20	39	76	149	
go:GO:0030502	go	negative regulation of bone mineralization	5	14	28	54	103	
go:GO:0030514	go	negative regulation of BMP signaling pathway	8	20	39	76	149	
go:GO:0030516	go	regulation of axon extension	7	17	34	65	124	
go:GO:0030730	go	triglyceride storage	3	7	14	32	57	
go:GO:0030809	go	negative regulation of nucleotide biosynthetic process	8	20	38	73	143	
go:GO:0030810	go	positive regulation of nucleotide biosynthetic process	10	24	47	93	184	
go:GO:0030855	go	epithelial cell differentiation	5	11	23	45	88	
go:GO:0030878	go	thyroid gland development	2	5	11	26	47	
go:GO:0030917	go	midbrain-hindbrain boundary development	7	17	34	66	127	
go:GO:0030948	go	negative regulation of vascular endothelial growth factor receptor signaling pathway	8	20	39	74	145	
go:GO:0031000	go	response to caffeine	2	5	11	25	46	
go:GO:0031017	go	exocrine pancreas development	4	10	20	41	80	
go:GO:0031033	go	myosin filament organization	6	15	30	59	115	
go:GO:0031047	go	regulatory ncRNA-mediated gene silencing	9	21	42	81	157	
go:GO:0031054	go	pre-miRNA processing	9	21	42	81	157	
go:GO:0031099	go	regeneration	7	17	34	66	125	
go:GO:0031102	go	neuron projection regeneration	7	17	34	66	125	
go:GO:0031106	go	septin ring organization	5	14	29	58	112	
go:GO:0031119	go	tRNA pseudouridine synthesis	2	3	6	12	21	
go:GO:0031124	go	mRNA 3'-end processing	9	21	42	82	161	
go:GO:0031281	go	positive regulation of cyclase activity	10	24	47	93	184	
go:GO:0031345	go	negative regulation of cell projection organization	7	17	34	65	124	
go:GO:0031394	go	positive regulation of prostaglandin biosynthetic process	3	7	17	36	66	
go:GO:0031399	go	regulation of protein modification process	10	25	50	96	192	
go:GO:0031424	go	keratinization	5	11	22	44	87	
go:GO:0031442	go	positive regulation of mRNA 3'-end processing	9	21	42	82	161	
go:GO:0031665	go	negative regulation of lipopolysaccharide-mediated signaling pathway	1	1	2	3	4	
go:GO:0031929	go	TOR signaling	10	23	45	90	179	
go:GO:0031947	go	negative regulation of glucocorticoid biosynthetic process	8	20	39	76	151	
go:GO:0031987	go	locomotion involved in locomotory behavior	2	5	11	24	44	
go:GO:0032088	go	obsolete negative regulation of NF-kappaB transcription factor activity	1	2	3	7	10	
go:GO:0032103	go	positive regulation of response to external stimulus	1	2	4	8	12	
go:GO:0032218	go	riboflavin transport	4	9	19	40	79	
go:GO:0032224	go	positive regulation of synaptic transmission, cholinergic	7	17	33	63	121	
go:GO:0032231	go	regulation of actin filament bundle assembly	5	12	25	50	95	
go:GO:0032239	go	regulation of nucleobase-containing compound transport	9	21	42	82	165	
go:GO:0032259	go	methylation	10	23	45	90	179	
go:GO:0032274	go	gonadotropin secretion	2	5	11	26	48	
go:GO:0032289	go	central nervous system myelin formation	7	17	34	66	127	
go:GO:0032291	go	axon ensheathment in central nervous system	7	17	34	66	127	
go:GO:0032332	go	positive regulation of chondrocyte differentiation	5	14	28	54	101	
go:GO:0032387	go	negative regulation of intracellular transport	8	20	38	73	143	
go:GO:0032490	go	detection of molecule of bacterial origin	1	2	4	8	12	
go:GO:0032534	go	regulation of microvillus assembly	5	14	29	56	106	
go:GO:0032543	go	mitochondrial translation	10	23	46	91	181	
go:GO:0032596	go	protein transport into membrane raft	7	19	36	70	136	
go:GO:0032604	go	granulocyte macrophage colony-stimulating factor production	1	2	5	11	20	
go:GO:0032606	go	type I interferon production	1	2	3	5	8	
go:GO:0032625	go	interleukin-21 production	1	2	3	7	11	
go:GO:0032688	go	negative regulation of interferon-beta production	1	1	2	3	4	
go:GO:0032689	go	negative regulation of type II interferon production	1	1	2	3	4	
go:GO:0032693	go	negative regulation of interleukin-10 production	1	1	2	3	4	
go:GO:0032717	go	negative regulation of interleukin-8 production	1	1	2	3	4	
go:GO:0032729	go	positive regulation of type II interferon production	1	2	3	5	8	
go:GO:0032730	go	positive regulation of interleukin-1 alpha production	1	2	3	7	11	
go:GO:0032741	go	positive regulation of interleukin-18 production	1	2	3	7	11	
go:GO:0032762	go	mast cell cytokine production	1	2	5	11	20	
go:GO:0032793	go	obsolete positive regulation of CREB transcription factor activity	10	24	47	92	182	
go:GO:0032801	go	receptor catabolic process	10	25	50	100	198	
go:GO:0032814	go	regulation of natural killer cell activation	1	1	2	3	3	
go:GO:0032815	go	negative regulation of natural killer cell activation	1	1	2	3	3	
go:GO:0032847	go	obsolete regulation of cellular pH reduction	2	4	8	19	37	
go:GO:0032898	go	neurotrophin production	10	22	44	86	172	
go:GO:0032926	go	negative regulation of activin receptor signaling pathway	8	20	39	76	149	
go:GO:0032927	go	positive regulation of activin receptor signaling pathway	8	20	39	76	149	
go:GO:0033002	go	muscle cell proliferation	6	15	30	59	116	
go:GO:0033032	go	regulation of myeloid cell apoptotic process	1	2	5	9	15	
go:GO:0033034	go	positive regulation of myeloid cell apoptotic process	1	2	5	9	15	
go:GO:0033088	go	negative regulation of immature T cell proliferation in thymus	1	1	2	3	4	
go:GO:0033143	go	regulation of intracellular steroid hormone receptor signaling pathway	8	20	39	76	150	
go:GO:0033144	go	negative regulation of intracellular steroid hormone receptor signaling pathway	8	20	39	76	150	
go:GO:0033147	go	negative regulation of intracellular estrogen receptor signaling pathway	8	20	39	76	150	
go:GO:0033206	go	meiotic cytokinesis	7	18	35	68	132	
go:GO:0033209	go	tumor necrosis factor-mediated signaling pathway	1	2	3	7	10	
go:GO:0033212	go	iron import into cell	2	3	7	17	33	
go:GO:0033275	go	actin-myosin filament sliding	6	15	30	59	115	
go:GO:0033385	go	geranylgeranyl diphosphate metabolic process	4	10	21	43	84	
go:GO:0033489	go	obsolete cholesterol biosynthetic process via desmosterol	3	7	15	33	59	
go:GO:0033500	go	carbohydrate homeostasis	4	10	20	41	80	
go:GO:0033539	go	fatty acid beta-oxidation using acyl-CoA dehydrogenase	3	7	16	35	63	
go:GO:0033554	go	cellular response to stress	2	4	9	21	39	
go:GO:0033591	go	response to L-ascorbic acid	2	5	11	25	46	
go:GO:0033595	go	response to genistein	2	5	11	25	46	
go:GO:0033598	go	mammary gland epithelial cell proliferation	2	6	13	28	53	
go:GO:0033601	go	positive regulation of mammary gland epithelial cell proliferation	2	6	13	28	53	
go:GO:0033630	go	positive regulation of cell adhesion mediated by integrin	5	12	25	49	93	
go:GO:0033632	go	regulation of cell-cell adhesion mediated by integrin	5	12	25	49	93	
go:GO:0033762	go	response to glucagon	2	5	11	26	49	
go:GO:0034058	go	endosomal vesicle fusion	7	19	36	70	137	
go:GO:0034085	go	establishment of sister chromatid cohesion	7	18	35	67	128	
go:GO:0034086	go	maintenance of sister chromatid cohesion	7	18	35	67	128	
go:GO:0034091	go	regulation of maintenance of sister chromatid cohesion	7	18	35	67	128	
go:GO:0034093	go	positive regulation of maintenance of sister chromatid cohesion	7	18	35	67	128	
go:GO:0034104	go	negative regulation of tissue remodeling	5	14	28	54	103	
go:GO:0034110	go	regulation of homotypic cell-cell adhesion	5	12	25	49	93	
go:GO:0034116	go	positive regulation of heterotypic cell-cell adhesion	5	12	25	49	93	
go:GO:0034134	go	toll-like receptor 2 signaling pathway	1	2	3	6	9	
go:GO:0034136	go	negative regulation of toll-like receptor 2 signaling pathway	1	1	2	3	4	
go:GO:0034138	go	toll-like receptor 3 signaling pathway	1	2	3	6	9	
go:GO:0034196	go	acylglycerol transport	3	7	14	32	57	
go:GO:0034204	go	lipid translocation	3	7	14	32	58	
go:GO:0034239	go	regulation of macrophage fusion	5	14	28	54	101	
go:GO:0034260	go	negative regulation of GTPase activity	8	20	38	73	143	
go:GO:0034330	go	cell junction organization	5	11	23	46	89	
go:GO:0034332	go	adherens junction organization	5	11	23	46	89	
go:GO:0034342	go	response to type III interferon	1	2	3	5	8	
go:GO:0034370	go	triglyceride-rich lipoprotein particle remodeling	3	7	14	31	56	
go:GO:0034371	go	chylomicron remodeling	3	7	14	31	56	
go:GO:0034375	go	high-density lipoprotein particle remodeling	3	7	14	31	56	
go:GO:0034378	go	chylomicron assembly	3	7	14	31	56	
go:GO:0034379	go	very-low-density lipoprotein particle assembly	3	7	14	31	56	
go:GO:0034380	go	high-density lipoprotein particle assembly	3	7	14	31	56	
go:GO:0034616	go	response to laminar fluid shear stress	2	4	9	20	38	
go:GO:0034727	go	piecemeal microautophagy of the nucleus	10	25	49	95	190	
go:GO:0034766	go	negative regulation of monoatomic ion transmembrane transport	6	16	32	61	119	
go:GO:0035082	go	axoneme assembly	7	19	37	72	139	
go:GO:0035094	go	response to nicotine	2	5	11	25	45	
go:GO:0035196	go	miRNA processing	9	21	42	81	157	
go:GO:0035249	go	synaptic transmission, glutamatergic	7	17	33	62	120	
go:GO:0035264	go	multicellular organism growth	5	14	28	54	101	
go:GO:0035279	go	miRNA-mediated gene silencing by mRNA destabilization	9	21	42	81	157	
go:GO:0035295	go	tube development	5	14	29	56	107	
go:GO:0035306	go	positive regulation of dephosphorylation	10	24	47	93	186	
go:GO:0035313	go	wound healing, spreading of epidermal cells	5	11	22	44	87	
go:GO:0035330	go	regulation of hippo signaling	8	20	39	76	149	
go:GO:0035331	go	negative regulation of hippo signaling	8	20	39	76	149	
go:GO:0035332	go	positive regulation of hippo signaling	8	20	39	76	149	
go:GO:0035385	go	Roundabout signaling pathway	5	12	25	50	96	
go:GO:0035442	go	dipeptide transmembrane transport	4	9	19	40	78	
go:GO:0035458	go	cellular response to interferon-beta	1	2	3	5	8	
go:GO:0035524	go	proline transmembrane transport	4	9	19	40	78	
go:GO:0035617	go	cytoplasmic stress granule disassembly	9	21	42	82	165	
go:GO:0035640	go	exploration behavior	2	5	11	24	44	
go:GO:0035710	go	CD4-positive, alpha-beta T cell activation	1	1	2	4	7	
go:GO:0035739	go	CD4-positive, alpha-beta T cell proliferation	1	1	2	4	7	
go:GO:0035787	go	cell migration involved in kidney development	5	13	27	53	99	
go:GO:0035790	go	platelet-derived growth factor receptor-alpha signaling pathway	10	22	44	87	174	
go:GO:0035791	go	platelet-derived growth factor receptor-beta signaling pathway	10	22	44	87	174	
go:GO:0035811	go	negative regulation of urine volume	2	4	8	19	36	
go:GO:0035845	go	photoreceptor cell outer segment organization	2	6	12	27	52	
go:GO:0035860	go	glial cell-derived neurotrophic factor receptor signaling pathway	10	22	44	86	172	
go:GO:0035886	go	vascular associated smooth muscle cell differentiation	5	12	26	52	98	
go:GO:0035924	go	cellular response to vascular endothelial growth factor stimulus	5	12	26	52	98	
go:GO:0035967	go	cellular response to topologically incorrect protein	10	25	50	99	197	
go:GO:0035973	go	aggrephagy	10	25	49	95	190	
go:GO:0035987	go	endodermal cell differentiation	5	14	29	58	113	
go:GO:0036017	go	response to erythropoietin	2	5	11	26	49	
go:GO:0036109	go	alpha-linolenic acid metabolic process	3	7	16	35	65	
go:GO:0036265	go	RNA (guanine-N7)-methylation	10	23	45	90	179	
go:GO:0036269	go	swimming behavior	2	5	11	24	44	
go:GO:0036295	go	cellular response to increased oxygen levels	2	4	9	21	40	
go:GO:0036296	go	response to increased oxygen levels	2	4	9	21	40	
go:GO:0036297	go	interstrand cross-link repair	9	21	41	80	156	
go:GO:0036314	go	response to sterol	3	7	15	33	59	
go:GO:0036335	go	intestinal stem cell homeostasis	5	14	29	56	107	
go:GO:0036344	go	platelet morphogenesis	1	2	5	9	15	
go:GO:0036376	go	sodium ion export across plasma membrane	2	4	8	19	35	
go:GO:0036465	go	synaptic vesicle recycling	7	17	33	64	123	
go:GO:0036466	go	synaptic vesicle recycling via endosome	7	17	33	64	123	
go:GO:0036503	go	ERAD pathway	10	25	50	98	195	
go:GO:0036514	go	dopaminergic neuron axon guidance	7	17	33	64	122	
go:GO:0038063	go	collagen-activated tyrosine kinase receptor signaling pathway	5	12	25	50	94	
go:GO:0038084	go	vascular endothelial growth factor signaling pathway	5	12	26	52	98	
go:GO:0038093	go	Fc receptor signaling pathway	1	1	2	4	5	
go:GO:0038095	go	Fc-epsilon receptor signaling pathway	1	1	2	4	5	
go:GO:0038134	go	ERBB2-EGFR signaling pathway	10	22	44	88	175	
go:GO:0038154	go	interleukin-11-mediated signaling pathway	1	2	3	7	11	
go:GO:0038166	go	angiotensin-activated signaling pathway	2	4	8	18	34	
go:GO:0038172	go	interleukin-33-mediated signaling pathway	1	2	3	7	11	
go:GO:0038183	go	bile acid signaling pathway	3	7	15	33	60	
go:GO:0040001	go	establishment of mitotic spindle localization	7	18	35	68	132	
go:GO:0040009	go	regulation of growth rate	8	20	39	76	151	
go:GO:0040011	go	locomotion	2	5	11	24	44	
go:GO:0040015	go	negative regulation of multicellular organism growth	8	20	39	76	149	
go:GO:0040020	go	regulation of meiotic nuclear division	7	18	35	68	132	
go:GO:0040029	go	epigenetic regulation of gene expression	10	25	50	100	200	
go:GO:0040031	go	snRNA modification	9	21	42	82	165	
go:GO:0042026	go	protein refolding	10	25	50	96	192	
go:GO:0042048	go	olfactory behavior	2	5	11	24	44	
go:GO:0042088	go	T-helper 1 type immune response	1	1	2	4	6	
go:GO:0042102	go	positive regulation of T cell proliferation	1	1	2	4	5	
go:GO:0042116	go	macrophage activation	1	2	5	11	20	
go:GO:0042159	go	lipoprotein catabolic process	3	7	14	31	56	
go:GO:0042219	go	modified amino acid catabolic process	2	3	7	14	24	
go:GO:0042220	go	response to cocaine	2	5	11	25	45	
go:GO:0042325	go	regulation of phosphorylation	10	24	47	93	186	
go:GO:0042363	go	fat-soluble vitamin catabolic process	3	7	16	35	64	
go:GO:0042407	go	cristae formation	10	23	46	91	181	
go:GO:0042428	go	serotonin metabolic process	2	3	7	14	24	
go:GO:0042462	go	eye photoreceptor cell development	2	6	12	27	52	
go:GO:0042640	go	anagen	5	11	22	44	87	
go:GO:0042659	go	regulation of cell fate specification	5	14	29	58	112	
go:GO:0042661	go	regulation of mesodermal cell fate specification	5	14	29	58	112	
go:GO:0042695	go	thelarche	2	6	13	28	53	
go:GO:0042747	go	circadian sleep/wake cycle, REM sleep	2	5	11	23	43	
go:GO:0042755	go	eating behavior	2	5	11	24	44	
go:GO:0042759	go	long-chain fatty acid biosynthetic process	3	7	16	35	63	
go:GO:0042760	go	very long-chain fatty acid catabolic process	3	7	16	35	63	
go:GO:0042791	go	5S class rRNA transcription by RNA polymerase III	9	21	42	82	161	
go:GO:0042816	go	vitamin B6 metabolic process	2	3	6	13	23	
go:GO:0042996	go	regulation of Golgi to plasma membrane protein transport	7	19	36	70	136	
go:GO:0043001	go	Golgi to plasma membrane protein transport	7	19	36	70	136	
go:GO:0043043	go	peptide biosynthetic process	2	3	7	15	30	
go:GO:0043084	go	penile erection	2	6	13	29	54	
go:GO:0043173	go	nucleotide salvage	2	3	6	12	21	
go:GO:0043248	go	proteasome assembly	10	25	49	95	190	
go:GO:0043267	go	negative regulation of potassium ion transport	6	16	32	61	119	
go:GO:0043268	go	positive regulation of potassium ion transport	2	4	8	19	35	
go:GO:0043297	go	apical junction assembly	5	11	23	46	89	
go:GO:0043301	go	negative regulation of leukocyte degranulation	5	12	25	49	93	
go:GO:0043307	go	eosinophil activation	1	1	2	4	5	
go:GO:0043312	go	neutrophil degranulation	1	2	4	8	14	
go:GO:0043335	go	protein unfolding	10	25	50	96	191	
go:GO:0043371	go	negative regulation of CD4-positive, alpha-beta T cell differentiation	1	1	2	3	4	
go:GO:0043378	go	positive regulation of CD8-positive, alpha-beta T cell differentiation	1	1	2	4	7	
go:GO:0043388	go	positive regulation of DNA binding	10	25	50	100	200	
go:GO:0043405	go	regulation of MAP kinase activity	10	22	44	87	173	
go:GO:0043410	go	positive regulation of MAPK cascade	10	22	44	87	173	
go:GO:0043457	go	regulation of cellular respiration	10	23	46	91	180	
go:GO:0043473	go	pigmentation	2	6	12	27	51	
go:GO:0043490	go	malate-aspartate shuttle	10	23	46	91	181	
go:GO:0043491	go	phosphatidylinositol 3-kinase/protein kinase B signal transduction	10	22	44	87	174	
go:GO:0043504	go	mitochondrial DNA repair	10	23	46	91	181	
go:GO:0043518	go	negative regulation of DNA damage response, signal transduction by p53 class mediator	8	20	38	73	144	
go:GO:0043523	go	regulation of neuron apoptotic process	7	17	34	65	124	
go:GO:0043555	go	regulation of translation in response to stress	9	21	42	82	163	
go:GO:0043568	go	positive regulation of insulin-like growth factor receptor signaling pathway	8	20	39	76	149	
go:GO:0043569	go	negative regulation of insulin-like growth factor receptor signaling pathway	8	20	39	76	149	
go:GO:0043615	go	astrocyte cell migration	7	19	37	72	140	
go:GO:0043622	go	cortical microtubule organization	7	19	37	72	140	
go:GO:0043687	go	post-translational protein modification	9	21	42	82	163	
go:GO:0043922	go	host-mediated suppression of viral transcription	9	21	40	77	152	
go:GO:0044042	go	glucan metabolic process	4	10	21	43	85	
go:GO:0044065	go	regulation of respiratory system process	7	17	33	63	121	
go:GO:0044320	go	cellular response to leptin stimulus	2	5	11	26	49	
go:GO:0044342	go	type B pancreatic cell proliferation	4	10	20	41	80	
go:GO:0044351	go	macropinocytosis	10	25	49	95	190	
go:GO:0044380	go	protein localization to cytoskeleton	7	18	35	67	130	
go:GO:0044381	go	glucose import in response to insulin stimulus	4	10	20	41	80	
go:GO:0044387	go	negative regulation of protein kinase activity by regulation of protein phosphorylation	8	20	38	73	143	
go:GO:0044725	go	epigenetic programming in the zygotic pronuclei	2	6	13	30	55	
go:GO:0044793	go	host-mediated suppression of viral proces	9	21	40	77	152	
go:GO:0044819	go	mitotic G1/S transition checkpoint signaling	10	25	48	94	188	
go:GO:0044848	go	biological phase	5	11	22	44	87	
go:GO:0044872	go	lipoprotein localization	3	7	14	32	58	
go:GO:0045008	go	depyrimidination	2	3	6	12	21	
go:GO:0045010	go	actin nucleation	5	12	25	50	95	
go:GO:0045066	go	regulatory T cell differentiation	1	1	2	4	6	
go:GO:0045069	go	regulation of viral genome replication	9	21	40	77	152	
go:GO:0045109	go	intermediate filament organization	7	19	37	72	140	
go:GO:0045198	go	establishment of epithelial cell apical/basal polarity	5	11	23	45	88	
go:GO:0045216	go	cell-cell junction organization	5	11	23	46	89	
go:GO:0045341	go	MHC class I biosynthetic process	1	2	5	11	20	
go:GO:0045345	go	positive regulation of MHC class I biosynthetic process	1	2	5	11	20	
go:GO:0045446	go	endothelial cell differentiation	5	12	26	52	98	
go:GO:0045454	go	cell redox homeostasis	2	3	7	16	31	
go:GO:0045494	go	photoreceptor cell maintenance	2	6	12	27	52	
go:GO:0045540	go	regulation of cholesterol biosynthetic process	3	7	15	33	59	
go:GO:0045541	go	negative regulation of cholesterol biosynthetic process	8	20	39	75	148	
go:GO:0045600	go	positive regulation of fat cell differentiation	3	7	15	34	62	
go:GO:0045603	go	positive regulation of endothelial cell differentiation	5	12	26	52	98	
go:GO:0045607	go	regulation of inner ear auditory receptor cell differentiation	7	19	37	71	138	
go:GO:0045622	go	regulation of T-helper cell differentiation	1	1	2	4	6	
go:GO:0045628	go	regulation of T-helper 2 cell differentiation	1	1	2	4	6	
go:GO:0045652	go	regulation of megakaryocyte differentiation	1	2	5	9	15	
go:GO:0045662	go	negative regulation of myoblast differentiation	8	20	39	74	146	
go:GO:0045667	go	regulation of osteoblast differentiation	5	14	28	54	103	
go:GO:0045671	go	negative regulation of osteoclast differentiation	5	14	28	54	103	
go:GO:0045682	go	regulation of epidermis development	5	11	22	44	87	
go:GO:0045719	go	negative regulation of glycogen biosynthetic process	8	20	39	75	148	
go:GO:0045723	go	positive regulation of fatty acid biosynthetic process	3	7	15	34	62	
go:GO:0045727	go	positive regulation of translation	9	21	42	82	163	
go:GO:0045761	go	regulation of adenylate cyclase activity	10	24	47	93	184	
go:GO:0045792	go	negative regulation of cell size	8	20	39	76	149	
go:GO:0045834	go	positive regulation of lipid metabolic process	3	7	15	34	62	
go:GO:0045837	go	negative regulation of membrane potential	6	16	32	61	119	
go:GO:0045879	go	negative regulation of smoothened signaling pathway	8	20	39	76	149	
go:GO:0045898	go	regulation of RNA polymerase II transcription preinitiation complex assembly	9	21	42	82	159	
go:GO:0045944	go	positive regulation of transcription by RNA polymerase II	9	21	42	82	159	
go:GO:0045986	go	negative regulation of smooth muscle contraction	8	20	39	74	146	
go:GO:0045988	go	negative regulation of striated muscle contraction	8	20	39	74	146	
go:GO:0045990	go	carbon catabolite regulation of transcription	3	7	15	34	61	
go:GO:0046039	go	GTP metabolic process	4	10	21	43	84	
go:GO:0046054	go	dGMP metabolic process	4	10	21	43	84	
go:GO:0046122	go	purine deoxyribonucleoside metabolic process	2	3	6	12	21	
go:GO:0046130	go	purine ribonucleoside catabolic process	2	3	6	12	21	
go:GO:0046164	go	alcohol catabolic process	3	7	16	35	65	
go:GO:0046326	go	positive regulation of D-glucose import across plasma membrane	4	10	20	41	80	
go:GO:0046330	go	positive regulation of JNK cascade	1	2	3	7	10	
go:GO:0046348	go	amino sugar catabolic process	4	10	21	43	85	
go:GO:0046425	go	regulation of receptor signaling pathway via JAK-STAT	10	22	44	89	177	
go:GO:0046462	go	monoacylglycerol metabolic process	3	7	16	35	65	
go:GO:0046548	go	retinal rod cell development	2	6	12	27	52	
go:GO:0046549	go	retinal cone cell development	2	6	12	27	52	
go:GO:0046596	go	regulation of viral entry into host cell	9	21	40	77	152	
go:GO:0046629	go	gamma-delta T cell activation	1	1	2	4	6	
go:GO:0046638	go	positive regulation of alpha-beta T cell differentiation	1	1	2	4	7	
go:GO:0046641	go	positive regulation of alpha-beta T cell proliferation	1	1	2	4	7	
go:GO:0046661	go	male sex differentiation	2	6	13	29	54	
go:GO:0046683	go	response to organophosphorus	2	5	11	25	46	
go:GO:0046697	go	decidualization	2	6	13	30	55	
go:GO:0046716	go	muscle cell cellular homeostasis	6	15	30	59	116	
go:GO:0046777	go	protein autophosphorylation	10	24	47	93	186	
go:GO:0046826	go	negative regulation of protein export from nucleus	8	20	38	73	143	
go:GO:0046835	go	carbohydrate phosphorylation	4	10	20	41	80	
go:GO:0046851	go	negative regulation of bone remodeling	5	14	28	54	103	
go:GO:0046856	go	phosphatidylinositol dephosphorylation	2	3	6	13	22	
go:GO:0046877	go	regulation of saliva secretion	5	14	29	55	104	
go:GO:0046883	go	regulation of hormone secretion	8	20	39	76	151	
go:GO:0046884	go	follicle-stimulating hormone secretion	2	5	11	26	48	
go:GO:0046889	go	positive regulation of lipid biosynthetic process	3	7	15	34	62	
go:GO:0046907	go	intracellular transport	7	19	36	70	136	
go:GO:0046929	go	negative regulation of neurotransmitter secretion	7	17	33	63	121	
go:GO:0048003	go	antigen processing and presentation of lipid antigen via MHC class Ib	1	1	1	1	1	
go:GO:0048013	go	ephrin receptor signaling pathway	5	14	29	58	113	
go:GO:0048015	go	phosphatidylinositol-mediated signaling	10	22	44	87	174	
go:GO:0048066	go	developmental pigmentation	2	6	12	27	51	
go:GO:0048069	go	eye pigmentation	2	6	12	27	51	
go:GO:0048149	go	behavioral response to ethanol	2	5	11	25	45	
go:GO:0048170	go	positive regulation of long-term neuronal synaptic plasticity	7	17	33	63	121	
go:GO:0048194	go	Golgi vesicle budding	7	19	36	70	136	
go:GO:0048227	go	plasma membrane to endosome transport	7	19	36	70	136	
go:GO:0048284	go	organelle fusion	7	19	36	70	137	
go:GO:0048290	go	isotype switching to IgA isotypes	1	1	2	4	7	
go:GO:0048308	go	organelle inheritance	5	14	29	58	112	
go:GO:0048340	go	paraxial mesoderm morphogenesis	5	14	29	57	111	
go:GO:0048387	go	negative regulation of retinoic acid receptor signaling pathway	8	20	38	73	144	
go:GO:0048511	go	rhythmic process	2	5	11	23	43	
go:GO:0048596	go	embryonic camera-type eye morphogenesis	2	6	12	27	50	
go:GO:0048635	go	negative regulation of muscle organ development	8	20	39	74	146	
go:GO:0048646	go	anatomical structure formation involved in morphogenesis	5	14	29	57	109	
go:GO:0048662	go	negative regulation of smooth muscle cell proliferation	8	20	39	74	145	
go:GO:0048702	go	embryonic neurocranium morphogenesis	5	14	29	57	108	
go:GO:0048705	go	skeletal system morphogenesis	5	14	28	54	101	
go:GO:0048708	go	astrocyte differentiation	7	17	34	66	126	
go:GO:0048736	go	appendage development	5	14	29	58	113	
go:GO:0048738	go	cardiac muscle tissue development	6	16	32	61	118	
go:GO:0048752	go	semicircular canal morphogenesis	7	19	37	71	138	
go:GO:0048814	go	regulation of dendrite morphogenesis	7	17	34	65	124	
go:GO:0048871	go	multicellular organismal-level homeostasis	5	14	28	54	101	
go:GO:0048873	go	homeostasis of number of cells within a tissue	5	12	25	50	94	
go:GO:0050435	go	amyloid-beta metabolic process	8	20	39	75	147	
go:GO:0050654	go	chondroitin sulfate proteoglycan metabolic process	4	10	21	42	82	
go:GO:0050679	go	positive regulation of epithelial cell proliferation	5	11	23	45	88	
go:GO:0050796	go	regulation of insulin secretion	4	10	20	41	80	
go:GO:0050848	go	regulation of calcium-mediated signaling	10	24	47	92	182	
go:GO:0050850	go	positive regulation of calcium-mediated signaling	10	24	47	92	182	
go:GO:0050865	go	regulation of cell activation	1	1	2	4	5	
go:GO:0050867	go	positive regulation of cell activation	1	1	2	4	5	
go:GO:0050878	go	regulation of body fluid levels	2	4	8	19	36	
go:GO:0050892	go	intestinal absorption	4	9	19	39	77	
go:GO:0050900	go	leukocyte migration	1	2	5	10	17	
go:GO:0050909	go	sensory perception of taste	2	5	10	22	41	
go:GO:0050915	go	sensory perception of sour taste	2	5	10	22	41	
go:GO:0050918	go	positive chemotaxis	1	2	5	11	19	
go:GO:0050926	go	regulation of positive chemotaxis	1	2	5	11	19	
go:GO:0050953	go	sensory perception of light stimulus	2	5	10	22	42	
go:GO:0050974	go	detection of mechanical stimulus involved in sensory perception	2	5	10	22	42	
go:GO:0051048	go	negative regulation of secretion	8	20	39	76	151	
go:GO:0051051	go	negative regulation of transport	8	20	38	73	143	
go:GO:0051053	go	negative regulation of DNA metabolic process	8	20	38	73	144	
go:GO:0051055	go	negative regulation of lipid biosynthetic process	8	20	39	75	148	
go:GO:0051057	go	positive regulation of small GTPase mediated signal transduction	10	22	44	87	174	
go:GO:0051101	go	regulation of DNA binding	10	25	50	100	200	
go:GO:0051126	go	negative regulation of actin nucleation	5	12	25	50	95	
go:GO:0051149	go	positive regulation of muscle cell differentiation	6	15	30	59	116	
go:GO:0051151	go	negative regulation of smooth muscle cell differentiation	8	20	39	74	145	
go:GO:0051168	go	nuclear export	9	21	42	82	164	
go:GO:0051223	go	regulation of protein transport	10	25	50	100	200	
go:GO:0051254	go	positive regulation of RNA metabolic process	9	21	42	82	159	
go:GO:0051260	go	protein homooligomerization	10	25	50	96	191	
go:GO:0051262	go	protein tetramerization	10	25	50	96	191	
go:GO:0051284	go	obsolete positive regulation of sequestering of calcium ion	10	24	47	92	182	
go:GO:0051291	go	protein heterooligomerization	10	25	50	96	191	
go:GO:0051301	go	cell division	7	18	35	68	131	
go:GO:0051304	go	chromosome separation	7	18	35	68	132	
go:GO:0051306	go	mitotic sister chromatid separation	7	18	35	68	132	
go:GO:0051450	go	myoblast proliferation	6	15	30	59	116	
go:GO:0051454	go	intracellular pH elevation	2	4	8	19	37	
go:GO:0051461	go	positive regulation of corticotropin secretion	8	20	39	76	151	
go:GO:0051490	go	negative regulation of filopodium assembly	7	17	34	65	124	
go:GO:0051546	go	keratinocyte migration	5	11	22	44	87	
go:GO:0051580	go	regulation of neurotransmitter uptake	7	17	33	63	121	
go:GO:0051589	go	negative regulation of neurotransmitter transport	7	17	33	63	121	
go:GO:0051590	go	positive regulation of neurotransmitter transport	7	17	33	63	121	
go:GO:0051599	go	response to hydrostatic pressure	2	4	8	19	37	
go:GO:0051603	go	obsolete proteolysis involved in protein catabolic process	10	25	50	100	199	
go:GO:0051606	go	detection of stimulus	2	5	10	22	42	
go:GO:0051610	go	serotonin uptake	2	3	7	14	24	
go:GO:0051646	go	mitochondrion localization	10	23	46	91	181	
go:GO:0051656	go	establishment of organelle localization	7	18	35	67	130	
go:GO:0051660	go	establishment of centrosome localization	7	18	35	67	130	
go:GO:0051694	go	pointed-end actin filament capping	5	12	25	50	95	
go:GO:0051703	go	biological process involved in intraspecies interaction between organisms	2	5	11	24	44	
go:GO:0051905	go	establishment of pigment granule localization	2	6	12	27	51	
go:GO:0051932	go	synaptic transmission, GABAergic	7	17	33	62	120	
go:GO:0051939	go	gamma-aminobutyric acid import	7	17	33	62	120	
go:GO:0051964	go	negative regulation of synapse assembly	7	17	34	65	124	
go:GO:0051988	go	regulation of attachment of spindle microtubules to kinetochore	7	18	35	67	129	
go:GO:0052547	go	regulation of peptidase activity	10	25	50	96	192	
go:GO:0055001	go	muscle cell development	6	15	30	59	116	
go:GO:0055006	go	cardiac cell development	6	16	31	60	117	
go:GO:0055007	go	cardiac muscle cell differentiation	6	16	32	61	118	
go:GO:0055022	go	negative regulation of cardiac muscle tissue growth	8	20	39	74	146	
go:GO:0055062	go	phosphate ion homeostasis	5	14	28	54	103	
go:GO:0055070	go	copper ion homeostasis	2	3	7	17	32	
go:GO:0055078	go	sodium ion homeostasis	2	4	8	19	35	
go:GO:0055095	go	lipoprotein particle mediated signaling	3	7	17	36	70	
go:GO:0055123	go	digestive system development	5	14	29	56	107	
go:GO:0060033	go	anatomical structure regression	5	14	29	57	109	
go:GO:0060039	go	pericardium development	6	16	31	60	117	
go:GO:0060055	go	angiogenesis involved in wound healing	5	12	24	48	91	
go:GO:0060070	go	canonical Wnt signaling pathway	10	22	44	86	170	
go:GO:0060081	go	membrane hyperpolarization	6	16	32	61	119	
go:GO:0060159	go	regulation of dopamine receptor signaling pathway	7	17	33	63	121	
go:GO:0060232	go	delamination	5	11	22	44	87	
go:GO:0060251	go	regulation of glial cell proliferation	7	17	34	66	126	
go:GO:0060296	go	regulation of cilium beat frequency involved in ciliary motility	7	19	37	72	139	
go:GO:0060307	go	regulation of ventricular cardiac muscle cell membrane repolarization	6	16	32	61	119	
go:GO:0060319	go	primitive erythrocyte differentiation	5	14	29	58	113	
go:GO:0060324	go	face development	5	14	29	57	108	
go:GO:0060326	go	cell chemotaxis	1	2	5	11	19	
go:GO:0060330	go	regulation of response to type II interferon	1	2	3	5	8	
go:GO:0060332	go	positive regulation of response to type II interferon	1	2	3	5	8	
go:GO:0060338	go	regulation of type I interferon-mediated signaling pathway	1	2	3	5	8	
go:GO:0060340	go	positive regulation of type I interferon-mediated signaling pathway	1	2	3	5	8	
go:GO:0060350	go	endochondral bone morphogenesis	5	14	28	54	101	
go:GO:0060354	go	negative regulation of cell adhesion molecule production	5	12	25	49	93	
go:GO:0060390	go	regulation of SMAD protein signal transduction	10	22	44	89	177	
go:GO:0060391	go	positive regulation of SMAD protein signal transduction	10	22	44	89	177	
go:GO:0060395	go	SMAD protein signal transduction	10	22	44	89	177	
go:GO:0060412	go	ventricular septum morphogenesis	6	16	31	60	117	
go:GO:0060444	go	branching involved in mammary gland duct morphogenesis	2	6	13	28	53	
go:GO:0060449	go	bud elongation involved in lung branching	5	14	29	56	105	
go:GO:0060452	go	positive regulation of cardiac muscle contraction	8	20	39	74	146	
go:GO:0060491	go	regulation of cell projection assembly	7	17	34	65	124	
go:GO:0060536	go	cartilage morphogenesis	5	14	28	54	101	
go:GO:0060537	go	muscle tissue development	6	15	30	59	116	
go:GO:0060539	go	diaphragm development	5	14	29	56	105	
go:GO:0060541	go	respiratory system development	5	14	29	56	105	
go:GO:0060575	go	intestinal epithelial cell differentiation	5	14	29	56	107	
go:GO:0060600	go	dichotomous subdivision of an epithelial terminal unit	5	11	23	45	88	
go:GO:0060623	go	regulation of chromosome condensation	7	18	35	67	129	
go:GO:0060664	go	epithelial cell proliferation involved in salivary gland morphogenesis	5	14	29	55	104	
go:GO:0060749	go	mammary gland alveolus development	2	6	13	28	53	
go:GO:0060765	go	regulation of androgen receptor signaling pathway	8	20	39	76	150	
go:GO:0060766	go	negative regulation of androgen receptor signaling pathway	8	20	39	76	150	
go:GO:0060837	go	blood vessel endothelial cell differentiation	5	12	26	52	98	
go:GO:0060872	go	semicircular canal development	7	19	37	71	138	
go:GO:0060896	go	neural plate pattern specification	7	17	34	66	127	
go:GO:0060907	go	positive regulation of macrophage cytokine production	1	2	5	11	20	
go:GO:0060921	go	sinoatrial node cell differentiation	6	16	32	61	118	
go:GO:0060931	go	sinoatrial node cell development	6	16	32	61	118	
go:GO:0060971	go	embryonic heart tube left/right pattern formation	6	16	31	60	117	
go:GO:0060977	go	coronary vasculature morphogenesis	5	12	26	52	98	
go:GO:0060993	go	kidney morphogenesis	5	13	27	53	100	
go:GO:0060999	go	positive regulation of dendritic spine development	7	17	34	65	124	
go:GO:0061005	go	cell differentiation involved in kidney development	5	13	27	53	100	
go:GO:0061009	go	common bile duct development	3	7	15	33	60	
go:GO:0061029	go	eyelid development in camera-type eye	2	6	12	27	50	
go:GO:0061044	go	negative regulation of vascular wound healing	5	12	24	48	91	
go:GO:0061061	go	muscle structure development	6	15	30	59	116	
go:GO:0061082	go	myeloid leukocyte cytokine production	1	2	5	11	20	
go:GO:0061098	go	positive regulation of protein tyrosine kinase activity	10	22	44	87	174	
go:GO:0061099	go	negative regulation of protein tyrosine kinase activity	8	20	38	73	143	
go:GO:0061337	go	cardiac conduction	6	16	32	61	119	
go:GO:0061339	go	establishment or maintenance of monopolar cell polarity	5	11	23	45	88	
go:GO:0061355	go	Wnt protein secretion	7	19	36	70	136	
go:GO:0061387	go	regulation of extent of cell growth	7	17	34	65	124	
go:GO:0061484	go	hematopoietic stem cell homeostasis	10	22	44	89	176	
go:GO:0061525	go	hindgut development	5	14	29	56	107	
go:GO:0061668	go	mitochondrial ribosome assembly	10	23	46	91	181	
go:GO:0061684	go	chaperone-mediated autophagy	10	25	49	95	190	
go:GO:0061687	go	detoxification of inorganic compound	2	3	7	17	32	
go:GO:0061709	go	reticulophagy	10	25	50	98	195	
go:GO:0061724	go	lipophagy	3	7	14	32	57	
go:GO:0061734	go	type 2 mitophagy	10	25	49	95	189	
go:GO:0061763	go	multivesicular body-lysosome fusion	7	19	36	70	137	
go:GO:0061842	go	microtubule organizing center localization	7	18	35	67	130	
go:GO:0061844	go	antimicrobial humoral immune response mediated by antimicrobial peptide	1	2	4	8	13	
go:GO:0062125	go	regulation of mitochondrial gene expression	10	23	46	91	180	
go:GO:0062149	go	obsolete detection of stimulus involved in sensory perception of pain	2	5	10	22	42	
go:GO:0062197	go	cellular response to chemical stress	2	4	9	21	40	
go:GO:0070071	go	proton-transporting two-sector ATPase complex assembly	10	23	46	91	181	
go:GO:0070127	go	tRNA aminoacylation for mitochondrial protein translation	9	21	42	82	162	
go:GO:0070129	go	regulation of mitochondrial translation	10	23	46	91	180	
go:GO:0070131	go	positive regulation of mitochondrial translation	10	23	46	91	180	
go:GO:0070170	go	regulation of tooth mineralization	5	14	28	54	102	
go:GO:0070197	go	meiotic attachment of telomere to nuclear envelope	7	18	35	69	135	
go:GO:0070200	go	establishment of protein localization to telomere	7	18	35	69	135	
go:GO:0070213	go	protein auto-ADP-ribosylation	10	24	47	93	186	
go:GO:0070235	go	regulation of activation-induced cell death of T cells	1	1	2	4	6	
go:GO:0070254	go	mucus secretion	5	14	29	55	104	
go:GO:0070278	go	extracellular matrix constituent secretion	5	14	29	55	104	
go:GO:0070291	go	N-acylethanolamine metabolic process	3	7	16	35	65	
go:GO:0070296	go	sarcoplasmic reticulum calcium ion transport	10	24	47	92	182	
go:GO:0070306	go	lens fiber cell differentiation	2	6	12	27	50	
go:GO:0070307	go	lens fiber cell development	2	6	12	27	50	
go:GO:0070424	go	regulation of nucleotide-binding domain, leucine rich repeat containing receptor signaling pathway	1	2	3	7	10	
go:GO:0070427	go	nucleotide-binding oligomerization domain containing 1 signaling pathway	1	2	3	7	10	
go:GO:0070493	go	thrombin-activated receptor signaling pathway	5	12	24	48	92	
go:GO:0070525	go	obsolete tRNA threonylcarbamoyladenosine metabolic process	9	21	42	82	162	
go:GO:0070562	go	regulation of vitamin D receptor signaling pathway	5	14	28	54	103	
go:GO:0070601	go	centromeric sister chromatid cohesion	7	18	35	67	128	
go:GO:0070729	go	cyclic nucleotide transport	10	24	47	93	184	
go:GO:0070741	go	response to interleukin-6	1	2	3	7	11	
go:GO:0070936	go	protein K48-linked ubiquitination	10	25	50	100	199	
go:GO:0070945	go	neutrophil-mediated killing of gram-negative bacterium	1	2	4	8	14	
go:GO:0071073	go	positive regulation of phospholipid biosynthetic process	3	7	17	36	70	
go:GO:0071169	go	establishment of protein localization to chromatin	7	18	35	67	130	
go:GO:0071287	go	cellular response to manganese ion	10	23	46	91	181	
go:GO:0071320	go	cellular response to cAMP	10	24	47	93	184	
go:GO:0071371	go	cellular response to gonadotropin stimulus	2	5	11	26	48	
go:GO:0071372	go	cellular response to follicle-stimulating hormone stimulus	2	5	11	26	48	
go:GO:0071375	go	cellular response to peptide hormone stimulus	2	5	11	26	49	
go:GO:0071380	go	cellular response to prostaglandin E stimulus	3	7	17	36	66	
go:GO:0071393	go	cellular response to progesterone stimulus	2	5	11	26	48	
go:GO:0071396	go	cellular response to lipid	3	7	17	36	70	
go:GO:0071402	go	cellular response to lipoprotein particle stimulus	3	7	17	36	70	
go:GO:0071453	go	cellular response to oxygen levels	2	4	9	21	40	
go:GO:0071467	go	cellular response to pH	2	4	8	19	37	
go:GO:0071474	go	cellular hyperosmotic response	2	4	8	19	37	
go:GO:0071495	go	cellular response to endogenous stimulus	1	2	4	8	12	
go:GO:0071514	go	genomic imprinting	2	6	13	30	55	
go:GO:0071529	go	cementum mineralization	5	14	28	54	102	
go:GO:0071585	go	detoxification of cadmium ion	2	3	7	17	32	
go:GO:0071605	go	monocyte chemotactic protein-1 production	1	2	5	11	20	
go:GO:0071624	go	positive regulation of granulocyte chemotaxis	1	2	5	11	19	
go:GO:0071639	go	positive regulation of monocyte chemotactic protein-1 production	1	2	5	11	20	
go:GO:0071672	go	negative regulation of smooth muscle cell chemotaxis	8	20	39	74	145	
go:GO:0071677	go	positive regulation of mononuclear cell migration	1	2	5	11	19	
go:GO:0071692	go	protein localization to extracellular region	10	25	50	97	193	
go:GO:0071694	go	maintenance of protein location in extracellular region	10	25	50	97	193	
go:GO:0071695	go	anatomical structure maturation	5	14	29	57	109	
go:GO:0071787	go	endoplasmic reticulum tubular network formation	10	25	50	98	195	
go:GO:0071830	go	triglyceride-rich lipoprotein particle clearance	3	7	14	31	56	
go:GO:0071863	go	regulation of cell proliferation in bone marrow	10	22	44	89	176	
go:GO:0071880	go	adenylate cyclase-activating adrenergic receptor signaling pathway	10	24	47	93	184	
go:GO:0071887	go	leukocyte apoptotic process	1	2	5	9	15	
go:GO:0071888	go	macrophage apoptotic process	1	2	5	11	20	
go:GO:0071900	go	regulation of protein serine/threonine kinase activity	10	25	50	96	192	
go:GO:0071901	go	negative regulation of protein serine/threonine kinase activity	8	20	38	73	143	
go:GO:0071907	go	determination of digestive tract left/right asymmetry	5	14	29	56	107	
go:GO:0071985	go	multivesicular body sorting pathway	7	19	36	70	137	
go:GO:0072006	go	nephron development	5	13	27	53	100	
go:GO:0072007	go	mesangial cell differentiation	5	13	27	53	99	
go:GO:0072017	go	distal tubule development	5	13	27	53	100	
go:GO:0072025	go	distal convoluted tubule development	5	13	27	53	100	
go:GO:0072044	go	collecting duct development	5	13	27	53	100	
go:GO:0072047	go	proximal/distal pattern formation involved in nephron development	5	13	27	53	100	
go:GO:0072103	go	glomerulus vasculature morphogenesis	5	13	27	53	99	
go:GO:0072126	go	positive regulation of glomerular mesangial cell proliferation	5	13	27	53	99	
go:GO:0072144	go	glomerular mesangial cell development	5	13	27	53	99	
go:GO:0072173	go	metanephric tubule morphogenesis	5	13	27	53	100	
go:GO:0072179	go	nephric duct formation	5	13	27	53	100	
go:GO:0072189	go	ureter development	5	13	27	53	100	
go:GO:0072202	go	obsolete cell differentiation involved in metanephros development	5	13	27	53	100	
go:GO:0072205	go	metanephric collecting duct development	5	13	27	53	100	
go:GO:0072243	go	metanephric nephron epithelium development	5	13	27	53	100	
go:GO:0072319	go	vesicle uncoating	7	19	36	70	137	
go:GO:0072332	go	intrinsic apoptotic signaling pathway by p53 class mediator	10	22	43	83	166	
go:GO:0072344	go	rescue of stalled cytosolic ribosome	9	21	42	82	165	
go:GO:0072350	go	tricarboxylic acid metabolic process	3	7	16	35	65	
go:GO:0072359	go	circulatory system development	6	16	31	60	117	
go:GO:0072384	go	organelle transport along microtubule	7	19	37	72	141	
go:GO:0072526	go	pyridine-containing compound catabolic process	2	3	6	12	21	
go:GO:0072538	go	T-helper 17 type immune response	1	1	2	4	6	
go:GO:0072584	go	caveolin-mediated endocytosis	10	25	50	98	196	
go:GO:0072666	go	establishment of protein localization to vacuole	10	25	50	98	196	
go:GO:0072673	go	lamellipodium morphogenesis	5	12	25	50	96	
go:GO:0072675	go	osteoclast fusion	5	14	28	54	101	
go:GO:0075525	go	viral translational termination-reinitiation	9	21	40	78	153	
go:GO:0080135	go	regulation of cellular response to stress	2	4	9	21	39	
go:GO:0080171	go	lytic vacuole organization	10	25	50	98	196	
go:GO:0086066	go	atrial cardiac muscle cell to AV node cell communication	6	16	32	61	118	
go:GO:0086067	go	AV node cell to bundle of His cell communication	6	16	32	61	118	
go:GO:0086069	go	bundle of His cell to Purkinje myocyte communication	6	16	32	61	118	
go:GO:0086091	go	regulation of heart rate by cardiac conduction	6	16	32	61	119	
go:GO:0090063	go	positive regulation of microtubule nucleation	7	18	35	67	129	
go:GO:0090077	go	foam cell differentiation	3	7	17	36	70	
go:GO:0090158	go	endoplasmic reticulum membrane organization	10	25	50	98	195	
go:GO:0090181	go	regulation of cholesterol metabolic process	3	7	15	33	59	
go:GO:0090192	go	regulation of glomerulus development	5	13	27	53	100	
go:GO:0090208	go	positive regulation of triglyceride metabolic process	3	7	15	34	62	
go:GO:0090235	go	regulation of metaphase plate congression	7	18	35	67	129	
go:GO:0090245	go	axis elongation involved in somitogenesis	5	14	29	57	111	
go:GO:0090258	go	negative regulation of mitochondrial fission	8	20	38	73	143	
go:GO:0090279	go	regulation of calcium ion import	10	24	47	92	182	
go:GO:0090289	go	regulation of osteoclast proliferation	5	14	28	54	103	
go:GO:0090322	go	regulation of superoxide metabolic process	2	3	7	16	31	
go:GO:0090394	go	negative regulation of excitatory postsynaptic potential	7	17	33	63	121	
go:GO:0090398	go	cellular senescence	7	18	35	69	133	
go:GO:0090402	go	oncogene-induced cell senescence	7	18	35	69	133	
go:GO:0090493	go	catecholamine uptake	2	3	7	14	24	
go:GO:0090521	go	podocyte cell migration	5	13	27	53	99	
go:GO:0090592	go	DNA synthesis involved in DNA replication	9	21	41	79	154	
go:GO:0090630	go	activation of GTPase activity	10	25	48	94	188	
go:GO:0090659	go	walking behavior	2	5	11	24	44	
go:GO:0090716	go	adaptive immune memory response	1	1	2	4	7	
go:GO:0097006	go	regulation of plasma lipoprotein particle levels	3	7	14	31	56	
go:GO:0097066	go	response to thyroid hormone	2	5	11	26	47	
go:GO:0097067	go	cellular response to thyroid hormone stimulus	2	5	11	26	47	
go:GO:0097106	go	postsynaptic density organization	7	17	33	64	123	
go:GO:0097112	go	gamma-aminobutyric acid receptor clustering	7	17	33	64	122	
go:GO:0097114	go	NMDA glutamate receptor clustering	7	17	33	64	122	
go:GO:0097150	go	neuronal stem cell population maintenance	7	17	34	66	126	
go:GO:0097186	go	amelogenesis	5	14	28	54	102	
go:GO:0097190	go	apoptotic signaling pathway	10	22	43	84	168	
go:GO:0097193	go	intrinsic apoptotic signaling pathway	10	22	43	84	167	
go:GO:0097267	go	omega-hydroxylase P450 pathway	2	3	7	16	31	
go:GO:0097468	go	programmed cell death in response to reactive oxygen species	8	20	38	73	144	
go:GO:0097646	go	calcitonin family receptor signaling pathway	10	24	47	93	183	
go:GO:0097680	go	double-strand break repair via classical nonhomologous end joining	9	21	41	80	156	
go:GO:0097696	go	cell surface receptor signaling pathway via STAT	10	22	44	89	177	
go:GO:0097699	go	vascular endothelial cell response to fluid shear stress	2	4	9	20	38	
go:GO:0097702	go	response to oscillatory fluid shear stress	2	4	9	20	38	
go:GO:0097707	go	ferroptosis	2	3	7	17	33	
go:GO:0097720	go	calcineurin-mediated signaling	10	24	47	92	182	
go:GO:0098535	go	de novo centriole assembly involved in multi-ciliated epithelial cell differentiation	7	19	37	72	139	
go:GO:0098609	go	cell-cell adhesion	5	11	23	46	89	
go:GO:0098698	go	postsynaptic specialization assembly	7	17	33	64	123	
go:GO:0098771	go	inorganic ion homeostasis	2	4	8	19	35	
go:GO:0098773	go	skin epidermis development	5	11	22	44	87	
go:GO:0098780	go	response to mitochondrial depolarisation	6	16	32	61	119	
go:GO:0098856	go	intestinal lipid absorption	4	9	19	39	77	
go:GO:0098869	go	cellular oxidant detoxification	2	3	7	16	31	
go:GO:0098880	go	maintenance of postsynaptic specialization structure	7	17	33	64	123	
go:GO:0098901	go	regulation of cardiac muscle cell action potential	6	16	32	61	119	
go:GO:0098909	go	regulation of cardiac muscle cell action potential involved in regulation of contraction	6	16	32	61	119	
go:GO:0098953	go	receptor diffusion trapping	7	17	33	63	121	
go:GO:0098971	go	anterograde dendritic transport of neurotransmitter receptor complex	7	17	33	64	123	
go:GO:0098974	go	postsynaptic actin cytoskeleton organization	7	17	33	64	123	
go:GO:0098990	go	AMPA selective glutamate receptor signaling pathway	7	17	33	64	122	
go:GO:0099003	go	vesicle-mediated transport in synapse	7	17	33	64	123	
go:GO:0099171	go	presynaptic modulation of chemical synaptic transmission	7	17	33	63	121	
go:GO:0099175	go	regulation of postsynapse organization	7	17	33	64	123	
go:GO:0099177	go	regulation of trans-synaptic signaling	7	17	33	63	121	
go:GO:0099514	go	synaptic vesicle cytoskeletal transport	7	17	33	64	123	
go:GO:0099518	go	vesicle cytoskeletal trafficking	7	19	37	72	141	
go:GO:0099587	go	inorganic ion import across plasma membrane	2	4	8	19	35	
go:GO:0099612	go	protein localization to axon	10	25	50	97	193	
go:GO:0099623	go	regulation of cardiac muscle cell membrane repolarization	6	16	32	61	119	
go:GO:0101024	go	mitotic nuclear membrane organization	7	18	35	68	132	
go:GO:0106001	go	intestinal hexose absorption	4	9	19	39	77	
go:GO:0106057	go	negative regulation of calcineurin-mediated signaling	10	24	47	92	182	
go:GO:0110010	go	basolateral protein secretion	5	14	29	55	104	
go:GO:0110053	go	regulation of actin filament organization	5	12	25	50	95	
go:GO:0110076	go	negative regulation of ferroptosis	2	3	7	17	33	
go:GO:0110088	go	hippocampal neuron apoptotic process	7	17	34	66	126	
go:GO:0110154	go	RNA decapping	9	21	42	81	158	
go:GO:0120093	go	regulation of peptidyl-lysine crotonylation	7	18	35	67	129	
go:GO:0120182	go	regulation of focal adhesion disassembly	5	12	25	49	93	
go:GO:0120188	go	regulation of bile acid secretion	3	7	15	33	60	
go:GO:0120262	go	negative regulation of heterochromatin organization	8	20	38	73	143	
go:GO:0140009	go	L-aspartate import across plasma membrane	4	9	19	40	78	
go:GO:0140042	go	lipid droplet formation	3	7	14	32	58	
go:GO:0140112	go	extracellular vesicle biogenesis	7	19	36	70	137	
go:GO:0140238	go	presynaptic endocytosis	7	17	33	64	123	
go:GO:0140352	go	export from cell	7	19	36	70	136	
go:GO:0140894	go	endolysosomal toll-like receptor signaling pathway	1	2	3	6	9	
go:GO:0140971	go	regulation of AIM2 inflammasome complex assembly	1	2	5	11	20	
go:GO:0141060	go	disruption of anatomical structure in another organism	1	2	4	8	14	
go:GO:0141156	go	cAMP/PKA signal transduction	10	24	47	93	186	
go:GO:0141214	go	positive regulation of phospholipase C/protein kinase C signal transduction	3	7	17	36	70	
go:GO:0150012	go	positive regulation of neuron projection arborization	7	17	34	65	124	
go:GO:0150079	go	negative regulation of neuroinflammatory response	1	1	2	3	4	
go:GO:0150116	go	regulation of cell-substrate junction organization	5	12	25	49	93	
go:GO:0170041	go	non-proteinogenic amino acid metabolic process	2	3	7	15	30	
go:GO:0170043	go	non-proteinogenic amino acid biosynthetic process	2	3	7	15	30	
go:GO:0170062	go	nutrient storage	3	7	14	32	57	
go:GO:0180059	go	protein O-linked glycosylation via glucose	4	10	21	43	83	
go:GO:1900029	go	positive regulation of ruffle assembly	5	12	25	50	96	
go:GO:1900103	go	positive regulation of endoplasmic reticulum unfolded protein response	10	25	50	99	197	
go:GO:1900118	go	negative regulation of execution phase of apoptosis	8	20	38	73	144	
go:GO:1900222	go	negative regulation of amyloid-beta clearance	8	20	39	75	147	
go:GO:1900239	go	regulation of phenotypic switching	6	15	30	59	114	
go:GO:1900246	go	positive regulation of RIG-I signaling pathway	9	21	42	82	159	
go:GO:1901072	go	glucosamine-containing compound catabolic process	4	10	21	43	85	
go:GO:1901078	go	negative regulation of relaxation of muscle	8	20	39	74	146	
go:GO:1901096	go	regulation of autophagosome maturation	10	25	50	100	200	
go:GO:1901098	go	positive regulation of autophagosome maturation	10	25	50	100	200	
go:GO:1901224	go	positive regulation of non-canonical NF-kappaB signal transduction	1	2	3	7	10	
go:GO:1901329	go	regulation of odontoblast differentiation	5	14	28	54	102	
go:GO:1901334	go	lactone metabolic process	3	7	16	35	65	
go:GO:1901502	go	ether catabolic process	3	7	17	36	68	
go:GO:1901503	go	ether biosynthetic process	3	7	17	36	68	
go:GO:1901568	go	fatty acid derivative metabolic process	3	7	16	35	63	
go:GO:1901623	go	regulation of lymphocyte chemotaxis	1	1	2	4	5	
go:GO:1901654	go	response to ketone	3	7	15	34	61	
go:GO:1901655	go	cellular response to ketone	3	7	15	34	61	
go:GO:1901659	go	glycosyl compound biosynthetic process	4	10	21	43	85	
go:GO:1901679	go	nucleotide transmembrane transport	10	23	46	91	181	
go:GO:1901722	go	obsolete regulation of cell proliferation involved in kidney development	5	13	27	53	100	
go:GO:1901858	go	regulation of mitochondrial DNA metabolic process	10	23	46	91	180	
go:GO:1901874	go	negative regulation of post-translational protein modification	8	20	38	73	143	
go:GO:1901950	go	dense core granule transport	7	19	37	72	141	
go:GO:1902045	go	negative regulation of Fas signaling pathway	8	20	38	73	144	
go:GO:1902075	go	cellular response to salt	2	4	8	19	37	
go:GO:1902080	go	regulation of calcium ion import into sarcoplasmic reticulum	10	24	47	92	182	
go:GO:1902165	go	regulation of intrinsic apoptotic signaling pathway in response to DNA damage by p53 class mediator	10	22	43	83	166	
go:GO:1902170	go	cellular response to reactive nitrogen species	2	4	9	21	40	
go:GO:1902230	go	negative regulation of intrinsic apoptotic signaling pathway in response to DNA damage	8	20	38	73	144	
go:GO:1902231	go	positive regulation of intrinsic apoptotic signaling pathway in response to DNA damage	8	20	38	73	144	
go:GO:1902237	go	positive regulation of endoplasmic reticulum stress-induced intrinsic apoptotic signaling pathway	10	25	50	99	197	
go:GO:1902255	go	positive regulation of intrinsic apoptotic signaling pathway by p53 class mediator	10	22	43	83	166	
go:GO:1902275	go	regulation of chromatin organization	7	18	35	67	130	
go:GO:1902292	go	cell cycle DNA replication initiation	9	21	41	79	154	
go:GO:1902410	go	mitotic cytokinetic process	7	18	35	68	132	
go:GO:1902423	go	regulation of attachment of mitotic spindle microtubules to kinetochore	7	18	35	67	129	
go:GO:1902425	go	positive regulation of attachment of mitotic spindle microtubules to kinetochore	7	18	35	67	129	
go:GO:1902475	go	L-alpha-amino acid transmembrane transport	4	9	19	40	78	
go:GO:1902513	go	regulation of organelle transport along microtubule	7	19	37	72	141	
go:GO:1902533	go	positive regulation of intracellular signal transduction	10	22	44	87	174	
go:GO:1902683	go	regulation of receptor localization to synapse	7	17	33	63	121	
go:GO:1902746	go	regulation of lens fiber cell differentiation	2	6	12	27	50	
go:GO:1902747	go	negative regulation of lens fiber cell differentiation	2	6	12	27	50	
go:GO:1902951	go	negative regulation of dendritic spine maintenance	7	17	34	65	124	
go:GO:1902956	go	regulation of mitochondrial electron transport, NADH to ubiquinone	10	23	46	91	180	
go:GO:1902992	go	negative regulation of amyloid precursor protein catabolic process	8	20	39	75	147	
go:GO:1902993	go	positive regulation of amyloid precursor protein catabolic process	8	20	39	75	147	
go:GO:1902996	go	regulation of neurofibrillary tangle assembly	7	19	37	72	140	
go:GO:1903027	go	regulation of opsonization	1	2	5	11	20	
go:GO:1903038	go	negative regulation of leukocyte cell-cell adhesion	5	12	25	49	93	
go:GO:1903051	go	obsolete negative regulation of proteolysis involved in protein catabolic process	8	20	38	73	143	
go:GO:1903053	go	regulation of extracellular matrix organization	5	12	25	50	94	
go:GO:1903054	go	negative regulation of extracellular matrix organization	5	12	25	50	94	
go:GO:1903076	go	regulation of protein localization to plasma membrane	10	25	50	97	193	
go:GO:1903146	go	regulation of autophagy of mitochondrion	10	25	49	95	189	
go:GO:1903147	go	negative regulation of autophagy of mitochondrion	8	20	38	73	143	
go:GO:1903169	go	regulation of calcium ion transmembrane transport	10	24	47	92	182	
go:GO:1903241	go	U2-type prespliceosome assembly	9	21	42	82	160	
go:GO:1903294	go	regulation of glutamate secretion, neurotransmission	7	17	33	63	121	
go:GO:1903306	go	negative regulation of regulated secretory pathway	8	20	39	76	151	
go:GO:1903327	go	negative regulation of tRNA metabolic process	8	20	38	73	143	
go:GO:1903444	go	negative regulation of brown fat cell differentiation	8	20	39	75	148	
go:GO:1903564	go	regulation of protein localization to cilium	7	19	37	72	139	
go:GO:1903573	go	negative regulation of response to endoplasmic reticulum stress	10	25	50	99	197	
go:GO:1903689	go	regulation of wound healing, spreading of epidermal cells	5	11	22	44	87	
go:GO:1903698	go	positive regulation of microvillus assembly	5	14	29	56	106	
go:GO:1903722	go	regulation of centriole elongation	7	18	35	67	129	
go:GO:1903726	go	negative regulation of phospholipid metabolic process	8	20	39	75	148	
go:GO:1903799	go	negative regulation of miRNA processing	9	21	42	81	157	
go:GO:1903859	go	regulation of dendrite extension	7	17	34	65	124	
go:GO:1903894	go	regulation of IRE1-mediated unfolded protein response	10	25	50	99	197	
go:GO:1903897	go	regulation of PERK-mediated unfolded protein response	10	25	50	99	197	
go:GO:1903898	go	negative regulation of PERK-mediated unfolded protein response	10	25	50	99	197	
go:GO:1904018	go	positive regulation of vasculature development	5	12	26	52	98	
go:GO:1904045	go	cellular response to aldosterone	2	4	8	18	34	
go:GO:1904178	go	negative regulation of adipose tissue development	8	20	39	75	148	
go:GO:1904179	go	positive regulation of adipose tissue development	3	7	15	34	62	
go:GO:1904181	go	positive regulation of membrane depolarization	6	16	32	61	119	
go:GO:1904293	go	negative regulation of ERAD pathway	10	25	50	98	195	
go:GO:1904321	go	response to forskolin	10	24	47	92	182	
go:GO:1904356	go	regulation of telomere maintenance via telomere lengthening	7	18	35	69	135	
go:GO:1904357	go	negative regulation of telomere maintenance via telomere lengthening	7	18	35	69	135	
go:GO:1904385	go	cellular response to angiotensin	2	4	8	18	34	
go:GO:1904417	go	positive regulation of xenophagy	1	2	3	7	10	
go:GO:1904427	go	positive regulation of calcium ion transmembrane transport	10	24	47	92	182	
go:GO:1904478	go	regulation of intestinal absorption	4	9	19	39	77	
go:GO:1904636	go	response to ionomycin	10	24	47	92	182	
go:GO:1904668	go	positive regulation of ubiquitin protein ligase activity	10	25	50	100	199	
go:GO:1904673	go	negative regulation of somatic stem cell population maintenance	5	13	27	53	100	
go:GO:1904749	go	regulation of protein localization to nucleolus	9	21	42	82	165	
go:GO:1904776	go	regulation of protein localization to cell cortex	7	19	37	72	140	
go:GO:1904823	go	purine nucleobase transmembrane transport	2	3	6	12	21	
go:GO:1904861	go	excitatory synapse assembly	7	17	33	64	123	
go:GO:1904978	go	regulation of endosome organization	10	25	50	100	200	
go:GO:1904995	go	negative regulation of leukocyte adhesion to vascular endothelial cell	5	12	25	49	93	
go:GO:1904999	go	positive regulation of leukocyte adhesion to arterial endothelial cell	5	12	25	49	93	
go:GO:1905203	go	regulation of connective tissue replacement	5	12	25	50	94	
go:GO:1905207	go	regulation of cardiocyte differentiation	5	14	29	58	112	
go:GO:1905232	go	cellular response to L-glutamate	2	5	11	25	46	
go:GO:1905330	go	regulation of morphogenesis of an epithelium	5	11	23	45	88	
go:GO:1905335	go	regulation of aggrephagy	10	25	49	95	190	
go:GO:1905477	go	positive regulation of protein localization to membrane	10	25	50	97	193	
go:GO:1905503	go	regulation of motile cilium assembly	7	19	37	72	139	
go:GO:1905563	go	negative regulation of vascular endothelial cell proliferation	8	20	39	74	145	
go:GO:1905603	go	regulation of blood-brain barrier permeability	7	19	37	72	140	
go:GO:1905634	go	regulation of protein localization to chromatin	7	18	35	67	130	
go:GO:1905710	go	positive regulation of membrane permeability	10	23	46	91	181	
go:GO:1905821	go	positive regulation of chromosome condensation	7	18	35	67	129	
go:GO:1905868	go	regulation of 3'-UTR-mediated mRNA stabilization	9	21	42	82	161	
go:GO:1905870	go	positive regulation of 3'-UTR-mediated mRNA stabilization	9	21	42	82	161	
go:GO:1905898	go	positive regulation of response to endoplasmic reticulum stress	10	25	50	99	197	
go:GO:1905907	go	negative regulation of amyloid fibril formation	8	20	39	75	147	
go:GO:1905952	go	regulation of lipid localization	3	7	14	32	58	
go:GO:1990048	go	anterograde neuronal dense core vesicle transport	7	19	37	72	141	
go:GO:1990138	go	neuron projection extension	7	17	34	66	125	
go:GO:1990144	go	intrinsic apoptotic signaling pathway in response to hypoxia	10	22	43	84	167	
go:GO:1990418	go	response to insulin-like growth factor stimulus	8	20	39	76	149	
go:GO:1990573	go	potassium ion import across plasma membrane	2	4	8	19	35	
go:GO:1990849	go	vacuolar localization	10	25	50	98	196	
go:GO:1990926	go	short-term synaptic potentiation	7	17	33	63	121	
go:GO:1990962	go	xenobiotic transport across blood-brain barrier	7	19	37	72	140	
go:GO:2000008	go	regulation of protein localization to cell surface	10	25	50	97	193	
go:GO:2000047	go	regulation of cell-cell adhesion mediated by cadherin	5	11	23	46	89	
go:GO:2000048	go	negative regulation of cell-cell adhesion mediated by cadherin	5	11	23	46	89	
go:GO:2000105	go	positive regulation of DNA-templated DNA replication	10	25	50	100	200	
go:GO:2000106	go	regulation of leukocyte apoptotic process	1	2	5	9	15	
go:GO:2000209	go	regulation of anoikis	5	12	25	50	94	
go:GO:2000242	go	negative regulation of reproductive process	8	20	38	73	143	
go:GO:2000319	go	regulation of T-helper 17 cell differentiation	1	1	2	4	6	
go:GO:2000328	go	regulation of T-helper 17 cell lineage commitment	1	1	2	4	6	
go:GO:2000340	go	positive regulation of chemokine (C-X-C motif) ligand 1 production	1	2	5	11	19	
go:GO:2000378	go	negative regulation of reactive oxygen species metabolic process	8	20	38	73	144	
go:GO:2000394	go	positive regulation of lamellipodium morphogenesis	5	12	25	50	96	
go:GO:2000403	go	positive regulation of lymphocyte migration	1	2	5	11	19	
go:GO:2000404	go	regulation of T cell migration	1	1	2	4	5	
go:GO:2000586	go	regulation of platelet-derived growth factor receptor-beta signaling pathway	10	22	44	87	174	
go:GO:2000625	go	regulation of miRNA catabolic process	9	21	42	81	157	
go:GO:2000669	go	negative regulation of dendritic cell apoptotic process	8	20	38	73	144	
go:GO:2000675	go	negative regulation of type B pancreatic cell apoptotic process	8	20	39	76	151	
go:GO:2000766	go	negative regulation of cytoplasmic translation	8	20	38	73	143	
go:GO:2000772	go	regulation of cellular senescence	7	18	35	69	133	
go:GO:2000826	go	regulation of heart morphogenesis	5	14	29	58	112	
go:GO:2000831	go	regulation of steroid hormone secretion	8	20	39	76	151	
go:GO:2001024	go	negative regulation of response to drug	8	20	38	73	144	
go:GO:2001186	go	negative regulation of CD8-positive, alpha-beta T cell activation	1	1	2	4	7	
go:GO:2001200	go	positive regulation of dendritic cell differentiation	1	1	2	4	5	
go:GO:2001234	go	negative regulation of apoptotic signaling pathway	8	20	38	73	144	
go:GO:2001238	go	positive regulation of extrinsic apoptotic signaling pathway	10	22	43	84	168	
go:GO:2001245	go	regulation of phosphatidylcholine biosynthetic process	3	7	17	36	68	
go:GO:2001252	go	positive regulation of chromosome organization	7	18	35	67	129	
hallmark:HALLMARK_ADIPOGENESIS	hallmark	HALLMARK_ADIPOGENESIS	3	7	15	34	62	
hallmark:HALLMARK_ALLOGRAFT_REJECTION	hallmark	HALLMARK_ALLOGRAFT_REJECTION	1	1	2	4	7	
hallmark:HALLMARK_ANDROGEN_RESPONSE	hallmark	HALLMARK_ANDROGEN_RESPONSE	2	6	13	29	54	
hallmark:HALLMARK_ANGIOGENESIS	hallmark	HALLMARK_ANGIOGENESIS	5	12	26	52	98	
hallmark:HALLMARK_APICAL_JUNCTION	hallmark	HALLMARK_APICAL_JUNCTION	5	11	23	46	89	
hallmark:HALLMARK_APICAL_SURFACE	hallmark	HALLMARK_APICAL_SURFACE	5	11	23	45	88	
hallmark:HALLMARK_APOPTOSIS	hallmark	HALLMARK_APOPTOSIS	10	22	43	84	168	
hallmark:HALLMARK_BILE_ACID_METABOLISM	hallmark	HALLMARK_BILE_ACID_METABOLISM	3	7	15	33	60	
hallmark:HALLMARK_CHOLESTEROL_HOMEOSTASIS	hallmark	HALLMARK_CHOLESTEROL_HOMEOSTASIS	3	7	15	33	59	
hallmark:HALLMARK_COAGULATION	hallmark	HALLMARK_COAGULATION	5	12	24	48	92	
hallmark:HALLMARK_COMPLEMENT	hallmark	HALLMARK_COMPLEMENT	1	2	5	11	18	
hallmark:HALLMARK_DNA_REPAIR	hallmark	HALLMARK_DNA_REPAIR	9	21	41	80	156	
hallmark:HALLMARK_E2F_TARGETS	hallmark	HALLMARK_E2F_TARGETS	9	21	42	82	163	
hallmark:HALLMARK_EPITHELIAL_MESENCHYMAL_TRANSITION	hallmark	HALLMARK_EPITHELIAL_MESENCHYMAL_TRANSITION	5	11	23	45	88	
hallmark:HALLMARK_ESTROGEN_RESPONSE_EARLY	hallmark	HALLMARK_ESTROGEN_RESPONSE_EARLY	2	6	13	28	53	
hallmark:HALLMARK_ESTROGEN_RESPONSE_LATE	hallmark	HALLMARK_ESTROGEN_RESPONSE_LATE	2	6	13	28	53	
hallmark:HALLMARK_FATTY_ACID_METABOLISM	hallmark	HALLMARK_FATTY_ACID_METABOLISM	3	7	16	35	63	
hallmark:HALLMARK_G2M_CHECKPOINT	hallmark	HALLMARK_G2M_CHECKPOINT	10	25	48	94	188	
hallmark:HALLMARK_GLYCOLYSIS	hallmark	HALLMARK_GLYCOLYSIS	4	10	21	43	85	
hallmark:HALLMARK_HEDGEHOG_SIGNALING	hallmark	HALLMARK_HEDGEHOG_SIGNALING	5	14	29	58	113	
hallmark:HALLMARK_HEME_METABOLISM	hallmark	HALLMARK_HEME_METABOLISM	2	3	7	16	31	
hallmark:HALLMARK_HYPOXIA	hallmark	HALLMARK_HYPOXIA	2	3	7	16	31	
hallmark:HALLMARK_IL2_STAT5_SIGNALING	hallmark	HALLMARK_IL2_STAT5_SIGNALING	10	22	44	89	177	
hallmark:HALLMARK_IL6_JAK_STAT3_SIGNALING	hallmark	HALLMARK_IL6_JAK_STAT3_SIGNALING	1	2	3	7	11	
hallmark:HALLMARK_INFLAMMATORY_RESPONSE	hallmark	HALLMARK_INFLAMMATORY_RESPONSE	1	2	4	8	12	
hallmark:HALLMARK_INTERFERON_ALPHA_RESPONSE	hallmark	HALLMARK_INTERFERON_ALPHA_RESPONSE	1	2	3	5	8	
hallmark:HALLMARK_INTERFERON_GAMMA_RESPONSE	hallmark	HALLMARK_INTERFERON_GAMMA_RESPONSE	1	2	3	5	8	
hallmark:HALLMARK_KRAS_SIGNALING_DN	hallmark	HALLMARK_KRAS_SIGNALING_DN	10	25	50	100	198	
hallmark:HALLMARK_KRAS_SIGNALING_UP	hallmark	HALLMARK_KRAS_SIGNALING_UP	10	25	50	100	198	
hallmark:HALLMARK_MITOTIC_SPINDLE	hallmark	HALLMARK_MITOTIC_SPINDLE	7	18	35	68	132	
hallmark:HALLMARK_MTORC1_SIGNALING	hallmark	HALLMARK_MTORC1_SIGNALING	10	23	45	90	179	
hallmark:HALLMARK_MYC_TARGETS_V1	hallmark	HALLMARK_MYC_TARGETS_V1	10	23	45	90	178	
hallmark:HALLMARK_MYC_TARGETS_V2	hallmark	HALLMARK_MYC_TARGETS_V2	10	23	45	90	178	
hallmark:HALLMARK_MYOGENESIS	hallmark	HALLMARK_MYOGENESIS	6	15	30	59	116	
hallmark:HALLMARK_NOTCH_SIGNALING	hallmark	HALLMARK_NOTCH_SIGNALING	5	12	26	51	97	
hallmark:HALLMARK_OXIDATIVE_PHOSPHORYLATION	hallmark	HALLMARK_OXIDATIVE_PHOSPHORYLATION	2	3	6	13	23	
hallmark:HALLMARK_P53_PATHWAY	hallmark	HALLMARK_P53_PATHWAY	10	22	43	83	166	
hallmark:HALLMARK_PANCREAS_BETA_CELLS	hallmark	HALLMARK_PANCREAS_BETA_CELLS	4	10	20	41	80	
hallmark:HALLMARK_PEROXISOME	hallmark	HALLMARK_PEROXISOME	3	7	14	32	58	
hallmark:HALLMARK_PI3K_AKT_MTOR_SIGNALING	hallmark	HALLMARK_PI3K_AKT_MTOR_SIGNALING	10	22	44	87	174	
hallmark:HALLMARK_PROTEIN_SECRETION	hallmark	HALLMARK_PROTEIN_SECRETION	5	14	29	55	104	
hallmark:HALLMARK_REACTIVE_OXYGEN_SPECIES_PATHWAY	hallmark	HALLMARK_REACTIVE_OXYGEN_SPECIES_PATHWAY	2	3	7	16	31	
hallmark:HALLMARK_SPERMATOGENESIS	hallmark	HALLMARK_SPERMATOGENESIS	2	6	13	30	55	
hallmark:HALLMARK_TGF_BETA_SIGNALING	hallmark	HALLMARK_TGF_BETA_SIGNALING	10	22	44	88	175	
hallmark:HALLMARK_TNFA_SIGNALING_VIA_NFKB	hallmark	HALLMARK_TNFA_SIGNALING_VIA_NFKB	1	2	3	7	10	
hallmark:HALLMARK_UNFOLDED_PROTEIN_RESPONSE	hallmark	HALLMARK_UNFOLDED_PROTEIN_RESPONSE	10	25	50	99	197	
hallmark:HALLMARK_UV_RESPONSE_DN	hallmark	HALLMARK_UV_RESPONSE_DN	5	11	22	44	86	
hallmark:HALLMARK_UV_RESPONSE_UP	hallmark	HALLMARK_UV_RESPONSE_UP	5	11	22	44	86	
hallmark:HALLMARK_WNT_BETA_CATENIN_SIGNALING	hallmark	HALLMARK_WNT_BETA_CATENIN_SIGNALING	10	22	44	86	170	
hallmark:HALLMARK_XENOBIOTIC_METABOLISM	hallmark	HALLMARK_XENOBIOTIC_METABOLISM	2	3	7	15	25	
reactome:R-HSA-1059683	reactome	Interleukin-6 signaling	1	2	3	7	11	
reactome:R-HSA-109581	reactome	Apoptosis	10	22	43	84	168	
reactome:R-HSA-109582	reactome	Hemostasis	5	12	24	48	92	
reactome:R-HSA-109606	reactome	Intrinsic Pathway for Apoptosis	10	22	43	84	167	
reactome:R-HSA-110312	reactome	Translesion synthesis by REV1	9	21	41	79	154	
reactome:R-HSA-110328	reactome	Recognition and association of DNA glycosylase with site containing an affected pyrimidine	10	24	47	93	186	
reactome:R-HSA-110362	reactome	POLB-Dependent Long Patch Base Excision Repair	9	21	41	80	155	
reactome:R-HSA-110373	reactome	Resolution of AP sites via the multiple-nucleotide patch replacement pathway	9	21	41	80	155	
reactome:R-HSA-110381	reactome	Resolution of AP sites via the single-nucleotide replacement pathway	9	21	41	80	155	
reactome:R-HSA-111367	reactome	SLBP independent Processing of Histone Pre-mRNAs	9	21	42	82	160	
reactome:R-HSA-111453	reactome	BH3-only proteins associate with and inactivate anti-apoptotic BCL-2 members	10	22	43	84	167	
reactome:R-HSA-111885	reactome	Opioid Signalling	2	5	11	25	45	
reactome:R-HSA-111933	reactome	Calmodulin induced events	10	24	47	92	182	
reactome:R-HSA-111995	reactome	phospho-PLA2 pathway	3	7	17	36	68	
reactome:R-HSA-111996	reactome	Ca-dependent events	10	24	47	92	182	
reactome:R-HSA-112307	reactome	Transmission across Electrical Synapses	7	19	37	72	141	
reactome:R-HSA-112311	reactome	Neurotransmitter clearance	7	17	33	63	121	
reactome:R-HSA-114294	reactome	Activation, translocation and oligomerization of BAX	10	22	43	84	167	
reactome:R-HSA-114608	reactome	Platelet degranulation	5	12	24	48	92	
reactome:R-HSA-1169408	reactome	ISG15 antiviral mechanism	1	2	3	5	8	
reactome:R-HSA-1169410	reactome	Antimicrobial mechanism of IFN-stimulated genes	1	2	3	5	8	
reactome:R-HSA-1187000	reactome	Fertilization	2	6	13	30	55	
reactome:R-HSA-1222541	reactome	Cell redox homeostasis	2	3	7	16	31	
reactome:R-HSA-1227986	reactome	Signaling by ERBB2	10	22	44	88	175	
reactome:R-HSA-1234158	reactome	Regulation of gene expression by Hypoxia-inducible Factor	2	3	7	16	31	
reactome:R-HSA-1234174	reactome	Cellular response to hypoxia	2	4	9	21	40	
reactome:R-HSA-1234176	reactome	Oxygen-dependent proline hydroxylation of Hypoxia-inducible Factor Alpha	2	3	7	16	31	
reactome:R-HSA-1237112	reactome	Methionine salvage pathway	10	23	45	90	179	
reactome:R-HSA-1268020	reactome	Mitochondrial protein import	10	23	46	91	181	
reactome:R-HSA-1280215	reactome	Cytokine Signaling in Immune system	1	2	5	11	20	
reactome:R-HSA-1299287	reactome	Tandem pore domain halothane-inhibited K+ channel (THIK)	6	16	32	61	119	
reactome:R-HSA-1300642	reactome	Sperm Motility And Taxes	2	6	13	30	55	
reactome:R-HSA-141333	reactome	Biogenic amines are oxidatively deaminated to aldehydes by MAOA and MAOB	2	3	7	14	24	
reactome:R-HSA-141430	reactome	Inactivation of APC/C via direct inhibition of the APC/C complex	8	20	38	73	142	
reactome:R-HSA-1433617	reactome	Regulation of signaling by NODAL	5	14	29	58	112	
reactome:R-HSA-1474290	reactome	Collagen formation	4	10	21	42	82	
reactome:R-HSA-1483076	reactome	Synthesis of CL	3	7	17	36	68	
reactome:R-HSA-1483166	reactome	Synthesis of PA	3	7	17	36	68	
reactome:R-HSA-1483206	reactome	Glycerophospholipid biosynthesis	3	7	17	36	68	
reactome:R-HSA-1483249	reactome	Inositol phosphate metabolism	2	3	6	13	22	
reactome:R-HSA-156580	reactome	Phase II - Conjugation of compounds	2	3	7	15	25	
reactome:R-HSA-156581	reactome	Methylation	10	23	45	90	179	
reactome:R-HSA-156582	reactome	Acetylation	2	3	7	15	28	
reactome:R-HSA-1566977	reactome	Fibronectin matrix formation	5	12	25	50	94	
reactome:R-HSA-156711	reactome	Polo-like kinase mediated events	10	22	44	87	174	
reactome:R-HSA-1592230	reactome	Mitochondrial biogenesis	10	23	46	91	181	
reactome:R-HSA-159740	reactome	Gamma-carboxylation of protein precursors	10	24	47	93	185	
reactome:R-HSA-159782	reactome	Removal of aminoterminal propeptides from gamma-carboxylated proteins	10	24	47	93	185	
reactome:R-HSA-159854	reactome	Gamma-carboxylation, transport, and amino-terminal cleavage of proteins	10	24	47	93	185	
reactome:R-HSA-1606341	reactome	IRF3 mediated activation of type 1 IFN	1	2	3	5	8	
reactome:R-HSA-162589	reactome	Reverse Transcription of HIV RNA	9	21	40	77	152	
reactome:R-HSA-162699	reactome	Synthesis of dolichyl-phosphate mannose	4	10	21	43	83	
reactome:R-HSA-1632852	reactome	Macroautophagy	10	25	49	95	190	
reactome:R-HSA-163316	reactome	Mitochondrial transcription termination	9	21	42	81	158	
reactome:R-HSA-1640170	reactome	Cell Cycle	7	18	35	68	131	
reactome:R-HSA-164378	reactome	PKA activation in glucagon signalling	10	24	47	93	186	
reactome:R-HSA-164940	reactome	Nef mediated downregulation of MHC class I complex cell surface expression	1	1	2	3	3	
reactome:R-HSA-164944	reactome	Nef and signal transduction	1	2	3	7	10	
reactome:R-HSA-165159	reactome	MTOR signalling	10	23	45	90	179	
reactome:R-HSA-166016	reactome	Toll Like Receptor 4 (TLR4) Cascade	1	2	3	6	9	
reactome:R-HSA-1660510	reactome	PIPs transport between Golgi and plasma membranes	7	19	36	70	136	
reactome:R-HSA-166187	reactome	Mitochondrial Uncoupling	10	23	46	91	181	
reactome:R-HSA-166662	reactome	Lectin pathway of complement activation	1	2	5	11	18	
reactome:R-HSA-167160	reactome	RNA Pol II CTD phosphorylation and interaction with CE during HIV infection	9	21	40	77	152	
reactome:R-HSA-167172	reactome	Transcription of the HIV genome	9	21	40	77	152	
reactome:R-HSA-167246	reactome	Tat-mediated elongation of the HIV-1 transcript	9	21	40	77	152	
reactome:R-HSA-167590	reactome	Nef Mediated CD4 Down-regulation	1	1	2	3	3	
reactome:R-HSA-1679131	reactome	Trafficking and processing of endosomal TLR	1	2	3	6	9	
reactome:R-HSA-168142	reactome	Toll Like Receptor 10 (TLR10) Cascade	1	2	3	6	9	
reactome:R-HSA-168176	reactome	Toll Like Receptor 5 (TLR5) Cascade	1	2	3	6	9	
reactome:R-HSA-168268	reactome	Virus Assembly and Release	9	21	40	78	153	
reactome:R-HSA-168273	reactome	Influenza Viral RNA Transcription and Replication	9	21	40	78	153	
reactome:R-HSA-168333	reactome	NEP/NS2 Interacts with the Cellular Export Machinery	9	21	40	78	153	
reactome:R-HSA-173736	reactome	Alternative complement activation	1	2	5	11	18	
reactome:R-HSA-174143	reactome	APC/C-mediated degradation of cell cycle proteins	8	20	38	73	142	
reactome:R-HSA-174184	reactome	Cdc20:Phospho-APC/C mediated degradation of Cyclin A	8	20	38	73	142	
reactome:R-HSA-175474	reactome	Assembly Of The HIV Virion	9	21	40	77	152	
reactome:R-HSA-176033	reactome	Interactions of Vpr with host cellular proteins	9	21	40	77	152	
reactome:R-HSA-177128	reactome	Conjugation of salicylate with glycine	2	3	7	15	28	
reactome:R-HSA-177135	reactome	Conjugation of benzoate with glycine	2	3	7	15	28	
reactome:R-HSA-1799339	reactome	SRP-dependent cotranslational protein targeting to membrane	10	25	50	98	194	
reactome:R-HSA-180910	reactome	Vpr-mediated nuclear import of PICs	9	21	40	77	152	
reactome:R-HSA-182218	reactome	Nef Mediated CD8 Down-regulation	1	1	2	3	3	
reactome:R-HSA-1839117	reactome	Signaling by cytosolic FGFR1 fusion mutants	10	22	44	87	174	
reactome:R-HSA-1855167	reactome	Synthesis of pyrophosphates in the cytosol	2	3	6	13	22	
reactome:R-HSA-1855191	reactome	Synthesis of IPs in the nucleus	2	3	6	13	22	
reactome:R-HSA-1855196	reactome	IP3 and IP4 transport between cytosol and nucleus	2	3	6	13	22	
reactome:R-HSA-189200	reactome	Cellular hexose transport	4	10	21	43	85	
reactome:R-HSA-189483	reactome	Heme degradation	2	3	7	16	31	
reactome:R-HSA-190242	reactome	FGFR1 ligand binding and activation	10	22	44	86	171	
reactome:R-HSA-190375	reactome	FGFR2c ligand binding and activation	10	22	44	86	171	
reactome:R-HSA-190840	reactome	Microtubule-dependent trafficking of connexons from Golgi to the plasma membrane	7	19	37	72	141	
reactome:R-HSA-190861	reactome	Gap junction assembly	7	19	37	72	141	
reactome:R-HSA-1912399	reactome	Pre-NOTCH Processing in the Endoplasmic Reticulum	5	12	26	51	97	
reactome:R-HSA-192456	reactome	Digestion of dietary lipid	4	9	19	39	77	
reactome:R-HSA-192823	reactome	Viral mRNA Translation	9	21	40	78	153	
reactome:R-HSA-194068	reactome	Bile acid and bile salt metabolism	3	7	15	33	60	
reactome:R-HSA-194306	reactome	Neuropilin interactions with VEGF and VEGFR	10	22	44	86	172	
reactome:R-HSA-195253	reactome	Degradation of beta-catenin by the destruction complex	8	20	38	73	142	
reactome:R-HSA-195399	reactome	VEGF binds to VEGFR leading to receptor dimerization	5	12	26	52	98	
reactome:R-HSA-201556	reactome	Signaling by ALK	10	22	44	87	174	
reactome:R-HSA-202131	reactome	Metabolism of nitric oxide: NOS3 activation and regulation	2	3	7	16	31	
reactome:R-HSA-2022923	reactome	DS-GAG biosynthesis	4	10	21	42	82	
reactome:R-HSA-2024096	reactome	HS-GAG degradation	4	10	21	42	81	
reactome:R-HSA-2024101	reactome	CS/DS degradation	4	10	21	42	81	
reactome:R-HSA-202670	reactome	ERKs are inactivated	10	25	50	100	198	
reactome:R-HSA-204005	reactome	COPII-mediated vesicle transport	7	19	36	70	137	
reactome:R-HSA-204998	reactome	Cell death signalling via NRAGE, NRIF and NADE	10	22	44	86	172	
reactome:R-HSA-209543	reactome	p75NTR recruits signalling complexes	10	22	44	86	172	
reactome:R-HSA-209968	reactome	Thyroxine biosynthesis	2	5	11	26	47	
reactome:R-HSA-210744	reactome	Regulation of gene expression in late stage (branching morphogenesis) pancreatic bud precursor cells	4	10	20	41	80	
reactome:R-HSA-210746	reactome	Regulation of gene expression in endocrine-committed (NEUROG3+) progenitor cells	4	10	20	41	80	
reactome:R-HSA-211000	reactome	Gene Silencing by RNA	9	21	42	81	157	
reactome:R-HSA-211736	reactome	Stimulation of the cell death response by PAK-2p34	10	22	44	87	174	
reactome:R-HSA-211957	reactome	Aromatic amines can be N-hydroxylated or N-dealkylated by CYP1A2	2	3	7	16	31	
reactome:R-HSA-211958	reactome	Miscellaneous substrates	2	3	7	16	31	
reactome:R-HSA-211976	reactome	Endogenous sterols	3	7	15	33	59	
reactome:R-HSA-212165	reactome	Epigenetic regulation of gene expression	10	25	50	100	200	
reactome:R-HSA-212718	reactome	EGFR interacts with phospholipase C-gamma	10	24	47	93	185	
reactome:R-HSA-2142845	reactome	Hyaluronan metabolism	4	10	21	42	82	
reactome:R-HSA-217271	reactome	FMO oxidises nucleophiles	2	3	7	16	31	
reactome:R-HSA-2197563	reactome	NOTCH2 intracellular domain regulates transcription	5	12	26	51	97	
reactome:R-HSA-2219530	reactome	Constitutive Signaling by Aberrant PI3K in Cancer	10	22	44	87	173	
reactome:R-HSA-2262752	reactome	Cellular responses to stress	2	4	9	21	39	
reactome:R-HSA-2393930	reactome	Phosphate bond hydrolysis by NUDT proteins	2	3	6	12	21	
reactome:R-HSA-2408550	reactome	Metabolism of ingested H2SeO4 and H2SeO3 into H2Se	2	3	7	15	29	
reactome:R-HSA-2408557	reactome	Selenocysteine synthesis	2	3	7	15	29	
reactome:R-HSA-2428928	reactome	IRS-related events triggered by IGF1R	2	5	11	26	49	
reactome:R-HSA-2468052	reactome	Establishment of Sister Chromatid Cohesion	7	18	35	67	128	
reactome:R-HSA-2514856	reactome	The phototransduction cascade	2	6	12	27	52	
reactome:R-HSA-2514859	reactome	Inactivation, recovery and regulation of the phototransduction cascade	2	6	12	27	52	
reactome:R-HSA-2534343	reactome	Interaction With Cumulus Cells And The Zona Pellucida	2	6	13	30	55	
reactome:R-HSA-2559583	reactome	Cellular Senescence	7	18	35	69	133	
reactome:R-HSA-2559584	reactome	Formation of Senescence-Associated Heterochromatin Foci (SAHF)	7	18	35	69	133	
reactome:R-HSA-2565942	reactome	Regulation of PLK1 Activity at G2/M Transition	10	22	44	87	173	
reactome:R-HSA-264876	reactome	Insulin processing	4	10	20	41	80	
reactome:R-HSA-2672351	reactome	Stimuli-sensing channels	2	5	10	22	42	
reactome:R-HSA-2978092	reactome	Abnormal conversion of 2-oxoglutarate to 2-hydroxyglutarate	4	10	21	43	84	
reactome:R-HSA-2995410	reactome	Nuclear Envelope (NE) Reassembly	7	18	35	68	132	
reactome:R-HSA-3065678	reactome	SUMO is transferred from E1 to E2 (UBE2I, UBC9)	9	21	42	82	163	
reactome:R-HSA-3214841	reactome	PKMTs methylate histone lysines	10	23	45	90	178	
reactome:R-HSA-3214842	reactome	HDMs demethylate histones	10	23	45	90	178	
reactome:R-HSA-3229121	reactome	Glycogen storage diseases	4	8	18	38	73	
reactome:R-HSA-3304351	reactome	Signaling by TGF-beta Receptor Complex in Cancer	10	22	44	88	175	
reactome:R-HSA-3304356	reactome	SMAD2/3 Phosphorylation Motif Mutants in Cancer	10	22	44	88	175	
reactome:R-HSA-3359463	reactome	Defective CUBN causes MGA1	4	8	18	38	75	
reactome:R-HSA-3359475	reactome	Defective MMAA causes MMA, cblA type	4	8	18	38	74	
reactome:R-HSA-349425	reactome	Autodegradation of the E3 ubiquitin ligase COP1	8	20	38	73	142	
reactome:R-HSA-350562	reactome	Regulation of ornithine decarboxylase (ODC)	2	3	7	15	27	
reactome:R-HSA-352230	reactome	Amino acid transport across the plasma membrane	4	9	19	40	78	
reactome:R-HSA-3560782	reactome	Diseases associated with glycosaminoglycan metabolism	4	8	18	38	73	
reactome:R-HSA-3560792	reactome	Defective SLC26A2 causes chondrodysplasias	4	8	18	38	76	
reactome:R-HSA-3595177	reactome	Defective CHSY1 causes TPBS	4	8	18	38	76	
reactome:R-HSA-3645790	reactome	TGFBR2 Kinase Domain Mutants in Cancer	10	22	44	88	175	
reactome:R-HSA-3700989	reactome	Transcriptional Regulation by TP53	10	22	43	83	166	
reactome:R-HSA-375165	reactome	NCAM signaling for neurite out-growth	7	17	33	64	122	
reactome:R-HSA-3781865	reactome	Diseases of glycosylation	4	8	18	38	73	
reactome:R-HSA-379398	reactome	Enzymatic degradation of Dopamine by monoamine oxidase	2	3	7	14	24	
reactome:R-HSA-379716	reactome	Cytosolic tRNA aminoacylation	9	21	42	82	162	
reactome:R-HSA-380108	reactome	Chemokine receptors bind chemokines	1	2	5	11	19	
reactome:R-HSA-380259	reactome	Loss of Nlp from mitotic centrosomes	9	21	42	82	165	
reactome:R-HSA-380612	reactome	Metabolism of serotonin	2	3	7	14	24	
reactome:R-HSA-381042	reactome	PERK regulates gene expression	10	25	50	99	197	
reactome:R-HSA-381676	reactome	Glucagon-like Peptide-1 (GLP1) regulates insulin secretion	4	10	20	41	80	
reactome:R-HSA-3828062	reactome	Glycogen storage disease type 0 (muscle GYS1)	4	8	18	38	73	
reactome:R-HSA-389357	reactome	CD28 dependent PI3K/Akt signaling	1	1	2	4	6	
reactome:R-HSA-389542	reactome	NADPH regeneration	2	3	6	12	21	
reactome:R-HSA-389977	reactome	Post-chaperonin tubulin folding pathway	7	19	37	72	141	
reactome:R-HSA-390522	reactome	Striated Muscle Contraction	6	15	30	59	115	
reactome:R-HSA-3906995	reactome	Diseases associated with O-glycosylation of proteins	4	8	18	38	73	
reactome:R-HSA-391251	reactome	Protein folding	10	25	50	96	191	
reactome:R-HSA-391908	reactome	Prostanoid ligand receptors	3	7	17	36	66	
reactome:R-HSA-392023	reactome	Adrenaline signalling through Alpha-2 adrenergic receptor	10	24	47	93	184	
reactome:R-HSA-392499	reactome	Metabolism of proteins	2	3	7	15	30	
reactome:R-HSA-392517	reactome	Rap1 signalling	10	25	48	94	188	
reactome:R-HSA-397014	reactome	Muscle contraction	6	15	30	59	115	
reactome:R-HSA-399710	reactome	Activation of AMPA receptors	7	17	33	64	122	
reactome:R-HSA-400508	reactome	Incretin synthesis, secretion, and inactivation	4	10	20	41	80	
reactome:R-HSA-4085001	reactome	Sialic acid metabolism	4	10	21	42	82	
reactome:R-HSA-416482	reactome	G alpha (12/13) signalling events	10	22	44	87	174	
reactome:R-HSA-418038	reactome	Nucleotide-like (purinergic) receptors	10	24	47	93	186	
reactome:R-HSA-418217	reactome	G beta:gamma signalling through PLC beta	10	24	47	93	185	
reactome:R-HSA-418359	reactome	Reduction of cytosolic Ca++ levels	10	24	47	92	182	
reactome:R-HSA-419037	reactome	NCAM1 interactions	7	17	33	64	122	
reactome:R-HSA-421270	reactome	Cell-cell junction organization	5	11	23	46	89	
reactome:R-HSA-422356	reactome	Regulation of insulin secretion	4	10	20	41	80	
reactome:R-HSA-422475	reactome	Axon guidance	7	17	33	64	122	
reactome:R-HSA-427652	reactome	Sodium-coupled phosphate cotransporters	4	9	19	40	79	
reactome:R-HSA-427975	reactome	Proton/oligopeptide cotransporters	4	9	19	40	78	
reactome:R-HSA-428157	reactome	Sphingolipid metabolism	3	7	17	36	69	
reactome:R-HSA-429914	reactome	Deadenylation-dependent mRNA decay	9	21	42	81	158	
reactome:R-HSA-429947	reactome	Deadenylation of mRNA	9	21	42	81	158	
reactome:R-HSA-429958	reactome	mRNA decay by 3' to 5' exoribonuclease	9	21	42	81	158	
reactome:R-HSA-432047	reactome	Passive transport by Aquaporins	2	4	8	19	36	
reactome:R-HSA-438064	reactome	Post NMDA receptor activation events	2	5	11	25	45	
reactome:R-HSA-4420097	reactome	VEGFA-VEGFR2 Pathway	5	12	26	52	98	
reactome:R-HSA-444257	reactome	RSK activation	10	22	44	86	172	
reactome:R-HSA-445355	reactome	Smooth Muscle Contraction	6	15	30	59	114	
reactome:R-HSA-445989	reactome	TAK1-dependent IKK and NF-kappa-B activation	1	2	3	7	10	
reactome:R-HSA-446652	reactome	Interleukin-1 family signaling	1	2	3	7	11	
reactome:R-HSA-446728	reactome	Cell junction organization	5	11	23	46	89	
reactome:R-HSA-447043	reactome	Neurofascin interactions	7	17	33	64	122	
reactome:R-HSA-448706	reactome	Interleukin-1 processing	1	2	3	7	11	
reactome:R-HSA-449836	reactome	Other interleukin signaling	1	2	5	11	20	
reactome:R-HSA-450321	reactome	JNK (c-Jun kinases) phosphorylation and  activation mediated by activated human TAK1	1	2	3	7	10	
reactome:R-HSA-451306	reactome	Ionotropic activity of kainate receptors	7	17	33	64	122	
reactome:R-HSA-453276	reactome	Regulation of mitotic cell cycle	7	18	35	68	131	
reactome:R-HSA-453279	reactome	Mitotic G1 phase and G1/S transition	10	25	48	94	188	
reactome:R-HSA-456926	reactome	Thrombin signalling through proteinase activated receptors (PARs)	5	12	24	48	92	
reactome:R-HSA-4570571	reactome	Defective RFT1 causes CDG-1n	4	8	18	38	73	
reactome:R-HSA-4717374	reactome	Defective DPM1 causes DPM1-CDG	4	8	18	38	73	
reactome:R-HSA-4755583	reactome	Defective DOLK causes DOLK-CDG	4	8	18	38	73	
reactome:R-HSA-4755609	reactome	Defective DHDDS causes RP59	4	8	18	37	72	
reactome:R-HSA-4839726	reactome	Chromatin organization	7	18	35	67	130	
reactome:R-HSA-5173214	reactome	O-glycosylation of TSR domain-containing proteins	4	10	21	43	83	
reactome:R-HSA-5205647	reactome	Mitophagy	10	25	49	95	189	
reactome:R-HSA-5218900	reactome	CASP8 activity is inhibited	8	20	38	73	144	
reactome:R-HSA-5218921	reactome	VEGFR2 mediated cell proliferation	5	12	26	52	98	
reactome:R-HSA-525793	reactome	Myogenesis	6	15	30	59	116	
reactome:R-HSA-5357769	reactome	Caspase activation via extrinsic apoptotic signalling pathway	10	22	43	84	168	
reactome:R-HSA-5358351	reactome	Signaling by Hedgehog	5	14	29	58	113	
reactome:R-HSA-5358493	reactome	Synthesis of diphthamide-EEF2	9	21	42	82	163	
reactome:R-HSA-5358508	reactome	Mismatch Repair	10	23	45	90	178	
reactome:R-HSA-5358747	reactome	CTNNB1 S33 mutants aren't phosphorylated	8	20	38	73	142	
reactome:R-HSA-5368287	reactome	Mitochondrial translation	10	23	46	91	181	
reactome:R-HSA-5368598	reactome	Negative regulation of TCF-dependent signaling by DVL-interacting proteins	8	20	39	76	149	
reactome:R-HSA-5467348	reactome	Truncations of AMER1 destabilize the destruction complex	8	20	38	73	142	
reactome:R-HSA-5545619	reactome	XAV939 stabilizes AXIN	8	20	38	73	142	
reactome:R-HSA-5576891	reactome	Cardiac conduction	6	16	32	61	119	
reactome:R-HSA-5576893	reactome	Phase 2 - plateau phase	6	16	32	61	119	
reactome:R-HSA-5576894	reactome	Phase 1 - inactivation of fast Na+ channels	6	16	32	61	119	
reactome:R-HSA-5578775	reactome	Ion homeostasis	2	4	8	19	35	
reactome:R-HSA-5578995	reactome	Defective TPMT causes TPMT deficiency	4	8	18	38	74	
reactome:R-HSA-5579002	reactome	Defective UGT1A1 causes hyperbilirubinemia	4	8	18	38	76	
reactome:R-HSA-5579005	reactome	Defective CYP4F22 causes ARCI5	3	7	16	35	63	
reactome:R-HSA-5579010	reactome	Defective CYP24A1 causes HCAI	4	8	18	37	72	
reactome:R-HSA-5579017	reactome	Defective CYP11B1 causes AH4	4	8	18	38	75	
reactome:R-HSA-5579021	reactome	Defective CYP21A2 causes AH3	4	8	18	38	75	
reactome:R-HSA-5579027	reactome	Defective CYP27B1 causes VDDR1B	4	8	18	37	72	
reactome:R-HSA-561048	reactome	Organic anion transport by SLC22 transporters	4	9	19	40	79	
reactome:R-HSA-5610783	reactome	Degradation of GLI2 by the proteasome	7	17	34	66	126	
reactome:R-HSA-5619041	reactome	Defective SLC36A2 causes iminoglycinuria (IG) and hyperglycinuria (HG)	4	8	18	38	76	
reactome:R-HSA-5619042	reactome	Defective RHAG causes regulator type Rh-null hemolytic anemia (RHN)	4	8	18	38	73	
reactome:R-HSA-5619050	reactome	Defective SLC4A1 causes hereditary spherocytosis type 4 (HSP4),  distal renal tubular acidosis (dRTA) and dRTA with hemolytic anemia (dRTA-HA)	4	8	18	38	76	
reactome:R-HSA-5619052	reactome	Defective SLC9A9 causes autism 16 (AUTS16)	4	8	18	38	76	
reactome:R-HSA-5619068	reactome	Defective SLC2A10 causes arterial tortuosity syndrome (ATS)	4	8	18	38	76	
reactome:R-HSA-5619077	reactome	Defective SLC24A1 causes congenital stationary night blindness 1D (CSNB1D)	4	8	18	37	72	
reactome:R-HSA-5619095	reactome	Defective SLCO2A1 causes primary, autosomal recessive hypertrophic osteoarthropathy 2 (PHOAR2)	4	8	18	38	76	
reactome:R-HSA-5619098	reactome	Defective SLC2A2 causes Fanconi-Bickel syndrome (FBS)	4	8	18	38	76	
reactome:R-HSA-5619110	reactome	Defective SLCO1B1 causes hyperbilirubinemia, Rotor type (HBLRR)	4	8	18	38	76	
reactome:R-HSA-5619111	reactome	Defective SLC20A2 causes idiopathic basal ganglia calcification 1 (IBGC1)	4	8	18	37	72	
reactome:R-HSA-5620916	reactome	VxPx cargo-targeting to cilium	7	19	37	72	139	
reactome:R-HSA-5626978	reactome	TNFR1-mediated ceramide production	1	2	3	7	10	
reactome:R-HSA-5632928	reactome	Defective Mismatch Repair Associated With MSH2	10	23	45	90	178	
reactome:R-HSA-5652227	reactome	Fructose biosynthesis	4	10	21	43	85	
reactome:R-HSA-5653656	reactome	Vesicle-mediated transport	7	19	36	70	137	
reactome:R-HSA-5654219	reactome	Phospholipase C-mediated cascade: FGFR1	10	22	44	86	171	
reactome:R-HSA-5654716	reactome	Downstream signaling of activated FGFR4	10	22	44	87	174	
reactome:R-HSA-5654736	reactome	Signaling by FGFR1	10	22	44	86	171	
reactome:R-HSA-5656169	reactome	Termination of translesion DNA synthesis	9	21	42	81	158	
reactome:R-HSA-5660883	reactome	Defective amino acid transport by SLC7A9 causes cystinuria (CSNU)	4	8	18	38	76	
reactome:R-HSA-5662853	reactome	Essential pentosuria	4	8	18	38	76	
reactome:R-HSA-5663084	reactome	Diseases of carbohydrate metabolism	4	8	18	38	73	
reactome:R-HSA-5666185	reactome	RHO GTPases Activate Rhotekin and Rhophilins	10	25	48	94	187	
reactome:R-HSA-5668599	reactome	RHO GTPases Activate NADPH Oxidases	10	25	48	94	187	
reactome:R-HSA-5674400	reactome	Constitutive Signaling by AKT1 E17K in Cancer	10	22	44	87	173	
reactome:R-HSA-5675221	reactome	Negative regulation of MAPK pathway	10	22	44	87	173	
reactome:R-HSA-5676590	reactome	NIK-->noncanonical NF-kB signaling	1	2	3	7	10	
reactome:R-HSA-5676934	reactome	Protein repair	10	25	50	96	192	
reactome:R-HSA-5678895	reactome	Defective CFTR causes cystic fibrosis	4	8	18	38	76	
reactome:R-HSA-5683177	reactome	Defective ABCC8 can cause hypo- and hyper-glycemias	4	8	18	38	73	
reactome:R-HSA-5683678	reactome	Defective ABCA3 causes SMDP3	4	8	18	38	76	
reactome:R-HSA-5685939	reactome	HDR through MMEJ (alt-NHEJ)	10	23	45	90	178	
reactome:R-HSA-5689901	reactome	Metalloprotease DUBs	10	25	50	100	199	
reactome:R-HSA-5693579	reactome	Homologous DNA Pairing and Strand Exchange	7	18	35	69	134	
reactome:R-HSA-5696398	reactome	Nucleotide Excision Repair	9	21	41	80	156	
reactome:R-HSA-5696400	reactome	Dual Incision in GG-NER	9	21	41	80	156	
reactome:R-HSA-597592	reactome	Post-translational protein modification	9	21	42	82	163	
reactome:R-HSA-629597	reactome	Highly calcium permeable nicotinic acetylcholine receptors	10	24	47	92	182	
reactome:R-HSA-6783589	reactome	Interleukin-6 family signaling	1	2	3	7	11	
reactome:R-HSA-6787639	reactome	GDP-fucose biosynthesis	4	10	21	43	83	
reactome:R-HSA-6790901	reactome	rRNA modification in the nucleus and cytosol	9	21	42	82	165	
reactome:R-HSA-6798695	reactome	Neutrophil degranulation	1	2	4	8	14	
reactome:R-HSA-6803157	reactome	Antimicrobial peptides	1	2	4	8	13	
reactome:R-HSA-6804114	reactome	TP53 Regulates Transcription of Genes Involved in G2 Cell Cycle Arrest	10	22	43	83	166	
reactome:R-HSA-6804757	reactome	Regulation of TP53 Degradation	10	22	43	83	166	
reactome:R-HSA-6804758	reactome	Regulation of TP53 Activity through Acetylation	10	22	43	83	166	
reactome:R-HSA-6804760	reactome	Regulation of TP53 Activity through Methylation	10	22	43	83	166	
reactome:R-HSA-6805567	reactome	Keratinization	5	11	22	44	87	
reactome:R-HSA-6807004	reactome	Negative regulation of MET activity	10	23	45	90	178	
reactome:R-HSA-6807062	reactome	Zymostenol biosynthesis via lathosterol (Kandutsch-Russell pathway)	3	7	15	33	59	
reactome:R-HSA-6809371	reactome	Formation of the cornified envelope	5	11	22	44	87	
reactome:R-HSA-6811434	reactome	COPI-dependent Golgi-to-ER retrograde traffic	7	19	36	70	137	
reactome:R-HSA-68616	reactome	Assembly of the ORC complex at the origin of replication	9	21	41	79	154	
reactome:R-HSA-68689	reactome	CDC6 association with the ORC:origin complex	9	21	41	79	154	
reactome:R-HSA-68867	reactome	Assembly of the pre-replicative complex	9	21	41	79	154	
reactome:R-HSA-68952	reactome	DNA replication initiation	9	21	41	79	154	
reactome:R-HSA-69166	reactome	Removal of the Flap Intermediate	9	21	41	80	156	
reactome:R-HSA-69190	reactome	DNA strand elongation	9	21	41	79	154	
reactome:R-HSA-69236	reactome	G1 Phase	10	25	48	94	188	
reactome:R-HSA-69239	reactome	Synthesis of DNA	9	21	41	79	154	
reactome:R-HSA-69278	reactome	Cell Cycle, Mitotic	7	18	35	68	131	
reactome:R-HSA-69306	reactome	DNA Replication	9	21	41	79	154	
reactome:R-HSA-69601	reactome	Ubiquitin-Mediated Degradation of Phosphorylated Cdc25A	8	20	38	73	142	
reactome:R-HSA-70171	reactome	Glycolysis	4	10	21	43	85	
reactome:R-HSA-70221	reactome	Glycogen breakdown (glycogenolysis)	4	10	21	43	85	
reactome:R-HSA-70635	reactome	Urea cycle	2	3	7	16	31	
reactome:R-HSA-72187	reactome	mRNA 3'-end processing	9	21	42	82	161	
reactome:R-HSA-72306	reactome	tRNA processing	9	21	42	82	162	
reactome:R-HSA-72312	reactome	rRNA processing	9	21	42	82	162	
reactome:R-HSA-72695	reactome	Formation of the ternary complex, and subsequently, the 43S complex	9	21	42	82	163	
reactome:R-HSA-72706	reactome	GTP hydrolysis and joining of the 60S ribosomal subunit	9	21	42	82	163	
reactome:R-HSA-72766	reactome	Translation	9	21	42	82	163	
reactome:R-HSA-73884	reactome	Base Excision Repair	9	21	41	80	156	
reactome:R-HSA-73886	reactome	Chromosome Maintenance	7	18	35	67	130	
reactome:R-HSA-73894	reactome	DNA Repair	9	21	41	80	156	
reactome:R-HSA-73928	reactome	Depyrimidination	2	3	6	12	21	
reactome:R-HSA-73929	reactome	Base-Excision Repair, AP Site Formation	9	21	41	80	155	
reactome:R-HSA-73980	reactome	RNA Polymerase III Transcription Termination	9	21	42	81	158	
reactome:R-HSA-74182	reactome	Ketone body metabolism	3	7	15	34	61	
reactome:R-HSA-74713	reactome	IRS activation	2	5	11	26	49	
reactome:R-HSA-74749	reactome	Signal attenuation	6	16	32	61	119	
reactome:R-HSA-749476	reactome	RNA Polymerase III Abortive And Retractive Initiation	9	21	42	82	161	
reactome:R-HSA-75064	reactome	mRNA Editing: A to I Conversion	9	21	42	82	162	
reactome:R-HSA-75158	reactome	TRAIL  signaling	10	22	43	84	168	
reactome:R-HSA-75893	reactome	TNF signaling	1	2	3	7	10	
reactome:R-HSA-75944	reactome	Transcription from mitochondrial promoters	10	23	46	91	181	
reactome:R-HSA-75953	reactome	RNA Polymerase II Transcription Initiation	9	21	42	82	159	
reactome:R-HSA-77111	reactome	Synthesis of Ketone Bodies	3	7	15	34	61	
reactome:R-HSA-77588	reactome	SLBP Dependent Processing of Replication-Dependent Histone Pre-mRNAs	9	21	42	82	160	
reactome:R-HSA-880009	reactome	Interconversion of 2-oxoglutarate and 2-hydroxyglutarate	4	10	21	43	84	
reactome:R-HSA-8849932	reactome	Synaptic adhesion-like molecules	7	17	33	64	122	
reactome:R-HSA-8852276	reactome	The role of GTSE1 in G2/M progression after G2 checkpoint	10	25	48	94	188	
reactome:R-HSA-8852405	reactome	Signaling by MST1	1	2	5	11	20	
reactome:R-HSA-8854691	reactome	Interleukin-20 family signaling	1	2	5	11	20	
reactome:R-HSA-8856828	reactome	Clathrin-mediated endocytosis	10	25	50	98	196	
reactome:R-HSA-8866427	reactome	VLDLR internalisation and degradation	3	7	14	31	56	
reactome:R-HSA-8866904	reactome	Negative regulation of activity of TFAP2 (AP-2) family transcription factors	8	20	39	76	149	
reactome:R-HSA-8868766	reactome	rRNA processing in the mitochondrion	10	23	46	91	181	
reactome:R-HSA-8873719	reactome	RAB geranylgeranylation	10	25	50	98	195	
reactome:R-HSA-8875656	reactome	MET receptor recycling	10	23	45	90	178	
reactome:R-HSA-8876384	reactome	Listeria monocytogenes entry into host cells	1	2	5	10	17	
reactome:R-HSA-8876493	reactome	InlA-mediated entry of Listeria monocytogenes into host cells	1	2	5	10	17	
reactome:R-HSA-8876725	reactome	Protein methylation	10	23	45	90	179	
reactome:R-HSA-8877627	reactome	Vitamin E transport	4	9	19	40	79	
reactome:R-HSA-8932505	reactome	DAG1 core M3 glycosylations	4	10	21	43	83	
reactome:R-HSA-8935690	reactome	Digestion	4	9	19	39	77	
reactome:R-HSA-8935964	reactome	RUNX1 regulates expression of components of tight junctions	7	19	37	72	140	
reactome:R-HSA-8939246	reactome	RUNX1 regulates transcription of genes involved in differentiation of myeloid cells	10	22	44	89	176	
reactome:R-HSA-8939902	reactome	Regulation of RUNX2 expression and activity	10	22	44	89	176	
reactome:R-HSA-8941333	reactome	RUNX2 regulates genes involved in differentiation of myeloid cells	10	22	44	89	176	
reactome:R-HSA-8941413	reactome	Events associated with phagocytolytic activity of PMN cells	1	2	4	8	14	
reactome:R-HSA-8941858	reactome	Regulation of RUNX3 expression and activity	10	22	44	89	176	
reactome:R-HSA-8948216	reactome	Collagen chain trimerization	5	12	25	50	94	
reactome:R-HSA-8948747	reactome	Regulation of PTEN localization	10	22	44	87	173	
reactome:R-HSA-8949613	reactome	Cristae formation	10	23	46	91	181	
reactome:R-HSA-8951664	reactome	Neddylation	9	21	42	82	165	
reactome:R-HSA-8952158	reactome	RUNX3 regulates BCL2L11 (BIM) transcription	10	22	43	84	167	
reactome:R-HSA-8956319	reactome	Nucleotide catabolism	2	3	6	12	21	
reactome:R-HSA-8956321	reactome	Nucleotide salvage	2	3	6	12	21	
reactome:R-HSA-8957322	reactome	Metabolism of steroids	2	6	13	29	54	
reactome:R-HSA-8963676	reactome	Intestinal absorption	4	9	19	39	77	
reactome:R-HSA-8963678	reactome	Intestinal lipid absorption	4	9	19	39	77	
reactome:R-HSA-8963888	reactome	Chylomicron assembly	3	7	14	31	56	
reactome:R-HSA-8963889	reactome	Assembly of active LPL and LIPC lipase complexes	3	7	14	32	58	
reactome:R-HSA-8963899	reactome	Plasma lipoprotein remodeling	3	7	14	31	56	
reactome:R-HSA-8963901	reactome	Chylomicron remodeling	3	7	14	31	56	
reactome:R-HSA-8964315	reactome	G beta:gamma signalling through BTK	10	24	47	93	185	
reactome:R-HSA-8964540	reactome	Alanine metabolism	2	3	7	15	30	
reactome:R-HSA-8978868	reactome	Fatty acid metabolism	3	7	16	35	63	
reactome:R-HSA-8980692	reactome	RHOA GTPase cycle	10	25	48	94	187	
reactome:R-HSA-8981373	reactome	Intestinal hexose absorption	4	9	19	39	77	
reactome:R-HSA-9008059	reactome	Interleukin-37 signaling	1	2	3	7	11	
reactome:R-HSA-9012999	reactome	RHO GTPase cycle	10	25	48	94	187	
reactome:R-HSA-9013148	reactome	CDC42 GTPase cycle	10	25	48	94	188	
reactome:R-HSA-9013420	reactome	RHOU GTPase cycle	10	25	48	94	187	
reactome:R-HSA-9013425	reactome	RHOT1 GTPase cycle	10	25	48	94	187	
reactome:R-HSA-9013973	reactome	TICAM1-dependent activation of IRF3/IRF7	1	2	3	6	9	
reactome:R-HSA-9014843	reactome	Interleukin-33 signaling	1	2	3	7	11	
reactome:R-HSA-9017802	reactome	Noncanonical activation of NOTCH3	5	12	26	51	97	
reactome:R-HSA-9018519	reactome	Estrogen-dependent gene expression	2	6	13	28	53	
reactome:R-HSA-9018678	reactome	Biosynthesis of specialized proresolving mediators (SPMs)	3	7	17	36	67	
reactome:R-HSA-9018681	reactome	Biosynthesis of protectins	3	7	17	36	67	
reactome:R-HSA-9024909	reactome	BDNF activates NTRK2 (TRKB) signaling	10	22	44	86	172	
reactome:R-HSA-9025094	reactome	Biosynthesis of DPAn-3 SPMs	3	7	17	36	67	
reactome:R-HSA-9026286	reactome	Biosynthesis of DPAn-3-derived protectins and resolvins	3	7	17	36	67	
reactome:R-HSA-9026290	reactome	Biosynthesis of DPAn-3-derived maresins	3	7	17	36	67	
reactome:R-HSA-9027277	reactome	Erythropoietin activates Phospholipase C gamma (PLCG)	10	24	47	93	185	
reactome:R-HSA-9031525	reactome	NR1H2 & NR1H3 regulate gene expression to limit cholesterol uptake	3	7	15	33	60	
reactome:R-HSA-9031628	reactome	NGF-stimulated transcription	10	22	44	86	172	
reactome:R-HSA-9033241	reactome	Peroxisomal protein import	3	7	14	32	58	
reactome:R-HSA-9033658	reactome	Blood group systems biosynthesis	4	10	21	43	83	
reactome:R-HSA-9035034	reactome	RHOF GTPase cycle	10	25	48	94	187	
reactome:R-HSA-912446	reactome	Meiotic recombination	7	18	35	69	134	
reactome:R-HSA-912694	reactome	Regulation of IFNA/IFNB signaling	1	2	3	5	8	
reactome:R-HSA-916853	reactome	Degradation of GABA	7	17	33	62	120	
reactome:R-HSA-936964	reactome	Activation of IRF3, IRF7 mediated by TBK1, IKKε (IKBKE)	1	2	3	6	9	
reactome:R-HSA-9603798	reactome	Class I peroxisomal membrane protein import	3	7	14	32	58	
reactome:R-HSA-9604323	reactome	Negative regulation of NOTCH4 signaling	5	12	26	51	97	
reactome:R-HSA-9605310	reactome	Defective Base Excision Repair Associated with MUTYH	10	23	45	90	178	
reactome:R-HSA-9613354	reactome	Lipophagy	3	7	14	32	57	
reactome:R-HSA-9613829	reactome	Chaperone Mediated Autophagy	10	25	49	95	190	
reactome:R-HSA-9615017	reactome	FOXO-mediated transcription of oxidative stress, metabolic and neuronal genes	3	7	15	34	61	
reactome:R-HSA-9616222	reactome	Transcriptional regulation of granulopoiesis	10	22	44	89	176	
reactome:R-HSA-9623433	reactome	NR1H2 & NR1H3 regulate gene expression to control bile acid homeostasis	3	7	15	33	60	
reactome:R-HSA-9629232	reactome	Defective Base Excision Repair Associated with NEIL3	4	8	18	37	71	
reactome:R-HSA-9629569	reactome	Protein hydroxylation	2	3	7	16	31	
reactome:R-HSA-9630222	reactome	Defective NTHL1 substrate binding	4	8	18	37	71	
reactome:R-HSA-9632700	reactome	Evasion of Oxidative Stress Induced Senescence Due to Defective p16INK4A binding to CDK4 and CDK6	7	18	35	69	133	
reactome:R-HSA-9636003	reactome	NEIL3-mediated resolution of ICLs	9	21	41	80	156	
reactome:R-HSA-9636383	reactome	Prevention of phagosomal-lysosomal fusion	2	3	7	15	26	
reactome:R-HSA-9636667	reactome	Manipulation of host energy metabolism	2	3	7	15	26	
reactome:R-HSA-9638482	reactome	Metal ion assimilation from the host	2	3	7	17	33	
reactome:R-HSA-9640463	reactome	Wax biosynthesis	3	7	16	35	63	
reactome:R-HSA-9646399	reactome	Aggrephagy	10	25	49	95	190	
reactome:R-HSA-9648025	reactome	EML4 and NUDC in mitotic spindle formation	7	18	35	68	132	
reactome:R-HSA-9648895	reactome	Response of EIF2AK1 (HRI) to heme deficiency	2	5	11	26	49	
reactome:R-HSA-9652169	reactome	Signaling by MAP2K mutants	10	22	44	87	173	
reactome:R-HSA-9659379	reactome	Sensory processing of sound	7	19	37	71	138	
reactome:R-HSA-9663199	reactome	Defective DNA double strand break response due to BRCA1 loss of function	4	8	18	37	71	
reactome:R-HSA-9664323	reactome	FCGR3A-mediated IL10 synthesis	1	2	3	7	11	
reactome:R-HSA-9664424	reactome	Cell recruitment (pro-inflammatory response)	1	2	4	8	14	
reactome:R-HSA-9664565	reactome	Signaling by ERBB2 KD Mutants	10	22	44	88	175	
reactome:R-HSA-9664873	reactome	Pexophagy	3	7	14	32	57	
reactome:R-HSA-9665233	reactome	Resistance of ERBB2 KD mutants to trastuzumab	10	22	44	88	175	
reactome:R-HSA-9669934	reactome	Sunitinib-resistant KIT mutants	10	22	44	85	169	
reactome:R-HSA-9670095	reactome	Inhibition of DNA recombination at telomere	7	18	35	69	135	
reactome:R-HSA-9672387	reactome	Defective F8 accelerates dissociation of the A2 domain	5	12	24	47	90	
reactome:R-HSA-9672395	reactome	Defective F8 binding to the cell membrane	5	12	24	47	90	
reactome:R-HSA-9673218	reactome	Defective F9 secretion	5	12	24	47	90	
reactome:R-HSA-9673766	reactome	Signaling by cytosolic PDGFRA and PDGFRB fusion proteins	10	22	44	87	174	
reactome:R-HSA-9673768	reactome	Signaling by membrane-tethered fusions of PDGFRA or PDGFRB	10	22	44	87	174	
reactome:R-HSA-9674401	reactome	Sunitinib-resistant PDGFR mutants	10	22	44	85	169	
reactome:R-HSA-9679191	reactome	Potential therapeutics for SARS	9	21	40	78	153	
reactome:R-HSA-9679509	reactome	Virion Assembly and Release	9	21	40	78	153	
reactome:R-HSA-9683683	reactome	Maturation of protein E	9	21	40	78	153	
reactome:R-HSA-9694493	reactome	Maturation of protein E	9	21	40	78	153	
reactome:R-HSA-9694516	reactome	SARS-CoV-2 Infection	9	21	40	78	153	
reactome:R-HSA-9696273	reactome	RND1 GTPase cycle	10	25	48	94	187	
reactome:R-HSA-9700649	reactome	Drug resistance of ALK mutants	10	22	44	85	169	
reactome:R-HSA-9702518	reactome	STAT5 activation downstream of FLT3 ITD mutants	10	22	44	89	177	
reactome:R-HSA-9702569	reactome	KW2449-resistant FLT3 mutants	10	22	44	85	169	
reactome:R-HSA-9702590	reactome	gilteritinib-resistant FLT3 mutants	10	22	44	85	169	
reactome:R-HSA-9702624	reactome	sorafenib-resistant FLT3 mutants	10	22	44	85	169	
reactome:R-HSA-9702632	reactome	sunitinib-resistant FLT3 mutants	10	22	44	85	169	
reactome:R-HSA-9704331	reactome	Defective HDR through Homologous Recombination Repair (HRR) due to PALB2 loss of BRCA1 binding function	4	8	18	37	71	
reactome:R-HSA-9706019	reactome	RHOBTB3 ATPase cycle	10	25	48	94	187	
reactome:R-HSA-9706574	reactome	RHOBTB GTPase Cycle	10	25	48	94	187	
reactome:R-HSA-9709570	reactome	Impaired BRCA2 binding to RAD51	4	8	18	37	71	
reactome:R-HSA-9709957	reactome	Sensory Perception	2	5	10	22	42	
reactome:R-HSA-9711097	reactome	Cellular response to starvation	2	3	7	15	26	
reactome:R-HSA-9711123	reactome	Cellular response to chemical stress	2	4	9	21	40	
reactome:R-HSA-9717189	reactome	Sensory perception of taste	2	5	10	22	41	
reactome:R-HSA-9727281	reactome	Translation of Accessory Proteins	9	21	40	78	153	
reactome:R-HSA-9729555	reactome	Sensory perception of sour taste	2	5	10	22	41	
reactome:R-HSA-9730414	reactome	MITF-M-regulated melanocyte development	10	23	45	90	178	
reactome:R-HSA-9733458	reactome	Induction of Cell-Cell Fusion	9	21	40	77	152	
reactome:R-HSA-9734195	reactome	Defective APRT disrupts adenine salvage	4	8	18	38	75	
reactome:R-HSA-9735804	reactome	Diseases of nucleotide metabolism	2	3	6	12	21	
reactome:R-HSA-9748784	reactome	Drug ADME	2	3	7	15	25	
reactome:R-HSA-9755088	reactome	Ribavirin ADME	9	21	40	78	153	
reactome:R-HSA-975576	reactome	N-glycan antennae elongation in the medial/trans-Golgi	10	22	44	87	174	
reactome:R-HSA-9758919	reactome	Epithelial-Mesenchymal Transition (EMT) during gastrulation	5	14	29	57	110	
reactome:R-HSA-9758941	reactome	Gastrulation	5	14	29	57	110	
reactome:R-HSA-9759476	reactome	Regulation of Homotypic Cell-Cell Adhesion	5	11	23	46	89	
reactome:R-HSA-9762293	reactome	Regulation of CDH11 gene transcription	10	22	44	89	176	
reactome:R-HSA-9764260	reactome	Regulation of Expression and Function of Type II Classical Cadherins	7	19	37	72	140	
reactome:R-HSA-9764265	reactome	Regulation of CDH1 Expression and Function	5	12	25	50	96	
reactome:R-HSA-9764562	reactome	Regulation of CDH1 mRNA translation by microRNAs	5	12	25	50	96	
reactome:R-HSA-9766229	reactome	Degradation of CDH1	5	12	25	50	96	
reactome:R-HSA-9768759	reactome	Regulation of NPAS4 gene expression	7	17	34	65	124	
reactome:R-HSA-9769726	reactome	Defects of Coagulation cascade	5	12	24	47	90	
reactome:R-HSA-9769735	reactome	Initiation of coagulation cascade	5	12	24	48	92	
reactome:R-HSA-9769743	reactome	Amplification and propagation of coagulation cascade	5	12	24	48	92	
reactome:R-HSA-977347	reactome	Serine metabolism	2	3	7	15	29	
reactome:R-HSA-977606	reactome	Regulation of Complement cascade	1	2	5	11	18	
reactome:R-HSA-9793528	reactome	Ciprofloxacin ADME	2	3	7	15	25	
reactome:R-HSA-9796292	reactome	Formation of axial mesoderm	5	14	29	57	111	
reactome:R-HSA-9820962	reactome	Assembly and release of respiratory syncytial virus (RSV) virions	9	21	40	78	153	
reactome:R-HSA-9820965	reactome	Respiratory syncytial virus (RSV) genome replication, transcription and translation	9	21	40	78	153	
reactome:R-HSA-9824272	reactome	Somitogenesis	5	14	29	57	111	
reactome:R-HSA-9825895	reactome	Regulation of MITF-M-dependent genes involved in DNA replication, damage repair and senescence	10	23	45	90	178	
reactome:R-HSA-9831926	reactome	Nephron development	5	13	27	53	100	
reactome:R-HSA-9832991	reactome	Formation of the posterior neural plate	7	17	34	66	127	
reactome:R-HSA-9839373	reactome	Signaling by TGFBR3	10	22	44	88	175	
reactome:R-HSA-9839394	reactome	TGFBR3 expression	10	22	44	88	175	
reactome:R-HSA-9842663	reactome	Signaling by LTK	10	22	44	87	174	
reactome:R-HSA-9843745	reactome	Adipogenesis	3	7	15	34	62	
reactome:R-HSA-9845619	reactome	Enhanced cleavage of VWF variant by ADAMTS13	5	12	24	47	90	
reactome:R-HSA-9854909	reactome	Regulation of MITF-M dependent genes involved in invasion	10	23	45	90	178	
reactome:R-HSA-9855142	reactome	Cellular responses to mechanical stimuli	2	4	9	20	38	
reactome:R-HSA-9855719	reactome	Regulation of FXIIa and plasma kallikrein activity	5	12	24	47	90	
reactome:R-HSA-9856872	reactome	Malate-aspartate shuttle	10	23	46	91	181	
reactome:R-HSA-9857492	reactome	Protein lipoylation	3	7	14	32	58	
reactome:R-HSA-9860276	reactome	SLC15A4:TASL-dependent IRF5 activation	1	2	3	6	9	
reactome:R-HSA-9860931	reactome	Response of endothelial cells to shear stress	2	4	9	20	38	
reactome:R-HSA-9865113	reactome	Loss-of-function mutations in DBT cause MSUD2	4	8	18	38	74	
reactome:R-HSA-9865114	reactome	Maple Syrup Urine Disease	4	8	18	38	74	
reactome:R-HSA-9907570	reactome	Loss-of-function mutations in DLD cause MSUD3/DLDD	4	8	18	38	74	
reactome:R-HSA-9907900	reactome	Proteasome assembly	10	25	49	95	190	
reactome:R-HSA-9909396	reactome	Circadian clock	2	5	11	23	43	
reactome:R-HSA-9909438	reactome	3-Methylcrotonyl-CoA carboxylase deficiency	4	8	18	38	74	
reactome:R-HSA-9918443	reactome	Defective visual phototransduction due to OPN1SW loss of function	2	6	12	27	52	
reactome:R-HSA-9918449	reactome	Defective visual phototransduction due to STRA6 loss of function	2	6	12	27	52	
reactome:R-HSA-9918481	reactome	Dengue Virus-Host Interactions	9	21	40	77	152	
reactome:R-HSA-9929491	reactome	SPOP-mediated proteasomal degradation of PD-L1(CD274)	10	22	44	87	174	
reactome:R-HSA-9931295	reactome	PD-L1(CD274) glycosylation and translocation to plasma membrane	10	22	44	87	174	
reactome:R-HSA-9931509	reactome	Expression of BMAL (ARNTL), CLOCK, and NPAS2	2	5	11	23	43	
reactome:R-HSA-9931529	reactome	Phosphorylation and nuclear translocation of BMAL1 (ARNTL) and CLOCK	2	5	11	23	43	
reactome:R-HSA-9931929	reactome	Defective GALM causes GALAC4	4	10	21	43	85	
reactome:R-HSA-9937850	reactome	NuRD complex assembly	9	21	42	82	165	
reactome:R-HSA-9938027	reactome	Affinity selection of immunoglobulins	1	1	2	4	5	
reactome:R-HSA-9944997	reactome	Loss of Function of KMT2D in MLL4 Complex Formation in Kabuki Syndrome	4	8	18	38	74	
reactome:R-HSA-9953078	reactome	MPS II - Hunter syndrome (CS/DS degradation)	4	10	21	42	81	
reactome:R-HSA-9953080	reactome	MPS VII - Sly syndrome (CS/DS degradation)	4	10	21	42	81	
reactome:R-HSA-9956514	reactome	ARG1 variants cause hyperargininemia	4	8	18	38	75	
reactome:R-HSA-9958517	reactome	SLC-mediated bile acid transport	3	7	15	33	60	
reactome:R-HSA-9975924	reactome	Assembly of the 9+2 motile cilia	7	19	37	72	139	
