node	size	support	parents	children	n_genes	label	provisional
n00000	71	1.0000	n01390 n02003	n01075 n02324 n02387	184		true
n00001	41	1.0000	n00409	n00954 n01026	135		true
n00002	33	1.0000	n02002 n02124	n01447 n01658	131		true
n00003	20	1.0000	n01445 n02382	n00011 n01694	42		true
n00004	19	1.0000	n00932 n02321	n00627 n01860	336		true
n00005	18	1.0000	n00862 n01595	n00135 n00661	29		true
n00006	18	1.0000	n02269	n00218 n00974 n01479	99		true
n00007	19	1.0000	n01272	n00354 n01281 n02014	328		true
n00008	15	1.0000	n00862	n00629	1		true
n00009	14	1.0000	n01126	n00561 n00642	124		true
n00010	15	1.0000	n02010	n00844 n01494	142		true
n00011	13	1.0000	n00003	n00223 n00291	9		true
n00012	13	1.0000	n01622 n02321	n00166 n01081	134		true
n00013	12	1.0000	n00801	n00144 n01611 n02316	123		true
n00014	12	1.0000	n01288 n02008	n00160 n00269	71		true
n00015	12	1.0000	n01226 n01373	n00430 n00520	26		true
n00016	12	1.0000	n02002	n00665 n00923 n01324	79		true
n00017	12	1.0000	n02045	n00156 n01989 n02354	115		true
n00018	11	1.0000	n00283	n00067 n00502	11		true
n00019	11	1.0000	n01290	n00045	14		true
n00020	11	1.0000	n00626 n01973	n00048	52		true
n00021	11	1.0000	n01101	n00046	78		true
n00022	11	1.0000	n00348 n02057	n00746 n01120	93		true
n00023	13	1.0000	n01777	n01092 n01296	234		true
n00024	11	1.0000	n00356 n01523	n00151	27		true
n00025	11	1.0000	n01040 n01077 n02140	n00059	96		true
n00026	11	1.0000	n01728 n01930	n01085 n02043	73		true
n00027	11	1.0000	n01727	n00302 n01214	73		true
n00028	11	1.0000	n00130	n01589	138		true
n00029	10	1.0000	n01057 n01421	n00071	47		true
n00030	10	1.0000	n01451	n00086	65		true
n00031	10	1.0000	n00460	n00379 n00639	17		true
n00032	10	1.0000	n02322	n00096	38		true
n00033	10	1.0000	n00936	n00235 n01142	53		true
n00034	9	1.0000	n00629	n00082	1		true
n00035	9	1.0000	n00136	n00083	9		true
n00036	9	1.0000	n01012 n01630 n01978	n01089	88		true
n00037	9	1.0000	n01390 n02003	n01444	45		true
n00038	9	1.0000	n00767 n01817	n00170	26		true
n00039	9	1.0000	n00285	n00493	21		true
n00040	10	1.0000	n01667	n01476	153		true
n00041	9	1.0000	n01276 n02226		90		true
n00042	9	1.0000	n00937	n00088	80		true
n00043	9	1.0000	n02012	n00986	77		true
n00044	8	1.0000	n00135 n00661	n00790	1		true
n00045	8	1.0000	n00019	n00730	8		true
n00046	8	1.0000	n00021	n00714 n00870	53		true
n00047	8	1.0000	n02002 n02003	n00406 n00407	10		true
n00048	8	1.0000	n00020	n00279	44		true
n00049	8	1.0000	n01457 n01578	n00490	26		true
n00050	8	1.0000	n01179	n00310	177		true
n00051	8	1.0000	n00287	n00275	30		true
n00052	8	1.0000	n00879	n00656	111		true
n00053	9	1.0000	n01231 n01390 n02003	n01389	58		true
n00054	9	1.0000	n01937	n00618	20		true
n00055	8	1.0000	n00960	n00791	31		true
n00056	8	1.0000	n02060	n00345	22		true
n00057	9	1.0000	n01424	n01960	63		true
n00058	8	1.0000	n00942 n01697	n00277	64		true
n00059	8	1.0000	n00025	n01537 n01720	88		true
n00060	9	1.0000	n01346 n01550	n01719	250		true
n00061	8	1.0000	n01156 n01552		329		true
n00062	8	1.0000	n00139 n01158	n00497	222		true
n00063	8	1.0000	n02240 n02297	n00499	147		true
n00064	7	1.0000	n02003 n02321	n00212	40		true
n00065	7	1.0000	n02386		1		true
n00066	7	1.0000	n00137 n01402	n00259	5		true
n00067	7	1.0000	n00018		4		true
n00068	7	1.0000	n00593		25		true
n00069	7	1.0000	n01376		52		true
n00070	8	1.0000	n01178 n01525	n01809	11		true
n00071	7	1.0000	n00029		45		true
n00072	7	1.0000	n00632		72		true
n00073	7	1.0000	n00219		64		true
n00074	7	1.0000	n01728 n02246		32		true
n00075	7	1.0000	n02131		21		true
n00076	7	1.0000	n01348		253		true
n00077	7	1.0000	n01461 n01622 n01779	n00403	69		true
n00078	7	1.0000	n00704	n00338	27		true
n00079	7	1.0000	n00994 n01182	n00456	23		true
n00080	7	1.0000	n02062	n00340	25		true
n00081	7	1.0000	n01351		132		true
n00082	6	1.0000	n00034	n00116	1		true
n00083	6	1.0000	n00035	n00119	6		true
n00084	6	1.0000	n01943		24		true
n00085	6	1.0000	n01102 n01297		78		true
n00086	6	1.0000	n00030		58		true
n00087	6	1.0000	n01226		7		true
n00088	6	1.0000	n00042	n00121	58		true
n00089	6	1.0000	n01390 n02003	n00458	37		true
n00090	6	1.0000	n01296		200		true
n00091	6	1.0000	n01407		47		true
n00092	6	1.0000	n01298 n01813		122		true
n00093	6	1.0000	n00864 n01731		28		true
n00094	6	1.0000	n00667	n00125 n00126	20		true
n00095	6	1.0000	n00419		34		true
n00096	6	1.0000	n00032 n01464		7		true
n00097	5	1.0000	n01622 n02321		31		true
n00098	5	1.0000	n01589		15		true
n00099	5	1.0000	n00508		75		true
n00100	5	1.0000	n02402		7		true
n00101	5	1.0000	n01556		72		true
n00102	5	1.0000	n01120		59		true
n00103	5	1.0000	n00229 n02069		26		true
n00104	5	1.0000	n00146 n00882		36		true
n00105	5	1.0000	n01992 n02360		54		true
n00106	5	1.0000	n01390 n02003		22		true
n00107	5	1.0000	n00866 n01735 n01887		14		true
n00108	5	1.0000	n01466 n02122		74		true
n00109	5	1.0000	n00154 n02253		230		true
n00110	4	1.0000	n00462 n02293		3		true
n00111	4	1.0000	n00293		6		true
n00112	4	1.0000	n00562 n01557		7		true
n00113	4	1.0000	n01411 n02060		31		true
n00114	4	1.0000	n01214		36		true
n00115	4	1.0000	n00425 n01386		17		true
n00116	3	1.0000	n00082		1		true
n00117	3	1.0000	n00676		34		true
n00118	3	1.0000	n00170		4		true
n00119	3	1.0000	n00083		3		true
n00120	3	1.0000	n00427 n01986 n02204		64		true
n00121	3	1.0000	n00088		30		true
n00122	3	1.0000	n00238		123		true
n00123	3	1.0000	n00173		25		true
n00124	3	1.0000	n00867		13		true
n00125	3	1.0000	n00094		8		true
n00126	3	1.0000	n00094		19		true
n00127	3	1.0000	n00179		17		true
n00128	3	1.0000	n00432		24		true
n00129	3	1.0000	n00235 n01142		39		true
n00130	31	0.9900	n01623 n02321	n00028 n02132	398		true
n00131	23	0.9900	n02321	n00955 n00993	318		true
n00132	22	0.9900	n02002	n01627 n01846	292		true
n00133	16	0.9900	n00769	n00840 n00941 n01405	249		true
n00134	15	0.9900	n00349	n00698 n00776	95		true
n00135	14	0.9900	n00005	n00044 n00451	21		true
n00136	13	0.9900	n01450	n00035	13		true
n00137	12	0.9900	n01199	n00066	13		true
n00138	12	0.9900	n01622 n02321	n02122	148		true
n00139	12	0.9900	n00354 n02014	n00062	288		true
n00140	12	0.9900	n02002 n02003	n00556 n00638	122		true
n00141	12	0.9900	n01317 n01891	n02369 n02402	41		true
n00142	10	0.9900	n01599	n00603 n01285	121		true
n00143	10	0.9900	n01850	n01511 n02424	85		true
n00144	9	0.9900	n00013	n00251	117		true
n00145	9	0.9900	n01229 n01422 n02003	n02001	69		true
n00146	9	0.9900	n00912	n00104	180		true
n00147	8	0.9900	n02098	n00550 n00795	46		true
n00148	8	0.9900	n01103 n01551 n02193		86		true
n00149	8	0.9900	n00959 n01726 n01961	n00830	77		true
n00150	9	0.9900	n00220	n00711	67		true
n00151	8	0.9900	n00024 n01294	n00256	14		true
n00152	8	0.9900	n01516	n00195	190		true
n00153	8	0.9900	n01941	n00257	150		true
n00154	8	0.9900	n01460 n01493	n00109	263		true
n00155	7	0.9900	n02052 n02283		109		true
n00156	7	0.9900	n00017		61		true
n00157	7	0.9900	n00697 n02148	n00276	81		true
n00158	7	0.9900	n00768		114		true
n00159	7	0.9900	n01390 n01723 n02003	n00479	22		true
n00160	7	0.9900	n00014		61		true
n00161	7	0.9900	n02024		23		true
n00162	7	0.9900	n01059 n01982	n00734	42		true
n00163	7	0.9900	n00805	n00657	80		true
n00164	7	0.9900	n00976	n00272	148		true
n00165	7	0.9900	n01105 n01781 n01885		73		true
n00166	7	0.9900	n00012	n00831	106		true
n00167	6	0.9900	n01203 n01490		14		true
n00168	6	0.9900	n00225		43		true
n00169	6	0.9900	n00561	n00654	44		true
n00170	6	0.9900	n00038	n00118	8		true
n00171	6	0.9900	n01279 n01988		36		true
n00172	6	0.9900	n00409 n00740		27		true
n00173	6	0.9900	n00738 n02244	n00123	45		true
n00174	6	0.9900	n01020 n02229		34		true
n00175	6	0.9900	n01208 n02305		60		true
n00176	6	0.9900	n00461		74		true
n00177	6	0.9900	n01232		226		true
n00178	6	0.9900	n01355		913		true
n00179	6	0.9900	n01928	n00127	43		true
n00180	6	0.9900	n01082	n00273	59		true
n00181	6	0.9900	n01161		40		true
n00182	5	0.9900	n01573 n01778		6		true
n00183	5	0.9900	n00595 n02186		8		true
n00184	5	0.9900	n00223 n00291 n02348		3		true
n00185	5	0.9900	n00422 n01235		17		true
n00186	5	0.9900	n01047 n02028		112		true
n00187	5	0.9900	n00361 n01354 n01673		29		true
n00188	5	0.9900	n00635 n01644		49		true
n00189	5	0.9900	n01612 n01939		34		true
n00190	5	0.9900	n01080		17		true
n00191	5	0.9900	n01024		41		true
n00192	5	0.9900	n01102		33		true
n00193	5	0.9900	n00637		47		true
n00194	5	0.9900	n00738 n01132		31		true
n00195	5	0.9900	n00152		57		true
n00196	5	0.9900	n00288 n01586		22		true
n00197	5	0.9900	n00598		50		true
n00198	4	0.9900	n01357 n01889		100		true
n00199	4	0.9900	n01213		62		true
n00200	4	0.9900	n01476		75		true
n00201	4	0.9900	n01064 n02034		34		true
n00202	3	0.9900	n00568		102		true
n00203	7	0.9899	n01521		24		true
n00204	6	0.9899	n02002		27		true
n00205	5	0.9899	n00231		96		true
n00206	4	0.9899	n00564 n01236		13		true
n00207	4	0.9899	n01049 n01707		15		true
n00208	5	0.9898	n01797 n02188		82		true
n00209	3	0.9898	n01960		19		true
n00210	3	0.9895	n00368		48		true
n00211	3	0.9881	n00665 n01324		12		true
n00212	4	0.9878	n00064		25		true
n00213	3	0.9804	n00241		17		true
n00214	33	0.9800	n00954	n01393 n02162 n02242	115		true
n00215	28	0.9800	n01482 n01622 n02321	n01927 n01941	349		true
n00216	20	0.9800	n02132	n01201 n01935	386		true
n00217	16	0.9800	n01176	n00915 n01983	687		true
n00218	14	0.9800	n00006	n00805 n01502 n02267	91		true
n00219	13	0.9800	n00938 n01726	n00073 n00622	217		true
n00220	12	0.9800	n00936	n00150 n02064	76		true
n00221	12	0.9800	n02335	n00980 n01232	230		true
n00222	11	0.9800	n01253 n01487 n01518	n00617	137		true
n00223	10	0.9800	n00011 n01694	n00184	6		true
n00224	10	0.9800	n00957 n01205	n01034 n01221	143		true
n00225	9	0.9800	n02002 n02124	n00168	55		true
n00226	9	0.9800	n02002	n00619 n02084	92		true
n00227	9	0.9800	n01206 n02337	n01713	176		true
n00228	8	0.9800	n02273 n02293	n00311	84		true
n00229	8	0.9800	n01397 n01631	n00103 n00728	44		true
n00230	8	0.9800	n00842 n01417 n02230	n00455 n00685	58		true
n00231	8	0.9800	n01347 n01401	n00205	117		true
n00232	7	0.9800	n01678 n01681 n01783 n02301	n00322	141		true
n00233	7	0.9800	n01981 n02065	n00585	63		true
n00234	7	0.9800	n02002	n00267	68		true
n00235	7	0.9800	n00033	n00129	47		true
n00236	6	0.9800	n01467 n02002		55		true
n00237	6	0.9800	n01701 n02199 n02321		77		true
n00238	6	0.9800	n01295 n02012	n00122	153		true
n00239	6	0.9800	n01496	n00723	367		true
n00240	6	0.9800	n00915 n01983 n02358	n00484	226		true
n00241	6	0.9800	n01064	n00213	24		true
n00242	6	0.9800	n02002		67		true
n00243	6	0.9800	n00840 n02202	n00501	97		true
n00244	6	0.9800	n00512		48		true
n00245	6	0.9800	n00592 n02352		30		true
n00246	6	0.9800	n00919	n00683	57		true
n00247	6	0.9800	n01057 n01164		140		true
n00248	6	0.9800	n02251 n02411		68		true
n00249	6	0.9800	n00844 n01494	n00732	81		true
n00250	5	0.9800	n00658 n01501		8		true
n00251	5	0.9800	n00144 n01611		105		true
n00252	5	0.9800	n01050		112		true
n00253	5	0.9800	n01162 n02158		35		true
n00254	5	0.9800	n00563 n02397		26		true
n00255	5	0.9800	n01614 n02123		99		true
n00256	5	0.9800	n00151		8		true
n00257	5	0.9800	n00153		110		true
n00258	5	0.9800	n01187 n02195		16		true
n00259	4	0.9800	n00066		5		true
n00260	4	0.9800	n00932 n01575		25		true
n00261	4	0.9800	n00946 n01638		13		true
n00262	4	0.9800	n00932 n01025 n01884		48		true
n00263	4	0.9800	n00778 n01262		77		true
n00264	4	0.9800	n00671 n01754 n02157		34		true
n00265	5	0.9798	n00463 n02172		41		true
n00266	4	0.9798	n01708		20		true
n00267	4	0.9796	n00234		28		true
n00268	3	0.9796	n00978		18		true
n00269	5	0.9794	n00014		11		true
n00270	4	0.9794	n01433		93		true
n00271	3	0.9794	n00981 n01359		29		true
n00272	3	0.9794	n00164 n01388		123		true
n00273	3	0.9794	n00180		39		true
n00274	4	0.9792	n00513 n01136		20		true
n00275	5	0.9789	n00051		23		true
n00276	4	0.9787	n00157		64		true
n00277	4	0.9787	n00058		35		true
n00278	5	0.9783	n00295		2		true
n00279	3	0.9753	n00048		22		true
n00280	3	0.9750	n00300		18		true
n00281	28	0.9700	n02087	n00836 n01164 n01224	192		true
n00282	23	0.9700	n02321	n00596 n01340	243		true
n00283	16	0.9700	n01841	n00018 n00374	31		true
n00284	14	0.9700	n00660	n00422 n01606	110		true
n00285	13	0.9700	n01175	n00039	35		true
n00286	13	0.9700	n01390 n01449	n00421 n01017	188		true
n00287	12	0.9700	n01390 n02003	n00051 n00761	44		true
n00288	11	0.9700	n00973	n00196	65		true
n00289	11	0.9700	n01046	n00425 n01386	219		true
n00290	11	0.9700	n01737	n01238 n01332	79		true
n00291	9	0.9700	n00011	n00184	5		true
n00292	10	0.9700	n01821 n02290	n02042	165		true
n00293	9	0.9700	n01207	n00111 n00588	16		true
n00294	9	0.9700	n00700 n01579	n00579	130		true
n00295	8	0.9700	n01316	n00278	9		true
n00296	8	0.9700	n02002	n00438	53		true
n00297	9	0.9700	n02142 n02194	n01806	31		true
n00298	9	0.9700	n02326	n00819	52		true
n00299	7	0.9700	n00559		232		true
n00300	7	0.9700	n01632 n02190	n00280	62		true
n00301	7	0.9700	n00736		32		true
n00302	7	0.9700	n00027		51		true
n00303	6	0.9700	n01855		49		true
n00304	6	0.9700	n00893		39		true
n00305	6	0.9700	n01680 n02100		76		true
n00306	6	0.9700	n01635	n00653	20		true
n00307	6	0.9700	n01572		43		true
n00308	6	0.9700	n01300	n00826	59		true
n00309	5	0.9700	n01130 n01210		40		true
n00310	5	0.9700	n00050		138		true
n00311	5	0.9700	n00228		40		true
n00312	5	0.9700	n00617		103		true
n00313	5	0.9700	n01547		28		true
n00314	5	0.9700	n01237 n01582 n02359		149		true
n00315	5	0.9700	n01360 n02159		68		true
n00316	5	0.9700	n01632 n01796		76		true
n00317	5	0.9700	n00941 n01405 n02244		171		true
n00318	4	0.9700	n01022 n02201		57		true
n00319	4	0.9700	n01563 n02161		55		true
n00320	4	0.9700	n01487 n01553		21		true
n00321	4	0.9700	n00362 n01529		132		true
n00322	4	0.9700	n00232 n01055		132		true
n00323	4	0.9700	n00897 n01397		21		true
n00324	4	0.9700	n01434		25		true
n00325	4	0.9700	n01085 n01538		27		true
n00326	4	0.9700	n00924		40		true
n00327	4	0.9700	n02061 n02141		30		true
n00328	4	0.9700	n01685 n02261		119		true
n00329	4	0.9700	n01951		25		true
n00330	4	0.9700	n00566		53		true
n00331	3	0.9700	n00928		13		true
n00332	3	0.9700	n00465 n02096		11		true
n00333	3	0.9700	n01833 n02080		8		true
n00334	3	0.9700	n01426		28		true
n00335	5	0.9697	n01748 n02147		22		true
n00336	4	0.9697	n01497		96		true
n00337	4	0.9697	n00925 n02309		189		true
n00338	4	0.9697	n00078		10		true
n00339	4	0.9697	n00979		24		true
n00340	3	0.9697	n00080		10		true
n00341	3	0.9697	n00814		60		true
n00342	3	0.9694	n01115 n02159		12		true
n00343	3	0.9694	n00605 n01143		111		true
n00344	3	0.9688	n01241		18		true
n00345	5	0.9681	n00056		16		true
n00346	162	0.9600	n01390 n02003	n01445 n02004 n02086 n02341 n02382	761		true
n00347	22	0.9600	n00768	n00626 n00956	115		true
n00348	23	0.9600	n01655	n00022 n00912	267		true
n00349	18	0.9600	n01540 n01572	n00134 n01664 n02233	239		true
n00350	19	0.9600	n01770	n00505 n00800 n02340	78		true
n00351	16	0.9600	n01339	n00881 n01204	285		true
n00352	16	0.9600	n01927	n00898 n01060	84		true
n00353	17	0.9600	n00990	n00364 n02059	55		true
n00354	15	0.9600	n00007	n00139 n01158	310		true
n00355	14	0.9600	n02002 n02003	n00812 n01279	85		true
n00356	14	0.9600	n01395	n00024 n01294	34		true
n00357	9	0.9600	n02005	n00475	28		true
n00358	10	0.9600	n00628	n00781	167		true
n00359	9	0.9600	n00992 n01277	n00500 n00583	175		true
n00360	8	0.9600	n00414		23		true
n00361	8	0.9600	n00802 n00804	n00187	58		true
n00362	8	0.9600	n00663	n00321	169		true
n00363	7	0.9600	n01694		41		true
n00364	7	0.9600	n00353		32		true
n00365	7	0.9600	n01826		28		true
n00366	7	0.9600	n01320 n01861	n00692	41		true
n00367	7	0.9600	n01370	n00498	31		true
n00368	6	0.9600	n01945	n00210	57		true
n00369	6	0.9600	n00995 n01610	n00762	88		true
n00370	6	0.9600	n01251		93		true
n00371	6	0.9600	n00916 n02200	n00754	74		true
n00372	6	0.9600	n01378 n01656	n00401	53		true
n00373	5	0.9600	n00661		28		true
n00374	5	0.9600	n00283		30		true
n00375	5	0.9600	n00638		98		true
n00376	5	0.9600	n00940 n01675		26		true
n00377	5	0.9600	n01023		27		true
n00378	5	0.9600	n00808 n01584		125		true
n00379	5	0.9600	n00031		16		true
n00380	5	0.9600	n01212		53		true
n00381	4	0.9600	n00780 n02119		219		true
n00382	4	0.9600	n01590		53		true
n00383	4	0.9600	n00899 n01872		56		true
n00384	4	0.9600	n02001		35		true
n00385	4	0.9600	n01825 n02321		29		true
n00386	4	0.9600	n01278 n01497		68		true
n00387	4	0.9600	n01030		14		true
n00388	4	0.9600	n01014		20		true
n00389	4	0.9600	n01112		172		true
n00390	4	0.9600	n01428 n01940		33		true
n00391	4	0.9600	n01253		62		true
n00392	3	0.9600	n00420 n01086		43		true
n00393	3	0.9600	n01036 n01800		40		true
n00394	3	0.9600	n02215 n02387		19		true
n00395	6	0.9596	n00956		37		true
n00396	4	0.9596	n02002		67		true
n00397	3	0.9596	n01129 n01564		11		true
n00398	3	0.9596	n00569		32		true
n00399	3	0.9596	n00419		37		true
n00400	3	0.9596	n01806		15		true
n00401	3	0.9592	n00372		21		true
n00402	3	0.9592	n00997 n01002		39		true
n00403	3	0.9592	n00077		12		true
n00404	3	0.9588	n01719		212		true
n00405	5	0.9579	n00944 n01936		43		true
n00406	4	0.9545	n00047		8		true
n00407	3	0.9506	n00047		9		true
n00408	63	0.9500	n01390 n02003	n01538 n02046	204		true
n00409	48	0.9500	n02044	n00001 n00172	149		true
n00410	29	0.9500	n01962	n00933 n01344	40		true
n00411	23	0.9500	n01595	n00893 n02386	69		true
n00412	18	0.9500	n01339	n00839 n01103 n01503	220		true
n00413	15	0.9500	n01097	n00417 n01944 n02404	160		true
n00414	13	0.9500	n02179	n00360 n00996	50		true
n00415	12	0.9500	n00890 n01893	n01133 n01556	103		true
n00416	11	0.9500	n01200 n01251	n01050	177		true
n00417	12	0.9500	n00413	n01025 n01302	158		true
n00418	9	0.9500	n01014 n01731	n00567	30		true
n00419	10	0.9500	n02344	n00095 n00399	85		true
n00420	8	0.9500	n01824	n00392	214		true
n00421	8	0.9500	n00286	n00609	122		true
n00422	8	0.9500	n00284	n00185	40		true
n00423	9	0.9500	n02127	n02215	69		true
n00424	8	0.9500	n00736 n01292	n01920	33		true
n00425	8	0.9500	n00289	n00115	211		true
n00426	7	0.9500	n02321		20		true
n00427	7	0.9500	n02002	n00120	201		true
n00428	7	0.9500	n00590		93		true
n00429	7	0.9500	n01079		49		true
n00430	6	0.9500	n00015 n02355		22		true
n00431	6	0.9500	n00845		145		true
n00432	6	0.9500	n00509 n02105	n00128	86		true
n00433	5	0.9500	n00807		63		true
n00434	5	0.9500	n01792 n02032		53		true
n00435	5	0.9500	n00848 n02155		39		true
n00436	5	0.9500	n01358 n01776 n02112		37		true
n00437	5	0.9500	n01327 n01624		36		true
n00438	5	0.9500	n00296		40		true
n00439	4	0.9500	n01783		33		true
n00440	4	0.9500	n01063		20		true
n00441	4	0.9500	n00706 n02298		24		true
n00442	4	0.9500	n01993		41		true
n00443	4	0.9500	n01410 n02016		27		true
n00444	3	0.9500	n01999 n02002 n02375		80		true
n00445	3	0.9500	n00884 n00921		13		true
n00446	3	0.9500	n00839 n01103 n01503 n02002		129		true
n00447	3	0.9500	n01284 n01844		22		true
n00448	3	0.9500	n00748		29		true
n00449	3	0.9500	n01192		40		true
n00450	6	0.9495	n00630		129		true
n00451	5	0.9495	n00135		1		true
n00452	3	0.9495	n01194		94		true
n00453	5	0.9490	n00626		49		true
n00454	4	0.9479	n00705 n02413		38		true
n00455	4	0.9479	n00230 n02211		44		true
n00456	4	0.9467	n00079		22		true
n00457	4	0.9451	n01444		3		true
n00458	3	0.9420	n00089		23		true
n00459	29	0.9400	n01248	n01098 n02061	107		true
n00460	14	0.9400	n00625	n00031 n01054	28		true
n00461	9	0.9400	n02150	n00176	88		true
n00462	8	0.9400	n02143	n00110	5		true
n00463	8	0.9400	n01104 n01392	n00265	41		true
n00464	7	0.9400	n01549		30		true
n00465	7	0.9400	n01679	n00332	32		true
n00466	7	0.9400	n01791		117		true
n00467	6	0.9400	n01063 n01902		31		true
n00468	6	0.9400	n01163 n01705		39		true
n00469	6	0.9400	n00883		89		true
n00470	5	0.9400	n02122		120		true
n00471	5	0.9400	n01021		163		true
n00472	5	0.9400	n01990 n02198		45		true
n00473	5	0.9400	n01454 n02254		39		true
n00474	5	0.9400	n02067		50		true
n00475	5	0.9400	n00357		23		true
n00476	4	0.9400	n01639 n02415		36		true
n00477	4	0.9400	n00900 n02405		36		true
n00478	4	0.9400	n00977 n01642		89		true
n00479	4	0.9400	n00159 n02135		13		true
n00480	4	0.9400	n00600 n02310		89		true
n00481	4	0.9400	n00966 n01703 n01939		41		true
n00482	3	0.9400	n00742 n01509		53		true
n00483	3	0.9400	n01089		18		true
n00484	3	0.9400	n00240		40		true
n00485	3	0.9400	n01173 n01712		33		true
n00486	3	0.9400	n01137		48		true
n00487	3	0.9400	n01401		52		true
n00488	3	0.9400	n00929 n02256		71		true
n00489	4	0.9394	n00896 n01750		33		true
n00490	4	0.9394	n00049 n01617		5		true
n00491	4	0.9394	n01908 n01996 n02160		170		true
n00492	3	0.9394	n01069 n01648		3		true
n00493	3	0.9394	n00039		18		true
n00494	3	0.9394	n01710 n02424		28		true
n00495	3	0.9388	n01039 n02068 n02366		19		true
n00496	4	0.9381	n00669 n01911 n02025		59		true
n00497	4	0.9381	n00062		43		true
n00498	3	0.9381	n00367 n01787		12		true
n00499	3	0.9375	n00063		43		true
n00500	3	0.9362	n00359 n00922		159		true
n00501	3	0.9355	n00243		81		true
n00502	4	0.9310	n00018		11		true
n00503	21	0.9300	n01123	n01226 n01373	38		true
n00504	16	0.9300	n02222	n01830 n02192	108		true
n00505	16	0.9300	n00350	n01823 n02299 n02346	72		true
n00506	12	0.9300	n01390 n02003	n00564 n01236	62		true
n00507	12	0.9300	n00893 n02386	n01943	45		true
n00508	11	0.9300	n01571	n00099 n01650	103		true
n00509	11	0.9300	n01629	n00432 n01514	131		true
n00510	9	0.9300	n00558		118		true
n00511	9	0.9300	n01883	n00549	60		true
n00512	9	0.9300	n01044 n02183	n00244	83		true
n00513	8	0.9300	n00913 n01665	n00274	73		true
n00514	8	0.9300	n00702 n02054		51		true
n00515	7	0.9300	n01634 n01856		50		true
n00516	7	0.9300	n01018 n01319	n00529	78		true
n00517	7	0.9300	n02061		28		true
n00518	7	0.9300	n01185		60		true
n00519	6	0.9300	n00777 n01067		60		true
n00520	6	0.9300	n00015		6		true
n00521	6	0.9300	n00889 n00963		35		true
n00522	6	0.9300	n01828 n01829		499		true
n00523	5	0.9300	n01468 n01700		4		true
n00524	5	0.9300	n01229 n01256		58		true
n00525	5	0.9300	n01169 n02205		88		true
n00526	5	0.9300	n01895 n02269		95		true
n00527	5	0.9300	n01108		62		true
n00528	5	0.9300	n01301		63		true
n00529	4	0.9300	n00516 n01645		66		true
n00530	4	0.9300	n01166		20		true
n00531	4	0.9300	n01456 n02106		27		true
n00532	4	0.9300	n01426 n01863		32		true
n00533	4	0.9300	n01870 n01905		45		true
n00534	4	0.9300	n00901		50		true
n00535	4	0.9300	n01251 n01795		27		true
n00536	4	0.9300	n01390 n02003		72		true
n00537	4	0.9300	n01588 n01912		97		true
n00538	4	0.9300	n00599		37		true
n00539	4	0.9300	n01331 n02110		115		true
n00540	4	0.9300	n00927		45		true
n00541	4	0.9300	n00899 n01952		113		true
n00542	4	0.9300	n01381		34		true
n00543	4	0.9300	n01390 n01398		71		true
n00544	3	0.9300	n01975 n02031		23		true
n00545	3	0.9300	n00886 n01134		34		true
n00546	3	0.9300	n00712		24		true
n00547	4	0.9293	n01109		17		true
n00548	4	0.9293	n00674		38		true
n00549	5	0.9286	n00511		54		true
n00550	4	0.9286	n00147 n01481		24		true
n00551	3	0.9286	n00561 n00642		88		true
n00552	4	0.9278	n01167 n01475		36		true
n00553	3	0.9278	n00903 n01256		29		true
n00554	3	0.9271	n01285		16		true
n00555	3	0.9255	n01439		11		true
n00556	3	0.9247	n00140		21		true
n00557	41	0.9200	n02271	n01147 n01571	233		true
n00558	23	0.9200	n01040 n01223	n00510 n00630	406		true
n00559	11	0.9200	n01776 n02182	n00299 n01326	259		true
n00560	11	0.9200	n01228 n01848	n00570 n01507	80		true
n00561	10	0.9200	n00009	n00169 n00551	105		true
n00562	8	0.9200	n00803	n00112	27		true
n00563	8	0.9200	n01177 n01183 n02099	n00254	52		true
n00564	8	0.9200	n00506	n00206	48		true
n00565	7	0.9200	n01674		64		true
n00566	7	0.9200	n01903	n00330	109		true
n00567	6	0.9200	n00418		20		true
n00568	6	0.9200	n01352 n02308	n00202	120		true
n00569	6	0.9200	n00865 n01682	n00398	45		true
n00570	6	0.9200	n00560 n01948		29		true
n00571	6	0.9200	n00597		93		true
n00572	5	0.9200	n01126 n02337		45		true
n00573	5	0.9200	n01587 n02025		58		true
n00574	5	0.9200	n01066		104		true
n00575	5	0.9200	n01749		23		true
n00576	5	0.9200	n00846		26		true
n00577	5	0.9200	n01751 n02110		49		true
n00578	5	0.9200	n00636		59		true
n00579	5	0.9200	n00294 n01880 n02030		63		true
n00580	3	0.9200	n01302 n02404		93		true
n00581	3	0.9200	n00634 n01835 n01984		32		true
n00582	3	0.9200	n01334		14		true
n00583	3	0.9200	n00359 n01536		24		true
n00584	3	0.9192	n01028		13		true
n00585	3	0.9192	n00233		42		true
n00586	3	0.9184	n01383		58		true
n00587	3	0.9175	n00601		138		true
n00588	3	0.9175	n00293 n01591 n01937		13		true
n00589	20	0.9100	n02279	n00736 n01292	66		true
n00590	20	0.9100	n02002 n02003	n00428 n02015	167		true
n00591	12	0.9100	n00933 n01344	n00953 n01069	17		true
n00592	12	0.9100	n00910	n00245 n01592	56		true
n00593	10	0.9100	n01345 n02321	n00068	36		true
n00594	10	0.9100	n01058	n00643 n01569	161		true
n00595	9	0.9100	n02059	n00183	24		true
n00596	10	0.9100	n00282 n02097	n02415	125		true
n00597	9	0.9100	n01818	n00571	127		true
n00598	8	0.9100	n02296	n00197	77		true
n00599	7	0.9100	n02330	n00538	118		true
n00600	7	0.9100	n01204	n00480	128		true
n00601	6	0.9100	n01983	n00587	215		true
n00602	6	0.9100	n01703 n01706 n02094		18		true
n00603	6	0.9100	n00142		109		true
n00604	6	0.9100	n01390 n02003		46		true
n00605	6	0.9100	n00881 n02409	n00343	186		true
n00606	6	0.9100	n02321		99		true
n00607	6	0.9100	n01779 n01947		49		true
n00608	6	0.9100	n01325		39		true
n00609	5	0.9100	n00421 n01017		119		true
n00610	5	0.9100	n01622 n02291		95		true
n00611	5	0.9100	n01083 n01821		44		true
n00612	5	0.9100	n00920 n01866		58		true
n00613	5	0.9100	n02010		34		true
n00614	3	0.9100	n01261 n01350		64		true
n00615	3	0.9100	n00968		17		true
n00616	3	0.9100	n00809 n01244		27		true
n00617	8	0.9091	n00222	n00312	133		true
n00618	6	0.9091	n00054		15		true
n00619	6	0.9091	n00226		85		true
n00620	3	0.9072	n00999 n01469 n02171		22		true
n00621	3	0.9062	n01713 n01724		80		true
n00622	3	0.9053	n00219 n01800		58		true
n00623	39	0.9000	n00932 n02321	n00988 n01270 n01777	519		true
n00624	18	0.9000	n00696	n00944 n01316	58		true
n00625	18	0.9000	n01010	n00460 n02212	42		true
n00626	16	0.9000	n00347	n00020 n00453	80		true
n00627	17	0.9000	n00004	n00957 n01205	335		true
n00628	14	0.9000	n01597	n00358 n01061	188		true
n00629	12	0.9000	n00008	n00034	1		true
n00630	14	0.9000	n00558 n01544	n00450 n01465	320		true
n00631	12	0.9000	n01127	n01496 n02264	408		true
n00632	10	0.9000	n01782	n00072	88		true
n00633	10	0.9000	n01275	n00720 n02163	168		true
n00634	8	0.9000	n01940	n00581	56		true
n00635	8	0.9000	n01492 n02020	n00188	91		true
n00636	8	0.9000	n01605	n00578	101		true
n00637	8	0.9000	n01985 n02284	n00193	56		true
n00638	8	0.9000	n00140	n00375 n01959	116		true
n00639	7	0.9000	n00031		7		true
n00640	7	0.9000	n01702		34		true
n00641	7	0.9000	n01016 n01636		82		true
n00642	6	0.9000	n00009	n00551	103		true
n00643	6	0.9000	n00594		43		true
n00644	5	0.9000	n01370		15		true
n00645	5	0.9000	n01789		60		true
n00646	3	0.9000	n01508		86		true
n00647	3	0.9000	n01000		83		true
n00648	3	0.9000	n01832		17		true
n00649	3	0.8990	n01441		154		true
n00650	3	0.8990	n01531 n01535 n01716		171		true
n00651	3	0.8990	n01390 n02003		8		true
n00652	3	0.8990	n01033 n01687		26		true
n00653	3	0.8989	n00306		8		true
n00654	3	0.8986	n00169		27		true
n00655	3	0.8980	n01804		26		true
n00656	3	0.8977	n00052 n01263		89		true
n00657	3	0.8977	n00163 n01513		45		true
n00658	38	0.8900	n00796 n01723	n00250 n00907	196		true
n00659	18	0.8900	n02327	n01207 n01937	31		true
n00660	17	0.8900	n01624	n00284 n01435	128		true
n00661	15	0.8900	n00005	n00044 n00373	29		true
n00662	12	0.8900	n02002 n02003	n00872 n01407	119		true
n00663	11	0.8900	n01727	n00362 n01529	213		true
n00664	10	0.8900	n01318	n00673 n02000	275		true
n00665	9	0.8900	n00016	n00211	24		true
n00666	9	0.8900	n02395		61		true
n00667	9	0.8900	n01521 n01735	n00094	25		true
n00668	11	0.8900	n01418	n00927	86		true
n00669	10	0.8900	n01853 n01934	n00496 n01840	150		true
n00670	8	0.8900	n01601	n00690	133		true
n00671	8	0.8900	n01898 n02151	n00264	102		true
n00672	8	0.8900	n01696 n02019	n01118	92		true
n00673	7	0.8900	n00664		258		true
n00674	7	0.8900	n02284	n00548	47		true
n00675	8	0.8900	n01608	n01722	237		true
n00676	6	0.8900	n00943 n01855 n02400	n00117	45		true
n00677	6	0.8900	n01463	n00835	45		true
n00678	6	0.8900	n01238		27		true
n00679	6	0.8900	n01009 n02356	n00787	47		true
n00680	5	0.8900	n00698 n00776		39		true
n00681	5	0.8900	n01182		23		true
n00682	5	0.8900	n01882		78		true
n00683	3	0.8900	n00246		29		true
n00684	3	0.8900	n01583 n01757		23		true
n00685	3	0.8900	n00230 n02259		26		true
n00686	3	0.8889	n00953 n01069 n01542		3		true
n00687	3	0.8889	n00811		56		true
n00688	3	0.8889	n00709		23		true
n00689	3	0.8889	n00926 n02074		10		true
n00690	3	0.8889	n00670 n02240		14		true
n00691	3	0.8889	n02083		35		true
n00692	3	0.8878	n00366 n01532		17		true
n00693	3	0.8854	n01335		12		true
n00694	3	0.8830	n01500 n01848 n02418		24		true
n00695	27	0.8800	n01096	n01276 n01972 n02226	240		true
n00696	22	0.8800	n01098	n00624 n02333	83		true
n00697	15	0.8800	n02002 n02003	n00157 n01829	583		true
n00698	12	0.8800	n00134 n02233	n00680 n00978	73		true
n00699	13	0.8800	n01734	n00964 n01463	90		true
n00700	12	0.8800	n02184	n00294 n02030	142		true
n00701	11	0.8800	n02285	n00705 n00818	176		true
n00702	11	0.8800	n01202	n00514	56		true
n00703	10	0.8800	n02180	n00885 n01260	48		true
n00704	11	0.8800	n02387	n00078	39		true
n00705	8	0.8800	n00701 n02047	n00454	61		true
n00706	7	0.8800	n00895	n00441	50		true
n00707	7	0.8800	n00776		45		true
n00708	7	0.8800	n01425 n02248		48		true
n00709	6	0.8800	n01186 n01462	n00688	34		true
n00710	6	0.8800	n01456 n02003		74		true
n00711	6	0.8800	n00150 n02064		57		true
n00712	6	0.8800	n01582 n01746 n01827	n00546	51		true
n00713	6	0.8800	n01165		128		true
n00714	5	0.8800	n00046		43		true
n00715	5	0.8800	n01744 n02003		47		true
n00716	5	0.8800	n02152		41		true
n00717	5	0.8800	n01596		87		true
n00718	5	0.8800	n01428 n01984		34		true
n00719	5	0.8800	n02241 n02250		121		true
n00720	5	0.8800	n00633 n01470		137		true
n00721	5	0.8800	n01106 n01949		55		true
n00722	3	0.8800	n01592 n02288		23		true
n00723	3	0.8800	n00239		108		true
n00724	3	0.8800	n01412		14		true
n00725	3	0.8800	n01957		38		true
n00726	3	0.8800	n01715 n02082		35		true
n00727	3	0.8800	n01091 n01535		47		true
n00728	3	0.8788	n00229		25		true
n00729	3	0.8788	n01500		227		true
n00730	3	0.8776	n00045		3		true
n00731	3	0.8776	n01326 n01750		16		true
n00732	3	0.8776	n00249 n01140 n01356		71		true
n00733	3	0.8763	n01840		64		true
n00734	3	0.8710	n00162		27		true
n00735	18	0.8700	n01174 n01596	n00958 n01374	232		true
n00736	16	0.8700	n00589	n00301 n00424	66		true
n00737	14	0.8700	n01627	n01674 n02108	142		true
n00738	11	0.8700	n01545 n01733	n00173 n00194	58		true
n00739	10	0.8700	n01043	n00849 n01052	110		true
n00740	9	0.8700	n01548 n02044	n00172	45		true
n00741	8	0.8700	n01390 n02003		41		true
n00742	7	0.8700	n01349 n02243	n00482	141		true
n00743	7	0.8700	n01423		58		true
n00744	7	0.8700	n01209		44		true
n00745	6	0.8700	n01969		63		true
n00746	6	0.8700	n00022		43		true
n00747	6	0.8700	n01403		46		true
n00748	6	0.8700	n01622 n02321	n00448	132		true
n00749	6	0.8700	n00945 n02203		33		true
n00750	6	0.8700	n01356	n00757	76		true
n00751	5	0.8700	n01576 n02002		78		true
n00752	3	0.8700	n00850 n02002		151		true
n00753	3	0.8700	n00884 n02270		22		true
n00754	3	0.8700	n00371 n02038 n02107		23		true
n00755	3	0.8700	n01145		16		true
n00756	3	0.8700	n02252 n02262		62		true
n00757	3	0.8700	n00750		50		true
n00758	3	0.8690	n01502 n02216 n02267		58		true
n00759	3	0.8687	n01908		79		true
n00760	3	0.8673	n00867		17		true
n00761	3	0.8660	n00287		12		true
n00762	3	0.8660	n00369		49		true
n00763	3	0.8660	n01412 n01761		177		true
n00764	3	0.8660	n01514		67		true
n00765	3	0.8646	n01490 n01932 n02033		9		true
n00766	3	0.8646	n02043		17		true
n00767	38	0.8600	n01445	n00038 n00768	250		true
n00768	29	0.8600	n00767 n02004	n00158 n00347	225		true
n00769	28	0.8600	n01539 n02322	n00133 n01733	284		true
n00770	26	0.8600	n01075 n01372	n01520 n02342	83		true
n00771	17	0.8600	n01970	n01457 n01578	95		true
n00772	15	0.8600	n01972 n02226	n01024 n01379	144		true
n00773	13	0.8600	n01153	n00979 n02305	174		true
n00774	13	0.8600	n01396	n01138 n01139 n01474 n02263	257		true
n00775	11	0.8600	n02002 n02003	n01218 n01242	87		true
n00776	10	0.8600	n00134 n01664	n00680 n00707	79		true
n00777	10	0.8600	n01157 n02234	n00519 n00813	83		true
n00778	7	0.8600	n01184 n01676	n00263	103		true
n00779	7	0.8600	n02186		32		true
n00780	7	0.8600	n01860	n00381	303		true
n00781	6	0.8600	n00358 n01061		109		true
n00782	5	0.8600	n01548		54		true
n00783	5	0.8600	n01010		13		true
n00784	5	0.8600	n01181		152		true
n00785	5	0.8600	n01280 n01901		70		true
n00786	3	0.8600	n01471		186		true
n00787	3	0.8600	n00679 n02321		18		true
n00788	3	0.8600	n02321		28		true
n00789	3	0.8600	n01195 n01997 n02214		77		true
n00790	3	0.8588	n00044		1		true
n00791	5	0.8586	n00055 n01527		27		true
n00792	3	0.8586	n00869		67		true
n00793	5	0.8511	n01234 n01415 n01707		19		true
n00794	3	0.8511	n01034 n01221 n02119		101		true
n00795	3	0.8506	n00147		22		true
n00796	60	0.8500	n01651 n02002	n00658 n01964	461		true
n00797	25	0.8500	n01517	n00990 n02186	85		true
n00798	18	0.8500	n00909	n01155	359		true
n00799	17	0.8500	n01394	n01428 n01931 n01984	96		true
n00800	16	0.8500	n00350	n01823 n02299 n02346	72		true
n00801	15	0.8500	n01729	n00013	139		true
n00802	13	0.8500	n01151 n01889	n00361 n01673	141		true
n00803	12	0.8500	n01128 n01971	n00562 n01557	40		true
n00804	12	0.8500	n01151	n00361 n01354	116		true
n00805	10	0.8500	n00218	n00163 n01513	88		true
n00806	9	0.8500	n01013		143		true
n00807	8	0.8500	n01547 n01788 n01932	n00433	83		true
n00808	9	0.8500	n00993 n01599	n00378 n02121	150		true
n00809	9	0.8500	n01180	n00616 n01334	60		true
n00810	7	0.8500	n01672		100		true
n00811	7	0.8500	n02325	n00687	82		true
n00812	7	0.8500	n00355		52		true
n00813	7	0.8500	n00777		37		true
n00814	7	0.8500	n01609	n00341	215		true
n00815	7	0.8500	n01622 n02321		95		true
n00816	6	0.8500	n01640 n02321		504		true
n00817	6	0.8500	n01312		54		true
n00818	6	0.8500	n00701		145		true
n00819	6	0.8500	n00298		34		true
n00820	5	0.8500	n01495		50		true
n00821	5	0.8500	n01084 n01427		45		true
n00822	5	0.8500	n02208		63		true
n00823	3	0.8500	n00932 n02321		179		true
n00824	3	0.8500	n01954		22		true
n00825	3	0.8500	n01722		14		true
n00826	3	0.8500	n00308		29		true
n00827	3	0.8485	n00850 n00977		39		true
n00828	3	0.8485	n02118		13		true
n00829	3	0.8485	n01835 n02211		21		true
n00830	5	0.8469	n00149		63		true
n00831	3	0.8469	n00166		81		true
n00832	3	0.8469	n00851 n01684 n01755		743		true
n00833	3	0.8454	n01706 n01760		9		true
n00834	3	0.8454	n01569 n02213		132		true
n00835	3	0.8404	n00677 n00964		21		true
n00836	26	0.8400	n00281	n01057 n01310	168		true
n00837	26	0.8400	n00988 n01270	n01660 n01854	253		true
n00838	21	0.8400	n02176	n01625	232		true
n00839	16	0.8400	n00412	n00446 n01551 n02193	220		true
n00840	12	0.8400	n00133	n00243	241		true
n00841	13	0.8400	n00877 n01888	n01212 n01867	240		true
n00842	13	0.8400	n01145	n00230 n02211 n02259	131		true
n00843	13	0.8400		n02251 n02411	380		true
n00844	10	0.8400	n00010	n00249 n01140	100		true
n00845	9	0.8400	n00932 n02321	n00431	146		true
n00846	8	0.8400	n01321 n02055 n02399	n00576	53		true
n00847	8	0.8400	n01390 n02003	n00888	42		true
n00848	8	0.8400	n01524 n01771	n00435	77		true
n00849	7	0.8400	n00739 n01400		98		true
n00850	8	0.8400	n01455 n01786	n00752 n00827	252		true
n00851	6	0.8400	n00932 n02321	n00832	759		true
n00852	5	0.8400	n01975 n02298		29		true
n00853	5	0.8400	n01459 n01938		60		true
n00854	5	0.8400	n01130 n02063		150		true
n00855	5	0.8400	n01019		46		true
n00856	5	0.8400	n01255 n01752		113		true
n00857	5	0.8400	n01562		188		true
n00858	3	0.8400	n01282		14		true
n00859	5	0.8384	n01059 n01161		46		true
n00860	5	0.8384	n02156 n02306		24		true
n00861	5	0.8367	n00975 n01923		12		true
n00862	33	0.8300	n00987	n00005 n00008	30		true
n00863	20	0.8300	n02045 n02278	n01045 n01669	113		true
n00864	10	0.8300	n02342	n00093	37		true
n00865	9	0.8300	n01784 n01822 n02188	n00569	64		true
n00866	9	0.8300	n00991 n01670	n00107	18		true
n00867	6	0.8300	n01181 n01816	n00124 n00760	27		true
n00868	6	0.8300	n01271		236		true
n00869	6	0.8300	n02252	n00792	254		true
n00870	5	0.8300	n00046		22		true
n00871	5	0.8300	n01946		32		true
n00872	5	0.8300	n00662		76		true
n00873	5	0.8300	n01857		48		true
n00874	5	0.8300	n02353		129		true
n00875	5	0.8300	n01794		73		true
n00876	36	0.8200	n02379	n01922 n01934	343		true
n00877	21	0.8200	n01964	n00841 n01926	308		true
n00878	14	0.8200	n01600	n01320 n01995	111		true
n00879	11	0.8200	n01628	n00052 n01263	119		true
n00880	9	0.8200	n01668 n02002	n01220 n01721	449		true
n00881	9	0.8200	n00351	n00605 n01143	201		true
n00882	9	0.8200	n00912	n00104	48		true
n00883	9	0.8200	n01847 n02292	n00469	174		true
n00884	8	0.8200	n02004 n02341	n00445 n00753	33		true
n00885	7	0.8200	n00703		32		true
n00886	6	0.8200	n00962	n00545	44		true
n00887	5	0.8200	n02002 n02003		68		true
n00888	5	0.8200	n00847		27		true
n00889	48	0.8100	n01145	n00521 n01076	236		true
n00890	25	0.8100	n01222	n00415 n02281	162		true
n00891	19	0.8100	n01009	n01011 n01977	271		true
n00892	18	0.8100	n02002	n01177 n01183	93		true
n00893	15	0.8100	n00411	n00304 n00507	64		true
n00894	14	0.8100	n01341 n01963 n02229	n01035 n01492	150		true
n00895	10	0.8100	n01291	n00706	57		true
n00896	8	0.8100	n01575 n02144	n00489	61		true
n00897	8	0.8100	n00975 n01925	n00323	38		true
n00898	8	0.8100	n00352 n02096		53		true
n00899	9	0.8100	n02177	n00383 n00541	169		true
n00900	7	0.8100	n01322 n02349	n00477	54		true
n00901	7	0.8100	n01150 n02002	n00534	95		true
n00902	6	0.8100	n02002 n02003		18		true
n00903	6	0.8100	n02054	n00553	48		true
n00904	5	0.8100	n01406 n01982 n02156		33		true
n00905	5	0.8100	n01498		52		true
n00906	5	0.8081	n01353 n01675		81		true
n00907	33	0.8000	n00658	n01448 n01886	195		true
n00908	23	0.8000	n01094	n01541 n01626	241		true
n00909	21	0.8000	n02049	n00798 n01255	395		true
n00910	16	0.8000	n01486	n00592 n01049	63		true
n00911	17	0.8000	n01271	n01257 n01429 n02302	500		true
n00912	12	0.8000	n00348	n00146 n00882	184		true
n00913	11	0.8000	n01974	n00513 n01136	97		true
n00914	12	0.8000	n01250	n02024	57		true
n00915	9	0.8000	n00217	n00240	524		true
n00916	9	0.8000	n02192	n00371	79		true
n00917	9	0.8000	n01230	n02039	97		true
n00918	9	0.8000	n01013		77		true
n00919	9	0.8000	n01732 n02379	n00246	81		true
n00920	8	0.8000	n02393	n00612	90		true
n00921	7	0.8000	n01700 n02004	n00445	14		true
n00922	7	0.8000	n01277 n01448	n00500	162		true
n00923	7	0.8000	n00016		37		true
n00924	7	0.8000	n02002	n00326	57		true
n00925	7	0.8000	n01741 n01924	n00337	208		true
n00926	7	0.8000	n01390 n02003	n00689	22		true
n00927	7	0.8000	n00668 n01637	n00540	69		true
n00928	6	0.8000	n01704	n00331	23		true
n00929	6	0.8000	n01559 n02225	n00488	176		true
n00930	5	0.8000	n01436 n01738		50		true
n00931	5	0.8000	n01408 n01772 n02351		20		true
n00932	810	0.7900		n00004 n00260 n00262 n00623 n00823 n00845 n00851 n00946 n00970 n01007 n01068 n01159 n01173 n01186 n01267 n01280 n01283 n01295 n01302 n01303 n01327 n01345 n01358 n01370 n01379 n01399 n01462 n01483 n01506 n01553 n01567 n01581 n01608 n01616 n01624 n01633 n01638 n01649 n01662 n01684 n01685 n01688 n01689 n01696 n01712 n01743 n01747 n01753 n01755 n01759 n01762 n01776 n01789 n01790 n01793 n01825 n01870 n01882 n01896 n01905 n01908 n02006 n02012 n02019 n02023 n02049 n02083 n02092 n02112 n02151 n02157 n02159 n02160 n02182 n02197 n02207 n02237 n02241 n02250 n02254 n02261 n02336 n02353 n02388 n02390 n02391 n02404	5103		true
n00933	25	0.7900	n00410	n00591 n01542	30		true
n00934	27	0.7900	n01767	n01225 n01228 n02418	341		true
n00935	24	0.7900	n01961	n01449 n01730	203		true
n00936	22	0.7900	n01309	n00033 n00220	115		true
n00937	18	0.7900	n02002 n02090	n00042 n00976	244		true
n00938	17	0.7900	n01963	n00219 n01800	256		true
n00939	18	0.7900	n01099	n01858 n02187	58		true
n00940	13	0.7900	n01929	n00376 n01088	85		true
n00941	12	0.7900	n00133	n00317 n02202	237		true
n00942	12	0.7900	n02002	n00058	92		true
n00943	11	0.7900	n01198 n01522	n00676 n01563	113		true
n00944	10	0.7900	n00624 n02141	n00405 n00951	57		true
n00945	10	0.7900	n01739	n00749 n01167	67		true
n00946	7	0.7900	n00932 n01062	n00261	21		true
n00947	7	0.7900	n01858		29		true
n00948	6	0.7900	n01212 n01867		89		true
n00949	5	0.7900	n01015 n01045 n02154		35		true
n00950	5	0.7900	n02002 n02003		32		true
n00951	5	0.7900	n00944		20		true
n00952	5	0.7900	n02002		227		true
n00953	7	0.7879	n00591	n00686	14		true
n00954	37	0.7800	n00001	n00214	124		true
n00955	21	0.7800	n00131	n01599	311		true
n00956	18	0.7800	n00347	n00395 n01973	90		true
n00957	14	0.7800	n00627	n00224 n01328 n02119	333		true
n00958	13	0.7800	n00735	n00967 n01678	162		true
n00959	11	0.7800	n02008	n00149	109		true
n00960	12	0.7800	n01042 n01288	n00055 n01527	75		true
n00961	13	0.7800	n01393	n00997 n01002 n02073	79		true
n00962	10	0.7800	n02002	n00886 n01134	96		true
n00963	9	0.7800	n02277	n00521 n01247	71		true
n00964	9	0.7800	n00699	n00835 n02374	71		true
n00965	7	0.7800	n01209 n01390		67		true
n00966	7	0.7800	n01892	n00481	60		true
n00967	6	0.7800	n00958		23		true
n00968	6	0.7800	n01404	n00615	63		true
n00969	5	0.7800	n01469 n02299		17		true
n00970	5	0.7800	n00932 n02321		43		true
n00971	5	0.7800	n01495		265		true
n00972	17	0.7700	n01660	n01746 n02289 n02359	205		true
n00973	14	0.7700	n01076	n00288 n01586	73		true
n00974	13	0.7700	n00006	n01240 n01502 n02216 n02267	80		true
n00975	11	0.7700	n02276	n00861 n00897	39		true
n00976	10	0.7700	n00937	n00164 n01388	174		true
n00977	9	0.7700	n01390 n01455	n00478 n00827	158		true
n00978	6	0.7700	n00698	n00268	19		true
n00979	7	0.7700	n00773	n00339	126		true
n00980	6	0.7700	n00221		29		true
n00981	6	0.7700	n02286	n00271	84		true
n00982	5	0.7700	n00996		37		true
n00983	5	0.7700	n02002		53		true
n00984	5	0.7700	n01350 n01704		110		true
n00985	5	0.7700	n02292		468		true
n00986	5	0.7653	n00043		55		true
n00987	56	0.7600	n01841	n00862 n01595	86		true
n00988	27	0.7600	n00623	n00837	256		true
n00989	26	0.7600	n02223	n02278	146		true
n00990	18	0.7600	n00797	n00353	59		true
n00991	19	0.7600	n01657 n02228	n00866 n01735	38		true
n00992	18	0.7600	n01886	n00359 n02062	190		true
n00993	13	0.7600	n00131	n00808 n01584	252		true
n00994	12	0.7600	n01775 n02222	n00079 n01647 n02372	50		true
n00995	10	0.7600	n01342	n00369	158		true
n00996	10	0.7600	n00414	n00982	49		true
n00997	7	0.7600	n00961 n02242	n00402	47		true
n00998	7	0.7600	n01046		50		true
n00999	7	0.7600	n02340	n00620	31		true
n01000	7	0.7600	n01555 n02249	n00647	263		true
n01001	6	0.7600	n02002		64		true
n01002	6	0.7600	n00961	n00402	64		true
n01003	6	0.7600	n01045 n01528		49		true
n01004	6	0.7600	n01811		102		true
n01005	5	0.7600	n02111		78		true
n01006	5	0.7600	n02353		159		true
n01007	5	0.7576	n00932 n02321		41		true
n01008	5	0.7553	n01936		11		true
n01009	25	0.7500		n00679 n00891	307		true
n01010	21	0.7500	n02224	n00625 n00783	48		true
n01011	15	0.7500	n00891	n01456	217		true
n01012	12	0.7500	n01314 n02281	n00036	89		true
n01013	12	0.7500	n02002	n00806 n00918	171		true
n01014	13	0.7500	n01520	n00388 n00418	50		true
n01015	11	0.7500	n01602 n02137	n00949 n01643	69		true
n01016	12	0.7500	n02339	n00641 n02373	94		true
n01017	10	0.7500	n00286 n01121	n00609 n02123	185		true
n01018	11	0.7500	n01884	n00516 n01645	100		true
n01019	11	0.7500	n01390 n02003	n00855 n01216	106		true
n01020	9	0.7500	n02392	n00174	53		true
n01021	9	0.7500	n01935	n00471 n01619	300		true
n01022	8	0.7500	n01890	n00318	71		true
n01023	8	0.7500	n01698 n02180	n00377	39		true
n01024	8	0.7500	n00772	n00191	80		true
n01025	7	0.7500	n00417 n01944	n00262	55		true
n01026	7	0.7500	n00001		33		true
n01027	7	0.7500	n02022		324		true
n01028	7	0.7500	n02149	n00584	29		true
n01029	7	0.7500	n01078 n01375 n01491		116		true
n01030	7	0.7500	n01416	n00387	53		true
n01031	7	0.7500	n01585		119		true
n01032	7	0.7500	n02392		32		true
n01033	7	0.7500	n01465	n00652	203		true
n01034	7	0.7500	n00224	n00794	138		true
n01035	6	0.7500	n00894		70		true
n01036	6	0.7500	n01659 n01963	n00393	53		true
n01037	5	0.7500	n02242		18		true
n01038	5	0.7500	n01747		42		true
n01039	7	0.7475	n02003	n00495	43		true
n01040	35	0.7400	n01391 n01482	n00025 n00558	522		true
n01041	31	0.7400	n02002 n02003	n02222	138		true
n01042	16	0.7400	n01730 n02048	n00960 n01614	115		true
n01043	14	0.7400	n02274	n00739 n01400	134		true
n01044	14	0.7400	n01626	n00512	112		true
n01045	15	0.7400	n00863	n00949 n01003	93		true
n01046	15	0.7400	n02173	n00289 n00998	256		true
n01047	9	0.7400	n01849	n00186	149		true
n01048	9	0.7400	n02390	n01115	90		true
n01049	10	0.7400	n00910	n00207 n01592	49		true
n01050	8	0.7400	n00416	n00252	168		true
n01051	8	0.7400	n02321		109		true
n01052	7	0.7400	n00739		55		true
n01053	7	0.7400	n02002 n02003		75		true
n01054	7	0.7400	n00460		27		true
n01055	7	0.7400	n01745 n02301	n00322	149		true
n01056	5	0.7400	n02416		118		true
n01057	17	0.7300	n00836 n01224	n00029 n00247	154		true
n01058	13	0.7300	n01518	n00594 n02213	177		true
n01059	12	0.7300	n01146 n02045 n02181	n00162 n00859	85		true
n01060	13	0.7300	n00352	n01679	76		true
n01061	11	0.7300	n00628 n02389	n00781	133		true
n01062	12	0.7300	n01603	n00946 n02117	215		true
n01063	10	0.7300	n01488	n00440 n00467	42		true
n01064	10	0.7300	n02094	n00201 n00241	52		true
n01065	12	0.7300	n01820 n01851	n01091 n01535 n01716	228		true
n01066	9	0.7300	n02146	n00574	271		true
n01067	10	0.7300	n01157	n00519	77		true
n01068	10	0.7300	n00932 n02321	n01434	66		true
n01069	8	0.7300	n00591	n00492 n00686	7		true
n01070	7	0.7300	n01390 n02003		46		true
n01071	7	0.7300	n01942		335		true
n01072	6	0.7300	n01977 n02003		93		true
n01073	6	0.7300	n02002		30		true
n01074	6	0.7300	n01323 n01491		80		true
n01075	59	0.7200	n00000	n00770 n02127	164		true
n01076	42	0.7200	n00889	n00973 n01417 n02230	226		true
n01077	14	0.7200	n01391 n01773	n00025	126		true
n01078	13	0.7200	n01627 n01846	n01029 n01306 n02070 n02318	250		true
n01079	10	0.7200	n01885	n00429	71		true
n01080	9	0.7200	n01274	n00190	32		true
n01081	9	0.7200	n00012		86		true
n01082	9	0.7200	n01633	n00180	103		true
n01083	9	0.7200	n01780	n00611	79		true
n01084	9	0.7200		n00821	74		true
n01085	8	0.7200	n00026	n00325	59		true
n01086	7	0.7200	n01201	n00392	87		true
n01087	7	0.7200	n01094		179		true
n01088	6	0.7200	n00940 n01675		56		true
n01089	6	0.7200	n00036	n00483	51		true
n01090	6	0.7200	n01900		119		true
n01091	6	0.7200	n01065 n01991	n00727	83		true
n01092	9	0.7172	n00023	n01144 n02118	151		true
n01093	6	0.7172	n01880		212		true
n01094	31	0.7100	n01197	n00908 n01087	374		true
n01095	33	0.7100	n02002 n02124	n01447 n01658	131		true
n01096	29	0.7100	n01122	n00695	257		true
n01097	28	0.7100	n01766	n00413 n01319 n01884	259		true
n01098	25	0.7100	n00459	n00696	93		true
n01099	19	0.7100	n01393	n00939	61		true
n01100	18	0.7100	n02002	n01665 n01909 n01974	135		true
n01101	14	0.7100	n02002 n02124	n00021	105		true
n01102	12	0.7100	n02052	n00085 n00192	111		true
n01103	13	0.7100	n00412	n00148 n00446	191		true
n01104	11	0.7100	n01921	n00463 n02172	113		true
n01105	10	0.7100	n02002	n00165	94		true
n01106	9	0.7100	n01516	n00721 n02376	90		true
n01107	9	0.7100	n01390 n02003	n01413	127		true
n01108	8	0.7100	n02291	n00527	97		true
n01109	7	0.7100	n01857 n02003	n00547	37		true
n01110	7	0.7100	n01159		311		true
n01111	7	0.7100	n02231		56		true
n01112	7	0.7100	n01852 n02396	n00389	185		true
n01113	7	0.7100	n01299		247		true
n01114	7	0.7100	n01377		134		true
n01115	6	0.7100	n01048	n00342	79		true
n01116	6	0.7100	n02257		66		true
n01117	6	0.7100	n01798		51		true
n01118	5	0.7100	n00672		43		true
n01119	5	0.7100	n01578		66		true
n01120	8	0.7071	n00022	n00102	79		true
n01121	33	0.7000	n01961	n01017 n01730 n02048	260		true
n01122	32	0.7000	n01766	n01096 n01239	413		true
n01123	24	0.7000	n02126 n02129	n00503 n01772	51		true
n01124	23	0.7000	n01392 n02275	n02232 n02350	409		true
n01125	20	0.7000	n01268	n01128 n01971	198		true
n01126	20	0.7000	n01724	n00009 n00572	164		true
n01127	16	0.7000	n02177	n00631 n01872	449		true
n01128	15	0.7000	n01125 n02131	n00803 n01459	82		true
n01129	14	0.7000	n01725	n00397 n01300	82		true
n01130	11	0.7000	n01315 n01976	n00309 n00854	173		true
n01131	10	0.7000	n01254	n01195 n02214	155		true
n01132	8	0.7000	n01545	n00194	44		true
n01133	7	0.7000	n00415		41		true
n01134	7	0.7000	n00962 n02329	n00545	85		true
n01135	7	0.7000	n02002		35		true
n01136	7	0.7000	n00913	n00274	45		true
n01137	7	0.7000	n02002	n00486	69		true
n01138	7	0.7000	n00774		153		true
n01139	7	0.7000	n00774		168		true
n01140	7	0.7000	n00844	n00732	90		true
n01141	6	0.7000	n02102		56		true
n01142	7	0.6970	n00033	n00129	48		true
n01143	6	0.6970	n00881 n02002	n00343	127		true
n01144	5	0.6907	n01092 n01296		133		true
n01145	53	0.6900	n02002	n00755 n00842 n00889	251		true
n01146	42	0.6900	n02002	n01059 n01269 n01982	233		true
n01147	32	0.6900	n00557	n01311 n02011	141		true
n01148	33	0.6900	n01622 n02321	n02087	236		true
n01149	28	0.6900	n01812 n02272	n02225 n02343	333		true
n01150	18	0.6900		n00901 n01422	143		true
n01151	16	0.6900	n01659 n01814	n00802 n00804	168		true
n01152	17	0.6900	n01968	n01188 n02142 n02194	57		true
n01153	15	0.6900	n02093	n00773	176		true
n01154	15	0.6900	n02088	n01423 n01526 n01764	115		true
n01155	16	0.6900	n00798	n01666 n02018 n02196	325		true
n01156	13	0.6900	n01693 n02282	n00061	426		true
n01157	14	0.6900	n01516	n00777 n01067	99		true
n01158	12	0.6900	n00354	n00062	274		true
n01159	12	0.6900	n00932 n02321	n01110 n01590	347		true
n01160	12	0.6900	n01576	n01355	986		true
n01161	11	0.6900	n02181	n00181 n00859	79		true
n01162	9	0.6900	n02239	n00253	109		true
n01163	9	0.6900	n01845	n00468	83		true
n01164	9	0.6900	n00281 n01897	n00247	176		true
n01165	9	0.6900	n01370 n02241	n00713	200		true
n01166	9	0.6900	n01823 n02299	n00530 n01810	38		true
n01167	7	0.6900	n00945 n01774	n00552	46		true
n01168	7	0.6900	n01453 n01740		139		true
n01169	8	0.6900	n01845	n00525	124		true
n01170	7	0.6900	n01390 n02003		51		true
n01171	6	0.6900	n02002 n02003		34		true
n01172	6	0.6900	n01865		65		true
n01173	6	0.6900	n00932 n01799 n02321	n00485	58		true
n01174	39	0.6800	n01622 n02321	n00735 n01681 n01844 n02301 n02394	484		true
n01175	20	0.6800	n01390 n02003	n00285 n01761	387		true
n01176	18	0.6800	n02002 n02321	n00217 n02358	689		true
n01177	16	0.6800	n00892 n01691	n00563 n02397	85		true
n01178	12	0.6800	n02002	n00070	30		true
n01179	11	0.6800	n02321	n00050	189		true
n01180	12	0.6800	n01420 n01928	n00809 n01244	85		true
n01181	11	0.6800	n02185	n00784 n00867	168		true
n01182	12	0.6800	n01775	n00079 n00681	41		true
n01183	11	0.6800	n00892	n00563	67		true
n01184	12	0.6800	n02286	n00778 n01359	158		true
n01185	10	0.6800	n01811	n00518	78		true
n01186	10	0.6800	n00932 n02321	n00709	49		true
n01187	9	0.6800	n01549	n00258	29		true
n01188	8	0.6800	n01152		31		true
n01189	9	0.6800	n02002 n02003	n01307	41		true
n01190	7	0.6800	n01540 n01785		60		true
n01191	7	0.6800			141		true
n01192	6	0.6800	n01417	n00449	54		true
n01193	6	0.6800	n01431		37		true
n01194	6	0.6800	n01255	n00452	139		true
n01195	6	0.6800	n01131	n00789	125		true
n01196	5	0.6800	n01406 n02223		46		true
n01197	35	0.6700	n02002	n01094	391		true
n01198	19	0.6700	n01656	n00943 n01855	176		true
n01199	15	0.6700	n01448 n02135	n00137 n01402	20		true
n01200	15	0.6700	n01484 n01969	n00416 n01795	211		true
n01201	16	0.6700	n00216	n01086 n01619 n01824	379		true
n01202	16	0.6700	n01313	n00702 n02345	73		true
n01203	14	0.6700	n02011	n00167 n01241	51		true
n01204	14	0.6700	n00351	n00600 n01580	278		true
n01205	13	0.6700	n00627	n00224	145		true
n01206	13	0.6700	n01811 n02235	n00227	209		true
n01207	12	0.6700	n00659	n00293 n01591	21		true
n01208	11	0.6700	n01881 n02093	n00175	67		true
n01209	10	0.6700	n02003	n00744 n00965	88		true
n01210	9	0.6700	n01315	n00309	43		true
n01211	9	0.6700	n01453 n01933		120		true
n01212	9	0.6700	n00841 n01926	n00380 n00948	104		true
n01213	8	0.6700	n02009	n00199	74		true
n01214	8	0.6700	n00027	n00114	59		true
n01215	7	0.6700	n01416		246		true
n01216	7	0.6700	n01019		79		true
n01217	6	0.6700	n01576 n02002		83		true
n01218	6	0.6700	n00775		48		true
n01219	5	0.6700	n01791		67		true
n01220	5	0.6700	n00880		235		true
n01221	6	0.6700	n00224 n01328	n00794	111		true
n01222	28	0.6600	n01652 n01812	n00890 n01314	191		true
n01223	25	0.6600	n01391 n02321	n00558 n01544	420		true
n01224	26	0.6600	n00281	n01057 n01310	168		true
n01225	22	0.6600	n00934	n01500 n01848	329		true
n01226	18	0.6600	n00503	n00015 n00087	33		true
n01227	15	0.6600	n02220	n01550	327		true
n01228	16	0.6600	n00934	n00560 n01948 n02362	110		true
n01229	14	0.6600		n00145 n00524	108		true
n01230	13	0.6600	n01894 n02331	n00917 n02300	112		true
n01231	11	0.6600		n00053 n01868	64		true
n01232	9	0.6600	n00221	n00177	227		true
n01233	10	0.6600	n01852 n02139	n01875	178		true
n01234	9	0.6600	n01249 n01699	n00793	31		true
n01235	8	0.6600	n01606	n00185	81		true
n01236	8	0.6600	n00506	n00206	28		true
n01237	8	0.6600	n02017 n02289	n00314	162		true
n01238	9	0.6600	n00290	n00678	65		true
n01239	7	0.6600	n01122		52		true
n01240	7	0.6600	n00974		79		true
n01241	7	0.6600	n01203	n00344	35		true
n01242	7	0.6600	n00775 n02101		59		true
n01243	7	0.6600	n02002		140		true
n01244	6	0.6600	n01180 n01607	n00616	52		true
n01245	6	0.6600	n02247		80		true
n01246	6	0.6600	n02055		48		true
n01247	5	0.6566	n00963		50		true
n01248	71	0.6500	n01811	n00459 n02322	382		true
n01249	40	0.6500	n01371	n01234 n01415 n01707 n01965	93		true
n01250	33	0.6500	n01390 n02003	n00914 n01573 n01778	91		true
n01251	19	0.6500	n01484 n02325	n00370 n00416 n00535	258		true
n01252	18	0.6500	n01485	n02283	213		true
n01253	15	0.6500	n02334	n00222 n00391	161		true
n01254	13	0.6500	n01695	n01131 n01677	282		true
n01255	11	0.6500	n00909	n00856 n01194	198		true
n01256	10	0.6500	n01622 n02321	n00524 n00553	99		true
n01257	12	0.6500	n00911	n01265 n01441	434		true
n01258	8	0.6500	n01967		52		true
n01259	8	0.6500	n01293		240		true
n01260	7	0.6500	n00703		40		true
n01261	7	0.6500	n02321	n00614	103		true
n01262	7	0.6500	n01676	n00263	288		true
n01263	6	0.6500	n00879	n00656	101		true
n01264	6	0.6500	n02133		63		true
n01265	6	0.6500	n01257 n01429		244		true
n01266	5	0.6500	n02002		34		true
n01267	5	0.6500	n00932 n02321		217		true
n01268	27	0.6400	n01390 n02003	n01125 n02131	215		true
n01269	31	0.6400	n01146	n01406 n02156 n02223	173		true
n01270	27	0.6400	n00623	n00837	256		true
n01271	23	0.6400	n02002	n00868 n00911	576		true
n01272	21	0.6400	n01414	n00007	332		true
n01273	20	0.6400	n02380	n01985 n02284	95		true
n01274	13	0.6400	n01890	n01080	51		true
n01275	13	0.6400	n02380	n00633 n01470	169		true
n01276	12	0.6400	n00695	n00041	102		true
n01277	13	0.6400	n01886	n00359 n00922 n01536	185		true
n01278	14	0.6400	n02003 n02136	n00386 n02251	401		true
n01279	11	0.6400	n00355 n02013	n00171	71		true
n01280	10	0.6400	n00932 n02321	n00785 n01438	99		true
n01281	7	0.6400	n00007		118		true
n01282	7	0.6400	n02395	n00858	54		true
n01283	7	0.6400	n00932 n02321		196		true
n01284	6	0.6400	n01622 n02321	n00447	36		true
n01285	6	0.6400	n00142	n00554	77		true
n01286	6	0.6400	n01742		123		true
n01287	5	0.6400	n01743		66		true
n01288	23	0.6300	n02002 n02048	n00014 n00960	135		true
n01289	22	0.6300	n02002 n02003	n01609 n01663	458		true
n01290	14	0.6300	n01415	n00019	19		true
n01291	14	0.6300	n01519	n00895 n01565 n02298	62		true
n01292	12	0.6300	n00589	n00424	33		true
n01293	13	0.6300	n01663	n01259 n01499	312		true
n01294	11	0.6300	n00356	n00151	23		true
n01295	9	0.6300	n00932 n02321	n00238	245		true
n01296	9	0.6300	n00023	n00090 n01144	218		true
n01297	9	0.6300	n02283	n00085	96		true
n01298	9	0.6300	n02003	n00092	148		true
n01299	11	0.6300	n02018	n01113 n02419	263		true
n01300	9	0.6300	n01129 n01891	n00308	63		true
n01301	8	0.6300	n02002	n00528	76		true
n01302	7	0.6300	n00417 n00932 n01884	n00580	149		true
n01303	7	0.6300	n00932 n02321		52		true
n01304	7	0.6300	n01938		85		true
n01305	6	0.6300	n01789		56		true
n01306	6	0.6300	n01078 n01491 n02108		88		true
n01307	6	0.6300	n01189		28		true
n01308	6	0.6263			120		true
n01309	25	0.6200	n01390 n02003	n00936	124		true
n01310	22	0.6200	n00836 n01224	n02385	98		true
n01311	17	0.6200	n01147 n02053	n01547 n01932	109		true
n01312	18	0.6200	n02227	n00817 n01420	127		true
n01313	18	0.6200	n01622 n02321	n01202	84		true
n01314	16	0.6200	n01222 n02277	n01012 n01978	118		true
n01315	16	0.6200	n02280	n01130 n01210	192		true
n01316	16	0.6200	n00624	n00295 n01936	44		true
n01317	15	0.6200	n02174 n02221	n00141	48		true
n01318	13	0.6200	n02330	n00664 n01613	296		true
n01319	12	0.6200	n01097	n00516	128		true
n01320	12	0.6200	n00878	n00366 n01532	111		true
n01321	11	0.6200	n02175	n00846	87		true
n01322	10	0.6200	n02002	n00900	63		true
n01323	10	0.6200	n01375	n01074 n02318	198		true
n01324	9	0.6200	n00016	n00211	78		true
n01325	9	0.6200	n02002	n00608	49		true
n01326	8	0.6200	n00559	n00731	49		true
n01327	9	0.6200	n00932 n02321	n00437	101		true
n01328	8	0.6200	n00957	n01221	306		true
n01329	7	0.6200	n02191 n02398		56		true
n01330	7	0.6200	n01524 n02276		68		true
n01331	7	0.6200	n02002	n00539	134		true
n01332	6	0.6200	n00290		60		true
n01333	6	0.6200	n01390 n02003		213		true
n01334	6	0.6200	n00809	n00582	33		true
n01335	6	0.6200	n01436 n01906	n00693	46		true
n01336	6	0.6200	n01523		32		true
n01337	5	0.6200	n01379		90		true
n01338	5	0.6200	n02002		51		true
n01339	34	0.6100	n02003	n00351 n00412	381		true
n01340	22	0.6100	n00282	n01597 n02415	210		true
n01341	17	0.6100	n02133	n00894 n02020	180		true
n01342	16	0.6100	n01622 n02321	n00995 n02016	207		true
n01343	18	0.6100	n01771	n01458 n02155	211		true
n01344	16	0.6100	n00410	n00591	38		true
n01345	14	0.6100	n00932	n00593 n01756	62		true
n01346	13	0.6100	n01622 n02321	n00060	329		true
n01347	11	0.6100	n01738	n00231	126		true
n01348	10	0.6100	n02002	n00076	321		true
n01349	10	0.6100	n01604	n00742	174		true
n01350	10	0.6100	n02321	n00614 n00984	194		true
n01351	10	0.6100	n01489	n00081	248		true
n01352	9	0.6100		n00568	140		true
n01353	9	0.6100	n02002	n00906	173		true
n01354	9	0.6100	n00804	n00187	76		true
n01355	9	0.6100	n01160	n00178	971		true
n01356	10	0.6100	n01494	n00732 n00750	128		true
n01357	8	0.6100	n01693	n00198	178		true
n01358	8	0.6100	n00932 n02321	n00436	46		true
n01359	8	0.6100	n01184	n00271	108		true
n01360	8	0.6100	n01790	n00315	78		true
n01361	7	0.6100	n01736 n02347		69		true
n01362	7	0.6100	n01780 n02003		68		true
n01363	7	0.6100	n02002		89		true
n01364	6	0.6100	n02403		40		true
n01365	6	0.6100	n01987		273		true
n01366	6	0.6100	n02026		48		true
n01367	5	0.6100	n01894		67		true
n01368	5	0.6100	n01456 n02003		104		true
n01369	5	0.6100	n02002		28		true
n01370	65	0.6000	n00932 n02321	n00367 n00644 n01165 n01489 n01787 n02041 n02102	623		true
n01371	46	0.6000	n01538	n01249 n01774	121		true
n01372	27	0.6000	n02324	n00770	83		true
n01373	15	0.6000	n00503 n01772	n00015 n02355	31		true
n01374	15	0.6000	n00735	n01678 n01783	225		true
n01375	14	0.6000	n01846	n01029 n01323 n02070	237		true
n01376	10	0.6000	n02002	n00069	106		true
n01377	10	0.6000	n01847	n01114 n01512	144		true
n01378	10	0.6000	n02002 n02124	n00372	191		true
n01379	9	0.6000	n00772 n00932	n01337	119		true
n01380	7	0.6000	n01929		53		true
n01381	7	0.6000	n02002 n02003	n00542	55		true
n01382	6	0.6000	n01390 n02003		117		true
n01383	6	0.6000	n02331 n02357	n00586	73		true
n01384	6	0.6000	n02282		83		true
n01385	5	0.6000	n02068		25		true
n01386	7	0.5960	n00289	n00115	27		true
n01387	5	0.5960	n02003		30		true
n01388	6	0.5938	n00976	n00272	153		true
n01389	6	0.5918	n00053		56		true
n01390	1334	0.5900		n00000 n00037 n00053 n00089 n00106 n00159 n00286 n00287 n00346 n00408 n00506 n00536 n00543 n00604 n00651 n00741 n00847 n00926 n00965 n00977 n01019 n01070 n01107 n01170 n01175 n01250 n01268 n01309 n01333 n01382 n01411 n01412 n01451 n01471 n01517 n01564 n01570 n01604 n01620 n01634 n01635 n01667 n01680 n01698 n01703 n01706 n01728 n01742 n01765 n01797 n01822 n01834 n01869 n01871 n01878 n01892 n01952 n01956 n01958 n02005 n02034 n02055 n02060 n02074 n02081 n02088 n02089 n02094 n02125 n02126 n02129 n02152 n02173 n02174 n02175 n02177 n02179 n02188 n02221 n02224 n02246 n02268 n02279 n02332 n02335 n02338 n02351 n02361 n02366 n02380 n02414	5776		true
n01391	41	0.5900		n01040 n01077 n01223	569		true
n01392	32	0.5900	n01921	n00463 n01124	432		true
n01393	29	0.5900	n00214	n00961 n01099	107		true
n01394	20	0.5900	n02002	n00799 n01835	108		true
n01395	18	0.5900	n01573	n00356 n01523	57		true
n01396	15	0.5900	n02321	n00774	267		true
n01397	14	0.5900	n01925	n00229 n00323	64		true
n01398	12	0.5900	n02003	n00543 n01409	162		true
n01399	13	0.5900	n00932 n02321	n01903	127		true
n01400	11	0.5900	n01043	n00849	122		true
n01401	11	0.5900	n02232	n00231 n00487	133		true
n01402	10	0.5900	n01199	n00066	13		true
n01403	9	0.5900	n01458	n00747	158		true
n01404	9	0.5900	n02002 n02003	n00968	94		true
n01405	9	0.5900	n00133	n00317	202		true
n01406	8	0.5900	n01269 n02045	n00904 n01196	66		true
n01407	9	0.5900	n00662	n00091	94		true
n01408	8	0.5900	n02383	n00931	39		true
n01409	7	0.5900	n01398		86		true
n01410	7	0.5900	n01622 n02321	n00443	52		true
n01411	7	0.5900	n01390 n02003	n00113	50		true
n01412	6	0.5900	n01390 n02003	n00724 n00763	184		true
n01413	5	0.5900	n01107		107		true
n01414	25	0.5800	n02173	n01272 n02037 n02377	355		true
n01415	18	0.5800	n01249	n00793 n01290	28		true
n01416	15	0.5800	n02225	n01030 n01215	257		true
n01417	16	0.5800	n01076	n00230 n01192 n02259	146		true
n01418	16	0.5800	n02002 n02003	n00668 n01546	126		true
n01419	16	0.5800	n01662	n02245 n02396	239		true
n01420	16	0.5800	n01312 n01842	n01180 n01607	105		true
n01421	13	0.5800	n02385	n00029	71		true
n01422	12	0.5800	n01150	n00145	94		true
n01423	12	0.5800	n01154	n00743 n02109	102		true
n01424	11	0.5800	n02230	n00057	72		true
n01425	10	0.5800	n01732	n00708	58		true
n01426	10	0.5800	n01816	n00334 n00532	92		true
n01427	10	0.5800	n01819	n00821 n01683	114		true
n01428	9	0.5800	n00799	n00390 n00718	63		true
n01429	9	0.5800	n00911	n01265	292		true
n01430	10	0.5800	n01859	n01804	74		true
n01431	9	0.5800	n01849 n02189	n01193	158		true
n01432	8	0.5800	n01663		122		true
n01433	7	0.5800	n02002	n00270	112		true
n01434	7	0.5800	n01068	n00324	51		true
n01435	7	0.5800	n00660		91		true
n01436	9	0.5800	n02232 n02350	n00930 n01335	70		true
n01437	7	0.5800	n02321		224		true
n01438	6	0.5800	n01280 n01896		79		true
n01439	6	0.5800	n01574	n00555	60		true
n01440	6	0.5800	n01581		66		true
n01441	6	0.5800	n01257	n00649	214		true
n01442	5	0.5800	n02174		20		true
n01443	5	0.5800	n02002		76		true
n01444	7	0.5795	n00037	n00457	45		true
n01445	59	0.5700	n00346 n02270	n00003 n00767	265		true
n01446	52	0.5700	n01622 n02321	n02379	461		true
n01447	28	0.5700	n00002 n01095	n02007	109		true
n01448	20	0.5700	n00907	n00922 n01199	167		true
n01449	17	0.5700	n00935 n02003	n00286 n01614	190		true
n01450	17	0.5700	n01542	n00136 n01648	17		true
n01451	16	0.5700	n01390 n02003	n00030	392		true
n01452	17	0.5700	n02009	n01782 n02035	123		true
n01453	16	0.5700	n01625	n01168 n01211 n01950	220		true
n01454	18	0.5700	n01692	n00473 n01603	243		true
n01455	14	0.5700	n01661	n00850 n00977	304		true
n01456	13	0.5700	n01011	n00531 n00710 n01368	209		true
n01457	12	0.5700	n00771	n00049	33		true
n01458	14	0.5700	n01343 n01819	n01403 n01560	205		true
n01459	12	0.5700	n01128	n00853 n01557	82		true
n01460	12	0.5700	n02273	n00154 n02253	363		true
n01461	10	0.5700	n02321	n00077	75		true
n01462	9	0.5700	n00932 n02321	n00709	40		true
n01463	9	0.5700	n00699	n00677	66		true
n01464	9	0.5700	n02322	n00096	23		true
n01465	10	0.5700	n00630	n01033 n01687	284		true
n01466	9	0.5700	n01622 n02321	n00108	100		true
n01467	9	0.5700	n02003	n00236	173		true
n01468	8	0.5700	n02086	n00523	15		true
n01469	8	0.5700	n02346	n00620 n00969	26		true
n01470	8	0.5700	n01275	n00720	140		true
n01471	7	0.5700	n01390 n02003	n00786	218		true
n01472	7	0.5700	n01672		196		true
n01473	7	0.5700	n01785 n02021 n02191		72		true
n01474	7	0.5700	n00774		171		true
n01475	7	0.5700	n01699	n00552	41		true
n01476	7	0.5700	n00040	n00200	98		true
n01477	7	0.5700	n02300		57		true
n01478	7	0.5700	n01541		123		true
n01479	5	0.5700	n00006		73		true
n01480	5	0.5700	n01665 n01974		65		true
n01481	7	0.5657	n02098	n00550	54		true
n01482	68	0.5600		n00215 n01040 n01773	737		true
n01483	30	0.5600	n00932 n02321	n01487 n01518	552		true
n01484	23	0.5600	n01654	n01200 n01251 n01717	306		true
n01485	24	0.5600	n02002	n01252 n02052	245		true
n01486	20	0.5600	n01965	n00910 n02288	72		true
n01487	17	0.5600	n01483 n02328	n00222 n00320	415		true
n01488	13	0.5600	n02388	n01063	62		true
n01489	13	0.5600	n01370	n01351	277		true
n01490	12	0.5600	n02011	n00167 n00765	26		true
n01491	12	0.5600	n01846	n01029 n01074 n01306	154		true
n01492	11	0.5600	n00894	n00635 n01644	131		true
n01493	11	0.5600	n01577	n00154	270		true
n01494	13	0.5600	n00010	n00249 n01356	138		true
n01495	10	0.5600	n02002	n00820 n00971	310		true
n01496	9	0.5600	n00631	n00239	381		true
n01497	9	0.5600	n02136 n02321	n00336 n00386	149		true
n01498	9	0.5600	n02002	n00905	94		true
n01499	9	0.5600	n01293	n02218	198		true
n01500	8	0.5600	n01225	n00694 n00729	260		true
n01501	8	0.5600	n01888	n00250	30		true
n01502	7	0.5600	n00218 n00974	n00758	72		true
n01503	7	0.5600	n00412	n00446	143		true
n01504	7	0.5600	n02002		105		true
n01505	7	0.5600	n01773 n02133		63		true
n01506	7	0.5600	n00932 n02321		267		true
n01507	7	0.5600	n00560		49		true
n01508	6	0.5600	n02002	n00646	95		true
n01509	6	0.5600	n01864	n00482	73		true
n01510	6	0.5600	n02002 n02003		90		true
n01511	5	0.5600	n00143		39		true
n01512	5	0.5600	n01377 n02072		91		true
n01513	7	0.5556	n00805	n00657	88		true
n01514	6	0.5556	n00509	n00764	74		true
n01515	60	0.5500	n01881	n02047 n02276 n02285 n02381	443		true
n01516	30	0.5500	n02128	n00152 n01106 n01157	336		true
n01517	28	0.5500	n01390 n02003	n00797 n02368	93		true
n01518	24	0.5500	n01483	n00222 n01058	288		true
n01519	23	0.5500	n02007	n01291 n01671	83		true
n01520	21	0.5500	n00770	n01014 n01731	66		true
n01521	16	0.5500	n01887	n00203 n00667	46		true
n01522	14	0.5500	n01656	n00943 n02400	214		true
n01523	14	0.5500	n01395	n00024 n01336	47		true
n01524	12	0.5500	n02047	n00848 n01330	100		true
n01525	12	0.5500	n02002	n00070	65		true
n01526	9	0.5500	n01154		70		true
n01527	8	0.5500	n00960	n00791	33		true
n01528	9	0.5500	n01669	n01003 n01808	63		true
n01529	7	0.5500	n00663	n00321	176		true
n01530	7	0.5500	n01899		55		true
n01531	7	0.5500	n01851	n00650	182		true
n01532	6	0.5500	n01320	n00692	57		true
n01533	6	0.5500	n01674		49		true
n01534	6	0.5500	n02002 n02003		99		true
n01535	6	0.5500	n01065	n00650 n00727	188		true
n01536	6	0.5500	n01277 n02062	n00583	42		true
n01537	5	0.5455	n00059		37		true
n01538	54	0.5400	n00408	n00325 n01371	152		true
n01539	32	0.5400	n01811	n00769 n01545	291		true
n01540	22	0.5400	n02219	n00349 n01190	265		true
n01541	21	0.5400	n00908	n01478 n01615 n02183	234		true
n01542	20	0.5400	n00933	n00686 n01450	20		true
n01543	16	0.5400	n02381	n01560 n01683 n02155	130		true
n01544	16	0.5400	n01223	n00630	334		true
n01545	14	0.5400	n01539	n00738 n01132	71		true
n01546	13	0.5400	n01418	n01637	102		true
n01547	13	0.5400	n01311 n01571	n00313 n00807	105		true
n01548	14	0.5400	n02002	n00740 n00782	96		true
n01549	12	0.5400	n02332	n00464 n01187	42		true
n01550	12	0.5400	n01227	n00060	302		true
n01551	11	0.5400	n00839	n00148	104		true
n01552	11	0.5400	n02326	n00061	339		true
n01553	9	0.5400	n00932 n02321	n00320	354		true
n01554	9	0.5400		n01999 n02320 n02375	1122		true
n01555	10	0.5400	n01622 n02321	n01000	304		true
n01556	8	0.5400	n00415	n00101	86		true
n01557	9	0.5400	n00803 n01459	n00112	40		true
n01558	8	0.5400	n02002		50		true
n01559	9	0.5400	n02343	n00929	190		true
n01560	8	0.5400	n01458 n01543		94		true
n01561	8	0.5400	n02003		161		true
n01562	8	0.5400	n01818	n00857	243		true
n01563	7	0.5400	n00943	n00319	81		true
n01564	7	0.5400	n01390 n02003	n00397	38		true
n01565	6	0.5400	n01291 n01658		29		true
n01566	6	0.5400	n02104		32		true
n01567	6	0.5400	n00932 n02321		54		true
n01568	6	0.5400			338		true
n01569	6	0.5400	n00594	n00834	151		true
n01570	6	0.5400	n01390 n02003		41		true
n01571	24	0.5300	n00557	n00508 n01547	207		true
n01572	24	0.5300	n02323	n00307 n00349	270		true
n01573	25	0.5300	n01250	n00182 n01395	64		true
n01574	24	0.5300	n02006	n01439 n01820 n01851	286		true
n01575	14	0.5300	n02384	n00260 n00896	77		true
n01576	17	0.5300	n02003	n00751 n01160 n01217	1044		true
n01577	14	0.5300	n02273	n01493 n02165	298		true
n01578	13	0.5300	n00771	n00049 n01119 n01617	88		true
n01579	12	0.5300	n02184	n00294 n01880	269		true
n01580	11	0.5300	n01204	n02409	230		true
n01581	12	0.5300	n00932 n02321	n01440	97		true
n01582	11	0.5300	n02289	n00314 n00712	180		true
n01583	10	0.5300	n02002 n02003	n00684 n01993	81		true
n01584	10	0.5300	n00993	n00378	236		true
n01585	10	0.5300	n02338	n01031 n02168	216		true
n01586	9	0.5300	n00973	n00196	40		true
n01587	9	0.5300	n02095	n00573	66		true
n01588	9	0.5300	n02002	n00537	162		true
n01589	8	0.5300	n00028	n00098	138		true
n01590	8	0.5300	n01159	n00382	218		true
n01591	8	0.5300	n01207	n00588	18		true
n01592	6	0.5300	n00592 n01049	n00722	41		true
n01593	5	0.5300	n01622 n02321		61		true
n01594	5	0.5300	n02002 n02003		42		true
n01595	41	0.5200	n00987	n00005 n00411	85		true
n01596	22	0.5200	n02321	n00717 n00735 n02301 n02394	312		true
n01597	18	0.5200	n01340	n00628 n02389	197		true
n01598	19	0.5200	n01622 n02321	n01605 n01741	302		true
n01599	19	0.5200	n00955	n00142 n00808	216		true
n01600	17	0.5200	n01883	n00878 n02247	138		true
n01601	17	0.5200	n02220	n00670 n02240	245		true
n01602	14	0.5200	n02278	n01015 n02029 n02154	77		true
n01603	13	0.5200	n01454	n01062	218		true
n01604	15	0.5200	n01390 n02003	n01349 n02243	192		true
n01605	12	0.5200	n01598	n00636	129		true
n01606	11	0.5200	n00284	n01235	92		true
n01607	10	0.5200	n01420	n01244	72		true
n01608	11	0.5200	n00932 n02321	n00675 n01876	254		true
n01609	10	0.5200	n01289	n00814	237		true
n01610	9	0.5200	n02016	n00369	123		true
n01611	8	0.5200	n00013	n00251	111		true
n01612	8	0.5200	n01892	n00189	51		true
n01613	8	0.5200	n01318		105		true
n01614	8	0.5200	n01042 n01449	n00255	102		true
n01615	8	0.5200	n01541		69		true
n01616	7	0.5200	n00932 n02321		302		true
n01617	7	0.5200	n01578	n00490	24		true
n01618	7	0.5200	n01636		64		true
n01619	6	0.5200	n01021 n01201		295		true
n01620	6	0.5200	n01390 n02003		61		true
n01621	5	0.5200	n02002 n02003		50		true
n01622	717	0.5100		n00012 n00077 n00097 n00138 n00215 n00610 n00748 n00815 n01148 n01174 n01256 n01284 n01313 n01342 n01346 n01410 n01446 n01466 n01555 n01593 n01598 n01653 n01727 n01811 n01906 n01918 n01921 n01924 n01966 n01976 n02054 n02063 n02184 n02220 n02235 n02248 n02249 n02269 n02275 n02304 n02307 n02312 n02363	4396		true
n01623	35	0.5100		n00130 n02051	459		true
n01624	24	0.5100	n00932 n02321	n00437 n00660	200		true
n01625	19	0.5100	n00838	n01453 n01740 n01933	228		true
n01626	17	0.5100	n00908	n01044	137		true
n01627	19	0.5100	n00132	n00737 n01078	282		true
n01628	15	0.5100	n02002	n00879 n02209	156		true
n01629	14	0.5100	n02002 n02003	n00509	234		true
n01630	12	0.5100	n02281	n00036	89		true
n01631	12	0.5100	n01925	n00229 n02069	69		true
n01632	12	0.5100	n02002	n00300 n00316	137		true
n01633	12	0.5100	n00932 n02321	n01082	228		true
n01634	11	0.5100	n01390 n02003	n00515 n02368	64		true
n01635	10	0.5100	n01390 n02003	n00306	213		true
n01636	10	0.5100	n02339	n00641 n01618	95		true
n01637	11	0.5100	n01546	n00927	94		true
n01638	9	0.5100	n00932 n02321	n00261	23		true
n01639	9	0.5100	n02389	n00476	113		true
n01640	9	0.5100	n02003	n00816	513		true
n01641	8	0.5100	n02143 n02398		29		true
n01642	8	0.5100	n01661	n00478	109		true
n01643	8	0.5100	n01015		54		true
n01644	8	0.5100	n01492	n00188	89		true
n01645	7	0.5100	n01018	n00529	83		true
n01646	7	0.5100	n02002		33		true
n01647	6	0.5100	n00994 n02071 n02410		29		true
n01648	6	0.5100	n01450	n00492	6		true
n01649	5	0.5100	n00932		57		true
n01650	8	0.5051	n00508		36		true
n01651	65	0.5000		n00796 n02135	475		true
n01652	35	0.5000	n02002	n01222 n02277	220		true
n01653	30	0.5000	n01622 n02321	n02282 n02326	515		true
n01654	27	0.5000	n02002	n01484 n01969 n02258	324		true
n01655	25	0.5000	n02086	n00348	268		true
n01656	27	0.5000	n02002 n02124	n00372 n01198 n01522	284		true
n01657	26	0.5000	n02127	n00991 n01887	59		true
n01658	26	0.5000	n00002 n01095	n01565 n01967	76		true
n01659	22	0.5000	n01768 n02002	n01036 n01151	211		true
n01660	20	0.5000	n00837	n00972 n02017	216		true
n01661	19	0.5000	n02003	n01455 n01642 n01786	342		true
n01662	18	0.5000	n00932 n02321	n01419 n01852 n02139	251		true
n01663	15	0.5000	n01289	n01293 n01432	329		true
n01664	13	0.5000	n00349	n00776	228		true
n01665	13	0.5000	n01100	n00513 n01480	101		true
n01666	14	0.5000	n01155	n01752 n02419	144		true
n01667	12	0.5000	n01390 n02003	n00040	160		true
n01668	13	0.5000	n02124	n00880 n02303	450		true
n01669	13	0.5000	n00863	n01528 n02306	82		true
n01670	13	0.5000	n02228	n00866 n02210	47		true
n01671	11	0.5000	n01519 n01975	n01748	49		true
n01672	10	0.5000	n01979	n00810 n01472	217		true
n01673	10	0.5000	n00802	n00187	91		true
n01674	10	0.5000	n00737	n00565 n01533	90		true
n01675	10	0.5000	n02002	n00376 n00906 n01088	102		true
n01676	11	0.5000	n02269	n00778 n01262	337		true
n01677	10	0.5000	n01254	n02214	265		true
n01678	10	0.5000	n00958 n01374	n00232	155		true
n01679	11	0.5000	n01060	n00465 n02079	57		true
n01680	9	0.5000	n01390 n02003	n00305	89		true
n01681	10	0.5000	n01174	n00232	209		true
n01682	10	0.5000	n01784	n00569	63		true
n01683	7	0.5000	n01427 n01543		83		true
n01684	7	0.5000	n00932 n02321	n00832	782		true
n01685	7	0.5000	n00932 n02321	n00328	136		true
n01686	6	0.5000	n01869		44		true
n01687	6	0.5000	n01465	n00652	128		true
n01688	6	0.5000	n00932 n02321		41		true
n01689	5	0.5000	n00932 n02321		60		true
n01690	29	0.4900	n01811	n01724 n02337	283		true
n01691	25	0.4900	n02002	n01177 n02138	139		true
n01692	19	0.4900	n02323	n01454	257		true
n01693	19	0.4900	n02326	n01156 n01357	462		true
n01694	18	0.4900	n00003	n00223 n00363 n02348	42		true
n01695	17	0.4900	n02178	n01254	312		true
n01696	16	0.4900	n00932	n00672 n01754	139		true
n01697	13	0.4900	n02002	n00058	211		true
n01698	12	0.4900	n01390 n02003	n01023	47		true
n01699	13	0.4900	n01774	n01234 n01475	57		true
n01700	10	0.4900	n02341	n00523 n00921	14		true
n01701	10	0.4900		n00237	104		true
n01702	10	0.4900	n02089	n00640	59		true
n01703	10	0.4900	n01390 n02003	n00481 n00602	51		true
n01704	11	0.4900	n02321	n00928 n00984	133		true
n01705	9	0.4900	n01980	n00468	67		true
n01706	9	0.4900	n01390 n02003	n00602 n00833	27		true
n01707	9	0.4900	n01249 n02046	n00207 n00793	25		true
n01708	7	0.4900	n02002	n00266	66		true
n01709	7	0.4900	n01844		49		true
n01710	7	0.4900	n01850	n00494	56		true
n01711	7	0.4900	n02251		327		true
n01712	6	0.4900	n00932 n02321	n00485	50		true
n01713	6	0.4900	n00227	n00621	144		true
n01714	6	0.4900	n02003		70		true
n01715	6	0.4900	n02101	n00726	45		true
n01716	6	0.4900	n01065	n00650	180		true
n01717	5	0.4900	n01484 n01969		94		true
n01718	5	0.4900	n02002 n02003		134		true
n01719	6	0.4898	n00060	n00404	229		true
n01720	5	0.4886	n00059		73		true
n01721	6	0.4848	n00880		442		true
n01722	6	0.4845	n00675	n00825	230		true
n01723	44	0.4800		n00159 n00658 n02135	206		true
n01724	25	0.4800	n01690	n00621 n01126	249		true
n01725	26	0.4800	n02221	n01129 n01891	117		true
n01726	22	0.4800	n02002	n00149 n00219	281		true
n01727	22	0.4800	n01622 n02321	n00027 n00663	276		true
n01728	19	0.4800	n01390 n02003	n00026 n00074	111		true
n01729	18	0.4800	n02002	n00801	168		true
n01730	19	0.4800	n00935 n01121	n01042 n02123	129		true
n01731	18	0.4800	n01520	n00093 n00418	58		true
n01732	19	0.4800	n01966	n00919 n01425	137		true
n01733	16	0.4800	n00769	n00738 n02244	196		true
n01734	16	0.4800	n02329	n00699	135		true
n01735	16	0.4800	n00991	n00107 n00667	34		true
n01736	15	0.4800	n02002	n01361 n01859	153		true
n01737	13	0.4800	n02015	n00290	90		true
n01738	14	0.4800	n02232	n00930 n01347	141		true
n01739	13	0.4800	n01769 n02091	n00945 n02203	80		true
n01740	10	0.4800	n01625	n01168	151		true
n01741	11	0.4800	n01598	n00925	221		true
n01742	10	0.4800	n01390 n02003	n01286 n01805	129		true
n01743	10	0.4800	n00932 n02321	n01287 n02260	112		true
n01744	9	0.4800	n02321	n00715	146		true
n01745	9	0.4800	n02394	n01055	160		true
n01746	9	0.4800	n00972 n01854	n00712	66		true
n01747	9	0.4800	n00932 n02321	n01038	105		true
n01748	8	0.4800	n01671	n00335	43		true
n01749	8	0.4800	n02397	n00575	40		true
n01750	8	0.4800	n02144 n02182	n00489 n00731	60		true
n01751	8	0.4800	n02002 n02003	n00577	158		true
n01752	8	0.4800	n01666 n02196	n00856	124		true
n01753	8	0.4800	n00932 n02321		207		true
n01754	8	0.4800	n01696 n02151	n00264	88		true
n01755	8	0.4800	n00932 n02321	n00832	866		true
n01756	7	0.4800	n01345		39		true
n01757	7	0.4800	n02002 n02003	n00684	57		true
n01758	7	0.4800	n02338		961		true
n01759	7	0.4800	n00932 n02321		104		true
n01760	6	0.4800	n01822	n00833	35		true
n01761	6	0.4800	n01175	n00763	377		true
n01762	6	0.4800	n00932 n02321		54		true
n01763	6	0.4800	n02017		33		true
n01764	7	0.4747	n01154		73		true
n01765	7	0.4747	n01390 n02003		53		true
n01766	61	0.4700	n02321	n01097 n01122	668		true
n01767	28	0.4700	n02125	n00934	349		true
n01768	27	0.4700		n01659 n01814	309		true
n01769	24	0.4700	n02046	n01739 n01930	145		true
n01770	21	0.4700	n02002 n02124	n00350	85		true
n01771	21	0.4700	n02047 n02381	n00848 n01343	229		true
n01772	18	0.4700	n01123 n02383	n00931 n01373	45		true
n01773	19	0.4700	n01482	n01077 n01505 n02140	180		true
n01774	17	0.4700	n01371 n02091	n01167 n01699	77		true
n01775	17	0.4700	n02002	n00994 n01182	66		true
n01776	17	0.4700	n00932 n02321	n00436 n00559	288		true
n01777	14	0.4700	n00623	n00023	239		true
n01778	15	0.4700	n01250	n00182 n02024	37		true
n01779	13	0.4700	n02321	n00077 n00607	113		true
n01780	12	0.4700		n01083 n01362	108		true
n01781	12	0.4700	n02002	n00165	109		true
n01782	13	0.4700	n01452	n00632	94		true
n01783	12	0.4700	n01374	n00232 n00439	211		true
n01784	12	0.4700		n00865 n01682	79		true
n01785	11	0.4700	n02321	n01190 n01473	95		true
n01786	11	0.4700	n01661	n00850 n01871	281		true
n01787	10	0.4700	n01370	n00498 n01953	86		true
n01788	11	0.4700	n02271	n00807	175		true
n01789	10	0.4700	n00932 n02321	n00645 n01305	107		true
n01790	10	0.4700	n00932 n02321	n01360	82		true
n01791	11	0.4700	n02236	n00466 n01219	152		true
n01792	11	0.4700	n02050	n00434 n02072	157		true
n01793	9	0.4700	n00932 n02321		107		true
n01794	9	0.4700	n02002	n00875	128		true
n01795	8	0.4700	n01200	n00535	98		true
n01796	8	0.4700	n02002	n00316	102		true
n01797	8	0.4700	n01390 n02003	n00208	91		true
n01798	9	0.4700	n01811	n01117	74		true
n01799	9	0.4700		n01173	89		true
n01800	7	0.4700	n00938	n00393 n00622	101		true
n01801	7	0.4700			59		true
n01802	7	0.4700	n02146		194		true
n01803	6	0.4700	n02249		164		true
n01804	6	0.4700	n01430	n00655	45		true
n01805	6	0.4700	n01742		48		true
n01806	6	0.4700	n00297	n00400	25		true
n01807	5	0.4700	n02002		42		true
n01808	5	0.4694	n01528 n02137 n02306		35		true
n01809	5	0.4688	n00070		9		true
n01810	5	0.4624	n01166 n02171		33		true
n01811	159	0.4600	n01622 n02321	n01004 n01185 n01206 n01248 n01539 n01690 n01798 n01861 n01883	830		true
n01812	64	0.4600	n02002 n02003	n01149 n01222 n01893	510		true
n01813	29	0.4600	n02005	n00092 n02180	195		true
n01814	22	0.4600	n01768	n01151 n01889	274		true
n01815	24	0.4600	n01922	n01849 n02095	234		true
n01816	19	0.4600	n02002 n02003	n00867 n01426	221		true
n01817	18	0.4600		n00038 n02408	158		true
n01818	17	0.4600	n02092	n00597 n01562	312		true
n01819	19	0.4600	n02381	n01427 n01458	233		true
n01820	17	0.4600	n01574	n01065 n01991	269		true
n01821	15	0.4600	n02002	n00292 n00611	206		true
n01822	13	0.4600	n01390 n02003	n00865 n01760	80		true
n01823	12	0.4600	n00505 n00800	n01166 n02171	38		true
n01824	11	0.4600	n01201	n00420	243		true
n01825	10	0.4600	n00932	n00385	77		true
n01826	10	0.4600	n02187	n00365	40		true
n01827	11	0.4600	n01854	n00712	88		true
n01828	9	0.4600	n02002	n00522	521		true
n01829	9	0.4600	n00697	n00522	554		true
n01830	7	0.4600	n00504		33		true
n01831	7	0.4600	n02321		321		true
n01832	6	0.4600	n02103	n00648	52		true
n01833	6	0.4600	n02174	n00333	17		true
n01834	6	0.4600	n01390		112		true
n01835	7	0.4600	n01394	n00581 n00829	50		true
n01836	6	0.4600	n02002		111		true
n01837	5	0.4600	n02002 n02003		41		true
n01838	5	0.4600	n02002 n02003		66		true
n01839	5	0.4600	n02321		121		true
n01840	6	0.4545	n00669	n00733	97		true
n01841	72	0.4500	n02002 n02124	n00283 n00987	108		true
n01842	22	0.4500	n02227	n01420 n01928	144		true
n01843	20	0.4500	n02130	n02144 n02182	302		true
n01844	20	0.4500	n01174	n00447 n01709 n01979	267		true
n01845	21	0.4500	n02002	n01163 n01169 n01980 n02205	231		true
n01846	18	0.4500	n00132	n01078 n01375 n01491	269		true
n01847	19	0.4500	n02050	n00883 n01377	342		true
n01848	18	0.4500	n01225	n00560 n00694 n02362	126		true
n01849	16	0.4500	n01815	n01047 n01431 n02028	195		true
n01850	14	0.4500	n02002	n00143 n01710	117		true
n01851	15	0.4500	n01574	n01065 n01531	237		true
n01852	14	0.4500	n01662	n01112 n01233	239		true
n01853	14	0.4500	n02379	n00669	171		true
n01854	15	0.4500	n00837	n01746 n01827	110		true
n01855	13	0.4500	n01198	n00303 n00676	94		true
n01856	13	0.4500	n02003	n00515 n01863	98		true
n01857	13	0.4500	n02002	n00873 n01109	88		true
n01858	11	0.4500	n00939	n00947	48		true
n01859	12	0.4500	n01736	n01430 n02078	123		true
n01860	11	0.4500	n00004	n00780	310		true
n01861	11	0.4500	n01811	n00366	70		true
n01862	10	0.4500	n02189	n02085	51		true
n01863	9	0.4500	n01856 n02002	n00532	58		true
n01864	9	0.4500	n02243	n01509	147		true
n01865	10	0.4500	n02002	n01172	84		true
n01866	9	0.4500	n02393	n00612	113		true
n01867	10	0.4500	n00841	n00948	227		true
n01868	8	0.4500	n01231		25		true
n01869	9	0.4500	n01390 n02003	n01686	61		true
n01870	8	0.4500	n00932 n02321	n00533	56		true
n01871	7	0.4500	n01390 n01786		186		true
n01872	7	0.4500	n01127	n00383	83		true
n01873	7	0.4500	n02321		114		true
n01874	7	0.4500	n02002 n02003		75		true
n01875	7	0.4500	n01233		122		true
n01876	7	0.4500	n01608 n02049		240		true
n01877	5	0.4500	n02097		84		true
n01878	5	0.4500	n01390 n02003		28		true
n01879	5	0.4500	n02002		55		true
n01880	9	0.4409	n01579	n00579 n01093	257		true
n01881	71	0.4400	n02268	n01208 n01515	487		true
n01882	33	0.4400	n00932 n02321	n00682 n01997 n02178	473		true
n01883	26	0.4400	n01811	n00511 n01600	179		true
n01884	23	0.4400	n01097	n00262 n01018 n01302 n02404	215		true
n01885	21	0.4400	n02002	n00165 n01079	163		true
n01886	20	0.4400	n00907	n00992 n01277	190		true
n01887	21	0.4400	n01657	n00107 n01521	55		true
n01888	19	0.4400	n01964	n00841 n01501	253		true
n01889	18	0.4400	n01814	n00198 n00802	243		true
n01890	18	0.4400	n02125	n01022 n01274 n02201	125		true
n01891	21	0.4400	n01725	n00141 n01300	98		true
n01892	16	0.4400	n01390 n02003	n00966 n01612 n01939	112		true
n01893	15	0.4400	n01812	n00415	118		true
n01894	17	0.4400	n02274	n01230 n01367	135		true
n01895	14	0.4400	n02321	n00526 n01947	170		true
n01896	12	0.4400	n00932 n02321	n01438 n01901	141		true
n01897	12	0.4400	n02087	n01164	190		true
n01898	11	0.4400		n00671	165		true
n01899	12	0.4400	n02138	n01530 n01917	97		true
n01900	9	0.4400	n02002	n01090	178		true
n01901	9	0.4400	n01896	n00785	122		true
n01902	9	0.4400	n02388 n02391	n00467	93		true
n01903	10	0.4400	n01399	n00566	114		true
n01904	8	0.4400	n02002		135		true
n01905	8	0.4400	n00932 n02321	n00533	75		true
n01906	9	0.4400	n01622 n02321	n01335	229		true
n01907	7	0.4400	n02145		68		true
n01908	7	0.4400	n00932 n02321	n00491 n00759	226		true
n01909	7	0.4400	n01100		49		true
n01910	7	0.4400			106		true
n01911	7	0.4400	n01934	n00496	78		true
n01912	7	0.4400	n02027	n00537	121		true
n01913	7	0.4400	n02102		133		true
n01914	7	0.4400	n02002		327		true
n01915	6	0.4400	n02066		87		true
n01916	6	0.4400	n02002 n02003		31		true
n01917	6	0.4400	n01899 n02099		58		true
n01918	5	0.4400	n01622 n02321		54		true
n01919	5	0.4343	n02054		44		true
n01920	5	0.4330	n00424		33		true
n01921	37	0.4300	n01622 n02321	n01104 n01392	514		true
n01922	28	0.4300	n00876	n01815 n02025	247		true
n01923	22	0.4300	n02268	n00861 n02093	186		true
n01924	23	0.4300	n01622 n02321	n00925 n02282 n02309	491		true
n01925	20	0.4300	n02276	n00897 n01397 n01631	87		true
n01926	19	0.4300	n00877	n01212 n01981	198		true
n01927	19	0.4300	n00215	n00352 n02096 n02295	222		true
n01928	18	0.4300	n01842	n00179 n01180	127		true
n01929	15	0.4300	n02002	n00940 n01380	101		true
n01930	15	0.4300	n01769	n00026	94		true
n01931	14	0.4300	n00799	n01940	75		true
n01932	12	0.4300	n01311	n00765 n00807	89		true
n01933	12	0.4300	n01625	n01211	147		true
n01934	14	0.4300	n00876	n00669 n01911	160		true
n01935	13	0.4300	n00216	n01021	335		true
n01936	11	0.4300	n01316 n02333	n00405 n01008	44		true
n01937	12	0.4300	n00659	n00054 n00588	28		true
n01938	10	0.4300	n02287	n00853 n01304	92		true
n01939	10	0.4300	n01892	n00189 n00481	88		true
n01940	12	0.4300	n01931	n00390 n00634	70		true
n01941	11	0.4300	n00215	n00153	167		true
n01942	10	0.4300	n02273	n01071	405		true
n01943	9	0.4300	n00507	n00084	32		true
n01944	10	0.4300	n00413	n01025	57		true
n01945	9	0.4300	n02385	n00368	60		true
n01946	9	0.4300	n02003 n02321	n00871	122		true
n01947	9	0.4300	n01895	n00607	75		true
n01948	9	0.4300	n01228	n00570	52		true
n01949	9	0.4300	n02002	n00721	95		true
n01950	8	0.4300	n01453		107		true
n01951	8	0.4300	n02336	n00329	86		true
n01952	7	0.4300	n01390 n02003	n00541	133		true
n01953	7	0.4300	n01787		82		true
n01954	8	0.4300	n02153	n00824	119		true
n01955	7	0.4300	n02353		250		true
n01956	6	0.4300	n01390 n02003		534		true
n01957	6	0.4300	n02115	n00725	53		true
n01958	5	0.4300	n01390 n02003		41		true
n01959	5	0.4271	n00638		57		true
n01960	6	0.4242	n00057	n00209	45		true
n01961	43	0.4200		n00149 n00935 n01121	330		true
n01962	33	0.4200	n02086	n00410	70		true
n01963	32	0.4200	n02002	n00894 n00938 n01036	397		true
n01964	26	0.4200	n00796	n00877 n01888	308		true
n01965	23	0.4200	n01249 n02046	n01486	77		true
n01966	22	0.4200	n01622 n02321	n01732	234		true
n01967	23	0.4200	n01658	n01258 n01975 n02147	76		true
n01968	20	0.4200	n02002 n02003	n01152	67		true
n01969	19	0.4200	n01654	n00745 n01200 n01717	251		true
n01970	18	0.4200	n02126	n00771	100		true
n01971	17	0.4200	n01125	n00803 n01994	159		true
n01972	17	0.4200	n00695	n00772	168		true
n01973	15	0.4200	n00956	n00020	82		true
n01974	16	0.4200	n01100	n00913 n01480	126		true
n01975	16	0.4200	n01967 n02007	n00544 n00852 n01671	51		true
n01976	14	0.4200	n01622 n02280	n01130	212		true
n01977	13	0.4200	n00891	n01072 n02106 n02217	128		true
n01978	12	0.4200	n01314	n00036	117		true
n01979	13	0.4200	n01844	n01672	238		true
n01980	12	0.4200	n01845	n01705	102		true
n01981	12	0.4200	n01926	n00233	143		true
n01982	12	0.4200	n01146 n02045	n00162 n00904	73		true
n01983	13	0.4200	n00217	n00240 n00601	571		true
n01984	10	0.4200	n00799	n00581 n00718	72		true
n01985	11	0.4200	n01273 n02088	n00637	69		true
n01986	10	0.4200	n02002	n00120	136		true
n01987	9	0.4200	n02002	n01365	322		true
n01988	9	0.4200	n02013	n00171	101		true
n01989	8	0.4200	n00017		85		true
n01990	8	0.4200	n02401	n00472	72		true
n01991	9	0.4200	n01820	n01091	127		true
n01992	8	0.4200	n02002	n00105	106		true
n01993	7	0.4200	n01583	n00442	61		true
n01994	7	0.4200	n01971		123		true
n01995	7	0.4200	n00878 n02247 n02304		74		true
n01996	7	0.4200	n02197	n00491	191		true
n01997	7	0.4200	n01882	n00789	137		true
n01998	7	0.4200	n02054 n02345		58		true
n01999	6	0.4200	n01554	n00444	1110		true
n02000	6	0.4141	n00664		57		true
n02001	7	0.4105	n00145	n00384	61		true
n02002	2303	0.4100		n00002 n00016 n00047 n00132 n00140 n00204 n00225 n00226 n00234 n00236 n00242 n00296 n00355 n00396 n00427 n00444 n00446 n00590 n00662 n00697 n00751 n00752 n00775 n00796 n00880 n00887 n00892 n00901 n00902 n00924 n00937 n00942 n00950 n00952 n00962 n00983 n01001 n01013 n01041 n01053 n01073 n01095 n01100 n01101 n01105 n01135 n01137 n01143 n01145 n01146 n01171 n01176 n01178 n01189 n01197 n01217 n01243 n01266 n01271 n01288 n01289 n01301 n01322 n01325 n01331 n01338 n01348 n01353 n01363 n01369 n01376 n01378 n01381 n01394 n01404 n01418 n01433 n01443 n01485 n01495 n01498 n01504 n01508 n01510 n01525 n01534 n01548 n01558 n01583 n01588 n01594 n01621 n01628 n01629 n01632 n01646 n01652 n01654 n01656 n01659 n01675 n01691 n01697 n01708 n01718 n01726 n01729 n01736 n01751 n01757 n01770 n01775 n01781 n01794 n01796 n01807 n01812 n01816 n01821 n01828 n01836 n01837 n01838 n01841 n01845 n01850 n01857 n01863 n01865 n01874 n01879 n01885 n01900 n01904 n01914 n01916 n01929 n01949 n01963 n01968 n01986 n01987 n01992 n02008 n02009 n02010 n02013 n02026 n02027 n02044 n02045 n02065 n02067 n02071 n02077 n02097 n02098 n02101 n02103 n02105 n02110 n02113 n02115 n02120 n02128 n02133 n02145 n02148 n02149 n02158 n02161 n02166 n02169 n02176 n02181 n02185 n02190 n02204 n02208 n02227 n02229 n02236 n02239 n02252 n02257 n02262 n02265 n02271 n02272 n02274 n02290 n02308 n02314 n02319 n02325 n02329 n02331 n02344 n02347 n02349 n02357 n02360 n02365 n02370 n02371 n02392 n02393 n02395 n02401 n02403 n02405 n02406 n02408 n02410 n02412 n02416	9227		true
n02003	2152	0.4100		n00000 n00037 n00047 n00053 n00064 n00089 n00106 n00140 n00145 n00159 n00287 n00346 n00355 n00408 n00506 n00536 n00590 n00604 n00651 n00662 n00697 n00710 n00715 n00741 n00775 n00847 n00887 n00902 n00926 n00950 n01019 n01039 n01041 n01053 n01070 n01072 n01107 n01109 n01170 n01171 n01175 n01189 n01209 n01250 n01268 n01278 n01289 n01298 n01309 n01333 n01339 n01362 n01368 n01381 n01382 n01387 n01398 n01404 n01411 n01412 n01418 n01449 n01451 n01467 n01471 n01510 n01517 n01534 n01561 n01564 n01570 n01576 n01583 n01594 n01604 n01620 n01621 n01629 n01634 n01635 n01640 n01661 n01667 n01680 n01698 n01703 n01706 n01714 n01718 n01728 n01742 n01751 n01757 n01765 n01797 n01812 n01816 n01822 n01837 n01838 n01856 n01869 n01874 n01878 n01892 n01916 n01946 n01952 n01956 n01958 n01968 n02005 n02009 n02026 n02034 n02055 n02060 n02067 n02068 n02071 n02074 n02081 n02088 n02089 n02090 n02094 n02101 n02103 n02105 n02113 n02120 n02125 n02126 n02129 n02145 n02148 n02149 n02152 n02164 n02166 n02169 n02173 n02174 n02175 n02177 n02179 n02185 n02188 n02217 n02221 n02224 n02246 n02255 n02257 n02265 n02268 n02272 n02274 n02279 n02296 n02329 n02331 n02332 n02335 n02338 n02351 n02357 n02361 n02366 n02380 n02393 n02395 n02401 n02410 n02414	9251		true
n02004	39	0.4100	n00346	n00768 n00884 n00921	253		true
n02005	38	0.4100	n01390 n02003	n00357 n01813	220		true
n02006	27	0.4100	n00932 n02321	n01574	298		true
n02007	26	0.4100	n01447	n01519 n01975	106		true
n02008	23	0.4100	n02002	n00014 n00959	171		true
n02009	22	0.4100	n02002 n02003	n01213 n01452	176		true
n02010	20	0.4100	n02002	n00010 n00613	176		true
n02011	18	0.4100	n01147	n01203 n01490	53		true
n02012	17	0.4100	n00932 n02321	n00043 n00238	211		true
n02013	16	0.4100	n02002	n01279 n01988	148		true
n02014	15	0.4100	n00007	n00139	300		true
n02015	16	0.4100	n00590	n01737	123		true
n02016	14	0.4100	n01342	n00443 n01610	176		true
n02017	14	0.4100	n01660	n01237 n01763 n02359	186		true
n02018	13	0.4100	n01155	n01299	282		true
n02019	12	0.4100	n00932	n00672	141		true
n02020	11	0.4100	n01341	n00635	121		true
n02021	10	0.4100	n02058	n01473	109		true
n02022	11	0.4100	n02321	n01027 n02167	393		true
n02023	9	0.4100	n00932 n02321		268		true
n02024	10	0.4100	n00914 n01778	n00161	35		true
n02025	9	0.4100	n01922	n00496 n00573	95		true
n02026	9	0.4100	n02002 n02003	n01366	61		true
n02027	10	0.4100	n02002	n01912	201		true
n02028	8	0.4100	n01849	n00186	151		true
n02029	8	0.4100	n01602		44		true
n02030	8	0.4100	n00700	n00579	77		true
n02031	7	0.4100	n02124	n00544	31		true
n02032	8	0.4100	n02294	n00434	102		true
n02033	7	0.4100	n02053	n00765	43		true
n02034	7	0.4100	n01390 n02003	n00201	54		true
n02035	6	0.4100	n01452		36		true
n02036	6	0.4100	n02294		108		true
n02037	6	0.4100	n01414		65		true
n02038	6	0.4100	n02192	n00754	45		true
n02039	6	0.4100	n00917		69		true
n02040	6	0.4100	n02152		39		true
n02041	6	0.4100	n01370		94		true
n02042	7	0.4040	n00292		123		true
n02043	7	0.4040	n00026	n00766	40		true
n02044	54	0.4000	n02002	n00409 n00740	194		true
n02045	53	0.4000	n02002	n00017 n00863 n01059 n01406 n01982 n02075 n02137 n02156	351		true
n02046	48	0.4000	n00408	n01707 n01769 n01965 n02091	195		true
n02047	34	0.4000	n01515	n00705 n01524 n01771 n02413	301		true
n02048	27	0.4000	n01121	n01042 n01288	175		true
n02049	25	0.4000	n00932 n02321	n00909 n01876	403		true
n02050	29	0.4000	n02321	n01792 n01847 n02292	751		true
n02051	25	0.4000	n01623	n02132	459		true
n02052	19	0.4000	n01485	n00155 n01102	212		true
n02053	19	0.4000	n02134	n01311 n02033	128		true
n02054	17	0.4000	n01622 n02321	n00514 n00903 n01919 n01998	106		true
n02055	14	0.4000	n01390 n02003	n00846 n01246	91		true
n02056	16	0.4000	n02324	n02342	65		true
n02057	14	0.4000	n02086	n00022	110		true
n02058	14	0.4000	n02321	n02021 n02191	130		true
n02059	12	0.4000	n00353	n00595	37		true
n02060	12	0.4000	n01390 n02003	n00056 n00113	50		true
n02061	12	0.4000	n00459	n00327 n00517	59		true
n02062	13	0.4000	n00992	n00080 n01536	61		true
n02063	10	0.4000	n01622 n02280	n00854	233		true
n02064	9	0.4000	n00220	n00711	66		true
n02065	10	0.4000	n02002	n00233	143		true
n02066	9	0.4000	n02239	n01915	105		true
n02067	8	0.4000	n02002 n02003	n00474	72		true
n02068	8	0.4000	n02003	n00495 n01385	44		true
n02069	8	0.4000	n01631	n00103	52		true
n02070	8	0.4000	n01078 n01375		95		true
n02071	9	0.4000	n02002 n02003	n01647	44		true
n02072	8	0.4000	n01792	n01512	117		true
n02073	7	0.4000	n00961		31		true
n02074	7	0.4000	n01390 n02003	n00689	467		true
n02075	7	0.4000	n02045		75		true
n02076	6	0.4000	n02321		268		true
n02077	6	0.4000	n02002		45		true
n02078	6	0.4000	n01859 n02347		94		true
n02079	6	0.4000	n01679 n02295		36		true
n02080	6	0.4000	n02174	n00333	15		true
n02081	6	0.4000	n01390 n02003		143		true
n02082	6	0.4000	n02206	n00726	49		true
n02083	6	0.4000	n00932 n02321	n00691	115		true
n02084	6	0.3974	n00226		63		true
n02085	7	0.3939	n01862		47		true
n02086	97	0.3900	n00346	n01468 n01655 n01962 n02057 n02231 n02238 n02423	539		true
n02087	32	0.3900	n01148	n00281 n01897	222		true
n02088	30	0.3900	n01390 n02003	n01154 n01985 n02284	173		true
n02089	28	0.3900	n01390 n02003	n01702 n02327	89		true
n02090	21	0.3900	n02003	n00937	284		true
n02091	21	0.3900	n02046	n01739 n01774	98		true
n02092	20	0.3900	n00932 n02321	n01818	332		true
n02093	19	0.3900	n01923	n01153 n01208	179		true
n02094	17	0.3900	n01390 n02003	n00602 n01064	78		true
n02095	18	0.3900	n01815	n01587 n02189	218		true
n02096	14	0.3900	n01927	n00332 n00898	195		true
n02097	13	0.3900	n02002 n02321	n00596 n01877	157		true
n02098	11	0.3900	n02002	n00147 n01481	69		true
n02099	12	0.3900	n02138	n00563 n01917	74		true
n02100	10	0.3900	n02175	n00305	98		true
n02101	11	0.3900	n02002 n02003	n01242 n01715	90		true
n02102	10	0.3900	n01370	n01141 n01913	151		true
n02103	9	0.3900	n02002 n02003	n01832	70		true
n02104	9	0.3900	n02321	n01566	72		true
n02105	9	0.3900	n02002 n02003	n00432	121		true
n02106	8	0.3900	n01977	n00531	102		true
n02107	8	0.3900	n02192	n00754	74		true
n02108	9	0.3900	n00737	n01306	108		true
n02109	8	0.3900	n01423		76		true
n02110	9	0.3900	n02002	n00539 n00577	153		true
n02111	8	0.3900	n02220	n01005	162		true
n02112	8	0.3900	n00932 n02321	n00436	63		true
n02113	7	0.3900	n02002 n02003		126		true
n02114	7	0.3900	n02321		494		true
n02115	8	0.3900	n02002	n01957	72		true
n02116	6	0.3900	n02250		81		true
n02117	6	0.3900	n01062		204		true
n02118	6	0.3900	n01092	n00828	37		true
n02119	7	0.3871	n00957	n00381 n00794	308		true
n02120	6	0.3838	n02002 n02003		84		true
n02121	6	0.3838	n00808		39		true
n02122	10	0.3830	n00138	n00108 n00470	134		true
n02123	8	0.3830	n01017 n01730	n00255	113		true
n02124	202	0.3800		n00002 n00225 n01095 n01101 n01378 n01656 n01668 n01770 n01841 n02031 n02161	1031		true
n02125	46	0.3800	n01390 n02003	n01767 n01890	433		true
n02126	43	0.3800	n01390 n02003	n01123 n01970	154		true
n02127	38	0.3800	n01075	n00423 n01657 n02228	115		true
n02128	35	0.3800	n02002	n01516 n02234	384		true
n02129	29	0.3800	n01390 n02003	n01123 n02383	93		true
n02130	26	0.3800	n02321	n01843 n02384	315		true
n02131	24	0.3800	n01268	n00075 n01128	208		true
n02132	21	0.3800	n00130 n02051	n00216	398		true
n02133	21	0.3800	n02002	n01264 n01341 n01505	200		true
n02134	20	0.3800	n02271	n02053	137		true
n02135	18	0.3800	n01651 n01723	n00479 n01199	22		true
n02136	19	0.3800		n01278 n01497	471		true
n02137	17	0.3800	n02045 n02278	n01015 n01808	104		true
n02138	17	0.3800	n01691	n01899 n02099	108		true
n02139	14	0.3800	n01662	n01233 n02245	191		true
n02140	14	0.3800	n01773	n00025	112		true
n02141	14	0.3800	n02333	n00327 n00944	83		true
n02142	14	0.3800	n01152	n00297	40		true
n02143	12	0.3800	n02321	n00462 n01641	31		true
n02144	12	0.3800	n01843 n02384	n00896 n01750	84		true
n02145	12	0.3800	n02002 n02003	n01907 n02198	107		true
n02146	13	0.3800	n02237	n01066 n01802	285		true
n02147	11	0.3800	n01967	n00335	37		true
n02148	11	0.3800	n02002 n02003	n00157	126		true
n02149	11	0.3800	n02002 n02003	n01028	49		true
n02150	12	0.3800	n02238	n00461	102		true
n02151	11	0.3800	n00932	n00671 n01754	147		true
n02152	11	0.3800	n01390 n02003	n00716 n02040	100		true
n02153	11	0.3800	n02321	n01954 n02266	170		true
n02154	9	0.3800	n01602	n00949	44		true
n02155	9	0.3800	n01343 n01543	n00435	99		true
n02156	10	0.3800	n01269 n02045	n00860 n00904	53		true
n02157	9	0.3800	n00932	n00264	97		true
n02158	8	0.3800	n02002	n00253	105		true
n02159	8	0.3800	n00932 n02321	n00315 n00342	75		true
n02160	8	0.3800	n00932 n02321	n00491	195		true
n02161	7	0.3800	n02002 n02124	n00319	68		true
n02162	7	0.3800	n00214		26		true
n02163	7	0.3800	n00633		135		true
n02164	7	0.3800	n02003		56		true
n02165	6	0.3800	n01577		66		true
n02166	6	0.3800	n02002 n02003		75		true
n02167	6	0.3800	n02022		189		true
n02168	6	0.3800	n01585		216		true
n02169	6	0.3800	n02002 n02003		65		true
n02170	6	0.3800	n02345		49		true
n02171	8	0.3737	n01823 n02340 n02346	n00620 n01810	33		true
n02172	8	0.3737	n01104	n00265	113		true
n02173	36	0.3700	n01390 n02003	n01046 n01414	564		true
n02174	24	0.3700	n01390 n02003	n01317 n01442 n01833 n02080	62		true
n02175	24	0.3700	n01390 n02003	n01321 n02100 n02399	195		true
n02176	23	0.3700	n02002	n00838	255		true
n02177	21	0.3700	n01390 n02003	n00899 n01127	540		true
n02178	21	0.3700	n01882	n01695	361		true
n02179	19	0.3700	n01390 n02003	n00414	76		true
n02180	20	0.3700	n01813	n00703 n01023	89		true
n02181	18	0.3700	n02002	n01059 n01161	116		true
n02182	16	0.3700	n00932 n01843	n00559 n01750	280		true
n02183	16	0.3700	n01541	n00512	145		true
n02184	16	0.3700	n01622 n02321	n00700 n01579	282		true
n02185	14	0.3700	n02002 n02003	n01181	190		true
n02186	14	0.3700	n00797	n00183 n00779	44		true
n02187	15	0.3700	n00939	n01826	52		true
n02188	14	0.3700	n01390 n02003	n00208 n00865	144		true
n02189	13	0.3700	n02095	n01431 n01862	183		true
n02190	12	0.3700	n02002	n00300	115		true
n02191	11	0.3700	n02058	n01329 n01473	93		true
n02192	13	0.3700	n00504	n00916 n02038 n02107	91		true
n02193	11	0.3700	n00839	n00148	129		true
n02194	12	0.3700	n01152	n00297	44		true
n02195	11	0.3700	n02332	n00258	36		true
n02196	12	0.3700	n01155	n01752	318		true
n02197	10	0.3700	n00932 n02321	n01996	224		true
n02198	9	0.3700	n02145	n00472	92		true
n02199	9	0.3700		n00237	111		true
n02200	9	0.3700	n02222	n00371	74		true
n02201	9	0.3700	n01890	n00318	112		true
n02202	9	0.3700	n00941	n00243	226		true
n02203	9	0.3700	n01739	n00749	48		true
n02204	8	0.3700	n02002	n00120	179		true
n02205	8	0.3700	n01845	n00525	116		true
n02206	9	0.3700	n02272	n02082	66		true
n02207	8	0.3700	n00932 n02321		99		true
n02208	8	0.3700	n02002	n00822	89		true
n02209	7	0.3700	n01628		42		true
n02210	7	0.3700	n01670		36		true
n02211	7	0.3700	n00842	n00455 n00829	60		true
n02212	7	0.3700	n00625		31		true
n02213	7	0.3700	n01058	n00834	151		true
n02214	7	0.3700	n01131 n01677	n00789	112		true
n02215	6	0.3700	n00423	n00394	46		true
n02216	6	0.3673	n00974	n00758	71		true
n02217	7	0.3636	n01977 n02003		57		true
n02218	6	0.3636	n01499		184		true
n02219	47	0.3600	n02321	n01540 n02323	387		true
n02220	35	0.3600	n01622 n02321	n01227 n01601 n02111 n02297	473		true
n02221	29	0.3600	n01390 n02003	n01317 n01725	124		true
n02222	28	0.3600	n01041	n00504 n00994 n02200	132		true
n02223	28	0.3600	n01269	n00989 n01196	157		true
n02224	25	0.3600	n01390 n02003	n01010	81		true
n02225	25	0.3600	n01149	n00929 n01416 n02256	322		true
n02226	24	0.3600	n00695	n00041 n00772	228		true
n02227	24	0.3600	n02002	n01312 n01842	165		true
n02228	22	0.3600	n02127	n00991 n01670	63		true
n02229	20	0.3600	n02002	n00174 n00894	170		true
n02230	21	0.3600	n01076	n00230 n01424 n02259	167		true
n02231	21	0.3600	n02086	n01111 n02339	142		true
n02232	21	0.3600	n01124	n01401 n01436 n01738	178		true
n02233	15	0.3600	n00349	n00698	220		true
n02234	15	0.3600	n02128	n00777	131		true
n02235	16	0.3600	n01622 n02321	n01206	228		true
n02236	15	0.3600	n02002	n01791	158		true
n02237	15	0.3600	n00932 n02321	n02146	293		true
n02238	15	0.3600	n02086	n02150	131		true
n02239	13	0.3600	n02002	n01162 n02066	133		true
n02240	13	0.3600	n01601	n00063 n00690	165		true
n02241	13	0.3600	n00932 n02321	n00719 n01165	247		true
n02242	12	0.3600	n00214	n00997 n01037	64		true
n02243	12	0.3600	n01604	n00742 n01864	166		true
n02244	11	0.3600	n01733	n00173 n00317	189		true
n02245	11	0.3600	n01419 n02139		175		true
n02246	10	0.3600	n01390 n02003	n00074	44		true
n02247	10	0.3600	n01600	n01245 n01995	97		true
n02248	10	0.3600	n01622 n02321	n00708	447		true
n02249	11	0.3600	n01622 n02321	n01000 n01803	290		true
n02250	9	0.3600	n00932 n02321	n00719 n02116	164		true
n02251	10	0.3600	n00843 n01278	n00248 n01711	345		true
n02252	9	0.3600	n02002	n00756 n00869	284		true
n02253	9	0.3600	n01460	n00109	336		true
n02254	8	0.3600	n00932 n02321	n00473	60		true
n02255	8	0.3600	n02003		71		true
n02256	8	0.3600	n02225 n02343	n00488	96		true
n02257	9	0.3600	n02002 n02003	n01116	82		true
n02258	7	0.3600	n01654		84		true
n02259	7	0.3600	n00842 n01417 n02230	n00685	108		true
n02260	7	0.3600	n01743		66		true
n02261	7	0.3600	n00932 n02321	n00328	145		true
n02262	7	0.3600	n02002	n00756	129		true
n02263	6	0.3600	n00774		122		true
n02264	6	0.3600	n00631		55		true
n02265	6	0.3600	n02002 n02003		55		true
n02266	6	0.3600	n02153		134		true
n02267	6	0.3579	n00218 n00974	n00758	64		true
n02268	78	0.3500	n01390 n02003	n01881 n01923	587		true
n02269	73	0.3500	n01622 n02321	n00006 n00526 n01676 n02273 n02286	780		true
n02270	66	0.3500		n00753 n01445	298		true
n02271	47	0.3500	n02002	n00557 n01788 n02134	348		true
n02272	33	0.3500	n02002 n02003	n01149 n02206	371		true
n02273	32	0.3500	n02269	n00228 n01460 n01577 n01942	610		true
n02274	28	0.3500	n02002 n02003	n01043 n01894	230		true
n02275	26	0.3500	n01622 n02321	n01124	421		true
n02276	26	0.3500	n01515	n00975 n01330 n01925	116		true
n02277	23	0.3500	n01652	n00963 n01314	147		true
n02278	25	0.3500	n00989	n00863 n01602 n02137	141		true
n02279	22	0.3500	n01390 n02003	n00589	153		true
n02280	20	0.3500	n02321	n01315 n01976 n02063	260		true
n02281	16	0.3500	n00890	n01012 n01630	94		true
n02282	16	0.3500	n01653 n01924	n01156 n01384	448		true
n02283	16	0.3500	n01252	n00155 n01297	197		true
n02284	15	0.3500	n01273 n02088	n00637 n00674	84		true
n02285	14	0.3500	n01515	n00701 n02413	274		true
n02286	16	0.3500	n02269	n00981 n01184	219		true
n02287	13	0.3500		n01938	199		true
n02288	13	0.3500	n01486	n00722 n02352	50		true
n02289	14	0.3500	n00972	n01237 n01582	192		true
n02290	13	0.3500	n02002	n00292	293		true
n02291	13	0.3500	n02321	n00610 n01108	190		true
n02292	14	0.3500	n02050	n00883 n00985	597		true
n02293	12	0.3500	n02321	n00110 n00228	85		true
n02294	12	0.3500	n02321	n02032 n02036	172		true
n02295	12	0.3500	n01927	n02079	78		true
n02296	11	0.3500	n02003 n02321	n00598	93		true
n02297	11	0.3500	n02220	n00063	171		true
n02298	10	0.3500	n01291	n00441 n00852	35		true
n02299	12	0.3500	n00505 n00800	n00969 n01166	39		true
n02300	10	0.3500	n01230	n01477	73		true
n02301	10	0.3500	n01174 n01596	n00232 n01055	208		true
n02302	9	0.3500	n00911		394		true
n02303	9	0.3500	n01668		303		true
n02304	10	0.3500	n01622 n02321	n01995	108		true
n02305	9	0.3500	n00773	n00175	170		true
n02306	9	0.3500	n01669	n00860 n01808	53		true
n02307	8	0.3500	n01622 n02321		191		true
n02308	9	0.3500	n02002	n00568	172		true
n02309	8	0.3500	n01924	n00337	216		true
n02310	7	0.3500		n00480	96		true
n02311	7	0.3500			45		true
n02312	7	0.3500	n01622 n02321		188		true
n02313	7	0.3500			139		true
n02314	7	0.3500	n02002		63		true
n02315	6	0.3500	n02321		52		true
n02316	6	0.3500	n00013		36		true
n02317	6	0.3500	n02321		82		true
n02318	6	0.3500	n01078 n01323		182		true
n02319	6	0.3500	n02002		258		true
n02320	6	0.3500	n01554 n02321		1077		true
n02321	2001	0.3400		n00004 n00012 n00064 n00097 n00130 n00131 n00138 n00215 n00237 n00282 n00385 n00426 n00593 n00606 n00623 n00748 n00787 n00788 n00815 n00816 n00823 n00845 n00851 n00970 n01007 n01051 n01068 n01148 n01159 n01173 n01174 n01176 n01179 n01186 n01223 n01256 n01261 n01267 n01280 n01283 n01284 n01295 n01303 n01313 n01327 n01342 n01346 n01350 n01358 n01370 n01396 n01399 n01410 n01437 n01446 n01461 n01462 n01466 n01483 n01497 n01506 n01553 n01555 n01567 n01581 n01593 n01596 n01598 n01608 n01616 n01624 n01633 n01638 n01653 n01662 n01684 n01685 n01688 n01689 n01704 n01712 n01727 n01743 n01744 n01747 n01753 n01755 n01759 n01762 n01766 n01776 n01779 n01785 n01789 n01790 n01793 n01811 n01831 n01839 n01870 n01873 n01882 n01895 n01896 n01905 n01906 n01908 n01918 n01921 n01924 n01946 n01966 n02006 n02012 n02022 n02023 n02049 n02050 n02054 n02058 n02076 n02083 n02092 n02097 n02104 n02112 n02114 n02130 n02143 n02153 n02159 n02160 n02184 n02197 n02207 n02219 n02220 n02235 n02237 n02241 n02248 n02249 n02250 n02254 n02261 n02269 n02275 n02280 n02291 n02293 n02294 n02296 n02304 n02307 n02312 n02315 n02317 n02320 n02328 n02330 n02353 n02363 n02388 n02390 n02391 n02398 n02407 n02417 n02421 n02422	10433		true
n02322	42	0.3400	n01248	n00032 n00769 n01464	314		true
n02323	43	0.3400	n02219	n01572 n01692	366		true
n02324	29	0.3400	n00000	n01372 n02056	86		true
n02325	27	0.3400	n02002	n00811 n01251	319		true
n02326	27	0.3400	n01653	n00298 n01552 n01693	494		true
n02327	21	0.3400	n02089	n00659	54		true
n02328	21	0.3400	n02321	n01487 n02334	439		true
n02329	20	0.3400	n02002 n02003	n01134 n01734	164		true
n02330	20	0.3400	n02321	n00599 n01318	381		true
n02331	19	0.3400	n02002 n02003	n01230 n01383	176		true
n02332	17	0.3400	n01390 n02003	n01549 n02195	59		true
n02333	17	0.3400	n00696	n01936 n02141	83		true
n02334	17	0.3400	n02328	n01253	421		true
n02335	15	0.3400	n01390 n02003	n00221	609		true
n02336	15	0.3400	n00932	n01951	138		true
n02337	15	0.3400	n01690	n00227 n00572	222		true
n02338	14	0.3400	n01390 n02003	n01585 n01758	961		true
n02339	14	0.3400	n02231	n01016 n01636	101		true
n02340	13	0.3400	n00350	n00999 n02171	43		true
n02341	13	0.3400	n00346	n00884 n01700	33		true
n02342	13	0.3400	n00770 n02056	n00864	58		true
n02343	13	0.3400	n01149	n01559 n02256	211		true
n02344	12	0.3400	n02002	n00419	101		true
n02345	12	0.3400	n01202	n01998 n02170	71		true
n02346	12	0.3400	n00505 n00800	n01469 n02171	67		true
n02347	11	0.3400	n02002	n01361 n02078	142		true
n02348	11	0.3400	n01694	n00184	42		true
n02349	11	0.3400	n02002	n00900	88		true
n02350	11	0.3400	n01124	n01436	306		true
n02351	10	0.3400	n01390 n02003	n00931	56		true
n02352	10	0.3400	n02288	n00245	41		true
n02353	13	0.3400	n00932 n02321	n00874 n01006 n01955	297		true
n02354	9	0.3400	n00017		73		true
n02355	9	0.3400	n01373	n00430	27		true
n02356	9	0.3400		n00679	64		true
n02357	9	0.3400	n02002 n02003	n01383	80		true
n02358	9	0.3400	n01176	n00240	237		true
n02359	8	0.3400	n00972 n02017	n00314	162		true
n02360	8	0.3400	n02002	n00105	151		true
n02361	7	0.3400	n01390 n02003		88		true
n02362	7	0.3400	n01228 n01848		77		true
n02363	7	0.3400	n01622 n02321		105		true
n02364	7	0.3400	n02391		266		true
n02365	7	0.3400	n02002		110		true
n02366	7	0.3400	n01390 n02003	n00495	28		true
n02367	6	0.3400			32		true
n02368	6	0.3400	n01517 n01634		24		true
n02369	6	0.3400	n00141		39		true
n02370	6	0.3400	n02002		69		true
n02371	6	0.3400	n02002		101		true
n02372	6	0.3370	n00994		10		true
n02373	9	0.3367	n01016		59		true
n02374	6	0.3367	n00964		47		true
n02375	6	0.3333	n01554	n00444	113		true
n02376	6	0.3333	n01106		61		true
n02377	6	0.3333	n01414		101		true
n02378	6	0.3333			281		true
n02379	48	0.3300	n01446	n00876 n00919 n01853	420		true
n02380	31	0.3300	n01390 n02003	n01273 n01275	251		true
n02381	26	0.3300	n01515	n01543 n01771 n01819	257		true
n02382	23	0.3300	n00346	n00003	44		true
n02383	21	0.3300	n02129	n01408 n01772	64		true
n02384	19	0.3300	n02130	n01575 n02144	114		true
n02385	19	0.3300	n01310	n01421 n01945	85		true
n02386	20	0.3300	n00411	n00065 n00507	50		true
n02387	18	0.3300	n00000	n00394 n00704	74		true
n02388	17	0.3300	n00932 n02321	n01488 n01902	147		true
n02389	15	0.3300	n01597	n01061 n01639	142		true
n02390	14	0.3300	n00932 n02321	n01048	131		true
n02391	15	0.3300	n00932 n02321	n01902 n02364	298		true
n02392	13	0.3300	n02002	n01020 n01032	64		true
n02393	13	0.3300	n02002 n02003	n00920 n01866	148		true
n02394	12	0.3300	n01174 n01596	n01745	222		true
n02395	12	0.3300	n02002 n02003	n00666 n01282	72		true
n02396	12	0.3300	n01419	n01112	201		true
n02397	13	0.3300	n01177	n00254 n01749	61		true
n02398	11	0.3300	n02321	n01329 n01641	57		true
n02399	11	0.3300	n02175	n00846	70		true
n02400	10	0.3300	n01522	n00676	173		true
n02401	11	0.3300	n02002 n02003	n01990	89		true
n02402	9	0.3300	n00141	n00100	40		true
n02403	9	0.3300	n02002	n01364	73		true
n02404	8	0.3300	n00413 n00932 n01884	n00580	145		true
n02405	8	0.3300	n02002	n00477	57		true
n02406	8	0.3300	n02002		37		true
n02407	8	0.3300	n02321		553		true
n02408	8	0.3300	n01817 n02002		136		true
n02409	9	0.3300	n01580	n00605	219		true
n02410	9	0.3300	n02002 n02003	n01647	41		true
n02411	9	0.3300	n00843	n00248	105		true
n02412	8	0.3300	n02002		84		true
n02413	7	0.3300	n02047 n02285	n00454	146		true
n02414	7	0.3300	n01390 n02003		70		true
n02415	7	0.3300	n00596 n01340	n00476	85		true
n02416	8	0.3300	n02002	n01056	171		true
n02417	7	0.3300	n02321		126		true
n02418	7	0.3300	n00934	n00694	55		true
n02419	7	0.3300	n01299 n01666		45		true
n02420	6	0.3300			131		true
n02421	6	0.3300	n02321		147		true
n02422	6	0.3300	n02321		168		true
n02423	6	0.3300	n02086		52		true
n02424	6	0.3300	n00143	n00494	62		true
