node	size	support	parents	children	n_genes	label	provisional
n00000	74	1.0000	n03401	n01040 n03635 n04566	225		true
n00001	44	1.0000	n00515	n01098 n02095 n03315 n03752 n04022 n04460 n04871 n05112 n05531 n05714 n06235 n08469 n08587	148		true
n00002	43	1.0000	n02397 n06963 n07695 n08189	n01214	231		true
n00003	23	1.0000	n01474 n01973	n04281 n04383 n04650	51		true
n00004	19	1.0000	n04862 n06718	n00688 n01818 n03464	336		true
n00005	18	1.0000	n00925 n03177	n00008 n00232	29		true
n00006	18	1.0000	n04957 n05302 n07303 n08790	n00100 n01679 n04005	99		true
n00007	15	1.0000	n00925 n03071 n08324	n00018 n02502	1		true
n00008	14	1.0000	n00005	n00040 n00562	21		true
n00009	15	1.0000	n01239	n00449 n04000	127		true
n00010	15	1.0000	n01840 n04119 n05223	n00979 n01392 n04836	142		true
n00011	13	1.0000	n03403 n03599 n05329 n07012	n01983 n03847	134		true
n00012	12	1.0000	n01021	n00057	13		true
n00013	14	1.0000	n00609 n02029 n07405	n00547 n00613 n02758	137		true
n00014	13	1.0000	n02809 n04511 n06809 n07386	n00318 n01265 n05183	86		true
n00015	13	1.0000	n00349 n01509	n00200 n03838	20		true
n00016	12	1.0000	n03800 n04456	n00494 n02253	148		true
n00017	12	1.0000	n02614 n05901	n00692 n01775	122		true
n00018	12	1.0000	n00007	n02264	1		true
n00019	11	1.0000	n00231	n00071	11		true
n00020	11	1.0000	n01430	n00041	14		true
n00021	11	1.0000	n00446 n02234 n07108	n00043	52		true
n00022	11	1.0000	n01390 n08777	n00059 n01970	78		true
n00023	12	1.0000	n02051 n07335	n00113 n01044	233		true
n00024	11	1.0000	n01087 n01351	n00352	27		true
n00025	11	1.0000	n01164 n01197 n03458	n00120 n03220 n03486	96		true
n00026	11	1.0000	n02122 n04715 n06241 n06242 n08407 n09041	n00356 n01126 n03399	73		true
n00027	10	1.0000	n02494 n03459 n08776	n00121 n02638	6		true
n00028	11	1.0000	n00186 n05277	n01872	138		true
n00029	10	1.0000	n01510 n02236 n07531	n00278 n01632	40		true
n00030	10	1.0000	n01238 n02654	n00263 n01281	32		true
n00031	10	1.0000	n01419 n05674 n07764 n07831	n00076 n03583	65		true
n00032	10	1.0000	n03651	n00080	38		true
n00033	10	1.0000	n01195 n04123 n07122 n09011	n00206 n01554	53		true
n00034	9	1.0000	n00233	n00074	9		true
n00035	10	1.0000	n00978 n01664 n02214 n03048	n01079 n02311	89		true
n00036	9	1.0000	n03181 n03963 n06791 n06820	n01213	45		true
n00037	9	1.0000	n00101 n06129	n02731	21		true
n00038	10	1.0000	n01578 n05751 n07966	n01326 n02252	153		true
n00039	9	1.0000	n01420 n08592	n00342	90		true
n00040	8	1.0000	n00008 n00232		1		true
n00041	8	1.0000	n00020		8		true
n00042	8	1.0000	n03920 n05395 n08916	n00416 n00513	10		true
n00043	8	1.0000	n00021	n00682	44		true
n00044	8	1.0000	n01250 n01622	n00467	26		true
n00045	8	1.0000	n01465 n03556 n05255 n06861 n07961 n09295	n00292	177		true
n00046	8	1.0000	n02076 n06080	n00541	23		true
n00047	8	1.0000	n00309 n03157 n04190	n00306	30		true
n00048	8	1.0000	n01592 n03931	n00264	20		true
n00049	9	1.0000	n00961 n03291	n00077	80		true
n00050	8	1.0000	n00805 n02790 n07248	n00347	64		true
n00051	8	1.0000	n02002 n02750 n05594 n05968 n08128	n00223	150		true
n00052	9	1.0000	n01248 n01453 n05499 n06242	n01671	250		true
n00053	8	1.0000	n00271 n01150 n03562	n00408	222		true
n00054	9	1.0000	n02381 n02620 n03081 n05764 n07258	n02606	150		true
n00055	9	1.0000	n01022 n02033 n02304 n05705	n01237	274		true
n00056	7	1.0000	n04627 n08324 n08777		1		true
n00057	7	1.0000	n00012 n01183	n00183	5		true
n00058	7	1.0000	n01261 n04463 n05052 n05769 n06184 n08257		52		true
n00059	8	1.0000	n00022 n01722	n01521	53		true
n00060	7	1.0000	n01259 n01650 n06986 n07203 n08014		8		true
n00061	7	1.0000	n00107 n04954		45		true
n00062	7	1.0000	n01711		64		true
n00063	7	1.0000	n02003 n02437 n06686 n07631 n08402	n00091	32		true
n00064	7	1.0000	n02553 n03419 n03995 n05226 n06571 n09391		21		true
n00065	7	1.0000	n01728 n04311 n05022 n06172 n07623	n00565	69		true
n00066	7	1.0000	n01014 n01251 n08597	n00375	106		true
n00067	7	1.0000	n00636 n03188 n05477 n07484		51		true
n00068	7	1.0000	n01063 n03519 n03936 n05039 n05479 n07016 n08516 n09354 n09361		40		true
n00069	6	1.0000	n01782	n00477	35		true
n00070	6	1.0000	n02264 n08777	n00085	1		true
n00071	6	1.0000	n00019 n08777	n00086	4		true
n00072	6	1.0000	n00272 n03660 n04194		23		true
n00073	6	1.0000	n00110 n06250 n09015		43		true
n00074	6	1.0000	n00034		6		true
n00075	6	1.0000	n00784 n02527 n06582		27		true
n00076	6	1.0000	n00031	n00835	58		true
n00077	6	1.0000	n00049	n00089	58		true
n00078	6	1.0000	n02946 n03437 n08031 n09073		67		true
n00079	6	1.0000	n01528 n04996 n05602		122		true
n00080	6	1.0000	n00032 n01666		7		true
n00081	5	1.0000	n03336 n05941 n06369		31		true
n00082	5	1.0000	n01872		15		true
n00083	5	1.0000	n02005 n03027 n03876 n08735 n09473		75		true
n00084	5	1.0000	n00319 n01089		17		true
n00085	3	1.0000	n00070		1		true
n00086	3	1.0000	n00071		4		true
n00087	3	1.0000	n00207 n07274 n08777		45		true
n00088	3	1.0000	n00639 n02661 n05657 n08777		34		true
n00089	3	1.0000	n00077		30		true
n00090	3	1.0000	n00127		15		true
n00091	3	1.0000	n00063 n07821		15		true
n00092	3	1.0000	n00208 n03008		25		true
n00093	3	1.0000	n00286		6		true
n00094	3	1.0000	n00166		8		true
n00095	3	1.0000	n00214		17		true
n00096	44	0.9950	n00515	n01098 n02095 n03315 n03752 n04022 n04460 n04871 n05112 n05531 n05714 n06235 n08469 n08587	148		true
n00097	19	0.9950	n01536 n01885 n04567	n00195 n01744 n02652	241		true
n00098	22	0.9950	n06691 n07002 n08913	n01440 n03073 n04468	389		true
n00099	22	0.9950	n01372 n04959 n05404	n02703 n04060 n06065	435		true
n00100	14	0.9950	n00006 n05429	n00747 n02567 n05800	91		true
n00101	13	0.9950	n01373 n06233 n06268 n07333	n00037	35		true
n00102	12	0.9950	n02205 n04453 n07008 n07387 n08863	n00203 n00474	71		true
n00103	12	0.9950	n01083 n01508 n03925	n00389 n02724	26		true
n00104	14	0.9950	n03502 n04511 n05072 n07407 n07772 n08867 n08996	n00279 n02861 n04255	131		true
n00105	11	0.9950	n02441 n04633	n00667 n00861	93		true
n00106	11	0.9950	n02437 n02900 n05723 n07492 n07493	n01120 n01144 n03103	73		true
n00107	10	0.9950	n01561 n02300	n00061	47		true
n00108	10	0.9950	n04185 n04347 n04400 n04531 n07871	n02199	85		true
n00109	10	0.9950	n01149 n01287	n00967 n01038 n01971	143		true
n00110	9	0.9950	n03125 n04527 n07106 n07107	n00073	55		true
n00111	9	0.9950	n02128 n02302 n04973 n05898 n06851 n08371	n00986	77		true
n00112	9	0.9950	n00312	n01684	62		true
n00113	8	0.9950	n00023	n00798	216		true
n00114	8	0.9950	n01452 n01648 n02189 n03760 n06757	n00218 n00801	44		true
n00115	8	0.9950	n01375 n02706 n04305	n00628	86		true
n00116	8	0.9950	n00574 n01391 n03874 n04810	n00134	58		true
n00117	8	0.9950	n02000 n03295	n00512	22		true
n00118	8	0.9950	n02262 n03816 n05592 n05756	n00173	190		true
n00119	9	0.9950	n01981 n02075 n03999 n04282 n04294 n05218	n01787	63		true
n00120	8	0.9950	n00025	n01297	88		true
n00121	7	0.9950	n00027 n01466 n04771	n00508	4		true
n00122	7	0.9950	n03376 n05137 n05732 n06380 n07667 n08085		114		true
n00123	7	0.9950	n03561 n04309 n09515		32		true
n00124	7	0.9950	n01106 n04528 n07824 n09096		71		true
n00125	7	0.9950	n01393 n01464 n05333 n08729		73		true
n00126	6	0.9950	n01455 n02852 n06360 n06396 n08032	n00632	55		true
n00127	6	0.9950	n01043 n04683 n07408 n07972	n00090	34		true
n00128	6	0.9950	n01108 n02186 n04037 n05603		28		true
n00129	5	0.9950	n02314 n05104 n06869 n07566		6		true
n00130	5	0.9950	n00381 n01323 n04057		8		true
n00131	5	0.9950	n01610 n03346 n03526 n03530 n05645		54		true
n00132	5	0.9950	n00767 n02031		14		true
n00133	5	0.9950	n01642 n02253		74		true
n00134	4	0.9950	n00116 n03175		24		true
n00135	4	0.9950	n01326		75		true
n00136	4	0.9950	n00763 n01683		95		true
n00137	5	0.9950	n00524 n02247 n04683		49		true
n00138	4	0.9947	n00577 n03689		6		true
n00139	179	0.9900	n01347	n02076 n04202 n04705 n08394	811		true
n00140	14	0.9900	n01049 n02330 n02486 n09092	n01711 n06191	237		true
n00141	13	0.9900	n02674 n02892 n08240	n00523 n00763	188		true
n00142	12	0.9900	n02943 n03807 n04728 n05332	n00145 n01696	76		true
n00143	10	0.9900	n04538 n06827	n00669 n01026	121		true
n00144	9	0.9900	n00310		28		true
n00145	9	0.9900	n00142 n05929	n00491 n01437	67		true
n00146	8	0.9900	n00447 n02100 n07123	n00251	24		true
n00147	8	0.9900	n02658 n06139 n08174 n09294 n09316 n09390	n00216	84		true
n00148	8	0.9900	n01241 n01562 n04133 n04284 n05741 n07502 n08051		329		true
n00149	8	0.9900	n00197 n07676		211		true
n00150	7	0.9900	n02067 n02702 n02818 n02819 n08530		109		true
n00151	7	0.9900	n00576 n03083		72		true
n00152	7	0.9900	n00198 n08778	n00563	44		true
n00153	7	0.9900	n03147 n03419 n04743 n07149	n00567	22		true
n00154	7	0.9900	n01729 n03898 n04559 n06404 n06617 n07239	n00759	63		true
n00155	7	0.9900	n00989 n01274 n06131 n07215 n07679 n09512		23		true
n00156	7	0.9900	n02363 n02526 n08087		42		true
n00157	7	0.9900	n00990 n02931 n03160 n03754		74		true
n00158	7	0.9900	n01054 n05797	n00184	148		true
n00159	7	0.9900	n00903 n01122	n00441	117		true
n00160	6	0.9900	n03828		14		true
n00161	6	0.9900	n00449	n00923	44		true
n00162	6	0.9900	n00730 n02151		36		true
n00163	6	0.9900	n01218 n01608 n02592 n04296		78		true
n00164	6	0.9900	n02338 n03340 n04188 n04300 n05363 n08584		77		true
n00165	6	0.9900	n00764 n02562		226		true
n00166	6	0.9900	n00766 n07670 n08837	n00094 n00683	20		true
n00167	6	0.9900	n01067 n02516 n06647	n00376	59		true
n00168	6	0.9900	n01304 n01947 n02300 n03773		140		true
n00169	6	0.9900	n00979 n01392		81		true
n00170	5	0.9900	n01718 n04533 n05091 n05928 n09557		8		true
n00171	5	0.9900	n00238 n02873 n04614		26		true
n00172	5	0.9900	n00782 n01498		31		true
n00173	5	0.9900	n00118 n03254 n05160 n06180		57		true
n00174	5	0.9900	n01203 n03563 n03997 n04414 n07622 n08006 n08134 n08572 n09458		172		true
n00175	4	0.9900	n01305 n02897 n02915 n03625 n04810 n05692 n09541		100		true
n00176	4	0.9900	n00908 n03099		21		true
n00177	4	0.9900	n01552 n02000		31		true
n00178	4	0.9900	n01735 n02427 n03005		119		true
n00179	8	0.9899	n00746 n05636 n06146 n07178 n09192	n01461	27		true
n00180	6	0.9899	n04903 n05301 n05416 n06922 n07875 n08412		27		true
n00181	5	0.9899	n00547 n00613		105		true
n00182	5	0.9899	n01042		17		true
n00183	4	0.9896	n00057		5		true
n00184	3	0.9896	n00158 n01226		123		true
n00185	4	0.9888	n01126 n03399		36		true
n00186	32	0.9850	n01659 n06670 n06986	n00028 n07002	389		true
n00187	28	0.9850	n01991 n03682 n05278 n08206	n00193 n04799 n08128	500		true
n00188	24	0.9850	n04375 n06969 n07711	n01099 n01689 n05894	248		true
n00189	25	0.9850	n03114 n04155	n01743 n07845 n07911	331		true
n00190	28	0.9850	n03111 n03265	n01661 n05248	500		true
n00191	25	0.9850	n01742 n03685 n04264 n05075	n00483 n01909	269		true
n00192	18	0.9850	n00900 n01615 n04110 n06684	n01725 n02464	58		true
n00193	20	0.9850	n00187	n00708 n02361 n02755 n04616	380		true
n00194	15	0.9850	n00760 n03451	n03996	50		true
n00195	17	0.9850	n00097	n00665 n00927 n04749	238		true
n00196	11	0.9850	n01432 n01451 n04391 n04732	n00525	137		true
n00197	11	0.9850	n01134 n03739 n06514 n07441 n07917	n00149 n01410 n03003	219		true
n00198	10	0.9850	n03423 n05459 n05519 n06555 n07398 n08466	n00152	67		true
n00199	9	0.9850	n04903 n05305 n05933 n07432 n09214	n00701 n00815	92		true
n00200	10	0.9850	n00015	n00336 n00776 n02270	17		true
n00201	9	0.9850	n01479 n04747	n00996	230		true
n00202	8	0.9850	n01433 n01912 n03520 n03584	n00600	58		true
n00203	7	0.9850	n00102 n05258 n05322 n08078		61		true
n00204	7	0.9850	n01055 n08092 n09141		23		true
n00205	7	0.9850	n02906 n05140 n05243 n06114 n08151 n08561	n00569	68		true
n00206	7	0.9850	n00033	n00226	47		true
n00207	6	0.9850	n02661 n03824	n00087	49		true
n00208	6	0.9850	n00782 n01980	n00092	45		true
n00209	6	0.9850	n01037 n02622 n03475 n03661 n06891 n07176 n08104	n00652	192		true
n00210	6	0.9850	n00380 n02054 n08767		60		true
n00211	6	0.9850	n00905 n03093 n06725 n09417		145		true
n00212	6	0.9850	n01262 n04611 n08385 n09424	n00838	20		true
n00213	6	0.9850	n02175 n06328 n07139	n00661	97		true
n00214	6	0.9850	n07259 n07601 n08466	n00095	43		true
n00215	5	0.9850	n01137 n02176 n03297 n04251 n09590		112		true
n00216	5	0.9850	n00147 n05447		40		true
n00217	5	0.9850	n01218 n06142 n08776		33		true
n00218	5	0.9850	n00114 n02081		26		true
n00219	5	0.9850	n01534 n02607		22		true
n00220	4	0.9850	n03518 n03629 n03643 n03725 n04756 n05495 n06407 n09445		30		true
n00221	4	0.9850	n01875 n01901 n02608		34		true
n00222	5	0.9849	n00638 n02389 n06403		41		true
n00223	5	0.9849	n00051 n05794		110		true
n00224	4	0.9849	n02230 n04527 n04855 n06793 n07486 n07594 n07905 n08018 n08777 n08981		67		true
n00225	3	0.9848	n00240 n05266 n06789 n09179		123		true
n00226	3	0.9848	n00206 n01554		39		true
n00227	4	0.9847	n00548 n01700		20		true
n00228	4	0.9841	n00239		64		true
n00229	3	0.9815	n00250 n03064		29		true
n00230	22	0.9800	n01010 n02777 n03109	n00446 n01133	115		true
n00231	16	0.9800	n03685 n06993	n00019 n00291	31		true
n00232	15	0.9800	n00005	n00040 n04760	29		true
n00233	13	0.9800	n02650 n02980	n00034	13		true
n00234	12	0.9800	n03492 n05456 n07429 n09142	n00764 n01210	230		true
n00235	10	0.9800	n03552	n02834	133		true
n00236	9	0.9800	n00902 n01979 n09554	n00295	130		true
n00237	8	0.9800	n01511 n02188 n02496 n05861 n05893	n00370	52		true
n00238	8	0.9800	n01963 n02018 n03821	n00171 n00875	52		true
n00239	7	0.9800	n01077 n03699	n00228	81		true
n00240	7	0.9800	n02551 n05009 n05688 n06595	n00225	159		true
n00241	7	0.9800	n01638 n02078 n04059 n06584 n08140 n08367 n09502		253		true
n00242	7	0.9800	n01199 n01727 n04495 n07562 n09366 n09603 n09611	n00685	41		true
n00243	7	0.9800	n01692 n01946 n04562 n08483		24		true
n00244	7	0.9800	n01356 n02241 n02411 n08693 n08719		49		true
n00245	6	0.9800	n01494 n02110 n02998		74		true
n00246	6	0.9800	n01065 n03865 n05906 n06424 n09427	n00465	46		true
n00247	6	0.9800	n00452 n03620 n05378 n05966		48		true
n00248	6	0.9800	n00981 n02876 n04201 n04251 n09580		57		true
n00249	6	0.9800	n00906 n01715 n02959 n05555		68		true
n00250	6	0.9800	n01188	n00229	59		true
n00251	5	0.9800	n00146 n03774		24		true
n00252	5	0.9800	n01378 n02322 n02877		149		true
n00253	5	0.9800	n00948 n03569 n04310		41		true
n00254	5	0.9800	n01342 n01827		32		true
n00255	5	0.9800	n00733		47		true
n00256	5	0.9800	n00352 n06649 n07671		8		true
n00257	5	0.9800	n00750 n03023		50		true
n00258	4	0.9800	n02288 n07624 n09478		29		true
n00259	7	0.9799	n04543 n08776	n00570	41		true
n00260	5	0.9799	n00692 n01775		98		true
n00261	4	0.9799	n00785 n03292 n08292 n08516		36		true
n00262	3	0.9799	n00420 n01733 n02153		64		true
n00263	8	0.9798	n00030	n00839	31		true
n00264	4	0.9798	n00048 n03447		14		true
n00265	3	0.9798	n00423 n02118		111		true
n00266	3	0.9797	n01787 n05422 n06261 n08734		19		true
n00267	4	0.9763	n01213		3		true
n00268	23	0.9750	n01812	n00901 n01690	267		true
n00269	16	0.9750	n00779	n00308 n01103 n01820	249		true
n00270	14	0.9750	n00544	n09558	110		true
n00271	12	0.9750	n02703 n06065	n00053 n03259	288		true
n00272	9	0.9750	n01041 n03748 n03988 n07444 n09049	n00072	32		true
n00273	9	0.9750	n01910 n02409 n03537 n06034 n06685 n07992	n00561	161		true
n00274	9	0.9750	n03332 n06044 n06579 n06872 n08401	n01310	33		true
n00275	8	0.9750	n01764 n03240 n03658 n05496 n05773	n00590	21		true
n00276	8	0.9750	n02362 n06376 n06650 n06912 n07612 n08750	n01314	33		true
n00277	7	0.9750	n01431 n01514 n02191 n07346	n00568	51		true
n00278	7	0.9750	n00029 n04696 n07678	n00344	39		true
n00279	7	0.9750	n00104 n03730 n04674 n04893 n05277 n07352 n08429		61		true
n00280	7	0.9750	n01945 n02821 n02948 n06171	n00346	62		true
n00281	7	0.9750	n00690 n04597 n05226 n08593	n00618	14		true
n00282	7	0.9750	n02320 n04306 n05022 n07484 n07814		28		true
n00283	7	0.9750	n04943 n06103 n06153 n06615 n08312		93		true
n00284	6	0.9750	n01730 n04848 n07669	n00374	57		true
n00285	6	0.9750	n01138	n00889	367		true
n00286	6	0.9750	n01083 n04775 n06900	n00093	7		true
n00287	6	0.9750	n01260 n01732 n07218 n07514		31		true
n00288	6	0.9750	n01036 n03523 n09339	n00681	24		true
n00289	6	0.9750	n01052 n03203 n03341 n06849 n08649		126		true
n00290	5	0.9750	n04760		28		true
n00291	5	0.9750	n00231 n06384 n08777		30		true
n00292	5	0.9750	n00045 n04704		138		true
n00293	5	0.9750	n01151 n03310 n06823 n07881		112		true
n00294	5	0.9750	n01102 n03567 n04703 n06126 n08065		28		true
n00295	5	0.9750	n00236 n01713 n09529		63		true
n00296	5	0.9750	n04444 n05951 n06526 n09037		22		true
n00297	5	0.9750	n01187 n02594 n03255 n05621		16		true
n00298	4	0.9750	n00909 n01639 n01984 n02500		40		true
n00299	4	0.9750	n02007 n02729		25		true
n00300	4	0.9750	n01951 n03349 n06114 n06743 n08763 n09433		20		true
n00301	4	0.9750	n00379 n01597 n02420 n06633		96		true
n00302	4	0.9750	n00528 n06405		53		true
n00303	4	0.9749	n00713 n02722 n03347		63		true
n00304	3	0.9749	n00809 n01383 n03212 n03389		53		true
n00305	3	0.9749	n00844 n02200 n03669		154		true
n00306	3	0.9738	n00047		23		true
n00307	16	0.9700	n05404 n05693 n05860 n06038 n08358	n00715 n02383 n03285	285		true
n00308	13	0.9700	n00269	n02175	244		true
n00309	12	0.9700	n02941 n03591 n04173 n05825	n00047	44		true
n00310	14	0.9700	n05012	n00144 n02116 n02497	67		true
n00311	12	0.9700	n01525 n05872	n01069 n01628	100		true
n00312	11	0.9700	n01477 n03877 n05246	n00112	70		true
n00313	11	0.9700	n03284 n09199	n00614 n01568	79		true
n00314	12	0.9700	n00484 n07445	n01132 n01291	158		true
n00315	11	0.9700	n02816 n03493 n05855 n08918	n02607	65		true
n00316	11	0.9700	n01543	n00550 n03723	56		true
n00317	9	0.9700	n02464 n03518	n00377	10		true
n00318	9	0.9700	n00014	n00631 n00873	24		true
n00319	8	0.9700	n09558	n00084	40		true
n00320	8	0.9700	n01136 n04098	n00337	83		true
n00321	9	0.9700	n03111 n04043 n04304 n05218 n06611	n00865 n01255	136		true
n00322	9	0.9700	n02384 n03881 n04748 n05349 n07302	n00828	52		true
n00323	7	0.9700	n00747 n02567		80		true
n00324	7	0.9700	n03616 n03996 n05976		32		true
n00325	7	0.9700	n01324 n04411 n05617 n05930 n06868 n07216 n08058 n08743	n00365	916		true
n00326	7	0.9700	n02682 n04042 n04846 n05625	n00774	31		true
n00327	6	0.9700	n01767 n04950 n07580	n00836	88		true
n00328	6	0.9700	n03436 n03469 n04058		93		true
n00329	6	0.9700	n01641 n02680 n02714 n02912 n05046		76		true
n00330	6	0.9700	n00710 n02875 n05723		30		true
n00331	6	0.9700	n01242 n03167 n03672 n04365 n04856 n05049	n00472	53		true
n00332	5	0.9700	n01088 n05747 n09484		63		true
n00333	5	0.9700	n01628		72		true
n00334	5	0.9700	n00843 n01870 n02063 n03829		33		true
n00335	5	0.9700	n02084 n02985 n08771		82		true
n00336	5	0.9700	n00200 n03838		16		true
n00337	4	0.9700	n00320 n01500 n01800 n07715		66		true
n00338	4	0.9700	n00994 n02692 n03579		219		true
n00339	4	0.9700	n01246 n03398 n05964 n06397 n08556		54		true
n00340	3	0.9700	n01553 n02997 n03430 n04198 n05379 n06127 n07098 n07110		22		true
n00341	3	0.9700	n00421 n02755 n04616 n07462		11		true
n00342	4	0.9698	n00039 n07906 n09403		90		true
n00343	3	0.9698	n01671		212		true
n00344	3	0.9692	n00278		2		true
n00345	3	0.9689	n02606 n03793 n09466		43		true
n00346	3	0.9686	n00280		18		true
n00347	5	0.9677	n00050 n02120		43		true
n00348	4	0.9651	n00579 n02658		3		true
n00349	17	0.9650	n01318	n00015 n02660	37		true
n00350	10	0.9650	n02210 n04037 n05147	n00992	30		true
n00351	8	0.9650	n02446 n04189 n05037 n06896 n06897 n08591	n00533	53		true
n00352	9	0.9650	n00024 n01927	n00256 n02732	16		true
n00353	8	0.9650	n01105 n04355 n04533 n05956 n08047 n09444	n00605 n00679	170		true
n00354	7	0.9650	n00612 n01515	n00817	69		true
n00355	7	0.9650	n02278 n05849 n05928	n00606	25		true
n00356	7	0.9650	n00026 n06852		51		true
n00357	6	0.9650	n04819 n05451 n06559 n07050 n07149 n07557 n08038 n08107 n09328 n09454		37		true
n00358	5	0.9650	n01820 n02035 n03008		171		true
n00359	5	0.9650	n00808 n02451 n02756 n04090		47		true
n00360	4	0.9650	n01868 n02849 n03985 n04440 n07177 n08434 n09314		21		true
n00361	4	0.9650	n01895 n02366 n02668 n04554 n05920 n07549 n08113 n08778		96		true
n00362	4	0.9650	n00930 n01950 n03260		22		true
n00363	4	0.9650	n00881 n04133 n08721		189		true
n00364	4	0.9650	n00385 n01275		13		true
n00365	4	0.9650	n00325		913		true
n00366	4	0.9650	n01322 n01946 n05603 n08731 n09515		20		true
n00367	5	0.9648	n02055 n03326 n03478 n03827 n05745		22		true
n00368	5	0.9648	n00525 n04658		103		true
n00369	4	0.9648	n01132 n01291 n01667		48		true
n00370	4	0.9648	n00237 n01546		11		true
n00371	3	0.9648	n00419 n02323 n05266 n06389		23		true
n00372	4	0.9646	n00731 n01825 n04513 n06180		15		true
n00373	3	0.9645	n01237		59		true
n00374	3	0.9635	n00284 n06068		48		true
n00375	3	0.9635	n00066 n01448		89		true
n00376	3	0.9635	n00167		39		true
n00377	5	0.9620	n00317		2		true
n00378	14	0.9600	n02206 n03036	n00730 n00825	85		true
n00379	10	0.9600	n00634 n05894	n00301	167		true
n00380	9	0.9600	n02786 n03074 n04129 n05767	n00210	63		true
n00381	9	0.9600	n03996	n00130	24		true
n00382	9	0.9600	n00901	n00471	180		true
n00383	9	0.9600	n01299 n03998	n01501	176		true
n00384	8	0.9600	n01796 n05274 n05277	n00532	214		true
n00385	8	0.9600	n00518 n05939 n09546	n00364	48		true
n00386	7	0.9600	n00545 n02184 n05658		232		true
n00387	7	0.9600	n01888 n02283 n05441	n00659	185		true
n00388	7	0.9600	n01288 n01480 n05485		147		true
n00389	6	0.9600	n00103 n02341		22		true
n00390	6	0.9600	n03302 n04643 n05850 n06150		43		true
n00391	5	0.9600	n00964 n01407 n03400		40		true
n00392	5	0.9600	n01264 n01770 n05748 n07995 n08747 n09137		35		true
n00393	5	0.9600	n01123 n01626 n03836 n09392		26		true
n00394	5	0.9600	n01933 n03670 n06506 n07187 n07604 n08706 n08776		42		true
n00395	4	0.9600	n01205 n01768 n02689 n05144 n07181 n07970		57		true
n00396	4	0.9600	n01431 n04249 n04992 n08776		25		true
n00397	4	0.9600	n01656 n04092 n04448		62		true
n00398	4	0.9600	n01073 n03351		50		true
n00399	4	0.9600	n01128 n05789 n06894 n06895 n08760 n09401		40		true
n00400	4	0.9600	n00527 n01268 n02201 n02226 n02718		119		true
n00401	4	0.9600	n01853 n05502 n08118		22		true
n00402	3	0.9600	n00788 n08754		102		true
n00403	3	0.9600	n01918 n02040 n03312 n06373 n08450		8		true
n00404	6	0.9598	n00666 n03822 n08908		93		true
n00405	5	0.9598	n01471 n06557		68		true
n00406	4	0.9598	n00862 n01192		77		true
n00407	4	0.9598	n02724		6		true
n00408	4	0.9598	n00053 n03259		43		true
n00409	3	0.9598	n01634 n02529 n07653		28		true
n00410	3	0.9598	n00489 n05867 n09527		23		true
n00411	4	0.9596	n01243 n02024 n02860 n07252		56		true
n00412	3	0.9596	n01236 n02667 n08701		15		true
n00413	5	0.9590	n01016 n03785 n05495		43		true
n00414	3	0.9590	n01071		18		true
n00415	3	0.9590	n01026 n04345 n04500 n06416		16		true
n00416	3	0.9557	n00042		9		true
n00417	17	0.9550	n09055	n01172 n04859 n04949	109		true
n00418	16	0.9550	n01050	n01037 n01361 n02622	687		true
n00419	7	0.9550	n01300 n02148 n05009 n08159 n08588	n00371	34		true
n00420	7	0.9550	n03943 n04716 n05165	n00262	201		true
n00421	7	0.9550	n01358 n04153	n00341	32		true
n00422	6	0.9550	n00977 n04868 n05746 n08880		39		true
n00423	6	0.9550	n00765 n02242 n09572	n00265	186		true
n00424	6	0.9550	n04000	n00837	103		true
n00425	5	0.9550	n02021 n06651		14		true
n00426	5	0.9550	n00861		59		true
n00427	5	0.9550	n00446 n04049 n08594		49		true
n00428	5	0.9550	n01840 n02719 n07196 n08136		34		true
n00429	4	0.9550	n01056 n01158 n02752 n06165		13		true
n00430	4	0.9550	n02113 n02666 n03623 n04849 n05641 n06607 n06623		58		true
n00431	4	0.9550	n02178 n06870 n08605 n08764		72		true
n00432	4	0.9550	n01716 n01750 n03905 n06895 n06958 n07242		22		true
n00433	4	0.9550	n01701 n03570 n04950		27		true
n00434	4	0.9550	n01036 n01773 n02797 n06645 n09405		34		true
n00435	4	0.9550	n02220 n05334 n06118		62		true
n00436	3	0.9550	n01235 n02084 n06929		21		true
n00437	4	0.9545	n01771 n03140 n04849		42		true
n00438	3	0.9545	n00668 n08204		20		true
n00439	3	0.9545	n01163 n02712 n08061 n08634		12		true
n00440	4	0.9543	n00967 n01971		135		true
n00441	3	0.9534	n00159 n02693		67		true
n00442	3	0.9531	n01386 n08593		11		true
n00443	66	0.9500	n01658	n02509 n03489 n04638 n06995	210		true
n00444	44	0.9500	n00515	n01098 n02095 n03315 n03752 n04022 n04460 n04871 n05112 n05531 n05714 n06235 n08469 n08587	148		true
n00445	20	0.9500	n03497	n03018 n04454	31		true
n00446	16	0.9500	n00230 n03638 n04581	n00021 n00427	80		true
n00447	13	0.9500	n00663 n00977	n00146 n02292 n03774	52		true
n00448	14	0.9500	n05227 n08315	n03298 n04064	234		true
n00449	10	0.9500	n00009	n00161 n00837	105		true
n00450	9	0.9500	n04390 n04831 n06761	n00655	60		true
n00451	10	0.9500	n01198 n03818 n05025 n07457	n00952 n03216	168		true
n00452	9	0.9500	n03467 n04465 n05934 n09291	n00247 n00896	83		true
n00453	8	0.9500	n02555 n06901	n00921	81		true
n00454	6	0.9500	n01443 n02468 n03238 n03608		74		true
n00455	6	0.9500	n02217 n02243 n03324 n04150 n05146 n09411 n09548		67		true
n00456	4	0.9500	n02718 n04619 n05379		33		true
n00457	4	0.9500	n01167 n01803 n02517		56		true
n00458	4	0.9500	n01191 n06782 n07039 n08943		13		true
n00459	4	0.9500	n00736 n02426 n05782 n07985		65		true
n00460	3	0.9500	n02251 n02728 n03576		80		true
n00461	3	0.9500	n01329 n04305 n06523 n08119 n08776		129		true
n00462	3	0.9500	n01046 n02828 n05752 n05859 n07068 n08035 n09203		13		true
n00463	3	0.9500	n01169 n06772 n07216 n09325		52		true
n00464	3	0.9500	n01129 n02905 n04655 n06030 n06197 n06663 n08607		48		true
n00465	3	0.9500	n00246 n05259		19		true
n00466	6	0.9497	n01133 n05732 n06080		37		true
n00467	4	0.9497	n00044 n01852		5		true
n00468	4	0.9497	n01966 n02115 n02268 n08543		170		true
n00469	4	0.9497	n00735 n05720 n08000		38		true
n00470	4	0.9495	n01005 n02772 n04476 n04830		33		true
n00471	4	0.9495	n00382 n00910 n04633		35		true
n00472	3	0.9495	n00331 n02637 n05657 n07298 n08055 n08485 n08777		21		true
n00473	3	0.9495	n01295 n03584		40		true
n00474	5	0.9492	n00102 n07275		11		true
n00475	4	0.9490	n00578 n01697 n02058 n02423 n05178		59		true
n00476	4	0.9485	n00717 n03004		38		true
n00477	3	0.9483	n00069 n07309 n08083		24		true
n00478	31	0.9450	n02091	n00607 n04331	69		true
n00479	28	0.9450	n02399 n08207	n01257 n01836 n02779 n05586 n08662	201		true
n00480	23	0.9450	n07357	n02259 n05727 n06810	174		true
n00481	17	0.9450	n01425 n08310 n08352	n01003 n02706 n06865	212		true
n00482	19	0.9450	n04571 n06248 n07794	n01087 n01351	58		true
n00483	21	0.9450	n00191 n08777	n00821 n02679 n02848	265		true
n00484	15	0.9450	n04225 n08924	n00314 n01799	160		true
n00485	12	0.9450	n01135 n04658	n01143 n02833	174		true
n00486	9	0.9450	n02844 n03237 n04786 n04913 n05193 n05560 n08226	n00498	28		true
n00487	8	0.9450	n00575 n03800 n03940 n05457 n06326	n00593	169		true
n00488	9	0.9450	n02791	n02608	111		true
n00489	7	0.9450	n01184 n05129 n05333 n07193 n07656 n08738 n09440	n00410	49		true
n00490	6	0.9450	n01712 n01929 n03819 n05168 n05577 n06645 n09262		18		true
n00491	6	0.9450	n00145 n01696		57		true
n00492	6	0.9450	n01596 n01871 n05953		499		true
n00493	6	0.9450	n01458 n03470 n04497		45		true
n00494	5	0.9450	n00016		120		true
n00495	5	0.9450	n01201 n02850 n04297 n06342 n07232 n09252 n09386		104		true
n00496	5	0.9450	n02307 n03338 n06249 n06627		50		true
n00497	5	0.9450	n01654 n01932 n04702 n08745		53		true
n00498	5	0.9450	n00486 n04766 n07071 n07481 n08081		23		true
n00499	5	0.9450	n01900 n02083 n03439 n04604 n09209		49		true
n00500	5	0.9450	n01712 n01772 n01928		58		true
n00501	5	0.9450	n01395 n03901 n04669 n08350		63		true
n00502	4	0.9450	n00982 n01362 n02193 n06189 n07542		36		true
n00503	4	0.9450	n01684 n03252 n09013		35		true
n00504	3	0.9450	n01367 n01530 n02951 n03251 n06751 n06878 n07641		17		true
n00505	3	0.9450	n00615 n04554 n06797 n06990		29		true
n00506	3	0.9450	n01752 n02681 n03164 n08514		28		true
n00507	5	0.9447	n01584 n01697 n03174 n05633 n08949 n09365		58		true
n00508	4	0.9447	n00121 n05565		2		true
n00509	3	0.9444	n01079 n02311 n02803		18		true
n00510	3	0.9436	n00786 n03046 n03624 n05602		12		true
n00511	3	0.9433	n01162 n01175		39		true
n00512	5	0.9418	n00117		16		true
n00513	4	0.9408	n00042		8		true
n00514	63	0.9400	n04635 n08776 n08777	n01937 n04207 n04710 n04865 n07092 n08998	311		true
n00515	50	0.9400	n02694 n04706	n00001 n00096 n00444 n06492	158		true
n00516	44	0.9400	n02479 n06967 n08777	n01178 n02930 n03637	257		true
n00517	31	0.9400	n04070	n01604 n02894 n03151 n03803	469		true
n00518	12	0.9400	n03181 n05015 n05681 n06775 n07761 n07766	n00385 n01275 n03581	62		true
n00519	13	0.9400	n02440 n04379 n05876	n01582 n02005 n08735	113		true
n00520	11	0.9400	n01085 n02208	n01151	177		true
n00521	11	0.9400	n01621 n04666 n05575 n06118 n06954 n07109	n03786	280		true
n00522	9	0.9400	n01402 n05271	n00787	51		true
n00523	8	0.9400	n00141 n02978 n06245	n00771	122		true
n00524	8	0.9400	n01015 n01623 n02239 n06322	n00137	91		true
n00525	9	0.9400	n00196 n05757 n08189	n00368 n00536	136		true
n00526	7	0.9400	n00928 n02447 n03618 n05341 n06862	n00797	117		true
n00527	8	0.9400	n00962 n01864 n02074 n07098	n00400	198		true
n00528	7	0.9400	n01360 n03770 n05801 n08580	n00302	109		true
n00529	6	0.9400	n01202 n01477 n04362		61		true
n00530	6	0.9400	n02531 n04064 n05110		86		true
n00531	6	0.9400	n00980 n02207 n02388 n03833		33		true
n00532	5	0.9400	n00384 n03025		47		true
n00533	5	0.9400	n00351		40		true
n00534	4	0.9400	n01734 n03997 n05349 n08572 n09369		41		true
n00535	4	0.9400	n01774 n01895 n06038 n08794 n08890 n09396		68		true
n00536	4	0.9400	n00525 n04757		45		true
n00537	4	0.9400	n01142 n02197 n02859		208		true
n00538	3	0.9400	n01110 n05489 n05713 n05748 n06890		18		true
n00539	4	0.9397	n01120 n03103 n04777		27		true
n00540	3	0.9381	n01521 n01970 n02966		14		true
n00541	3	0.9375	n00046		4		true
n00542	31	0.9350	n03105 n04009 n04866	n00900 n01615 n04879 n05095	131		true
n00543	28	0.9350	n01164 n02396 n04007 n04974 n08206	n01400	447		true
n00544	17	0.9350	n06689 n09009	n00270 n01598 n03330	128		true
n00545	11	0.9350	n01646 n01841 n03872 n04894 n07347 n07919	n00386 n01070	259		true
n00546	11	0.9350	n01647 n02129	n01097 n01267 n02429	16		true
n00547	8	0.9350	n00013	n00181	111		true
n00548	8	0.9350	n01053 n03679	n00227	73		true
n00549	8	0.9350	n02985 n03560 n05127 n05616 n09421	n00656	61		true
n00550	7	0.9350	n00316 n05391		49		true
n00551	7	0.9350	n01591 n03769 n06168 n06240 n06576 n07099 n07509 n07997 n09483		30		true
n00552	8	0.9350	n01710 n03369 n03656	n00660	77		true
n00553	7	0.9350	n01354 n02448 n03188 n06581		48		true
n00554	5	0.9350	n01160 n02079 n06962 n07972		34		true
n00555	5	0.9350	n02260 n05744 n06069 n07066 n07948 n08131 n08437 n08712 n09220		95		true
n00556	4	0.9350	n02634 n03026 n04300 n05170 n05945 n06903 n08137		30		true
n00557	4	0.9350	n01483 n03880 n04473 n07188 n07405 n08125 n09239		33		true
n00558	4	0.9350	n00846 n03395 n04737 n05480 n06580		21		true
n00559	4	0.9350	n01874 n01876 n02716 n03063 n05254 n05971 n09462		25		true
n00560	4	0.9350	n02831 n02960 n03208 n04289 n09615		71		true
n00561	6	0.9347	n00273 n03380 n05654		118		true
n00562	5	0.9347	n00008 n08777		1		true
n00563	4	0.9347	n00152 n07313		24		true
n00564	3	0.9347	n00751 n00995 n09352		13		true
n00565	3	0.9347	n00065 n03245		12		true
n00566	4	0.9340	n01748 n02964 n03097 n07364 n09420		93		true
n00567	4	0.9340	n00153 n02463		13		true
n00568	3	0.9337	n00277 n01570 n03071 n08776		19		true
n00569	4	0.9323	n00205		28		true
n00570	4	0.9316	n00259 n04771		4		true
n00571	43	0.9300	n01335 n04006 n04500 n05277 n08189	n04867 n06270	538		true
n00572	24	0.9300	n00976 n04115	n01118 n04168	143		true
n00573	23	0.9300	n03357 n03795 n03849	n01231 n01691	161		true
n00574	11	0.9300	n00858 n02897 n06346 n08461	n00116	97		true
n00575	11	0.9300	n02122 n02808 n03123 n03982 n05021	n00487 n01377	213		true
n00576	10	0.9300	n01663 n04829 n05918 n06123 n07910 n09083	n00151	91		true
n00577	9	0.9300	n01352 n05601 n08549	n00138 n00705	16		true
n00578	9	0.9300	n02281 n03551 n04358 n05884	n00475	146		true
n00579	8	0.9300	n02583 n04664 n06731	n00348	5		true
n00580	7	0.9300	n01469 n01731 n04151 n05346	n00888	58		true
n00581	7	0.9300	n01124 n03705 n04408 n05594 n09111 n09446		60		true
n00582	6	0.9300	n03165 n03904 n05044 n06652 n08665	n00799	39		true
n00583	6	0.9300	n02950 n07257		129		true
n00584	6	0.9300	n03022 n03863 n08511 n09276		73		true
n00585	6	0.9300	n01109 n04282 n04603 n06755	n00924	35		true
n00586	6	0.9300	n01068 n05263	n00876	69		true
n00587	5	0.9300	n03557 n03709 n06484 n06665 n09296		15		true
n00588	5	0.9300	n01361 n02622		160		true
n00589	5	0.9300	n01930 n04614 n07386		23		true
n00590	5	0.9300	n00275 n03948 n05387		15		true
n00591	4	0.9300	n01496 n01585 n07198		27		true
n00592	4	0.9300	n01545 n02419 n03432 n03468 n04615 n04778 n04845 n09283		27		true
n00593	4	0.9300	n00487 n01377 n07230		132		true
n00594	4	0.9300	n01546 n02196		32		true
n00595	4	0.9300	n01244 n02154 n07516 n07611 n08697 n09210 n09341		17		true
n00596	4	0.9300	n01269 n01366 n02345 n06873 n09521		54		true
n00597	4	0.9300	n01359 n01988		28		true
n00598	3	0.9300	n01007 n01385 n03137 n05176		15		true
n00599	3	0.9300	n01113 n02390 n03671 n04774 n06572 n07211 n08652		71		true
n00600	3	0.9300	n00202 n02136 n02392 n04294		26		true
n00601	3	0.9300	n00790 n04353 n06552 n07629		67		true
n00602	4	0.9296	n01221 n02796 n03823 n05053		20		true
n00603	4	0.9296	n02056 n04241 n06364 n08017 n09254 n09417		53		true
n00604	3	0.9293	n01296 n03632 n04625		94		true
n00605	3	0.9271	n00353 n00879 n03147		159		true
n00606	3	0.9259	n00355 n06963		10		true
n00607	28	0.9250	n00478	n01338 n07827	65		true
n00608	24	0.9250	n01337 n02862	n01083 n01508 n07091	51		true
n00609	17	0.9250	n01589 n02434	n00013 n02382	149		true
n00610	17	0.9250	n06490	n02950 n04402	345		true
n00611	11	0.9250	n03986 n06542 n06757	n00717 n00848	176		true
n00612	10	0.9250	n01526 n02380 n05003	n00354 n01531	83		true
n00613	9	0.9250	n00013 n06932	n00181 n02643	121		true
n00614	9	0.9250	n00313	n01853	65		true
n00615	6	0.9250	n05056 n06133 n06347 n06369 n06609 n08083 n08762 n09514	n00505	132		true
n00616	5	0.9250	n00860 n07259 n08589		25		true
n00617	5	0.9250	n00842 n02192 n05497 n09144		58		true
n00618	4	0.9250	n00281 n01306 n02967 n05107		7		true
n00619	4	0.9250	n03662 n06843 n09137 n09472		100		true
n00620	4	0.9250	n02422 n02425 n06512 n07090 n08041		62		true
n00621	4	0.9250	n01379 n03658 n04832 n07436 n09516		8		true
n00622	4	0.9250	n01345 n02083 n02641 n03574 n07262 n08031 n08753		115		true
n00623	4	0.9250	n01266 n02504 n03212 n04307 n06111		56		true
n00624	4	0.9250	n01446 n03209 n06842 n06957 n07225 n08724		68		true
n00625	3	0.9250	n00983 n01396 n08808		34		true
n00626	3	0.9250	n01411 n01447 n05803		33		true
n00627	3	0.9250	n01212 n02605		50		true
n00628	4	0.9242	n00115 n05362		50		true
n00629	3	0.9242	n00787 n03724		20		true
n00630	3	0.9242	n00691 n02041 n02079		32		true
n00631	4	0.9223	n00318 n01006		5		true
n00632	3	0.9215	n00126 n03841		30		true
n00633	17	0.9200	n04383	n01466 n02494 n03459	38		true
n00634	14	0.9200	n01099	n00379 n01012	188		true
n00635	12	0.9200	n03605 n08351	n01138 n02566	412		true
n00636	11	0.9200	n04237 n05194 n05529	n00067 n01704 n01934	61		true
n00637	8	0.9200	n02445 n02521 n02867	n00672	101		true
n00638	8	0.9200	n01320 n07598	n00222	41		true
n00639	7	0.9200	n01376 n02143 n02908	n00088	59		true
n00640	7	0.9200	n02901 n02914 n03288 n04452 n04672 n05451 n05518 n05638 n07164 n07389 n08120		35		true
n00641	7	0.9200	n01865 n02701 n03522 n05173 n05788 n06940 n08509	n00919	34		true
n00642	6	0.9200	n02663 n02713 n02913	n00855	25		true
n00643	6	0.9200	n02795 n03373 n03377 n05643 n06402 n09425	n00974	46		true
n00644	6	0.9200	n01780 n02260 n03086 n05415 n05815		49		true
n00645	5	0.9200	n01239 n02548 n04408		45		true
n00646	5	0.9200	n03383 n05787 n06147 n07553 n08585 n09606		41		true
n00647	5	0.9200	n01343 n01851 n06897		88		true
n00648	5	0.9200	n02501 n02688 n02922 n03337 n07224 n07689 n09289 n09363		40		true
n00649	4	0.9200	n01407 n02595 n03245		4		true
n00650	4	0.9200	n02199 n02310		31		true
n00651	3	0.9200	n01736 n02043 n05257 n09577		86		true
n00652	3	0.9200	n00209 n06663		40		true
n00653	3	0.9200	n00810 n01783 n03663 n04910 n06610 n07644		10		true
n00654	3	0.9200	n01670 n01855 n02917 n03671 n05251 n05497 n07187 n09518		35		true
n00655	5	0.9196	n00450 n06950		54		true
n00656	5	0.9196	n00549 n01253 n02001 n07403 n07508 n07859 n08464		41		true
n00657	3	0.9196	n01785 n02764 n03901		229		true
n00658	4	0.9192	n00980 n01551 n03953		36		true
n00659	3	0.9188	n00387 n06370 n09519		158		true
n00660	5	0.9179	n00552 n03082 n05492 n06363		39		true
n00661	3	0.9167	n00213 n02035		81		true
n00662	31	0.9150	n02137 n04006 n04108 n06416 n07274 n08189 n08190 n08776 n08777	n02462	340		true
n00663	20	0.9150	n01758	n00447 n02100	52		true
n00664	15	0.9150	n03230 n07008 n08189	n01077 n03702	583		true
n00665	10	0.9150	n00195 n01744 n08444	n01005 n01668	79		true
n00666	10	0.9150	n02657 n03514 n07261	n00404 n03586	176		true
n00667	6	0.9150	n00105		43		true
n00668	6	0.9150	n02948 n03249 n04555 n08170	n00438	91		true
n00669	6	0.9150	n00143 n03524 n04779		109		true
n00670	6	0.9150	n01849 n01983		103		true
n00671	5	0.9150	n01607 n02880 n09604		41		true
n00672	5	0.9150	n00637 n03895 n05947		59		true
n00673	4	0.9150	n01260 n05898		20		true
n00674	4	0.9150	n01483 n01499 n03906		45		true
n00675	4	0.9150	n01965 n02664 n03303		31		true
n00676	4	0.9150	n00806 n00822 n05606		33		true
n00677	3	0.9150	n00860 n01436 n08563		27		true
n00678	3	0.9150	n01366 n01702 n02604		171		true
n00679	3	0.9150	n00353 n01369		24		true
n00680	3	0.9146	n01572 n02034 n07622 n08079 n08080		150		true
n00681	3	0.9146	n00288		17		true
n00682	3	0.9144	n00043 n08776		22		true
n00683	3	0.9143	n00166		19		true
n00684	3	0.9141	n01024 n03036 n08621 n08686		13		true
n00685	3	0.9141	n00242 n01784		17		true
n00686	3	0.9137	n01267 n01755 n02429 n08776		3		true
n00687	40	0.9100	n02541 n05277	n04793 n05086 n05864 n06464 n07803 n07865	512		true
n00688	17	0.9100	n00004	n01149 n01287 n03579	335		true
n00689	14	0.9100	n01956 n04024	n01204 n02285 n04310	144		true
n00690	10	0.9100	n01084 n02581 n03691 n06671	n00281 n01306	40		true
n00691	8	0.9100	n02413 n02753 n07156	n00630	56		true
n00692	8	0.9100	n00017	n00260	116		true
n00693	7	0.9100	n01822 n03553 n04050 n06143 n06363		144		true
n00694	6	0.9100	n02833		43		true
n00695	5	0.9100	n01233		107		true
n00696	3	0.9100	n01903 n03831 n05660 n06574 n07106 n07276		64		true
n00697	3	0.9100	n01501 n01905 n06662		80		true
n00698	3	0.9100	n01094 n01699 n03044 n03391 n06346		40		true
n00699	3	0.9100	n02010 n08190 n08925 n09513		70		true
n00700	3	0.9100	n01600 n02693 n06403 n07598 n08737		39		true
n00701	6	0.9095	n00199 n08404		85		true
n00702	3	0.9095	n01211 n03168 n09393		154		true
n00703	3	0.9095	n00864 n03777 n06628 n07586		69		true
n00704	3	0.9095	n01059 n01202 n04066 n06074 n07402		29		true
n00705	3	0.9072	n00577 n01472 n01592		13		true
n00706	36	0.9050	n00975	n07747	295		true
n00707	22	0.9050	n03688 n03912 n05186	n01230 n03238 n04816	295		true
n00708	16	0.9050	n00193 n04799	n00965 n09343	241		true
n00709	10	0.9050	n01062 n05241 n05530	n00768 n00985	110		true
n00710	10	0.9050	n02407 n02408 n04647	n00330 n03309	55		true
n00711	10	0.9050	n02656 n02987 n03189	n03104	94		true
n00712	8	0.9050	n02319 n03768 n04407 n05503	n00796 n00872	53		true
n00713	7	0.9050	n01107 n03786 n04550 n04621 n07582 n08017 n09187 n09602	n00303	258		true
n00714	7	0.9050	n05620 n06868 n09134 n09407		118		true
n00715	7	0.9050	n00307 n01101 n03825 n06523		128		true
n00716	7	0.9050	n01564 n02108 n04392 n05950 n06373 n06656		44		true
n00717	7	0.9050	n00611 n02367 n09525	n00476	51		true
n00718	5	0.9050	n01568 n05727		29		true
n00719	5	0.9050	n01066 n01626 n03201 n06394		81		true
n00720	3	0.9050	n01309 n02131 n03388 n06571		23		true
n00721	3	0.9050	n03555 n04910 n05445 n06904 n08409 n09536		8		true
n00722	3	0.9050	n00903 n02640 n03674 n08601		52		true
n00723	3	0.9045	n02152 n03132 n03390 n06529 n08760 n09214 n09266		92		true
n00724	3	0.9036	n01518 n04916		11		true
n00725	3	0.9026	n01023 n01252 n01756		22		true
n00726	3	0.9026	n02731		18		true
n00727	22	0.9000	n01938 n02577 n02737 n06714	n01318 n04419	59		true
n00728	20	0.9000	n01789 n08816	n01086 n04614 n06554	107		true
n00729	12	0.9000	n01542 n04892 n06297 n06731 n07067	n01380 n01698	236		true
n00730	11	0.9000	n00378 n08777	n00162	71		true
n00731	10	0.9000	n00804 n05249 n06128 n08423	n00372 n01384	49		true
n00732	9	0.9000	n03239 n04345 n06367	n00739 n02157	150		true
n00733	8	0.9000	n01926 n04556 n05771 n06905 n08464	n00255	56		true
n00734	7	0.9000	n01422 n04610 n04817 n07199 n08260		100		true
n00735	7	0.9000	n02469 n02983 n03886 n04553 n05346	n00469	47		true
n00736	7	0.9000	n03024 n03765 n06548 n07172 n07575 n07677 n09461	n00459	95		true
n00737	6	0.9000	n01200 n02956 n05799 n06138		128		true
n00738	5	0.9000	n03207 n03209 n03374 n03655 n03678 n07165 n08623 n09463 n09618		78		true
n00739	3	0.9000	n00732 n01127 n02458		120		true
n00740	3	0.9000	n01633 n03141 n04747 n05977		87		true
n00741	3	0.8995	n01424 n05055 n05357 n06605 n08074		26		true
n00742	3	0.8995	n01312 n01769		14		true
n00743	19	0.8950	n01490 n03034 n05301 n07016 n08809	n02102 n05338 n07156	108		true
n00744	15	0.8950	n01691 n04503	n02362 n04309	61		true
n00745	13	0.8950	n02869 n06847 n07263 n08439	n01080 n01356 n01481	107		true
n00746	11	0.8950	n02489 n06303 n07161 n07454	n00179 n02534	39		true
n00747	11	0.8950	n00100	n00323 n01292	88		true
n00748	11	0.8950	n03191 n05074 n05597 n06813 n07274	n00970 n01342	105		true
n00749	8	0.8950	n01891 n03939 n07238 n08327 n08552		61		true
n00750	8	0.8950	n02792 n03334 n04413 n07658	n00257	77		true
n00751	8	0.8950	n01651 n03564 n05047 n05736	n00564	13		true
n00752	3	0.8950	n01967 n03214 n06140 n07511 n08678		93		true
n00753	3	0.8950	n00863 n01294 n04857 n07423		14		true
n00754	3	0.8950	n02636 n02725 n03444 n03955 n07659 n08573		38		true
n00755	3	0.8950	n02062 n06188 n06921 n09594		35		true
n00756	5	0.8945	n01274 n04252 n04612 n06769 n07241 n07430 n07915 n08171		23		true
n00757	3	0.8945	n01111 n03131 n05637 n06601		17		true
n00758	3	0.8945	n01517 n01890 n03253 n03667 n06507 n07979 n08073		38		true
n00759	3	0.8906	n00154 n02161		42		true
n00760	18	0.8900	n03226 n08202 n08224 n08240	n00194 n01323 n05237	59		true
n00761	15	0.8900	n02166	n02133 n02823 n07590	326		true
n00762	14	0.8900	n03452 n04038 n05861 n05874 n07035	n01681 n04492	94		true
n00763	10	0.8900	n00141 n01922	n00136 n00771	185		true
n00764	9	0.8900	n00234 n08784 n08988	n00165	227		true
n00765	9	0.8900	n02383 n03285 n06877	n00423 n02118	201		true
n00766	9	0.8900	n02031 n02788	n00166	25		true
n00767	8	0.8900	n01165 n01478 n06334 n08837	n00132	16		true
n00768	7	0.8900	n00709		55		true
n00769	6	0.8900	n01166 n02711 n07538		81		true
n00770	5	0.8900	n01869 n04127 n07630 n09388		47		true
n00771	5	0.8900	n00523 n00763		119		true
n00772	5	0.8900	n00807 n02381 n03384		30		true
n00773	3	0.8900	n01384 n03309 n03852		23		true
n00774	3	0.8900	n00326 n01894 n07673 n08682		12		true
n00775	3	0.8889	n00968 n02642 n02825		18		true
n00776	5	0.8883	n00200		6		true
n00777	3	0.8878	n01473 n01987 n02372 n02456 n02601		210		true
n00778	3	0.8878	n01154 n01497 n02918 n06624 n07471		64		true
n00779	28	0.8850	n01645 n02353	n00269 n01723 n07372	276		true
n00780	28	0.8850	n03680 n03792 n06671 n07732	n03226 n03451 n04221 n09511	108		true
n00781	14	0.8850	n01491 n02256 n02330 n05690	n01015 n02171	150		true
n00782	11	0.8850	n01723 n02301 n03550 n03643 n07897	n00172 n00208	58		true
n00783	10	0.8850	n03046 n04292 n04996 n06319 n07071 n09273	n00826 n01091	48		true
n00784	9	0.8850	n01890 n06349	n00075	45		true
n00785	8	0.8850	n01492 n02809 n03745	n00261	64		true
n00786	7	0.8850	n02364 n03148 n04048 n04246 n04629 n05439 n06829 n06849 n09337	n00510	35		true
n00787	6	0.8850	n00522 n08777 n09469	n00629	50		true
n00788	6	0.8850	n02174 n02177 n04531 n05262 n06604 n06644	n00402	120		true
n00789	6	0.8850	n01681 n01709 n08181	n00922	45		true
n00790	6	0.8850	n02150 n02265 n03826 n04847	n00601	254		true
n00791	5	0.8850	n01653 n01914 n03664 n06907		70		true
n00792	5	0.8850	n01167 n02827 n03135 n06639		126		true
n00793	3	0.8850	n01588 n02798 n03554 n03618		14		true
n00794	3	0.8850	n02061 n03784 n03898 n09616		36		true
n00795	5	0.8844	n01325 n02286 n05185 n08225		38		true
n00796	3	0.8844	n00712 n02224 n07166 n09534		29		true
n00797	3	0.8844	n00526 n01593 n08069		39		true
n00798	5	0.8838	n00113 n01044		133		true
n00799	3	0.8838	n00582 n02773 n06881 n09009 n09320		20		true
n00800	3	0.8838	n02041 n02687 n03101 n06962 n08512		21		true
n00801	3	0.8832	n00114 n05806 n08225		25		true
n00802	3	0.8832	n01114 n03385 n08491 n09547 n09594		743		true
n00803	3	0.8827	n01069 n02803		16		true
n00804	17	0.8800	n01539 n08301	n00731 n02407	66		true
n00805	11	0.8800	n02104 n02317 n04387 n05434 n06803 n08519	n00050 n02120	80		true
n00806	9	0.8800	n00963 n04909 n06529 n08520	n00676	77		true
n00807	8	0.8800	n01997 n03422 n03875 n09443	n00772 n01740	133		true
n00808	8	0.8800	n01301 n01766 n03372 n05774 n06612 n08357	n00359	73		true
n00809	7	0.8800	n01594 n01781 n04102 n04346 n05164 n08585 n09186	n00304	141		true
n00810	7	0.8800	n03555 n03947 n05911 n06097 n06828 n07597	n00653	22		true
n00811	6	0.8800	n02219 n03665 n07395 n08615 n08669		228		true
n00812	5	0.8800	n02878 n03028 n06397		152		true
n00813	3	0.8800	n01060 n02565 n09316		83		true
n00814	3	0.8800	n01130 n01412 n06352		26		true
n00815	5	0.8788	n00199		56		true
n00816	3	0.8788	n01058 n02039 n02249 n09277		13		true
n00817	3	0.8776	n00354 n02090 n03254		50		true
n00818	28	0.8750	n02399 n08207	n01257 n01836 n02779 n05586 n08662	201		true
n00819	29	0.8750	n01336	n02124	361		true
n00820	23	0.8750	n01604 n02894	n04758 n07102 n09301	427		true
n00821	16	0.8750	n00483 n03603	n06317	134		true
n00822	8	0.8750	n00963 n09266	n00676	133		true
n00823	8	0.8750	n02843 n04301 n04926 n04991 n05910 n06412 n08510	n00972	42		true
n00824	8	0.8750	n02660 n04192 n07246		33		true
n00825	7	0.8750	n00378 n08108 n09327		52		true
n00826	7	0.8750	n00783 n04694		32		true
n00827	7	0.8750	n01013 n02530 n06194 n06631 n08161		59		true
n00828	6	0.8750	n00322 n02209 n07613		34		true
n00829	5	0.8750	n02110 n04949		42		true
n00830	5	0.8750	n02368 n03609 n05932 n06660 n07253 n07431 n07832		32		true
n00831	5	0.8750	n01532 n02856 n04857		159		true
n00832	5	0.8744	n01249 n03203 n05010 n06141 n07207		12		true
n00833	3	0.8744	n01283 n02250 n03007 n08039		69		true
n00834	3	0.8743	n01775 n04704		21		true
n00835	3	0.8736	n00076 n03583		8		true
n00836	3	0.8731	n00327		49		true
n00837	3	0.8724	n00424 n00449		88		true
n00838	3	0.8722	n00212 n02372		8		true
n00839	5	0.8718	n00263 n04142		12		true
n00840	27	0.8700	n01179	n04166 n05872	160		true
n00841	11	0.8700	n01860 n04896 n05247 n07505 n08019 n08317 n08645	n01785 n02764 n03626	455		true
n00842	9	0.8700	n02052 n02532 n04539 n06350 n07606 n08004	n00617 n02159	92		true
n00843	8	0.8700	n02584 n03516 n04676 n04906 n07591	n00334	72		true
n00844	7	0.8700	n01513 n02053 n03200 n06955	n00305	172		true
n00845	7	0.8700	n04689 n05870 n06294 n09511		32		true
n00846	7	0.8700	n02470 n02904 n04845 n05063 n05175 n05176 n06956	n00558	53		true
n00847	6	0.8700	n03929 n07278 n08260 n09491	n00960	87		true
n00848	6	0.8700	n00611 n02629 n07220		145		true
n00849	5	0.8700	n01850 n03023 n04047 n07512 n07638		32		true
n00850	5	0.8700	n01565 n06585 n06658 n07918		50		true
n00851	5	0.8700	n01325 n02879 n04464 n04775 n08163		20		true
n00852	5	0.8700	n01630 n02036 n02824 n05498 n08657		48		true
n00853	3	0.8700	n01078 n02308 n02752 n06165 n08190		10		true
n00854	3	0.8700	n01569 n02396 n07148 n08096 n08186 n08687 n08776 n09382 n09464		22		true
n00855	3	0.8693	n00642 n02963 n04544 n04774 n06157 n06572 n08652		10		true
n00856	3	0.8687	n00911 n03028 n03726		17		true
n00857	3	0.8687	n01277 n02710 n03580 n06646 n07249 n08135 n08719		227		true
n00858	15	0.8650	n01605 n01617 n04798	n00574 n01391	149		true
n00859	16	0.8650	n02071 n02299	n02173	268		true
n00860	9	0.8650	n01861 n05574 n07908 n08564	n00616 n00677	60		true
n00861	8	0.8650	n00105 n04919	n00426	79		true
n00862	7	0.8650	n01353 n01823	n00406	103		true
n00863	7	0.8650	n01609	n00753	235		true
n00864	6	0.8650	n01627 n02152 n09449 n09450	n00703	117		true
n00865	5	0.8650	n00321 n09353 n09430		67		true
n00866	5	0.8650	n01090 n03527		23		true
n00867	5	0.8650	n01805 n02557 n03242 n05177 n06055 n07120 n08429		44		true
n00868	5	0.8650	n01394 n01747 n01769 n07619		113		true
n00869	3	0.8650	n01915 n03334 n03481 n04500 n08090		17		true
n00870	3	0.8650	n02075 n03101 n04043 n06906 n06938 n08519 n09279 n09431		16		true
n00871	3	0.8643	n01223 n01917 n02344 n02924 n04728 n06820 n07508 n07682 n08435 n08532		19		true
n00872	3	0.8636	n00712 n01381 n02798 n06324 n08175		18		true
n00873	3	0.8629	n00318 n01265		12		true
n00874	3	0.8629	n01488 n02396 n02921		67		true
n00875	3	0.8629	n00238 n01953		34		true
n00876	3	0.8629	n00586 n01363 n03215 n04561 n05807		38		true
n00877	31	0.8600	n02482	n04465 n04481 n05604 n05967 n06026	268		true
n00878	12	0.8600	n01620 n06343 n07298 n08205	n01376 n02340	127		true
n00879	7	0.8600	n01105 n07129	n00605	162		true
n00880	7	0.8600	n04489 n04671 n08589	n00956	82		true
n00881	7	0.8600	n01925 n02452 n03548 n04951 n05947	n00363	197		true
n00882	7	0.8600	n01470 n03619 n03966 n04875 n05232 n05978		82		true
n00883	6	0.8600	n02625 n03335 n03465 n03892 n06623 n06925 n08445		18		true
n00884	6	0.8600	n03055 n04359 n06452 n06916 n08189		99		true
n00885	5	0.8600	n01119 n01492		46		true
n00886	5	0.8600	n01125 n03133 n03775 n03995 n08180		60		true
n00887	3	0.8600	n01190 n02717 n05256 n05566 n08029 n08068 n09500		186		true
n00888	3	0.8600	n00580 n02721 n03715 n06414 n06663 n08779 n09505		27		true
n00889	3	0.8600	n00285		108		true
n00890	3	0.8600	n01828 n01916 n03441 n04149 n09568		52		true
n00891	3	0.8600	n02198 n03166 n03530 n04189 n05345 n07138 n08117		24		true
n00892	3	0.8600	n00934 n02877		24		true
n00893	3	0.8593	n01613 n02641 n03196 n04832 n05496		10		true
n00894	3	0.8586	n02453 n02537 n03567 n08631		9		true
n00895	3	0.8571	n01699 n03903 n08189 n09096		58		true
n00896	3	0.8571	n00452 n03241 n05498 n08774		41		true
n00897	72	0.8550	n04065 n07274	n01416 n02886 n04861	587		true
n00898	36	0.8550	n04959 n05401 n08785	n02094 n04011 n05884	372		true
n00899	23	0.8550	n01081 n04574	n01814 n01922	199		true
n00900	22	0.8550	n00542 n04781	n00192 n02332 n04525	83		true
n00901	12	0.8550	n00268 n03868 n07886	n00382 n00910	184		true
n00902	12	0.8550	n02868 n04526 n07463 n08968	n00236 n01713 n03722	142		true
n00903	11	0.8550	n02145 n02617 n05729	n00159 n00722	133		true
n00904	9	0.8550	n03994 n04392 n05585 n06839 n08777	n00983 n01396	92		true
n00905	9	0.8550	n03517 n06043 n07195 n07963	n00211	146		true
n00906	9	0.8550	n02905 n04187 n06761	n00249	313		true
n00907	8	0.8550	n04005 n05800		75		true
n00908	8	0.8550	n01249 n07206	n00176	38		true
n00909	7	0.8550	n04620 n04839 n05054 n05925 n07861 n09496	n00298	63		true
n00910	7	0.8550	n00901 n01690 n03204	n00471	40		true
n00911	6	0.8550	n01454 n05242 n05342 n07052	n00856	27		true
n00912	6	0.8550	n02491 n05157 n06370 n08073 n08987		236		true
n00913	5	0.8550	n01004 n03242 n03303 n05619 n05959		35		true
n00914	5	0.8550	n01320 n01453 n06401 n08670		134		true
n00915	3	0.8550	n01599 n01916 n03617 n06368 n08080 n08321 n08684		73		true
n00916	3	0.8550	n02395 n03718 n04545 n06944 n08189		28		true
n00917	3	0.8550	n01414 n02352 n02857 n02923 n06185 n06884		77		true
n00918	5	0.8543	n01303 n01902 n02665		30		true
n00919	3	0.8543	n00641 n02670 n03931 n04926		10		true
n00920	3	0.8543	n01254 n03889 n05607 n06943		212		true
n00921	3	0.8535	n00453 n01438		52		true
n00922	3	0.8535	n00789 n04307 n07157 n07214 n09186		28		true
n00923	3	0.8531	n00161		27		true
n00924	3	0.8515	n00585		24		true
n00925	33	0.8500	n01030 n05192	n00005 n00007	30		true
n00926	40	0.8500	n01881 n02011	n03068 n04026 n06244 n08053 n08531 n08693	414		true
n00927	12	0.8500	n00195 n02652	n01071 n01668	73		true
n00928	11	0.8500	n02235	n00526 n01898	163		true
n00929	10	0.8500	n01402 n07060 n08912	n01308 n03724	35		true
n00930	7	0.8500	n01468 n02412 n04477	n00362	29		true
n00931	7	0.8500	n01548 n03075 n03613		95		true
n00932	7	0.8500	n02185 n03129 n05382 n05782 n05938 n06589 n07621 n08720		87		true
n00933	6	0.8500	n02715 n03469 n03610 n04308 n04493 n07520		78		true
n00934	6	0.8500	n01581 n01637 n01896 n03566 n09575	n00892	51		true
n00935	3	0.8500	n01058 n02527 n09032		20		true
n00936	5	0.8485	n01350 n01435 n03565 n08002		19		true
n00937	3	0.8485	n01308 n02195 n03169 n03724 n03827		27		true
n00938	3	0.8485	n01668		37		true
n00939	3	0.8485	n01112 n02347 n03030		21		true
n00940	3	0.8485	n01415 n02916 n03576		82		true
n00941	38	0.8450	n01474 n02203 n04422	n01010 n03109	250		true
n00942	27	0.8450	n01992 n02483	n02299 n03155 n04458 n06617 n07468	413		true
n00943	17	0.8450	n02862 n03591 n03597	n01250 n01622 n04678	95		true
n00944	20	0.8450	n03978 n05321	n08007 n08626 n08744	528		true
n00945	16	0.8450	n01417 n01619 n04442 n05079	n01822 n02709 n06143 n07691	208		true
n00946	12	0.8450	n01389 n03493 n05273 n08918	n01534 n02607	47		true
n00947	10	0.8450	n01421 n02708	n01162 n01175	70		true
n00948	8	0.8450	n02285 n06599 n06928 n07906	n00253	80		true
n00949	7	0.8450	n00964 n04914 n06931		180		true
n00950	7	0.8450	n02952 n03343 n03756 n03891 n05262 n05650 n07222		140		true
n00951	6	0.8450	n02589 n07559 n07624 n09283 n09284 n09356		50		true
n00952	5	0.8450	n00451 n01529 n07267		137		true
n00953	5	0.8450	n01206 n01547 n04623 n07244		23		true
n00954	3	0.8450	n01831 n02859 n07472 n07527 n08843		312		true
n00955	5	0.8442	n00979 n04836		75		true
n00956	3	0.8442	n00880 n03902 n04058 n05215 n06555 n06919		56		true
n00957	3	0.8442	n01387 n02475 n02951 n03631 n04463 n09535		29		true
n00958	3	0.8434	n02506 n03257 n03379 n03889 n03957 n06943 n08147 n09533		37		true
n00959	3	0.8434	n01143 n02418 n04732		132		true
n00960	3	0.8418	n00847 n01263 n04619 n08507		12		true
n00961	18	0.8400	n01837 n02864	n00049 n08033	244		true
n00962	13	0.8400	n05076 n07264	n00527 n01263	218		true
n00963	12	0.8400	n05867 n06537 n07130 n07799 n07875 n08404	n00806 n00822	171		true
n00964	12	0.8400	n01792 n02813	n00391 n00949	189		true
n00965	8	0.8400	n00708 n04939		53		true
n00966	8	0.8400	n03198 n04457 n05265 n07140 n08146		109		true
n00967	7	0.8400	n00109	n00440	138		true
n00968	6	0.8400	n01189 n02853 n04948 n08153	n00775	39		true
n00969	5	0.8400	n02947 n03213 n07158 n07475 n08179 n08628		118		true
n00970	5	0.8400	n00748 n04108 n04941 n08778		76		true
n00971	5	0.8400	n01444 n03824 n07538 n08568 n09420		52		true
n00972	5	0.8400	n00823 n03650 n06869		27		true
n00973	3	0.8400	n02286 n02393 n02827 n08034		13		true
n00974	3	0.8400	n00643 n07645 n09516		19		true
n00975	41	0.8350	n01416 n02886 n08777 n08778	n00706 n04209 n07343 n07359	308		true
n00976	27	0.8350	n01399 n05072	n00572 n07433	156		true
n00977	14	0.8350	n01758 n06267 n06481	n00422 n00447	58		true
n00978	13	0.8350	n01441 n02866	n00035 n01878	90		true
n00979	10	0.8350	n00010	n00169 n00955	100		true
n00980	10	0.8350	n01999 n02254 n04474 n08490	n00531 n00658	67		true
n00981	9	0.8350	n02213 n02549 n07076 n07135 n08757 n08884 n08949	n00248	81		true
n00982	7	0.8350	n02495 n02518 n02550 n05852 n08415 n08503	n00502	54		true
n00983	6	0.8350	n00904 n03438 n03893 n04249 n05170	n00625	44		true
n00984	6	0.8350	n01219 n06871 n07034 n07353 n08001		46		true
n00985	7	0.8342	n00709 n01467 n04254		98		true
n00986	5	0.8342	n00111		55		true
n00987	14	0.8300	n03979	n02365 n03239	256		true
n00988	14	0.8300	n02140 n03234 n07320 n08247	n01470 n03218 n03378	101		true
n00989	12	0.8300	n03367 n05438 n06291 n07404	n00155 n03582	50		true
n00990	10	0.8300	n01862 n04397 n05564 n06216	n00157 n03217	94		true
n00991	10	0.8300	n03433 n07589 n08598 n09568	n01449 n03140	102		true
n00992	7	0.8300	n00350 n08948		20		true
n00993	7	0.8300	n02240 n03507 n05347 n06524 n08560 n09349		504		true
n00994	7	0.8300	n02995 n03464	n00338	303		true
n00995	6	0.8300	n01090 n01651 n05842 n08121	n00564	14		true
n00996	6	0.8300	n00201 n02026		71		true
n00997	5	0.8300	n01727 n01873 n03956 n05618		41		true
n00998	5	0.8300	n01565 n02720 n05624 n09172 n09551		265		true
n00999	22	0.8250	n01503 n02929 n06424 n08807	n01538 n02210 n04126	66		true
n01000	25	0.8250	n03114 n04155	n01743 n07845 n07911	331		true
n01001	25	0.8250	n01098 n02095	n01117 n05182 n05576 n08540	89		true
n01002	17	0.8250	n02048	n02466 n03084 n06193	138		true
n01003	13	0.8250	n00481 n04220 n07703	n04305	191		true
n01004	9	0.8250	n01797 n03235 n03758	n00913	49		true
n01005	7	0.8250	n00665 n02685 n04749	n00470	45		true
n01006	7	0.8250	n05183	n00631	37		true
n01007	6	0.8250	n01611 n03130 n04188 n07140 n07546	n00598	80		true
n01008	5	0.8250	n01357 n01682 n01932 n06187 n09571		91		true
n01009	5	0.8250	n02493 n03002 n03384 n03958 n08476 n08670 n08769		78		true
n01010	29	0.8200	n00941 n02065	n00230 n03638 n05732	225		true
n01011	16	0.8200	n04326 n05005	n05934 n05966	122		true
n01012	11	0.8200	n00634 n01843	n01597	133		true
n01013	11	0.8200	n02520 n04235 n05885 n06109 n06769	n00827 n01246	87		true
n01014	10	0.8200	n01795 n06433 n07416	n00066 n01448	118		true
n01015	11	0.8200	n00781 n02815	n00524 n02247	131		true
n01016	10	0.8200	n01725 n02675	n00413	57		true
n01017	5	0.8200	n01045		37		true
n01018	5	0.8200	n02190 n03244 n04702 n06187 n09464		468		true
n01019	24	0.8150	n01884 n07745	n01020 n02261	436		true
n01020	21	0.8150	n01019 n04077	n06120 n09071	401		true
n01021	16	0.8150	n01388 n02463 n05091 n05849	n00012 n03513	27		true
n01022	13	0.8150	n01816 n06550	n00055	287		true
n01023	7	0.8150	n02318 n07585	n00725	31		true
n01024	7	0.8150	n02282 n04699 n04850 n05081 n05501 n06630 n07941 n08449 n08532	n00684	29		true
n01025	7	0.8150	n03375 n04492		60		true
n01026	7	0.8150	n00143 n07911 n08700	n00415	98		true
n01027	6	0.8150	n02385 n02415 n03205 n06372 n08183 n09573 n09579		56		true
n01028	6	0.8150	n03379 n05798 n06921 n08097 n08145		67		true
n01029	5	0.8150	n01527 n02919 n03831 n05752 n08710		110		true
n01030	55	0.8100	n01972 n04366	n00925 n01601 n08324	77		true
n01031	40	0.8100	n02541 n05277	n04793 n05086 n05864 n06464 n07803 n07865	512		true
n01032	22	0.8100	n03544 n07348 n07712	n01148 n02144 n04406 n09569	276		true
n01033	16	0.8100	n09071	n01404 n01606 n03463	325		true
n01034	13	0.8100	n01815 n02743 n03156	n01185 n02631 n03434	282		true
n01035	12	0.8100	n01507 n03926 n05008	n01767	187		true
n01036	10	0.8100	n01942 n02334 n04289 n04399 n04597 n05336	n00288 n00434	52		true
n01037	10	0.8100	n00418 n02444 n05613	n00209 n02690	532		true
n01038	6	0.8100	n00109 n01302		111		true
n01039	5	0.8100	n02238 n03211 n06408 n08171 n08176 n08382		48		true
n01040	71	0.8050	n00000	n02138 n05823 n07290 n08212 n08254 n08837	214		true
n01041	14	0.8050	n02981	n00272 n01612 n04194	58		true
n01042	9	0.8050	n01576 n03420	n00182	32		true
n01043	9	0.8050	n02677 n05041 n06011	n00127	53		true
n01044	9	0.8050	n00023 n09599	n00798 n02765	151		true
n01045	9	0.8050	n02497	n01017	49		true
n01046	6	0.8050	n01527 n02287 n08064 n08109	n00462	23		true
n01047	5	0.8050	n01408 n01482 n03532		45		true
n01048	40	0.8000	n02541 n05277	n04793 n05086 n05864 n06464 n07803 n07865	512		true
n01049	21	0.8000	n02695 n04216	n00140 n03044 n07073	285		true
n01050	18	0.8000	n04271 n04724	n00418 n02444	701		true
n01051	16	0.8000	n02012	n01764 n03658 n05387	49		true
n01052	13	0.8000	n03074	n00289 n02054	174		true
n01053	11	0.8000	n02130 n05335 n06502	n00548 n01700	97		true
n01054	10	0.8000	n02871 n04143 n04409 n05110 n07483 n08033	n00158 n01226	174		true
n01055	11	0.8000	n02314 n02585 n03650 n05159 n05589	n00204 n02799	46		true
n01056	8	0.8000	n02745 n03813 n04844 n05850 n07694 n09029	n00429	33		true
n01057	8	0.8000	n02621 n04361 n04405 n05447 n05917 n06406		383		true
n01058	7	0.8000	n02626 n03652 n04478 n04931	n00816 n00935	33		true
n01059	6	0.8000	n03126 n03480	n00704	48		true
n01060	6	0.8000	n01516 n02911 n02957 n06898 n07642	n00813	209		true
n01061	5	0.8000	n02992 n03250 n03474 n07633		84		true
n01062	14	0.7950	n04334 n05102 n05212 n08916	n00709 n01467	134		true
n01063	10	0.7950	n04912 n05040 n05591 n05839 n06088 n06812 n08292	n00068	85		true
n01064	12	0.7950	n01746 n02335 n02751 n08477	n01269 n02604 n03710	228		true
n01065	9	0.7950	n02619 n02840 n06048 n08483	n00246	80		true
n01066	9	0.7950	n03753 n03990 n05467 n05719 n08551	n00719	173		true
n01067	9	0.7950	n02149 n02303 n07681 n08371	n00167	103		true
n01068	9	0.7950	n04354 n06163	n00586	104		true
n01069	8	0.7950	n00311 n08414	n00803	60		true
n01070	8	0.7950	n00545 n04589		49		true
n01071	7	0.7950	n00927 n03194 n06385	n00414	19		true
n01072	7	0.7950	n03568 n04907 n05268 n09254		311		true
n01073	7	0.7950	n01157 n05970 n06155 n06574 n07428 n07614 n08821	n00398	95		true
n01074	22	0.7900	n01939 n01993	n03598 n06343	262		true
n01075	23	0.7900	n01475 n01558 n02776 n04013 n05408	n01084 n01560 n02211 n04753 n08180	218		true
n01076	14	0.7900	n02580	n02034 n02386 n02829 n08079	324		true
n01077	11	0.7900	n00664	n00239 n01968	552		true
n01078	6	0.7900	n01158 n04006 n08189 n09471	n00853	21		true
n01079	6	0.7900	n00035	n00509	51		true
n01080	6	0.7900	n00745 n02559 n06946 n07466		77		true
n01081	35	0.7850	n03683	n00899 n02571	263		true
n01082	31	0.7850	n03010 n05999	n04225 n04978	282		true
n01083	18	0.7850	n00608	n00103 n00286	33		true
n01084	15	0.7850	n01075 n01974	n00690 n01913 n02967 n03301	82		true
n01085	15	0.7850	n01146 n01429	n00520 n02910 n03310 n03615	220		true
n01086	17	0.7850	n00728 n03915	n02873 n03821	92		true
n01087	15	0.7850	n00482 n03689 n07089	n00024 n01927 n07671	35		true
n01088	8	0.7850	n01102 n02016 n02109 n09086 n09394	n00332	83		true
n01089	8	0.7850	n03848	n00084	81		true
n01090	9	0.7850	n02461 n02655 n04565 n09574	n00866 n00995	33		true
n01091	7	0.7850	n00783		40		true
n01092	7	0.7850	n01698 n02587 n07198		153		true
n01093	6	0.7850	n02955 n03299 n05483 n07273 n07683 n08022 n09225 n09373 n09562		166		true
n01094	6	0.7850	n02794 n03246 n03874 n04754	n00698	53		true
n01095	5	0.7850	n03131 n04704 n06124 n06850 n09189		60		true
n01096	5	0.7850	n02953 n05463 n08766 n09346		68		true
n01097	7	0.7828	n00546 n04499		14		true
n01098	32	0.7800	n00001 n00096 n00444	n01001 n01504 n04900 n05103 n05694 n06872 n07888 n08036	119		true
n01099	18	0.7800	n00188 n06670	n00634 n01843	197		true
n01100	25	0.7800	n03500	n01703 n03461 n04395 n05904 n06084 n06634 n06901	470		true
n01101	16	0.7800	n05404 n05693 n05860 n06038 n08358	n00715 n02383 n03285	285		true
n01102	13	0.7800	n01559 n01998 n07360 n07414	n00294 n01088	105		true
n01103	12	0.7800	n00269	n02035 n02175	237		true
n01104	12	0.7800	n02746 n03365 n07423	n01914 n03664	142		true
n01105	11	0.7800	n01687 n02488 n04466 n05540 n09004	n00353 n00879	175		true
n01106	11	0.7800	n04813 n05322 n05734 n07999	n00124	109		true
n01107	11	0.7800	n01621 n01978 n08776	n00713 n03347	281		true
n01108	9	0.7800	n02280 n03186 n03429	n00128	34		true
n01109	9	0.7800	n04006 n04108 n05470 n06416 n08778	n00585	71		true
n01110	7	0.7800	n01240 n05488 n05747	n00538	35		true
n01111	7	0.7800	n02305 n04488 n05790 n07421 n08629	n00757	51		true
n01112	7	0.7800	n03880 n04303 n06130 n07690 n08110	n00939	70		true
n01113	6	0.7800	n01566 n04544 n06917 n08028	n00599	80		true
n01114	6	0.7800	n01550 n02757 n03770	n00802	767		true
n01115	19	0.7750	n02488 n06681	n02278 n04536 n09444	205		true
n01116	18	0.7750	n01760 n04444 n07742 n08279	n02517 n03605 n03908	493		true
n01117	19	0.7750	n01001 n01504 n04871	n01845 n03332 n03746 n05062 n06579	76		true
n01118	21	0.7750	n00572 n04006 n05277	n02404 n03329 n05177 n06309	132		true
n01119	13	0.7750	n02359 n02744 n07120 n07352	n00885 n02526	91		true
n01120	7	0.7750	n00106 n06225	n00539	39		true
n01121	5	0.7750	n01771 n03206 n04091		40		true
n01122	12	0.7700	n02145 n02898 n05708	n00159 n02693	126		true
n01123	11	0.7700	n01540 n04727 n08334 n08416	n00393	66		true
n01124	10	0.7700	n03278 n05361 n06703 n07495 n07786 n08979	n00581	78		true
n01125	8	0.7700	n02211 n04572 n05230	n00886	84		true
n01126	8	0.7700	n00026	n00185	59		true
n01127	7	0.7700	n02365 n03239 n05390 n09338 n09488	n00739	221		true
n01128	7	0.7700	n02556 n09054	n00399	57		true
n01129	6	0.7700	n03339 n04798 n05642 n06322 n06573	n00464	104		true
n01130	6	0.7700	n01544 n03088 n05795 n06312	n00814	72		true
n01131	5	0.7700	n02858 n03300 n03756 n06315 n07228 n08727 n09557		73		true
n01132	9	0.7688	n00314 n01799 n04729	n00369 n01967	151		true
n01133	17	0.7650	n00230	n00466 n02234	88		true
n01134	16	0.7650	n05222 n06013 n06711	n00197 n01278 n04921	262		true
n01135	15	0.7650	n04522	n00485 n04055	188		true
n01136	11	0.7650	n01341 n02784 n08990	n00320 n01500	100		true
n01137	9	0.7650	n02789 n03190	n00215	149		true
n01138	9	0.7650	n00635 n02517 n05256 n05356 n07166	n00285	385		true
n01139	7	0.7650	n04137 n04420 n05634 n05975		141		true
n01140	7	0.7650	n02263 n03428 n07213 n07237 n07641		74		true
n01141	7	0.7650	n01434 n03463 n05596		247		true
n01142	7	0.7650	n03473 n04134 n04947 n05049 n06183 n06879 n07199 n07570 n08055	n00537	395		true
n01143	7	0.7650	n00485 n04055	n00959	153		true
n01144	5	0.7650	n00106 n04965		27		true
n01145	33	0.7600	n02375 n06673 n07282	n02295	150		true
n01146	21	0.7600	n01401 n04784	n01085 n02208	289		true
n01147	19	0.7600	n02275 n05310 n08820	n01286 n02167 n05335 n07587	153		true
n01148	14	0.7600	n01032 n04029 n06273 n07085 n07847	n01186 n01497	172		true
n01149	13	0.7600	n00688	n00109	145		true
n01150	12	0.7600	n06065	n00053	274		true
n01151	8	0.7600	n00520 n02910 n03989 n04469	n00293	168		true
n01152	7	0.7600	n01891 n02949 n09559		54		true
n01153	6	0.7600	n01564 n03476 n06559 n07196		64		true
n01154	6	0.7588	n01186 n05277 n05462 n05659	n00778	87		true
n01155	38	0.7550	n01489 n08190	n02482 n07461	416		true
n01156	31	0.7550	n04070	n01604 n02894 n03151 n03803	469		true
n01157	21	0.7550	n08972	n01073 n03924	181		true
n01158	11	0.7550	n06689 n07174	n00429 n01078	29		true
n01159	11	0.7550	n08007 n08172 n08744	n01211 n01382 n03168	429		true
n01160	9	0.7550	n05244 n05338 n08660 n09045	n00554	63		true
n01161	7	0.7550	n01652 n03704 n06577 n07646		119		true
n01162	6	0.7550	n00947 n03296 n04952	n00511	45		true
n01163	6	0.7550	n01234 n03054 n03470	n00439	79		true
n01164	40	0.7500	n01858 n01880 n02374 n07279	n00025 n00543	563		true
n01165	18	0.7500	n01537 n01886	n00767 n02031	38		true
n01166	10	0.7500	n03128 n03331	n00769 n01753 n03721	103		true
n01167	9	0.7500	n04145 n05423 n09435	n00457 n00792	169		true
n01168	7	0.7500	n02172 n03282 n04700 n09395 n09479		38		true
n01169	6	0.7500	n01374 n02343 n03951 n09565	n00463	83		true
n01170	5	0.7500	n02854 n06065		91		true
n01171	7	0.7487	n03847		82		true
n01172	13	0.7450	n00417 n09022	n01985 n02110	91		true
n01173	9	0.7450	n01392 n04836	n01212 n02605	119		true
n01174	6	0.7450	n02171 n03896		70		true
n01175	6	0.7450	n00947 n06872	n00511	64		true
n01176	5	0.7450	n05155 n06388 n08533 n08584 n08687		56		true
n01177	5	0.7450	n02417 n04336 n07262 n08773 n09362 n09436		57		true
n01178	33	0.7400	n00516 n03962	n02068 n05199 n05853 n06222	155		true
n01179	34	0.7400	n05288	n00840 n02358 n05695 n05890	218		true
n01180	40	0.7400	n03588	n04348 n05685 n07784	404		true
n01181	18	0.7400	n01675 n03491 n04573 n05303	n01608 n02702 n02819 n09570	213		true
n01182	18	0.7400	n02544 n03271	n02300 n03773	154		true
n01183	10	0.7400	n03513 n07129	n00057	13		true
n01184	10	0.7400	n02846 n04401 n05326 n06054 n06308 n07137 n07138 n07192 n07489	n00489	71		true
n01185	10	0.7400	n01034 n03698 n04094 n05327	n01414 n02923 n03102	155		true
n01186	9	0.7400	n01148 n02336 n05020 n08162 n09569 n09586	n01154	120		true
n01187	9	0.7400	n01591 n02845 n05149 n06240 n07099 n08385	n00297	29		true
n01188	9	0.7400	n01217 n03509 n05599	n00250	63		true
n01189	9	0.7400	n04056 n07256 n07918	n00968	49		true
n01190	7	0.7400	n02590 n02742 n04105 n04195 n05946 n08583	n00887	218		true
n01191	7	0.7400	n02677 n05161 n07432	n00458	32		true
n01192	7	0.7400	n01823 n04405 n09220	n00406	288		true
n01193	5	0.7400	n01583 n02363 n02667 n03442 n06911		33		true
n01194	38	0.7350	n01214	n02294 n08101	203		true
n01195	23	0.7350	n01706 n03963	n00033 n05332	127		true
n01196	17	0.7350	n02435 n08241 n08817	n01861 n03942	121		true
n01197	14	0.7350	n01791 n02374	n00025	126		true
n01198	13	0.7350	n06806 n06999 n07050 n07907 n07930	n00451 n01529	169		true
n01199	12	0.7350	n02466 n07097	n00242 n01784	119		true
n01200	10	0.7350	n02616 n04923 n08143 n08177	n00737 n03141	212		true
n01201	9	0.7350	n03993 n04742 n05197 n06591 n07347 n08524	n00495	271		true
n01202	10	0.7350	n03126 n05426 n06215 n06263	n00529 n00704	99		true
n01203	9	0.7350	n02586 n07525 n08957 n09114	n00174	231		true
n01204	8	0.7350	n00689 n04924 n06594 n08547 n09587		119		true
n01205	8	0.7350	n05612	n00395	71		true
n01206	8	0.7350	n04412 n04483 n05135 n07595 n09342	n00953	36		true
n01207	7	0.7350	n01679 n03197		79		true
n01208	7	0.7350	n02077 n05546 n05652 n06392 n07542 n08415 n08545		35		true
n01209	7	0.7350	n03648 n03941 n07969 n09203 n09348 n09427		51		true
n01210	6	0.7350	n00234 n08742		29		true
n01211	6	0.7350	n01159 n05380 n05629 n09614	n00702	214		true
n01212	6	0.7350	n01173 n08148	n00627	72		true
n01213	7	0.7337	n00036	n00267	45		true
n01214	42	0.7300	n00002 n03733	n01194 n01994 n06231	229		true
n01215	31	0.7300	n04070	n01604 n02894 n03151 n03803	469		true
n01216	18	0.7300	n02377 n03682	n01925 n02439 n02867	289		true
n01217	15	0.7300	n01635 n05198 n08440	n01188 n03064	89		true
n01218	12	0.7300	n02067 n06096 n07403 n08863	n00163 n00217	111		true
n01219	9	0.7300	n01798 n04835 n06330 n06489 n08511 n08604 n09276	n00984	58		true
n01220	10	0.7300	n03749 n05252 n05572 n07189	n02007	66		true
n01221	8	0.7300	n02848 n06164	n00602	34		true
n01222	7	0.7300	n04191 n04592 n04767 n05057 n05137 n05736 n06378		56		true
n01223	7	0.7300	n03949 n06159 n06773 n07700 n08621 n08813	n00871	43		true
n01224	6	0.7300	n02438 n04108 n06925 n08102		34		true
n01225	6	0.7273	n01765 n04476 n04830 n07368		47		true
n01226	6	0.7273	n01054	n00184	153		true
n01227	95	0.7250	n01335 n04006 n04500 n05277 n08189	n02616 n07250 n08783 n09307	926		true
n01228	38	0.7250	n02329 n04708	n02233 n02314 n02585	107		true
n01229	39	0.7250	n04862 n06977	n02888 n08477 n09521	358		true
n01230	18	0.7250	n00707 n03362	n01443 n02468 n03432 n03468 n03608 n04615 n05389	276		true
n01231	13	0.7250	n00573 n05240 n09157	n06650	35		true
n01232	16	0.7250	n03070 n03794 n04988 n05688	n04095 n07180	525		true
n01233	9	0.7250	n03462 n04819 n06410 n08420 n09588	n00695	127		true
n01234	9	0.7250	n02442 n04027 n04769 n05035 n06557 n07017	n01163	90		true
n01235	6	0.7250	n01928 n01948 n03091 n03333 n05577	n00436	42		true
n01236	6	0.7250	n01892 n03472 n05619 n06663	n00412	33		true
n01237	6	0.7250	n00055 n02632	n00373	241		true
n01238	22	0.7200	n02165 n02838	n00030 n03229	97		true
n01239	20	0.7200	n01905 n04712 n07751	n00009 n00645	164		true
n01240	14	0.7200	n02068	n01110 n03828	51		true
n01241	12	0.7200	n01941 n02126 n04288 n07903	n00148 n03060	378		true
n01242	10	0.7200	n03424 n03427 n04828 n05981 n06528 n07978	n00331	191		true
n01243	8	0.7200	n01353 n03757 n04107 n04498	n00411	97		true
n01244	7	0.7200	n02443 n03558 n04891 n09207	n00595	37		true
n01245	6	0.7200	n01653 n03664		79		true
n01246	7	0.7200	n01013 n03382	n00339	63		true
n01247	25	0.7150	n04790 n05518 n07800	n01339 n03811 n07466	347		true
n01248	12	0.7150	n01693 n03184 n08228	n00052	302		true
n01249	11	0.7150	n01996 n04462 n04873 n05716	n00832 n00908	39		true
n01250	11	0.7150	n00943 n03421	n00044 n01852	44		true
n01251	10	0.7150	n01795 n01959 n08456 n08969	n00066	118		true
n01252	8	0.7150	n02679	n00725	26		true
n01253	8	0.7150	n03560	n00656	59		true
n01254	7	0.7150	n03161 n03294 n06377 n07524	n00920	267		true
n01255	6	0.7150	n00321 n09056		90		true
n01256	40	0.7100	n01522	n03115 n05283	93		true
n01257	20	0.7100	n00479 n00818	n01730 n03121	98		true
n01258	13	0.7100	n04395	n01290 n01717 n01804 n03907	176		true
n01259	10	0.7100	n01680 n02785 n03804 n06232 n06793 n08943	n00060	24		true
n01260	10	0.7100	n01577 n04181 n06831	n00287 n00673	42		true
n01261	11	0.7100	n06975 n09166	n00058 n01856	141		true
n01262	10	0.7100	n03363 n03368 n03814 n05136	n00212 n02372	213		true
n01263	10	0.7100	n00962 n01889	n00960 n02201	157		true
n01264	8	0.7100	n01726 n03050 n04761 n05770 n07474 n09163 n09258	n00392	91		true
n01265	8	0.7100	n00014	n00873	78		true
n01266	8	0.7100	n03700 n04335 n05921 n06635 n07553 n09341	n00623	77		true
n01267	7	0.7100	n00546 n02284	n00686	6		true
n01268	7	0.7100	n01864 n01889 n02872 n03946 n08072 n08129 n09335	n00400	149		true
n01269	7	0.7100	n01064 n04630 n04690 n05935	n00596	73		true
n01270	6	0.7100	n01680 n05902 n07039		30		true
n01271	5	0.7071	n01495 n02471		23		true
n01272	43	0.7050	n02272 n07279 n08777	n02231 n03273 n07120	251		true
n01273	42	0.7050	n02028 n03961 n04203 n05508	n01285 n01790 n03854	647		true
n01274	12	0.7050	n02101 n04040	n00155 n00756	41		true
n01275	8	0.7050	n00518 n05445	n00364	28		true
n01276	8	0.7050	n02709 n07209 n07691		94		true
n01277	8	0.7050	n03243 n06156 n07466 n08053 n09371	n00857	260		true
n01278	7	0.7050	n01134 n02736		50		true
n01279	7	0.7050	n02623 n04490 n04933 n09493		69		true
n01280	7	0.7050	n01763 n05936 n08011		70		true
n01281	6	0.7050	n00030 n03229 n07824		28		true
n01282	6	0.7050	n01547 n03000 n03582		29		true
n01283	6	0.7050	n02558 n04106 n07512 n08425	n00833	148		true
n01284	6	0.7050	n01357 n06195 n06620 n06948		125		true
n01285	32	0.7000	n01273 n02296	n08886	618		true
n01286	13	0.7000	n01147 n05312	n02568 n03679	101		true
n01287	14	0.7000	n00688	n00109 n01302	333		true
n01288	10	0.7000	n03755 n06590	n00388	223		true
n01289	8	0.7000	n02336 n04406		142		true
n01290	9	0.7000	n01258 n04096 n04686	n01438	143		true
n01291	7	0.7000	n00314	n00369	55		true
n01292	7	0.7000	n00747 n04005		88		true
n01293	7	0.7000	n02996 n08895		217		true
n01294	7	0.7000	n01609 n04033 n05969 n07657 n09235	n00753	37		true
n01295	6	0.7000	n04087 n04161 n04802 n05434 n06247 n07093	n00473	54		true
n01296	6	0.7000	n01394	n00604	139		true
n01297	5	0.6985	n00120 n03220		37		true
n01298	19	0.6950	n02487 n02546 n06021 n08805	n02745 n09471	131		true
n01299	14	0.6950	n02072 n02940	n00383 n02019 n06662	213		true
n01300	13	0.6950	n02014 n02615	n00419 n03386 n03781	70		true
n01301	14	0.6950	n02333 n03076 n04120 n05674	n00808 n02451 n02756	113		true
n01302	10	0.6950	n01287 n03464	n01038 n02692	316		true
n01303	9	0.6950	n03425 n05360 n05551 n08571 n08611	n00918 n01600	70		true
n01304	10	0.6950	n01911 n06068	n00168 n02832	191		true
n01305	7	0.6950	n03766 n04284 n08627 n09409	n00175	153		true
n01306	8	0.6950	n00690 n01913 n04548	n00618	40		true
n01307	7	0.6950	n01943 n04418 n04558 n05644 n07515 n08607		68		true
n01308	6	0.6950	n00929 n03950 n05050	n00937	29		true
n01309	6	0.6950	n01944 n02195 n04523	n00720	30		true
n01310	6	0.6950	n00274 n05469 n06178 n07888 n08469		28		true
n01311	6	0.6950	n02108 n03411 n05912 n07654		120		true
n01312	6	0.6950	n01434 n01606	n00742	41		true
n01313	6	0.6950	n03056 n04714		32		true
n01314	5	0.6950	n00276 n08807		26		true
n01315	39	0.6900	n02204	n03736 n07887	381		true
n01316	19	0.6900	n01338	n02980 n03344	22		true
n01317	23	0.6900	n01881 n03450 n05299 n06203 n06419	n03420 n04890 n08554	160		true
n01318	20	0.6900	n00727	n00349 n01509 n04138 n07246	55		true
n01319	16	0.6900	n02331 n03227 n04020	n01543 n02187	73		true
n01320	13	0.6900	n06510 n07928	n00638 n00914 n02389	147		true
n01321	14	0.6900	n03155 n08331	n01729 n04559	204		true
n01322	11	0.6900	n02210 n04126 n06058 n09201	n00366	43		true
n01323	10	0.6900	n00760 n04530	n00130	29		true
n01324	10	0.6900	n01374 n06085 n06099 n07171	n00325	952		true
n01325	8	0.6900	n02707 n04517 n05755 n06489 n07602	n00795 n00851	39		true
n01326	7	0.6900	n00038	n00135	98		true
n01327	7	0.6900	n02466 n03084 n06892		94		true
n01328	7	0.6900	n01983 n03847 n08780		94		true
n01329	7	0.6900	n06865	n00461	143		true
n01330	6	0.6900	n01376 n02340		86		true
n01331	6	0.6900	n01478 n02280 n02449 n05259 n06334		13		true
n01332	6	0.6900	n02239 n02387 n06573		63		true
n01333	6	0.6900	n01893 n02563 n06870 n08651		123		true
n01334	6	0.6900	n02593 n05628 n08122		235		true
n01335	880	0.6850	n02396	n00571 n01227 n01708 n02490 n02541 n02551 n03063 n03195 n03331 n03872 n03981 n04034 n04099 n04204 n04205 n04391 n04459 n04473 n04721 n04916 n05106 n05264 n05328 n05372 n05668 n05679 n05749 n05763 n05783 n05809 n05817 n05834 n05858 n05898 n05924 n05969 n05988 n06090 n06136 n06149 n06165 n06186 n06275 n06359 n06364 n06381 n06386 n06484 n06518 n06568 n06592 n06596 n06621 n06674 n06676 n06752 n06778 n06790 n06851 n06856 n06907 n06908 n06921 n06943 n07018 n07059 n07113 n07124 n07177 n07189 n07195 n07202 n07205 n07218 n07232 n07247 n07280 n07287 n07347 n07367 n07377 n07440 n07496 n07524 n07536 n07563 n07564 n07571 n07620 n07624 n07634 n07637 n07651 n07681 n07717 n07737 n07745 n07757 n07776 n07787 n07840 n07862 n07870 n07936 n07945 n07947 n07953 n07956 n08003 n08012 n08063 n08088 n08097 n08127 n08132 n08138 n08147 n08178 n08275 n08277 n08284 n08295 n08296 n08303 n08306 n08308 n08328 n08374 n08377 n08388 n08442 n08488 n08491 n08634 n08664 n08665 n08669 n08714 n08717 n08723 n08795 n08805 n08854 n08908 n08909 n08933 n08936 n08942 n08955 n08974 n08975 n08985 n09029 n09044 n09075 n09079 n09116 n09126 n09161 n09184 n09232 n09233 n09235 n09239 n09240 n09282 n09308 n09314 n09320 n09364 n09383 n09447 n09462 n09478 n09519 n09533 n09539 n09540 n09594 n09607 n09608	5422		true
n01336	55	0.6850	n02064 n04007 n08779	n00819 n06426 n08344 n08506	777		true
n01337	25	0.6850	n02093 n05825	n00608 n02097	56		true
n01338	23	0.6850	n00607	n01316 n03606	23		true
n01339	19	0.6850	n01247 n07781	n07263	141		true
n01340	17	0.6850	n02121 n03119 n04440 n07325	n02813	198		true
n01341	15	0.6850	n06778 n07388 n08291	n01136 n01800 n08680	140		true
n01342	8	0.6850	n00748 n03763 n05171	n00254	80		true
n01343	8	0.6850	n02216 n02584 n04141 n05367	n00647	124		true
n01344	7	0.6850	n02283 n02994 n03087 n09364		143		true
n01345	7	0.6850	n02946 n03888 n04632 n04739 n05158 n08619	n00622	134		true
n01346	5	0.6850	n02022 n08007 n08716		141		true
n01347	1451	0.6800	n02644	n00139 n01475 n01558 n01658 n01881 n02271 n02542 n02609 n02776 n02925 n03181 n03295 n03401 n03450 n03788 n03792 n03933 n04013 n04213 n04261 n04319 n04504 n04546 n04553 n04685 n04711 n04780 n04788 n04808 n04968 n04970 n05013 n05057 n05064 n05073 n05164 n05191 n05194 n05203 n05205 n05210 n05281 n05299 n05316 n05364 n05518 n05524 n05525 n05599 n05638 n05666 n05706 n05721 n05771 n05791 n05813 n05893 n05911 n05912 n06002 n06010 n06033 n06094 n06101 n06159 n06168 n06206 n06213 n06238 n06269 n06276 n06294 n06305 n06325 n06330 n06373 n06398 n06419 n06451 n06494 n06505 n06561 n06656 n06664 n06686 n06711 n06714 n06754 n06775 n06799 n06835 n06905 n06941 n06945 n06971 n06974 n06999 n07042 n07053 n07088 n07116 n07149 n07151 n07160 n07186 n07281 n07283 n07284 n07304 n07317 n07369 n07420 n07431 n07454 n07456 n07508 n07509 n07547 n07557 n07592 n07600 n07687 n07696 n07705 n07725 n07731 n07742 n07744 n07763 n07764 n07766 n07775 n07790 n07806 n07828 n07852 n07893 n07917 n07931 n07994 n08001 n08038 n08081 n08082 n08107 n08120 n08195 n08199 n08202 n08203 n08215 n08216 n08223 n08224 n08225 n08231 n08238 n08263 n08276 n08281 n08290 n08301 n08337 n08338 n08341 n08343 n08346 n08400 n08402 n08462 n08464 n08482 n08509 n08510 n08511 n08513 n08565 n08590 n08593 n08599 n08603 n08604 n08648 n08692 n08750 n08771 n08784 n08786 n08798 n08807 n08818 n08830 n08835 n08862 n08873 n08882 n08883 n08901 n08937 n08971 n09005 n09026 n09047 n09067 n09068 n09093 n09103 n09140 n09141 n09142 n09201 n09205 n09211 n09227 n09261 n09269 n09273 n09276 n09280 n09324 n09328 n09339 n09345 n09350 n09391 n09400 n09421 n09422 n09425 n09435 n09456 n09483 n09500 n09517 n09536 n09546 n09567 n09578 n09588 n09606	6306		true
n01348	47	0.6800	n04500 n04502 n04704 n05659 n06416 n07274 n07275 n08778 n08779	n01791 n02374	612		true
n01349	28	0.6800	n03859	n02649 n05309 n06759	286		true
n01350	18	0.6800	n02935 n03496	n00936 n01430	28		true
n01351	15	0.6800	n00482	n00024 n03056 n06649	50		true
n01352	12	0.6800	n04454 n07316	n00577 n01472	21		true
n01353	11	0.6800	n02142 n03077 n05724 n06069	n00862 n01243	147		true
n01354	11	0.6800	n04651 n04733 n05219 n06655 n06709 n07510	n00553 n02194	445		true
n01355	11	0.6800	n02378 n04239 n06792	n01903 n02919	195		true
n01356	11	0.6800	n00745 n04344 n05581	n00244 n01754	80		true
n01357	10	0.6800	n04286 n05142	n01008 n01284	144		true
n01358	11	0.6800	n09343	n00421 n02229	57		true
n01359	10	0.6800	n02436 n03942	n00597 n01436	72		true
n01360	10	0.6800	n01962 n03020 n06885	n00528	114		true
n01361	8	0.6800	n00418 n03411 n05627 n06663 n08779	n00588	497		true
n01362	8	0.6800	n02518 n05635 n05852 n07665 n08503	n00502	48		true
n01363	8	0.6800	n03155 n06163	n00876	112		true
n01364	7	0.6800	n01406 n02991 n03767 n06597 n06927		86		true
n01365	7	0.6800	n04293 n06082 n08416		53		true
n01366	7	0.6800	n02822 n03710	n00596 n00678	192		true
n01367	6	0.6800	n04463 n04560 n05558 n07078 n07910 n08335 n09300	n00504	67		true
n01368	6	0.6800	n02451 n03764 n06583 n06640		61		true
n01369	6	0.6800	n02278 n04355 n06644 n06947	n00679	42		true
n01370	5	0.6800	n02910 n06130 n06823 n09503		94		true
n01371	83	0.6750	n01857 n03222	n03105 n04781 n07139	460		true
n01372	24	0.6750	n03738	n00099 n03562	439		true
n01373	22	0.6750	n03117	n00101 n06129 n07959	389		true
n01374	16	0.6750	n02099 n07849	n01169 n01324 n07216 n09487	1083		true
n01375	11	0.6750	n03122 n03928 n05437 n06110	n00115	104		true
n01376	10	0.6750	n00878 n03598 n09048	n00639 n01330	127		true
n01377	8	0.6750	n00575 n07565 n07723	n00593	184		true
n01378	8	0.6750	n02032 n04843	n00252	162		true
n01379	8	0.6750	n03196 n05387 n05639 n07645	n00621	31		true
n01380	8	0.6750	n00729 n03944 n04750	n01573	177		true
n01381	7	0.6750	n03768 n04842 n06144 n07150 n08768	n00872	54		true
n01382	7	0.6750	n01159 n02874		364		true
n01383	6	0.6750	n02082 n04930 n08158 n08777	n00304	73		true
n01384	6	0.6750	n00731 n02407	n00773	41		true
n01385	6	0.6750	n01611 n05155 n05480 n06413 n06963 n08840	n00598	56		true
n01386	6	0.6750	n03064 n03157	n00442	31		true
n01387	6	0.6750	n02111 n03251 n04631	n00957	48		true
n01388	20	0.6700	n02576	n01021 n07129	167		true
n01389	16	0.6700	n04802 n06076 n07356	n00946 n02816	78		true
n01390	14	0.6700	n03364 n05075 n05542 n06232 n06250 n08317 n08839	n00022 n01722 n02966	105		true
n01391	12	0.6700	n00858 n04634 n06063 n07296 n08194 n08801	n00116 n03175	112		true
n01392	12	0.6700	n00010	n00169 n01173	129		true
n01393	10	0.6700	n04540	n00125	94		true
n01394	9	0.6700	n02261	n00868 n01296	191		true
n01395	8	0.6700	n06137 n06648 n07664	n00501	76		true
n01396	6	0.6700	n00904 n02257 n02907 n06903	n00625	82		true
n01397	6	0.6700	n01941 n05598 n08721 n08722 n09542		83		true
n01398	5	0.6700	n03759 n03837 n08682		20		true
n01399	33	0.6650	n01462 n08803	n00976 n04115 n07417 n07867 n09034 n09035	197		true
n01400	27	0.6650	n00543	n04804 n05208 n06312 n07257	435		true
n01401	24	0.6650	n05819 n06006	n01146 n01429 n05944	312		true
n01402	13	0.6650	n02781 n09180	n00522 n00929	62		true
n01403	17	0.6650	n02333 n07780	n01766 n03372 n04003 n09438	119		true
n01404	13	0.6650	n01033	n01434	282		true
n01405	15	0.6650	n06057 n06772	n01715 n01774	195		true
n01406	12	0.6650	n04236 n04339 n07859 n08435	n01364 n02831 n03208	162		true
n01407	9	0.6650	n02813 n04279 n05143	n00391 n00649	43		true
n01408	10	0.6650	n02519 n07823	n01047 n02057	114		true
n01409	7	0.6650	n05354 n08100		52		true
n01410	7	0.6650	n00197 n04921		27		true
n01411	6	0.6650	n01802 n03706 n07382	n00626	58		true
n01412	6	0.6650	n01544 n02950 n03089 n09001	n00814	128		true
n01413	6	0.6650	n02418 n08488 n08726		41		true
n01414	6	0.6650	n01185 n01806 n03434	n00917	125		true
n01415	6	0.6650	n03304 n03772 n06658 n09577	n00940	130		true
n01416	46	0.6600	n00897 n03960	n00975 n02463	313		true
n01417	26	0.6600	n02274 n02480	n00945 n01590 n06363 n09334	260		true
n01418	16	0.6600	n01922 n02165	n02654	116		true
n01419	16	0.6600	n04568 n05316 n07025 n08937	n00031 n02393	392		true
n01420	12	0.6600	n03601 n06464 n07865 n07882	n00039	102		true
n01421	13	0.6600	n04900 n05103	n00947 n03296	79		true
n01422	10	0.6600	n01694 n02379 n04545 n04591 n08612	n00734 n01655	217		true
n01423	8	0.6600	n05151 n05913 n07569		55		true
n01424	6	0.6600	n02342 n03065 n03485	n00741	81		true
n01425	33	0.6550	n04864 n04958 n06663 n07694	n00481 n05860 n07022	373		true
n01426	24	0.6550	n07345	n08363	86		true
n01427	28	0.6550	n03012 n04966	n04437	184		true
n01428	23	0.6550	n03110 n04377	n02983 n03886 n04745 n07115	110		true
n01429	18	0.6550	n01401 n02512 n08963	n01085 n01899 n04469	248		true
n01430	14	0.6550	n01350	n00020	21		true
n01431	14	0.6550	n04792 n05889 n07314	n00277 n00396	77		true
n01432	15	0.6550	n03275	n00196 n04757	161		true
n01433	11	0.6550	n01524 n02647 n04603 n04736 n07092	n00202 n02392 n03484	120		true
n01434	11	0.6550	n01404 n04608 n07977	n01141 n01312	263		true
n01435	9	0.6550	n01794 n02935 n03932 n05931 n06293	n00936	31		true
n01436	6	0.6550	n01359 n01861 n03320 n05574	n00677	52		true
n01437	6	0.6550	n00145		32		true
n01438	6	0.6550	n01290 n01717 n02133	n00921	88		true
n01439	30	0.6500	n02736 n04259 n04425	n02602 n03738 n07154	466		true
n01440	15	0.6500	n00098	n01796 n02053	350		true
n01441	16	0.6500	n02358 n02513 n05695	n00978 n01664 n05979	119		true
n01442	16	0.6500	n02313	n02593 n02663 n02713 n08122	262		true
n01443	11	0.6500	n01230 n04341	n00454	201		true
n01444	10	0.6500	n04415 n06298 n06853 n07528 n07577	n00971 n03784	109		true
n01445	7	0.6500	n01821 n03051 n04622 n07720 n08340 n08922		368		true
n01446	7	0.6500	n02004 n05162 n07202	n00624	96		true
n01447	6	0.6500	n03706 n04197 n07243	n00626	50		true
n01448	6	0.6500	n01014 n07449	n00375	101		true
n01449	6	0.6500	n00991 n04645		69		true
n01450	5	0.6500	n03132 n07586 n08637 n09287		62		true
n01451	18	0.6450	n02545 n06452 n08262	n00196 n03985	415		true
n01452	15	0.6450	n01975 n01996 n03692	n00114 n03099	76		true
n01453	13	0.6450	n01693 n04661	n00052 n00914	329		true
n01454	11	0.6450	n03984	n00911 n03028	168		true
n01455	10	0.6450	n03751 n08016	n00126 n03841	89		true
n01456	8	0.6450	n02321 n04741 n06121 n08390		52		true
n01457	8	0.6450	n04746 n05763 n08132 n09168		241		true
n01458	9	0.6450	n04360 n07745 n08061 n08388	n00493	54		true
n01459	6	0.6450	n03952 n04298 n07639 n09500		377		true
n01460	5	0.6450	n03024 n07934 n07944 n08804		80		true
n01461	5	0.6441	n00179 n08254		10		true
n01462	35	0.6400	n02231 n03223	n01399 n03633	206		true
n01463	23	0.6400	n03919 n06220	n02235 n04177 n05341 n08498 n08630	450		true
n01464	13	0.6400	n06817 n07412 n07808	n00125 n06653	117		true
n01465	11	0.6400	n03366 n04176 n07746 n08450	n00045	189		true
n01466	11	0.6400	n00633	n00121	21		true
n01467	11	0.6400	n01062 n04128 n08553	n00985 n02564	122		true
n01468	10	0.6400	n01845	n00930	39		true
n01469	10	0.6400	n01541 n04174 n05343	n00580	89		true
n01470	10	0.6400	n00988 n03991 n05590 n06053	n00882 n01485	95		true
n01471	8	0.6400	n02516 n02712 n04916 n04932 n06149 n07208	n00405	78		true
n01472	7	0.6400	n01352 n03018 n05493	n00705	18		true
n01473	6	0.6400	n03814 n04692 n06354 n06399 n09228 n09426 n09453	n00777	213		true
n01474	65	0.6350	n02459	n00003 n00941 n02777	271		true
n01475	32	0.6350	n01347 n03680 n05403 n07727	n01075 n04572	241		true
n01476	28	0.6350	n06454	n02491 n03978 n07167	610		true
n01477	16	0.6350	n05414 n05426 n07400	n00312 n00529 n03252	112		true
n01478	13	0.6350	n01886 n03281 n03865 n08405	n00767 n01331	47		true
n01479	12	0.6350	n01724 n02783 n03508 n07077	n00201 n02026	272		true
n01480	10	0.6350	n03755 n06161	n00388	182		true
n01481	9	0.6350	n00745	n01754	77		true
n01482	9	0.6350	n02899 n06863 n07559 n09283 n09284	n01047	74		true
n01483	8	0.6350	n03820 n05778	n00557 n00674	75		true
n01484	7	0.6350	n02410 n03231 n04152 n05779 n06151		311		true
n01485	7	0.6350	n01470 n03378		64		true
n01486	6	0.6350	n01791 n02387 n06179 n08124		52		true
n01487	6	0.6350	n03830 n04746 n06158 n07651 n08138 n09232		48		true
n01488	6	0.6332	n03298 n05180 n06368	n00874	74		true
n01489	40	0.6300	n03850 n07285	n01155 n05458 n05483	429		true
n01490	27	0.6300	n05830 n06025	n00743 n03328 n07490 n08368	208		true
n01491	20	0.6300	n01859 n08801	n00781 n01623 n02815 n04915 n08470	197		true
n01492	11	0.6300	n02359 n04515 n06045	n00785 n00885	79		true
n01493	10	0.6300	n03461 n06084	n01520	198		true
n01494	10	0.6300	n04859 n07430	n00245	90		true
n01495	9	0.6300	n01745 n02073 n04673 n07599	n01271 n01833	158		true
n01496	8	0.6300	n02522 n02583	n00591	29		true
n01497	8	0.6300	n01148 n02337 n04051 n05462 n06843	n00778	107		true
n01498	8	0.6300	n02301 n04756	n00172	44		true
n01499	8	0.6300	n01962 n09308	n00674	56		true
n01500	7	0.6300	n01136 n05786 n06140 n07541 n07579 n08680 n09126	n00337	83		true
n01501	6	0.6300	n00383 n02019 n06934	n00697	144		true
n01502	5	0.6300	n06545 n08088 n08127		25		true
n01503	24	0.6250	n02573 n04505 n07288	n00999 n02348	69		true
n01504	25	0.6250	n01098 n02095	n01117 n05182 n05576 n08540	89		true
n01505	27	0.6250	n02233	n07794	68		true
n01506	30	0.6250	n03113 n04374	n03409 n04676 n06072	285		true
n01507	17	0.6250	n03318 n09001	n01035 n02212 n08067	233		true
n01508	18	0.6250	n00608 n02097	n00103 n04464 n08163	45		true
n01509	15	0.6250	n01318	n00015	27		true
n01510	14	0.6250	n03416 n08973	n00029 n07678	49		true
n01511	13	0.6250	n02812 n05821 n07406	n00237 n01546	98		true
n01512	12	0.6250	n01817 n03327 n03506	n02290 n03485	128		true
n01513	10	0.6250	n04468 n09313	n00844 n03531	211		true
n01514	11	0.6250	n03158 n04589 n05889	n00277 n01570	76		true
n01515	10	0.6250	n01526	n00354 n02090	77		true
n01516	9	0.6250	n02618 n05687 n07839 n08057 n09234	n01060	250		true
n01517	7	0.6250	n05611 n07385 n07507	n00758	80		true
n01518	7	0.6250	n04363 n07136	n00724	62		true
n01519	6	0.6250	n02528 n04080 n04529 n09128 n09188		40		true
n01520	6	0.6250	n01493 n09410		80		true
n01521	6	0.6212	n00059	n00540	45		true
n01522	48	0.6200	n02509	n01256 n03112 n03853 n06477	126		true
n01523	25	0.6200	n07841	n06282 n08489 n09298	473		true
n01524	15	0.6200	n03693 n04880 n05422	n01433 n03584	142		true
n01525	15	0.6200	n02438 n05288	n00311	111		true
n01526	13	0.6200	n01958	n00612 n01515	91		true
n01527	11	0.6200	n06543 n08566	n01029 n01046	133		true
n01528	9	0.6200	n08202 n09346 n09589	n00079	148		true
n01529	8	0.6200	n01198 n02406	n00952	140		true
n01530	10	0.6200	n04560	n00504 n02475	103		true
n01531	7	0.6200	n00612 n04936		37		true
n01532	8	0.6200	n04486 n05385 n06381	n00831	272		true
n01533	6	0.6200	n04946 n06945 n07168 n09227 n09228		41		true
n01534	9	0.6181	n00946	n00219	40		true
n01535	40	0.6150	n03588	n04348 n05685 n07784	404		true
n01536	27	0.6150	n02398 n02804	n00097 n04643	283		true
n01537	26	0.6150	n02932	n01165 n03861	68		true
n01538	19	0.6150	n00999 n07322	n03429 n04037	58		true
n01539	20	0.6150	n03149 n06998	n00804 n02408 n05249	72		true
n01540	15	0.6150	n08379 n08395	n01123 n01587 n03836	244		true
n01541	14	0.6150	n03039 n04170 n06796 n09059	n01469 n01731 n02106	110		true
n01542	16	0.6150	n03187	n00729 n03944 n05780	279		true
n01543	14	0.6150	n01319 n02492 n02865 n03921	n00316 n01897	64		true
n01544	10	0.6150	n04402 n07981	n01130 n01412	167		true
n01545	10	0.6150	n02017 n04183 n04737	n00592 n03098	116		true
n01546	9	0.6150	n01511 n05673 n07035	n00370 n00594	58		true
n01547	11	0.6150	n03695 n05135 n07062	n00953 n01282	50		true
n01548	10	0.6150	n01943 n06022 n06467	n00931 n02351	121		true
n01549	8	0.6150	n02580 n06160 n08489		122		true
n01550	9	0.6150	n04002 n05133 n05803 n06357 n06621	n01114	867		true
n01551	7	0.6150	n01794 n04474 n04764 n04852 n06539	n00658	41		true
n01552	7	0.6150	n03657 n04052 n04601 n04755	n00177	41		true
n01553	6	0.6150	n06860 n07548 n08566 n08639 n09191	n00340	36		true
n01554	7	0.6122	n00033	n00226	48		true
n01555	80	0.6100	n01672	n02735 n04394 n05070	619		true
n01556	66	0.6100	n01658	n02509 n03489 n04638 n06995	210		true
n01557	36	0.6100	n03355	n08262	588		true
n01558	32	0.6100	n01347 n03680 n05403 n07727	n01075 n04572	241		true
n01559	18	0.6100	n05199 n05853	n01102 n02016 n08169	110		true
n01560	20	0.6100	n01075 n04014 n06664	n02581 n04287	216		true
n01561	14	0.6100	n02544 n03121	n00107 n03096	71		true
n01562	11	0.6100	n02209 n04288 n05120	n00148 n03001	339		true
n01563	10	0.6100	n04906 n05115 n05449 n06107 n06534 n07993	n02063	87		true
n01564	10	0.6100	n03933 n04738 n06800 n07389 n08528	n00716 n01153	88		true
n01565	10	0.6100	n02705 n02747 n05132 n05460 n07979	n00850 n00998	310		true
n01566	10	0.6100	n02237 n05796 n07887	n01113	95		true
n01567	8	0.6100	n01710 n05487		68		true
n01568	8	0.6100	n00313 n08699	n00718	37		true
n01569	8	0.6100	n01624 n05371 n07223	n00854	119		true
n01570	6	0.6100	n01514 n01841 n07756	n00568	56		true
n01571	6	0.6100	n05893 n05946 n07592 n08075		117		true
n01572	6	0.6100	n02386 n04414 n08730	n00680	222		true
n01573	5	0.6100	n01380		100		true
n01574	5	0.6080	n02339 n05134 n06382 n07426 n07904		68		true
n01575	34	0.6050	n04203 n05993	n02399 n04575 n04649	246		true
n01576	14	0.6050	n04890 n05866 n09102	n01042 n07632	53		true
n01577	13	0.6050	n03040 n08955	n01260 n01732	96		true
n01578	12	0.6050	n02137 n02742 n03645 n08779	n00038	160		true
n01579	13	0.6050	n02068 n05331 n06963	n02537 n03828	32		true
n01580	21	0.6050	n01976 n06472	n05805	162		true
n01581	12	0.6050	n03457 n06840	n00934 n02635	97		true
n01582	8	0.6050	n00519 n06126 n07955		36		true
n01583	8	0.6050	n03633 n04765 n07417 n09035 n09415	n01193 n01809	66		true
n01584	9	0.6050	n02820 n03456 n06564	n00507	66		true
n01585	7	0.6050	n02522 n03053 n05559 n05958	n00591	56		true
n01586	7	0.6050	n02552 n04241 n08156		302		true
n01587	6	0.6050	n01540 n01626 n04727 n09392		56		true
n01588	6	0.6050	n03952 n06864 n07696	n00793	184		true
n01589	20	0.6000	n03971 n07728	n00609	184		true
n01590	22	0.6000	n01417 n02575 n03179	n03369 n04031	224		true
n01591	14	0.6000	n02312 n05205 n05210	n00551 n01187 n02594	53		true
n01592	12	0.6000	n03018	n00048 n00705 n03447	28		true
n01593	10	0.6000	n03554 n04177 n05341 n09332	n00797 n02025	259		true
n01594	10	0.6000	n02704 n07926	n00809	174		true
n01595	11	0.6000	n02811 n04604 n05014 n06115 n07406	n01752 n02196	96		true
n01596	9	0.6000	n06335 n06688 n07982 n08969	n00492	521		true
n01597	8	0.6000	n01012	n00301	130		true
n01598	7	0.6000	n00544 n08105		91		true
n01599	7	0.6000	n03337 n05490 n06390 n07200	n00915	104		true
n01600	6	0.6000	n01303 n05792 n08610	n00700	58		true
n01601	40	0.5950	n01030 n06667	n01758 n03177	77		true
n01602	27	0.5950	n04793 n08191	n07846 n07906 n09091	251		true
n01603	22	0.5950	n05847 n06433 n07297	n04528 n09092 n09096	296		true
n01604	26	0.5950	n00517 n01156 n01215 n02400	n00820 n04403 n06530	436		true
n01605	19	0.5950	n01921 n05409 n05662	n00858 n02897 n02915	228		true
n01606	13	0.5950	n01033	n01312 n01769	139		true
n01607	11	0.5950	n03183 n04740 n06533 n06598 n09160	n00671 n01734	89		true
n01608	10	0.5950	n01181 n07996 n08777	n00163	100		true
n01609	12	0.5950	n04608 n05596 n07523	n00863 n01294 n02505	256		true
n01610	9	0.5950	n04718 n05472 n06063	n00131	117		true
n01611	10	0.5950	n03195 n04911 n05711 n06786 n09184	n01007 n01385	153		true
n01612	6	0.5950	n01041 n08103		26		true
n01613	6	0.5950	n02644 n04542 n05337 n09073	n00893	31		true
n01614	73	0.5900	n02430	n02541 n05924 n07579 n07737 n09126	780		true
n01615	27	0.5900	n00542 n08779	n00192 n07814	91		true
n01616	27	0.5900	n02139	n04379 n05876 n07414	219		true
n01617	22	0.5900	n01921 n04266 n04500 n07276	n00858 n02979	211		true
n01618	23	0.5900	n02096 n03687 n05080 n07798	n02213 n04733 n05219	630		true
n01619	20	0.5900	n04124	n00945 n02519	233		true
n01620	15	0.5900	n01993 n07030 n07843	n00878 n03883	139		true
n01621	15	0.5900	n02125 n04594 n05017 n07299 n08927	n00521 n01107 n04621	309		true
n01622	12	0.5900	n00943	n00044	33		true
n01623	12	0.5900	n01491 n03321 n08875	n00524	128		true
n01624	12	0.5900	n01649 n06651 n08389	n01569 n02965	176		true
n01625	14	0.5900	n06317	n02457 n03823 n05053 n06164	129		true
n01626	10	0.5900	n01819 n08379	n00393 n00719 n01587	102		true
n01627	10	0.5900	n02678 n05626	n00864	168		true
n01628	8	0.5900	n00311 n08445	n00333	83		true
n01629	12	0.5900	n01817 n03327 n03506	n02290 n03485	128		true
n01630	8	0.5900	n03654 n04481 n05967 n06331	n00852	130		true
n01631	7	0.5900	n02078 n03045 n05269 n07039 n08403 n08765 n08943 n09492		303		true
n01632	7	0.5900	n00029		39		true
n01633	6	0.5900	n02993 n07104 n07105 n08316	n00740	126		true
n01634	6	0.5900	n02199	n00409	55		true
n01635	25	0.5850	n02610 n07765	n01217 n01839	123		true
n01636	15	0.5850	n01811 n05419 n05550 n06438 n06728	n02554 n04048	64		true
n01637	11	0.5850	n01961 n03457 n03934	n00934 n02877	180		true
n01638	10	0.5850	n03927 n04441 n05919 n07169 n09130	n00241 n02730	321		true
n01639	9	0.5850	n01846 n04620	n00298	67		true
n01640	11	0.5850	n03404 n08049	n03904	108		true
n01641	9	0.5850	n03286 n05359 n06113	n00329	89		true
n01642	9	0.5850	n04456	n00133	100		true
n01643	7	0.5850	n02993 n05749 n06926 n08537		87		true
n01644	82	0.5800	n02644 n03959 n07274	n02204 n04872 n05288 n05739 n06015 n06239 n06814 n07211 n08596 n09145	596		true
n01645	32	0.5800	n03684 n08193	n00779 n03406	292		true
n01646	17	0.5800	n05197 n06252 n06985	n00545 n02184	288		true
n01647	15	0.5800	n04331	n00546 n04499	38		true
n01648	13	0.5800	n01975 n05002 n05413 n06680 n07804	n00114 n02081	81		true
n01649	15	0.5800	n04327 n05007 n06259 n07801 n08778	n01624 n08146	189		true
n01650	11	0.5800	n02785 n05001 n05016	n00060	62		true
n01651	10	0.5800	n02655 n05584 n06994 n08776	n00751 n00995	14		true
n01652	10	0.5800	n02277 n06098 n06257 n07927	n01161 n02456 n02601	216		true
n01653	10	0.5800	n02746 n04033 n05622	n00791 n01245	99		true
n01654	9	0.5800	n02467 n07540 n09010	n00497	115		true
n01655	7	0.5800	n01422 n03430 n05373		196		true
n01656	7	0.5800	n02170 n04149 n05038 n09083	n00397	73		true
n01657	7	0.5800	n02684 n05059		65		true
n01658	74	0.5750	n01347 n03728	n00443 n01556 n07708	249		true
n01659	39	0.5750	n02137 n03353 n04006 n05659 n06198 n08778	n00186 n01906 n03913	479		true
n01660	33	0.5750	n04316 n04634 n07296	n04748 n07342 n07903	554		true
n01661	27	0.5750	n00190	n02166 n03500	488		true
n01662	25	0.5750	n02401	n02939 n04381	547		true
n01663	14	0.5750	n08496	n00576 n03083	110		true
n01664	13	0.5750	n01441	n00035	118		true
n01665	14	0.5750	n03922 n04818 n07884	n03768 n09534	110		true
n01666	9	0.5750	n03651	n00080	23		true
n01667	8	0.5750	n01799	n00369	52		true
n01668	7	0.5750	n00665 n00927	n00938	57		true
n01669	7	0.5750	n04994 n05167		123		true
n01670	7	0.5750	n04480 n07650 n08086 n08473	n00654	60		true
n01671	6	0.5744	n00052	n00343	229		true
n01672	85	0.5700	n04780 n06964	n01555 n05088 n06429 n07740 n08853	632		true
n01673	50	0.5700	n01937	n03354 n04161 n04802 n06707	250		true
n01674	29	0.5700	n02481 n03356	n01999 n02254	154		true
n01675	26	0.5700	n08881	n01181 n02067 n06096	255		true
n01676	21	0.5700	n04326	n03241 n03467 n05498 n05966 n08774	168		true
n01677	17	0.5700	n06490	n02950 n04402	345		true
n01678	16	0.5700	n03681 n04006 n05277 n07694	n01797 n03758 n06344	87		true
n01679	14	0.5700	n00006	n01207 n01834 n05800	80		true
n01680	13	0.5700	n02298 n02977 n05837 n07337 n07844	n01259 n01270	35		true
n01681	9	0.5700	n00762 n04482 n05031	n00789	66		true
n01682	9	0.5700	n04806 n05142	n01008	130		true
n01683	8	0.5700	n02674 n04142	n00136	102		true
n01684	7	0.5700	n00112	n00503	44		true
n01685	6	0.5700	n06325 n06576 n06656		112		true
n01686	5	0.5700	n03846 n05961 n06906 n08673		34		true
n01687	31	0.5650	n07747	n01105 n02971 n09444	188		true
n01688	23	0.5650	n04978 n05514 n06973	n01799 n02784 n04729	215		true
n01689	23	0.5650	n00188	n02842	198		true
n01690	19	0.5650	n00268	n00910 n04633	131		true
n01691	18	0.5650	n00573	n00744	152		true
n01692	16	0.5650	n03861 n08939	n00243 n02788	46		true
n01693	16	0.5650	n03038	n01248 n01453	380		true
n01694	13	0.5650	n03694 n08447	n01422	238		true
n01695	9	0.5650	n03935 n04479 n04684		268		true
n01696	9	0.5650	n00142	n00491	66		true
n01697	9	0.5650	n03127 n03551 n06562	n00475 n00507	95		true
n01698	10	0.5650	n00729 n06546 n07527	n01092	199		true
n01699	7	0.5650	n03246 n05847 n06466 n08020	n00698 n00895	101		true
n01700	7	0.5650	n01053 n02499	n00227	45		true
n01701	7	0.5650	n03540 n03649 n06609 n07655 n07785 n09329	n00433	52		true
n01702	7	0.5650	n02822 n09290	n00678	182		true
n01703	6	0.5650	n01100 n02555		47		true
n01704	6	0.5606	n00636		56		true
n01705	32	0.5600	n03491 n06211	n01958 n02974 n04078 n07086	377		true
n01706	27	0.5600	n03108 n03492 n04071 n05665 n06984 n07738	n01195 n03807	151		true
n01707	27	0.5600	n01992 n02483	n02299 n03155 n04458 n06617 n07468	413		true
n01708	24	0.5600	n01335 n08868	n03192 n07422 n09107 n09112	327		true
n01709	14	0.5600	n05874	n00789 n03375	123		true
n01710	12	0.5600	n04394 n05717 n07804	n00552 n01567	100		true
n01711	10	0.5600	n00140 n03044 n04528	n00062 n02672	184		true
n01712	11	0.5600	n02817 n04132 n05138 n09206	n00490 n00500	67		true
n01713	9	0.5600	n00902 n06351 n06613	n00295	129		true
n01714	9	0.5600	n04541 n04680 n06355 n09292	n02251 n02394 n02728	1122		true
n01715	10	0.5600	n01405 n04187 n07568	n00249 n02009	123		true
n01716	8	0.5600	n04549 n08658 n08688 n09278	n00432	35		true
n01717	9	0.5600	n01258 n07590	n01438	118		true
n01718	8	0.5600	n05263 n06266	n00170	30		true
n01719	6	0.5600	n02662 n05368 n06400 n06929 n09262		61		true
n01720	6	0.5600	n01805 n02404 n06663 n07867		40		true
n01721	5	0.5600	n02754 n04864 n05846 n05926 n06374 n08766		47		true
n01722	11	0.5556	n01390	n00059	63		true
n01723	16	0.5550	n00779 n02938 n06003	n00782 n01980	196		true
n01724	14	0.5550	n03417	n01479 n03585	296		true
n01725	13	0.5550	n00192 n02332	n01016 n03785	58		true
n01726	14	0.5550	n02870 n04606 n07878	n01264 n06166	138		true
n01727	13	0.5550	n03079 n03740 n08954	n00242 n00997 n01784	101		true
n01728	10	0.5550	n03866 n04472 n05547 n05726 n08291	n00065	75		true
n01729	10	0.5550	n01321 n04182 n04285 n08573	n00154	156		true
n01730	9	0.5550	n01257 n05586	n00284	60		true
n01731	11	0.5550	n01541 n03640 n08947	n00580 n02721	83		true
n01732	9	0.5550	n01577 n05370 n07627	n00287	93		true
n01733	8	0.5550	n02339 n03943 n08234	n00262	127		true
n01734	7	0.5550	n01607 n07578 n08321 n09114	n00534	61		true
n01735	7	0.5550	n03834 n05441 n06517 n08005 n08526	n00178	136		true
n01736	6	0.5550	n02916 n09172 n09470 n09551	n00651	95		true
n01737	5	0.5550	n02112 n03946		54		true
n01738	5	0.5550	n02787 n06348 n09025		42		true
n01739	5	0.5550	n03778 n05972 n08530 n09537		121		true
n01740	5	0.5515	n00807 n05184 n07258		133		true
n01741	42	0.5500	n04205	n02646 n02837 n06923	530		true
n01742	28	0.5500	n04369 n07695	n00191 n07585	300		true
n01743	20	0.5500	n00189 n01000	n02896 n04234 n04345 n04538	219		true
n01744	14	0.5500	n00097	n00665 n02685	236		true
n01745	14	0.5500	n02127 n02258	n01495 n02471 n09564	190		true
n01746	16	0.5500	n01887	n01064 n06332	242		true
n01747	10	0.5500	n03463 n08616	n00868	134		true
n01748	7	0.5500	n02627 n07398 n08636	n00566	112		true
n01749	7	0.5500	n04984 n08632 n09014		114		true
n01750	7	0.5500	n02954 n04199 n04238 n04918 n06382 n09175 n09278	n00432	41		true
n01751	6	0.5500	n03894 n06175 n08502 n09408		29		true
n01752	6	0.5500	n01595 n04693 n05242 n07052 n08562 n09209	n00506	55		true
n01753	6	0.5500	n01166 n03832 n08130		46		true
n01754	6	0.5500	n01356 n01481 n02241		45		true
n01755	6	0.5500	n02284 n03344	n00686	6		true
n01756	6	0.5477	n02318 n02679 n02796 n07585	n00725	33		true
n01757	61	0.5450	n01776 n05982 n07694 n08191 n08779	n02213 n04734 n05401 n05432 n06227 n06661 n07716 n08949 n08992	638		true
n01758	22	0.5450	n01601 n06019 n07298 n07314	n00663 n00977	61		true
n01759	23	0.5450	n02972 n08226	n04048 n04246 n04629 n04694	96		true
n01760	20	0.5450	n02578 n06008 n06427 n08283	n01116	577		true
n01761	25	0.5450	n02433 n03491 n06211 n06214	n01958 n02974 n07086	260		true
n01762	19	0.5450	n06059	n02657 n07261 n08615 n09381	320		true
n01763	12	0.5450	n04278 n06280 n07440 n07936	n01280 n02535	97		true
n01764	11	0.5450	n01051 n03280 n06278 n06540 n07932	n00275	34		true
n01765	11	0.5450	n03511 n06274 n08444 n08582	n01225 n01810 n02772	95		true
n01766	11	0.5450	n01403 n04291 n08893	n00808	90		true
n01767	9	0.5450	n01035 n02212 n06352	n00327	123		true
n01768	9	0.5450	n07455 n08554	n00395	112		true
n01769	10	0.5450	n01606 n07672	n00742 n00868	126		true
n01770	8	0.5450	n02947 n04761 n06132 n06320 n07158 n07475 n08628 n08759 n09258	n00392	105		true
n01771	8	0.5450	n01982 n03433 n04178 n08025	n00437 n01121	92		true
n01772	8	0.5450	n03609 n04041 n05138 n07186 n07831 n08482 n08772 n09280	n00500	66		true
n01773	7	0.5450	n01942 n05270 n08691	n00434	54		true
n01774	7	0.5450	n01405 n07837 n09452 n09552	n00535	100		true
n01775	8	0.5427	n00017	n00260 n00834	103		true
n01776	76	0.5400	n04259 n05810	n01757 n02096 n04526 n05080 n06832 n08261 n08307 n08968	1138		true
n01777	33	0.5400	n03263 n05819	n01899 n02510 n04469 n05944	402		true
n01778	27	0.5400	n02137 n05843	n04218	118		true
n01779	14	0.5400	n04995 n08365 n08419 n09062	n02948	159		true
n01780	13	0.5400	n03866 n06496 n07066 n07853 n09108	n00644 n04311	113		true
n01781	12	0.5400	n02279 n02704 n06287 n06483	n00809 n02082	166		true
n01782	9	0.5400	n02396 n04127 n04500 n05229 n08190 n08191 n08529	n00069	83		true
n01783	7	0.5400	n03947 n04940 n07687 n09422	n00653	467		true
n01784	6	0.5400	n01199 n01727 n03533 n04495	n00685	67		true
n01785	6	0.5400	n00841 n04772 n08631 n08839	n00657	238		true
n01786	6	0.5400	n02911 n08905 n09419		164		true
n01787	6	0.5400	n00119	n00266	45		true
n01788	5	0.5400	n02344 n02524 n02627 n08683		25		true
n01789	28	0.5350	n08874	n00728 n03153 n03915	136		true
n01790	32	0.5350	n01273 n02296	n08886	618		true
n01791	18	0.5350	n01348 n04079 n05278 n05296	n01197 n01486 n03458	170		true
n01792	17	0.5350	n03119	n00964 n03400 n04914	271		true
n01793	14	0.5350	n05227 n08315	n03298 n04064	234		true
n01794	13	0.5350	n03809 n04228 n05233	n01435 n01551	57		true
n01795	14	0.5350	n05019 n07276	n01014 n01251	135		true
n01796	11	0.5350	n01440 n03073	n00384	243		true
n01797	12	0.5350	n01678 n09110	n01004 n01808	58		true
n01798	14	0.5350	n05013	n01219 n03022	108		true
n01799	13	0.5350	n00484 n01688 n07325 n07715	n01132 n01667	155		true
n01800	10	0.5350	n01341 n08537	n00337	116		true
n01801	9	0.5350	n04914 n08581		220		true
n01802	10	0.5350	n05043 n07497	n01411	105		true
n01803	8	0.5350	n03908	n00457	126		true
n01804	8	0.5350	n01258 n05248 n06634		95		true
n01805	9	0.5350	n01892 n03329 n05655	n00867 n01720	64		true
n01806	9	0.5350	n06162 n07663 n08676	n01414	149		true
n01807	7	0.5350	n02561 n05494		122		true
n01808	6	0.5350	n01797 n02664		22		true
n01809	5	0.5350	n01583 n06169		46		true
n01810	7	0.5327	n01765 n02107 n02147 n07954		72		true
n01811	34	0.5300	n02775	n01636 n02972 n03148 n06488	210		true
n01812	27	0.5300	n02027 n03402 n04501 n08784	n00268 n03868	275		true
n01813	26	0.5300	n03404	n02778 n08105 n09397	211		true
n01814	19	0.5300	n00899 n02644	n02674 n04142	190		true
n01815	16	0.5300	n02049 n03541 n04717 n04878 n06014	n01034 n04094 n04695	304		true
n01816	16	0.5300	n03743 n06724 n08910	n01022 n02304	377		true
n01817	15	0.5300	n03453 n04169 n09021	n01512 n01629 n02623	151		true
n01818	13	0.5300	n00004	n02692 n02995	316		true
n01819	12	0.5300	n05719 n09060	n01626	140		true
n01820	11	0.5300	n00269 n08421	n00358	207		true
n01821	10	0.5300	n04093 n06361 n07506	n01445 n02089	389		true
n01822	10	0.5300	n00945 n06473 n07451	n00693	186		true
n01823	11	0.5300	n05131 n05900	n00862 n01192	337		true
n01824	7	0.5300	n03883		68		true
n01825	7	0.5300	n03149 n03565	n00372	21		true
n01826	7	0.5300	n04250 n07412 n07626 n08098		105		true
n01827	8	0.5300	n05171 n07606	n00254	62		true
n01828	6	0.5300	n03250 n05758 n06890 n07581 n07633	n00890	95		true
n01829	6	0.5300	n02306 n04841 n05181 n05355 n05366 n09195		48		true
n01830	6	0.5300	n04100 n07637		54		true
n01831	6	0.5300	n02818 n06328 n06547 n07170 n09411	n00954	338		true
n01832	6	0.5300	n03712 n04942 n07217		115		true
n01833	6	0.5300	n01495 n02789 n09564		37		true
n01834	6	0.5253	n01679 n04005		71		true
n01835	31	0.5250	n04788	n02670 n03497 n03798	82		true
n01836	25	0.5250	n00479 n00818	n02544 n03121	181		true
n01837	21	0.5250	n04155 n05089 n07274 n07277	n00961 n03291	284		true
n01838	22	0.5250	n04965 n05675 n06225	n01955 n03322	98		true
n01839	20	0.5250	n01635 n06027	n03509	98		true
n01840	19	0.5250	n06996 n07802 n08888	n00010 n00428	167		true
n01841	15	0.5250	n01923	n00545 n01570	278		true
n01842	17	0.5250	n04031 n04442 n05190	n03082 n05492 n07691	205		true
n01843	15	0.5250	n01099 n02842	n01012 n03021	142		true
n01844	16	0.5250	n07274 n08776 n08777 n08872	n04185 n04347	123		true
n01845	13	0.5250	n01117 n05112	n01468 n03260	52		true
n01846	12	0.5250	n05875 n06288 n06485 n06521	n01639 n01984 n02246	107		true
n01847	11	0.5250	n02899 n08868	n02288	89		true
n01848	11	0.5250	n04232 n05026	n02421 n03383	100		true
n01849	9	0.5250	n03599	n00670 n02180	141		true
n01850	8	0.5250	n02588 n04136 n06066 n06618 n07990 n08039 n09413	n00849	108		true
n01851	8	0.5250	n04141 n04551 n06867 n08770	n00647	178		true
n01852	7	0.5250	n01250 n03677	n00467	24		true
n01853	7	0.5250	n00614	n00401	34		true
n01854	6	0.5250	n02111 n03247 n09202		99		true
n01855	6	0.5250	n02530 n07890 n09437	n00654	45		true
n01856	5	0.5226	n01261 n04006 n04463 n05769 n07078		87		true
n01857	179	0.5200	n02396 n04007 n04704 n06663 n06963 n07277 n07694	n01371 n03069 n04866 n04956 n06418 n07968 n08193	1070		true
n01858	72	0.5200	n04502 n04704 n06663 n07694 n08779	n01164 n03458 n07933 n08206	931		true
n01859	22	0.5200	n03066 n06030	n01491 n02239 n02387	205		true
n01860	17	0.5200	n04992 n06009 n07695	n00841 n04772 n09321	469		true
n01861	13	0.5200	n01196 n04985	n00860 n01436	87		true
n01862	14	0.5200	n02651 n04076	n00990 n08150	108		true
n01863	14	0.5200	n04602 n04657 n05994 n06743 n07779	n03670 n04304	146		true
n01864	12	0.5200	n02050 n02183 n02945	n00527 n01268 n02201	219		true
n01865	11	0.5200	n06020 n06305 n06835	n00641 n02670	60		true
n01866	12	0.5200	n02845 n03449	n02594 n03255	40		true
n01867	13	0.5200	n02015	n04844	222		true
n01868	9	0.5200	n04459 n05749 n06341 n07953 n09049	n00360	354		true
n01869	9	0.5200	n04508 n04618 n05920	n00770	146		true
n01870	10	0.5200	n03516 n06107	n00334 n02538	70		true
n01871	10	0.5200	n03426 n03702 n07982	n00492 n01968	566		true
n01872	8	0.5200	n00028	n00082	138		true
n01873	9	0.5200	n03879 n04853 n05369 n05949 n06913	n00997	74		true
n01874	8	0.5200	n02215 n06119 n07270 n07616	n00559	86		true
n01875	7	0.5200	n02218 n02791 n07143 n08625	n00221	84		true
n01876	7	0.5200	n03890 n04295 n06192 n08188	n00559	37		true
n01877	6	0.5200	n02528 n02644 n08335		74		true
n01878	5	0.5200	n00978 n05872 n05979 n06593		57		true
n01879	5	0.5200	n08425		33		true
n01880	847	0.5150		n01164 n03342 n03765 n04007 n04311 n04634 n05329 n05662 n05810 n05816 n06172 n06504 n06567 n06581 n06684 n07033 n07785 n07809 n08057 n08206 n08210 n08348 n08612 n09084 n09329 n09380 n09461 n09530	5960		true
n01881	65	0.5150	n01347 n03680	n00926 n01317 n04534 n04790 n06156 n07938 n08439 n08463	502		true
n01882	33	0.5150	n03107 n05069 n06425	n01905 n02548 n06662 n06934	308		true
n01883	39	0.5150	n02230 n08190	n03494 n05777 n07843	395		true
n01884	33	0.5150	n04432	n01019 n03632 n04077 n07672	461		true
n01885	24	0.5150	n02804 n04017 n07703	n00097 n04476	275		true
n01886	22	0.5150	n04579	n01165 n01478	63		true
n01887	18	0.5150	n02810 n07899	n01746 n02335	251		true
n01888	13	0.5150	n07335 n09112	n00387 n02630	221		true
n01889	12	0.5150	n02183 n07000	n01263 n01268	169		true
n01890	14	0.5150	n03016	n00758 n00784	96		true
n01891	11	0.5150	n03920 n04396 n05291 n06826	n00749 n01152	65		true
n01892	12	0.5150	n04168 n05897	n01236 n01805	77		true
n01893	10	0.5150	n03193 n04991 n06798 n07074	n01333 n02293	129		true
n01894	10	0.5150	n03815 n06512 n06665 n07336	n00774 n01936	86		true
n01895	9	0.5150	n04833 n05027 n05555 n09271 n09299	n00361 n00535	149		true
n01896	9	0.5150	n02276 n03934 n04403 n04758	n00934	66		true
n01897	10	0.5150	n01543 n02187	n02222	59		true
n01898	8	0.5150	n00928 n04240		152		true
n01899	8	0.5150	n01429 n01777 n07690		98		true
n01900	8	0.5150	n02681 n03371 n05172	n00499	158		true
n01901	8	0.5150	n02711 n05610 n08625	n00221	88		true
n01902	8	0.5150	n04171 n05646 n08895	n00918	213		true
n01903	6	0.5150	n01355 n02244 n06125	n00696	88		true
n01904	6	0.5150	n04001 n05537 n08668 n08669		222		true
n01905	25	0.5100	n01882 n08804	n00697 n01239	249		true
n01906	29	0.5100	n01659 n02933	n05111 n06538 n08913 n09121	479		true
n01907	28	0.5100	n04639 n07705	n02030 n04122	218		true
n01908	20	0.5100	n04082 n05858	n05340 n07144 n08130	193		true
n01909	16	0.5100	n00191	n02318 n02679	43		true
n01910	14	0.5100	n03075 n08217 n08267	n00273 n05654	202		true
n01911	14	0.5100	n04575 n04649 n05330	n01304 n01947 n03779	216		true
n01912	14	0.5100	n05410 n06261 n06468 n07092	n00202 n02392 n05482	142		true
n01913	12	0.5100	n01084	n01306 n03775	82		true
n01914	8	0.5100	n01104 n05148 n09282	n00791	118		true
n01915	8	0.5100	n04452 n04773 n08190	n00869	71		true
n01916	7	0.5100	n04993 n07635 n08517 n08608 n09189	n00890 n00915	126		true
n01917	7	0.5100	n06094 n06398 n06788 n08862 n09578	n00871	28		true
n01918	6	0.5100	n02628 n02793 n03759	n00403	17		true
n01919	7	0.5075	n02793		21		true
n01920	6	0.5075	n06893 n07542 n08415		35		true
n01921	30	0.5050	n02574 n07302	n01605 n01617 n05692 n09057 n09058	335		true
n01922	20	0.5050	n00899 n06966	n00763 n01418	196		true
n01923	19	0.5050	n02045 n03408 n06985	n01841 n04589 n04894	300		true
n01924	17	0.5050	n02740 n05084 n08343	n01928 n02817 n05577	104		true
n01925	10	0.5050	n01216 n02986	n00881	208		true
n01926	11	0.5050	n04599 n04745	n00733	69		true
n01927	12	0.5050	n01087 n05104	n00352	25		true
n01928	11	0.5050	n01924 n04041 n04593 n07431 n08755	n00500 n01235	92		true
n01929	9	0.5050	n04132 n06083 n07994 n08758	n00490	27		true
n01930	8	0.5050	n02873 n06791	n00589	40		true
n01931	7	0.5050	n04859 n04949 n05637 n06899		33		true
n01932	9	0.5050	n02624 n04248	n00497 n01008	136		true
n01933	8	0.5050	n04200 n04299	n00394	64		true
n01934	7	0.5050	n00636		22		true
n01935	7	0.5050	n04687 n05377 n05726 n07511		126		true
n01936	7	0.5050	n01894		82		true
n01937	58	0.5000	n00514 n05659	n01673 n04507 n06468 n06697 n07374 n07929 n08991 n09279 n09431	281		true
n01938	29	0.5000	n04208	n00727 n08523 n08921	96		true
n01939	28	0.5000	n02397 n03494 n05981 n07695	n01074 n02648 n05857	300		true
n01940	20	0.5000	n02046 n04314	n02786 n03074	198		true
n01941	16	0.5000	n02699 n04086 n06067 n06265	n01241 n01397 n09553	448		true
n01942	13	0.5000	n04577 n05281 n05443 n06073 n06764	n01036 n01773	72		true
n01943	13	0.5000	n04245 n07894 n08411	n01307 n01548	146		true
n01944	13	0.5000	n04904	n01309 n02055	49		true
n01945	11	0.5000	n03871 n05115 n09062	n00280	111		true
n01946	11	0.5000	n06058 n06501 n07902 n07983	n00243 n00366	43		true
n01947	10	0.5000	n01911 n03271 n08045 n09216	n00168	175		true
n01948	9	0.5000	n05491 n05614 n05932 n07431 n07605 n09317	n01235	59		true
n01949	7	0.5000	n02170 n04092 n04448 n06455		50		true
n01950	7	0.5000	n02412 n03431 n05388 n08157	n00362	32		true
n01951	7	0.5000	n02560 n04491 n05945 n07685 n08112 n09007	n00300	66		true
n01952	7	0.5000	n03708 n05659 n07274 n08777		83		true
n01953	7	0.5000	n02018 n02172 n04927 n09045	n00875	50		true
n01954	31	0.4950	n05277 n05829 n08190 n08777	n04216 n05847	349		true
n01955	19	0.4950	n01838 n03143 n03853	n03809 n04852 n05578 n08002	77		true
n01956	16	0.4950	n07072 n07803 n07846	n00689 n05145	160		true
n01957	17	0.4950	n04448 n06042 n06733	n08496	161		true
n01958	15	0.4950	n01705 n01761 n02141 n08452	n01526	125		true
n01959	16	0.4950	n03744 n08241	n01251 n02556	165		true
n01960	20	0.4950	n03120 n07317	n04041 n04593	119		true
n01961	16	0.4950	n03151 n09301	n01637 n06409	267		true
n01962	15	0.4950	n05888	n01360 n01499	138		true
n01963	11	0.4950	n03810 n06554	n00238	67		true
n01964	8	0.4950	n02169 n09379		195		true
n01965	8	0.4950	n03287 n03758 n06169 n06663	n00675	54		true
n01966	8	0.4950	n02450 n06366 n08050	n00468	195		true
n01967	6	0.4950	n01132 n05260	n00752	147		true
n01968	6	0.4950	n01077 n01871		535		true
n01969	6	0.4950	n04758 n06637 n07102		33		true
n01970	7	0.4924	n00022 n07695 n07905	n00540	41		true
n01971	7	0.4921	n00109	n00440	141		true
n01972	71	0.4900	n02397 n06963 n08189 n08190	n01030 n03791	100		true
n01973	24	0.4900	n02931 n04565	n00003	51		true
n01974	23	0.4900	n04572 n08224	n01084 n03691 n05107	102		true
n01975	19	0.4900	n03797 n04211 n08297	n01452 n01648 n03515	94		true
n01976	31	0.4900	n03589 n07713	n01580 n02168 n03873 n05051 n08695	246		true
n01977	27	0.4900	n02543 n02810 n02973 n04324 n05100	n06643 n06873 n09038	311		true
n01978	13	0.4900	n03794 n08197	n01107	297		true
n01979	13	0.4900	n02868 n04171 n04231 n08476	n00236 n02996	280		true
n01980	11	0.4900	n01723 n07967 n08421	n00208 n03008	189		true
n01981	11	0.4900	n08182 n08512 n08918	n00119	70		true
n01982	12	0.4900	n03930	n01771 n03140	116		true
n01983	11	0.4900	n00011	n00670 n01328	118		true
n01984	9	0.4900	n01846 n04839 n05925	n00298	92		true
n01985	7	0.4900	n01172 n04859 n04949		32		true
n01986	7	0.4900	n03300 n03761 n06151 n08116 n09198		126		true
n01987	7	0.4900	n03368 n03525 n04004 n06354 n06399	n00777	961		true
n01988	7	0.4900	n03621 n03942 n05789 n06909 n08563 n09522	n00597	66		true
n01989	6	0.4900	n02001		35		true
n01990	99	0.4850	n02396 n04007 n05391 n06663 n06963 n07694 n08191	n02202 n04111 n04957	1100		true
n01991	30	0.4850	n02396 n04007 n05391 n06663 n06963 n07694 n08191 n08779	n00187 n02002 n07896	506		true
n01992	32	0.4850	n04506 n04861	n00942 n01707 n03116	413		true
n01993	25	0.4850	n02397 n03494 n05981 n07695	n01074 n01620 n07504	274		true
n01994	28	0.4850	n01214	n02515 n04582	110		true
n01995	24	0.4850	n04719 n07332	n02170 n04448 n09083	260		true
n01996	20	0.4850	n04211 n05088 n07740	n01249 n01452	82		true
n01997	17	0.4850	n02514 n05686 n06979 n08906	n00807 n02381 n07258	245		true
n01998	15	0.4850	n03742 n04084	n01102	124		true
n01999	14	0.4850	n01674 n03322	n00980 n02388 n03953	86		true
n02000	12	0.4850	n04601 n05529	n00117 n00177	50		true
n02001	11	0.4850	n05127 n08322	n00656 n01989	64		true
n02002	12	0.4850	n01991 n06509	n00051	170		true
n02003	10	0.4850	n04123 n04607 n06075 n06741	n00063	44		true
n02004	10	0.4850	n03454 n04404 n05105 n09240	n01446	126		true
n02005	8	0.4850	n00519 n08065 n08111	n00083	91		true
n02006	7	0.4850	n03021 n03189		74		true
n02007	7	0.4850	n01220 n07225 n07251	n00299	51		true
n02008	7	0.4850	n04255 n06663 n09439		75		true
n02009	7	0.4850	n01715 n05500		102		true
n02010	6	0.4850	n03342 n03921 n07987	n00699	123		true
n02011	45	0.4800	n02609	n00926 n04125 n07249 n07781 n08439	422		true
n02012	17	0.4800	n05206 n05291 n06251 n07282	n01051	53		true
n02013	15	0.4800	n03922	n04407 n05181	100		true
n02014	17	0.4800	n04329 n08854 n09088	n01300 n04838 n08159	318		true
n02015	14	0.4800	n03154 n03981 n06663 n08191	n01867	226		true
n02016	13	0.4800	n01559 n04822	n01088 n02537	92		true
n02017	14	0.4800	n04816 n05277	n01545 n03707 n04778	206		true
n02018	12	0.4800	n02316 n03810	n00238 n01953	64		true
n02019	10	0.4800	n01299 n09566	n01501	180		true
n02020	13	0.4800	n04238 n04881 n07519	n02417 n06636	96		true
n02021	8	0.4800	n04046 n04457 n05163 n06924	n00425	32		true
n02022	9	0.4800	n02874	n01346	279		true
n02023	8	0.4800	n04484 n05059		101		true
n02024	8	0.4800	n03757 n04547 n04626 n05632 n06887 n07266	n00411	112		true
n02025	7	0.4800	n01593 n04487 n08630		186		true
n02026	9	0.4774	n01479 n03289 n05595 n05977	n00996	158		true
n02027	98	0.4750	n04705	n01812 n03754 n05066 n05195 n06508 n06721 n07381 n07521 n07610 n08732	540		true
n02028	46	0.4750	n04258 n08781	n01273 n07928	732		true
n02029	18	0.4750	n02434 n03150 n06668	n00013	168		true
n02030	19	0.4750	n01907 n03407 n04445	n03381 n04818 n08768	141		true
n02031	15	0.4750	n01165 n03861	n00132 n00766	34		true
n02032	13	0.4750	n07102 n09301	n01378 n02322	178		true
n02033	11	0.4750	n05153 n06336 n06550 n07145	n00055	298		true
n02034	9	0.4750	n01076	n00680	221		true
n02035	8	0.4750	n01103 n07372	n00358 n00661	217		true
n02036	8	0.4750	n03241 n04481 n08656	n00852	69		true
n02037	6	0.4750	n03027 n03876 n08126 n09016 n09473		131		true
n02038	6	0.4750	n02907 n04081 n05921		71		true
n02039	6	0.4750	n02414 n03090 n04931 n04952 n08152	n00816	23		true
n02040	6	0.4750	n02628 n03323 n09261	n00403	15		true
n02041	7	0.4750	n02753 n07184	n00630 n00800	50		true
n02042	6	0.4750	n02415 n06942 n07077		119		true
n02043	6	0.4750	n04948 n05955	n00651	110		true
n02044	43	0.4700	n03731	n03857 n04872 n05288	255		true
n02045	27	0.4700	n04868	n01923 n02484	320		true
n02046	25	0.4700	n03266 n06203 n06419	n01940 n04384 n05272	212		true
n02047	26	0.4700	n03916	n05142 n06732	738		true
n02048	18	0.4700	n03069 n03740 n04167	n01002	143		true
n02049	19	0.4700	n02297 n05809 n07714	n01815 n03156 n05505	329		true
n02050	16	0.4700	n02124 n05076 n08260 n08920	n01864 n02074 n02872	232		true
n02051	15	0.4700	n04230 n04519 n06270	n00023 n09599	249		true
n02052	13	0.4700	n03869	n00842 n02192	147		true
n02053	11	0.4700	n01440 n09121	n00844 n02200	348		true
n02054	10	0.4700	n01052 n02786 n05010	n00210	170		true
n02055	8	0.4700	n01944 n08101 n08363 n09125	n00367	45		true
n02056	8	0.4700	n04095	n00603	391		true
n02057	7	0.4700	n01408 n02709 n05492		83		true
n02058	7	0.4700	n02146 n05058 n05761 n05884 n06562 n06657	n00475	78		true
n02059	7	0.4700	n02385 n05061 n05974 n08674		133		true
n02060	6	0.4700	n08488 n09383		33		true
n02061	6	0.4700	n02483 n06853 n08776	n00794	172		true
n02062	6	0.4700	n03713	n00755	115		true
n02063	8	0.4673	n01563	n00334	77		true
n02064	58	0.4650	n02396 n06663 n06963 n07694 n08191 n08780	n01336 n04975 n08260 n09053	963		true
n02065	40	0.4650	n03535	n01010 n02461	255		true
n02066	28	0.4650	n04263	n03069 n04449	191		true
n02067	19	0.4650	n01675 n04573	n00150 n01218 n04296	212		true
n02068	18	0.4650	n01178 n02930	n01240 n01579	53		true
n02069	23	0.4650	n04021	n02406 n07907 n09344	222		true
n02070	18	0.4650	n02937 n03180	n02145 n02898	169		true
n02071	21	0.4650	n02841 n06681	n00859 n05436	268		true
n02072	17	0.4650	n04280	n01299 n02762	232		true
n02073	16	0.4650	n02258	n01495 n02176 n02789	195		true
n02074	14	0.4650	n02050 n03802 n06271 n09156	n00527 n02201 n02718	222		true
n02075	14	0.4650	n05311 n05410 n05440 n07374	n00119 n00870 n08734	83		true
n02076	11	0.4650	n00139 n02547 n04422	n00046	33		true
n02077	10	0.4650	n04135 n04162	n01208	43		true
n02078	11	0.4650	n03927 n04586 n07501	n00241 n01631	360		true
n02079	10	0.4650	n05338 n07156 n07184 n07408	n00554 n00630	72		true
n02080	10	0.4650	n06362 n06991	n03219	108		true
n02081	9	0.4650	n01648 n06095 n07315	n00218	55		true
n02082	9	0.4650	n01781 n04762	n01383	149		true
n02083	9	0.4650	n05158 n05337 n06289 n07885 n09267	n00499 n00622	153		true
n02084	8	0.4650	n03333 n06505 n06811	n00335 n00436	91		true
n02085	7	0.4650	n03090 n03296		31		true
n02086	6	0.4650	n03238 n03707 n09066		42		true
n02087	6	0.4650	n07692 n08295		32		true
n02088	6	0.4650	n02902 n07651 n09044 n09232		54		true
n02089	6	0.4650	n01821 n07615 n09036		241		true
n02090	6	0.4623	n01515 n09501	n00817	59		true
n02091	35	0.4600	n02928	n00478 n03690	95		true
n02092	37	0.4600	n05285	n02433 n05937 n06211	453		true
n02093	29	0.4600	n04113	n01337 n04517	81		true
n02094	34	0.4600	n00898	n03456 n03859	346		true
n02095	32	0.4600	n00001 n00096 n00444	n01001 n01504 n04900 n05103 n05694 n06872 n07888 n08036	119		true
n02096	28	0.4600	n01776 n03964 n05982 n07308	n01618 n02549 n05873 n07510 n07973	658		true
n02097	19	0.4600	n01337 n04517 n07353	n01508	50		true
n02098	20	0.4600	n02484 n08808	n03158 n05889	106		true
n02099	20	0.4600	n05320 n08340 n08776 n08922	n01374 n02343 n07482	1116		true
n02100	15	0.4600	n00663 n03177 n06993	n00146 n04627	24		true
n02101	15	0.4600	n02403	n01274	50		true
n02102	15	0.4600	n00743 n08368	n02413	84		true
n02103	16	0.4600	n03642	n02107 n02147 n03053	150		true
n02104	15	0.4600	n05215 n08935	n00805 n07248	113		true
n02105	20	0.4600	n03978 n05321	n08007 n08626 n08744	528		true
n02106	12	0.4600	n01541 n06052 n07797	n02721 n02723	97		true
n02107	10	0.4600	n02103 n03511 n09251	n01810 n02223	109		true
n02108	10	0.4600	n03933 n08848	n00716 n01311	143		true
n02109	11	0.4600	n04084 n04822 n08535	n01088	175		true
n02110	9	0.4600	n01172 n06575 n06959	n00245 n00829	91		true
n02111	9	0.4600	n03701 n05804 n06117 n09593	n01387 n01854	116		true
n02112	9	0.4600	n04691 n04937 n08506	n01737 n02734	79		true
n02113	7	0.4600	n05051 n05940	n00430	79		true
n02114	7	0.4600	n03945 n04001 n04844 n06603 n07694 n08539		208		true
n02115	7	0.4600	n03435 n05156 n06366	n00468	226		true
n02116	7	0.4600	n00310		26		true
n02117	6	0.4600	n06833 n09498 n09555		43		true
n02118	6	0.4600	n00765 n03776	n00265	127		true
n02119	6	0.4600	n02683 n04486 n08726 n09465		137		true
n02120	8	0.4564	n00805	n00347	60		true
n02121	26	0.4550	n02430 n04210 n08207	n01340 n03410	277		true
n02122	22	0.4550	n03737 n05516 n06979 n08832	n00026 n00575	276		true
n02123	40	0.4550	n03588	n04348 n05685 n07784	404		true
n02124	28	0.4550	n00819	n02050 n02183 n02945 n03802	357		true
n02125	26	0.4550	n04980	n01621 n06486	411		true
n02126	20	0.4550	n03594 n05680	n01241 n04284 n09219	467		true
n02127	18	0.4550	n06759 n07716	n01745 n02820 n04673 n06564	218		true
n02128	18	0.4550	n07377 n08846	n00111 n06595	218		true
n02129	14	0.4550	n04331 n07827	n00546 n02284	19		true
n02130	13	0.4550	n05310 n06290 n07112 n07811	n01053 n02499	109		true
n02131	8	0.4550	n02321 n06122	n00720	36		true
n02132	7	0.4550	n03085 n03558 n09340 n09460		75		true
n02133	8	0.4550	n00761 n05904	n01438	99		true
n02134	7	0.4550	n02445 n06133 n08601		188		true
n02135	6	0.4550	n02467 n08542		108		true
n02136	6	0.4550	n03493 n06076 n07063	n00600	36		true
n02137	2365	0.4500		n00662 n01578 n01659 n01778 n02230 n02371 n02627 n02882 n02886 n02976 n03013 n03017 n03066 n03076 n03199 n03213 n03321 n03340 n03364 n03367 n03405 n03510 n03519 n03545 n03636 n03681 n03718 n03729 n03824 n03850 n03927 n03954 n04067 n04099 n04139 n04144 n04235 n04249 n04323 n04396 n04415 n04431 n04433 n04453 n04509 n04635 n04648 n04669 n04759 n04785 n04823 n04855 n04861 n04874 n04891 n04896 n04922 n04961 n04962 n04979 n04992 n05006 n05011 n05034 n05049 n05065 n05085 n05139 n05157 n05166 n05223 n05239 n05257 n05282 n05293 n05300 n05301 n05317 n05318 n05321 n05344 n05351 n05433 n05438 n05442 n05446 n05474 n05479 n05507 n05509 n05519 n05548 n05573 n05597 n05615 n05641 n05645 n05660 n05661 n05663 n05696 n05698 n05751 n05762 n05804 n05814 n05829 n05830 n05837 n05844 n05868 n05883 n05893 n05919 n05954 n05959 n05973 n05984 n05987 n05989 n05990 n05991 n05992 n06000 n06001 n06024 n06025 n06109 n06137 n06179 n06200 n06262 n06296 n06298 n06315 n06331 n06335 n06382 n06397 n06408 n06417 n06420 n06433 n06445 n06457 n06461 n06463 n06469 n06482 n06506 n06515 n06537 n06553 n06565 n06585 n06606 n06623 n06635 n06648 n06654 n06668 n06683 n06685 n06691 n06708 n06726 n06736 n06737 n06742 n06756 n06769 n06787 n06803 n06816 n06825 n06826 n06830 n06834 n06848 n06878 n06890 n06895 n06906 n06911 n06919 n06922 n06924 n06961 n06968 n06969 n06972 n06975 n06976 n06986 n06988 n06996 n07008 n07009 n07011 n07023 n07031 n07036 n07043 n07047 n07062 n07078 n07112 n07127 n07137 n07138 n07158 n07163 n07169 n07170 n07187 n07193 n07203 n07215 n07222 n07227 n07231 n07244 n07282 n07289 n07291 n07292 n07293 n07297 n07313 n07321 n07327 n07337 n07348 n07364 n07366 n07383 n07387 n07398 n07407 n07412 n07415 n07416 n07432 n07450 n07453 n07477 n07478 n07486 n07487 n07500 n07501 n07507 n07517 n07528 n07560 n07577 n07581 n07594 n07607 n07629 n07633 n07640 n07653 n07654 n07659 n07664 n07666 n07698 n07704 n07709 n07710 n07711 n07739 n07752 n07760 n07762 n07772 n07773 n07778 n07779 n07791 n07792 n07795 n07802 n07808 n07811 n07825 n07826 n07830 n07844 n07855 n07860 n07876 n07883 n07890 n07915 n07962 n07978 n07979 n07982 n07992 n08010 n08026 n08027 n08032 n08042 n08055 n08073 n08076 n08093 n08104 n08111 n08124 n08136 n08139 n08149 n08161 n08176 n08192 n08198 n08201 n08209 n08218 n08219 n08230 n08234 n08259 n08264 n08269 n08278 n08335 n08350 n08365 n08382 n08392 n08393 n08396 n08397 n08412 n08419 n08438 n08455 n08456 n08459 n08466 n08471 n08473 n08475 n08493 n08494 n08530 n08536 n08548 n08550 n08556 n08561 n08573 n08589 n08597 n08614 n08636 n08641 n08647 n08656 n08657 n08663 n08671 n08673 n08683 n08690 n08698 n08708 n08756 n08765 n08770 n08799 n08809 n08812 n08817 n08820 n08834 n08839 n08841 n08843 n08844 n08850 n08856 n08863 n08872 n08888 n08893 n08934 n08935 n08938 n08940 n08953 n08965 n08969 n08978 n08981 n08984 n08997 n09003 n09004 n09007 n09008 n09015 n09018 n09045 n09054 n09082 n09097 n09100 n09113 n09122 n09130 n09131 n09136 n09153 n09163 n09165 n09166 n09175 n09197 n09198 n09202 n09207 n09212 n09214 n09222 n09237 n09242 n09248 n09275 n09287 n09288 n09292 n09300 n09312 n09322 n09340 n09341 n09354 n09370 n09374 n09384 n09385 n09401 n09412 n09414 n09429 n09434 n09436 n09449 n09450 n09460 n09468 n09469 n09470 n09474 n09475 n09479 n09490 n09492 n09493 n09502 n09508 n09509 n09512 n09524 n09527 n09528 n09531 n09543 n09548 n09557 n09568 n09584 n09592 n09595 n09613 n09616	9806		true
n02138	46	0.4500	n01040 n03635	n02970 n03264 n04321 n08483	161		true
n02139	31	0.4500	n03637 n04262	n01616 n05853	220		true
n02140	22	0.4500	n03918 n04318 n06994	n00988 n04191 n04592 n05772	149		true
n02141	19	0.4500	n04006 n04108 n05277 n05659 n06200 n06214 n06416 n06963 n07274 n07275 n07276 n08190 n08776 n08777 n08778	n01958 n02380	147		true
n02142	18	0.4500	n04222	n01353 n05131	377		true
n02143	14	0.4500	n03598 n05857	n00639 n02661	108		true
n02144	17	0.4500	n01032	n02336 n05020	220		true
n02145	15	0.4500	n02070	n00903 n01122	142		true
n02146	14	0.4500	n05118	n02058 n04358	162		true
n02147	13	0.4500	n02103 n06274 n07368 n08986	n01810 n05958	113		true
n02148	11	0.4500	n04665	n00419 n02323	40		true
n02149	13	0.4500	n03047	n01067 n06647	261		true
n02150	10	0.4500	n04669 n04682 n07084 n07121	n00790	320		true
n02151	9	0.4500	n05275	n00162	101		true
n02152	9	0.4500	n02678 n07799	n00723 n00864	200		true
n02153	8	0.4500	n05034 n08541 n09393	n00262	179		true
n02154	8	0.4500	n02238	n00595	52		true
n02155	7	0.4500	n04939 n08701		174		true
n02156	7	0.4500	n04129 n04820 n05866 n06398		53		true
n02157	6	0.4500	n00732 n02896		39		true
n02158	6	0.4500	n04763 n07978 n08641 n09082 n09457		82		true
n02159	6	0.4500	n00842 n09028		64		true
n02160	6	0.4500	n02368 n03372 n08043 n09438		44		true
n02161	6	0.4500	n04559 n04561	n00759	90		true
n02162	44	0.4450	n05187 n05986 n07276	n03067 n03683	336		true
n02163	46	0.4450	n03176 n04421	n02329 n04301 n04714	143		true
n02164	40	0.4450	n05078 n05822	n02612 n02698 n05216	854		true
n02165	28	0.4450	n02571 n07702	n01238 n01418	180		true
n02166	22	0.4450	n01661	n00761 n04395 n06634	469		true
n02167	14	0.4450	n01147 n05312 n07883	n03679 n03900	106		true
n02168	21	0.4450	n01976 n06472	n05805	162		true
n02169	17	0.4450	n07049 n08980	n01964 n03587 n04297 n04742	300		true
n02170	11	0.4450	n01995 n04744 n05430 n07418	n01656 n01949	91		true
n02171	11	0.4450	n00781 n04915	n01174 n02247	108		true
n02172	10	0.4450	n02316 n05728 n06874 n07517 n08044	n01168 n01953	60		true
n02173	14	0.4450	n00859 n07344	n03215 n06163	251		true
n02174	9	0.4450	n06881 n07142 n08190	n00788	140		true
n02175	9	0.4450	n00308 n01103	n00213	230		true
n02176	8	0.4450	n02073 n06393 n07076	n00215	151		true
n02177	9	0.4450	n03521 n06281 n06881 n08010 n09046	n00788	172		true
n02178	7	0.4450	n03507 n05229 n05631 n06177 n06798 n07674 n07694 n09503	n00431	405		true
n02179	7	0.4450	n03051		334		true
n02180	6	0.4422	n01849 n07402 n08780		120		true
n02181	60	0.4400	n03729 n08198	n03145 n04515 n07608 n08319 n08816	314		true
n02182	27	0.4400	n02511 n06700	n03822 n06059 n09231	462		true
n02183	19	0.4400	n02124 n06426 n08260 n08344	n01864 n01889 n07264 n08129	290		true
n02184	14	0.4400	n01646 n05676 n08388	n00386 n04497	268		true
n02185	14	0.4400	n04337 n08410	n00932 n03342	214		true
n02186	12	0.4400	n03186 n08948	n00128	55		true
n02187	13	0.4400	n01319	n01897 n02428	71		true
n02188	11	0.4400	n04180 n04823 n09129	n00237 n03345	64		true
n02189	11	0.4400	n05002 n05235 n07111 n07740	n00114	72		true
n02190	15	0.4400	n03983	n01018 n06590	601		true
n02191	10	0.4400	n03158 n06481	n00277	68		true
n02192	9	0.4400	n02052 n05042 n06834 n09281	n00617	113		true
n02193	8	0.4400	n02525 n02550	n00502	69		true
n02194	8	0.4400	n01354 n05873 n06391 n07785		436		true
n02195	9	0.4400	n03602 n06122 n06859 n08013	n00937 n01309	33		true
n02196	7	0.4400	n01595 n05045 n06173 n09524	n00594	72		true
n02197	8	0.4400	n03248 n06183	n00537	323		true
n02198	6	0.4400	n04895 n04934 n07233	n00891	38		true
n02199	9	0.4394	n00108	n00650 n01634	78		true
n02200	6	0.4372	n02053 n05276 n05277	n00305	317		true
n02201	7	0.4372	n01263 n01864 n02074 n03946 n07098 n08072	n00400	148		true
n02202	80	0.4350	n01990 n02645	n03498 n05394 n08250 n08899	1061		true
n02203	50	0.4350	n02459 n04501	n00941 n03535	279		true
n02204	43	0.4350	n01644	n01315 n03697	416		true
n02205	18	0.4350	n02356 n02838	n00102	110		true
n02206	18	0.4350	n03228	n00378 n05275	156		true
n02207	17	0.4350	n05209 n06249	n00531 n02900	102		true
n02208	17	0.4350	n01146 n06734 n07728	n00520 n03989	247		true
n02209	15	0.4350	n03976 n07835 n08792	n00828 n01562	356		true
n02210	14	0.4350	n00999	n00350 n01322 n08731	50		true
n02211	13	0.4350	n01075 n04036	n01125 n02591 n03133	197		true
n02212	14	0.4350	n01507	n01767 n04950	176		true
n02213	13	0.4350	n01618 n01757 n07785 n08261	n00981	102		true
n02214	12	0.4350	n02358 n05890	n00035	90		true
n02215	18	0.4350	n03233	n01874 n02958 n05971 n06192 n08188	160		true
n02216	10	0.4350	n04563 n07962 n09135	n01343	146		true
n02217	10	0.4350	n04039 n05937 n06846	n00455 n03575	98		true
n02218	10	0.4350	n03199 n05610	n01875	130		true
n02219	9	0.4350	n06588 n06659 n08095 n09376	n00811	250		true
n02220	7	0.4350	n04757 n06916 n07277 n07694 n08779	n00435	67		true
n02221	7	0.4350	n03236 n06283 n08492 n09307 n09544		129		true
n02222	7	0.4350	n01897 n04858 n09600		58		true
n02223	6	0.4350	n02107 n03053		69		true
n02224	6	0.4350	n03381 n05181 n07884	n00796	62		true
n02225	6	0.4350	n02364 n02554 n04048 n04629 n06829 n08661 n09337		34		true
n02226	7	0.4350	n05776 n07098 n07264 n08129	n00400	187		true
n02227	6	0.4350	n03057 n06659		89		true
n02228	6	0.4346	n02567 n05800		64		true
n02229	6	0.4322	n01358 n02361 n04616 n07643		36		true
n02230	211	0.4300	n02137 n04006 n04108 n04500 n05277 n06416 n07275 n08776 n08778	n00224 n01883 n02397 n05981	1133		true
n02231	38	0.4300	n01272 n03534 n07694	n01462 n06055	213		true
n02232	35	0.4300	n02969	n04021 n04377	267		true
n02233	31	0.4300	n01228	n01505 n07566	79		true
n02234	14	0.4300	n01133	n00021	82		true
n02235	15	0.4300	n01463 n05878 n06768	n00928 n05785	176		true
n02236	13	0.4300	n03323 n03416	n00029 n04696	42		true
n02237	13	0.4300	n05905	n01566 n02390	138		true
n02238	11	0.4300	n05344 n09207	n01039 n02154	77		true
n02239	11	0.4300	n01859 n03321 n06197 n08875	n00524 n01332	106		true
n02240	13	0.4300	n03923 n04343	n00993 n03022	526		true
n02241	11	0.4300	n05581	n00244 n01754	56		true
n02242	10	0.4300	n02383 n06523	n00423	224		true
n02243	10	0.4300	n04227 n04928	n00455	106		true
n02244	9	0.4300	n03612 n04763 n08713	n01903	109		true
n02245	7	0.4300	n04255 n04674 n04893 n07352 n08429		83		true
n02246	7	0.4300	n01846 n04147 n08106 n09398		68		true
n02247	8	0.4300	n01015 n02171 n09196	n00137	89		true
n02248	7	0.4300	n03830 n04701		173		true
n02249	7	0.4300	n02626 n04871 n05469 n05943	n00816	27		true
n02250	6	0.4300	n07558	n00833	70		true
n02251	6	0.4300	n01714 n07693 n09531	n00460	1110		true
n02252	6	0.4286	n00038		88		true
n02253	8	0.4278	n00016	n00133	129		true
n02254	25	0.4250	n01674	n00980 n05209	145		true
n02255	23	0.4250	n04431 n05844 n08258 n08809	n04653 n05867	235		true
n02256	20	0.4250	n04644	n00781 n04683	170		true
n02257	22	0.4250	n03448 n04435 n07819	n01396 n05874	173		true
n02258	20	0.4250	n05309	n01745 n02073	207		true
n02259	20	0.4250	n00480	n03284 n06103	166		true
n02260	13	0.4250	n04704 n06963 n07277 n07714 n08779	n00555 n00644	156		true
n02261	12	0.4250	n01019	n01394	198		true
n02262	11	0.4250	n04078 n06016 n07817	n00118	205		true
n02263	10	0.4250	n04908 n05558 n06465 n06536 n08671 n09323	n01140	86		true
n02264	9	0.4250	n00018	n00070	1		true
n02265	9	0.4250	n05150 n06337 n09176	n00790	284		true
n02266	10	0.4250	n06553 n06858 n08494 n08978	n02858	135		true
n02267	7	0.4250	n07204 n07304		7		true
n02268	7	0.4250	n02450 n02909 n05036 n05156	n00468	191		true
n02269	6	0.4250	n03885 n05962 n08648		534		true
n02270	6	0.4213	n00200		7		true
n02271	66	0.4200	n01347 n03680	n02273 n03142 n04576 n07816 n08342 n08559 n08932	417		true
n02272	59	0.4200	n03681 n04008 n05663	n01272 n03223 n07892 n08429 n08867 n09439	425		true
n02273	44	0.4200	n02271	n02862	165		true
n02274	32	0.4200	n03855	n01417 n04124 n07823	291		true
n02275	27	0.4200	n03313 n04718	n01147 n05312	238		true
n02276	21	0.4200	n03803	n01896 n05350 n07652	202		true
n02277	14	0.4200	n03182 n05427	n01652 n03525 n04004	961		true
n02278	14	0.4200	n01115	n00355 n01369	69		true
n02279	15	0.4200	n03232 n06220 n08499	n01781 n04930	204		true
n02280	13	0.4200	n02579	n01108 n01331	38		true
n02281	12	0.4200	n03503 n05119 n06310	n00578 n02423	157		true
n02282	11	0.4200	n05126 n07964 n08417 n09259	n01024	49		true
n02283	12	0.4200	n03019	n00387 n01344	227		true
n02284	10	0.4200	n02129 n04837	n01267 n01755	9		true
n02285	11	0.4200	n00689 n05145	n00948	133		true
n02286	8	0.4200	n03286 n07602	n00795 n00973	51		true
n02287	9	0.4200	n04302 n08190	n01046	62		true
n02288	7	0.4200	n01847 n02524 n02749 n07682 n09360	n00258	59		true
n02289	7	0.4200	n05913 n06771 n06911 n09526		106		true
n02290	6	0.4200	n01512 n01629 n02623 n05055 n08074		94		true
n02291	6	0.4200	n05124 n07228 n09176		138		true
n02292	7	0.4171	n00447 n05746		37		true
n02293	6	0.4171	n01893 n06525 n08703		48		true
n02294	36	0.4150	n01194	n04582 n07951 n08288 n09125 n09180	203		true
n02295	32	0.4150	n01145 n04962 n05395	n05298 n06575 n09055	146		true
n02296	38	0.4150	n05393	n01285 n01790 n06272 n07901 n08347	655		true
n02297	23	0.4150	n02646	n02049 n07572	378		true
n02298	22	0.4150	n03970 n05277 n08189	n01680 n03804 n05902	294		true
n02299	18	0.4150	n00942 n01707 n02841	n00859 n04354	292		true
n02300	16	0.4150	n01182	n00107 n00168 n04954	142		true
n02301	14	0.4150	n02938 n04025 n04588	n00782 n01498	71		true
n02302	12	0.4150	n06836 n07377 n07776	n00111	102		true
n02303	12	0.4150	n03124	n01067	260		true
n02304	12	0.4150	n01816 n05687 n06750 n07145	n00055	350		true
n02305	11	0.4150	n03080 n05530 n07974	n01111 n02881	81		true
n02306	10	0.4150	n05566 n06602 n06807	n01829	77		true
n02307	8	0.4150	n05166 n07062 n07269 n07558 n08027 n09192 n09490	n00496	72		true
n02308	7	0.4150	n05850 n08003 n08178 n08539 n08779 n09029 n09147 n09471	n00853	68		true
n02309	7	0.4150	n04688 n07587		49		true
n02310	7	0.4150	n04347	n00650	73		true
n02311	7	0.4112	n00035 n06387	n00509	66		true
n02312	18	0.4100	n04791 n06746 n08798	n01591 n02845	63		true
n02313	19	0.4100	n04328 n07100 n07815	n01442 n04179 n05628	281		true
n02314	16	0.4100	n01228 n04382	n00129 n01055	48		true
n02315	15	0.4100	n03451 n04221	n04057 n04689	57		true
n02316	15	0.4100	n03153 n03915 n08902	n02018 n02172	73		true
n02317	15	0.4100	n06782 n07044 n08403 n08934 n08935	n00805 n02790	218		true
n02318	12	0.4100	n01909	n01023 n01756	41		true
n02319	12	0.4100	n04226 n04818 n05543	n00712	81		true
n02320	13	0.4100	n04879 n05095 n07968	n00282 n08155	64		true
n02321	13	0.4100	n04523	n01456 n02131 n03388	59		true
n02322	9	0.4100	n02032 n03934	n00252	164		true
n02323	8	0.4100	n02148 n06626 n08586	n00371	31		true
n02324	7	0.4100	n03471 n04546 n04698 n05963 n06910		56		true
n02325	7	0.4100	n05261 n06471 n06918 n08620		145		true
n02326	6	0.4100	n05465 n05957 n09246		191		true
n02327	6	0.4100	n04840 n06522 n09404		48		true
n02328	6	0.4100	n03213		140		true
n02329	42	0.4050	n02163	n01228 n04382	127		true
n02330	30	0.4050	n02695 n07297 n08221	n00140 n00781 n02815 n04915	411		true
n02331	20	0.4050	n03314 n06701 n08309	n01319 n09600	85		true
n02332	17	0.4050	n00900	n01725 n02675	83		true
n02333	26	0.4050	n06023 n06256	n01301 n01403 n04291 n06583 n06612 n06641	198		true
n02334	14	0.4050	n04325 n04994 n07053 n08915 n09005	n01036 n02797	58		true
n02335	14	0.4050	n01887 n07898	n01064 n03571 n04630	238		true
n02336	13	0.4050	n02144 n04029 n06273 n07085 n07847	n01186 n01289	189		true
n02337	13	0.4050	n04029 n05452 n06273 n08495	n01497 n02633 n02918	121		true
n02338	10	0.4050	n03867 n05230 n05715 n06735	n00164	104		true
n02339	12	0.4050	n04922 n06449 n08418 n09175	n01574 n01733 n03446	151		true
n02340	9	0.4050	n00878 n03883	n01330	104		true
n02341	9	0.4050	n04464 n07091	n00389	27		true
n02342	10	0.4050	n03762 n09336	n01424	130		true
n02343	9	0.4050	n02099 n08066	n01169	126		true
n02344	8	0.4050	n03949 n04233 n04751 n07941	n00871 n01788	44		true
n02345	8	0.4050	n02751 n04690 n08655	n00596	104		true
n02346	7	0.4050	n06240 n07741		26		true
n02347	7	0.4050	n07188 n08110 n08751	n00939	73		true
n02348	7	0.4050	n01503 n02449		23		true
n02349	7	0.4050	n04138 n04419 n06295 n07221 n07246		31		true
n02350	7	0.4050	n04364		327		true
n02351	6	0.4050	n01548 n07515 n08607 n09241		43		true
n02352	6	0.4020	n04094 n04695 n05505 n06920 n07173 n08060	n00917	106		true
n02353	41	0.4000	n02774 n07697	n00779 n06003	311		true
n02354	33	0.4000	n03110	n05523	190		true
n02355	26	0.4000	n04568 n04977	n02740 n03120 n05138	145		true
n02356	23	0.4000	n06229	n02205 n05322	171		true
n02357	25	0.4000	n03537 n04075	n02846 n05333 n06308 n06801 n08738	282		true
n02358	20	0.4000	n01179 n04872	n01441 n02214 n08446	129		true
n02359	19	0.4000	n03033 n04378 n05839	n01119 n01492	122		true
n02360	22	0.4000	n05412 n06426	n02379 n03694 n06127 n07110	279		true
n02361	14	0.4000	n00193	n02229 n04939	209		true
n02362	12	0.4000	n00744	n00276	51		true
n02363	12	0.4000	n03078 n07892	n00156 n01193	73		true
n02364	11	0.4000	n05740 n06217 n06712	n00786 n02225	45		true
n02365	10	0.4000	n00987 n09268	n01127	236		true
n02366	10	0.4000	n05027 n06663 n06963 n08191	n00361	132		true
n02367	10	0.4000	n03986 n06116 n06499	n00717 n03004	159		true
n02368	9	0.4000	n03659 n03764 n07459	n00830 n02160	61		true
n02369	7	0.4000	n06570 n08497		88		true
n02370	7	0.4000	n03666 n03696 n04353		115		true
n02371	6	0.4000	n02137 n05659 n07274 n07275 n07276 n08189 n08190 n08776 n08777 n08778 n09480		36		true
n02372	7	0.3990	n01262 n04692 n06098 n06399 n09204	n00777 n00838	213		true
n02373	6	0.3970	n03619 n08123		52		true
n02374	43	0.3950	n01348	n01164 n01197	592		true
n02375	41	0.3950	n05282	n01145 n02403 n05535 n06237 n06727	194		true
n02376	31	0.3950	n02775 n05193	n02972 n05550	141		true
n02377	21	0.3950	n05204 n05517 n06215 n06421	n01216 n02986	311		true
n02378	19	0.3950	n02975 n07376 n07746 n08779 n08847 n08869	n01355 n03831 n06543	223		true
n02379	14	0.3950	n02360 n03595 n03862 n05710	n01422 n03430	234		true
n02380	15	0.3950	n02141	n00612 n03092	131		true
n02381	14	0.3950	n01997 n05704 n07820	n00054 n00772	168		true
n02382	14	0.3950	n00609	n06932	142		true
n02383	13	0.3950	n00307 n01101	n00765 n02242 n03776	238		true
n02384	11	0.3950	n02676 n07835	n00322	75		true
n02385	10	0.3950	n05765 n06283 n06818 n07424	n01027 n02059	151		true
n02386	9	0.3950	n01076 n06356 n09078	n01572	249		true
n02387	9	0.3950	n01859 n03321 n05296	n01332 n01486	94		true
n02388	9	0.3950	n01999 n05209 n08675	n00531	48		true
n02389	8	0.3950	n01320 n04203	n00222	113		true
n02390	7	0.3950	n02237 n03884 n04480 n08028 n08115 n08596	n00599	118		true
n02391	7	0.3950	n03471 n04982 n06176 n06313 n06774 n07964 n08534 n09306 n09459		66		true
n02392	7	0.3950	n01433 n01912	n00600	108		true
n02393	6	0.3950	n01419 n09517	n00973	339		true
n02394	6	0.3950	n01714 n09532		1077		true
n02395	6	0.3950	n06663 n07694 n08136 n08191 n08779	n00916	104		true
n02396	2115	0.3900		n00543 n00854 n00874 n01335 n01782 n01857 n01990 n01991 n02064 n02645 n02749 n02975 n03009 n03222 n03248 n03302 n03596 n03599 n03794 n03866 n03914 n04066 n04156 n04167 n04176 n04203 n04220 n04258 n04337 n04409 n04564 n04591 n04691 n04782 n04864 n04925 n04980 n04984 n05056 n05089 n05109 n05204 n05224 n05284 n05302 n05315 n05323 n05329 n05349 n05382 n05393 n05405 n05426 n05461 n05465 n05511 n05513 n05528 n05547 n05594 n05630 n05693 n05710 n05726 n05808 n05810 n05832 n05835 n05895 n05909 n05957 n05993 n06035 n06202 n06215 n06263 n06421 n06422 n06440 n06452 n06491 n06504 n06548 n06581 n06589 n06785 n06789 n06855 n06861 n06879 n06916 n06931 n06978 n06991 n07012 n07014 n07033 n07061 n07066 n07135 n07190 n07199 n07245 n07278 n07300 n07310 n07324 n07336 n07355 n07368 n07376 n07400 n07402 n07419 n07438 n07495 n07511 n07546 n07549 n07584 n07621 n07647 n07655 n07660 n07701 n07703 n07714 n07723 n07746 n07749 n07785 n07789 n07861 n07961 n07981 n08057 n08059 n08083 n08099 n08113 n08125 n08145 n08197 n08207 n08210 n08236 n08248 n08274 n08291 n08309 n08348 n08358 n08373 n08407 n08410 n08447 n08472 n08527 n08566 n08570 n08581 n08600 n08601 n08605 n08627 n08632 n08712 n08713 n08720 n08764 n08775 n08782 n08790 n08794 n08806 n08815 n08821 n08868 n08900 n08925 n08930 n08979 n09001 n09013 n09069 n09149 n09155 n09191 n09200 n09221 n09245 n09271 n09272 n09295 n09297 n09329 n09338 n09360 n09377 n09380 n09396 n09409 n09413 n09451 n09461 n09488 n09513 n09530 n09537 n09545 n09597	10751		true
n02397	198	0.3900	n02230 n05659 n07276	n00002 n01939 n01972 n01993 n03733 n04369 n05746 n05777 n07030 n07298 n07706 n07843 n08205 n08390 n08645	1014		true
n02398	59	0.3900	n03009	n01536 n02772 n06021 n06204	655		true
n02399	31	0.3900	n01575	n00479 n00818 n03271 n07096	210		true
n02400	31	0.3900	n04070	n01604 n02894 n03151 n03803	469		true
n02401	28	0.3900	n02934 n04500	n01662 n04522	565		true
n02402	29	0.3900	n07717	n08625 n08959	318		true
n02403	20	0.3900	n02375 n06673	n02101 n04040 n06291	85		true
n02404	17	0.3900	n01118	n01720 n03758	106		true
n02405	17	0.3900	n04035	n05711	222		true
n02406	16	0.3900	n02069 n05869	n01529 n02469 n07267	189		true
n02407	14	0.3900	n00804	n00710 n01384	60		true
n02408	14	0.3900	n01539 n05283 n06744	n00710 n02875	65		true
n02409	12	0.3900	n04785 n06467 n06691 n08267	n00273 n03380	289		true
n02410	12	0.3900	n07007 n07331 n07477 n08481	n01484 n02539 n02727 n02826	343		true
n02411	11	0.3900	n03811 n04344 n05570	n00244	68		true
n02412	11	0.3900	n08540	n00930 n01950	41		true
n02413	13	0.3900	n02102	n00691 n03783	79		true
n02414	9	0.3900	n03752 n04130 n04475 n05469 n05943	n02039	37		true
n02415	10	0.3900	n02771	n01027 n02042	154		true
n02416	9	0.3900	n03199 n05254 n05475	n02608	96		true
n02417	8	0.3900	n02020 n06152 n09428	n01177	75		true
n02418	9	0.3900	n04055 n07661	n00959 n01413	162		true
n02419	7	0.3900	n05960	n00592	113		true
n02420	8	0.3900	n03021 n03202	n00301	118		true
n02421	7	0.3900	n01848 n05450 n07476 n08069		79		true
n02422	7	0.3900	n04042 n09358 n09359 n09486	n00620	100		true
n02423	7	0.3900	n02281 n03127 n05058 n06351	n00475	70		true
n02424	6	0.3900	n02498 n02874 n05504		351		true
n02425	7	0.3900	n06372 n09359	n00620	94		true
n02426	7	0.3900	n03622 n03765 n03840 n06567 n09461	n00459	97		true
n02427	7	0.3900	n05048 n08666 n09462 n09545	n00178	138		true
n02428	6	0.3900	n02187 n07987 n09466		49		true
n02429	8	0.3869	n00546	n00686	16		true
n02430	104	0.3850	n04564	n01614 n02121 n03010 n05817 n06778 n07541 n08990	1002		true
n02431	31	0.3850	n04011	n05297	329		true
n02432	31	0.3850	n04791 n07736	n02845 n03449	120		true
n02433	27	0.3850	n02092	n01761 n06846	273		true
n02434	23	0.3850	n05659 n06963 n07274 n07275 n08190 n08777 n08778 n08850	n00609 n02029 n05961	184		true
n02435	20	0.3850	n03974 n04437	n01196 n08563	134		true
n02436	22	0.3850	n05851 n06976 n07702 n08196 n08241	n01359 n04985	144		true
n02437	18	0.3850	n03037	n00063 n00106	105		true
n02438	19	0.3850	n03731 n03959 n07043 n08219	n01224 n01525	130		true
n02439	15	0.3850	n01216	n02521	138		true
n02440	14	0.3850	n05852 n06669 n07925	n00519	115		true
n02441	15	0.3850	n06508	n00105 n04919	129		true
n02442	13	0.3850	n04721 n04888 n05676 n07024 n08374	n01234 n03054	122		true
n02443	12	0.3850	n04108 n04811	n01244 n03440	67		true
n02444	12	0.3850	n01050 n06556	n01037 n03475	546		true
n02445	12	0.3850	n04386 n06797 n09200	n00637 n02134	216		true
n02446	11	0.3850	n04336 n07971 n08984	n00351	94		true
n02447	11	0.3850	n04177	n00526	277		true
n02448	10	0.3850	n03649 n06655	n00553	447		true
n02449	11	0.3850	n02579 n05906 n08644	n01331 n02348	36		true
n02450	11	0.3850	n04590 n05689 n07113	n01966 n02268	214		true
n02451	9	0.3850	n01301 n03372 n06641	n00359 n01368	77		true
n02452	10	0.3850	n02986 n07573 n08286	n00881	219		true
n02453	8	0.3850	n03600 n04596 n06963	n00894	47		true
n02454	8	0.3850	n03613 n04681 n07467 n07537 n08725 n09241		60		true
n02455	7	0.3850	n03082 n03369 n05492		82		true
n02456	7	0.3850	n01652 n04004 n09453	n00777	210		true
n02457	8	0.3819	n01625 n02679		32		true
n02458	6	0.3819	n03524 n05390 n06367	n00739	156		true
n02459	73	0.3800	n03487	n01474 n02203 n04565	296		true
n02460	47	0.3800	n04312 n08199 n08202	n02775 n04786 n05193	259		true
n02461	35	0.3800	n02065	n01090 n02696 n05842	190		true
n02462	30	0.3800	n00662	n03544 n04029 n05452 n06273 n06487 n06843 n07471	301		true
n02463	20	0.3800	n01416 n03147	n00567 n01021	32		true
n02464	14	0.3800	n00192 n04315 n07814	n00317 n03785	44		true
n02465	20	0.3800	n03268 n03409 n04983	n04906 n06107 n07909	169		true
n02466	15	0.3800	n01002	n01199 n01327 n09603	138		true
n02467	12	0.3800	n07526	n01654 n02135	172		true
n02468	10	0.3800	n01230	n00454	125		true
n02469	10	0.3800	n02406 n07115 n07797	n00735	54		true
n02470	10	0.3800	n04348 n07134 n09066	n00846	79		true
n02471	10	0.3800	n01745	n01271	51		true
n02472	8	0.3800	n03891 n05802		110		true
n02473	7	0.3800	n08046 n08090 n08663 n09293		78		true
n02474	7	0.3800	n02952 n05124 n05802 n06315 n09385		129		true
n02475	7	0.3800	n01530	n00957	89		true
n02476	6	0.3800	n02999 n08653		66		true
n02477	6	0.3800	n02651 n04945 n06941 n09033		45		true
n02478	6	0.3800	n05658 n07947		63		true
n02479	50	0.3750	n06669	n00516 n03962	371		true
n02480	44	0.3750	n05279	n01417 n03179 n04882 n05079 n06029	519		true
n02481	35	0.3750	n03489 n05277 n05515	n01674 n06225	161		true
n02482	33	0.3750	n01155	n00877 n04018	329		true
n02483	32	0.3750	n04065 n04206	n00942 n01707 n02061 n04285	451		true
n02484	25	0.3750	n02045	n02098 n04589	128		true
n02485	30	0.3750	n02836 n04319 n06002	n04524 n07796	141		true
n02486	21	0.3750	n02695 n04216	n00140 n03044 n07073	285		true
n02487	28	0.3750	n04567 n05679	n01298 n05466 n06738 n09357	357		true
n02488	22	0.3750	n02839 n07747	n01105 n01115	292		true
n02489	20	0.3750	n03790 n04566	n00746 n02619	107		true
n02490	24	0.3750	n01335 n08868	n03192 n07422 n09107 n09112	327		true
n02491	23	0.3750	n01476 n08285	n00912 n08387	579		true
n02492	20	0.3750	n03403 n04020 n04270 n08911	n01543 n04858	110		true
n02493	15	0.3750	n03184	n01009 n05499	327		true
n02494	13	0.3750	n00633 n04281	n00027	9		true
n02495	12	0.3750	n04598 n04731 n07904	n00982	105		true
n02496	11	0.3750	n02812 n04180	n00237	106		true
n02497	11	0.3750	n00310	n01045	66		true
n02498	9	0.3750	n07950 n08626 n08744	n02424	408		true
n02499	10	0.3750	n02130 n08070	n01700	81		true
n02500	8	0.3750	n04839 n05054 n07822 n09327	n00298	58		true
n02501	8	0.3750	n05152 n07534 n07535 n09305	n00648	72		true
n02502	7	0.3750	n00007		1		true
n02503	7	0.3750	n02914 n04170 n06276		58		true
n02504	7	0.3750	n02903 n03700 n05787 n08696	n00623	81		true
n02505	7	0.3750	n01609 n04770 n08154 n08616		240		true
n02506	6	0.3750	n06386 n07637 n09284 n09478	n00958	80		true
n02507	6	0.3750	n04412 n05964 n06348		43		true
n02508	66	0.3700	n03788	n03210 n04421 n06129	459		true
n02509	50	0.3700	n00443 n01556	n01522 n03143	133		true
n02510	29	0.3700	n01777 n04784	n03310 n03542 n03615	375		true
n02511	31	0.3700	n03968	n02182 n05221	506		true
n02512	24	0.3700	n06006	n01429 n06130 n07690 n08110 n08751	276		true
n02513	23	0.3700	n03857	n01441 n05470	147		true
n02514	25	0.3700	n02887 n03914	n01997 n03422 n04663	288		true
n02515	24	0.3700	n01994	n03276 n07470 n08378	60		true
n02516	14	0.3700	n04887 n07776	n00167 n01471	132		true
n02517	13	0.3700	n01116 n05423 n08914	n00457 n01138	427		true
n02518	13	0.3700	n04598 n07774 n07960	n00982 n01362 n03163	91		true
n02519	16	0.3700	n01619 n05070	n01408 n02709 n07209	143		true
n02520	15	0.3700	n05421 n08302	n01013 n03382 n06631	115		true
n02521	12	0.3700	n02439 n04386 n06074	n00637 n03895	129		true
n02522	11	0.3700	n05113 n07147 n08538	n01496 n01585	57		true
n02523	11	0.3700	n04741	n03478	37		true
n02524	12	0.3700	n04233 n08500 n08926	n01788 n02288	83		true
n02525	11	0.3700	n04731 n08021 n08740	n02193	95		true
n02526	10	0.3700	n01119 n03534 n07892	n00156	59		true
n02527	10	0.3700	n03652	n00075 n00935	42		true
n02528	10	0.3700	n05211 n06736	n01519 n01877	113		true
n02529	9	0.3700	n04185	n00409	62		true
n02530	11	0.3700	n04044	n00827 n01855	90		true
n02531	9	0.3700	n07057 n08779	n00530	121		true
n02532	11	0.3700	n02989	n00842	113		true
n02533	7	0.3700	n08071 n08685 n09510		78		true
n02534	7	0.3700	n00746		30		true
n02535	7	0.3700	n01763 n03233		48		true
n02536	7	0.3700	n04139 n05954		63		true
n02537	6	0.3700	n01579 n02016 n07739 n08169	n00894	23		true
n02538	6	0.3700	n01870		50		true
n02539	6	0.3700	n02410 n03231 n04152 n05779 n06151		267		true
n02540	6	0.3668	n06902 n08452		51		true
n02541	63	0.3650	n01335 n01614	n00687 n01031 n01048 n04225 n04729 n07715 n08924	685		true
n02542	41	0.3650	n01347 n03680 n06196 n07707	n02736 n05222	678		true
n02543	31	0.3650	n02888	n01977 n04363 n07136	319		true
n02544	23	0.3650	n01836 n02779	n01182 n01561 n07669	154		true
n02545	22	0.3650	n05405	n01451 n03275 n08434	439		true
n02546	28	0.3650	n04567 n05679	n01298 n05466 n06738 n09357	357		true
n02547	17	0.3650	n03072 n07331	n02076 n02826	157		true
n02548	17	0.3650	n01882 n02940 n06730	n00645 n03750	235		true
n02549	12	0.3650	n02096 n04734 n05117 n05432 n06832	n00981 n02876	182		true
n02550	12	0.3650	n04731	n00982 n02193	92		true
n02551	10	0.3650	n01335 n04134	n00240	247		true
n02552	10	0.3650	n04838 n06475 n07361	n01586 n03781	308		true
n02553	10	0.3650	n03680 n04609 n05319	n00064	24		true
n02554	11	0.3650	n01636 n08521 n09229	n02225	49		true
n02555	11	0.3650	n02823	n00453 n01703	107		true
n02556	11	0.3650	n01959 n08776	n01128	82		true
n02557	10	0.3650	n03287 n05655	n00867	69		true
n02558	10	0.3650	n03042 n05915 n09302	n01283 n03007	190		true
n02559	9	0.3650	n05144 n06365 n06847	n01080	85		true
n02560	10	0.3650	n03466 n03559 n04709	n01951	89		true
n02561	10	0.3650	n03753 n04455 n07426 n08550	n01807	181		true
n02562	9	0.3650	n05456 n08082	n00165	595		true
n02563	9	0.3650	n03193 n05250 n09141	n01333 n02602	139		true
n02564	8	0.3650	n01467 n04417 n09510		103		true
n02565	7	0.3650	n02618 n05687 n06619 n08057 n08577 n08790 n09234	n00813	134		true
n02566	6	0.3650	n00635 n03908		55		true
n02567	10	0.3618	n00100	n00323 n02228	83		true
n02568	7	0.3618	n01286 n07587		74		true
n02569	6	0.3618	n05325 n07255		32		true
n02570	70	0.3600	n04067	n04642 n05078 n05163 n05822 n07103 n07148 n07394 n07755	1107		true
n02571	30	0.3600	n01081 n06201 n06966	n02165	189		true
n02572	42	0.3600	n04109 n04111	n04215 n04274 n04801 n06004 n06070	853		true
n02573	29	0.3600	n04566 n05826	n01503 n03186 n08948	86		true
n02574	32	0.3600	n08251	n01921 n02794	367		true
n02575	26	0.3600	n03855 n05070	n01590 n05717	236		true
n02576	21	0.3600	n02971 n04439	n01388	168		true
n02577	29	0.3600	n04208	n00727 n08523 n08921	96		true
n02578	23	0.3600	n05533	n01760 n05423	584		true
n02579	17	0.3600	n04032 n07288 n08280	n02280 n02449 n03429	53		true
n02580	16	0.3600	n04450 n06282	n01076 n01549 n06356	340		true
n02581	15	0.3600	n01560 n03592 n04572 n08203	n00690 n04548	86		true
n02582	14	0.3600	n03040 n04089	n07627	289		true
n02583	12	0.3600	n05113 n07809 n08345	n00579 n01496	31		true
n02584	14	0.3600	n05718 n06715	n00843 n01343	158		true
n02585	14	0.3600	n01228 n04714 n07354 n07410 n07436	n01055	74		true
n02586	13	0.3600	n07037 n08489	n01203 n08134	261		true
n02587	12	0.3600	n03187 n09230	n01092 n03348	210		true
n02588	12	0.3600	n03042 n05323 n08190	n01850 n02598	145		true
n02589	11	0.3600	n07532 n09171	n00951	88		true
n02590	10	0.3600	n06327 n08814 n08830 n09324	n01190	263		true
n02591	9	0.3600	n02211 n04287 n06666 n06735		194		true
n02592	9	0.3600	n07996 n08777 n08863	n00163	96		true
n02593	9	0.3600	n01442 n07183	n01334	251		true
n02594	8	0.3600	n01591 n01866 n05149 n08369 n08385	n00297	30		true
n02595	7	0.3600	n02849 n05143	n00649	45		true
n02596	7	0.3600	n05785 n06570 n08498		101		true
n02597	7	0.3600	n03375 n06839		80		true
n02598	6	0.3600	n02588 n04106 n04136 n07990 n09413		100		true
n02599	6	0.3600	n03474 n06536		51		true
n02600	6	0.3600	n03197		75		true
n02601	6	0.3600	n01652 n03525 n04692 n08165 n09426	n00777	216		true
n02602	6	0.3600	n01439 n02563		101		true
n02603	6	0.3600	n06907 n07189		32		true
n02604	6	0.3600	n01064 n03571 n06643	n00678	180		true
n02605	7	0.3600	n01173	n00627	108		true
n02606	6	0.3586	n00054	n00345	101		true
n02607	8	0.3575	n00315 n00946 n05656	n00219	35		true
n02608	7	0.3568	n00488 n02416	n00221	68		true
n02609	48	0.3550	n01347 n03680	n02011 n06156 n07319 n07970 n09164	430		true
n02610	31	0.3550	n03312 n05521	n01635 n08973	132		true
n02611	27	0.3550	n03112	n02935 n05233	70		true
n02612	37	0.3550	n02164	n03916 n05582 n07048 n08745	825		true
n02613	31	0.3550	n04156 n06416 n08197	n08952 n09299	602		true
n02614	15	0.3550	n05859 n07413	n00017	133		true
n02615	17	0.3550	n03488 n08854	n01300 n04665 n07254	74		true
n02616	15	0.3550	n01227 n05106	n01200 n02993	265		true
n02617	13	0.3550	n02937 n03854 n06272	n00903	147		true
n02618	14	0.3550	n08487 n09169	n01516 n02565 n02911	331		true
n02619	12	0.3550	n02489 n04321 n06474 n08837	n01065	90		true
n02620	12	0.3550	n04467 n05704 n07439	n00054	174		true
n02621	11	0.3550	n02738 n02890 n03977 n05024 n07922	n01057	412		true
n02622	12	0.3550	n00418 n03411 n08779	n00209 n00588	490		true
n02623	10	0.3550	n01817 n06411 n06844 n08987 n09256	n01279 n02290	128		true
n02624	11	0.3550	n02847 n04806 n05253 n08168	n01932	156		true
n02625	9	0.3550	n05766 n06340 n06819 n08015 n09288 n09389	n00883	40		true
n02626	11	0.3550	n03752 n05714 n08469 n08587	n01058 n02249	44		true
n02627	11	0.3550	n02137 n04108 n04751 n06416 n07274 n08777 n08926	n01748 n01788	131		true
n02628	10	0.3550	n02893 n04242 n04524 n05733	n01918 n02040	26		true
n02629	9	0.3550	n07191	n00848	164		true
n02630	9	0.3550	n01888 n04053		140		true
n02631	9	0.3550	n01034		252		true
n02632	9	0.3550	n05153 n05917	n01237	336		true
n02633	7	0.3550	n02337 n06175 n07471 n09408		63		true
n02634	7	0.3550		n00556	45		true
n02635	7	0.3550	n01581		66		true
n02636	7	0.3550	n04247 n04256 n08139	n00754	70		true
n02637	7	0.3550	n03427 n04365 n08413 n09386	n00472	122		true
n02638	6	0.3550	n00027 n05565		4		true
n02639	6	0.3550	n02953 n05375 n06374 n08106		63		true
n02640	6	0.3550	n03711 n06272	n00722	302		true
n02641	7	0.3550	n03888 n05337	n00622 n00893	123		true
n02642	6	0.3550	n02853 n05140 n07607	n00775	33		true
n02643	6	0.3508	n00613		69		true
n02644	2261	0.3500		n01347 n01613 n01644 n01814 n01877 n02882 n03036 n03230 n03258 n03367 n03448 n03560 n03636 n03688 n03787 n03837 n03863 n03949 n04235 n04256 n04267 n04339 n04396 n04418 n04558 n04815 n04823 n04850 n04854 n04864 n04891 n04898 n04961 n04962 n04993 n05011 n05083 n05139 n05166 n05282 n05293 n05318 n05399 n05438 n05442 n05481 n05536 n05597 n05615 n05641 n05644 n05699 n05751 n05804 n05811 n05821 n05843 n05908 n05915 n05927 n05953 n05987 n05990 n05996 n06038 n06071 n06109 n06131 n06226 n06249 n06251 n06296 n06313 n06397 n06420 n06430 n06446 n06457 n06540 n06542 n06597 n06606 n06623 n06627 n06635 n06639 n06683 n06726 n06737 n06742 n06745 n06756 n06763 n06769 n06772 n06773 n06774 n06788 n06798 n06813 n06833 n06834 n06850 n06882 n06987 n07004 n07011 n07019 n07043 n07062 n07118 n07119 n07157 n07164 n07183 n07190 n07238 n07241 n07244 n07269 n07282 n07291 n07321 n07366 n07413 n07421 n07435 n07436 n07478 n07515 n07558 n07581 n07588 n07635 n07640 n07645 n07698 n07700 n07710 n07727 n07738 n07752 n07778 n07826 n07830 n07837 n07861 n07890 n07915 n07941 n07943 n07990 n08027 n08032 n08040 n08042 n08076 n08139 n08142 n08161 n08209 n08219 n08236 n08269 n08310 n08322 n08326 n08358 n08386 n08409 n08417 n08425 n08436 n08459 n08472 n08473 n08515 n08517 n08534 n08536 n08548 n08556 n08575 n08576 n08600 n08608 n08663 n08675 n08683 n08698 n08709 n08730 n08743 n08756 n08772 n08788 n08797 n08800 n08813 n08844 n08876 n08890 n08940 n08965 n08988 n08989 n08995 n09006 n09064 n09076 n09090 n09132 n09182 n09186 n09192 n09202 n09213 n09222 n09236 n09259 n09288 n09293 n09302 n09306 n09317 n09318 n09325 n09327 n09331 n09340 n09341 n09346 n09363 n09396 n09402 n09408 n09413 n09455 n09459 n09474 n09477 n09480 n09490 n09496 n09498 n09499 n09506 n09508 n09516 n09523 n09524 n09528 n09552 n09555 n09568 n09589 n09593	9507		true
n02645	87	0.3500	n02396 n04007 n05391 n06663 n06963 n07694 n08191	n02202 n04111 n05196	1140		true
n02646	30	0.3500	n01741 n05668	n02297 n02743 n05444 n05742 n06549 n07173 n07530	442		true
n02647	22	0.3500	n03146 n03361 n04161 n05410	n01433 n04294	175		true
n02648	21	0.3500	n01939 n07030	n03015 n03043	254		true
n02649	19	0.3500	n01349	n03190	236		true
n02650	16	0.3500	n03690	n00233	40		true
n02651	17	0.3500	n03965 n05703	n01862 n02477 n03754	137		true
n02652	15	0.3500	n00097 n04643	n00927 n03194	220		true
n02653	13	0.3500	n04650 n08776	n04771	25		true
n02654	15	0.3500	n01418	n00030 n04142	111		true
n02655	13	0.3500	n04730	n01090 n01651	33		true
n02656	12	0.3500	n04175	n00711	121		true
n02657	13	0.3500	n01762 n07395	n00666	266		true
n02658	12	0.3500	n04664 n09084	n00147 n00348	85		true
n02659	13	0.3500	n04174 n05236 n06276 n07797	n03170 n03715	110		true
n02660	12	0.3500	n00349 n04138	n00824 n03838	33		true
n02661	10	0.3500	n02143 n08885	n00088 n00207	85		true
n02662	9	0.3500	n03712 n04685	n01719	151		true
n02663	9	0.3500	n01442 n04117 n06830	n00642	79		true
n02664	9	0.3500	n06344 n06663	n00675 n01808	54		true
n02665	8	0.3500	n03293 n03425 n04768 n05579	n00918	282		true
n02666	7	0.3500	n03882 n05940	n00430	65		true
n02667	8	0.3500	n03472 n05768 n06654 n09415	n00412 n01193	44		true
n02668	7	0.3500	n04668 n06663 n06963 n08191 n08776	n00361	384		true
n02669	7	0.3500	n03022 n08779		71		true
n02670	6	0.3500	n01835 n01865	n00919	30		true
n02671	6	0.3500	n02720 n05955 n07918		239		true
n02672	6	0.3467	n01711		134		true
n02673	23	0.3450	n04320 n05396 n05673	n02811 n03277 n05014	289		true
n02674	16	0.3450	n01814	n00141 n01683	190		true
n02675	14	0.3450	n02332 n05095	n01016 n05495 n06407	83		true
n02676	18	0.3450	n06064	n02384 n06586 n07613	172		true
n02677	13	0.3450	n08217 n08424	n01043 n01191	64		true
n02678	13	0.3450	n03504 n09162	n01627 n02152	245		true
n02679	12	0.3450	n00483 n01909	n01252 n01756 n02457	35		true
n02680	10	0.3450	n05029 n06113 n06323 n06324	n00329	112		true
n02681	11	0.3450	n05139 n06497 n07118 n09030	n00506 n01900	176		true
n02682	10	0.3450	n03557 n05033	n00326	56		true
n02683	11	0.3450	n03817 n07038 n09383	n02119	256		true
n02684	10	0.3450	n06592	n01657	96		true
n02685	10	0.3450	n01744 n06963	n01005	199		true
n02686	8	0.3450	n04253 n09399		299		true
n02687	8	0.3450	n05482	n00800	68		true
n02688	8	0.3450	n04898 n05481	n00648	59		true
n02689	7	0.3450	n02710 n04920 n05612 n05948 n09164	n00395	84		true
n02690	6	0.3450	n01037		496		true
n02691	6	0.3450	n03208 n08779		48		true
n02692	7	0.3434	n01302 n01818	n00338	308		true
n02693	8	0.3401	n01122	n00441 n00700	105		true
n02694	58	0.3400	n08201	n00515 n03016	221		true
n02695	37	0.3400	n03066 n04636 n06197 n06675 n07276	n01049 n02330 n02486 n06866 n09196	448		true
n02696	30	0.3400	n02461 n04565	n02777 n06108	139		true
n02697	30	0.3400	n03448 n05821	n03452 n04081 n05921	255		true
n02698	37	0.3400	n02164	n03916 n05582 n07048 n08745	825		true
n02699	24	0.3400	n04269 n05833 n07303	n01941 n03548 n07573	490		true
n02700	20	0.3400	n04166	n08414	121		true
n02701	17	0.3400	n03798	n00641 n03931	53		true
n02702	15	0.3400	n01181 n04803	n00150 n04296	194		true
n02703	16	0.3400	n00099	n00271 n03138	307		true
n02704	17	0.3400	n03232 n05083	n01594 n01781 n04102 n04762	194		true
n02705	14	0.3400	n04451	n01565 n08185	322		true
n02706	12	0.3400	n00481 n03928	n00115	101		true
n02707	13	0.3400	n04659 n06799 n07456	n01325 n02879 n05185	72		true
n02708	15	0.3400	n02782 n03546	n00947 n04952 n08152	83		true
n02709	12	0.3400	n00945 n02519 n04031	n01276 n02057	107		true
n02710	12	0.3400	n04534 n07437 n07938	n00857 n02689	307		true
n02711	11	0.3400	n05340 n07143 n07144	n00769 n01901	113		true
n02712	11	0.3400	n03415	n00439 n01471	85		true
n02713	10	0.3400	n01442 n04179	n00642	224		true
n02714	9	0.3400	n05359 n05588 n06075 n06323 n08034 n08339 n09011	n00329	88		true
n02715	9	0.3400	n04186 n04605 n06816 n07460 n09153	n00933	102		true
n02716	9	0.3400	n03614 n05141 n07567 n08054	n00559	81		true
n02717	8	0.3400	n04935 n08583 n09087	n00887	234		true
n02718	9	0.3400	n02074 n02872 n05776	n00400 n00456	189		true
n02719	8	0.3400	n04252 n06837 n09613	n00428	82		true
n02720	9	0.3400	n04485 n08185	n00998 n02671	291		true
n02721	7	0.3400	n01731 n02106 n04599 n05720 n06632 n07212 n09263	n00888	56		true
n02722	7	0.3400	n07582 n07584 n08191 n08779	n00303	145		true
n02723	7	0.3400	n02106		73		true
n02724	7	0.3400	n00103 n08163	n00407	11		true
n02725	7	0.3400	n04006 n04500 n05277 n06416 n06854 n08190 n08777	n00754	101		true
n02726	7	0.3400	n06716 n06728 n09345		41		true
n02727	7	0.3400	n02410		246		true
n02728	6	0.3400	n01714 n06167	n00460	113		true
n02729	7	0.3400	n03937 n04350	n00299	74		true
n02730	6	0.3400	n01638 n05269		262		true
n02731	6	0.3389	n00037	n00726	19		true
n02732	6	0.3387	n00352		13		true
n02733	6	0.3367	n05376 n06835		32		true
n02734	6	0.3367	n02112 n04198 n04356 n08072 n08164 n08507		45		true
n02735	66	0.3350	n01555 n05186	n04637 n05279 n05413 n07804 n08836 n08944	580		true
n02736	35	0.3350	n02542	n01278 n01439	485		true
n02737	29	0.3350	n04208	n00727 n08523 n08921	96		true
n02738	33	0.3350	n03011 n04012 n04109 n08779	n02621 n04222 n05784 n06060 n06300 n06887 n07229 n07252 n07266 n08443	567		true
n02739	23	0.3350	n04577	n03980 n05336 n06083 n06306	119		true
n02740	21	0.3350	n02355 n07317	n01924 n04593 n06077	124		true
n02741	22	0.3350	n06727	n05637 n06601 n09055	138		true
n02742	17	0.3350	n04446 n07362 n07742	n01190 n01578	335		true
n02743	18	0.3350	n02646 n06014 n06037	n01034 n03698	321		true
n02744	15	0.3350	n03273 n07276 n08867	n01119	100		true
n02745	16	0.3350	n01298 n05537 n05828	n01056 n07174	75		true
n02746	15	0.3350	n05700 n06031 n07341 n08268	n01104 n01653 n05148	152		true
n02747	17	0.3350	n03741 n03805 n05519	n01565 n05624 n06658	451		true
n02748	17	0.3350	n04286	n06161 n06948 n08187	353		true
n02749	15	0.3350	n02396 n03325 n08356	n02288 n05175	109		true
n02750	12	0.3350	n06509 n07933	n00051	180		true
n02751	15	0.3350	n07898 n09038	n01064 n02345	258		true
n02752	11	0.3350	n03154 n05850 n07124 n07174 n09029	n00429 n00853	50		true
n02753	11	0.3350	n05339 n07490	n00691 n02041	70		true
n02754	11	0.3350	n07957 n09330 n09596	n01721 n02761 n03058	108		true
n02755	8	0.3350	n00193	n00341	163		true
n02756	8	0.3350	n01301 n04291 n06612	n00359	74		true
n02757	9	0.3350	n04002 n05709	n01114	792		true
n02758	7	0.3350	n00013		44		true
n02759	7	0.3350	n06875 n07545 n07683 n08022 n09373		173		true
n02760	7	0.3350	n04050 n09406		211		true
n02761	7	0.3350	n02754 n05375 n05846 n05926		77		true
n02762	7	0.3350	n02072 n05618		72		true
n02763	7	0.3350	n05381 n05608 n05885 n08139		104		true
n02764	6	0.3350	n00841 n07234 n07706 n08631 n08839	n00657	442		true
n02765	6	0.3350	n01044 n06638		37		true
n02766	6	0.3350	n06329 n06610 n07600 n08651		59		true
n02767	6	0.3350	n03343		101		true
n02768	6	0.3350	n06919 n08438		58		true
n02769	6	0.3350	n08245 n09238		55		true
n02770	6	0.3350	n04618 n07309 n08190 n08191 n08779		124		true
n02771	11	0.3317	n03289 n04352 n05765 n06371 n07935	n02415	178		true
n02772	7	0.3317	n01765 n02398	n00470	59		true
n02773	7	0.3317	n06652 n08284	n00799	120		true
n02774	46	0.3300	n02926	n02353 n03550 n07967	329		true
n02775	37	0.3300	n02460 n06206	n01811 n02376	234		true
n02776	32	0.3300	n01347 n03680 n05403 n07727	n01075 n04572	241		true
n02777	26	0.3300	n01474 n02696 n08791	n00230 n04581	118		true
n02778	24	0.3300	n01813	n03165 n09009	169		true
n02779	25	0.3300	n00479 n00818	n02544 n03121	181		true
n02780	32	0.3300	n08779 n08861	n06485 n06821 n08961	250		true
n02781	20	0.3300	n06231 n08363	n01402 n03326 n06079	67		true
n02782	20	0.3300	n04022	n02708 n04130 n04131	102		true
n02783	25	0.3300	n04447	n01479 n03289 n04352 n08184 n08711	396		true
n02784	17	0.3300	n01688 n07388	n01136 n04098 n06140	209		true
n02785	14	0.3300	n02977	n01259 n01650	78		true
n02786	14	0.3300	n01940 n04384 n06777	n00380 n02054	174		true
n02787	14	0.3300	n06495 n06742 n07856 n08302	n01738 n04412	80		true
n02788	13	0.3300	n01692	n00766 n07670	44		true
n02789	12	0.3300	n02073	n01137 n01833	172		true
n02790	11	0.3300	n02317	n00050	148		true
n02791	11	0.3300	n03199 n04099 n05254 n07442	n00488 n01875	165		true
n02792	11	0.3300	n07190	n00750	90		true
n02793	11	0.3300	n04675 n05464	n01918 n01919	29		true
n02794	10	0.3300	n02574 n06866 n09196	n01094 n03391	107		true
n02795	9	0.3300	n05923 n06097 n06329 n07182 n07554	n00643	56		true
n02796	10	0.3300	n02848	n00602 n01756	38		true
n02797	8	0.3300	n02334 n05270	n00434	40		true
n02798	8	0.3300	n04842 n05503	n00793 n00872	39		true
n02799	8	0.3300	n01055 n06561 n09274		39		true
n02800	7	0.3300	n04933		57		true
n02801	7	0.3300	n07696 n08195		62		true
n02802	7	0.3300	n03293 n08522		295		true
n02803	6	0.3300	n03162 n06387	n00509 n00803	31		true
n02804	30	0.3250	n03009 n04157 n08778	n01536 n01885	306		true
n02805	34	0.3250	n04373 n06690	n04334 n06472 n08298 n08917	275		true
n02806	34	0.3250	n03145 n04706	n07375 n08874	165		true
n02807	41	0.3250	n08783	n05672 n06818 n08479	488		true
n02808	23	0.3250	n04976 n05516	n00575 n03800	269		true
n02809	22	0.3250	n04515 n08272 n08816	n00014 n00785	146		true
n02810	31	0.3250	n02888	n01887 n01977 n07898	324		true
n02811	19	0.3250	n02673 n07006 n08242	n01595 n05242 n05342	220		true
n02812	16	0.3250	n07291 n07292 n08777	n01511 n02496	150		true
n02813	16	0.3250	n01340	n00964 n01407	192		true
n02814	15	0.3250	n04226 n07884	n05503	94		true
n02815	13	0.3250	n01491 n02330 n04644 n08211 n08779	n01015	153		true
n02816	13	0.3250	n01389 n07929	n00315	70		true
n02817	13	0.3250	n01924 n07832 n08281	n01712	84		true
n02818	13	0.3250	n04338 n04803 n09095	n00150 n01831	437		true
n02819	12	0.3250	n01181 n04006 n04338	n00150	147		true
n02820	11	0.3250	n02127 n04275 n07393	n01584	84		true
n02821	10	0.3250	n03871 n09255	n00280	84		true
n02822	11	0.3250	n06332	n01366 n01702	203		true
n02823	12	0.3250	n00761 n09056	n02555	111		true
n02824	9	0.3250	n03654 n06875 n07683	n00852	186		true
n02825	9	0.3250	n04056 n04193 n05563	n00775	100		true
n02826	8	0.3250	n02410 n02547 n03761		136		true
n02827	8	0.3250	n04357 n04776 n09435	n00792 n00973	139		true
n02828	7	0.3250	n05096 n07788 n08064 n08109	n00462	23		true
n02829	7	0.3250	n01076 n07037 n08489		147		true
n02830	7	0.3250	n03243 n04557 n05570		55		true
n02831	7	0.3250	n01406 n06805 n08718	n00560	132		true
n02832	7	0.3250	n01304 n08059		75		true
n02833	9	0.3216	n00485 n08739	n00694	60		true
n02834	7	0.3216	n00235 n04184		72		true
n02835	56	0.3200	n05188 n06663 n06963	n04800 n05598 n07296	678		true
n02836	47	0.3200	n04860	n02485 n04074 n04428	226		true
n02837	34	0.3200	n01741 n05809 n07714	n03541 n04717 n04878 n06014	453		true
n02838	28	0.3200	n03067	n01238 n02205	136		true
n02839	29	0.3200	n04209 n07359	n02488 n05540 n05928	305		true
n02840	25	0.3200	n02970 n03917	n01065 n03865 n05259 n06334	98		true
n02841	23	0.3200	n03116	n02071 n02299	292		true
n02842	22	0.3200	n01689	n01843 n02987 n03189 n06633	197		true
n02843	18	0.3200	n04118 n04870 n07042 n07354	n00823 n03650	82		true
n02844	15	0.3200	n03680 n07864	n00486 n05376	60		true
n02845	15	0.3200	n02312 n02432	n01187 n01866	50		true
n02846	14	0.3200	n02357 n05568	n01184 n09440	133		true
n02847	17	0.3200	n05122 n07048	n02624 n05142	207		true
n02848	12	0.3200	n00483	n01221 n02796	38		true
n02849	12	0.3200	n04459 n05202	n00360 n02595	103		true
n02850	12	0.3200	n06528 n08885	n00495 n03672	166		true
n02851	14	0.3200	n06105	n04187	393		true
n02852	9	0.3200	n03465 n04101 n04108 n08016	n00126	63		true
n02853	10	0.3200	n09237	n00968 n02642	66		true
n02854	8	0.3200	n04060 n04628	n01170	214		true
n02855	8	0.3200	n03129 n04535 n07621		95		true
n02856	8	0.3200	n06136 n07787 n09235	n00831	187		true
n02857	8	0.3200	n03434 n04695	n00917	253		true
n02858	8	0.3200	n02266 n04193 n04351 n05611	n01131	85		true
n02859	8	0.3200	n03248 n03473 n07438	n00537 n00954	496		true
n02860	7	0.3200	n04498 n05386 n08728	n00411	73		true
n02861	8	0.3166	n00104 n04893 n06182 n06663 n07352 n08429		66		true
n02862	42	0.3150	n02273 n02925	n00608 n00943	149		true
n02863	35	0.3150	n06430 n07286	n02864 n08315	504		true
n02864	31	0.3150	n02863	n00961 n02921 n04064 n05110	465		true
n02865	20	0.3150	n03403 n04020 n04270 n08911	n01543 n04858	110		true
n02866	18	0.3150	n04166 n05695	n00978 n06086	98		true
n02867	15	0.3150	n01216 n08286	n00637 n04951 n05947	278		true
n02868	16	0.3150	n04715 n05099 n05862 n06478 n06709 n09069	n00902 n01979	292		true
n02869	18	0.3150	n03068 n04125 n06244	n00745 n05581 n06946	140		true
n02870	17	0.3150	n04080 n04986 n05225	n01726 n02992 n03050	163		true
n02871	14	0.3150	n05089	n01054	214		true
n02872	12	0.3150	n02050 n07000	n01268 n02718	217		true
n02873	13	0.3150	n01086	n00171 n01930	61		true
n02874	11	0.3150	n08626 n09372	n01382 n02022 n02424	402		true
n02875	10	0.3150	n02408 n06293 n06539	n00330	41		true
n02876	9	0.3150	n02549 n06375 n07973 n09208 n09597	n00248	160		true
n02877	8	0.3150	n01637 n04843	n00252 n00892	157		true
n02878	8	0.3150	n04104 n04693 n05045	n00812	174		true
n02879	9	0.3150	n02707 n07603	n00851	54		true
n02880	8	0.3150	n04740 n06513 n08684 n09238	n00671	74		true
n02881	7	0.3150	n02305 n06124 n06850		61		true
n02882	7	0.3150	n02137 n02644 n04108 n07274 n08189 n08777		108		true
n02883	7	0.3150	n04089		266		true
n02884	7	0.3150	n03666 n05653		110		true
n02885	7	0.3150	n04361 n04626 n05784 n06070 n07229		207		true
n02886	57	0.3100	n00897 n02137 n03728 n04006 n05277 n05659 n07276 n08189	n00975 n04466 n06681	465		true
n02887	44	0.3100	n04154	n02514 n03793	764		true
n02888	35	0.3100	n01229	n02543 n02810 n02973 n04324 n05100 n07899	332		true
n02889	30	0.3100	n03854	n03180 n05207	205		true
n02890	33	0.3100	n03011 n04012 n04109 n08779	n02621 n04222 n05784 n06060 n06300 n06887 n07229 n07252 n07266 n08443	567		true
n02891	26	0.3100	n04268	n06327 n07362 n07966	419		true
n02892	20	0.3100	n05524 n05666 n08203	n00141 n02978	201		true
n02893	24	0.3100	n06720	n02628 n03323 n03416	56		true
n02894	26	0.3100	n00517 n01156 n01215 n02400	n00820 n04403 n06530	436		true
n02895	21	0.3100	n05093 n08786	n04520	94		true
n02896	18	0.3100	n01743	n02157 n06304 n06827	216		true
n02897	17	0.3100	n01605	n00175 n00574	192		true
n02898	16	0.3100	n02070 n03360	n01122 n05792	162		true
n02899	16	0.3100	n03912 n06061	n01482 n01847	127		true
n02900	15	0.3100	n02207 n03037	n00106 n04777	97		true
n02901	13	0.3100	n04815 n05699 n07004	n00640	92		true
n02902	13	0.3100	n03365 n08306	n02088 n03664	128		true
n02903	12	0.3100	n05691 n07131 n08646	n02504 n03212 n03389	121		true
n02904	12	0.3100	n02944 n09066	n00846	133		true
n02905	12	0.3100	n03747 n08823 n08849	n00464 n00906	344		true
n02906	11	0.3100	n08776 n09007	n00205	94		true
n02907	10	0.3100	n03448 n03994	n01396 n02038	101		true
n02908	10	0.3100	n03043 n06343 n07504 n09253	n00639 n03909	173		true
n02909	10	0.3100	n04590 n04907	n02268	297		true
n02910	11	0.3100	n01085	n01151 n01370	206		true
n02911	10	0.3100	n02618 n04108 n08887 n09250	n01060 n01786	236		true
n02912	10	0.3100	n05029 n05543 n09270 n09582	n00329	98		true
n02913	9	0.3100	n04140 n04179 n04244	n00642	48		true
n02914	11	0.3100	n07551	n00640 n02503	73		true
n02915	8	0.3100	n01605 n04634 n05169 n08194	n00175	155		true
n02916	9	0.3100	n04410 n05759 n08642	n00940 n01736	173		true
n02917	8	0.3100	n08086 n08707 n09432	n00654	60		true
n02918	7	0.3100	n02337 n04051 n06622 n06843 n08162 n09387 n09586	n00778	75		true
n02919	8	0.3100	n01355 n05775 n06543	n01029	144		true
n02920	7	0.3100	n03703 n04622 n07720 n08544 n08922		574		true
n02921	7	0.3100	n02864 n03298 n08332	n00874	123		true
n02922	8	0.3100	n04854 n05481 n07421 n08995	n00648	83		true
n02923	7	0.3100	n01185	n00917	112		true
n02924	7	0.3065	n04063	n00871	42		true
n02925	65	0.3050	n01347 n03680	n02862 n04113 n05287 n05825	258		true
n02926	54	0.3050	n04781	n02774 n03684 n04322	341		true
n02927	39	0.3050	n03312	n05077 n07765	164		true
n02928	38	0.3050	n04010	n02091 n04767	117		true
n02929	32	0.3050	n05826	n00999 n06058	100		true
n02930	33	0.3050	n00516 n03962	n02068 n05199 n05853 n06222	155		true
n02931	29	0.3050	n03487 n06216	n00157 n01973	121		true
n02932	31	0.3050	n03264 n07288	n01537 n04579	93		true
n02933	30	0.3050	n03353	n01906 n03913	485		true
n02934	32	0.3050	n08262	n02401 n08426	567		true
n02935	22	0.3050	n02611 n05836	n01350 n01435	40		true
n02936	28	0.3050	n03962	n04084 n06719 n07583 n09012	246		true
n02937	22	0.3050	n08347 n08886	n02070 n02617 n03711	416		true
n02938	19	0.3050	n03406 n04322	n01723 n02301	209		true
n02939	19	0.3050	n01662	n04732	261		true
n02940	23	0.3050	n08380	n01299 n02548 n09566	278		true
n02941	18	0.3050	n05198	n00309 n03157	72		true
n02942	16	0.3050	n03070 n03794 n04988 n05688	n04095 n07180	525		true
n02943	15	0.3050	n04652 n08338	n00142	96		true
n02944	15	0.3050	n03319 n06255 n08356	n02904 n03098	151		true
n02945	15	0.3050	n02124 n08260 n08344	n01864 n03946	247		true
n02946	13	0.3050	n04989 n05006 n05845 n06046	n00078 n01345	191		true
n02947	12	0.3050	n06736 n09003	n00969 n01770	170		true
n02948	13	0.3050	n01779	n00280 n00668	152		true
n02949	10	0.3050	n04396 n07133 n07480	n01152	66		true
n02950	10	0.3050	n00610 n01677	n00583 n01412	158		true
n02951	10	0.3050	n05308 n06296 n06825 n06987 n07478	n00504 n00957	106		true
n02952	10	0.3050	n03870 n06565 n09046	n00950 n02474	189		true
n02953	11	0.3050	n03512	n01096 n02639 n03482	117		true
n02954	11	0.3050	n04549 n07185	n01750	63		true
n02955	9	0.3050	n04139 n08533 n09118 n09170	n01093	196		true
n02956	9	0.3050	n07105	n00737	272		true
n02957	9	0.3050	n05687 n08806 n09169	n01060	296		true
n02958	8	0.3050	n02215 n05936 n07539		95		true
n02959	9	0.3050	n04187	n00249	336		true
n02960	8	0.3050	n05781 n07688 n08094 n09006	n00560	94		true
n02961	8	0.3050	n04888 n05763 n07620		71		true
n02962	7	0.3050	n04496 n05916		73		true
n02963	7	0.3050	n03884 n04140 n04938 n09563	n00855	60		true
n02964	7	0.3050	n03150 n09543	n00566	121		true
n02965	7	0.3050	n01624 n03244 n08146		142		true
n02966	9	0.3026	n01390 n07695 n07905	n00540	49		true
n02967	8	0.3015	n01084 n03691 n04325 n04548 n08593	n00618	27		true
n02968	7	0.3015	n04310		50		true
n02969	43	0.3000	n03106	n02232 n03686 n04599 n05720 n07349	318		true
n02970	35	0.3000	n02138 n03790	n02840 n04579	119		true
n02971	26	0.3000	n01687	n02576 n05849	172		true
n02972	27	0.3000	n01811 n02376	n01759 n03046 n04292 n09337	114		true
n02973	31	0.3000	n02888	n01977 n04363 n07136	319		true
n02974	20	0.3000	n01705 n01761	n04150 n05003 n05146	184		true
n02975	24	0.3000	n02396 n05094 n07694	n02378 n04239	275		true
n02976	25	0.3000	n02137 n04006 n04108 n04500 n05659 n06416 n06963 n07275 n07694 n08190 n08191 n08776 n08778	n04724 n07125	751		true
n02977	17	0.3000	n03539 n06463	n01680 n02785	89		true
n02978	17	0.3000	n02892	n00523 n04609	141		true
n02979	20	0.3000	n01617	n05324	173		true
n02980	16	0.3000	n01316 n03690	n00233	17		true
n02981	17	0.3000	n06983 n07069	n01041	74		true
n02982	19	0.3000	n05079 n06729	n03986 n04697 n06116	307		true
n02983	16	0.3000	n01428 n04163	n00735 n04556	89		true
n02984	16	0.3000	n06070 n09081	n05153	506		true
n02985	13	0.3000	n04886 n06505	n00335 n00549	141		true
n02986	13	0.3000	n02377	n01925 n02452	230		true
n02987	14	0.3000	n02842 n04175	n00711 n03202	169		true
n02988	16	0.3000	n04276	n03191 n05171	139		true
n02989	12	0.3000	n04090 n05454 n07890 n08994	n02532	124		true
n02990	11	0.3000	n03552 n06312		268		true
n02991	10	0.3000	n04108 n04339 n07274 n08190 n08779	n01364	107		true
n02992	11	0.3000	n02870 n06081	n01061	127		true
n02993	10	0.3000	n02616 n04752 n07177 n08780	n01633 n01643	240		true
n02994	10	0.3000	n03019 n04088 n08005	n01344	178		true
n02995	10	0.3000	n01818	n00994 n03579	305		true
n02996	10	0.3000	n01979 n05473	n01293	238		true
n02997	9	0.3000	n03862 n08639	n00340	56		true
n02998	9	0.3000	n06575 n07404	n00245	74		true
n02999	9	0.3000	n06147 n06148 n06768 n07852	n02476	95		true
n03000	9	0.3000	n03367 n03695	n01282	41		true
n03001	8	0.3000	n01562		125		true
n03002	8	0.3000	n03184	n01009	162		true
n03003	8	0.3000	n00197		218		true
n03004	7	0.3000	n02367 n04697 n09406	n00476	146		true
n03005	7	0.3000	n03655 n07165 n09463	n00178	145		true
n03006	7	0.3000	n08436 n08529 n08576 n09302 n09455		46		true
n03007	7	0.3000	n02558 n07617 n08190	n00833	157		true
n03008	8	0.2979	n01980	n00092 n00358	176		true
n03009	62	0.2950	n02396 n04500	n02398 n02804 n08444 n08582	678		true
n03010	50	0.2950	n02430 n06202 n06663 n07694 n08191 n08780	n01082 n05143 n05514	460		true
n03011	40	0.2950	n04957 n05394	n02738 n02890 n06036 n07877 n07948 n08437	835		true
n03012	34	0.2950	n03144 n06677 n08189	n01427 n03858 n06087 n07908 n09522	237		true
n03013	31	0.2950	n02137 n04108 n04500 n06416 n06695 n07275 n08190 n08778	n05303 n08881	566		true
n03014	24	0.2950	n05817 n07715 n07803	n04024 n06503	366		true
n03015	17	0.2950	n02648	n05657 n06343	217		true
n03016	17	0.2950	n02694 n06469	n01890 n06349	109		true
n03017	19	0.2950	n02137 n07750 n08189 n08777 n08778	n04540 n06817	239		true
n03018	14	0.2950	n00445 n03798 n07316	n01472 n01592	28		true
n03019	14	0.2950	n05701 n09107	n02283 n02994	239		true
n03020	16	0.2950	n05709 n08362	n01360 n03770	831		true
n03021	12	0.2950	n01843	n02006 n02420	128		true
n03022	10	0.2950	n01798 n02240 n08603	n00584 n02669	81		true
n03023	11	0.2950	n03607 n06066	n00257 n00849	84		true
n03024	11	0.2950	n06855	n00736 n01460	162		true
n03025	9	0.2950	n05274	n00532	102		true
n03026	9	0.2950	n03867 n06963 n07552 n08777	n00556	100		true
n03027	10	0.2950	n04262 n07925	n00083 n02037	152		true
n03028	8	0.2950	n01454 n04104	n00812 n00856	159		true
n03029	7	0.2950	n04628 n05222 n07547		69		true
n03030	7	0.2950	n04303 n05961 n06932	n00939	51		true
n03031	7	0.2950	n04897 n05618 n09566		74		true
n03032	51	0.2900	n04367 n04634 n05189	n03225 n05400	676		true
n03033	33	0.2900	n05406 n08811	n02359 n04376	199		true
n03034	26	0.2900	n06011	n00743 n07408	140		true
n03035	27	0.2900	n06678 n07342	n03594 n03976	517		true
n03036	22	0.2900	n02644 n03969 n07277 n08779	n00378 n00684 n08108	117		true
n03037	22	0.2900	n04019	n02437 n02900	129		true
n03038	22	0.2900	n05538	n01693 n03184 n08670	458		true
n03039	22	0.2900	n04424 n08901	n01541 n04174 n06632 n07212	253		true
n03040	19	0.2900	n04028	n01577 n02582 n04181	295		true
n03041	21	0.2900	n06051	n05962 n07455 n08554	607		true
n03042	17	0.2900	n06236 n07079	n02558 n02588 n04106 n08039	226		true
n03043	15	0.2900	n02648 n05857 n07900 n09048	n02908 n03167 n05657	190		true
n03044	14	0.2900	n01049 n02486 n05847 n06466	n00698 n01711	222		true
n03045	14	0.2900	n06024	n01631 n05161	320		true
n03046	14	0.2900	n02972 n04380 n09017	n00510 n00783	63		true
n03047	14	0.2900	n03124 n07833 n09075	n02149	284		true
n03048	14	0.2900	n06086	n00035 n03162 n06387	94		true
n03049	13	0.2900	n04725 n05731 n08899 n08979 n09123	n05386	137		true
n03050	14	0.2900	n02870	n01264 n03474	150		true
n03051	11	0.2900	n03703 n04093	n01445 n02179	415		true
n03052	11	0.2900	n03504 n07450	n03132	161		true
n03053	10	0.2900	n02103 n05402 n09183	n01585 n02223	95		true
n03054	10	0.2900	n02442 n05887	n01163	111		true
n03055	9	0.2900	n04006 n04500 n08605	n00884	203		true
n03056	9	0.2900	n01351 n08200 n08227	n01313	45		true
n03057	9	0.2900	n03987 n04404 n04625 n08056	n02227	109		true
n03058	8	0.2900	n02754 n04654 n05362		91		true
n03059	8	0.2900	n04678 n05737 n06148 n08468		60		true
n03060	8	0.2900	n01241 n06915 n09219		364		true
n03061	7	0.2900	n03887 n04827		185		true
n03062	7	0.2900	n05647 n06544 n06614 n06963		270		true
n03063	7	0.2900	n01335 n08144	n00559	93		true
n03064	10	0.2866	n01217	n00229 n01386	65		true
n03065	9	0.2864	n03327 n07114	n01424	109		true
n03066	48	0.2850	n02137 n04108 n04500 n05659 n06416 n06963 n07274 n07275 n08778	n01859 n02695 n04216	521		true
n03067	31	0.2850	n02162 n06963 n06966 n06970 n08190	n02838 n07824	172		true
n03068	32	0.2850	n00926	n02869 n07800	375		true
n03069	26	0.2850	n01857 n02066	n02048 n06532	185		true
n03070	26	0.2850	n03967 n07749	n01232 n02942 n06043	611		true
n03071	20	0.2850	n05192 n07346	n00007 n00568	28		true
n03072	20	0.2850	n08791 n08889	n02547 n03761	172		true
n03073	19	0.2850	n00098	n01796 n05274 n05276	382		true
n03074	16	0.2850	n01940 n08337	n00380 n01052	179		true
n03075	16	0.2850	n05820 n06022 n06467 n07274 n07276	n00931 n01910	216		true
n03076	19	0.2850	n02137 n08243 n08777	n01301 n06815	454		true
n03077	15	0.2850	n04222 n06471 n07026 n08899	n01353 n04107	200		true
n03078	14	0.2850	n03273 n06055 n08396	n02363 n03633	96		true
n03079	15	0.2850	n06703 n06783 n06991	n01727	117		true
n03080	13	0.2850	n09133	n02305 n03131	113		true
n03081	13	0.2850	n05556 n07427 n07439 n07820 n07942	n00054	170		true
n03082	11	0.2850	n01842 n06473 n06680 n07823	n00660 n02455	117		true
n03083	11	0.2850	n01663 n08756	n00151	91		true
n03084	10	0.2850	n01002 n06532	n01327 n03219	97		true
n03085	12	0.2850	n04471	n02132 n03440	105		true
n03086	10	0.2850	n07714	n00644	76		true
n03087	11	0.2850	n04088	n01344	173		true
n03088	9	0.2850	n04402 n08052 n08570	n01130	219		true
n03089	9	0.2850	n04402	n01412	149		true
n03090	10	0.2850	n08681	n02039 n02085	38		true
n03091	9	0.2850	n05084 n06679 n08343 n08457	n01235	72		true
n03092	8	0.2850	n02380 n04137 n06902 n06933 n08026		70		true
n03093	9	0.2850	n03517 n06395 n07496	n00211	194		true
n03094	8	0.2850	n04359 n04704 n09442		262		true
n03095	8	0.2850	n07571 n08328		196		true
n03096	7	0.2850	n01561 n04848		59		true
n03097	7	0.2850	n03510 n08777 n09475	n00566	113		true
n03098	7	0.2850	n01545 n02944 n05486 n09318		102		true
n03099	7	0.2850	n01452 n03515 n04112 n07206	n00176	35		true
n03100	7	0.2850	n03340		187		true
n03101	7	0.2850	n05410 n06937 n07648	n00800 n00870	40		true
n03102	7	0.2850	n01185 n05623 n05952		104		true
n03103	7	0.2821	n00106	n00539	42		true
n03104	7	0.2814	n00711		86		true
n03105	44	0.2800	n01371 n05391 n05815 n08191	n00542 n04110	172		true
n03106	47	0.2800	n04424	n02969 n03110 n06687	346		true
n03107	40	0.2800	n05985	n01882 n04280 n08380	359		true
n03108	34	0.2800	n04783	n01706 n04123 n06741	171		true
n03109	31	0.2800	n00941	n00230 n06080	140		true
n03110	35	0.2800	n03106 n07731	n01428 n02354	191		true
n03111	36	0.2800	n05994 n08776	n00190 n00321 n09056	593		true
n03112	32	0.2800	n01522 n03143	n02611 n03809 n04852 n08002	90		true
n03113	38	0.2800	n05997 n06981	n01506 n04983 n06715 n08364 n08946	366		true
n03114	28	0.2800	n04508 n06207 n08191	n00189 n01000 n07863	413		true
n03115	25	0.2800	n01256 n04016	n03149 n03932 n06293	79		true
n03116	25	0.2800	n01992 n08776	n02841 n04953	308		true
n03117	23	0.2800	n04213 n04972	n01373	389		true
n03118	43	0.2800	n07313	n03796 n08153 n08897 n09560	788		true
n03119	21	0.2800	n04210 n05835 n06202	n01340 n01792	274		true
n03120	23	0.2800	n02355 n08777	n01960 n03609 n06660	136		true
n03121	17	0.2800	n01257 n01836 n02779	n01561 n04848	84		true
n03122	14	0.2800	n04220 n08310 n08352 n08788	n01375 n04305	208		true
n03123	15	0.2800	n03737 n07866	n00575 n07565	246		true
n03124	17	0.2800	n08328	n02303 n03047	414		true
n03125	12	0.2800	n05659 n05981 n07276 n07428	n00110	105		true
n03126	12	0.2800	n04270 n07012 n07014	n01059 n01202	105		true
n03127	13	0.2800	n03503 n06078 n07393 n08884	n01697 n02423 n05179	109		true
n03128	12	0.2800	n05340	n01166	121		true
n03129	12	0.2800	n04108 n04337 n06416 n08190	n00932 n02855	132		true
n03130	10	0.2800	n08633	n01007	126		true
n03131	8	0.2800	n03080 n09289	n00757 n01095	75		true
n03132	9	0.2800	n03052 n05365 n06625 n07684	n00723 n01450	148		true
n03133	8	0.2800	n02211 n04824 n08224	n00886	172		true
n03134	8	0.2800	n03237		40		true
n03135	8	0.2800	n05605 n07696 n08402	n00792	141		true
n03136	7	0.2800	n06926 n09476 n09587		76		true
n03137	7	0.2800	n03195 n05155 n07546 n08840	n00598	58		true
n03138	7	0.2800	n02703 n04060		105		true
n03139	7	0.2800	n05038 n08076 n08694 n09418 n09508		105		true
n03140	7	0.2764	n00991 n01982 n08695	n00437	89		true
n03141	7	0.2764	n01200	n00740	196		true
n03142	42	0.2750	n02271 n04504	n04113 n04659 n05738	154		true
n03143	34	0.2750	n02509 n06428	n01955 n03112	96		true
n03144	43	0.2750	n06972 n07276 n08776	n03012 n08845	357		true
n03145	47	0.2750	n02181 n03910	n02806 n04160 n08902 n08966	229		true
n03146	29	0.2750	n04207 n04865	n02647 n04282 n04603	191		true
n03147	25	0.2750	n03960	n00153 n00605 n02463	176		true
n03148	25	0.2750	n01811 n04786 n06217	n00786 n04380	186		true
n03149	23	0.2750	n03115	n01539 n01825	77		true
n03150	22	0.2750	n05659 n06963 n07274 n07275 n08190 n08777 n08778 n08878	n02029 n02964	256		true
n03151	24	0.2750	n00517 n01156 n01215 n02400	n01961 n03457 n07260	309		true
n03152	20	0.2750	n04327	n03198 n04457	164		true
n03153	21	0.2750	n01789 n05696 n07375	n02316 n08427	105		true
n03154	19	0.2750	n06738	n02015 n02752	251		true
n03155	20	0.2750	n00942 n01707	n01321 n01363 n04953 n05743	257		true
n03156	16	0.2750	n02049	n01034	307		true
n03157	14	0.2750	n02941	n00047 n01386	58		true
n03158	14	0.2750	n02098 n08880	n01514 n02191	91		true
n03159	13	0.2750	n06503	n06928	257		true
n03160	10	0.2750	n04397 n05564 n06578	n00157	80		true
n03161	10	0.2750	n04473 n07564 n09161	n01254	281		true
n03162	9	0.2750	n03048	n02803	39		true
n03163	9	0.2750	n02518 n04385 n05852 n08503 n09194		59		true
n03164	9	0.2750	n07052 n08562	n00506	64		true
n03165	9	0.2750	n02778 n09185	n00582	60		true
n03166	8	0.2750	n04934 n08778	n00891	91		true
n03167	9	0.2750	n03043 n05648 n08885 n09124	n00331	149		true
n03168	7	0.2750	n01159 n05504	n00702	384		true
n03169	7	0.2750	n05050 n06121 n06122	n00937	36		true
n03170	7	0.2750	n02659 n07236		59		true
n03171	7	0.2750	n05174 n07556 n07649 n07930		53		true
n03172	7	0.2750	n05174 n08513		37		true
n03173	7	0.2750	n04945 n05791 n07521 n07610 n07894		61		true
n03174	8	0.2750	n05179 n06661	n00507	69		true
n03175	8	0.2727	n01391 n08190	n00134	82		true
n03176	51	0.2700	n03490 n05064	n02163 n07354 n07410 n08133	179		true
n03177	34	0.2700	n01601	n00005 n02100	50		true
n03178	52	0.2700	n03636	n06682	389		true
n03179	36	0.2700	n02480 n04637	n01590 n04442 n07391	320		true
n03180	28	0.2700	n02889	n02070 n03360	203		true
n03181	21	0.2700	n01347	n00036 n00518	107		true
n03182	20	0.2700	n06451 n08858	n02277 n03363 n06277	961		true
n03183	18	0.2700	n05683	n01607 n03997	275		true
n03184	18	0.2700	n03038 n06221 n07836	n01248 n02493 n03002	380		true
n03185	18	0.2700	n05294 n05534 n07818	n03371 n06345	219		true
n03186	16	0.2700	n02573 n04032	n01108 n02186	65		true
n03187	17	0.2700	n03274 n05087 n07355 n08255 n08905	n01542 n02587	290		true
n03188	15	0.2700	n04651 n07694	n00067 n00553	485		true
n03189	16	0.2700	n02842	n00711 n02006	178		true
n03190	17	0.2700	n02649	n01137 n05633 n06393	231		true
n03191	14	0.2700	n02988 n03510	n00748 n04941	125		true
n03192	20	0.2700	n01708 n02490	n04088	257		true
n03193	13	0.2700	n05721 n06033 n06711	n01893 n02563	145		true
n03194	11	0.2700	n02652 n06963	n01071	189		true
n03195	12	0.2700	n01335 n04035 n08484 n08825 n09149	n01611 n03137	160		true
n03196	11	0.2700	n05206 n07087	n00893 n01379	41		true
n03197	11	0.2700	n04005	n01207 n02600	98		true
n03198	11	0.2700	n03152 n04595 n08173	n00966	131		true
n03199	15	0.2700	n02137 n06569 n07274	n02218 n02416 n02791	204		true
n03200	10	0.2700	n04468	n00844	331		true
n03201	10	0.2700	n03990 n09060	n00719	131		true
n03202	10	0.2700	n02987 n06670	n02420	129		true
n03203	11	0.2700	n05272 n07805	n00289 n00832	134		true
n03204	10	0.2700	n05735 n08776	n00910	41		true
n03205	9	0.2700	n08606	n01027	90		true
n03206	10	0.2700	n03930 n09101	n01121	70		true
n03207	9	0.2700	n06888 n08677 n09159	n00738	132		true
n03208	9	0.2700	n01406 n07688	n00560 n02691	142		true
n03209	9	0.2700	n05162 n05609 n08677 n09585	n00624 n00738	145		true
n03210	8	0.2700	n02508 n04298		187		true
n03211	8	0.2700	n04612 n05060 n05344 n05659	n01039	100		true
n03212	8	0.2700	n02903 n04346 n04677	n00304 n00623	98		true
n03213	9	0.2700	n02137 n04108 n04500 n05277 n05659 n06416 n06963 n07274 n07275 n07276 n08190 n08776 n08777 n08778	n00969 n02328	203		true
n03214	7	0.2700	n05260	n00752	110		true
n03215	8	0.2700	n02173	n00876	212		true
n03216	7	0.2690	n00451 n07556		135		true
n03217	7	0.2690	n00990 n08150		93		true
n03218	9	0.2677	n00988 n03966 n04875 n05232		59		true
n03219	7	0.2677	n02080 n03084 n06193 n06950		74		true
n03220	9	0.2674	n00025	n01297	52		true
n03221	7	0.2663	n06799 n07485		50		true
n03222	96	0.2650	n02396 n04704 n06963 n07277	n01371 n04009 n05815 n06699	544		true
n03223	49	0.2650	n02272 n07694	n01462 n05072	332		true
n03224	44	0.2650	n04068 n05067 n07306	n03590	619		true
n03225	40	0.2650	n03032 n06678	n04072 n04269 n04800	590		true
n03226	22	0.2650	n00780 n03538 n08855	n00760 n04530	74		true
n03227	26	0.2650	n03314 n06963	n01319 n07874	195		true
n03228	22	0.2650	n06028 n07277 n08779	n02206 n08108 n08546	181		true
n03229	19	0.2650	n01238 n05659	n01281 n04453	93		true
n03230	18	0.2650	n02644 n06688	n00664 n03426 n03699	624		true
n03231	19	0.2650	n04722 n07331 n07365 n08778	n01484 n02539 n05243	371		true
n03232	20	0.2650	n08851	n02279 n02704 n06170	232		true
n03233	20	0.2650	n04083 n04278	n02215 n02535 n03890 n04295	173		true
n03234	17	0.2650	n03918 n06721	n00988 n05590	106		true
n03235	15	0.2650	n04168	n01004 n05619	78		true
n03236	16	0.2650	n03732 n05672 n06258	n02221 n05765	264		true
n03237	13	0.2650	n08398 n09103	n00486 n03134	53		true
n03238	11	0.2650	n00707 n03362	n00454 n02086	137		true
n03239	12	0.2650	n00987	n00732 n01127	249		true
n03240	11	0.2650	n03455 n07932 n09150	n00275	32		true
n03241	11	0.2650	n01676	n00896 n02036	102		true
n03242	12	0.2650	n03329	n00867 n00913	84		true
n03243	11	0.2650	n06106 n08531	n01277 n02830	271		true
n03244	11	0.2650	n05007 n07103 n08190 n08778	n01018 n02965	530		true
n03245	10	0.2650	n05587 n06496	n00565 n00649	71		true
n03246	11	0.2650	n07073	n01094 n01699	198		true
n03247	10	0.2650	n03701 n05608	n01854 n03578	131		true
n03248	12	0.2650	n02396 n06547	n02197 n02859	606		true
n03249	9	0.2650	n04995 n05754 n07596	n00668	164		true
n03250	11	0.2650	n07163	n01061 n01828	188		true
n03251	9	0.2650	n03290 n04332 n05804 n06296 n06692	n00504 n01387	63		true
n03252	8	0.2650	n01477 n03924	n00503	66		true
n03253	8	0.2650	n04103 n06585 n08201	n00758	81		true
n03254	9	0.2650	n04078	n00173 n00817	102		true
n03255	8	0.2650	n01866 n05914	n00297	23		true
n03256	7	0.2650	n07662 n09248 n09416		59		true
n03257	7	0.2650	n08622	n00958	165		true
n03258	7	0.2650	n02644		64		true
n03259	9	0.2640	n00271	n00408	111		true
n03260	8	0.2613	n01845 n03431 n05062	n00362	39		true
n03261	53	0.2600	n06665	n03262 n04372 n05799 n06717	631		true
n03262	43	0.2600	n03261	n03289 n03417 n05974 n06258 n06479 n06818 n07424 n07834 n07935 n08048 n08406 n08479 n08525 n09544	504		true
n03263	39	0.2600	n04368 n07729	n01777 n06006 n08963	446		true
n03264	36	0.2600	n02138	n02932 n05259 n06334	107		true
n03265	33	0.2600	n04430 n04709	n00190 n08112	533		true
n03266	30	0.2600	n04112 n04423	n02046 n04873	229		true
n03267	43	0.2600	n03636 n08777	n03864 n06218	317		true
n03268	32	0.2600	n04374	n02465 n03938 n04116	318		true
n03269	32	0.2600	n05824 n06442	n04735 n06725 n07963 n08156	463		true
n03270	31	0.2600	n03313 n08189 n08776 n08777	n05310 n07636 n07958 n09326	277		true
n03271	22	0.2600	n02399 n04575	n01182 n01947	191		true
n03272	20	0.2600	n05304 n06733	n04829 n07910	208		true
n03273	19	0.2600	n01272 n06246	n02744 n03078	136		true
n03274	20	0.2600	n04108 n08887	n03187 n07271	309		true
n03275	18	0.2600	n02545	n01432 n05757	421		true
n03276	19	0.2600	n02515 n08912	n03827 n04741 n05745 n06121	59		true
n03277	20	0.2600	n02673 n06432	n03984 n05242 n06307	257		true
n03278	17	0.2600	n06748 n07380	n01124 n05261	212		true
n03279	19	0.2600	n03546	n03296 n04130 n04475	82		true
n03280	18	0.2600	n06092 n07274 n08777	n01764 n05496 n05773 n08609	88		true
n03281	19	0.2600	n03917 n07288	n01478 n06334 n08644	56		true
n03282	14	0.2600	n03745 n04999	n01168 n03292	79		true
n03283	13	0.2600	n07974 n08189 n08777	n04488	134		true
n03284	14	0.2600	n02259 n06810	n00313	94		true
n03285	13	0.2600	n00307 n01101	n00765 n03392	259		true
n03286	14	0.2600	n07420	n01641 n02286	115		true
n03287	13	0.2600	n06309 n07433	n01965 n02557	93		true
n03288	12	0.2600	n04815 n07435	n00640	83		true
n03289	16	0.2600	n02783 n03262 n03732	n02026 n02771	214		true
n03290	14	0.2600	n05308 n05569	n03251 n04560	133		true
n03291	11	0.2600	n01837 n04826	n00049	89		true
n03292	11	0.2600	n03282	n00261	59		true
n03293	13	0.2600	n04902 n06527 n08967 n09154	n02665 n02802 n05646	463		true
n03294	11	0.2600	n07564	n01254 n03630	295		true
n03295	11	0.2600	n01347 n03680	n00117	51		true
n03296	10	0.2600	n01421 n03279 n07888 n09052	n01162 n02085	58		true
n03297	10	0.2600	n04959 n06663	n00215	164		true
n03298	10	0.2600	n00448 n01793 n08321	n01488 n02921	211		true
n03299	10	0.2600	n04144 n09165	n01093	231		true
n03300	10	0.2600	n04351 n08978	n01131 n01986	150		true
n03301	9	0.2600	n01084 n03691 n04470 n04548 n04753		80		true
n03302	9	0.2600	n02396 n04108 n04500 n04704 n06663 n06963 n07694 n08190 n08191 n08778 n08779	n00390	81		true
n03303	9	0.2600	n03758	n00675 n00913	60		true
n03304	8	0.2600	n04410 n05624	n01415	196		true
n03305	8	0.2600	n05895 n08746 n09272		191		true
n03306	7	0.2600	n04150 n05003 n09501		65		true
n03307	7	0.2600	n03941		33		true
n03308	7	0.2600	n03614 n04929		78		true
n03309	7	0.2593	n00710	n00773	35		true
n03310	10	0.2576	n01085 n02510 n07728	n00293	152		true
n03311	77	0.2550	n04006 n04500 n05277	n04067 n06259 n06388 n06787 n08687	1157		true
n03312	47	0.2550	n04860	n00403 n02610 n02927	172		true
n03313	40	0.2550	n04509	n02275 n03270 n03526	434		true
n03314	30	0.2550	n05289	n02331 n03227	207		true
n03315	30	0.2550	n00001 n00096 n00444	n03332 n03546 n05103 n05182 n06044 n06872 n07075 n07879 n07888 n08036 n08401 n09277	112		true
n03316	30	0.2550	n04317	n06230	238		true
n03317	24	0.2550	n04571 n07316	n03689 n05601	47		true
n03318	20	0.2550	n05854	n01507 n03926	275		true
n03319	20	0.2550	n05186 n05277 n05682	n02944 n04183 n04737 n04845 n06956	183		true
n03320	18	0.2550	n04985	n01436 n08564	127		true
n03321	16	0.2550	n02137 n04500 n04869 n06963 n08849	n01623 n02239 n02387	201		true
n03322	18	0.2550	n01838	n01999 n04474 n04852	95		true
n03323	17	0.2550	n02893 n06027	n02040 n02236	47		true
n03324	17	0.2550	n04078 n04227 n06016 n07817	n00455 n03816	275		true
n03325	17	0.2550	n05428	n02749 n03395	121		true
n03326	15	0.2550	n02781 n08376	n00367 n05271	63		true
n03327	15	0.2550	n03453	n01512 n01629 n03065 n05055	149		true
n03328	16	0.2550	n01490	n07184	104		true
n03329	14	0.2550	n01118 n04168	n01805 n03242	93		true
n03330	16	0.2550	n00544	n09558	125		true
n03331	15	0.2550	n01335 n07873	n01166 n06616	152		true
n03332	13	0.2550	n01117 n03315 n05531 n06235	n00274	46		true
n03333	12	0.2550	n07317 n07499 n08343	n01235 n02084	117		true
n03334	11	0.2550	n08472	n00750 n00869	93		true
n03335	10	0.2550	n07146 n08536	n00883	24		true
n03336	10	0.2550	n04812 n05909 n09272	n00081	219		true
n03337	11	0.2550	n04898 n07609	n00648 n01599	127		true
n03338	9	0.2550	n08027	n00496	80		true
n03339	9	0.2550	n04636 n06347 n06443 n07872 n08801 n08823 n08849	n01129	117		true
n03340	10	0.2550	n02137 n04006 n04500 n05277 n05659 n07274 n07275 n07276 n08189 n08190	n00164 n03100	235		true
n03341	9	0.2550	n05560 n09583	n00289	137		true
n03342	10	0.2550	n01880 n02185 n09221 n09378	n02010	170		true
n03343	10	0.2550	n06353 n06876 n07871 n08408	n00950 n02767	152		true
n03344	8	0.2550	n01316 n04837	n01755	8		true
n03345	8	0.2550	n02188		57		true
n03346	8	0.2550	n04688 n04814 n05593 n09151 n09527	n00131	68		true
n03347	8	0.2550	n01107 n07584	n00303	90		true
n03348	7	0.2550	n02587 n05780 n07271		109		true
n03349	7	0.2550	n06174 n07152 n07685	n00300	60		true
n03350	7	0.2550	n09312		73		true
n03351	8	0.2526	n03877	n00398	92		true
n03352	67	0.2500	n03787 n07274 n08779	n03911 n04068 n07306 n08321 n08518	844		true
n03353	40	0.2500	n04500 n06963	n01659 n02933	485		true
n03354	46	0.2500	n01673	n03493 n04736 n05422 n07063 n08892	237		true
n03355	37	0.2500	n05405 n06676	n01557	662		true
n03356	36	0.2500	n05515	n01674 n03358	185		true
n03357	31	0.2500	n05194	n00573 n05477	211		true
n03358	30	0.2500	n03356	n04019 n05209	158		true
n03359	31	0.2500	n06004	n03593 n05153	516		true
n03360	25	0.2500	n03180	n02898 n03973 n08610	186		true
n03361	29	0.2500	n06707	n02647 n04736 n07063	188		true
n03362	23	0.2500	n03688	n01230 n03238 n04341 n04816 n06093 n08501	301		true
n03363	17	0.2500	n03182 n06456	n01262 n06098	219		true
n03364	18	0.2500	n02137 n04006 n04108 n04500 n05277 n05659 n06416 n06963 n07275 n08190 n08776 n08778	n01390	160		true
n03365	17	0.2500	n05700	n01104 n02902	182		true
n03366	14	0.2500	n06785 n08779	n01465	212		true
n03367	15	0.2500	n02137 n02644 n07274 n08777	n00989 n03000	61		true
n03368	13	0.2500	n06277 n06804	n01262 n01987	961		true
n03369	12	0.2500	n01590 n05717 n07823	n00552 n02455	127		true
n03370	14	0.2500	n04500 n05277	n07624	111		true
n03371	11	0.2500	n03185 n05011 n07118 n07885	n01900	174		true
n03372	13	0.2500	n01403 n05348 n05674	n00808 n02160 n02451	99		true
n03373	11	0.2500	n06563 n09140	n00643	69		true
n03374	11	0.2500	n05000 n05130 n07498 n08432	n00738	127		true
n03375	11	0.2500	n01709	n01025 n02597	110		true
n03376	10	0.2500		n00122	119		true
n03377	10	0.2500	n05923 n07485 n09351	n00643	83		true
n03378	11	0.2500	n00988	n01485	98		true
n03379	10	0.2500	n05607 n06856 n09239	n00958 n01028	115		true
n03380	9	0.2500	n02409	n00561	283		true
n03381	9	0.2500	n02030 n04841	n02224	78		true
n03382	9	0.2500	n02520 n06769 n07011	n01246	79		true
n03383	8	0.2500	n01848 n07338	n00646	83		true
n03384	10	0.2500	n03422 n04663 n07836 n09285	n00772 n01009	99		true
n03385	8	0.2500	n04054 n07287 n08362	n00802	764		true
n03386	7	0.2500	n01300 n04665 n04735 n04838 n08588		38		true
n03387	7	0.2500	n07043 n09317		37		true
n03388	7	0.2500	n02321 n07470	n00720	31		true
n03389	7	0.2500	n02903 n04346 n08158 n08585 n09186	n00304	92		true
n03390	7	0.2500	n07175 n07684 n09162	n00723	147		true
n03391	7	0.2500	n02794 n06966	n00698	91		true
n03392	7	0.2500	n03285 n06523		157		true
n03393	7	0.2500	n05185		61		true
n03394	7	0.2500	n06829 n08661		1022		true
n03395	7	0.2500	n03325 n04348 n08189	n00558	37		true
n03396	7	0.2500	n08296		38		true
n03397	7	0.2500	n04825 n06904 n06936 n07455 n09138		521		true
n03398	7	0.2500	n05885 n08084 n08698 n08859 n09202	n00339	74		true
n03399	9	0.2483	n00026	n00185	57		true
n03400	8	0.2475	n01792	n00391	132		true
n03401	88	0.2450	n01347 n03680	n00000 n05636 n06223 n09348 n09427	304		true
n03402	55	0.2450	n03487 n05664	n01812 n06994	391		true
n03403	33	0.2450	n04429 n08194	n00011 n02492 n02865	207		true
n03404	30	0.2450	n07003	n01640 n01813	243		true
n03405	31	0.2450	n02137 n04006 n04108 n04500 n05659 n06416 n06963 n07275 n08190 n08776 n08778	n04724 n06891 n07107	773		true
n03406	23	0.2450	n01645	n02938	236		true
n03407	27	0.2450	n04639 n06005	n02030 n05420 n06535 n07150	179		true
n03408	21	0.2450	n05528 n05832 n08880	n01923	306		true
n03409	27	0.2450	n01506	n02465 n04563 n05718 n09135	266		true
n03410	22	0.2450	n02121 n06973	n04279	237		true
n03411	23	0.2450	n04271	n01311 n01361 n02622 n07998	750		true
n03412	23	0.2450	n08323	n03454 n04404 n05105	212		true
n03413	23	0.2450	n08288	n03602 n05353 n07473	88		true
n03414	19	0.2450	n05417 n07004	n05343 n07551	127		true
n03415	17	0.2450	n06752 n07024	n02712 n06557	160		true
n03416	17	0.2450	n02893 n05521	n01510 n02236	51		true
n03417	19	0.2450	n03262 n04447 n05863	n01724 n04146 n08184 n08711	371		true
n03418	20	0.2450	n05399 n07274	n04839 n05054 n05875	163		true
n03419	15	0.2450	n05319 n06671 n07369	n00064 n00153	46		true
n03420	14	0.2450	n01317 n05866	n01042	80		true
n03421	14	0.2450	n03597 n07852 n07913	n01250 n03677	93		true
n03422	14	0.2450	n02514 n04514 n05431 n06500 n06979	n00807 n03384	199		true
n03423	13	0.2450	n06522	n00198	96		true
n03424	14	0.2450	n04121 n07695	n01242 n05648	225		true
n03425	12	0.2450	n03604 n07901 n08522	n01303 n02665	319		true
n03426	12	0.2450	n03230	n01871	607		true
n03427	13	0.2450	n09082 n09124	n01242 n02637	280		true
n03428	11	0.2450	n04529 n04908 n08335	n01140	93		true
n03429	12	0.2450	n01538 n02579 n08948	n01108	39		true
n03430	11	0.2450	n02379 n06316	n00340 n01655	213		true
n03431	12	0.2450	n05576 n05694	n01950 n03260	51		true
n03432	10	0.2450	n01230 n04816 n06093	n00592	229		true
n03433	13	0.2450	n03873 n05805 n07155 n08502	n00991 n01771	116		true
n03434	11	0.2450	n01034	n01414 n02857	271		true
n03435	10	0.2450	n07018	n02115	280		true
n03436	9	0.2450	n03989 n05944	n00328	124		true
n03437	9	0.2450	n04648 n06345 n07348 n08514	n00078	172		true
n03438	9	0.2450	n05585 n07447 n07721 n09097 n09136	n00983	66		true
n03439	8	0.2450	n05615 n09267 n09418	n00499	93		true
n03440	8	0.2450	n02443 n03085 n07593		51		true
n03441	7	0.2450	n04061 n04488 n05659 n06124	n00890	81		true
n03442	8	0.2450	n04765 n06179 n06654	n01193	52		true
n03443	7	0.2450	n07528 n08647		79		true
n03444	7	0.2450	n04256 n05048	n00754	83		true
n03445	7	0.2450	n04108 n08190		169		true
n03446	7	0.2450	n02339 n05134 n06189 n07426		62		true
n03447	7	0.2412	n01592 n03931 n04454	n00264	15		true
n03448	33	0.2400	n02644 n05290 n07292	n02257 n02697 n02907	276		true
n03449	28	0.2400	n02432	n01866 n08369	111		true
n03450	30	0.2400	n01347 n03680	n01317 n06051	621		true
n03451	23	0.2400	n00780 n03538 n06989	n00194 n02315	90		true
n03452	22	0.2400	n02697 n07274 n07710	n00762 n04335	160		true
n03453	19	0.2400	n06795	n01817 n03327 n06411	177		true
n03454	22	0.2400	n03412	n02004 n06953 n07986	210		true
n03455	16	0.2400	n05843 n06251	n03240 n03658	48		true
n03456	20	0.2400	n02094 n04275	n01584 n05178 n05761 n06657 n08089 n09365	272		true
n03457	17	0.2400	n03151	n01581 n01637	219		true
n03458	14	0.2400	n01791 n01858 n07279	n00025	132		true
n03459	13	0.2400	n00633 n04650	n00027	29		true
n03460	16	0.2400	n04648 n09098	n05172 n09418	257		true
n03461	15	0.2400	n01100	n01493 n03907 n09410	405		true
n03462	13	0.2400	n05525 n06754 n08436	n01233	134		true
n03463	13	0.2400	n01033 n06120	n01141 n01747	314		true
n03464	13	0.2400	n00004	n00994 n01302	321		true
n03465	14	0.2400	n08015	n00883 n02852	82		true
n03466	15	0.2400	n03646 n05532	n02560 n04200	135		true
n03467	12	0.2400	n01676 n04283 n07895	n00452	117		true
n03468	11	0.2400	n01230	n00592	134		true
n03469	12	0.2400	n05239	n00328 n00933	165		true
n03470	12	0.2400	n04398 n08909	n00493 n01163	104		true
n03471	10	0.2400	n05922 n06566 n07081 n08988	n02324 n02391	71		true
n03472	11	0.2400	n05897 n07867	n01236 n02667	62		true
n03473	11	0.2400	n05245 n06789 n07080 n07170	n01142 n02859	676		true
n03474	9	0.2400	n03050 n04761 n06166 n09163	n01061 n02599	108		true
n03475	9	0.2400	n02444	n00209	249		true
n03476	9	0.2400	n04097 n04738 n06325 n09063	n01153	165		true
n03477	8	0.2400	n04924 n06302		271		true
n03478	8	0.2400	n02523 n07470 n08376	n00367	32		true
n03479	8	0.2400	n05483 n05715 n07545		181		true
n03480	9	0.2400	n04858 n08062	n01059	75		true
n03481	7	0.2400	n04108 n07694 n08190	n00869	49		true
n03482	7	0.2400	n02953 n05375 n06374 n08766		61		true
n03483	7	0.2400	n04766 n08383		25		true
n03484	7	0.2398	n01433 n05482		113		true
n03485	9	0.2386	n01512 n01629	n01424	102		true
n03486	7	0.2364	n00025		81		true
n03487	131	0.2350	n04202	n02459 n02931 n03402 n03754 n04955 n05137 n06053 n07446	701		true
n03488	60	0.2350	n04204 n08189	n02615 n04069 n06043 n06475 n08232	727		true
n03489	52	0.2350	n00443 n01556	n02481 n04965	179		true
n03490	60	0.2350	n06971	n03176 n04870	272		true
n03491	49	0.2350	n05984 n06200	n01181 n01705 n01761	623		true
n03492	39	0.2350	n05191 n05812	n00234 n01706	376		true
n03493	34	0.2350	n03354	n00315 n00946 n02136 n03693 n05656	193		true
n03494	37	0.2350	n01883	n01939 n01993 n04121	368		true
n03495	31	0.2350	n06437 n08192 n08204	n03801 n04727 n06392 n07040 n08929	404		true
n03496	23	0.2350	n05277 n05836	n01350 n03565	46		true
n03497	23	0.2350	n01835 n03849 n05064	n00445	57		true
n03498	40	0.2350	n02202 n08779	n04222 n06060 n06300 n07384 n07989 n08443	620		true
n03499	26	0.2350	n03541 n04717 n04878	n03698 n05327 n06642 n06884 n08676 n09617 n09618	272		true
n03500	26	0.2350	n01661	n01100	477		true
n03501	18	0.2350	n05812	n05456 n08742	660		true
n03502	16	0.2350	n03681 n04008 n06771 n07274	n00104	144		true
n03503	18	0.2350	n05306 n05544 n07716	n02281 n03127 n03551	196		true
n03504	17	0.2350	n03543 n05416 n05552 n08894 n08951	n02678 n03052 n07586	268		true
n03505	17	0.2350	n04723	n03993 n09252	300		true
n03506	20	0.2350	n06445 n07029 n08218	n01512 n01629 n03762 n08074 n09336	302		true
n03507	16	0.2350	n04583	n00993 n02178	836		true
n03508	19	0.2350	n05090 n05863	n01479 n04747 n05977 n08184 n08711	384		true
n03509	19	0.2350	n01839	n01188 n07531	97		true
n03510	18	0.2350	n02137	n03097 n03191	205		true
n03511	15	0.2350	n04017 n09085	n01765 n02107 n04830	142		true
n03512	19	0.2350	n06821	n02953 n08766 n09596	173		true
n03513	13	0.2350	n01021	n01183	21		true
n03514	14	0.2350	n06517 n07395	n00666 n05383	266		true
n03515	12	0.2350	n01975 n08325	n03099	62		true
n03516	13	0.2350	n04805 n07909	n00843 n01870	107		true
n03517	12	0.2350	n08458	n00905 n03093	196		true
n03518	13	0.2350	n04525	n00220 n00317	38		true
n03519	11	0.2350	n02137 n04108 n07274 n08189 n08777	n00068	79		true
n03520	11	0.2350	n04736 n07093 n09027	n00202	68		true
n03521	12	0.2350	n05573	n02177	296		true
n03522	10	0.2350	n06835 n09068	n00641	48		true
n03523	9	0.2350	n03819 n04399 n09260	n00288	29		true
n03524	9	0.2350	n04538 n06952	n00669 n02458	180		true
n03525	10	0.2350	n02277 n09204	n01987 n02601	961		true
n03526	9	0.2350	n03313 n07561 n09152 n09212	n00131	160		true
n03527	8	0.2350	n04537 n05364 n06108	n00866	53		true
n03528	8	0.2350	n06362		106		true
n03529	8	0.2350	n03813 n05466 n06364 n06603		137		true
n03530	8	0.2350	n07561 n08820	n00131 n00891	74		true
n03531	7	0.2350	n01513 n04552		76		true
n03532	8	0.2350	n06061 n06863 n07268 n07823	n01047	67		true
n03533	9	0.2312	n09603	n01784	84		true
n03534	114	0.2300	n03730	n02231 n02526 n04502 n05768 n08052 n08396 n08701 n08803	1154		true
n03535	41	0.2300	n02203	n02065	255		true
n03536	48	0.2300	n04108 n05816	n05402 n08255	645		true
n03537	33	0.2300	n04785 n08189 n08217 n08777	n00273 n02357	352		true
n03538	28	0.2300	n03680 n03792 n06671 n07732	n03226 n03451 n04221 n09511	108		true
n03539	28	0.2300	n04433 n07711	n02977 n03970 n03975	1286		true
n03540	26	0.2300	n04640	n01701 n05854	433		true
n03541	33	0.2300	n02837	n01815 n03499 n05651 n06037 n07058 n07869 n08432 n09159	441		true
n03542	27	0.2300	n02510	n06734 n08391	364		true
n03543	30	0.2300	n05085 n05507	n03504 n04901 n05234 n09162	428		true
n03544	23	0.2300	n02462 n07276	n01032	277		true
n03545	25	0.2300	n02137 n04006 n04108 n04500 n05659 n06416 n06963 n07275 n07694 n08190 n08191 n08776 n08778	n04724 n07125	751		true
n03546	21	0.2300	n03315 n04022 n05531 n06235	n02708 n03279 n04900	98		true
n03547	25	0.2300	n04642	n05007 n08173	665		true
n03548	18	0.2300	n02699 n08286	n00881 n04133 n05741	431		true
n03549	20	0.2300	n06486 n06978 n07299	n05575 n09134	375		true
n03550	14	0.2300	n02774 n04588	n00782	73		true
n03551	14	0.2300	n03503 n04275	n00578 n01697	182		true
n03552	15	0.2300	n04804	n00235 n02990	308		true
n03553	14	0.2300	n05116 n07128 n07451	n00693 n04697	184		true
n03554	13	0.2300	n07452	n00793 n01593	269		true
n03555	12	0.2300	n05706 n07088 n08462	n00721 n00810	52		true
n03556	12	0.2300	n06785 n08527	n00045	205		true
n03557	13	0.2300	n04662 n06299	n00587 n02682	58		true
n03558	11	0.2300	n05907	n01244 n02132	91		true
n03559	12	0.2300	n05277 n05532 n05659 n07275 n08453 n08778	n02560	111		true
n03560	12	0.2300	n02644	n00549 n01253	79		true
n03561	11	0.2300	n08786 n08798	n00123	129		true
n03562	11	0.2300	n01372	n00053	247		true
n03563	11	0.2300	n06224 n07037 n08489 n08824	n00174	229		true
n03564	11	0.2300	n04730 n08558 n09105	n00751	20		true
n03565	10	0.2300	n03496 n03932	n00936 n01825	37		true
n03566	10	0.2300	n04403 n06530 n07260	n00934	144		true
n03567	9	0.2300	n04596 n08169	n00294 n00894	39		true
n03568	10	0.2300	n07180	n01072	493		true
n03569	8	0.2300	n05354 n06928	n00253	57		true
n03570	8	0.2300	n08067 n09257	n00433	121		true
n03571	9	0.2300	n02335 n08431	n02604	190		true
n03572	7	0.2300	n04062 n04831 n05793		212		true
n03573	7	0.2300	n04490		123		true
n03574	8	0.2300	n03878 n09370	n00622	142		true
n03575	7	0.2300	n02217 n09412		67		true
n03576	7	0.2300	n05257 n08093	n00460 n00940	168		true
n03577	7	0.2300	n03610 n08659 n09468		126		true
n03578	7	0.2300	n03247 n07752		59		true
n03579	7	0.2300	n00688 n02995	n00338	221		true
n03580	7	0.2300	n04920 n08053 n08531	n00857	277		true
n03581	7	0.2300	n00518 n07281		50		true
n03582	9	0.2299	n00989	n01282	31		true
n03583	7	0.2289	n00031	n00835	19		true
n03584	12	0.2261	n01524 n07093	n00202 n00473	87		true
n03585	7	0.2261	n01724 n04146 n06942		137		true
n03586	7	0.2261	n00666		148		true
n03587	7	0.2261	n02169 n05197 n07721 n08524 n09379		195		true
n03588	49	0.2250		n01180 n01535 n02123 n05428 n05682 n07134 n09148 n09318	461		true
n03589	44	0.2250	n04961 n06420	n01976 n04373 n06690	358		true
n03590	42	0.2250	n03224 n07286	n07841 n08957	611		true
n03591	29	0.2250	n05287	n00309 n00943	139		true
n03592	25	0.2250	n04014 n05281 n08826	n02581 n04325	135		true
n03593	27	0.2250	n03359 n05196	n05705 n06550 n08174	404		true
n03594	24	0.2250	n03035	n02126 n04288 n05120	505		true
n03595	22	0.2250	n05412 n06426	n02379 n03694 n06127 n07110	279		true
n03596	23	0.2250	n02396 n08870	n06066 n06618 n06781	226		true
n03597	19	0.2250	n04876 n05287 n07828	n00943 n03421	100		true
n03598	17	0.2250	n01074 n07298 n08205 n08841	n01376 n02143	176		true
n03599	16	0.2250	n02396 n04007 n04704 n06663 n06963 n07277 n07694 n08191 n08779	n00011 n01849	208		true
n03600	18	0.2250	n09012	n02453 n04822	204		true
n03601	15	0.2250	n05086 n06663 n08779	n01420	280		true
n03602	17	0.2250	n03413 n04582	n02195 n03827 n04904	52		true
n03603	18	0.2250	n04264 n05075	n00821	143		true
n03604	16	0.2250	n06511	n03425 n04768 n05360	471		true
n03605	14	0.2250	n01116 n07397	n00635	455		true
n03606	14	0.2250	n01338 n04202	n04837	13		true
n03607	15	0.2250	n05722	n03023 n04413	113		true
n03608	13	0.2250	n01230	n00454 n04778	193		true
n03609	14	0.2250	n03120 n06498 n07459	n00830 n01772	99		true
n03610	13	0.2250	n04605	n00933 n03577	195		true
n03611	14	0.2250	n06963 n07313 n08776 n08777	n04948 n07256	153		true
n03612	12	0.2250	n04239 n06416	n02244	191		true
n03613	11	0.2250	n04172 n06022 n06198 n08411	n00931 n02454	133		true
n03614	12	0.2250	n04083 n04290 n05217 n08239	n02716 n03308	128		true
n03615	10	0.2250	n01085 n02510 n07728		141		true
n03616	10	0.2250	n05237	n00324	49		true
n03617	9	0.2250	n03911 n07306	n00915	200		true
n03618	10	0.2250	n04243 n07452	n00526 n00793	127		true
n03619	10	0.2250	n05590 n07555	n00882 n02373	91		true
n03620	9	0.2250	n04465 n05604	n00247	134		true
n03621	10	0.2250	n06087 n07560 n07854	n01988	96		true
n03622	9	0.2250	n06548 n07277	n02426	115		true
n03623	8	0.2250	n04091 n04178 n05051 n08776	n00430	95		true
n03624	8	0.2250	n04048 n05439	n00510	36		true
n03625	8	0.2250	n04754 n05169 n09057 n09409	n00175	139		true
n03626	7	0.2250	n00841 n04253		305		true
n03627	7	0.2250	n04925 n05184 n09561		157		true
n03628	7	0.2250	n04698 n06176 n09310		177		true
n03629	7	0.2250	n04322	n00220	41		true
n03630	7	0.2250	n03294 n08617		92		true
n03631	7	0.2250	n06296 n06825 n06987 n08776	n00957	73		true
n03632	7	0.2250	n01884 n09079	n00604	130		true
n03633	11	0.2228	n01462 n03078	n01583	88		true
n03634	7	0.2211	n08557		24		true
n03635	55	0.2200	n00000	n02138 n04863 n08254	202		true
n03636	56	0.2200	n02137 n02644	n03178 n03267 n07340	407		true
n03637	39	0.2200	n00516	n02139 n05199	229		true
n03638	23	0.2200	n01010	n00446 n04049	194		true
n03639	25	0.2200	n04117	n03806 n04140 n04244	239		true
n03640	19	0.2200	n04163 n04217	n01731 n03886 n05346 n05720	119		true
n03641	25	0.2200	n06726	n05907 n07479 n09581	160		true
n03642	17	0.2200	n05224 n06234 n08255	n02103	151		true
n03643	16	0.2200	n04025	n00220 n00782	71		true
n03644	21	0.2200	n05208 n08190	n06490	385		true
n03645	15	0.2200	n07362	n01578	193		true
n03646	20	0.2200	n05411 n08857 n08962	n03466 n06174 n07685 n08037	184		true
n03647	19	0.2200	n05689	n03935 n04479 n06824 n08030	341		true
n03648	15	0.2200	n06223 n06779 n07850	n01209 n04052	106		true
n03649	15	0.2200	n08399	n01701 n02448	462		true
n03650	15	0.2200	n02843 n04382	n00972 n01055	67		true
n03651	13	0.2200	n04315 n04712 n05553 n06003	n00032 n01666	57		true
n03652	13	0.2200	n06492	n01058 n02527	47		true
n03653	18	0.2200	n07113 n07956 n08936	n06652 n08049	248		true
n03654	12	0.2200	n07461	n01630 n02824	262		true
n03655	15	0.2200	n05000 n06518	n00738 n03005 n07625	225		true
n03656	11	0.2200	n04394 n05891 n06094	n00552	80		true
n03657	12	0.2200	n05910 n06753	n01552	75		true
n03658	12	0.2200	n01051 n03455 n07914	n00275 n00621	27		true
n03659	14	0.2200	n06541	n02368 n07253	91		true
n03660	10	0.2200	n03988 n04340 n07923	n00072	43		true
n03661	11	0.2200	n07125 n07998	n00209	534		true
n03662	9	0.2200	n04406 n05020	n00619	152		true
n03663	9	0.2200	n04825 n09138	n00653	510		true
n03664	10	0.2200	n01104 n02902 n04033	n00791 n01245	107		true
n03665	9	0.2200	n08095 n08667	n00811	312		true
n03666	10	0.2200	n04759 n06552 n09384	n02370 n02884	165		true
n03667	8	0.2200	n04103 n06469 n08359 n09404	n00758	69		true
n03668	8	0.2200	n06233 n06600 n08521 n09423		366		true
n03669	9	0.2200	n04250 n05277 n06538	n00305	235		true
n03670	8	0.2200	n01863 n05251 n08037 n09430	n00394	70		true
n03671	8	0.2200	n04480	n00599 n00654	105		true
n03672	9	0.2200	n02850 n05777 n07030	n00331	79		true
n03673	7	0.2200	n06930 n07993 n08686		76		true
n03674	7	0.2200	n06272 n07901	n00722	77		true
n03675	7	0.2200	n05640 n08451 n09567		218		true
n03676	7	0.2200			71		true
n03677	10	0.2183	n03421 n04678	n01852	69		true
n03678	8	0.2172	n04624 n05609 n05651 n06642 n06884	n00738	99		true
n03679	11	0.2161	n01286 n02167 n05335	n00548	92		true
n03680	882	0.2150		n00780 n01475 n01558 n01881 n02271 n02542 n02553 n02609 n02776 n02844 n02925 n03295 n03401 n03450 n03538 n03788 n04013 n04170 n04261 n04319 n04504 n04553 n04685 n04711 n04788 n04968 n04970 n05064 n05073 n05205 n05281 n05299 n05316 n05525 n05599 n05706 n05721 n05771 n05813 n05911 n06002 n06033 n06101 n06168 n06206 n06213 n06238 n06251 n06269 n06276 n06278 n06294 n06305 n06330 n06451 n06494 n06505 n06540 n06561 n06711 n06714 n06754 n06775 n06799 n06835 n06945 n06971 n06999 n07042 n07053 n07088 n07160 n07281 n07283 n07304 n07317 n07436 n07454 n07456 n07509 n07547 n07557 n07600 n07645 n07687 n07725 n07763 n07764 n07766 n07775 n07806 n07893 n07917 n07932 n07994 n08038 n08081 n08107 n08199 n08216 n08223 n08224 n08231 n08281 n08337 n08341 n08343 n08400 n08462 n08464 n08509 n08510 n08511 n08593 n08599 n08604 n08648 n08750 n08771 n08786 n08798 n08807 n08818 n08835 n08882 n08901 n09026 n09047 n09067 n09068 n09132 n09140 n09141 n09201 n09205 n09227 n09269 n09273 n09276 n09339 n09345 n09350 n09422 n09425 n09456 n09483 n09506 n09516 n09536 n09546 n09588	4386		true
n03681	64	0.2150	n02137 n04108 n04500 n05659 n06416 n06963 n07275 n08190 n08191 n08776 n08778	n01678 n02272 n03502 n09110	443		true
n03682	44	0.2150	n05808 n06421	n00187 n01216 n07643	574		true
n03683	38	0.2150	n02162	n01081	282		true
n03684	40	0.2150	n02926	n01645 n04877 n07967	313		true
n03685	41	0.2150	n07706	n00191 n00231	276		true
n03686	35	0.2150	n02969	n04021 n04377	267		true
n03687	33	0.2150	n03964 n08785	n01618 n04651	687		true
n03688	24	0.2150	n02644 n06964 n07339	n00707 n03362	308		true
n03689	20	0.2150	n03317	n00138 n01087	42		true
n03690	20	0.2150	n02091	n02650 n02980	48		true
n03691	21	0.2150	n01974 n05281 n06664 n08203	n00690 n02967 n03301 n05226	100		true
n03692	20	0.2150	n03797 n05088	n01452 n07179	123		true
n03693	21	0.2150	n03493 n05201 n06468	n01524 n07093	154		true
n03694	17	0.2150	n02360 n03595 n07000	n01694 n04817	255		true
n03695	15	0.2150	n08428	n01547 n03000 n04623	64		true
n03696	16	0.2150	n06461	n02370 n05150	354		true
n03697	15	0.2150	n02204 n07117 n07458	n04480 n08086	172		true
n03698	16	0.2150	n02743 n03499 n05444 n07058	n01185 n05952 n06162 n07663	194		true
n03699	12	0.2150	n03230 n09182	n00239	128		true
n03700	11	0.2150	n04677 n05908	n01266 n02504	102		true
n03701	13	0.2150	n05442 n09222	n02111 n03247	148		true
n03702	13	0.2150	n00664	n01871	572		true
n03703	14	0.2150	n04461 n08353 n08776 n08865	n02920 n03051	653		true
n03704	10	0.2150	n06451 n07160 n09026	n01161	134		true
n03705	10	0.2150	n05361 n08478 n08958	n00581	111		true
n03706	10	0.2150	n05043 n07280 n08308	n01411 n01447	81		true
n03707	9	0.2150	n02017 n06580 n08501	n02086	66		true
n03708	10	0.2150	n04039	n01952	118		true
n03709	9	0.2150	n04687 n07090	n00587	43		true
n03710	10	0.2150	n01064 n06332 n07219	n01366	221		true
n03711	9	0.2150	n02937 n05579	n02640	333		true
n03712	11	0.2150	n05468 n07116 n08282 n09205	n01832 n02662	162		true
n03713	9	0.2150	n05384 n05783 n08491	n02062	239		true
n03714	7	0.2150	n05016		83		true
n03715	7	0.2150	n02659 n04151 n08000 n09263	n00888	64		true
n03716	7	0.2150	n04191 n05772 n05965 n09352		39		true
n03717	7	0.2150	n06181 n06642 n09618		75		true
n03718	7	0.2150	n02137 n07275 n09451	n00916	107		true
n03719	7	0.2150	n05608 n08859 n09222		68		true
n03720	7	0.2150	n06186		84		true
n03721	7	0.2150	n01166		85		true
n03722	9	0.2121	n00902		97		true
n03723	8	0.2121	n00316 n07874		43		true
n03724	7	0.2121	n00929 n08013 n08777	n00629 n00937	34		true
n03725	7	0.2121	n08155	n00220	41		true
n03726	7	0.2111	n04104 n05242 n06173 n09209	n00856	50		true
n03727	7	0.2111	n08407		102		true
n03728	142	0.2100		n01658 n02886 n04861 n06404	807		true
n03729	123	0.2100	n02137 n04006 n04108 n04500 n05277 n05659 n06416 n06963 n07274 n07275 n08189 n08190 n08776 n08777 n08778	n02181 n03910 n04376 n04706 n05040 n06582 n08272 n08292 n08516 n09032	480		true
n03730	121	0.2100	n04008 n08191	n00279 n03534	1201		true
n03731	46	0.2100	n05661 n07274	n02044 n02438	267		true
n03732	44	0.2100	n04372	n03236 n03289 n05863 n05974 n06018 n06371 n06479 n07935 n08048 n08177 n08406 n08492 n09544	591		true
n03733	43	0.2100	n02397 n06963 n07695 n08189	n01214	231		true
n03734	40	0.2100	n07308	n05080 n06709	816		true
n03735	37	0.2100	n08244	n04716 n06454	703		true
n03736	38	0.2100	n01315	n03799 n04117 n04328	380		true
n03737	26	0.2100	n07730	n02122 n03123	309		true
n03738	26	0.2100	n01439 n05506	n01372	446		true
n03739	23	0.2100	n04707 n06013 n06444	n00197 n04921 n05025	394		true
n03740	21	0.2100	n04263 n04956	n01727 n02048	156		true
n03741	30	0.2100	n04796	n02747 n05121 n08642 n09172	736		true
n03742	22	0.2100	n06719 n08777	n01998 n04596 n05853	135		true
n03743	24	0.2100	n04111 n08250 n08790	n01816 n05153 n06550 n07145	530		true
n03744	20	0.2100	n06677 n08189	n01959 n05019	192		true
n03745	17	0.2100	n04160 n06045 n08272 n09032	n00785 n03282	106		true
n03746	15	0.2100	n01117	n06178	69		true
n03747	18	0.2100	n05702 n07872	n02905 n06105	428		true
n03748	14	0.2100	n07069	n00272	60		true
n03749	14	0.2100	n07870	n01220	84		true
n03750	14	0.2100	n02548	n03998	228		true
n03751	12	0.2100	n05318 n06688	n01455	133		true
n03752	15	0.2100	n00001 n00096 n00444	n02414 n02626 n04931	55		true
n03753	12	0.2100	n05567 n06260 n07010 n09265	n01066 n02561	197		true
n03754	12	0.2100	n02027 n02651 n03487	n00157	118		true
n03755	13	0.2100	n05730 n06551	n01288 n01480	571		true
n03756	13	0.2100	n03870 n09243	n00950 n01131	189		true
n03757	12	0.2100	n04222 n04725 n05731 n06300	n01243 n02024	141		true
n03758	12	0.2100	n01678 n02404 n07417	n01004 n01965 n03303	77		true
n03759	11	0.2100	n04524 n05903	n01398 n01918	35		true
n03760	11	0.2100	n08853 n08944	n00114	58		true
n03761	11	0.2100	n03072 n07477	n01986 n02826	151		true
n03762	12	0.2100	n03506 n07114	n02342	152		true
n03763	12	0.2100	n09144	n01342	106		true
n03764	11	0.2100	n05348	n01368 n02368	82		true
n03765	11	0.2100	n01880 n06491 n07277 n08779 n08780	n00736 n02426	139		true
n03766	10	0.2100	n05598 n09219	n01305	188		true
n03767	10	0.2100	n04236 n06794 n06822	n01364	102		true
n03768	11	0.2100	n01665	n00712 n01381	85		true
n03769	11	0.2100	n05205 n08786	n00551	48		true
n03770	13	0.2100	n03020 n05133 n07382	n00528 n01114	827		true
n03771	9	0.2100	n05035 n06596		152		true
n03772	10	0.2100	n07522 n09109	n01415	174		true
n03773	9	0.2100	n01182 n07194 n07669 n08662	n00168	152		true
n03774	8	0.2100	n00447	n00251	47		true
n03775	8	0.2100	n01913 n04753	n00886	78		true
n03776	9	0.2100	n02383	n02118	161		true
n03777	8	0.2100	n06587	n00703	100		true
n03778	8	0.2100	n07529	n01739	258		true
n03779	8	0.2100	n01911 n08059 n09380		77		true
n03780	7	0.2100	n06041 n09246 n09257		202		true
n03781	7	0.2100	n01300 n02552 n07254		56		true
n03782	7	0.2100	n06738 n08003 n08191 n09029 n09357		86		true
n03783	7	0.2100	n02413		50		true
n03784	7	0.2100	n01444 n08574	n00794	91		true
n03785	8	0.2081	n01725 n02464	n00413	44		true
n03786	10	0.2060	n00521 n08190	n00713	279		true
n03787	92	0.2050	n02644 n04108 n04704 n06416 n07277 n08190 n08776	n03352 n04260 n08907 n09238	1111		true
n03788	78	0.2050	n01347 n03680	n02508 n04972 n06248 n09423	474		true
n03789	60	0.2050	n06968	n04430 n04679 n04709 n08891	714		true
n03790	44	0.2050	n04863	n02489 n02970 n08837	158		true
n03791	38	0.2050	n01972 n08205	n06441 n06993	85		true
n03792	39	0.2050	n01347	n00780 n03538 n06740 n08252 n09129	213		true
n03793	36	0.2050	n02887 n07278	n00345 n04265	592		true
n03794	33	0.2050	n02396	n01232 n01978 n02942 n04720 n05268	795		true
n03795	26	0.2050	n07741 n08786	n00573 n05240	166		true
n03796	36	0.2050	n03118 n06963 n08777	n04796 n06747 n07056 n08956	760		true
n03797	25	0.2050	n05070	n01975 n03692 n08504	142		true
n03798	21	0.2050	n01835 n06020 n07725	n02701 n03018	61		true
n03799	32	0.2050	n03736	n04883 n07100 n07815	351		true
n03800	20	0.2050	n02808	n00016 n00487	226		true
n03801	22	0.2050	n03495 n07010 n08234	n05719 n08379 n08551	382		true
n03802	22	0.2050	n02124 n04975	n02074 n04619 n05776 n07264	289		true
n03803	22	0.2050	n00517 n01156 n01215 n02400	n02276 n04403	218		true
n03804	18	0.2050	n02298	n01259 n04059 n08014	270		true
n03805	21	0.2050	n04796 n08956	n02747 n04257 n05132	479		true
n03806	21	0.2050	n03639	n04229 n05358 n05796 n05905 n06572 n09563	226		true
n03807	15	0.2050	n01706 n05539 n06741 n07848 n08318 n08339	n00142	88		true
n03808	17	0.2050	n08921	n04192 n06563	84		true
n03809	16	0.2050	n01955 n03112	n01794 n03953	67		true
n03810	15	0.2050	n08427	n01963 n02018	79		true
n03811	18	0.2050	n01247 n04026	n02411 n08719 n09371	305		true
n03812	17	0.2050	n05436 n07344	n05263 n06163	140		true
n03813	14	0.2050	n06738 n08191	n01056 n03529	144		true
n03814	15	0.2050	n07758 n09042	n01262 n01473 n09424	216		true
n03815	16	0.2050	n05214	n01894 n04846 n07673	121		true
n03816	14	0.2050	n03324	n00118 n05160	245		true
n03817	16	0.2050	n04795	n02683 n04486 n05385	338		true
n03818	12	0.2050	n05892 n06806	n00451	172		true
n03819	12	0.2050	n03980 n06083	n00490 n03523	41		true
n03820	12	0.2050	n07945	n01483	91		true
n03821	11	0.2050	n01086 n06554	n00238	69		true
n03822	11	0.2050	n02182	n00404	147		true
n03823	10	0.2050	n01625	n00602	72		true
n03824	11	0.2050	n02137 n04006 n04108 n04500 n05277 n05659 n06416 n06963 n07275 n07276 n08189 n08190 n08776 n08778	n00207 n00971	87		true
n03825	10	0.2050	n05693	n00715	135		true
n03826	10	0.2050	n05150 n07121	n00790	278		true
n03827	10	0.2050	n03276 n03602 n05353 n08777	n00367 n00937	31		true
n03828	9	0.2050	n01240 n01579	n00160	30		true
n03829	9	0.2050	n04676 n05449	n00334	48		true
n03830	10	0.2050	n08974 n09044 n09233	n01487 n02248	191		true
n03831	10	0.2050	n02378 n06792 n07857 n09000	n00696 n01029	181		true
n03832	9	0.2050	n05858 n06616	n01753	95		true
n03833	9	0.2050	n06882	n00531	47		true
n03834	10	0.2050	n07625	n01735	158		true
n03835	8	0.2050	n05001 n06584 n08614		143		true
n03836	8	0.2050	n01540 n08334	n00393	197		true
n03837	8	0.2050	n02644	n01398	34		true
n03838	8	0.2050	n00015 n02660	n00336	19		true
n03839	8	0.2050	n04342 n08284 n09447		271		true
n03840	9	0.2050	n05886 n06548	n02426	116		true
n03841	7	0.2050	n01455 n06639	n00632	73		true
n03842	7	0.2050	n06170		88		true
n03843	7	0.2050	n05126 n05927		55		true
n03844	7	0.2050	n04685 n04942		128		true
n03845	7	0.2050	n07260 n07652		54		true
n03846	8	0.2050	n05973 n07222	n01686	97		true
n03847	11	0.2020	n00011 n07402	n01171 n01328	114		true
n03848	11	0.2010	n09558	n01089	91		true
n03849	42	0.2000	n04261	n00573 n03497 n08549	204		true
n03850	44	0.2000	n02137 n04006 n04108 n04500 n05277 n05659 n06416 n06963 n07274 n07275 n07276 n08189 n08776 n08777 n08778	n01489 n07054 n09118	460		true
n03851	43	0.2000	n05511	n04640 n06609 n06990 n08555 n09514	538		true
n03852	35	0.2000	n05283	n00773 n04789	79		true
n03853	34	0.2000	n01522 n04638	n01955 n06219	120		true
n03854	32	0.2000	n01273 n05667	n02617 n02889	219		true
n03855	35	0.2000	n07315	n02274 n02575	297		true
n03856	27	0.2000	n07343	n04439	174		true
n03857	28	0.2000	n02044	n02513 n05695	155		true
n03858	28	0.2000	n03012 n04966	n04437	184		true
n03859	30	0.2000	n02094	n01349	295		true
n03860	27	0.2000	n05290 n07318	n06839 n07819	247		true
n03861	23	0.2000	n01537	n01692 n02031	64		true
n03862	20	0.2000	n04984	n02379 n02997 n06316 n08612	273		true
n03863	20	0.2000	n02644 n04578	n00584 n04835 n06177	550		true
n03864	22	0.2000	n03267 n07274 n07340 n08189	n04532 n09598	195		true
n03865	19	0.2000	n02840	n00246 n01478	82		true
n03866	16	0.2000	n02396 n04704 n07277 n08779	n01728 n01780	118		true
n03867	15	0.2000	n06049 n07274 n09018	n02338 n03026 n04300	167		true
n03868	16	0.2000	n01812	n00901 n05735	192		true
n03869	15	0.2000	n04532 n06218 n06756	n02052	170		true
n03870	16	0.2000	n07032	n02952 n03756	233		true
n03871	14	0.2000	n07415	n01945 n02821	132		true
n03872	14	0.2000	n01335 n04370	n00545 n05658	287		true
n03873	19	0.2000	n01976 n04023 n06455	n03433 n04178	185		true
n03874	14	0.2000	n05324 n05692 n08801	n00116 n01094	107		true
n03875	13	0.2000	n05431 n05686	n00807 n05184	180		true
n03876	13	0.2000	n09193	n00083 n02037	167		true
n03877	15	0.2000	n03924 n07274 n08190 n08776 n08821	n00312 n03351	100		true
n03878	13	0.2000	n09264	n03574 n04632	221		true
n03879	12	0.2000	n06112 n07334	n01873	83		true
n03880	11	0.2000	n06708 n07729	n00557 n01112	95		true
n03881	12	0.2000	n04634 n05808	n00322	193		true
n03882	10	0.2000	n04092 n06455	n02666	81		true
n03883	12	0.2000	n01620	n01824 n02340	116		true
n03884	11	0.2000	n04229 n05358 n06239 n08422	n02390 n02963	121		true
n03885	10	0.2000	n07455	n02269	537		true
n03886	10	0.2000	n01428 n03640 n05869 n07797	n00735	59		true
n03887	10	0.2000	n04897	n03061	208		true
n03888	11	0.2000	n04542	n01345 n02641	150		true
n03889	10	0.2000	n06090	n00920 n00958	283		true
n03890	10	0.2000	n03233	n01876	64		true
n03891	11	0.2000	n05762 n06565 n06876 n07469	n00950 n02472	164		true
n03892	9	0.2000	n08536 n09315	n00883	39		true
n03893	9	0.2000	n05585 n07447 n07721 n09252	n00983	59		true
n03894	9	0.2000	n04091 n08025	n01751	60		true
n03895	9	0.2000	n02521	n00672	87		true
n03896	9	0.2000	n04915 n08470	n01174	97		true
n03897	9	0.2000	n06880		103		true
n03898	11	0.2000	n08574	n00154 n00794	113		true
n03899	9	0.2000	n06923 n07572		281		true
n03900	8	0.2000	n02167 n07587		81		true
n03901	8	0.2000	n04896 n08777 n08839 n09414	n00501 n00657	281		true
n03902	7	0.2000	n08391	n00956	126		true
n03903	7	0.2000	n06191	n00895	92		true
n03904	9	0.2000	n01640 n04148 n09397	n00582	91		true
n03905	7	0.2000	n04199 n06636 n09278	n00432	56		true
n03906	7	0.2000	n05778 n06616 n09308	n00674	66		true
n03907	7	0.1980	n01258 n03461 n05248 n06634		116		true
n03908	11	0.1970	n01116	n01803 n02566	150		true
n03909	7	0.1960	n02908		151		true
n03910	60	0.1950	n03729 n08198	n03145 n04515 n07608 n08319 n08816	314		true
n03911	53	0.1950	n03352	n03617 n04981 n05490 n07724 n08824	730		true
n03912	48	0.1950	n05818	n00707 n02899 n05682 n05685 n07624 n09148 n09283 n09318	451		true
n03913	29	0.1950	n01659 n02933	n05111 n06538 n08913 n09121	479		true
n03914	28	0.1950	n02396 n04007 n04704 n05392 n06663 n06963 n07277 n07694 n08191 n08779 n08780	n02514 n05431 n05686	312		true
n03915	25	0.1950	n01789	n01086 n02316	121		true
n03916	27	0.1950	n02612 n02698 n06963 n08189 n08778	n02047	744		true
n03917	27	0.1950	n04321	n02840 n03281 n06048 n08405	98		true
n03918	25	0.1950	n06706	n02140 n03234 n07555	154		true
n03919	25	0.1950	n05841 n07351	n01463 n06570	481		true
n03920	19	0.1950	n05990 n06420 n06673 n07698	n00042 n01891	75		true
n03921	20	0.1950	n08309 n08911	n01543 n02010	161		true
n03922	20	0.1950	n05420	n01665 n02013 n06144 n08768	142		true
n03923	20	0.1950	n06476	n02240 n05347	598		true
n03924	17	0.1950	n01157	n03252 n03877	128		true
n03925	15	0.1950	n04517	n00103	38		true
n03926	14	0.1950	n03318 n06041	n01035	229		true
n03927	14	0.1950	n02137 n04006 n04108 n04500 n05277 n05659 n06416 n06963 n07275 n08189 n08190 n08778	n01638 n02078 n05269	424		true
n03928	16	0.1950	n04220 n08310 n08352 n08788	n01375 n02706	148		true
n03929	14	0.1950	n04975	n00847 n04619	153		true
n03930	15	0.1950	n09190	n01982 n03206 n08685	127		true
n03931	14	0.1950	n02701 n04261 n05064	n00048 n00919 n03447	43		true
n03932	14	0.1950	n03115 n04228 n05836	n01435 n03565	48		true
n03933	13	0.1950	n01347	n01564 n02108	186		true
n03934	14	0.1950	n09301	n01637 n01896 n02322	193		true
n03935	12	0.1950	n03647 n08936	n01695	299		true
n03936	12	0.1950	n05591	n00068	119		true
n03937	11	0.1950	n08542	n02729	101		true
n03938	16	0.1950	n03268 n05718	n04906	197		true
n03939	11	0.1950	n06826 n06848 n09198	n00749	143		true
n03940	11	0.1950	n03982	n00487	183		true
n03941	11	0.1950	n04521 n08557	n01209 n03307	69		true
n03942	12	0.1950	n01196 n05883 n06087	n01359 n01988	97		true
n03943	11	0.1950	n05034 n06449 n09175	n00420 n01733	222		true
n03944	10	0.1950	n01542	n01380	205		true
n03945	11	0.1950	n06738 n07980	n02114	256		true
n03946	11	0.1950	n02945	n01268 n01737 n02201	186		true
n03947	11	0.1950	n04825	n00810 n01783	470		true
n03948	10	0.1950	n08609	n00590	45		true
n03949	12	0.1950	n02644 n08190 n08776	n01223 n02344	85		true
n03950	9	0.1950	n05353 n07060 n07473 n07951 n09180	n01308	33		true
n03951	9	0.1950	n07849 n08191 n08246 n09090	n01169	106		true
n03952	10	0.1950	n07151 n07210 n09093	n01459 n01588	381		true
n03953	9	0.1950	n01999 n03809 n08002 n09174	n00658	55		true
n03954	8	0.1950	n02137 n04006 n04500 n05277 n05659 n07274 n07275 n08189		109		true
n03955	8	0.1950	n06515 n08190 n09429	n00754	66		true
n03956	8	0.1950	n04853 n08746	n00997	91		true
n03957	7	0.1950	n06856	n00958	89		true
n03958	8	0.1950	n09285 n09489	n01009	109		true
n03959	84	0.1900	n05661	n01644 n02438	604		true
n03960	51	0.1900	n04065 n08776	n01416 n03147 n06266	342		true
n03961	46	0.1900	n04258 n08781	n01273 n07928	732		true
n03962	41	0.1900	n02479	n01178 n02930 n02936	281		true
n03963	33	0.1900	n06984	n00036 n01195	172		true
n03964	38	0.1900	n07307	n02096 n03687	715		true
n03965	30	0.1900	n08276	n02651 n04076 n09033	312		true
n03966	29	0.1900	n06199 n06994	n00882 n03218 n04191 n05772 n05881 n09352	155		true
n03967	30	0.1900	n04510 n08189	n03070 n04988 n07963	614		true
n03968	34	0.1900	n04434 n05827	n02511 n08009	522		true
n03969	28	0.1900	n05081	n03036 n06028	202		true
n03970	24	0.1900	n03539	n02298	305		true
n03971	23	0.1900	n06708 n08878	n01589 n04303	195		true
n03972	28	0.1900	n06230	n07807	231		true
n03973	21	0.1900	n03360	n05032 n05708	163		true
n03974	25	0.1900	n07807	n02435 n06087 n07908	185		true
n03975	20	0.1900	n03539	n05001 n06584	1253		true
n03976	21	0.1900	n03035 n05400 n06017	n02209 n04288	476		true
n03977	21	0.1900	n04801	n02621 n05447 n09244 n09294	481		true
n03978	21	0.1900	n01476 n06264 n06458	n00944 n02105	533		true
n03979	17	0.1900	n07845 n07863	n00987	276		true
n03980	18	0.1900	n02739	n03819 n04399 n06645	90		true
n03981	19	0.1900	n01335 n04500	n02015 n07980	451		true
n03982	15	0.1900	n07965	n00575 n03940	228		true
n03983	18	0.1900	n05216 n05425	n02190	645		true
n03984	16	0.1900	n03277 n09019	n01454 n04104	234		true
n03985	16	0.1900	n01451	n00360 n05757	414		true
n03986	14	0.1900	n02982	n00611 n02367	275		true
n03987	17	0.1900	n04585 n05221 n06284	n03057 n06415 n06588 n06659	396		true
n03988	13	0.1900	n06462 n08821	n00272 n03660	60		true
n03989	15	0.1900	n02208	n01151 n03436	240		true
n03990	13	0.1900	n04389 n05546 n05567	n01066 n03201	194		true
n03991	14	0.1900	n04592	n01470	118		true
n03992	15	0.1900	n08387	n05380 n08715	371		true
n03993	12	0.1900	n03505 n05834	n01201	280		true
n03994	13	0.1900	n05231 n06111 n07318 n08993	n00904 n02907	112		true
n03995	12	0.1900	n05107 n07369	n00064 n00886	77		true
n03996	14	0.1900	n00194	n00324 n00381	42		true
n03997	12	0.1900	n03183 n07328 n08321 n09114	n00174 n00534	250		true
n03998	11	0.1900	n03750 n08945 n09111	n00383	190		true
n03999	12	0.1900	n07779 n08776 n08777	n00119	110		true
n04000	11	0.1900	n00009	n00424	118		true
n04001	13	0.1900	n07980	n01904 n02114	409		true
n04002	15	0.1900	n06568 n07059	n01550 n02757 n09547	916		true
n04003	10	0.1900	n01403		96		true
n04004	12	0.1895	n02277	n01987 n02456	961		true
n04005	16	0.1859	n00006	n00907 n01292 n01834 n03197	99		true
n04006	2641	0.1850		n00571 n00662 n01078 n01109 n01118 n01227 n01659 n01678 n01856 n02141 n02230 n02725 n02819 n02886 n02976 n03055 n03311 n03340 n03364 n03405 n03545 n03729 n03824 n03850 n03927 n03954 n04034 n04099 n04134 n04139 n04144 n04204 n04205 n04214 n04262 n04366 n04370 n04378 n04391 n04415 n04431 n04433 n04473 n04509 n04635 n04648 n04669 n04670 n04674 n04683 n04721 n04759 n04785 n04855 n04861 n04868 n04874 n04896 n04916 n04917 n04922 n04947 n04961 n05006 n05011 n05034 n05048 n05049 n05065 n05085 n05106 n05108 n05157 n05223 n05239 n05257 n05264 n05285 n05293 n05301 n05314 n05317 n05321 n05351 n05372 n05428 n05433 n05446 n05474 n05507 n05509 n05519 n05548 n05573 n05615 n05645 n05668 n05696 n05698 n05749 n05763 n05783 n05809 n05814 n05830 n05834 n05837 n05844 n05858 n05898 n05919 n05954 n05959 n05969 n05973 n05988 n05989 n06024 n06025 n06055 n06090 n06136 n06137 n06149 n06186 n06262 n06275 n06298 n06315 n06331 n06335 n06359 n06370 n06381 n06382 n06386 n06408 n06417 n06445 n06452 n06461 n06463 n06469 n06480 n06482 n06484 n06518 n06537 n06553 n06568 n06585 n06592 n06596 n06621 n06648 n06668 n06674 n06676 n06677 n06691 n06736 n06752 n06790 n06803 n06816 n06851 n06856 n06878 n06881 n06890 n06895 n06902 n06906 n06907 n06908 n06911 n06919 n06921 n06922 n06924 n06933 n06943 n06967 n06968 n06969 n06986 n06988 n06996 n07009 n07018 n07023 n07031 n07036 n07047 n07059 n07112 n07113 n07120 n07127 n07137 n07138 n07158 n07163 n07169 n07177 n07189 n07193 n07195 n07202 n07203 n07218 n07222 n07226 n07227 n07231 n07232 n07247 n07280 n07287 n07289 n07293 n07313 n07321 n07327 n07330 n07332 n07337 n07348 n07364 n07367 n07377 n07383 n07407 n07412 n07416 n07417 n07432 n07440 n07450 n07453 n07477 n07486 n07487 n07496 n07501 n07507 n07517 n07524 n07528 n07536 n07538 n07560 n07563 n07564 n07571 n07577 n07581 n07594 n07620 n07629 n07633 n07634 n07637 n07651 n07653 n07659 n07662 n07664 n07666 n07681 n07704 n07709 n07711 n07717 n07729 n07739 n07745 n07750 n07756 n07757 n07760 n07762 n07772 n07773 n07776 n07778 n07779 n07787 n07792 n07795 n07802 n07808 n07811 n07825 n07830 n07840 n07844 n07855 n07860 n07862 n07870 n07873 n07883 n07885 n07892 n07936 n07945 n07947 n07949 n07956 n07962 n07979 n07992 n08010 n08012 n08026 n08055 n08073 n08076 n08088 n08093 n08097 n08098 n08099 n08104 n08125 n08127 n08132 n08136 n08138 n08144 n08145 n08147 n08148 n08149 n08176 n08192 n08198 n08201 n08217 n08218 n08229 n08230 n08234 n08259 n08264 n08269 n08275 n08277 n08278 n08284 n08295 n08296 n08303 n08306 n08308 n08328 n08335 n08350 n08356 n08374 n08377 n08382 n08388 n08392 n08393 n08396 n08397 n08412 n08413 n08419 n08429 n08438 n08442 n08452 n08455 n08456 n08459 n08466 n08471 n08475 n08485 n08488 n08491 n08493 n08494 n08530 n08533 n08550 n08561 n08568 n08573 n08589 n08614 n08634 n08647 n08656 n08657 n08664 n08665 n08666 n08669 n08671 n08673 n08690 n08708 n08714 n08717 n08723 n08756 n08765 n08770 n08789 n08795 n08799 n08809 n08812 n08820 n08825 n08834 n08839 n08841 n08850 n08854 n08868 n08872 n08880 n08885 n08888 n08908 n08909 n08916 n08933 n08934 n08935 n08936 n08938 n08942 n08953 n08955 n08964 n08969 n08974 n08975 n08978 n08981 n08984 n08985 n08997 n09003 n09007 n09008 n09015 n09018 n09035 n09044 n09045 n09054 n09075 n09079 n09100 n09110 n09116 n09130 n09131 n09149 n09153 n09161 n09163 n09165 n09175 n09179 n09184 n09212 n09214 n09232 n09233 n09235 n09237 n09239 n09240 n09242 n09248 n09275 n09282 n09287 n09292 n09300 n09308 n09312 n09320 n09354 n09364 n09370 n09374 n09383 n09384 n09385 n09401 n09412 n09414 n09416 n09429 n09436 n09447 n09449 n09450 n09462 n09468 n09469 n09470 n09473 n09475 n09478 n09479 n09492 n09493 n09502 n09508 n09509 n09519 n09527 n09531 n09533 n09539 n09540 n09543 n09545 n09548 n09549 n09557 n09568 n09570 n09571 n09594 n09595 n09607 n09608 n09613 n09616	10556		true
n04007	733	0.1850	n01880	n00543 n01336 n01857 n01990 n01991 n02645 n03599 n03914 n04066 n04167 n04203 n04258 n04691 n04782 n04810 n04925 n05056 n05204 n05284 n05315 n05393 n05465 n05511 n05513 n05594 n05808 n05895 n05909 n05993 n06215 n06263 n06421 n06500 n06678 n06855 n06991 n07012 n07014 n07172 n07245 n07324 n07402 n07419 n07495 n07575 n07655 n07660 n07723 n07981 n08059 n08309 n08407 n08570 n08601 n08627 n08712 n08781 n08782 n08787 n08790 n08930 n08979 n09001 n09069 n09200 n09245 n09272 n09297 n09377 n09489	5076		true
n04008	135	0.1850	n06963	n02272 n03502 n03730 n04974 n07279 n08996	1423		true
n04009	48	0.1850	n03222 n06422	n00542 n06684 n07853 n09108	246		true
n04010	41	0.1850	n06672	n02928	118		true
n04011	32	0.1850	n00898 n05397 n07295	n02431	330		true
n04012	40	0.1850	n04957 n05394	n02738 n02890 n06036 n07877 n07948 n08437	835		true
n04013	32	0.1850	n01347 n03680 n05403 n07727	n01075 n04572	241		true
n04014	30	0.1850	n07763	n01560 n03592 n04994	265		true
n04015	31	0.1850	n05277 n05829 n08190 n08777	n04216 n05847	349		true
n04016	29	0.1850	n06219	n03115 n04228 n06744	100		true
n04017	29	0.1850	n04157	n01885 n03511 n08444 n08582	327		true
n04018	31	0.1850	n02482	n04465 n04481 n05604 n05967 n06026	268		true
n04019	26	0.1850	n03358	n03037 n07631	145		true
n04020	24	0.1850	n04429 n04436 n06701 n07324	n01319 n02492 n02865 n09600	120		true
n04021	26	0.1850	n02232 n03686 n07349	n02069 n05869	232		true
n04022	24	0.1850	n00001 n00096 n00444	n02782 n03546	111		true
n04023	25	0.1850	n04961 n06416	n03873 n07051 n08502 n08695	210		true
n04024	22	0.1850	n03014 n06663 n08779	n00689 n06594 n06599	361		true
n04025	19	0.1850	n04322 n04877 n05391	n02301 n03643 n04756	84		true
n04026	23	0.1850	n00926 n05518 n06419	n03811 n05570 n06106	327		true
n04027	20	0.1850	n04721	n01234 n04398 n08061	146		true
n04028	21	0.1850	n07367	n03040 n04089	347		true
n04029	22	0.1850	n02462 n07712	n01148 n02336 n02337 n08162 n09586	240		true
n04030	21	0.1850	n07810	n04906 n05115	198		true
n04031	20	0.1850	n01590	n01842 n02709	207		true
n04032	22	0.1850	n04566 n07290 n08212	n02579 n03186	79		true
n04033	19	0.1850	n06031 n08293	n01294 n01653 n03664	137		true
n04034	19	0.1850	n01335 n04006 n04500 n05277 n08189	n04522 n07661 n08739	217		true
n04035	20	0.1850	n07880	n02405 n03195	233		true
n04036	18	0.1850	n06739 n07275 n08270	n02211 n04420 n04824 n05374	220		true
n04037	16	0.1850	n01538	n00128 n00350	49		true
n04038	17	0.1850	n07064	n00762 n04482	118		true
n04039	16	0.1850	n09008	n02217 n03708	179		true
n04040	15	0.1850	n02403	n01274 n07679	62		true
n04041	15	0.1850	n01960 n08282	n01772 n01928	103		true
n04042	14	0.1850	n04333 n08433	n00326 n02422	130		true
n04043	12	0.1850	n05311 n05882	n00321 n00870	144		true
n04044	12	0.1850	n04235 n07915 n08473	n02530	93		true
n04045	16	0.1850	n04450 n06089	n06160 n07534	167		true
n04046	11	0.1850	n08412	n02021	45		true
n04047	11	0.1850	n05323 n07694 n08190 n08779	n00849	170		true
n04048	13	0.1850	n01636 n01759	n00786 n02225 n03624	59		true
n04049	13	0.1850	n03638	n00427 n07667	183		true
n04050	12	0.1850	n06473 n07128	n00693 n02760	241		true
n04051	12	0.1850	n05452 n07712	n01497 n02918	136		true
n04052	12	0.1850	n03648	n01552	79		true
n04053	12	0.1850	n04088 n09112	n02630	168		true
n04054	13	0.1850	n08569	n03385 n04197	797		true
n04055	12	0.1850	n01135	n01143 n02418	175		true
n04056	12	0.1850	n05317 n09237	n01189 n02825	111		true
n04057	10	0.1850	n02315 n04530	n00130	29		true
n04058	10	0.1850	n04671 n06135 n07881	n00328 n00956	148		true
n04059	10	0.1850	n03804 n05902 n05919	n00241	267		true
n04060	12	0.1850	n00099 n06663	n02854 n03138	283		true
n04061	10	0.1850	n05758 n06071 n07974	n03441	129		true
n04062	10	0.1850	n04231 n06241	n03572	226		true
n04063	10	0.1850	n04546 n05671 n06774 n08534 n08813	n02924	95		true
n04064	10	0.1850	n00448 n01793 n02864 n08332	n00530	203		true
n04065	79	0.1800	n04108 n06416 n08190	n00897 n02483 n03960	631		true
n04066	67	0.1800	n02396 n04007 n05188 n05391 n06963 n08191 n08194	n00704 n04367 n04371 n05680	742		true
n04067	71	0.1800	n02137 n03311	n02570 n08096	1116		true
n04068	53	0.1800	n03352 n04260	n03224 n06435 n08245	659		true
n04069	45	0.1800	n03488	n04787 n04973	579		true
n04070	32	0.1800	n04867	n00517 n01156 n01215 n02400	472		true
n04071	32	0.1800	n05191 n08256	n01706 n08318	163		true
n04072	31	0.1800	n03225	n04133 n06017 n08721	541		true
n04073	33	0.1800	n04971	n04214 n05865 n08919	401		true
n04074	30	0.1800	n02836 n04319 n06002	n04524 n07796	141		true
n04075	27	0.1800	n07773 n08230	n02357 n05896	294		true
n04076	28	0.1800	n03965	n01862 n07429	312		true
n04077	28	0.1800	n01884	n01020 n07793	418		true
n04078	24	0.1800	n01705 n08843	n02262 n03254 n03324 n04150	320		true
n04079	21	0.1800	n05277 n06453 n08779 n08803	n01791	189		true
n04080	23	0.1800	n07013 n07276	n01519 n02870 n06081 n07474	194		true
n04081	26	0.1800	n02697 n06209 n07274	n02038 n05031 n05874	246		true
n04082	25	0.1800	n08959	n01908 n06569 n07442	277		true
n04083	29	0.1800	n04212	n03233 n03614 n05141 n05554 n07567 n09467	254		true
n04084	19	0.1800	n02936	n01998 n02109	220		true
n04085	22	0.1800	n05315	n04812 n08602	388		true
n04086	19	0.1800	n04269 n04800 n06017	n01941 n04288	458		true
n04087	17	0.1800	n04507 n06468 n08998	n01295 n05482	162		true
n04088	19	0.1800	n03192 n07422	n02994 n03087 n04053 n04944 n06939 n09441 n09609	256		true
n04089	16	0.1800	n04028 n07396	n02582 n02883 n05370	341		true
n04090	15	0.1800	n08357 n08893	n00359 n02989	141		true
n04091	16	0.1800	n07051	n01121 n03623 n03894 n06607	145		true
n04092	14	0.1800	n05200 n05430	n00397 n01949 n03882	140		true
n04093	14	0.1800	n04461 n05334 n06032 n07299 n07770 n08353 n08776 n09014	n01821 n03051	438		true
n04094	13	0.1800	n01815 n07058	n01185 n02352	177		true
n04095	12	0.1800	n01232 n02942 n06043	n02056	407		true
n04096	13	0.1800	n04395 n06084	n01290 n08160	345		true
n04097	12	0.1800	n08465	n03476	189		true
n04098	14	0.1800	n02784 n04729	n00320 n05260	192		true
n04099	15	0.1800	n01335 n02137 n04006 n04500 n05277 n07274 n08189	n02791	214		true
n04100	14	0.1800	n08942	n01830 n05801	169		true
n04101	12	0.1800	n06520 n08015	n02852	86		true
n04102	11	0.1800	n02704 n06483	n00809	155		true
n04103	11	0.1800	n05018 n06794 n07449	n03253 n03667	96		true
n04104	12	0.1800	n03984 n06307	n02878 n03028 n03726	185		true
n04105	10	0.1800	n05912 n06286 n08914 n09247	n01190	279		true
n04106	10	0.1800	n03042 n05915 n08040 n09355	n01283 n02598	173		true
n04107	11	0.1800	n03077 n06300 n09311	n01243	120		true
n04108	2727	0.1750		n00662 n00970 n01109 n01224 n02141 n02230 n02443 n02627 n02852 n02882 n02911 n02976 n02991 n03013 n03066 n03129 n03213 n03274 n03302 n03364 n03405 n03445 n03481 n03519 n03536 n03545 n03681 n03729 n03787 n03824 n03850 n03927 n04065 n04137 n04139 n04144 n04156 n04176 n04220 n04262 n04267 n04366 n04396 n04415 n04431 n04433 n04457 n04509 n04618 n04635 n04648 n04669 n04718 n04759 n04785 n04855 n04864 n04874 n04896 n04898 n04922 n04936 n04961 n04962 n04979 n04980 n04987 n04992 n04993 n05006 n05011 n05017 n05034 n05049 n05065 n05078 n05085 n05094 n05096 n05108 n05139 n05151 n05163 n05223 n05224 n05229 n05239 n05257 n05282 n05293 n05301 n05317 n05321 n05344 n05351 n05374 n05399 n05433 n05446 n05481 n05507 n05509 n05519 n05548 n05573 n05574 n05613 n05615 n05641 n05642 n05645 n05649 n05660 n05663 n05696 n05698 n05702 n05752 n05804 n05814 n05822 n05829 n05830 n05837 n05844 n05868 n05883 n05913 n05919 n05920 n05927 n05954 n05959 n05973 n05984 n05987 n05989 n05992 n06001 n06022 n06024 n06025 n06071 n06117 n06137 n06142 n06155 n06176 n06179 n06183 n06198 n06226 n06243 n06262 n06296 n06297 n06313 n06315 n06331 n06335 n06382 n06408 n06417 n06420 n06433 n06440 n06445 n06446 n06457 n06460 n06461 n06463 n06467 n06469 n06482 n06522 n06524 n06537 n06547 n06553 n06585 n06589 n06597 n06606 n06648 n06654 n06668 n06675 n06692 n06736 n06745 n06763 n06772 n06785 n06787 n06794 n06803 n06816 n06822 n06825 n06826 n06848 n06850 n06878 n06890 n06895 n06906 n06911 n06919 n06922 n06924 n06927 n06933 n06967 n06968 n06972 n06975 n06978 n06986 n06988 n06996 n07009 n07031 n07036 n07047 n07078 n07080 n07103 n07106 n07112 n07127 n07137 n07138 n07147 n07148 n07158 n07163 n07169 n07170 n07176 n07190 n07193 n07203 n07222 n07227 n07239 n07240 n07289 n07293 n07297 n07300 n07309 n07310 n07313 n07321 n07327 n07330 n07337 n07348 n07364 n07368 n07383 n07385 n07398 n07407 n07412 n07413 n07416 n07421 n07428 n07432 n07438 n07450 n07453 n07472 n07477 n07478 n07483 n07486 n07487 n07501 n07507 n07517 n07528 n07537 n07549 n07560 n07569 n07577 n07581 n07593 n07594 n07621 n07629 n07633 n07635 n07642 n07647 n07653 n07664 n07666 n07674 n07686 n07703 n07704 n07709 n07711 n07720 n07729 n07733 n07739 n07743 n07746 n07750 n07755 n07756 n07760 n07762 n07770 n07772 n07773 n07778 n07779 n07791 n07792 n07795 n07802 n07808 n07811 n07825 n07830 n07837 n07844 n07855 n07860 n07861 n07868 n07883 n07921 n07962 n07978 n07979 n07992 n07998 n08010 n08018 n08026 n08040 n08055 n08073 n08076 n08090 n08093 n08096 n08104 n08109 n08113 n08126 n08136 n08142 n08149 n08176 n08192 n08198 n08201 n08209 n08211 n08217 n08218 n08221 n08230 n08234 n08236 n08259 n08264 n08269 n08278 n08285 n08310 n08326 n08335 n08350 n08358 n08382 n08392 n08393 n08396 n08397 n08411 n08412 n08413 n08419 n08425 n08438 n08455 n08456 n08459 n08466 n08471 n08472 n08475 n08485 n08493 n08494 n08517 n08527 n08530 n08548 n08550 n08560 n08561 n08589 n08597 n08600 n08605 n08608 n08614 n08641 n08643 n08647 n08656 n08657 n08663 n08671 n08673 n08683 n08686 n08689 n08690 n08708 n08725 n08730 n08748 n08756 n08764 n08765 n08770 n08794 n08799 n08809 n08812 n08820 n08834 n08839 n08841 n08842 n08843 n08847 n08850 n08856 n08869 n08872 n08888 n08890 n08934 n08935 n08938 n08953 n08969 n08972 n08978 n08981 n08984 n08995 n08997 n09000 n09003 n09004 n09007 n09008 n09014 n09015 n09018 n09031 n09045 n09054 n09076 n09082 n09100 n09117 n09122 n09130 n09131 n09151 n09153 n09155 n09163 n09165 n09166 n09175 n09183 n09197 n09198 n09207 n09212 n09214 n09230 n09237 n09242 n09259 n09275 n09287 n09292 n09293 n09295 n09300 n09306 n09310 n09312 n09319 n09327 n09338 n09347 n09354 n09355 n09363 n09370 n09374 n09384 n09385 n09396 n09401 n09402 n09408 n09412 n09413 n09414 n09419 n09420 n09436 n09442 n09449 n09450 n09457 n09459 n09468 n09469 n09470 n09473 n09475 n09479 n09492 n09493 n09496 n09498 n09502 n09503 n09508 n09509 n09523 n09524 n09527 n09531 n09537 n09543 n09548 n09555 n09557 n09568 n09595 n09613 n09616	11654		true
n04109	62	0.1750	n05394	n02572 n02738 n02890	931		true
n04110	38	0.1750	n03105 n08779	n00192 n04315	132		true
n04111	46	0.1750	n01990 n02645 n04782 n05808	n02572 n03743 n06750	911		true
n04112	35	0.1750	n08237	n03099 n03266 n06141 n07805	247		true
n04113	33	0.1750	n02925 n03142	n02093 n05755	114		true
n04114	33	0.1750	n05830	n05041 n06011 n07972	198		true
n04115	27	0.1750	n01399 n05072	n00572 n07433	156		true
n04116	25	0.1750	n03268 n07275 n08190 n08777 n08778	n07591 n07810	217		true
n04117	35	0.1750	n03736	n02663 n03639 n04883 n05879 n07141 n07550 n08467	363		true
n04118	24	0.1750	n04714	n02843 n04382	102		true
n04119	26	0.1750	n05840 n07274 n07276 n08189 n08776 n08777 n08778	n00010 n04912	236		true
n04120	25	0.1750	n04223	n01301 n05228 n08357	188		true
n04121	30	0.1750	n03494	n03424 n07030	322		true
n04122	25	0.1750	n01907 n05665 n06686	n04818 n05029 n05543 n06324	200		true
n04123	20	0.1750	n03108 n05203 n07001	n00033 n02003	83		true
n04124	21	0.1750	n02274 n04272	n01619	243		true
n04125	21	0.1750	n02011	n02869 n06365 n06847	148		true
n04126	17	0.1750	n00999	n01322 n05603	59		true
n04127	15	0.1750	n07694 n08354	n00770 n01782	138		true
n04128	14	0.1750	n05212 n08917	n01467 n04254	130		true
n04129	14	0.1750	n06777	n00380 n02156	106		true
n04130	13	0.1750	n02782 n03279	n02414 n04952	63		true
n04131	14	0.1750	n02782	n04931 n04952	73		true
n04132	14	0.1750	n07889 n08343 n09106	n01712 n01929	76		true
n04133	13	0.1750	n03548 n04072 n05680 n08792	n00148 n00363	404		true
n04134	17	0.1750	n04006 n04500 n05109 n05277 n08189	n01142 n02551	613		true
n04135	13	0.1750	n06285	n02077 n05652 n07255	61		true
n04136	13	0.1750	n05323 n07694 n08190 n08779	n01850 n02598	208		true
n04137	12	0.1750	n04108 n06214 n06808 n07275 n07276	n01139 n03092	185		true
n04138	14	0.1750	n01318 n08523	n02349 n02660	40		true
n04139	15	0.1750	n02137 n04006 n04108 n04500 n05277 n05659 n06416 n06963 n07275 n07276 n08189 n08190 n08776 n08777 n08778	n02536 n02955 n07273 n09562	296		true
n04140	12	0.1750	n03639 n07815	n02913 n02963	92		true
n04141	11	0.1750	n07962	n01343 n01851	210		true
n04142	11	0.1750	n01814 n02654	n00839 n01683	102		true
n04143	13	0.1750	n05128 n06430	n01054	196		true
n04144	14	0.1750	n02137 n04006 n04108 n04500 n05277 n05659 n06416 n06963 n07274 n07275 n07276 n08189 n08190 n08776 n08777 n08778	n03299 n09373	253		true
n04145	11	0.1750	n07696	n01167	181		true
n04146	11	0.1750	n03417 n05595	n03585	179		true
n04147	10	0.1750	n04654 n05926	n02246	97		true
n04148	13	0.1750	n04342	n03904	289		true
n04149	11	0.1750	n07581	n00890 n01656	141		true
n04150	10	0.1750	n02974 n04078 n06846 n07086 n09333	n00455 n03306	94		true
n04151	11	0.1750	n04174 n07694 n08947	n00580 n03715	86		true
n04152	11	0.1750	n04821 n09286	n01484 n02539	352		true
n04153	10	0.1717	n09343	n00421	58		true
n04154	66	0.1700	n04258	n02887 n05510 n06979 n08832	914		true
n04155	44	0.1700	n08794	n00189 n01000 n01837	503		true
n04156	58	0.1700	n02396 n04108 n04704 n07694 n08190 n08779	n02613 n06207	958		true
n04157	35	0.1700	n07310 n08190	n02804 n04017	358		true
n04158	34	0.1700	n05186 n06429	n04211 n07207 n08297	195		true
n04159	40	0.1700	n04371	n04316 n06064	582		true
n04160	38	0.1700	n03145 n04706	n03745 n04999 n07375 n08044	199		true
n04161	29	0.1700	n01673 n04207 n04507 n04865	n01295 n02647 n05422	200		true
n04162	23	0.1700	n06437 n07293 n08192 n08204	n02077 n04727 n05476 n06392	115		true
n04163	29	0.1700	n05523	n02983 n03640 n04599 n04745	162		true
n04164	24	0.1700	n06445 n07023 n08218	n06795 n08074	328		true
n04165	24	0.1700	n04704 n07277 n08779	n05693 n08358	327		true
n04166	23	0.1700	n00840	n02700 n02866	124		true
n04167	25	0.1700	n02396 n04007 n04704 n06663 n06963 n07694 n08191 n08779	n02048 n04495 n06362 n07097	207		true
n04168	21	0.1700	n00572	n01892 n03235 n03329 n05177 n05655	118		true
n04169	20	0.1700	n07029 n08366 n09020	n01817 n04490 n09256	232		true
n04170	19	0.1700	n03680 n05417	n01541 n02503 n05343	132		true
n04171	20	0.1700	n04258 n05099 n08781	n01902 n01979 n05473	304		true
n04172	20	0.1700	n04987	n03613 n04245 n05712	577		true
n04173	15	0.1700	n07283	n00309 n04190	64		true
n04174	18	0.1700	n03039 n06494 n07004	n01469 n02659 n04151 n09505	170		true
n04175	16	0.1700	n04375	n02656 n02987	195		true
n04176	15	0.1700	n02396 n04108 n06663 n06963 n08191 n08779	n01465	204		true
n04177	14	0.1700	n01463	n01593 n02447	306		true
n04178	16	0.1700	n03873 n07051	n01771 n03623 n04849	172		true
n04179	14	0.1700	n02313 n05879	n02713 n02913 n06157	243		true
n04180	15	0.1700	n04600	n02188 n02496	125		true
n04181	13	0.1700	n03040	n01260	59		true
n04182	13	0.1700	n05484	n01729	194		true
n04183	13	0.1700	n03319	n01545	140		true
n04184	12	0.1700	n04804	n02834	117		true
n04185	13	0.1700	n01844 n08350 n08367 n08970	n00108 n02529	99		true
n04186	13	0.1700	n04899	n02715 n04308	178		true
n04187	13	0.1700	n02851	n00906 n01715 n02959	366		true
n04188	13	0.1700	n05711 n08778	n00164 n01007	160		true
n04189	11	0.1700	n04895 n08984 n09131	n00351 n00891	74		true
n04190	11	0.1700	n04173	n00047	51		true
n04191	11	0.1700	n02140 n03966 n06672	n01222 n03716	69		true
n04192	12	0.1700	n03808 n08523	n00824	62		true
n04193	13	0.1700	n08978 n09237	n02825 n02858	127		true
n04194	10	0.1700	n01041 n05600 n06358 n07923 n07952	n00072	39		true
n04195	10	0.1700	n06327 n07362	n01190	246		true
n04196	10	0.1700	n07513		85		true
n04197	10	0.1700	n04054	n01447	65		true
n04198	11	0.1700	n07548	n00340 n02734	73		true
n04199	12	0.1700	n07518	n01750 n03905	92		true
n04200	10	0.1700	n03466 n04602 n08037	n01933	107		true
n04201	10	0.1700	n04734 n06227 n07434 n07798	n00248	102		true
n04202	156	0.1650	n00139	n03487 n03606 n05195 n05512 n05664 n07381 n08732	754		true
n04203	79	0.1650	n02396 n04007 n04704 n05392 n06663 n06963 n07277 n07694 n08191 n08779 n08780	n01273 n01575 n02389 n07194 n08571	884		true
n04204	66	0.1650	n01335 n04006 n04500 n05277	n03488 n05824 n07028	787		true
n04205	46	0.1650	n01335 n04006 n04500 n05277 n08189	n01741 n07503 n08060	583		true
n04206	35	0.1650	n04506	n02483 n08331	469		true
n04207	43	0.1650	n00514 n05659	n03146 n04161 n05097 n06707 n07329	221		true
n04208	32	0.1650	n08231	n01938 n02577 n02737 n07182	116		true
n04209	30	0.1650	n00975	n02839	305		true
n04210	30	0.1650	n07767 n08815	n02121 n03119	353		true
n04211	25	0.1650	n04158 n08235 n08853	n01975 n01996 n05716	105		true
n04212	31	0.1650	n05292	n04083 n08977	277		true
n04213	27	0.1650	n01347	n03117 n07210	393		true
n04214	28	0.1650	n04006 n04073 n05992 n08776	n04989 n05172 n05534 n08619	381		true
n04215	26	0.1650	n02572 n05677 n08790	n05024 n06550 n09081	553		true
n04216	24	0.1650	n01954 n03066 n04015 n07326	n01049 n02486 n09092	321		true
n04217	22	0.1650	n05523 n08271	n03640 n06796	143		true
n04218	26	0.1650	n01778	n05206 n06092 n07087	114		true
n04219	25	0.1650	n05292 n08222	n04290 n08977	247		true
n04220	23	0.1650	n02396 n04108 n04704 n06416 n07274 n07277 n07694 n08190 n08779	n01003 n03122 n03928 n09094	252		true
n04221	20	0.1650	n00780 n03538	n02315 n04530	79		true
n04222	22	0.1650	n02738 n02890 n03498 n06036	n02142 n03077 n03757	452		true
n04223	35	0.1650	n04512	n04120 n05454 n06256	255		true
n04224	23	0.1650	n04799	n07462 n09343	364		true
n04225	19	0.1650	n01082 n02541 n05514 n06973	n00484 n05260	185		true
n04226	18	0.1650	n04445	n02319 n02814	110		true
n04227	19	0.1650	n06211	n02243 n03324	285		true
n04228	18	0.1650	n04016 n05675 n06477	n01794 n03932	73		true
n04229	16	0.1650	n03806 n04883	n03884 n04544 n08028	198		true
n04230	18	0.1650	n06758	n02051	263		true
n04231	17	0.1650	n04258 n05862	n01979 n04062	293		true
n04232	17	0.1650	n07065	n01848 n05951	124		true
n04233	16	0.1650		n02344 n02524 n07682	101		true
n04234	16	0.1650	n01743 n07845	n04779 n06367 n06952	211		true
n04235	16	0.1650	n02137 n02644 n07274 n08189 n08777	n01013 n04044	119		true
n04236	15	0.1650	n08359 n09074	n01406 n03767	178		true
n04237	14	0.1650	n04651	n00636	74		true
n04238	17	0.1650	n05325	n01750 n02020 n06152	120		true
n04239	14	0.1650	n02975 n07376 n07857 n08191 n08779 n08847 n09000	n01355 n03612	216		true
n04240	12	0.1650	n08498	n01898	300		true
n04241	12	0.1650	n04988 n06475	n00603 n01586	324		true
n04242	13	0.1650	n04675 n07796	n02628	36		true
n04243	13	0.1650	n05878	n03618	168		true
n04244	13	0.1650	n03639 n05879 n08381	n02913	68		true
n04245	15	0.1650	n04172 n09031	n01943 n04558	533		true
n04246	12	0.1650	n01759 n07323	n00786	50		true
n04247	12	0.1650	n06854	n02636	113		true
n04248	14	0.1650	n04806 n09010	n01932 n04702 n06187	576		true
n04249	12	0.1650	n02137 n07721	n00396 n00983	71		true
n04250	12	0.1650	n09121	n01826 n03669	253		true
n04251	11	0.1650	n05432 n07076 n08949	n00215 n00248	169		true
n04252	13	0.1650	n05868	n00756 n02719	104		true
n04253	12	0.1650	n09321	n02686 n03626	318		true
n04254	10	0.1650	n04128 n05241	n00985	109		true
n04255	11	0.1650	n00104	n02008 n02245	115		true
n04256	11	0.1650	n02644 n07500	n02636 n03444	113		true
n04257	13	0.1650	n03805 n04485 n07082	n05624	411		true
n04258	145	0.1600	n02396 n04007 n04704 n05392 n06663 n06963 n07277 n07694 n08191 n08779 n08780	n02028 n03961 n04154 n04171 n04231 n04580 n05508 n05516 n06241 n06511 n07439 n07777 n07942 n08476 n08895 n08906 n08967	1445		true
n04259	103	0.1600	n06196	n01439 n01776 n05982	1430		true
n04260	78	0.1600	n03787	n04068 n05067 n08332	978		true
n04261	44	0.1600	n01347 n03680	n03849 n03931	206		true
n04262	41	0.1600	n04006 n04108 n04500 n05277 n07274 n07275 n08190 n08778	n02139 n03027 n04822 n08111 n09193	386		true
n04263	30	0.1600	n06991	n02066 n03740	196		true
n04264	35	0.1600	n06212 n06982 n07695	n00191 n03603 n08019	574		true
n04265	32	0.1600	n03793 n05510 n08781	n04514 n05538	589		true
n04266	28	0.1600	n04636 n04704 n05659 n06416 n07275 n07277 n08776 n08778 n08779	n01617 n04798	310		true
n04267	34	0.1600	n02644 n04108 n06663	n08870	399		true
n04268	27	0.1600	n05678	n02891	427		true
n04269	26	0.1600	n03225 n05517	n02699 n04086	496		true
n04270	26	0.1600	n07324 n08194	n02492 n02865 n03126 n08062	165		true
n04271	28	0.1600	n05300	n01050 n03411 n05613 n07176	817		true
n04272	26	0.1600	n04637 n08836	n04124 n07451	265		true
n04273	22	0.1600	n06024 n08777	n05161 n06782	239		true
n04274	26	0.1600	n02572 n05677 n08790	n05024 n06550 n09081	553		true
n04275	24	0.1600	n05297	n02820 n03456 n03551 n04660 n05118	303		true
n04276	25	0.1600	n06682 n07340	n02988 n06350 n09146	211		true
n04277	22	0.1600	n06723	n06512 n08433	205		true
n04278	24	0.1600	n08275	n01763 n03233 n05141	199		true
n04279	18	0.1600	n03410 n06722	n01407 n05587	127		true
n04280	18	0.1600	n03107 n08945	n02072	240		true
n04281	17	0.1600	n00003	n02494 n04771	13		true
n04282	16	0.1600	n03146 n05097	n00119 n00585	95		true
n04283	17	0.1600	n04326	n03467 n09291	137		true
n04284	17	0.1600	n02126 n08792	n00148 n01305 n09541	458		true
n04285	18	0.1600	n02483 n05698 n08331	n01729 n08574	249		true
n04286	20	0.1600	n06732	n01357 n02748	362		true
n04287	18	0.1600	n01560	n02591 n04470 n04548	216		true
n04288	15	0.1600	n03594 n03976 n04086	n01241 n01562	388		true
n04289	14	0.1600	n08346 n08971 n09005 n09006	n00560 n01036	120		true
n04290	16	0.1600	n04219 n07101	n03614 n04484	169		true
n04291	16	0.1600	n02333 n07780	n01766 n02756 n05774 n08672	131		true
n04292	14	0.1600	n02972 n07323	n00783 n04694	69		true
n04293	12	0.1600	n08395	n01365	219		true
n04294	14	0.1600	n02647 n07063 n08892	n00119 n00600	87		true
n04295	12	0.1600	n03233	n01876	97		true
n04296	11	0.1600	n02067 n02702	n00163	115		true
n04297	11	0.1600	n02169	n00495	277		true
n04298	11	0.1600	n07959	n01459 n03210	387		true
n04299	12	0.1600	n08037	n01933	105		true
n04300	11	0.1600	n03867	n00164 n00556	112		true
n04301	11	0.1600	n02163 n06292	n00823	53		true
n04302	10	0.1600	n05154	n02287	65		true
n04303	11	0.1600	n03971 n07728	n01112 n03030	98		true
n04304	11	0.1600	n01863 n04679	n00321	142		true
n04305	11	0.1600	n01003 n03122	n00115 n00461	191		true
n04306	10	0.1600		n00282	37		true
n04307	10	0.1600	n05031 n08042	n00623 n00922	104		true
n04308	10	0.1600	n04186	n00933	130		true
n04309	11	0.1582	n00744	n00123	48		true
n04310	10	0.1579	n00689	n00253 n02968	75		true
n04311	10	0.1566	n01780 n01880 n06663 n07694	n00065	97		true
n04312	49	0.1550	n05813	n02460	328		true
n04313	45	0.1550	n04368	n06006 n07728	440		true
n04314	36	0.1550	n06203 n06419	n01940 n06696	267		true
n04315	33	0.1550	n04110	n02464 n03651	115		true
n04316	35	0.1550	n04159 n05808	n01660 n07835	563		true
n04317	33	0.1550	n08845	n03316 n07854 n07999	294		true
n04318	33	0.1550	n05195	n02140 n04518 n06378	227		true
n04319	32	0.1550	n01347 n03680	n02485 n04074 n04587	141		true
n04320	32	0.1550	n05987 n07274	n02673 n09030 n09209	422		true
n04321	28	0.1550	n02138 n06698	n02619 n03917	103		true
n04322	26	0.1550	n02926 n08191	n02938 n03629 n04025	225		true
n04323	26	0.1550	n02137 n08189 n08267 n08778	n06034	308		true
n04324	31	0.1550	n02888	n01977 n04363 n07136	319		true
n04325	22	0.1550	n03592 n08829	n02334 n02967 n04597 n09405	82		true
n04326	26	0.1550	n06026	n01011 n01676 n04283 n07895	180		true
n04327	27	0.1550	n04642	n01649 n03152 n06651 n08173	242		true
n04328	23	0.1550	n03736 n06015	n02313 n05879	300		true
n04329	23	0.1550	n04516 n04973 n06442	n02014 n04735 n05266 n08156	416		true
n04330	18	0.1550	n04983 n07774	n04906 n06534 n07591	152		true
n04331	18	0.1550	n00478	n01647 n02129	38		true
n04332	19	0.1550	n05308	n03251 n04463	153		true
n04333	20	0.1550	n06723 n08274	n04042 n04662 n09486	157		true
n04334	18	0.1550	n02805 n05293	n01062 n08553	172		true
n04335	17	0.1550	n03452	n01266 n05031	136		true
n04336	16	0.1550	n04881	n01177 n02446	125		true
n04337	19	0.1550	n02396 n04704 n06663 n06963 n07694 n08191 n08779	n02185 n03129 n09378	261		true
n04338	16	0.1550	n05303 n08776	n02818 n02819	457		true
n04339	15	0.1550	n02644	n01406 n02991	179		true
n04340	14	0.1550	n06462	n03660	67		true
n04341	14	0.1550	n03362	n01443	220		true
n04342	17	0.1550	n08936	n03839 n04148 n05044 n08049	314		true
n04343	16	0.1550	n04583 n04656 n06476	n02240	804		true
n04344	14	0.1550	n07263	n01356 n02411	91		true
n04345	13	0.1550	n01743	n00415 n00732	162		true
n04346	14	0.1550	n05691 n06483 n08460	n00809 n03212 n03389	196		true
n04347	14	0.1550	n01844 n07276	n00108 n02310	113		true
n04348	15	0.1550	n01180 n01535 n02123 n05428	n02470 n03395 n05063	140		true
n04349	15	0.1550	n05328	n05778	125		true
n04350	12	0.1550	n04670	n02729	137		true
n04351	15	0.1550	n06553 n08889	n02858 n03300 n08116	180		true
n04352	15	0.1550	n02783 n09158	n02771 n08606	191		true
n04353	13	0.1550	n07121	n00601 n02370	190		true
n04354	13	0.1550	n02299 n04458	n01068 n04561	147		true
n04355	12	0.1550	n04466 n04536 n06470	n00353 n01369	200		true
n04356	11	0.1550	n04817 n07110 n08506	n02734	89		true
n04357	11	0.1550	n05605 n08937	n02827	489		true
n04358	12	0.1550	n02146 n04660	n00578	156		true
n04359	12	0.1550	n06544	n00884 n03094	298		true
n04360	11	0.1550	n08909	n01458	93		true
n04361	12	0.1550	n05900 n07877	n01057 n02885	402		true
n04362	11	0.1550	n06586	n00529	95		true
n04363	10	0.1550	n02543 n02973 n04324 n04917 n05100 n06983	n01518	104		true
n04364	10	0.1550	n05351 n07226 n07227 n07628	n02350	374		true
n04365	11	0.1550	n09048 n09124	n00331 n02637	163		true
n04366	66	0.1500	n04006 n04108 n04500 n05277 n07275 n08189 n08190 n08778	n01030 n04792 n05192 n06667	110		true
n04367	58	0.1500	n04066 n06663	n03032 n06064 n07835	704		true
n04368	54	0.1500	n06668	n03263 n04313	541		true
n04369	53	0.1500	n02397 n05660 n06963 n08189	n01742 n06982 n08317	660		true
n04370	40	0.1500	n04006 n04500 n05277 n08189	n03872 n05832 n05889	573		true
n04371	45	0.1500	n04066 n06663	n04159 n04800 n05598	609		true
n04372	47	0.1500	n03261	n03732 n06818 n08479 n08525	599		true
n04373	35	0.1500	n03589 n06416	n02805	295		true
n04374	38	0.1500	n06963 n06981 n07276 n08776	n01506 n03268	350		true
n04375	27	0.1500	n06685 n07694 n08191 n08779	n00188 n04175	281		true
n04376	28	0.1500	n03033 n03729	n04515	177		true
n04377	31	0.1500	n02232 n03686	n01428 n05869 n09344	266		true
n04378	26	0.1500	n04006 n05277 n05663 n08777	n02359 n06246	171		true
n04379	24	0.1500	n01616	n00519 n04726	207		true
n04380	22	0.1500	n03148	n03046 n04996 n05602	176		true
n04381	20	0.1500	n01662 n08189	n04658	275		true
n04382	21	0.1500	n02329 n04118	n02314 n03650 n06869	87		true
n04383	20	0.1500	n00003	n00633 n06629	51		true
n04384	20	0.1500	n02046 n06964	n02786 n05010	189		true
n04385	18	0.1500	n04983 n07774 n08364	n03163 n05449 n06534	136		true
n04386	17	0.1500	n05204 n08930	n02445 n02521	243		true
n04387	19	0.1500	n04646 n04784	n00805 n04489	157		true
n04388	22	0.1500	n05507	n06587 n07175 n09162	366		true
n04389	20	0.1500	n07040 n08234	n03990 n05719	222		true
n04390	16	0.1500	n04449	n00450 n06950	120		true
n04391	16	0.1500	n01335 n04006 n04500 n05277	n00196 n05757	575		true
n04392	16	0.1500	n09040	n00716 n00904	134		true
n04393	24	0.1500	n05318	n06520 n09051	152		true
n04394	15	0.1500	n01555 n06429	n01710 n03656 n05487	103		true
n04395	17	0.1500	n01100 n02166	n01258 n04096 n07590	373		true
n04396	14	0.1500	n02137 n02644 n04108 n07274 n08189 n08777	n01891 n02949	77		true
n04397	15	0.1500	n04518 n04889	n00990 n03160	123		true
n04398	15	0.1500	n04027 n05887 n05988	n03470	132		true
n04399	14	0.1500	n03980 n06764 n08982	n01036 n03523	68		true
n04400	13	0.1500	n04441 n07274	n00108	157		true
n04401	13	0.1500	n04653	n01184	89		true
n04402	14	0.1500	n00610 n01677	n01544 n03088 n03089	320		true
n04403	14	0.1500	n01604 n02894 n03803	n01896 n03566	172		true
n04404	13	0.1500	n03412 n04585 n05123 n06284	n02004 n03057	164		true
n04405	13	0.1500	n05900	n01057 n01192	432		true
n04406	13	0.1500	n01032	n01289 n03662	189		true
n04407	12	0.1500	n02013	n00712	74		true
n04408	12	0.1500	n06730 n07751 n08478	n00581 n00645	103		true
n04409	14	0.1500	n02396 n08332 n08779	n01054 n05797	211		true
n04410	14	0.1500	n05121	n02916 n03304	280		true
n04411	11	0.1500	n06099 n06100	n00325	939		true
n04412	12	0.1500	n02787 n08189	n01206 n02507	68		true
n04413	12	0.1500	n03607	n00750	98		true
n04414	12	0.1500	n06224 n08824 n09298	n00174 n01572	357		true
n04415	13	0.1500	n02137 n04006 n04108 n04500 n05277 n05659 n06416 n06963 n07274 n07276 n08189 n08190 n08776 n08777 n08778	n01444	212		true
n04416	11	0.1500	n08578		210		true
n04417	11	0.1500	n06560 n08553	n02564	120		true
n04418	11	0.1500	n02644 n08578 n09347	n01307	574		true
n04419	10	0.1500	n00727 n07976 n09217	n02349	37		true
n04420	10	0.1480	n04036 n06735 n06808 n09319	n01139	163		true
n04421	61	0.1450	n02508 n05064	n02163 n04708	177		true
n04422	46	0.1450	n08791	n00941 n02076	363		true
n04423	46	0.1450	n04960	n03266 n06141 n08235	293		true
n04424	57	0.1450	n04707	n03039 n03106 n05343 n07236 n07797 n08947	491		true
n04425	47	0.1450	n07707	n01439 n05404 n05693	630		true
n04426	43	0.1450	n04782	n05196 n05687 n07839	652		true
n04427	36	0.1450	n05512	n06216	169		true
n04428	44	0.1450	n02836	n05521 n06027 n07796	215		true
n04429	37	0.1450	n05513	n03403 n04020	232		true
n04430	34	0.1450	n03789 n05277 n05659 n06205 n08778	n03265 n04491	536		true
n04431	36	0.1450	n02137 n04006 n04108 n04500 n05277 n05659 n06416 n06963 n07274 n07275 n07276 n08189 n08190 n08776 n08777 n08778	n02255 n05305 n06439	330		true
n04432	35	0.1450	n07311	n01884 n05596 n07977	465		true
n04433	31	0.1450	n02137 n04006 n04108 n04500 n05659 n06416 n06963 n07275 n08190 n08776 n08778	n03539 n04586	1355		true
n04434	36	0.1450	n08287	n03968 n04585 n06284	564		true
n04435	30	0.1450	n07291 n07318 n08777	n02257 n04797	219		true
n04436	30	0.1450	n05513	n04020 n07987 n08911	226		true
n04437	27	0.1450	n01427 n03858	n02435 n05851	178		true
n04438	29	0.1450	n05082	n06040 n07646	973		true
n04439	26	0.1450	n03856	n02576 n05091	171		true
n04440	23	0.1450	n05202 n08815	n00360 n01340	261		true
n04441	23	0.1450	n08872	n01638 n04400 n08367	385		true
n04442	25	0.1450	n03179	n00945 n01842 n06363 n07451	236		true
n04443	26	0.1450	n07720 n08890 n08922	n06099 n07849 n09565	1164		true
n04444	24	0.1450	n06427 n06448 n07719	n00296 n01116	521		true
n04445	24	0.1450	n06005 n07696	n02030 n04226 n07884	159		true
n04446	24	0.1450	n06010	n02742 n05946 n09247	441		true
n04447	32	0.1450	n04794	n02783 n03417 n05595 n09158 n09485	452		true
n04448	21	0.1450	n01995	n00397 n01949 n01957	217		true
n04449	19	0.1450	n02066	n04390 n06532	143		true
n04450	25	0.1450	n08879	n02580 n04045	383		true
n04451	17	0.1450	n05519 n06747 n08897 n08956	n02705	337		true
n04452	16	0.1450	n05699	n00640 n01915	110		true
n04453	16	0.1450	n02137 n03229	n00102 n05258	92		true
n04454	17	0.1450	n00445	n01352 n03447 n05493	26		true
n04455	16	0.1450	n06260	n02561 n05754	264		true
n04456	15	0.1450	n04976 n05667 n08373 n08833	n00016 n01642	170		true
n04457	16	0.1450	n03152 n04108 n06963 n07275 n08778	n00966 n02021	137		true
n04458	17	0.1450	n00942 n01707 n08776	n04354 n04953	180		true
n04459	15	0.1450	n01335 n05835	n01868 n02849	392		true
n04460	18	0.1450	n00001 n00096 n00444	n04477 n05388 n08540	62		true
n04461	22	0.1450	n07411 n08190 n08314	n03703 n04093 n04622 n08544	697		true
n04462	14	0.1450	n07805	n01249	59		true
n04463	16	0.1450	n04332 n06975 n08190 n08776	n00058 n00957 n01367 n01856	134		true
n04464	14	0.1450	n01508	n00851 n02341	42		true
n04465	14	0.1450	n00877 n04018	n00452 n03620	190		true
n04466	17	0.1450	n02886 n06963 n08776 n08777 n08778	n01105 n04355 n05956	297		true
n04467	15	0.1450	n04663 n06979	n02620 n08769	200		true
n04468	14	0.1450	n00098 n05111	n01513 n03200	362		true
n04469	13	0.1450	n01429 n01777 n07728	n01151	208		true
n04470	14	0.1450	n04287 n05281 n08223	n03301 n05167	196		true
n04471	14	0.1450	n09099	n03085	107		true
n04472	13	0.1450	n06973	n01728	193		true
n04473	13	0.1450	n01335 n04006 n04500 n05277 n08189	n00557 n03161	302		true
n04474	13	0.1450	n03322	n00980 n01551	72		true
n04475	17	0.1450	n03279 n07879	n02414 n09481 n09482	79		true
n04476	12	0.1450	n01885 n08582	n00470 n01225	228		true
n04477	11	0.1450	n04460 n05112	n00930	38		true
n04478	11	0.1450	n05714 n06492	n01058	43		true
n04479	12	0.1450	n03647 n06838	n01695	297		true
n04480	11	0.1450	n03697 n06814 n09145	n01670 n02390 n03671	147		true
n04481	11	0.1450	n00877 n04018	n01630 n02036	151		true
n04482	12	0.1450	n04038 n07516	n01681	91		true
n04483	11	0.1450	n07856 n08428	n01206	48		true
n04484	12	0.1450	n04290 n05916	n02023	149		true
n04485	17	0.1450	n06841	n02720 n04257	432		true
n04486	11	0.1450	n03817	n01532 n02119	280		true
n04487	11	0.1450	n05341	n02025	202		true
n04488	12	0.1450	n03283	n01111 n03441	117		true
n04489	10	0.1450	n04387	n00880	98		true
n04490	11	0.1450	n04169 n07544	n01279 n03573	152		true
n04491	10	0.1450	n04430 n04821 n06770	n01951	270		true
n04492	10	0.1450	n00762 n09210	n01025	76		true
n04493	10	0.1450	n09153	n00933	101		true
n04494	10	0.1450	n06014 n06311		124		true
n04495	11	0.1450	n04167 n06703 n06783 n06991 n08954	n00242 n01784	92		true
n04496	11	0.1450	n07539 n09226	n02962	125		true
n04497	10	0.1450	n02184 n07947	n00493	259		true
n04498	11	0.1450	n05724 n09177 n09311	n01243 n02860	106		true
n04499	11	0.1407	n01647	n01097	37		true
n04500	2607	0.1400		n00415 n00571 n00869 n01227 n01348 n01617 n01782 n02230 n02401 n02725 n02976 n03009 n03013 n03055 n03066 n03213 n03302 n03311 n03321 n03340 n03353 n03364 n03370 n03405 n03545 n03681 n03729 n03824 n03850 n03927 n03954 n03981 n04034 n04099 n04134 n04139 n04144 n04204 n04205 n04262 n04366 n04370 n04391 n04415 n04431 n04433 n04473 n04509 n04635 n04669 n04670 n04718 n04721 n04759 n04785 n04855 n04868 n04874 n04896 n04916 n04917 n04922 n04974 n05034 n05048 n05049 n05065 n05085 n05094 n05108 n05151 n05157 n05223 n05239 n05257 n05264 n05301 n05307 n05314 n05317 n05321 n05351 n05372 n05374 n05446 n05507 n05509 n05519 n05548 n05573 n05574 n05649 n05663 n05668 n05696 n05752 n05763 n05783 n05809 n05814 n05829 n05830 n05834 n05837 n05844 n05858 n05883 n05898 n05913 n05919 n05954 n05959 n05969 n05973 n05984 n05988 n05989 n06022 n06024 n06025 n06030 n06063 n06090 n06136 n06137 n06149 n06165 n06186 n06198 n06200 n06214 n06262 n06275 n06298 n06315 n06331 n06359 n06364 n06370 n06381 n06382 n06386 n06408 n06413 n06417 n06433 n06445 n06453 n06461 n06463 n06467 n06469 n06480 n06484 n06518 n06537 n06553 n06568 n06585 n06592 n06596 n06621 n06648 n06668 n06674 n06752 n06789 n06790 n06803 n06808 n06816 n06851 n06856 n06881 n06895 n06906 n06907 n06908 n06911 n06919 n06921 n06922 n06924 n06943 n06967 n06968 n06972 n06986 n06996 n07009 n07018 n07023 n07031 n07036 n07047 n07059 n07080 n07104 n07106 n07112 n07113 n07124 n07127 n07137 n07138 n07142 n07169 n07170 n07189 n07193 n07195 n07202 n07203 n07218 n07222 n07226 n07227 n07231 n07232 n07240 n07242 n07247 n07279 n07287 n07289 n07293 n07297 n07313 n07327 n07330 n07337 n07364 n07367 n07377 n07383 n07407 n07412 n07416 n07432 n07440 n07450 n07477 n07486 n07487 n07496 n07501 n07507 n07517 n07524 n07528 n07536 n07537 n07538 n07560 n07563 n07564 n07569 n07571 n07577 n07594 n07620 n07629 n07634 n07637 n07651 n07653 n07659 n07662 n07664 n07666 n07681 n07704 n07711 n07717 n07729 n07739 n07745 n07750 n07756 n07757 n07760 n07762 n07772 n07773 n07776 n07779 n07787 n07791 n07792 n07795 n07802 n07808 n07811 n07825 n07840 n07844 n07855 n07860 n07862 n07870 n07873 n07883 n07921 n07936 n07945 n07947 n07949 n07956 n07962 n07978 n07979 n07992 n08003 n08010 n08012 n08026 n08055 n08073 n08088 n08093 n08097 n08099 n08104 n08124 n08125 n08126 n08127 n08132 n08136 n08138 n08144 n08145 n08147 n08148 n08149 n08176 n08178 n08192 n08198 n08201 n08217 n08218 n08230 n08234 n08259 n08264 n08275 n08277 n08278 n08284 n08295 n08296 n08303 n08306 n08308 n08328 n08350 n08374 n08377 n08382 n08388 n08392 n08393 n08412 n08413 n08419 n08426 n08438 n08442 n08466 n08471 n08475 n08485 n08488 n08491 n08494 n08530 n08533 n08550 n08589 n08614 n08634 n08641 n08643 n08647 n08656 n08657 n08664 n08665 n08666 n08669 n08673 n08688 n08708 n08714 n08717 n08723 n08725 n08765 n08770 n08789 n08795 n08799 n08803 n08805 n08809 n08820 n08825 n08834 n08839 n08841 n08843 n08850 n08854 n08868 n08869 n08872 n08875 n08880 n08885 n08888 n08908 n08909 n08933 n08934 n08935 n08936 n08938 n08942 n08953 n08955 n08974 n08975 n08978 n08981 n08984 n08985 n08996 n08997 n09000 n09007 n09008 n09015 n09029 n09044 n09045 n09054 n09075 n09079 n09082 n09100 n09116 n09122 n09130 n09131 n09151 n09153 n09161 n09165 n09175 n09179 n09184 n09212 n09214 n09232 n09233 n09235 n09239 n09240 n09241 n09242 n09248 n09275 n09282 n09287 n09292 n09308 n09312 n09319 n09320 n09354 n09364 n09374 n09383 n09384 n09385 n09401 n09412 n09414 n09416 n09429 n09436 n09447 n09449 n09450 n09457 n09462 n09468 n09469 n09470 n09473 n09478 n09479 n09492 n09493 n09502 n09509 n09519 n09527 n09531 n09533 n09539 n09540 n09543 n09545 n09548 n09549 n09571 n09594 n09595 n09607 n09608 n09613 n09616	10939		true
n04501	76	0.1400	n04955	n01812 n02203 n04730 n07886	506		true
n04502	79	0.1400	n03534	n01348 n01858 n05278 n06453	985		true
n04503	54	0.1400	n08786	n00744 n04791 n05240	192		true
n04504	49	0.1400	n01347 n03680	n03142 n07353 n08342 n08355	454		true
n04505	36	0.1400	n05823 n07290	n01503 n07322	138		true
n04506	40	0.1400	n08812	n01992 n04206	469		true
n04507	40	0.1400	n01937	n04087 n04161 n08299	239		true
n04508	33	0.1400	n07309	n01869 n03114	445		true
n04509	43	0.1400	n02137 n04006 n04108 n04500 n05277 n05659 n06416 n07274 n07275 n07276 n08190 n08778	n03313 n04814	447		true
n04510	34	0.1400	n08828	n03967 n06475 n07361	640		true
n04511	27	0.1400	n08811	n00014 n00104	212		true
n04512	36	0.1400	n05074 n06218	n04223	293		true
n04513	25	0.1400	n06998	n00372 n04647	122		true
n04514	27	0.1400	n04265 n08782 n08787	n03422 n07836 n09443	415		true
n04515	25	0.1400	n02181 n03910 n04376	n01492 n02809	158		true
n04516	25	0.1400	n08846	n04329 n05009	430		true
n04517	23	0.1400	n02093	n01325 n02097 n03925	75		true
n04518	25	0.1400	n04318 n05512	n04397 n05564 n06053	197		true
n04519	20	0.1400	n05856	n02051 n07680	268		true
n04520	18	0.1400	n02895	n05012	80		true
n04521	20	0.1400	n07851	n03941 n06779	130		true
n04522	16	0.1400	n02401 n04034 n07038	n01135	198		true
n04523	16	0.1400	n08378	n01309 n02321	59		true
n04524	15	0.1400	n02485 n04074 n04587	n02628 n03759	44		true
n04525	15	0.1400	n00900 n04879	n03518	40		true
n04526	15	0.1400	n01776 n06478	n00902 n09529	176		true
n04527	15	0.1400	n07762	n00110 n00224	136		true
n04528	17	0.1400	n01603	n00124 n01711	239		true
n04529	14	0.1400	n05211	n01519 n03428 n07237	112		true
n04530	14	0.1400	n03226 n04221	n01323 n04057	45		true
n04531	16	0.1400	n05548 n07009	n00108 n00788	197		true
n04532	20	0.1400	n03864	n03869 n04539 n05042 n06350	186		true
n04533	14	0.1400	n06266 n06470 n09004	n00170 n00353	176		true
n04534	18	0.1400	n01881 n05220 n06419	n02710 n08135 n08554	352		true
n04535	20	0.1400	n06491 n08779	n02855 n05886	221		true
n04536	15	0.1400	n01115	n04355	201		true
n04537	15	0.1400	n08394	n03527 n09574	86		true
n04538	13	0.1400	n01743	n00143 n03524	190		true
n04539	13	0.1400	n04532 n05562 n09598	n00842	126		true
n04540	13	0.1400	n03017 n05896	n01393	125		true
n04541	13	0.1400	n05108 n05659	n01714 n09532	1181		true
n04542	14	0.1400	n06046 n07940	n01613 n03888	210		true
n04543	13	0.1400	n05565	n00259 n06629	51		true
n04544	12	0.1400	n04229 n05358 n08467	n00855 n01113	91		true
n04545	13	0.1400	n05710	n00916 n01422	245		true
n04546	13	0.1400	n01347 n05996 n07700 n09236	n02324 n04063	102		true
n04547	13	0.1400	n05583	n02024	200		true
n04548	13	0.1400	n02581 n04287	n01306 n02967 n03301	86		true
n04549	14	0.1400	n06091	n01716 n02954	75		true
n04550	11	0.1400	n05575 n09134	n00713	286		true
n04551	12	0.1400	n05345 n07962 n09152	n01851	248		true
n04552	12	0.1400	n06538	n03531	153		true
n04553	11	0.1400	n01347 n03680	n00735	71		true
n04554	11	0.1400	n06663 n06963 n08191 n09271	n00361 n00505	146		true
n04555	10	0.1400	n08419	n00668	151		true
n04556	11	0.1400	n02983 n04745	n00733	68		true
n04557	10	0.1400	n07265	n02830	71		true
n04558	10	0.1400	n02644 n04245 n05712 n09347	n01307	458		true
n04559	11	0.1400	n01321 n05743	n00154 n02161	117		true
n04560	11	0.1400	n03290 n06606 n06825 n06987 n07478 n08776	n01367 n01530	114		true
n04561	10	0.1400	n04354 n04953	n00876 n02161	136		true
n04562	10	0.1400	n08008	n00243	44		true
n04563	13	0.1364	n03409 n06715 n07275 n08190 n08777 n08778	n02216	160		true
n04564	109	0.1350	n02396 n04704 n07277	n02430 n06973 n07767	1054		true
n04565	57	0.1350	n02459	n01090 n01973 n02696 n05842	163		true
n04566	52	0.1350	n00000	n02489 n02573 n04032 n05823 n06424	165		true
n04567	48	0.1350	n06204	n00097 n02487 n02546	436		true
n04568	44	0.1350	n06679	n01419 n02355 n07831 n08755 n09206	523		true
n04569	40	0.1350	n08220	n08851	603		true
n04570	33	0.1350	n07754	n05526 n08345	339		true
n04571	28	0.1350	n05064	n00482 n03317	70		true
n04572	29	0.1350	n01475 n01558 n02776 n04013	n01125 n01974 n02581 n04753 n08180	231		true
n04573	26	0.1350	n08881	n01181 n02067 n06096	255		true
n04574	25	0.1350		n00899	202		true
n04575	27	0.1350	n01575	n01911 n03271	245		true
n04576	28	0.1350	n02271 n05838	n04876 n05004	332		true
n04577	25	0.1350	n07015	n01942 n02739	127		true
n04578	24	0.1350		n03863 n04583 n04656	861		true
n04579	23	0.1350	n02932 n02970	n01886	63		true
n04580	24	0.1350	n04258 n08781	n04661 n06510	374		true
n04581	20	0.1350	n02777 n05842	n00446 n07108 n08594	83		true
n04582	25	0.1350	n01994 n02294	n03602 n05745 n06122 n06859	88		true
n04583	21	0.1350	n04578	n03507 n04343 n06177	860		true
n04584	23	0.1350	n05536 n08800	n06541 n06815	163		true
n04585	22	0.1350	n04434	n03987 n04404 n08009	456		true
n04586	17	0.1350	n04433 n05277 n08189	n02078 n05902	378		true
n04587	20	0.1350	n04319 n06002	n04524 n05877 n05903	51		true
n04588	17	0.1350	n04877	n02301 n03550	86		true
n04589	17	0.1350	n01923 n02484	n01070 n01514	108		true
n04590	18	0.1350	n07018	n02450 n02909 n05036 n05156 n06366	390		true
n04591	18	0.1350	n02396	n01422 n05377	338		true
n04592	18	0.1350	n02140	n01222 n03991 n05978	143		true
n04593	17	0.1350	n01960 n02740	n01928 n05614	111		true
n04594	19	0.1350	n08372	n01621 n06118	339		true
n04595	17	0.1350	n07394	n03198 n05371	182		true
n04596	15	0.1350	n03742	n02453 n03567	78		true
n04597	17	0.1350	n04325 n08346 n08982	n00281 n01036	66		true
n04598	16	0.1350	n05313 n05545 n06047	n02495 n02518 n05635	120		true
n04599	17	0.1350	n02969 n04163 n06052 n08947	n01926 n02721	107		true
n04600	16	0.1350	n05870 n08855	n04180	135		true
n04601	16	0.1350	n06753 n08290	n01552 n02000	71		true
n04602	18	0.1350	n04998 n06254	n01863 n04200	195		true
n04603	17	0.1350	n03146 n06247	n00585 n01433	133		true
n04604	17	0.1350	n09030	n00499 n01595	142		true
n04605	16	0.1350	n07392	n02715 n03610 n08659	205		true
n04606	17	0.1350	n05225 n06482	n01726 n04761	200		true
n04607	15	0.1350	n05203	n02003 n07631	65		true
n04608	18	0.1350	n07793	n01434 n01609	282		true
n04609	13	0.1350	n02978 n06245 n06989	n02553	115		true
n04610	13	0.1350	n04984	n00734	199		true
n04611	13	0.1350	n05205	n00212	51		true
n04612	14	0.1350	n06279	n00756 n03211	130		true
n04613	15	0.1350	n04725 n05583 n05731 n07443	n05632	302		true
n04614	12	0.1350	n00728	n00171 n00589	55		true
n04615	12	0.1350	n01230	n00592	208		true
n04616	12	0.1350	n00193	n00341 n02229	60		true
n04617	13	0.1350	n06527	n05646	255		true
n04618	13	0.1350	n04108 n06663 n07694	n01869 n02770	177		true
n04619	11	0.1350	n03802 n03929 n09053	n00456 n00960	84		true
n04620	12	0.1350	n05875 n08779	n00909 n01639	94		true
n04621	11	0.1350	n01621 n04666 n07109 n08776	n00713	279		true
n04622	12	0.1350	n04461 n07975 n08776	n01445 n02920	637		true
n04623	11	0.1350	n03695 n07856	n00953	47		true
n04624	11	0.1350	n05130 n07503 n09159	n03678	125		true
n04625	12	0.1350	n07984	n00604 n03057	157		true
n04626	12	0.1350	n06300 n07989 n08443	n02024 n02885	250		true
n04627	10	0.1350	n02100	n00056	22		true
n04628	12	0.1350	n07154	n02854 n03029	248		true
n04629	11	0.1350	n01759 n05550 n05740	n00786 n02225	51		true
n04630	10	0.1350	n02335 n07491	n01269	113		true
n04631	10	0.1350	n06117 n07752	n01387	111		true
n04632	10	0.1350	n03878 n05006	n01345	165		true
n04633	16	0.1307	n01690	n00105 n00471	121		true
n04634	91	0.1300	n01880 n04704 n06963 n07277	n01391 n01660 n02915 n03032 n03881 n04799 n04810 n06678 n07643	897		true
n04635	87	0.1300	n02137 n04006 n04108 n04500 n05277 n06416 n06963 n07274 n07275 n07276 n08189 n08190 n08778	n00514 n05434 n05848 n06937 n07044 n08300	575		true
n04636	66	0.1300	n05983	n02695 n03339 n04266 n05690 n06466	689		true
n04637	56	0.1300	n02735	n03179 n04272 n06680 n06765 n07315	395		true
n04638	46	0.1300	n00443 n01556 n07708	n03853 n05675 n06225	186		true
n04639	34	0.1300	n04969 n08225	n01907 n03407 n05880	245		true
n04640	29	0.1300	n03851 n06436	n03540 n05008 n09497	454		true
n04641	25	0.1300	n05525 n07736	n05093	188		true
n04642	33	0.1300	n02570 n08189	n03547 n04327	691		true
n04643	23	0.1300	n01536	n00390 n02652 n06385	265		true
n04644	22	0.1300	n06675 n07297	n02256 n02815 n04915	191		true
n04645	25	0.1300	n08298	n01449 n06050	205		true
n04646	23	0.1300	n05509 n08777	n04387 n05215	190		true
n04647	21	0.1300	n04513	n00710 n05723	118		true
n04648	22	0.1300	n02137 n04006 n04108 n06416 n07274 n08189 n08776 n08777	n03437 n03460	297		true
n04649	26	0.1300	n01575	n01911 n06068 n07096	232		true
n04650	20	0.1300	n00003	n02653 n03459 n05565	51		true
n04651	21	0.1300	n03687 n05418 n08833	n01354 n03188 n04237	502		true
n04652	19	0.1300	n08318	n02943 n05332	126		true
n04653	20	0.1300	n02255 n06439 n07327	n04401 n04909 n05326 n08520	142		true
n04654	19	0.1300	n08961	n03058 n04147 n06288	168		true
n04655	20	0.1300	n06466 n08221	n00464 n09092	279		true
n04656	19	0.1300	n04578 n07363	n04343 n05013	805		true
n04657	19	0.1300	n04998 n05277 n05659 n06254 n07275 n08778	n01863 n06611 n08706 n09353	191		true
n04658	19	0.1300	n04381	n00368 n00485	273		true
n04659	17	0.1300	n03142 n07034 n07816 n08342	n02707 n07603	90		true
n04660	17	0.1300	n04275 n07716 n08307	n04358 n05178	183		true
n04661	19	0.1300	n04580	n01453 n05499 n06401	366		true
n04662	17	0.1300	n04333	n03557	89		true
n04663	22	0.1300	n02514	n03384 n04467 n05704	217		true
n04664	16	0.1300	n07809 n08779	n00579 n02658	86		true
n04665	15	0.1300	n02615 n06484	n02148 n03386	58		true
n04666	18	0.1300	n08927	n00521 n04621 n08017	333		true
n04667	17	0.1300	n08247	n05047 n07521	76		true
n04668	23	0.1300	n08952	n02668 n05500 n06105	525		true
n04669	15	0.1300	n02137 n04006 n04108 n04500 n05277 n05659 n06416 n06963 n07274 n07275 n07276 n08189 n08190 n08776 n08777 n08778	n00501 n02150	369		true
n04670	17	0.1300	n04006 n04500 n05277 n08189	n04350 n08542	234		true
n04671	14	0.1300	n07891 n08391	n00880 n04058	173		true
n04672	14	0.1300	n05699 n07435	n00640	89		true
n04673	16	0.1300	n02127	n01495 n05633	215		true
n04674	16	0.1300	n04006 n05072	n00279 n02245 n06182	145		true
n04675	15	0.1300	n05877 n08882	n02793 n04242	36		true
n04676	13	0.1300	n01506 n07235	n00843 n03829	88		true
n04677	14	0.1300	n04807 n08777	n03212 n03700	126		true
n04678	15	0.1300	n00943	n03059 n03677	87		true
n04679	13	0.1300	n03789 n05882 n08776	n04304	150		true
n04680	14	0.1300	n05659 n07860 n08776	n01714 n06167 n07693	1170		true
n04681	14	0.1300	n06022 n06198 n08411	n02454 n08098	187		true
n04682	13	0.1300	n05446	n02150	358		true
n04683	12	0.1300	n02256 n04006	n00127 n00137	81		true
n04684	12	0.1300	n06301 n06838	n01695	280		true
n04685	13	0.1300	n01347 n03680	n02662 n03844	180		true
n04686	14	0.1300	n05904 n06084	n01290 n09410	341		true
n04687	12	0.1300	n08274	n01935 n03709	141		true
n04688	12	0.1300	n05707 n08820	n02309 n03346	98		true
n04689	12	0.1300	n02315	n00845	53		true
n04690	14	0.1300	n05580	n01269 n02345 n06949	142		true
n04691	11	0.1300	n02396 n04007 n04704 n06663 n06963 n07694 n08191 n08779 n08780	n02112	86		true
n04692	12	0.1300	n06451 n07758 n08330	n01473 n02372 n02601	219		true
n04693	12	0.1300	n05014 n06307	n01752 n02878	198		true
n04694	11	0.1300	n01759 n04292	n00826	51		true
n04695	12	0.1300	n01815	n02352 n02857	289		true
n04696	10	0.1300	n02236	n00278	41		true
n04697	11	0.1300	n02982 n03553	n03004	169		true
n04698	10	0.1300	n05922 n09236	n02324 n03628	184		true
n04699	10	0.1300	n04982 n06313 n06774 n07081 n07964	n01024	41		true
n04700	10	0.1300	n08044	n01168	54		true
n04701	10	0.1300	n08974	n02248	210		true
n04702	10	0.1300	n04248 n08441 n08624	n00497 n01018	519		true
n04703	11	0.1256	n05853 n07360 n07414	n00294	60		true
n04704	1380	0.1250		n00292 n00834 n01095 n01348 n01857 n01858 n02260 n03094 n03222 n03302 n03599 n03787 n03866 n03914 n04156 n04165 n04167 n04203 n04220 n04258 n04266 n04337 n04564 n04634 n04691 n04850 n04864 n04898 n04925 n04980 n04984 n05056 n05126 n05224 n05278 n05284 n05296 n05302 n05315 n05329 n05391 n05393 n05399 n05426 n05465 n05481 n05511 n05513 n05547 n05662 n05702 n05810 n05895 n05909 n05927 n05993 n06035 n06176 n06313 n06347 n06422 n06430 n06440 n06446 n06491 n06500 n06504 n06509 n06548 n06581 n06614 n06792 n06855 n06931 n06978 n07033 n07061 n07066 n07135 n07245 n07300 n07310 n07324 n07368 n07400 n07402 n07549 n07655 n07660 n07701 n07703 n07723 n07785 n07789 n07861 n07868 n07872 n07981 n08057 n08059 n08113 n08142 n08194 n08197 n08207 n08210 n08236 n08251 n08291 n08309 n08310 n08326 n08344 n08348 n08373 n08407 n08447 n08448 n08506 n08581 n08600 n08601 n08632 n08689 n08701 n08712 n08720 n08730 n08781 n08782 n08787 n08792 n08794 n08823 n08842 n08925 n08930 n08995 n09001 n09064 n09065 n09069 n09076 n09117 n09160 n09191 n09200 n09221 n09245 n09259 n09271 n09272 n09306 n09327 n09329 n09363 n09377 n09380 n09396 n09402 n09459 n09461 n09488 n09489 n09496 n09513 n09530 n09597	8880		true
n04705	111	0.1250	n00139	n02027 n04730 n05664 n06199 n08796	588		true
n04706	104	0.1250	n03729 n07276	n00515 n02806 n04160 n06809 n08816	392		true
n04707	74	0.1250	n07281	n03739 n04424 n06514 n07556 n07676 n07930 n09143 n09263	731		true
n04708	53	0.1250	n04421	n01228 n08227	141		true
n04709	47	0.1250	n03789 n05277 n05659 n07275 n08778	n02560 n03265 n05994	633		true
n04710	44	0.1250	n00514	n06208 n09027	208		true
n04711	44	0.1250	n01347 n03680	n06444 n07761 n07782	464		true
n04712	34	0.1250	n06425 n08810	n01239 n03651	223		true
n04713	40	0.1250	n05402	n05113 n07067 n07754 n08538	418		true
n04714	29	0.1250	n02163 n08200	n01313 n02585 n04118 n07566	114		true
n04715	28	0.1250	n06693 n07753 n08228	n00026 n02868	351		true
n04716	34	0.1250	n03735	n00420 n06458 n07167 n08387	671		true
n04717	33	0.1250	n02837	n01815 n03499 n05651 n06037 n07058 n07869 n08432 n09159	441		true
n04718	29	0.1250	n04108 n04500 n05659 n06416 n06963 n07274 n07275 n07276 n08190 n08778	n01610 n02275	254		true
n04719	29	0.1250	n08269	n01995 n06042	305		true
n04720	29	0.1250	n03794	n07109 n08927 n09187 n09254	637		true
n04721	22	0.1250	n01335 n04006 n04500 n05277 n08189	n02442 n04027 n05887	155		true
n04722	25	0.1250	n05814 n07275 n07276	n03231 n08481	427		true
n04723	20	0.1250	n07049	n03505 n04742 n07447	318		true
n04724	21	0.1250	n02976 n03405 n03545 n05300	n01050 n05627 n06556	713		true
n04725	25	0.1250	n07026	n03049 n03757 n04613 n06887 n07266 n09311	403		true
n04726	19	0.1250	n04379	n07955	126		true
n04727	17	0.1250	n03495 n04162 n08234	n01123 n01587	106		true
n04728	17	0.1250	n06984 n08813	n00142 n00871	100		true
n04729	16	0.1250	n01688 n02541 n05277	n01132 n04098	194		true
n04730	16	0.1250	n04501 n04705	n02655 n03564	40		true
n04731	15	0.1250	n05545 n09080	n02495 n02525 n02550	118		true
n04732	15	0.1250	n02939 n08426	n00196 n00959	252		true
n04733	20	0.1250	n01618	n01354 n07675	610		true
n04734	17	0.1250	n01757 n07308	n02549 n04201 n08757	235		true
n04735	17	0.1250	n03269 n04329	n03386 n06889	276		true
n04736	16	0.1250	n03354 n03361 n05201 n06261	n01433 n03520	139		true
n04737	15	0.1250	n03319 n06255	n00558 n01545	136		true
n04738	14	0.1250	n04808 n07390	n01564 n03476	190		true
n04739	17	0.1250	n05549	n01345 n07262 n08773	242		true
n04740	16	0.1250	n07924	n01607 n02880	133		true
n04741	13	0.1250	n03276	n01456 n02523	59		true
n04742	13	0.1250	n02169 n04723 n05832	n01201	283		true
n04743	15	0.1250	n07864	n00153 n05376	64		true
n04744	14	0.1250	n05522 n08190 n08776	n02170	114		true
n04745	15	0.1250	n01428 n04163	n01926 n04556	85		true
n04746	14	0.1250	n08974	n01457 n01487	281		true
n04747	13	0.1250	n03508	n00201 n00740	278		true
n04748	13	0.1250	n01660 n06017 n07835 n08792	n00322	290		true
n04749	14	0.1250	n00195	n01005 n06385	209		true
n04750	12	0.1250	n04892 n07472	n01380	243		true
n04751	14	0.1250	n08190 n08776	n02344 n02627	150		true
n04752	14	0.1250	n05106	n02993	291		true
n04753	13	0.1250	n01075 n04572	n03301 n03775	104		true
n04754	13	0.1250	n09058	n01094 n03625	186		true
n04755	12	0.1250	n08835	n01552	55		true
n04756	12	0.1250	n04025	n00220 n01498	54		true
n04757	12	0.1250	n01432 n08434	n00536 n02220	145		true
n04758	13	0.1250	n00820 n06530	n01896 n01969	154		true
n04759	12	0.1250	n02137 n04006 n04108 n04500 n05277 n05659 n06416 n06963 n07274 n07275 n07276 n08189 n08190 n08776 n08777 n08778	n03666	182		true
n04760	11	0.1250	n00232	n00290	28		true
n04761	14	0.1250	n04606	n01264 n01770 n03474	188		true
n04762	11	0.1250	n02704 n06483	n02082	151		true
n04763	13	0.1250	n06416 n07857 n08190	n02158 n02244	174		true
n04764	11	0.1250	n05233	n01551	51		true
n04765	11	0.1250	n08396 n08803	n01583 n03442	84		true
n04766	12	0.1250	n08226 n09583	n00498 n03483	48		true
n04767	11	0.1250	n02928	n01222	80		true
n04768	11	0.1250	n03604 n06527	n02665	294		true
n04769	11	0.1250	n07024 n07840 n08277 n08374 n08909	n01234	107		true
n04770	11	0.1250	n05596	n02505	252		true
n04771	11	0.1250	n02653 n04281	n00121 n00570	8		true
n04772	11	0.1250	n01860 n08189	n01785	302		true
n04773	11	0.1250	n05699 n09293	n01915	92		true
n04774	10	0.1250	n06102 n08422	n00599 n00855	248		true
n04775	11	0.1250	n07091	n00286 n00851	26		true
n04776	11	0.1250	n05605	n02827	447		true
n04777	10	0.1250	n02900 n06225	n00539	74		true
n04778	10	0.1206	n02017 n03608 n08501 n09148	n00592	146		true
n04779	10	0.1206	n04234 n06827	n00669	188		true
n04780	102	0.1200	n01347	n01672 n05190 n08237 n08767	768		true
n04781	71	0.1200	n01371 n08779	n00900 n02926	379		true
n04782	61	0.1200	n02396 n04007 n05391 n06663 n06963 n07694 n08191	n04111 n04426 n08910	1086		true
n04783	39	0.1200	n06980	n03108 n07001 n08339	192		true
n04784	42	0.1200	n05819	n01146 n02510 n04387	461		true
n04785	39	0.1200	n02137 n04006 n04108 n04500 n05277 n05659 n06416 n06963 n07275 n07276 n08190 n08776 n08778	n02409 n03537 n06034	494		true
n04786	35	0.1200	n02460 n07304	n00486 n03148 n07071	211		true
n04787	37	0.1200	n04069	n06442	554		true
n04788	33	0.1200	n01347 n03680	n01835 n06020	102		true
n04789	32	0.1200	n03852	n05836	72		true
n04790	32	0.1200	n01881 n06419 n07319	n01247 n07465	388		true
n04791	33	0.1200	n04503 n05073 n08238	n02312 n02432	129		true
n04792	29	0.1200	n04366 n07756	n01431 n07346	77		true
n04793	28	0.1200	n00687 n01031 n01048 n07715 n08265	n01602	401		true
n04794	35	0.1200	n05672	n04447 n05765 n05974 n08048	467		true
n04795	29	0.1200	n07787	n03817 n07038	499		true
n04796	31	0.1200	n03796	n03741 n03805	737		true
n04797	26	0.1200	n04435 n06209	n05861 n05874	190		true
n04798	22	0.1200	n04266 n05409	n00858 n01129	268		true
n04799	25	0.1200	n00187 n04634	n00708 n04224	369		true
n04800	26	0.1200	n02835 n03225 n04371 n05400	n04086 n05120 n06067	542		true
n04801	25	0.1200	n02572 n08790	n03977 n05024 n09072	538		true
n04802	23	0.1200	n01673 n08300	n01295 n01389	114		true
n04803	19	0.1200	n05303	n02702 n02818	503		true
n04804	18	0.1200	n01400 n08776	n03552 n04184	321		true
n04805	20	0.1200	n04983 n06715	n03516 n07235	139		true
n04806	18	0.1200	n07048	n01682 n02624 n04248	614		true
n04807	16	0.1200	n05691	n04677	143		true
n04808	20	0.1200	n01347	n04738 n05030 n08465	280		true
n04809	18	0.1200	n04983	n07909	140		true
n04810	15	0.1200	n04007 n04634 n05409 n08194 n09057	n00116 n00175	191		true
n04811	15	0.1200	n07826 n09581	n02443	73		true
n04812	18	0.1200	n04085	n03336 n08555	336		true
n04813	15	0.1200	n06970 n07854	n01106	142		true
n04814	16	0.1200	n04509 n06963 n08189 n08776 n08777	n03346 n07561 n08117	233		true
n04815	17	0.1200	n02644	n02901 n03288 n08046	125		true
n04816	16	0.1200	n00707 n03362 n06255	n02017 n03432 n05486	259		true
n04817	14	0.1200	n03694	n00734 n04356	139		true
n04818	17	0.1200	n02030 n04122	n01665 n02319	125		true
n04819	15	0.1200	n06754	n00357 n01233	156		true
n04820	18	0.1200	n06203 n06419	n02156 n08554	144		true
n04821	16	0.1200	n05277 n05659 n07365 n08778	n04152 n04491 n09433	369		true
n04822	16	0.1200	n03600 n04262	n02016 n02109	184		true
n04823	15	0.1200	n02137 n02644 n08777	n02188	102		true
n04824	13	0.1200	n04036	n03133 n05975	195		true
n04825	15	0.1200	n05706 n09023	n03397 n03663 n03947 n04940	526		true
n04826	14	0.1200	n05089	n03291	149		true
n04827	15	0.1200	n05315	n03061 n08762	337		true
n04828	14	0.1200	n06784 n09124	n01242 n04856	217		true
n04829	13	0.1200	n03272 n06751	n00576	144		true
n04830	12	0.1200	n03511	n00470 n01225	116		true
n04831	12	0.1200	n07723	n00450 n03572	253		true
n04832	12	0.1200	n07087	n00621 n00893	46		true
n04833	12	0.1200	n06207 n06416	n01895	178		true
n04834	14	0.1200	n08555	n06369	222		true
n04835	12	0.1200	n03863 n05013 n08355	n01219	370		true
n04836	12	0.1200	n00010	n00955 n01173	132		true
n04837	13	0.1200	n03606	n02284 n03344	12		true
n04838	14	0.1200	n02014	n02552 n03386	310		true
n04839	14	0.1200	n03418 n08190 n08776 n08779	n00909 n01984 n02500	122		true
n04840	11	0.1200	n06805 n06822 n07385	n02327	117		true
n04841	12	0.1200	n06535	n01829 n03381	89		true
n04842	11	0.1200	n07884 n08505	n01381 n02798	84		true
n04843	12	0.1200	n06409	n01378 n02877	176		true
n04844	12	0.1200	n01867	n01056 n02114	219		true
n04845	13	0.1200	n03319 n07134	n00592 n00846	92		true
n04846	11	0.1200	n03815 n06299 n06512	n00326	99		true
n04847	12	0.1200	n07988	n00790	522		true
n04848	10	0.1200	n03121 n07096	n00284 n03096	75		true
n04849	10	0.1200	n04178 n08776	n00430 n00437	137		true
n04850	10	0.1200	n02644 n04704 n07274 n08190 n08776	n01024	51		true
n04851	10	0.1200	n06863		90		true
n04852	10	0.1200	n01955 n03112 n03322 n06219	n01551	55		true
n04853	12	0.1200	n06112	n01873 n03956	123		true
n04854	12	0.1200	n02644 n07274 n08776	n02922	199		true
n04855	10	0.1200	n02137 n04006 n04108 n04500 n05277 n05659 n06416 n06963 n07275 n07276 n08189 n08190 n08191 n08778	n00224	175		true
n04856	10	0.1200	n04828 n09048	n00331	151		true
n04857	11	0.1200	n09235 n09303	n00753 n00831	195		true
n04858	13	0.1200	n02492 n02865 n05391	n02222 n03480	104		true
n04859	14	0.1156	n00417 n05298 n07771	n01494 n01931 n01985	93		true
n04860	58	0.1150	n07283	n02836 n03312	265		true
n04861	52	0.1150	n00897 n02137 n03728 n04006 n05277 n05659 n07276 n08189	n01992 n06681	555		true
n04862	58	0.1150	n07280 n07287	n00004 n01229	667		true
n04863	46	0.1150	n03635	n03790 n07670	162		true
n04864	42	0.1150	n02396 n02644 n04108 n04704 n07277 n08779	n01425 n01721 n08352	446		true
n04865	43	0.1150	n00514 n05659	n03146 n04161 n05097 n06707 n07329	221		true
n04866	34	0.1150	n01857 n05391 n08191	n00542 n08904	191		true
n04867	36	0.1150	n00571	n04070	515		true
n04868	29	0.1150	n04006 n04500 n05277 n08189	n00422 n02045	321		true
n04869	29	0.1150	n05659 n06443 n08778	n03321 n05690 n06030 n09065	307		true
n04870	33	0.1150	n03490	n02843 n04991 n07074	221		true
n04871	25	0.1150	n00001 n00096 n00444	n01117 n02249 n08036 n09277	86		true
n04872	22	0.1150	n01644 n02044 n08219	n02358 n05890	131		true
n04873	22	0.1150	n03266 n08235	n01249 n05767	205		true
n04874	30	0.1150	n02137 n04006 n04108 n04500 n05277 n05659 n06416 n06963 n07274 n07275 n07276 n08189 n08190 n08776 n08777 n08778	n09020	343		true
n04875	23	0.1150	n06994 n07005	n00882 n03218 n09105	112		true
n04876	26	0.1150	n04576	n03597 n05737 n07913	327		true
n04877	22	0.1150	n03684	n04025 n04588	97		true
n04878	33	0.1150	n02837	n01815 n03499 n05651 n06037 n07058 n07869 n08432 n09159	441		true
n04879	22	0.1150	n00542 n08779	n02320 n04525	64		true
n04880	20	0.1150	n06247	n01524	155		true
n04881	21	0.1150	n06039 n08776	n02020 n04336 n06152	146		true
n04882	27	0.1150	n02480 n08836	n06729 n07128 n07391	427		true
n04883	26	0.1150	n03799 n04117	n04229 n05358 n05628 n06102 n08422	317		true
n04884	19	0.1150	n07281 n07782	n05174 n07457	206		true
n04885	18	0.1150	n06210 n07825	n07130	213		true
n04886	19	0.1150	n07775	n02985 n05127	162		true
n04887	18	0.1150	n07833	n02516	260		true
n04888	17	0.1150	n07840	n02442 n02961	150		true
n04889	18	0.1150	n07381	n04397	130		true
n04890	18	0.1150	n01317	n01576 n05612	121		true
n04891	16	0.1150	n02137 n02644 n07274 n08777	n01244 n07611	110		true
n04892	15	0.1150	n07379 n08255 n08806	n00729 n04750	265		true
n04893	14	0.1150	n07407 n08190 n08776 n08778	n00279 n02245 n02861	135		true
n04894	14	0.1150	n01923	n00545	276		true
n04895	15	0.1150	n08393	n02198 n04189	94		true
n04896	17	0.1150	n02137 n04006 n04108 n04500 n05277 n05659 n06416 n06963 n07275 n07276 n08189 n08190 n08776 n08778	n00841 n03901	503		true
n04897	18	0.1150	n07419	n03031 n03887 n08746	280		true
n04898	14	0.1150	n02644 n04108 n04704 n06416 n07274 n07277 n08190 n08776 n08779	n02688 n03337	141		true
n04899	15	0.1150	n07036	n04186	187		true
n04900	16	0.1150	n01098 n02095 n03546	n01421 n09481	89		true
n04901	15	0.1150	n03543 n08166	n06628 n06894	210		true
n04902	18	0.1150	n06511 n08886	n03293 n08522 n08611	509		true
n04903	15	0.1150	n08214 n08264	n00180 n00199	119		true
n04904	14	0.1150	n03602	n01944	49		true
n04905	15	0.1150	n09072	n08174 n09390	250		true
n04906	13	0.1150	n02465 n03938 n04030 n04330	n00843 n01563	125		true
n04907	14	0.1150	n06275	n01072 n02909	444		true
n04908	14	0.1150	n05211	n02263 n03428	104		true
n04909	13	0.1150	n04653 n08264	n00806	104		true
n04910	13	0.1150	n07088	n00653 n00721	54		true
n04911	18	0.1150	n09149	n01611 n05176 n05480 n06413	199		true
n04912	13	0.1150	n04119	n01063	112		true
n04913	12	0.1150	n08398	n00486	115		true
n04914	12	0.1150	n01792	n00949 n01801	263		true
n04915	13	0.1150	n01491 n02330 n04644	n02171 n03896	131		true
n04916	13	0.1150	n01335 n04006 n04500 n05277 n08189	n00724 n01471	92		true
n04917	13	0.1150	n04006 n04500 n05277 n08189	n04363	129		true
n04918	14	0.1150	n05325	n01750 n06958	88		true
n04919	12	0.1150	n02441 n09215	n00861	117		true
n04920	13	0.1150	n07465 n07937 n07938	n02689 n03580	307		true
n04921	12	0.1150	n01134 n03739	n01410	62		true
n04922	14	0.1150	n02137 n04006 n04108 n04500 n05277 n05659 n06416 n06963 n07274 n07275 n07276 n08189 n08190 n08776 n08777 n08778	n02339	172		true
n04923	14	0.1150	n06665	n01200 n05799	253		true
n04924	12	0.1150	n07803 n08780	n01204 n03477	300		true
n04925	15	0.1150	n02396 n04007 n04704 n05392 n06663 n06963 n07277 n07694 n08191 n08779 n08780	n03627 n08761	326		true
n04926	11	0.1150	n05064 n05238	n00823 n00919	51		true
n04927	11	0.1150	n05728 n08816	n01953	75		true
n04928	12	0.1150	n05937 n06211	n02243	169		true
n04929	13	0.1150	n07101 n08239	n03308 n05059	152		true
n04930	11	0.1150	n02279	n01383	157		true
n04931	11	0.1150	n03752 n04131	n01058 n02039	47		true
n04932	11	0.1150	n09320	n01471	101		true
n04933	11	0.1150	n06844	n01279 n02800	88		true
n04934	12	0.1150	n08024	n02198 n03166	128		true
n04935	11	0.1150	n05355 n08451	n02717	245		true
n04936	10	0.1150	n04108 n05659 n06416 n06963 n07274 n07275 n07276 n08190 n08452 n08776 n08777 n08778	n01531	67		true
n04937	11	0.1150	n08761 n09335	n02112	184		true
n04938	10	0.1150	n07815 n08422	n02963	75		true
n04939	11	0.1150	n02361	n00965 n02155	192		true
n04940	10	0.1150	n04825 n09138	n01783	475		true
n04941	10	0.1150	n03191	n00970	94		true
n04942	10	0.1150	n09205	n01832 n03844	142		true
n04943	10	0.1150	n05727	n00283	110		true
n04944	10	0.1150	n04088		112		true
n04945	10	0.1150	n07726 n08565	n02477 n03173	77		true
n04946	10	0.1150	n05082 n08330 n09304	n01533	1246		true
n04947	10	0.1150	n04006 n08189 n09122	n01142	490		true
n04948	10	0.1150	n03611 n08897	n00968 n02043	133		true
n04949	12	0.1134	n00417	n00829 n01931 n01985	71		true
n04950	11	0.1117	n02212	n00327 n00433	132		true
n04951	12	0.1111	n02867	n00881	275		true
n04952	10	0.1111	n02708 n04130 n04131 n08401	n01162 n02039	56		true
n04953	13	0.1106	n03116 n03155 n04458	n04561 n05807	167		true
n04954	11	0.1105	n02300	n00061	86		true
n04955	90	0.1100	n03487	n04501 n05047 n06508 n08121 n08558 n09352	570		true
n04956	84	0.1100	n01857 n05391 n08191 n08779	n03740 n05985 n06783 n07334	588		true
n04957	74	0.1100	n01990 n05808	n00006 n03011 n04012 n06336 n06997	926		true
n04958	56	0.1100	n08788	n01425 n05404	682		true
n04959	55	0.1100	n05506 n06965 n07694 n08779	n00099 n00898 n03297	648		true
n04960	53	0.1100	n05190	n04423 n06429	354		true
n04961	62	0.1100	n02137 n02644 n04006 n04108 n07274 n08189 n08777	n03589 n04023 n07155 n07312 n08077	508		true
n04962	58	0.1100	n02137 n02644 n04108 n07274 n08189 n08777	n02295 n05995	316		true
n04963	54	0.1100	n05810 n08210	n05397 n05401 n07295	649		true
n04964	50	0.1100	n06674	n07311 n07341 n08268	588		true
n04965	44	0.1100	n03489 n05277	n01144 n01838 n06428	157		true
n04966	48	0.1100	n07294	n01427 n03858 n08241	385		true
n04967	48	0.1100	n05809	n05827 n08287 n08323	617		true
n04968	46	0.1100	n01347 n03680	n07034 n07816 n08827	396		true
n04969	40	0.1100	n08195	n04639 n06005	269		true
n04970	44	0.1100	n01347 n03680	n05082 n06456 n07758 n08329 n08330 n09304	1292		true
n04971	34	0.1100	n06001	n04073	407		true
n04972	30	0.1100	n03788 n06213 n08199	n03117 n06702	393		true
n04973	32	0.1100	n04069 n08846	n00111 n04329	453		true
n04974	31	0.1100	n04008 n04500 n05659 n06663 n07694 n08191 n08779	n00543 n05760	497		true
n04975	31	0.1100	n02064	n03802 n03929 n07045	388		true
n04976	27	0.1100	n07730 n07777	n02808 n04456	289		true
n04977	30	0.1100	n08818	n02355 n05932 n07832 n07889	165		true
n04978	29	0.1100	n01082	n01688 n07388	277		true
n04979	26	0.1100	n02137 n04108 n07274 n08189 n08777	n05308 n08386	264		true
n04980	31	0.1100	n02396 n04108 n04704 n06416 n07277 n08191 n08779	n02125 n08372	446		true
n04981	30	0.1100	n03911 n07306	n07841	590		true
n04982	24	0.1100	n05671 n06226 n07274	n02391 n04699 n05901	205		true
n04983	29	0.1100	n03113 n06963 n07276 n08776	n02465 n04330 n04385 n04805 n04809 n06072 n09194	218		true
n04984	23	0.1100	n02396 n04704 n06663 n06963 n07277 n07694 n08191 n08779	n01749 n03862 n04610 n09127	350		true
n04985	20	0.1100	n02436	n01861 n03320	135		true
n04986	21	0.1100	n05659 n07275 n07712 n08928	n02870	192		true
n04987	23	0.1100	n04108 n06416 n08190 n08776	n04172 n08578	700		true
n04988	19	0.1100	n03967 n07361	n01232 n02942 n04241	528		true
n04989	19	0.1100	n04214	n02946 n05158 n06289	229		true
n04990	19	0.1100	n05294 n05845 n08189 n08190 n08776	n05052 n06345	231		true
n04991	19	0.1100	n04870 n06033	n00823 n01893	175		true
n04992	21	0.1100	n02137 n04108 n05659 n07275 n08190 n08778	n00396 n01860	472		true
n04993	23	0.1100	n02644 n04108 n06416 n07274 n08190 n08776	n01916 n07974	257		true
n04994	18	0.1100	n04014 n05281 n08223	n01669 n02334	185		true
n04995	17	0.1100	n06417 n08192 n09100	n01779 n03249	234		true
n04996	17	0.1100	n04380	n00079 n00783	163		true
n04997	20	0.1100	n07373	n07161 n07969	97		true
n04998	24	0.1100	n05411	n04602 n04657 n08037	254		true
n04999	19	0.1100	n04160 n08902	n03282 n05728	117		true
n05000	21	0.1100	n07378	n03374 n03655 n07165 n09556	270		true
n05001	17	0.1100	n03975 n07694	n01650 n03835 n08014	175		true
n05002	16	0.1100	n08504	n01648 n02189	98		true
n05003	16	0.1100	n02974	n00612 n03306	132		true
n05004	16	0.1100	n04576 n08932	n05737	283		true
n05005	18	0.1100	n06026	n01011	146		true
n05006	16	0.1100	n02137 n04006 n04108 n05277 n06416 n07274 n08189 n08190 n08776 n08777	n02946 n04632	248		true
n05007	21	0.1100	n03547 n06704	n01649 n03244 n08186 n08741 n09382	635		true
n05008	16	0.1100	n04640 n06041 n06990 n08253 n08257	n01035	260		true
n05009	16	0.1100	n04516	n00240 n00419 n05266	181		true
n05010	18	0.1100	n04384	n00832 n02054 n05767	187		true
n05011	19	0.1100	n02137 n02644 n04006 n04108 n06416 n07274 n08189 n08776 n08777	n03371 n07668 n09098	272		true
n05012	15	0.1100	n04520 n08369	n00310	68		true
n05013	16	0.1100	n01347 n04656	n01798 n04835	414		true
n05014	16	0.1100	n02673	n01595 n04693 n05045	235		true
n05015	15	0.1100	n09047	n00518	73		true
n05016	15	0.1100	n06463 n08981	n01650 n03714	89		true
n05017	19	0.1100	n04108 n07277 n08197	n01621 n07582	392		true
n05018	15	0.1100	n07385	n04103 n09404	128		true
n05019	15	0.1100	n03744	n01795	139		true
n05020	15	0.1100	n02144 n06487	n01186 n03662	212		true
n05021	14	0.1100	n06979 n07777 n08787 n09024	n00575	335		true
n05022	15	0.1100	n05547 n06684	n00065 n00282	101		true
n05023	17	0.1100	n05549	n09264	239		true
n05024	14	0.1100	n04215 n04274 n04801	n02621 n06406	418		true
n05025	13	0.1100	n03739 n09143	n00451	177		true
n05026	13	0.1100	n06710 n08195	n01848	105		true
n05027	14	0.1100	n07912	n01895 n02366	183		true
n05028	14	0.1100	n06043 n06475 n08985	n09417	400		true
n05029	13	0.1100	n04122 n05880	n02680 n02912	126		true
n05030	15	0.1100	n04808	n05478 n05950	223		true
n05031	14	0.1100	n04081 n04335	n01681 n04307	130		true
n05032	14	0.1100	n03973 n05551	n06403 n07598	96		true
n05033	13	0.1100	n06723 n07336 n08274	n02682	89		true
n05034	15	0.1100	n02137 n04006 n04108 n04500 n05277 n05659 n06416 n06963 n07274 n07276 n08189 n08190 n08776 n08777 n08778	n02153 n03943 n05165	247		true
n05035	12	0.1100	n06752 n08374	n01234 n03771	155		true
n05036	12	0.1100	n04590	n02268	261		true
n05037	12	0.1100	n05129	n00351	75		true
n05038	14	0.1100	n07418	n01656 n03139	164		true
n05039	12	0.1100	n07487	n00068	89		true
n05040	13	0.1100	n03729 n07487 n08198 n08259	n01063	96		true
n05041	12	0.1100	n04114 n08424	n01043	108		true
n05042	12	0.1100	n04532	n02192	131		true
n05043	13	0.1100		n01802 n03706	124		true
n05044	12	0.1100	n04342	n00582	261		true
n05045	12	0.1100	n05014 n09019	n02196 n02878	212		true
n05046	11	0.1100	n05588 n09270	n00329	107		true
n05047	12	0.1100	n04667 n04955	n00751	43		true
n05048	13	0.1100	n04006 n04500 n05277 n08189	n02427 n03444	188		true
n05049	13	0.1100	n02137 n04006 n04108 n04500 n05277 n06416 n06963 n07275 n08189 n08776 n08778	n00331 n01142	440		true
n05050	10	0.1100	n07951 n08912 n09125 n09180	n01308 n03169	36		true
n05051	11	0.1100	n01976	n02113 n03623	121		true
n05052	10	0.1100	n04990 n09197	n00058	74		true
n05053	10	0.1100	n01625	n00602	111		true
n05054	12	0.1100	n03418 n08190 n08776	n00909 n02500	99		true
n05055	11	0.1100	n03327	n00741 n02290	125		true
n05056	11	0.1100	n02396 n04007 n04704 n06663 n06963 n07277 n07694 n08191 n08779	n00615	200		true
n05057	10	0.1100	n01347	n01222	85		true
n05058	10	0.1100	n06310	n02058 n02423	89		true
n05059	11	0.1100	n04929 n06592	n01657 n02023	142		true
n05060	11	0.1100	n06837	n03211	127		true
n05061	11	0.1100	n09120	n02059	171		true
n05062	12	0.1055	n01117 n05576 n05694	n03260	46		true
n05063	10	0.1055	n04348 n05685 n08356	n00846	103		true
n05064	95	0.1050	n01347 n03680	n03176 n03497 n03931 n04421 n04571 n04926 n06129 n08200	526		true
n05065	71	0.1050	n02137 n04006 n04108 n04500 n05277 n05659 n06416 n06963 n07274 n07275 n07276 n08189 n08190 n08776 n08777 n08778	n07020 n08204	716		true
n05066	60	0.1050	n02027 n06199	n05232 n06672 n06706	213		true
n05067	67	0.1050	n04260 n07274 n08779	n03224 n07286 n07328 n09369	875		true
n05068	64	0.1050	n06418	n05985	505		true
n05069	53	0.1050	n05985 n07697	n01882 n08380 n08804	442		true
n05070	52	0.1050	n01555 n05186	n02519 n02575 n03797 n06765 n07206 n07823 n08297	337		true
n05071	44	0.1050	n07301	n05406 n05839 n08292	275		true
n05072	42	0.1050	n03223	n00104 n00976 n04115 n04674	290		true
n05073	44	0.1050	n01347 n03680	n04791 n07099 n07736 n07997	248		true
n05074	50	0.1050	n06682 n08777	n00748 n04512 n06350 n08994 n09144	383		true
n05075	40	0.1050	n05398	n00191 n01390 n03603	352		true
n05076	35	0.1050	n06426	n00962 n02050 n07000	478		true
n05077	31	0.1050	n02927	n05198	157		true
n05078	45	0.1050	n02570 n04108 n07275 n08190	n02164 n09010	942		true
n05079	28	0.1050	n02480 n08836	n00945 n02982 n07391 n07451	364		true
n05080	34	0.1050	n01776 n03734	n01618 n05697	742		true
n05081	31	0.1050	n08852	n01024 n03969	215		true
n05082	32	0.1050	n04970	n04438 n04946 n06577 n07812	1263		true
n05083	30	0.1050	n02644	n02704 n05691 n06483	270		true
n05084	27	0.1050	n08282	n01924 n03091 n06929 n08755 n09206 n09262	171		true
n05085	32	0.1050	n02137 n04006 n04108 n04500 n05277 n05659 n06416 n06963 n07274 n07275 n07276 n08189 n08190 n08776 n08777 n08778	n03543 n06625 n07126 n08166	430		true
n05086	31	0.1050	n00687 n01031 n01048 n05817 n07715	n03601 n06503 n06599 n07906 n08592 n09403	404		true
n05087	25	0.1050	n05526	n03187 n06731	291		true
n05088	26	0.1050	n01672 n05186	n01996 n03692 n07206	132		true
n05089	24	0.1050	n02396 n06446	n01837 n02871 n04826	320		true
n05090	27	0.1050	n06018	n03508 n06857	505		true
n05091	21	0.1050	n04439	n00170 n01021	30		true
n05092	23	0.1050	n07775 n08223	n05336 n05616 n06073	120		true
n05093	24	0.1050	n04641	n02895 n08420	186		true
n05094	28	0.1050	n04108 n04500 n06663 n06963 n08778	n02975 n07376 n07857	360		true
n05095	22	0.1050	n00542 n08904	n02320 n02675	107		true
n05096	21	0.1050	n04108 n08779	n02828 n07068	154		true
n05097	22	0.1050	n04207 n04865 n06208	n04282 n07162	109		true
n05098	21	0.1050	n08892	n06076	97		true
n05099	22	0.1050	n07358	n02868 n04171	312		true
n05100	31	0.1050	n02888	n01977 n04363 n07136	319		true
n05101	21	0.1050	n06458	n08744 n09393 n09614	546		true
n05102	18	0.1050	n05293 n06050	n01062 n09510	185		true
n05103	19	0.1050	n01098 n02095 n03315 n05531 n06235	n01421	92		true
n05104	18	0.1050	n07794 n08200 n08227	n00129 n01927	45		true
n05105	22	0.1050	n03412	n02004 n06953 n07986	210		true
n05106	21	0.1050	n01335 n04006 n05277	n02616 n04752 n07104	344		true
n05107	16	0.1050	n01974	n00618 n03995	83		true
n05108	17	0.1050	n04006 n04108 n04500 n06416 n06663 n06963 n07275 n07694 n08190 n08191 n08778 n08779	n04541 n06355 n07529	1269		true
n05109	20	0.1050	n02396	n04134 n06183	633		true
n05110	17	0.1050	n02864 n07057 n08315	n00530 n01054	274		true
n05111	18	0.1050	n01906 n03913	n04468 n06955 n09313	389		true
n05112	18	0.1050	n00001 n00096 n00444	n01845 n04477	61		true
n05113	15	0.1050	n04713 n07368	n02522 n02583	59		true
n05114	15	0.1050	n05424 n09080	n08021	112		true
n05115	18	0.1050	n04030	n01563 n01945 n06171	160		true
n05116	19	0.1050	n07391	n03553 n06116	207		true
n05117	15	0.1050	n07277 n07716	n02549 n06375	265		true
n05118	16	0.1050	n04275	n02146	180		true
n05119	15	0.1050	n05306 n06227 n08968	n02281	201		true
n05120	15	0.1050	n03594 n04800	n01562	401		true
n05121	23	0.1050	n03741 n08776	n04410 n07082 n09551	681		true
n05122	20	0.1050	n05582	n02847 n08618	226		true
n05123	17	0.1050	n09079	n04404 n07984	219		true
n05124	15	0.1050	n07032	n02291 n02474 n06383	223		true
n05125	17	0.1050	n09020	n07544	238		true
n05126	14	0.1050	n04704 n06763 n08190 n08776	n02282 n03843	84		true
n05127	14	0.1050	n04886 n08223	n00549 n02001	85		true
n05128	15	0.1050	n08190 n08776 n09064	n04143	214		true
n05129	16	0.1050	n06054	n00489 n05037	100		true
n05130	18	0.1050	n07378 n07869	n03374 n04624 n06311 n06642 n09618	198		true
n05131	14	0.1050	n02142	n01823	352		true
n05132	14	0.1050	n03805	n01565	338		true
n05133	19	0.1050	n07059	n01550 n03770	929		true
n05134	14	0.1050	n07083 n08960	n01574 n03446	121		true
n05135	14	0.1050	n08189 n08428	n01206 n01547	63		true
n05136	13	0.1050	n06456 n08858	n01262	227		true
n05137	14	0.1050	n03487	n00122 n01222	167		true
n05138	14	0.1050	n02355 n07889 n08282	n01712 n01772	75		true
n05139	15	0.1050	n02137 n02644 n04108 n06416 n07274 n08777	n02681 n05172	233		true
n05140	14	0.1050	n05433 n07275 n08190 n08777 n08778	n00205 n02642	101		true
n05141	15	0.1050	n04083 n04278	n02716 n05971 n06192	150		true
n05142	13	0.1050	n02047 n02847 n06883	n01357 n01682	163		true
n05143	12	0.1050	n03010 n05202 n06973 n07767	n01407 n02595	54		true
n05144	13	0.1050	n07046	n00395 n02559	122		true
n05145	13	0.1050	n01956 n06302	n02285	149		true
n05146	12	0.1050	n02974	n00455	97		true
n05147	12	0.1050	n06424 n06474 n07288	n00350	41		true
n05148	12	0.1050	n02746	n01914	135		true
n05149	13	0.1050	n05210 n08238 n08786 n08798	n01187 n02594	49		true
n05150	13	0.1050	n03696	n02265 n03826	307		true
n05151	12	0.1050	n04108 n04500 n06663 n06963 n07275 n07694 n08191 n08778 n08779	n01423	101		true
n05152	13	0.1050	n09238	n02501	109		true
n05153	14	0.1050	n02984 n03359 n03743	n02033 n02632	412		true
n05154	13	0.1050	n06663 n07694 n07746 n08778 n08779 n08869	n04302	150		true
n05155	12	0.1050	n08484	n01176 n01385 n03137	136		true
n05156	12	0.1050	n04590 n06275	n02115 n02268	319		true
n05157	11	0.1050	n02137 n04006 n04500 n05277 n05659 n07274 n07275 n08189	n00912	322		true
n05158	12	0.1050	n04989	n01345 n02083	172		true
n05159	13	0.1050	n07074 n07436	n01055	56		true
n05160	11	0.1050	n03816	n00173	109		true
n05161	11	0.1050	n03045 n04273	n01191	177		true
n05162	12	0.1050	n05809	n01446 n03209	172		true
n05163	11	0.1050	n02570 n04108 n06963 n08190	n02021	145		true
n05164	10	0.1050	n01347	n00809	162		true
n05165	10	0.1050	n05034 n06417	n00420	210		true
n05166	11	0.1050	n02137 n02644	n02307	95		true
n05167	10	0.1050	n04470	n01669	148		true
n05168	10	0.1050	n06077 n07832 n08281	n00490	46		true
n05169	12	0.1050	n06321	n02915 n03625	193		true
n05170	11	0.1050	n05753 n08777 n09375	n00556 n00983	84		true
n05171	12	0.1050	n02988 n09028 n09144	n01342 n01827	110		true
n05172	11	0.1050	n03460 n04214 n05139	n01900	210		true
n05173	10	0.1050	n05238	n00641	49		true
n05174	12	0.1050	n04884 n07761	n03171 n03172	77		true
n05175	11	0.1050	n02749	n00846	80		true
n05176	11	0.1050	n04911	n00598 n00846	88		true
n05177	10	0.1050	n01118 n04168	n00867	75		true
n05178	10	0.1050	n03456 n04660 n07393	n00475	86		true
n05179	11	0.1050	n03127	n03174	83		true
n05180	11	0.1050	n08006	n01488	245		true
n05181	11	0.1015	n02013 n06535	n01829 n02224	81		true
n05182	10	0.1010	n01001 n01504 n03315 n05531 n06235		52		true
n05183	10	0.1005	n00014	n01006	54		true
n05184	10	0.1005	n03875 n08164	n01740 n03627	162		true
n05185	10	0.1005	n02707	n00795 n03393	71		true
n05186	108	0.1000	n06964	n00707 n02735 n03319 n04158 n05070 n05088 n06255 n07740 n08853 n09148 n09318	893		true
n05187	73	0.1000		n02162 n06201 n06909	548		true
n05188	86	0.1000	n05662	n02835 n04066 n06678 n08627	843		true
n05189	68	0.1000	n05808 n06663 n07694 n08191 n08779	n03032 n07303	704		true
n05190	64	0.1000	n04780	n01842 n04960 n05717 n06095	433		true
n05191	45	0.1000	n01347 n08797	n03492 n04071 n08742	423		true
n05192	39	0.1000	n04366	n00925 n03071	52		true
n05193	40	0.1000	n02460	n00486 n02376 n07071	169		true
n05194	34	0.1000	n01347	n00636 n03357	221		true
n05195	36	0.1000	n02027 n04202 n08819	n04318	242		true
n05196	36	0.1000	n02645 n04426	n03593 n06724 n06750 n09316	551		true
n05197	29	0.1000	n05834 n05988 n08789	n01201 n01646 n03587 n07919	520		true
n05198	27	0.1000	n05077	n01217 n02941	130		true
n05199	26	0.1000	n01178 n02930 n03637	n01559 n06253	120		true
n05200	30	0.1000	n07769	n04092 n06455	270		true
n05201	29	0.1000	n07329	n03693 n04736 n06247 n09027	177		true
n05202	26	0.1000	n05835 n06202	n02849 n04440 n05143	522		true
n05203	25	0.1000	n01347	n04123 n04607 n06749	99		true
n05204	25	0.1000	n02396 n04007 n05391 n06663 n06963 n07694 n08191 n08779	n02377 n04386	422		true
n05205	23	0.1000	n01347 n03680	n01591 n03769 n04611 n08385	99		true
n05206	22	0.1000	n04218 n06434	n02012 n03196 n07914	91		true
n05207	21	0.1000	n02889	n05551	172		true
n05208	23	0.1000	n01400 n08776	n03644	402		true
n05209	22	0.1000	n02254 n03358	n02207 n02388 n07492	119		true
n05210	20	0.1000	n01347	n01591 n05149 n05621	564		true
n05211	19	0.1000	n07371	n02528 n04529 n04908	169		true
n05212	18	0.1000	n06050	n01062 n04128 n05241	142		true
n05213	22	0.1000	n06239	n07117 n07458 n07650	205		true
n05214	21	0.1000	n05295	n03815 n06299	131		true
n05215	19	0.1000	n04646 n08877	n00956 n02104	171		true
n05216	24	0.1000	n02164 n06963 n08189 n08778	n03983 n08624 n08745	719		true
n05217	19	0.1000	n08977	n03614 n07270	202		true
n05218	20	0.1000	n05311	n00119 n00321	181		true
n05219	20	0.1000	n01618	n01354 n07675	610		true
n05220	21	0.1000	n05299	n04534	367		true
n05221	26	0.1000	n02511	n03987 n08056 n08615 n09231 n09309 n09376	452		true
n05222	19	0.1000	n02542	n01134 n03029	291		true
n05223	18	0.1000	n02137 n04006 n04108 n04500 n05277 n05659 n06416 n06963 n07274 n07275 n07276 n08189 n08190 n08776 n08777 n08778	n00010	173		true
n05224	22	0.1000	n02396 n04108 n04704 n06663 n06963 n07694 n08191 n08779	n03642 n06274 n09085	180		true
n05225	21	0.1000	n05659 n07275 n07276 n07709	n02870 n04606	230		true
n05226	16	0.1000	n03691 n06671	n00064 n00281	50		true
n05227	20	0.1000	n06760	n00448 n01793 n08006	338		true
n05228	17	0.1000	n04120 n08893	n06612	150		true
n05229	17	0.1000	n04108 n08779	n01782 n02178	442		true
n05230	15	0.1000	n06049 n07275	n01125 n02338	156		true
n05231	18	0.1000	n09097	n03994 n05753 n06903	170		true
n05232	15	0.1000	n05066 n07005 n07726	n00882 n03218	120		true
n05233	16	0.1000	n02611 n06477	n01794 n04764	63		true
n05234	16	0.1000	n03543 n09054	n07684 n08760	203		true
n05235	14	0.1000	n07179	n02189 n05806	107		true
n05236	17	0.1000	n06494 n08901	n02659 n06414 n09505	207		true
n05237	14	0.1000	n00760	n03616	55		true
n05238	15	0.1000	n09068	n04926 n05173	75		true
n05239	14	0.1000	n02137 n04006 n04108 n04500 n05277 n05659 n06416 n06963 n07274 n07275 n07276 n08189 n08190 n08776 n08777 n08778	n03469	185		true
n05240	16	0.1000	n03795 n04503	n01231 n06912	40		true
n05241	14	0.1000	n05212	n00709 n04254	133		true
n05242	14	0.1000	n02811 n03277 n05527 n06457	n00911 n01752 n03726	85		true
n05243	13	0.1000	n03231 n06770	n00205	271		true
n05244	13	0.1000	n08259	n01160	90		true
n05245	13	0.1000	n07921 n09122	n03473	721		true
n05246	14	0.1000	n07400 n07861 n08190 n08776	n00312	83		true
n05247	14	0.1000	n07127 n09015	n00841 n07234	563		true
n05248	14	0.1000	n00190	n01804 n03907 n08160	353		true
n05249	13	0.1000	n01539	n00731	58		true
n05250	12	0.1000	n06711	n02563	182		true
n05251	13	0.1000	n09584	n00654 n03670	107		true
n05252	12	0.1000	n05827 n07870 n07986	n01220	77		true
n05253	13	0.1000	n06787 n09010	n02624	217		true
n05254	17	0.1000	n07274 n08239	n00559 n02416 n02791	212		true
n05255	11	0.1000	n07746 n08190	n00045	193		true
n05256	12	0.1000	n06427 n07397 n08914 n08983	n00887 n01138	494		true
n05257	11	0.1000	n02137 n04006 n04108 n04500 n05277 n05659 n06416 n06963 n07275 n07276 n08189 n08190 n08776 n08778	n00651 n03576	245		true
n05258	11	0.1000	n04453 n07824	n00203	85		true
n05259	12	0.1000	n02840 n03264 n05906	n00465 n01331	48		true
n05260	11	0.1000	n04098 n04225	n01967 n03214	174		true
n05261	12	0.1000	n03278	n02325	179		true
n05262	13	0.1000	n07009 n08408 n09046	n00788 n00950	235		true
n05263	11	0.1000	n03812 n07939	n00586 n01718	69		true
n05264	13	0.1000	n01335 n04006 n04500 n05277 n08189	n05384	267		true
n05265	11	0.1000	n08173 n08860	n00966	141		true
n05266	11	0.1000	n04329 n05009	n00225 n00371	157		true
n05267	10	0.1000	n08446		94		true
n05268	11	0.1000	n03794 n07361 n07749	n01072	342		true
n05269	10	0.1000	n03927 n07274	n01631 n02730	370		true
n05270	12	0.1000	n05281 n08829 n08915 n09224	n01773 n02797	74		true
n05271	12	0.0969	n03326	n00522	53		true
n05272	15	0.0955	n02046	n03203	160		true
n05273	15	0.0955	n06755	n00946	62		true
n05274	12	0.0955	n03073	n00384 n03025	256		true
n05275	12	0.0955	n02206 n08777	n02151	134		true
n05276	10	0.0955	n03073	n02200	356		true
n05277	2597	0.0950		n00028 n00279 n00384 n00571 n00687 n01031 n01048 n01118 n01154 n01227 n01678 n01954 n02017 n02141 n02200 n02230 n02298 n02481 n02725 n02886 n03213 n03311 n03319 n03340 n03364 n03370 n03496 n03559 n03669 n03729 n03824 n03850 n03927 n03954 n04015 n04034 n04079 n04099 n04134 n04139 n04144 n04204 n04205 n04262 n04366 n04370 n04378 n04391 n04415 n04430 n04431 n04473 n04509 n04586 n04635 n04657 n04669 n04670 n04709 n04721 n04729 n04759 n04785 n04821 n04855 n04861 n04868 n04874 n04896 n04916 n04917 n04922 n04965 n05006 n05034 n05048 n05049 n05065 n05085 n05106 n05157 n05223 n05239 n05257 n05264 n05301 n05303 n05314 n05317 n05321 n05351 n05372 n05446 n05474 n05507 n05509 n05519 n05548 n05573 n05592 n05645 n05668 n05675 n05696 n05698 n05749 n05762 n05763 n05783 n05809 n05817 n05830 n05837 n05844 n05858 n05898 n05919 n05954 n05959 n05969 n05973 n05984 n05988 n05989 n06024 n06025 n06030 n06055 n06090 n06132 n06136 n06137 n06149 n06165 n06179 n06186 n06262 n06275 n06298 n06315 n06320 n06331 n06335 n06359 n06370 n06381 n06382 n06386 n06404 n06408 n06417 n06433 n06445 n06461 n06469 n06477 n06480 n06484 n06518 n06537 n06553 n06565 n06568 n06585 n06592 n06596 n06621 n06648 n06668 n06674 n06676 n06743 n06752 n06789 n06790 n06803 n06816 n06851 n06856 n06881 n06895 n06902 n06906 n06907 n06908 n06911 n06919 n06921 n06922 n06933 n06943 n06972 n06996 n07009 n07018 n07023 n07031 n07036 n07047 n07059 n07112 n07113 n07120 n07124 n07127 n07134 n07137 n07138 n07142 n07152 n07158 n07169 n07170 n07177 n07189 n07193 n07195 n07202 n07203 n07218 n07222 n07226 n07227 n07231 n07232 n07247 n07280 n07287 n07293 n07297 n07301 n07313 n07327 n07330 n07337 n07364 n07367 n07377 n07383 n07416 n07417 n07432 n07440 n07450 n07453 n07477 n07486 n07487 n07496 n07501 n07507 n07517 n07524 n07528 n07536 n07538 n07560 n07563 n07564 n07571 n07577 n07594 n07601 n07604 n07620 n07629 n07634 n07637 n07651 n07653 n07659 n07662 n07664 n07666 n07681 n07704 n07717 n07729 n07739 n07745 n07750 n07756 n07757 n07760 n07762 n07773 n07776 n07779 n07787 n07791 n07792 n07795 n07802 n07808 n07811 n07825 n07840 n07844 n07855 n07862 n07870 n07873 n07876 n07883 n07892 n07921 n07925 n07936 n07945 n07947 n07949 n07953 n07956 n07962 n07979 n07995 n07996 n08003 n08010 n08012 n08026 n08055 n08063 n08073 n08088 n08093 n08097 n08099 n08100 n08125 n08127 n08132 n08138 n08144 n08145 n08147 n08148 n08149 n08178 n08192 n08201 n08217 n08218 n08229 n08230 n08234 n08259 n08264 n08275 n08277 n08278 n08284 n08295 n08296 n08303 n08306 n08308 n08328 n08350 n08374 n08377 n08382 n08388 n08392 n08393 n08396 n08412 n08413 n08419 n08438 n08442 n08452 n08456 n08466 n08471 n08475 n08481 n08485 n08488 n08490 n08491 n08493 n08494 n08533 n08550 n08573 n08589 n08634 n08647 n08656 n08657 n08664 n08665 n08666 n08669 n08673 n08675 n08708 n08714 n08717 n08723 n08765 n08770 n08789 n08795 n08799 n08805 n08809 n08812 n08820 n08825 n08834 n08839 n08841 n08843 n08850 n08854 n08868 n08872 n08875 n08880 n08885 n08888 n08908 n08909 n08923 n08933 n08934 n08935 n08936 n08938 n08942 n08953 n08955 n08969 n08974 n08975 n08978 n08984 n08985 n09003 n09008 n09015 n09016 n09018 n09029 n09035 n09044 n09045 n09054 n09066 n09075 n09079 n09100 n09110 n09116 n09122 n09130 n09131 n09148 n09149 n09153 n09161 n09165 n09174 n09175 n09179 n09184 n09212 n09214 n09232 n09233 n09235 n09239 n09240 n09242 n09248 n09282 n09286 n09287 n09308 n09312 n09314 n09320 n09354 n09360 n09361 n09364 n09370 n09374 n09383 n09384 n09385 n09401 n09412 n09414 n09416 n09429 n09436 n09447 n09449 n09450 n09462 n09468 n09469 n09470 n09473 n09478 n09479 n09492 n09493 n09494 n09502 n09509 n09519 n09526 n09527 n09533 n09539 n09540 n09545 n09548 n09549 n09557 n09571 n09594 n09595 n09607 n09608 n09613 n09616	10259		true
n05278	49	0.0950	n04502 n04704 n08776 n08779	n00187 n01791 n07933	703		true
n05279	45	0.0950	n02735	n02480	522		true
n05280	48	0.0950	n05809	n05827 n08287 n08323	617		true
n05281	39	0.0950	n01347 n03680	n01942 n03592 n03691 n04470 n04994 n05270 n09504	284		true
n05282	42	0.0950	n02137 n02644 n04108 n07274 n08189 n08777	n02375	199		true
n05283	37	0.0950	n01256	n02408 n03852 n06293	80		true
n05284	42	0.0950	n02396 n04007 n04704 n06663 n07277 n07694 n08191 n08779 n08780	n05556 n06431	290		true
n05285	39	0.0950	n04006 n05984 n08776 n08777	n02092 n06016	465		true
n05286	41	0.0950	n07704	n06264 n08244 n08541	716		true
n05287	32	0.0950	n02925	n03591 n03597	151		true
n05288	37	0.0950	n01644 n02044 n08219	n01179 n01525	227		true
n05289	38	0.0950	n06431	n03314 n08249	261		true
n05290	41	0.0950	n06000	n03448 n03860 n05908 n06111	641		true
n05291	29	0.0950	n06434 n07698	n01891 n02012 n06278	118		true
n05292	33	0.0950	n05669	n04212 n04219 n05916	300		true
n05293	31	0.0950	n02137 n02644 n04006 n04108 n06416 n07274	n04334 n05102 n05530 n06560 n08629	267		true
n05294	27	0.0950	n05992 n08856	n03185 n04990	269		true
n05295	33	0.0950	n06012	n05214 n06723 n08950	281		true
n05296	24	0.0950	n04704 n08875	n01791 n02387	342		true
n05297	29	0.0950	n02431	n04275 n06759	323		true
n05298	28	0.0950	n02295	n04859 n06291 n07404	118		true
n05299	33	0.0950	n01347 n03680	n01317 n05220 n07437 n09102	394		true
n05300	30	0.0950	n02137 n06416 n06963 n08191 n08848	n04271 n04724	826		true
n05301	25	0.0950	n02137 n04006 n04108 n04500 n05277 n05659 n06416 n06963 n07274 n07275 n07276 n08189 n08190 n08776 n08777 n08778	n00180 n00743	135		true
n05302	22	0.0950	n02396 n04704 n06663 n07277 n07694 n08191 n08779	n00006 n05429	150		true
n05303	22	0.0950	n03013 n05277	n01181 n04338 n04803	521		true
n05304	23	0.0950	n06713 n06987	n03272	235		true
n05305	21	0.0950	n04431 n08214 n08264 n08799	n00199 n08404	251		true
n05306	24	0.0950	n08304 n08307	n03503 n05119 n06078	299		true
n05307	24	0.0950	n04500 n07280 n08189	n07899 n08431	285		true
n05308	23	0.0950	n04979 n06416	n02951 n03290 n04332	207		true
n05309	23	0.0950	n01349 n06963	n02258 n07599	220		true
n05310	24	0.0950	n03270	n01147 n02130 n06502	197		true
n05311	23	0.0950	n05848 n08776 n08777	n02075 n04043 n05218	190		true
n05312	25	0.0950	n02275	n01286 n02167 n05707	222		true
n05313	22	0.0950	n06449 n08192 n08204	n04598 n07665 n07904	181		true
n05314	24	0.0950	n04006 n04500 n05277 n08189	n07880 n08484 n08584	290		true
n05315	24	0.0950	n02396 n04007 n04704 n06663 n06963 n07277 n07694 n08191 n08779	n04085 n04827	399		true
n05316	19	0.0950	n01347 n03680	n01419	408		true
n05317	20	0.0950	n02137 n04006 n04108 n04500 n05277 n05659 n06416 n06963 n07274 n07275 n07276 n08189 n08190 n08776 n08777 n08778	n04056 n05563	273		true
n05318	32	0.0950	n02137 n02644 n07274 n08777	n03751 n04393 n05766 n09315	201		true
n05319	18	0.0950	n06245 n07727	n02553 n03419	109		true
n05320	25	0.0950	n05684	n02099 n05463 n07171	1150		true
n05321	26	0.0950	n02137 n04006 n04108 n04500 n05277 n06416 n07274 n07275 n08190 n08776	n00944 n02105 n09372	603		true
n05322	19	0.0950	n02356	n00203 n01106	169		true
n05323	21	0.0950	n02396 n06243	n02588 n04047 n04136 n09167	308		true
n05324	18	0.0950	n02979	n03874 n06346	162		true
n05325	23	0.0950	n07792 n08776	n02569 n04238 n04918 n07518 n09362	155		true
n05326	16	0.0950	n04653	n01184 n05606	114		true
n05327	18	0.0950	n03499 n08375	n01185 n05623 n06888	238		true
n05328	18	0.0950	n01335 n07873	n04349 n06616	144		true
n05329	16	0.0950	n01880 n02396 n04704 n06663 n06963 n07277 n07694 n08191 n08779	n00011	152		true
n05330	17	0.0950	n05571	n01911 n08045	236		true
n05331	15	0.0950	n06253	n01579	32		true
n05332	15	0.0950	n01195 n04652	n00142	106		true
n05333	16	0.0950	n02357 n07327	n00125 n00489	199		true
n05334	18	0.0950	n07733 n08314	n00435 n04093 n07615	465		true
n05335	14	0.0950	n01147 n07112	n01053 n03679	130		true
n05336	14	0.0950	n02739 n05092 n08915	n01036	62		true
n05337	15	0.0950	n05865	n01613 n02083 n02641	173		true
n05338	14	0.0950	n00743	n01160 n02079	85		true
n05339	14	0.0950	n08368	n02753	80		true
n05340	16	0.0950	n01908	n02711 n03128	167		true
n05341	16	0.0950	n01463	n00526 n01593 n04487	280		true
n05342	13	0.0950	n02811 n05527 n09019	n00911 n06173	95		true
n05343	13	0.0950	n03414 n04170 n04424 n06494	n01469	99		true
n05344	14	0.0950	n02137 n04108 n08189 n08777	n02238 n03211	127		true
n05345	15	0.0950	n06262	n00891 n04551	265		true
n05346	15	0.0950	n03640	n00580 n00735	97		true
n05347	15	0.0950	n03923 n06460	n00993 n07630	580		true
n05348	15	0.0950	n06815	n03372 n03764	109		true
n05349	13	0.0950	n02396 n08194	n00322 n00534	92		true
n05350	18	0.0950	n02276	n07260	190		true
n05351	14	0.0950	n02137 n04006 n04108 n04500 n05277 n05659 n06416 n06963 n07275 n08189 n08776 n08778	n04364	398		true
n05352	14	0.0950	n07383	n07228	222		true
n05353	14	0.0950	n03413 n06079 n09125	n03827 n03950	35		true
n05354	12	0.0950	n06503	n01409 n03569	91		true
n05355	15	0.0950	n06807 n08983	n01829 n04935	281		true
n05356	13	0.0950	n09195	n01138	402		true
n05357	12	0.0950	n07114	n00741	149		true
n05358	16	0.0950	n03806 n04883	n03884 n04544 n08028	198		true
n05359	12	0.0950	n07420 n08225	n01641 n02714	101		true
n05360	12	0.0950	n03604	n01303	85		true
n05361	14	0.0950	n07735 n07944	n01124 n03705	127		true
n05362	13	0.0950	n07274 n07768	n00628 n03058	134		true
n05363	11	0.0950	n05715 n09225	n00164	237		true
n05364	12	0.0950	n01347	n03527	74		true
n05365	12	0.0950	n07450 n08951	n03132	172		true
n05366	12	0.0950	n05566	n01829	168		true
n05367	11	0.0950	n06963 n07275 n08189 n08190 n08192 n08778	n01343	139		true
n05368	12	0.0950	n08282	n01719	121		true
n05369	11	0.0950	n07916 n08954	n01873	108		true
n05370	12	0.0950	n04089	n01732	178		true
n05371	11	0.0950	n04595 n08389	n01569	157		true
n05372	11	0.0950	n01335 n04006 n04500 n05277 n08189		268		true
n05373	11	0.0950	n09127	n01655	287		true
n05374	10	0.0950	n04036 n04108 n04500 n05408 n06735 n07276 n08189 n08777		194		true
n05375	11	0.0950	n06558 n09596	n02639 n02761 n03482	97		true
n05376	11	0.0950	n02844 n04743	n02733	51		true
n05377	10	0.0950	n04591	n01935	239		true
n05378	10	0.0950	n05604 n05934	n00247	67		true
n05379	10	0.0950	n06271	n00340 n00456	74		true
n05380	11	0.0950	n03992	n01211	337		true
n05381	10	0.0950	n08084	n02763	147		true
n05382	10	0.0950	n02396 n06663 n07694 n08191 n09117	n00932	129		true
n05383	10	0.0950	n03514 n08908		196		true
n05384	11	0.0950	n05264	n03713	254		true
n05385	10	0.0950	n03817 n08012 n08579	n01532	321		true
n05386	11	0.0950	n03049	n02860	107		true
n05387	14	0.0915	n01051	n00590 n01379	46		true
n05388	11	0.0905	n04460	n01950	40		true
n05389	10	0.0905	n01230		201		true
n05390	10	0.0905	n09268	n01127 n02458	256		true
n05391	397	0.0900	n04704 n07277	n00550 n01990 n01991 n02645 n03105 n04025 n04066 n04782 n04858 n04866 n04956 n05204 n05594 n05808 n06215 n06263 n06418 n06421 n06678 n06991 n07012 n07014 n07419 n07495 n07967 n07968 n08062 n08193 n08627 n08790 n08979	2559		true
n05392	297	0.0900		n03914 n04203 n04258 n04925 n05810 n05993 n06500 n06581 n07033 n07245 n07723 n08210 n08344 n08407 n08447 n08506 n08781 n08782 n08787 n09069 n09489 n09530	2757		true
n05393	63	0.0900	n02396 n04007 n04704 n06663 n06963 n07277 n07694 n08191 n08779	n02296 n07618 n08793	730		true
n05394	68	0.0900	n02202 n05808	n03011 n04012 n04109 n06997	959		true
n05395	49	0.0900	n06673 n07282	n00042 n02295 n08822	204		true
n05396	51	0.0900	n05987	n02673 n06115 n06432 n08312	500		true
n05397	50	0.0900	n04963 n06963	n04011 n08273 n08307	607		true
n05398	43	0.0900	n06982 n07706	n05075	365		true
n05399	63	0.0900	n02644 n04108 n04704 n06416 n07277	n03418 n07822 n08248	1368		true
n05400	47	0.0900	n03032	n03976 n04800 n05517 n08051	659		true
n05401	40	0.0900	n01757 n04963 n06965	n00898 n05544 n07393	386		true
n05402	43	0.0900	n03536	n03053 n04713 n07379	435		true
n05403	37	0.0900	n07699	n01475 n01558 n02776 n04013 n08270	268		true
n05404	37	0.0900	n04425 n04958 n06965 n07694 n08779	n00099 n00307 n01101 n06935	593		true
n05405	41	0.0900	n02396	n02545 n03355	686		true
n05406	36	0.0900	n05071	n03033	222		true
n05407	37	0.0900	n06694	n08871 n08928 n09188 n09494	329		true
n05408	26	0.0900	n08270	n01075 n05374	230		true
n05409	28	0.0900	n08864	n01605 n04798 n04810	363		true
n05410	31	0.0900	n08299	n01912 n02075 n02647 n03101	210		true
n05411	29	0.0900	n08891	n03646 n04998 n06254	277		true
n05412	28	0.0900	n08781	n02360 n03595 n06860 n07548	424		true
n05413	23	0.0900	n02735	n01648 n06757	232		true
n05414	25	0.0900	n07789	n01477 n08972	210		true
n05415	23	0.0900	n06699	n00644 n05553	119		true
n05416	31	0.0900	n08214	n00180 n03504 n07684 n09162	413		true
n05417	23	0.0900	n07731	n03414 n04170	147		true
n05418	24	0.0900	n08311 n08785	n04651 n06655	520		true
n05419	22	0.0900	n06716	n01636 n06600 n06829	1037		true
n05420	22	0.0900	n03407 n07696	n03922	148		true
n05421	25	0.0900	n06683	n02520 n05885 n08084	205		true
n05422	20	0.0900	n03354 n04161 n07329	n00266 n01524	161		true
n05423	19	0.0900	n02578	n01167 n02517	526		true
n05424	24	0.0900	n07293 n07783	n05114 n06285 n08545 n08740	150		true
n05425	24	0.0900	n06704 n08190 n08778	n03983 n09382	710		true
n05426	21	0.0900	n02396 n04704 n07277 n08779	n01202 n01477	151		true
n05427	18	0.0900	n06040 n06451 n07758	n02277 n09426	965		true
n05428	23	0.0900	n03588 n04006	n03325 n04348 n06956 n09360	195		true
n05429	17	0.0900	n05302	n00100	129		true
n05430	17	0.0900	n05522 n08776	n02170 n04092	155		true
n05431	17	0.0900	n03914 n08781	n03422 n03875	223		true
n05432	17	0.0900	n01757 n06963 n06965	n02549 n04251	294		true
n05433	17	0.0900	n02137 n04006 n04108 n06416 n07274 n08189	n05140 n08151	122		true
n05434	16	0.0900	n04635 n08935 n08953	n00805 n01295	114		true
n05435	18	0.0900	n06040	n06354 n07168 n09228	969		true
n05436	19	0.0900	n02071	n03812 n07939	157		true
n05437	15	0.0900	n05846 n07274	n01375	149		true
n05438	15	0.0900	n02137 n02644 n07274 n08189 n08777	n00989	65		true
n05439	17	0.0900	n06488	n00786 n03624 n05602	158		true
n05440	16	0.0900	n05848 n08991	n02075	90		true
n05441	16	0.0900	n05701	n00387 n01735	254		true
n05442	17	0.0900	n02137 n02644 n07274 n08189 n08777	n03701 n06117	205		true
n05443	16	0.0900	n07053 n08971	n01942	100		true
n05444	19	0.0900	n02646 n05809 n07714	n03698 n06185	223		true
n05445	15	0.0900	n06775	n00721 n01275	82		true
n05446	19	0.0900	n02137 n04006 n04108 n04500 n05277 n05659 n06416 n06963 n07274 n07275 n07276 n08189 n08190 n08776 n08777 n08778	n04682 n06552 n07121	391		true
n05447	15	0.0900	n03977	n00216 n01057 n06190	406		true
n05448	15	0.0900	n05891 n08325	n06141 n07207	67		true
n05449	14	0.0900	n04385 n06072	n01563 n03829	110		true
n05450	16	0.0900	n06710 n08195	n02421 n06602	130		true
n05451	14	0.0900	n08873	n00357 n00640	76		true
n05452	16	0.0900	n02462 n08397	n02337 n04051	147		true
n05453	15	0.0900	n09022	n06575 n06959	112		true
n05454	20	0.0900	n04223 n08893	n02989 n08654 n09598	172		true
n05455	15	0.0900	n09088	n08588	273		true
n05456	15	0.0900	n03501 n08384	n00234 n02562	609		true
n05457	13	0.0900	n08782 n08787 n09024	n00487	304		true
n05458	15	0.0900	n01489	n07545	231		true
n05459	13	0.0900	n08438 n08877	n00198	92		true
n05460	13	0.0900	n08897	n01565	327		true
n05461	14	0.0900	n02396 n07079	n06618	173		true
n05462	14	0.0900	n07085	n01154 n01497	180		true
n05463	14	0.0900	n05320 n08861	n01096 n08066	177		true
n05464	13	0.0900	n05877 n05903	n02793	38		true
n05465	13	0.0900	n02396 n04007 n04704 n06663 n06963 n07694 n08191 n08779	n02326	301		true
n05466	15	0.0900	n02487 n02546	n03529 n09471	187		true
n05467	12	0.0900	n07293 n08192 n08204 n08234	n01066	194		true
n05468	13	0.0900	n06101	n03712 n06400	164		true
n05469	15	0.0900	n06044 n07075	n01310 n02249 n02414	54		true
n05470	12	0.0900	n02513	n01109	78		true
n05471	15	0.0900	n06258 n07424 n07834	n06372	194		true
n05472	12	0.0900	n09151	n01610	148		true
n05473	13	0.0900	n04171 n08967	n02996	243		true
n05474	15	0.0900	n02137 n04006 n05277 n07274 n07276 n08189 n08190	n06853	248		true
n05475	12	0.0900	n07442	n02416	122		true
n05476	11	0.0900	n04162 n06082 n08334		60		true
n05477	11	0.0900	n03357	n00067	60		true
n05478	11	0.0900	n05030 n08465		150		true
n05479	11	0.0900	n02137 n06812	n00068	125		true
n05480	11	0.0900	n04911	n00558 n01385	81		true
n05481	12	0.0900	n02644 n04108 n04704 n06416 n07274 n07277 n08190 n08776	n02688 n02922	104		true
n05482	11	0.0900	n01912 n04087	n02687 n03484	137		true
n05483	11	0.0900	n01489 n09118	n01093 n03479	200		true
n05484	15	0.0900	n05698	n04182 n06617	228		true
n05485	11	0.0900	n05730 n06704 n08776	n00388	171		true
n05486	11	0.0900	n04816	n03098	174		true
n05487	11	0.0900	n04394 n08325	n01567	71		true
n05488	10	0.0900	n07360	n01110	44		true
n05489	10	0.0900	n06047	n00538	72		true
n05490	11	0.0900	n03911 n08518	n01599	209		true
n05491	12	0.0900	n06679 n07317 n08777 n08818	n01948	75		true
n05492	12	0.0900	n01842 n07823	n00660 n02057 n02455	109		true
n05493	10	0.0900	n04454	n01472	18		true
n05494	11	0.0900	n06886	n01807	150		true
n05495	10	0.0900	n02675	n00220 n00413	73		true
n05496	11	0.0900	n03280 n07914	n00275 n00893	31		true
n05497	10	0.0900	n06834 n08004	n00617 n00654	101		true
n05498	11	0.0900	n01676	n00852 n00896	119		true
n05499	11	0.0900	n02493 n04661	n00052	278		true
n05500	11	0.0900	n04668 n06057	n02009	382		true
n05501	10	0.0900	n06313	n01024	74		true
n05502	11	0.0885	n06103	n00401	123		true
n05503	13	0.0859	n02814	n00712 n02798	75		true
n05504	10	0.0854	n07950 n08744	n02424 n03168	435		true
n05505	10	0.0854	n02049 n05742	n02352	168		true
n05506	60	0.0850	n05982	n03738 n04959	665		true
n05507	62	0.0850	n02137 n04006 n04108 n04500 n05277 n05659 n06416 n06963 n07274 n07275 n07276 n08189 n08190 n08776 n08777 n08778	n03543 n04388 n08214	585		true
n05508	55	0.0850	n04258 n08781 n08793	n01273 n05667	687		true
n05509	53	0.0850	n02137 n04006 n04108 n04500 n05277 n05659 n06416 n06963 n07274 n07275 n07276 n08189 n08190 n08776 n08778	n04646 n05819 n06823 n07891	568		true
n05510	47	0.0850	n04154 n07278	n04265 n08233	753		true
n05511	50	0.0850	n02396 n04007 n04704 n06663 n06963 n07694 n08191 n08779	n03851 n06436 n07027 n08253	647		true
n05512	46	0.0850	n04202	n04427 n04518	237		true
n05513	42	0.0850	n02396 n04007 n04704 n06663 n06963 n07277 n07694 n08191 n08779	n04429 n04436	321		true
n05514	42	0.0850	n03010	n01688 n04225 n07325	379		true
n05515	42	0.0850	n07708	n02481 n03356	191		true
n05516	34	0.0850	n04258 n07730 n08781 n08787	n02122 n02808	332		true
n05517	37	0.0850	n05400	n02377 n04269 n05833	584		true
n05518	37	0.0850	n01347	n00640 n01247 n04026 n06156 n07249	398		true
n05519	39	0.0850	n02137 n04006 n04108 n04500 n05277 n05659 n06416 n06963 n07274 n07275 n07276 n08189 n08190 n08776 n08777	n00198 n02747 n04451 n05955 n06841 n07082	775		true
n05520	36	0.0850	n05824	n08828	643		true
n05521	34	0.0850	n04428	n02610 n03416	133		true
n05522	34	0.0850	n07312 n07321	n04744 n05430 n07769	291		true
n05523	32	0.0850	n02354	n04163 n04217 n06052	185		true
n05524	27	0.0850	n01347 n05811	n02892 n06245	223		true
n05525	28	0.0850	n01347 n03680	n03462 n04641	193		true
n05526	29	0.0850	n04570	n05087 n06546	309		true
n05527	27	0.0850	n07006 n07291	n05242 n05342 n07829	179		true
n05528	25	0.0850	n02396 n07721 n08789	n03408	328		true
n05529	24	0.0850	n08290	n00636 n02000	115		true
n05530	24	0.0850	n05293 n07778	n00709 n02305	207		true
n05531	30	0.0850	n00001 n00096 n00444	n03332 n03546 n05103 n05182 n06044 n06872 n07075 n07879 n07888 n08036 n08401 n09277	112		true
n05532	25	0.0850	n08857	n03466 n03559 n06114	221		true
n05533	24	0.0850	n06448 n08830	n02578	591		true
n05534	23	0.0850	n04214	n03185 n06289	312		true
n05535	25	0.0850	n02375 n06673	n07430 n09055	145		true
n05536	25	0.0850	n02644 n08777	n04584 n06294	168		true
n05537	23	0.0850	n08805	n01904 n02745	294		true
n05538	23	0.0850	n04265 n08233	n03038	556		true
n05539	20	0.0850	n07700 n07744 n08813 n08883	n03807	134		true
n05540	24	0.0850	n02839	n01105 n06470	213		true
n05541	20	0.0850	n06036	n06069	275		true
n05542	20	0.0850	n07762 n08834	n01390 n07905	184		true
n05543	19	0.0850	n04122	n02319 n02912	158		true
n05544	22	0.0850	n05401 n08273	n03503 n06310 n08089	303		true
n05545	19	0.0850	n06967 n08192 n08204	n04598 n04731	133		true
n05546	18	0.0850	n07040	n01208 n03990 n09550	203		true
n05547	18	0.0850	n02396 n04704 n06663 n07277 n07694 n08191 n08779	n01728 n05022	107		true
n05548	18	0.0850	n02137 n04006 n04108 n04500 n05277 n05659 n06416 n06963 n07275 n07276 n08189 n08776 n08778	n04531	206		true
n05549	21	0.0850	n07855	n04739 n05023	267		true
n05550	20	0.0850	n02376 n06716	n01636 n04629 n06333 n09229	95		true
n05551	19	0.0850	n05207	n01303 n05032 n08610 n08737	125		true
n05552	20	0.0850	n08938	n03504	280		true
n05553	18	0.0850	n05415	n03651	89		true
n05554	20	0.0850	n04083	n05971 n06119 n07920	183		true
n05555	18	0.0850	n08952	n00249 n01895 n09452	245		true
n05556	19	0.0850	n05284 n06963	n03081 n05764	201		true
n05557	18	0.0850	n07351	n07452	302		true
n05558	17	0.0850	n06007 n06825	n01367 n02263 n07641	145		true
n05559	19	0.0850	n08487 n09043	n01585 n09250	337		true
n05560	16	0.0850	n05813	n00486 n03341	152		true
n05561	17	0.0850	n06705	n05618 n05949 n06913	151		true
n05562	19	0.0850	n07340 n08994	n04539 n09146	153		true
n05563	16	0.0850	n05317	n02825 n05756	258		true
n05564	17	0.0850	n04518	n00990 n03160	118		true
n05565	18	0.0850	n04650	n00508 n02638 n04543	51		true
n05566	18	0.0850	n08454	n00887 n02306 n05366	335		true
n05567	18	0.0850	n07020 n08204	n03753 n03990 n05942	227		true
n05568	17	0.0850	n07773 n08189	n02846 n07192	158		true
n05569	16	0.0850	n08386	n03290	185		true
n05570	16	0.0850	n04026 n07781	n02411 n02830	102		true
n05571	18	0.0850	n05993	n05330	250		true
n05572	18	0.0850	n07986	n01220 n06957 n07225 n07251 n08724	180		true
n05573	17	0.0850	n02137 n04006 n04108 n04500 n05277 n06416 n08189	n03521 n08754	321		true
n05574	14	0.0850	n04108 n04500 n06976	n00860 n01436	89		true
n05575	15	0.0850	n03549	n00521 n04550	308		true
n05576	19	0.0850	n01001 n01504	n03431 n05062 n06579 n08157	65		true
n05577	14	0.0850	n01924	n00490 n01235	75		true
n05578	15	0.0850	n01955	n05931	62		true
n05579	14	0.0850	n07901 n09154	n02665 n03711	491		true
n05580	18	0.0850	n09038	n04690 n05935 n08655	201		true
n05581	14	0.0850	n02869 n07800	n01356 n02241	95		true
n05582	22	0.0850	n02612 n02698	n05122 n06195	236		true
n05583	23	0.0850	n07384	n04547 n04613 n07266 n09123	421		true
n05584	14	0.0850	n07446	n01651	24		true
n05585	13	0.0850	n07448 n09113	n00904 n03438 n03893	112		true
n05586	13	0.0850	n00479 n00818 n07096	n01730	146		true
n05587	15	0.0850	n04279 n06422	n03245 n07623	92		true
n05588	14	0.0850	n08225	n02714 n05046	117		true
n05589	15	0.0850	n06525 n07354 n07410	n01055	88		true
n05590	13	0.0850	n03234	n01470 n03619	100		true
n05591	15	0.0850	n08278 n08776 n08778	n01063 n03936	153		true
n05592	14	0.0850	n05277	n00118 n06180	215		true
n05593	13	0.0850	n05707	n03346	136		true
n05594	15	0.0850	n02396 n04007 n05391 n06663 n06963 n07694 n08191 n08779	n00051 n00581 n05794	190		true
n05595	16	0.0850	n04447 n08406	n02026 n04146 n06942	236		true
n05596	17	0.0850	n04432 n08293 n09039	n01141 n01609 n04770 n08154	272		true
n05597	14	0.0850	n02137 n02644 n08189	n00748	134		true
n05598	13	0.0850	n02835 n04371 n05808 n06678	n01397 n03766	217		true
n05599	14	0.0850	n01347 n03680	n01188	550		true
n05600	13	0.0850	n07280 n08333 n08377	n04194	213		true
n05601	12	0.0850	n03317	n00577	25		true
n05602	12	0.0850	n04380 n05439	n00079 n00510	141		true
n05603	12	0.0850	n04126	n00128 n00366	47		true
n05604	13	0.0850	n00877 n04018	n03620 n05378	166		true
n05605	15	0.0850	n09211	n03135 n04357 n04776	499		true
n05606	13	0.0850	n05326 n08520	n00676 n07656	94		true
n05607	13	0.0850	n06090	n00920 n03379	320		true
n05608	16	0.0850	n06516	n02763 n03247 n03719 n08702	173		true
n05609	12	0.0850	n05809	n03209 n03678	165		true
n05610	14	0.0850	n06569	n01901 n02218	182		true
n05611	12	0.0850	n08494	n01517 n02858	128		true
n05612	12	0.0850	n04890 n06051 n07437 n08463	n01205 n02689	111		true
n05613	13	0.0850	n04108 n04271 n07694 n08190 n08776 n08778	n01037	633		true
n05614	11	0.0850	n04593 n06077	n01948	64		true
n05615	12	0.0850	n02137 n02644 n04006 n04108 n06416 n07274 n08189 n08776 n08777	n03439	149		true
n05616	13	0.0850	n05092 n08829	n00549 n08691	94		true
n05617	11	0.0850	n07694 n08197 n08248 n08600	n00325	983		true
n05618	13	0.0850	n05561 n07419	n00997 n02762 n03031	118		true
n05619	13	0.0850	n03235	n00913 n01236	74		true
n05620	11	0.0850	n09036	n00714	340		true
n05621	11	0.0850	n05210	n00297	540		true
n05622	12	0.0850	n06031	n01653	117		true
n05623	11	0.0850	n05327 n08432	n03102	160		true
n05624	11	0.0850	n02747 n04257 n07522 n09560	n00998 n03304	391		true
n05625	11	0.0850	n06545 n08274 n08950	n00326	56		true
n05626	12	0.0850	n08091 n08166	n01627	182		true
n05627	11	0.0850	n04724	n01361	539		true
n05628	11	0.0850	n02313 n04883	n01334	257		true
n05629	11	0.0850	n08744	n01211	417		true
n05630	13	0.0850	n02396 n06236	n07658	131		true
n05631	12	0.0850	n08409	n02178	446		true
n05632	13	0.0850	n04613	n02024 n08728	291		true
n05633	10	0.0850	n03190 n04673	n00507	182		true
n05634	10	0.0850	n08777 n09319	n01139	158		true
n05635	12	0.0850	n04598	n01362	93		true
n05636	11	0.0850	n03401 n06303 n07041	n00179	32		true
n05637	10	0.0850	n02741 n07370	n00757 n01931	51		true
n05638	10	0.0850	n01347	n00640	52		true
n05639	11	0.0850	n07153	n01379	68		true
n05640	10	0.0850		n03675	237		true
n05641	10	0.0850	n02137 n02644 n04108 n07274 n08189 n08777	n00430	97		true
n05642	10	0.0850	n04108 n05983 n06416 n08190 n08776 n08823	n01129	149		true
n05643	10	0.0850	n09026	n00643	115		true
n05644	10	0.0850	n02644 n08898	n01307	84		true
n05645	10	0.0850	n02137 n04006 n04108 n05277 n06416 n07274 n07275 n07276 n08189 n08190 n08777 n08778	n00131	177		true
n05646	10	0.0850	n03293 n04617 n08611	n01902	243		true
n05647	10	0.0850	n07975	n03062	526		true
n05648	11	0.0850	n03424 n07030	n03167	161		true
n05649	10	0.0850	n04108 n04500 n06416 n08190		90		true
n05650	11	0.0850	n06353	n00950	154		true
n05651	11	0.0850	n03541 n04717 n04878	n03678	146		true
n05652	10	0.0850	n04135 n07083 n08960	n01208	53		true
n05653	10	0.0850	n09384	n02884	134		true
n05654	10	0.0812	n01910	n00561	173		true
n05655	13	0.0804	n04168 n06309	n01805 n02557	83		true
n05656	11	0.0804	n03493 n06076 n06755 n08918	n02607	47		true
n05657	10	0.0804	n03015 n03043 n08885	n00088 n00472	141		true
n05658	10	0.0804	n03872 n08277 n08388	n00386 n02478	260		true
n05659	1754	0.0800		n01154 n01348 n01659 n01937 n01952 n02141 n02371 n02397 n02434 n02886 n02976 n03066 n03125 n03150 n03211 n03213 n03229 n03340 n03364 n03405 n03441 n03545 n03559 n03681 n03729 n03824 n03850 n03927 n03954 n04139 n04144 n04207 n04266 n04415 n04430 n04431 n04433 n04509 n04541 n04657 n04669 n04680 n04709 n04718 n04759 n04785 n04821 n04855 n04861 n04865 n04869 n04874 n04896 n04922 n04936 n04974 n04986 n04992 n05034 n05065 n05085 n05157 n05223 n05225 n05239 n05257 n05301 n05317 n05351 n05446 n05507 n05509 n05519 n05548 n05663 n05696 n05698 n05762 n05770 n05829 n05830 n05837 n05844 n05919 n05954 n05959 n05973 n05984 n05989 n06009 n06024 n06025 n06063 n06137 n06262 n06315 n06331 n06382 n06408 n06417 n06433 n06445 n06461 n06463 n06482 n06493 n06507 n06537 n06553 n06565 n06585 n06624 n06648 n06668 n06691 n06743 n06803 n06816 n06890 n06895 n06906 n06911 n06919 n06922 n06933 n06937 n06969 n06972 n06986 n07009 n07013 n07031 n07036 n07044 n07047 n07092 n07112 n07127 n07137 n07138 n07158 n07193 n07203 n07222 n07227 n07231 n07279 n07289 n07293 n07297 n07313 n07327 n07337 n07356 n07383 n07407 n07412 n07415 n07416 n07432 n07450 n07453 n07477 n07486 n07487 n07507 n07517 n07528 n07560 n07577 n07594 n07629 n07653 n07664 n07666 n07704 n07711 n07739 n07750 n07760 n07762 n07772 n07773 n07779 n07792 n07795 n07808 n07811 n07824 n07825 n07844 n07876 n07883 n07962 n07979 n07992 n08010 n08026 n08073 n08093 n08098 n08104 n08111 n08124 n08149 n08192 n08198 n08217 n08218 n08229 n08230 n08234 n08259 n08264 n08278 n08300 n08350 n08365 n08382 n08392 n08393 n08419 n08438 n08466 n08471 n08475 n08481 n08493 n08494 n08550 n08589 n08614 n08647 n08656 n08657 n08673 n08688 n08708 n08763 n08765 n08770 n08799 n08803 n08809 n08812 n08817 n08820 n08834 n08839 n08863 n08872 n08875 n08881 n08885 n08934 n08935 n08953 n08978 n08981 n08984 n08996 n08997 n08998 n09003 n09015 n09045 n09048 n09054 n09061 n09100 n09130 n09131 n09151 n09153 n09163 n09165 n09175 n09188 n09212 n09214 n09242 n09258 n09275 n09286 n09287 n09292 n09312 n09354 n09374 n09384 n09385 n09386 n09399 n09401 n09412 n09414 n09420 n09428 n09436 n09449 n09450 n09468 n09470 n09479 n09492 n09493 n09494 n09502 n09509 n09527 n09531 n09543 n09548 n09557 n09576 n09595 n09616	8500		true
n05660	145	0.0800	n02137 n04108 n06416 n07275 n08190 n08778	n00696 n04369 n05981 n06009 n07695	1109		true
n05661	91	0.0800	n02137 n08189 n08777	n03731 n03959	669		true
n05662	91	0.0800	n01880 n04704 n07277 n07694 n08779	n01605 n05188 n06215 n06263 n08461	878		true
n05663	82	0.0800	n02137 n04108 n04500 n05659 n06416 n06963 n07274 n07275 n08190 n08776 n08778	n02272 n04378 n08802	525		true
n05664	69	0.0800	n04202 n04705	n03402 n06378 n06508 n07305 n07446 n07533	459		true
n05665	51	0.0800	n07705	n01706 n04122 n06323 n07848 n08339 n09011 n09582	318		true
n05666	48	0.0800	n01347 n05811	n02892 n06989 n07732	300		true
n05667	46	0.0800	n05508	n03854 n04456	375		true
n05668	34	0.0800	n01335 n04006 n04500 n05277 n08189	n02646	462		true
n05669	36	0.0800	n07717 n08275	n05292 n08976	316		true
n05670	32	0.0800	n08261	n05697 n06227 n06351	362		true
n05671	31	0.0800	n05996 n08190 n08779	n04063 n04982 n09077	255		true
n05672	40	0.0800	n02807	n03236 n04794 n08525 n09544 n09573	484		true
n05673	27	0.0800	n07710	n01546 n02673	291		true
n05674	28	0.0800	n07780	n00031 n01301 n03372 n05774	205		true
n05675	26	0.0800	n04638 n05277	n01838 n04228	114		true
n05676	27	0.0800	n08277 n08789	n02184 n02442 n05887	360		true
n05677	33	0.0800	n06997	n04215 n04274 n07922 n09178	758		true
n05678	29	0.0800	n06010	n04268 n06286	473		true
n05679	30	0.0800	n01335 n06204	n02487 n02546	375		true
n05680	25	0.0800	n04066 n05808 n06678	n02126 n04133	503		true
n05681	25	0.0800	n07782	n00518 n07457	233		true
n05682	27	0.0800	n03588 n03912	n03319 n08356	224		true
n05683	26	0.0800	n06435 n08245	n03183 n06513 n09114 n09369 n09458	331		true
n05684	28	0.0800	n06450 n07274	n05320 n05899	1167		true
n05685	26	0.0800	n01180 n01535 n02123 n03912	n05063 n06255	307		true
n05686	21	0.0800	n03914 n07278	n01997 n03875	287		true
n05687	23	0.0800	n04426 n08910	n01516 n02304 n02565 n02957	574		true
n05688	24	0.0800	n07028	n00240 n01232 n02942	628		true
n05689	24	0.0800	n07018 n08284	n02450 n03647 n08050	468		true
n05690	21	0.0800	n04636 n04869 n08776 n08801	n00781 n06322	257		true
n05691	20	0.0800	n05083 n07019	n02903 n04346 n04807	221		true
n05692	20	0.0800	n01921	n00175 n03874	200		true
n05693	19	0.0800	n02396 n04165 n04425 n06663 n06965 n07694	n00307 n01101 n03825	292		true
n05694	22	0.0800	n01098 n02095	n03431 n05062 n09052	88		true
n05695	21	0.0800	n01179 n03857	n01441 n02866	127		true
n05696	24	0.0800	n02137 n04006 n04108 n04500 n05277 n05659 n06416 n06963 n07274 n07275 n07276 n08189 n08190 n08776 n08778	n03153	134		true
n05697	23	0.0800	n05080 n05670	n07434 n08757	225		true
n05698	21	0.0800	n02137 n04006 n04108 n05277 n05659 n06416 n06963 n07274 n07276 n08189 n08190 n08776 n08777 n08778	n04285 n05484	272		true
n05699	21	0.0800	n02644	n02901 n04452 n04672 n04773	141		true
n05700	21	0.0800	n08933	n02746 n03365	200		true
n05701	19	0.0800	n08908	n03019 n05441 n08005	286		true
n05702	24	0.0800	n04108 n04704 n06416 n07274 n07277 n08190 n08779	n03747 n07464	504		true
n05703	19	0.0800	n07320	n02651	147		true
n05704	20	0.0800	n04663	n02381 n02620 n05764	199		true
n05705	20	0.0800	n03593 n06750	n00055 n06139	346		true
n05706	20	0.0800	n01347 n03680	n03555 n04825 n06904	548		true
n05707	20	0.0800	n05312	n04688 n05593 n07587	204		true
n05708	18	0.0800	n03973	n01122 n06403	163		true
n05709	20	0.0800	n08975	n02757 n03020	859		true
n05710	17	0.0800	n02396 n06663 n06963 n07694 n08191 n08779 n08780	n02379 n04545	261		true
n05711	16	0.0800	n02405	n01611 n04188	221		true
n05712	17	0.0800	n04172	n04558 n09241	511		true
n05713	17	0.0800	n07878	n00538 n06166	139		true
n05714	16	0.0800	n00001 n00096 n00444	n02626 n04478	56		true
n05715	16	0.0800	n07047 n07285 n09018	n02338 n03479 n05363	275		true
n05716	15	0.0800	n04211 n08325	n01249	59		true
n05717	16	0.0800	n02575 n05190 n06680	n01710 n03369	149		true
n05718	20	0.0800	n03409 n07275 n08190 n08777 n08778	n02584 n03938 n07591	215		true
n05719	16	0.0800	n03801 n04389 n08929	n01066 n01819 n09392	203		true
n05720	15	0.0800	n02969 n03640 n07797	n00469 n02721	101		true
n05721	15	0.0800	n01347 n03680	n03193	148		true
n05722	16	0.0800	n06781	n03607	118		true
n05723	17	0.0800	n04647	n00106 n00330	96		true
n05724	15	0.0800	n06338	n01353 n04498	165		true
n05725	14	0.0800	n06990	n05941	249		true
n05726	14	0.0800	n02396	n01728 n01935	195		true
n05727	15	0.0800	n00480	n00718 n04943	128		true
n05728	14	0.0800	n04999 n07375	n02172 n04927	85		true
n05729	14	0.0800	n06272	n00903	146		true
n05730	18	0.0800	n05822 n07755 n08190 n08778	n03755 n05485 n06590	617		true
n05731	25	0.0800	n07026	n03049 n03757 n04613 n06887 n07266 n09311	403		true
n05732	13	0.0800	n01010	n00122 n00466	147		true
n05733	14	0.0800	n08882	n02628	511		true
n05734	13	0.0800	n06970 n07854	n01106	126		true
n05735	13	0.0800	n03868	n03204	53		true
n05736	15	0.0800	n05881	n00751 n01222	68		true
n05737	14	0.0800	n04876 n05004	n03059 n08705 n08752	278		true
n05738	15	0.0800	n03142 n07034 n07816 n08342 n08827	n07603 n08749	82		true
n05739	15	0.0800	n01644	n09432 n09518	100		true
n05740	14	0.0800	n07095 n08202	n02364 n04629	54		true
n05741	13	0.0800	n03548 n06017 n06265	n00148	416		true
n05742	13	0.0800	n02646 n05809 n07714	n05505 n06185	192		true
n05743	14	0.0800	n03155 n07468	n04559	147		true
n05744	13	0.0800	n07922	n00555	486		true
n05745	12	0.0800	n03276 n04582 n09125	n00367	37		true
n05746	12	0.0800	n02397 n06963 n08189 n08190	n00422 n02292	66		true
n05747	12	0.0800	n09086	n00332 n01110	94		true
n05748	12	0.0800	n07878	n00392 n00538	66		true
n05749	13	0.0800	n01335 n04006 n05277 n08779	n01643 n01868	395		true
n05750	15	0.0800	n06787 n08189 n08190	n07526	266		true
n05751	13	0.0800	n02137 n02644	n00038	168		true
n05752	13	0.0800	n04108 n04500 n08779	n00462 n01029	140		true
n05753	13	0.0800	n05231 n09136	n05170	123		true
n05754	12	0.0800	n04455 n07453	n03249	220		true
n05755	12	0.0800	n04113 n06799 n08342 n08355	n01325	53		true
n05756	12	0.0800	n05563	n00118	240		true
n05757	12	0.0800	n03275 n03985 n04391 n08426	n00525	396		true
n05758	13	0.0800	n07830 n08189 n08777	n01828 n04061	169		true
n05759	13	0.0800	n09109	n02916	392		true
n05760	12	0.0800	n04974 n06416 n07274 n07275 n08776 n08778		148		true
n05761	12	0.0800	n03456	n02058	102		true
n05762	13	0.0800	n02137 n05277 n05659	n03891	169		true
n05763	12	0.0800	n01335 n04006 n04500 n05277 n08189	n01457 n02961	272		true
n05764	12	0.0800	n05556 n05704	n00054	164		true
n05765	14	0.0800	n03236 n04794	n02385 n02771	253		true
n05766	12	0.0800	n05318 n06737 n07146	n02625	46		true
n05767	12	0.0800	n04873 n05010	n00380	80		true
n05768	11	0.0800	n03534 n06416 n07274 n07279 n07694 n08190 n08776 n08778 n08779	n02667	188		true
n05769	11	0.0800	n09197	n00058 n01856	158		true
n05770	12	0.0800	n05659 n07275 n07276 n07712	n01264	124		true
n05771	12	0.0800	n01347 n03680	n00733	71		true
n05772	12	0.0800	n02140 n03966 n07320 n08247	n03716	82		true
n05773	11	0.0800	n03280 n07282 n09150	n00275	61		true
n05774	11	0.0800	n04291 n05674 n08893	n00808	103		true
n05775	11	0.0800	n07746 n09000	n02919	159		true
n05776	12	0.0800	n03802 n06271 n08260 n09156	n02226 n02718	204		true
n05777	13	0.0800	n01883 n02397 n08189	n03672	188		true
n05778	12	0.0800	n04349	n01483 n03906	100		true
n05779	11	0.0800	n08481 n09286	n01484 n02539	365		true
n05780	11	0.0800	n01542	n03348	196		true
n05781	11	0.0800	n08575	n02960	143		true
n05782	11	0.0800	n05886 n09173	n00459 n00932	140		true
n05783	13	0.0800	n01335 n04006 n04500 n05277 n08189	n03713	278		true
n05784	11	0.0800	n02738 n02890 n07948	n02885	296		true
n05785	10	0.0800	n02235	n02596	115		true
n05786	10	0.0800	n05924	n01500	93		true
n05787	11	0.0800	n07131	n00646 n02504	99		true
n05788	10	0.0800	n06305 n07509	n00641	47		true
n05789	11	0.0800	n08241 n08471	n00399 n01988	102		true
n05790	11	0.0800	n07974 n08189 n08777	n01111	103		true
n05791	10	0.0800	n01347	n03173	64		true
n05792	10	0.0800	n02898	n01600	121		true
n05793	11	0.0800	n05862	n03572	227		true
n05794	10	0.0800	n05594	n00223	150		true
n05795	10	0.0800	n08570 n09297	n01130	225		true
n05796	12	0.0800	n03806 n07141	n01566	202		true
n05797	11	0.0800	n04409	n00158	185		true
n05798	10	0.0800	n08011	n01028	128		true
n05799	10	0.0800	n03261 n04923	n00737	228		true
n05800	11	0.0774	n00100 n01679	n00907 n02228	76		true
n05801	11	0.0773	n04100	n00528	156		true
n05802	11	0.0765	n06565	n02472 n02474	160		true
n05803	14	0.0754	n06519 n06568	n00626 n01550	895		true
n05804	12	0.0754	n02137 n02644 n04108 n07274 n08189 n08777	n02111 n03251	131		true
n05805	20	0.0754	n01580 n02168 n08190	n03433 n09190	159		true
n05806	10	0.0754	n05235	n00801	71		true
n05807	10	0.0754	n04953 n06681	n00876	147		true
n05808	167	0.0750	n02396 n04007 n05391 n06963	n03682 n03881 n04111 n04316 n04957 n05189 n05394 n05598 n05680 n08250	1660		true
n05809	97	0.0750	n01335 n04006 n04500 n05277 n08189	n02049 n02837 n04967 n05162 n05280 n05444 n05609 n05742 n06549 n06700 n06842 n06880 n07378 n07503 n07530 n08375 n09585	1028		true
n05810	83	0.0750	n01880 n02396 n04704 n05392 n06663 n08780	n01776 n04963 n07308 n07798	1201		true
n05811	57	0.0750	n02644	n05524 n05666	322		true
n05812	58	0.0750	n07284	n03492 n03501 n06984	836		true
n05813	59	0.0750	n01347 n03680	n04312 n05560 n07323 n08226 n08649 n09139	396		true
n05814	60	0.0750	n02137 n04006 n04108 n04500 n06416 n06963 n07274 n08189 n08190 n08777	n04722 n06423 n07007	769		true
n05815	52	0.0750	n03222	n00644 n03105	210		true
n05816	60	0.0750	n01880 n07701 n08779	n03536 n06234 n07147 n07734 n09230	867		true
n05817	49	0.0750	n01335 n02430 n05277	n03014 n05086 n05864 n06464 n06926 n07865 n07882 n08265 n08537 n09476	606		true
n05818	53	0.0750	n06964	n03912 n08349	479		true
n05819	47	0.0750	n05509 n08777	n01401 n01777 n04784 n08963	497		true
n05820	43	0.0750	n06198	n03075 n08229	449		true
n05821	47	0.0750	n02644 n07292	n01511 n02697 n06209 n07035	663		true
n05822	58	0.0750	n02570 n04108 n07275	n02164 n05730 n08860	959		true
n05823	41	0.0750	n01040 n04566	n04505 n06474 n08644	150		true
n05824	48	0.0750	n04204	n03269 n05520	675		true
n05825	38	0.0750	n02925	n00309 n01337 n06900	108		true
n05826	36	0.0750	n07290 n08212	n02573 n02929 n07838	104		true
n05827	44	0.0750	n04967 n05280	n03968 n05252 n06953 n07251	559		true
n05828	35	0.0750	n08805	n02745 n06689	235		true
n05829	35	0.0750	n02137 n04108 n04500 n05659 n06197 n06416 n06963 n07274 n07275 n07276 n08776 n08778	n01954 n04015 n06866	402		true
n05830	39	0.0750	n02137 n04006 n04108 n04500 n05277 n05659 n06416 n06963 n07274 n07275 n07276 n08189 n08190 n08776 n08777 n08778	n01490 n04114	289		true
n05831	40	0.0750	n08245	n06228 n07525 n09369	564		true
n05832	33	0.0750	n02396 n04370 n08789	n03408 n04742 n07347	541		true
n05833	32	0.0750	n05517	n02699 n08286	567		true
n05834	33	0.0750	n01335 n04006 n04500 n08189	n03993 n05197 n06252	532		true
n05835	32	0.0750	n02396 n08779	n03119 n04459 n05202	620		true
n05836	30	0.0750	n04789	n02935 n03496 n03932	63		true
n05837	28	0.0750	n02137 n04006 n04108 n04500 n05277 n05659 n06416 n06963 n07275 n08189 n08190 n08776 n08778	n01680 n07039 n08943	371		true
n05838	31	0.0750	n08827	n04576 n06871	340		true
n05839	29	0.0750	n05071	n01063 n02359 n08516	190		true
n05840	27	0.0750	n06996 n08278	n04119	267		true
n05841	32	0.0750	n07338	n03919 n06147 n06768	528		true
n05842	25	0.0750	n02461 n04565	n00995 n04581	92		true
n05843	34	0.0750	n02644	n01778 n03455 n07932 n09150	227		true
n05844	25	0.0750	n02137 n04006 n04108 n04500 n05277 n05659 n06416 n06963 n07274 n07275 n07276 n08189 n08190 n08776 n08777 n08778	n02255	310		true
n05845	26	0.0750	n05992	n02946 n04990	339		true
n05846	26	0.0750	n07768	n01721 n02761 n05437 n08352	282		true
n05847	25	0.0750	n01954 n04015 n06966	n01603 n01699 n03044	327		true
n05848	29	0.0750	n04635 n07779	n05311 n05440 n05882	245		true
n05849	22	0.0750	n02971	n00355 n01021	38		true
n05850	22	0.0750	n06021	n00390 n01056 n02308 n02752	270		true
n05851	24	0.0750	n04437	n02436	153		true
n05852	23	0.0750	n06963 n06967 n07275 n07276 n08189 n08190 n08192 n08776 n08777 n08778	n00982 n01362 n02440 n03163	177		true
n05853	20	0.0750	n01178 n02139 n02930 n03742	n01559 n04703 n09394	116		true
n05854	24	0.0750	n03540 n06990 n08253 n08257	n03318 n09257	417		true
n05855	22	0.0750	n07356	n00315 n06755	99		true
n05856	21	0.0750	n08303	n04519	274		true
n05857	22	0.0750	n01939 n08841	n02143 n03043	236		true
n05858	22	0.0750	n01335 n04006 n04500 n05277 n08189	n01908 n03832	224		true
n05859	20	0.0750	n07788	n00462 n02614	149		true
n05860	21	0.0750	n01425 n07703	n00307 n01101 n06523 n08119	309		true
n05861	22	0.0750	n04797	n00237 n00762	142		true
n05862	22	0.0750	n06693 n08210	n02868 n04231 n05793	317		true
n05863	23	0.0750	n03732	n03417 n03508	409		true
n05864	20	0.0750	n00687 n01031 n01048 n05817 n06663 n08779 n08780	n07072	348		true
n05865	21	0.0750	n04073	n05337 n07885	294		true
n05866	21	0.0750	n06696	n01576 n02156 n03420	99		true
n05867	19	0.0750	n02255	n00410 n00963	217		true
n05868	22	0.0750	n02137 n04108 n08189 n08777	n04252 n06279 n06837	186		true
n05869	19	0.0750	n04021 n04377 n08271	n02406 n03886	217		true
n05870	19	0.0750	n06740	n00845 n04600	136		true
n05871	18	0.0750	n06450 n08922	n07482	1021		true
n05872	19	0.0750	n00840	n00311 n01878	138		true
n05873	19	0.0750	n02096	n02194 n09208	619		true
n05874	18	0.0750	n02257 n04081 n04797 n07710 n08965	n00762 n01709	144		true
n05875	16	0.0750	n03418 n06762	n01846 n04620	148		true
n05876	18	0.0750	n01616	n00519 n06126 n08065	140		true
n05877	17	0.0750	n04587	n04675 n05464	45		true
n05878	19	0.0750	n07351	n02235 n04243	188		true
n05879	18	0.0750	n04117 n04328	n04179 n04244	262		true
n05880	18	0.0750	n04639 n06686	n05029 n09270	158		true
n05881	16	0.0750	n03966	n05736	73		true
n05882	17	0.0750	n05848 n08777	n04043 n04679	163		true
n05883	16	0.0750	n02137 n04108 n04500 n06963	n03942 n06909	110		true
n05884	17	0.0750	n00898 n06963	n00578 n02058 n09590	251		true
n05885	18	0.0750	n05421 n07011 n08189	n01013 n02763 n03398	172		true
n05886	19	0.0750	n04535	n03840 n05782 n07677 n07985	206		true
n05887	17	0.0750	n04721 n05676	n03054 n04398	141		true
n05888	20	0.0750	n08942	n01962 n06885 n08580	180		true
n05889	18	0.0750	n02098 n04370 n06985 n07721	n01431 n01514	99		true
n05890	15	0.0750	n01179 n04872	n02214	99		true
n05891	17	0.0750	n07070	n03656 n05448	89		true
n05892	15	0.0750		n03818	197		true
n05893	15	0.0750	n01347 n02137	n00237 n01571	211		true
n05894	15	0.0750	n00188 n06670	n00379 n06633	199		true
n05895	17	0.0750	n02396 n04007 n04704 n06663 n06963 n07277 n07694 n08191 n08779	n03305 n08602	362		true
n05896	17	0.0750	n04075	n04540 n08729	152		true
n05897	18	0.0750	n09034	n01892 n03472	110		true
n05898	15	0.0750	n01335 n04006 n04500 n05277 n08189	n00111 n00673	95		true
n05899	16	0.0750	n05684 n08776	n07171 n08058	1023		true
n05900	20	0.0750	n06060	n01823 n04361 n04405	491		true
n05901	15	0.0750	n04982 n07068 n07413 n08813	n00017	134		true
n05902	14	0.0750	n02298 n04586	n01270 n04059	291		true
n05903	16	0.0750	n04587	n03759 n05464	44		true
n05904	17	0.0750	n01100	n02133 n04686	354		true
n05905	15	0.0750	n03806	n02237 n08028	143		true
n05906	16	0.0750	n06048	n00246 n02449 n05259	51		true
n05907	14	0.0750	n03641	n03558	100		true
n05908	16	0.0750	n02644 n05290 n08777	n03700 n07214 n08696	136		true
n05909	14	0.0750	n02396 n04007 n04704 n06663 n06963 n07277 n07694 n08191 n08779	n03336	309		true
n05910	16	0.0750	n06062 n06238	n00823 n03657	88		true
n05911	17	0.0750	n01347 n03680	n00810 n06610 n08651	163		true
n05912	16	0.0750	n01347	n01311 n04105	376		true
n05913	15	0.0750	n04108 n04500 n06663 n06963 n07275 n07694 n08191 n08778	n01423 n02289 n08638	155		true
n05914	14	0.0750	n06240 n07741	n03255	41		true
n05915	16	0.0750	n02644 n06663	n02558 n04106 n07617	299		true
n05916	16	0.0750	n05292	n02962 n04484 n09467	169		true
n05917	14	0.0750	n09081	n01057 n02632	489		true
n05918	13	0.0750	n06465 n06751	n00576	108		true
n05919	13	0.0750	n02137 n04006 n04108 n04500 n05277 n05659 n06416 n06663 n06963 n07275 n08189 n08190 n08191 n08778	n01638 n04059	333		true
n05920	14	0.0750	n04108 n06663 n07694	n00361 n01869	234		true
n05921	13	0.0750	n02697 n07274	n01266 n02038	166		true
n05922	13	0.0750	n07119 n07425	n03471 n04698 n06176	199		true
n05923	13	0.0750	n06269 n08400 n09140	n02795 n03377	92		true
n05924	14	0.0750	n01335 n01614 n06663 n07694 n08191 n08779 n08780	n05786 n08680	134		true
n05925	13	0.0750	n06531	n00909 n01984	135		true
n05926	13	0.0750	n07957	n01721 n02761 n04147	118		true
n05927	13	0.0750	n02644 n04108 n04704 n06416 n07274 n08190 n08776	n03843	118		true
n05928	12	0.0750	n02839 n06681	n00170 n00355	29		true
n05929	12	0.0750	n07848	n00145	85		true
n05930	12	0.0750	n08213	n00325	997		true
n05931	12	0.0750	n05578 n06219	n01435	41		true
n05932	13	0.0750	n04977 n06679 n08777	n00830 n01948	90		true
n05933	12	0.0750	n06439 n08264 n08799	n00199	114		true
n05934	13	0.0750	n01011	n00452 n05378	101		true
n05935	12	0.0750	n05580	n01269	121		true
n05936	13	0.0750	n06280	n01280 n02958	118		true
n05937	15	0.0750	n02092 n09008	n02217 n04928	191		true
n05938	12	0.0750	n06491 n08779	n00932	135		true
n05939	12	0.0750	n07025	n00385	379		true
n05940	11	0.0750	n08077	n02113 n02666	86		true
n05941	11	0.0750	n05725 n07277	n00081	182		true
n05942	11	0.0750	n05567		135		true
n05943	13	0.0750	n07075 n07879	n02249 n02414	42		true
n05944	12	0.0750	n01401 n01777 n07728	n03436	154		true
n05945	13	0.0750	n08455	n00556 n01951	111		true
n05946	12	0.0750	n04446 n07401	n01190 n01571	290		true
n05947	13	0.0750	n02867	n00672 n00881	258		true
n05948	11	0.0750	n08554	n02689	122		true
n05949	12	0.0750	n05561	n01873	95		true
n05950	11	0.0750	n05030	n00716	76		true
n05951	11	0.0750	n04232	n00296	61		true
n05952	11	0.0750	n03698	n03102	135		true
n05953	11	0.0750	n02644 n07982	n00492	537		true
n05954	11	0.0750	n02137 n04006 n04108 n04500 n05277 n05659 n06963 n07275 n07276 n08189 n08190 n08776 n08778	n02536	115		true
n05955	12	0.0750	n05519 n07055 n08897	n02043 n02671	364		true
n05956	12	0.0750	n04466 n07344	n00353	284		true
n05957	11	0.0750	n02396 n06663 n06963 n07694 n08191 n08779	n02326	302		true
n05958	10	0.0750	n02147 n08336	n01585	92		true
n05959	10	0.0750	n02137 n04006 n04108 n04500 n05277 n05659 n06416 n06963 n07274 n07275 n08190 n08776 n08777 n08778	n00913	69		true
n05960	10	0.0750	n06339 n08501	n02419	143		true
n05961	10	0.0750	n02434	n01686 n03030	61		true
n05962	10	0.0750	n03041	n02269	546		true
n05963	10	0.0750	n07700 n07738 n08883	n02324	72		true
n05964	10	0.0750	n08189 n08302 n09025	n00339 n02507	96		true
n05965	10	0.0750	n06672	n03716	60		true
n05966	10	0.0750	n01011 n01676 n07895	n00247	76		true
n05967	11	0.0750	n00877 n04018 n07461	n01630	171		true
n05968	11	0.0750	n07462 n07896 n07933	n00051	160		true
n05969	10	0.0750	n01335 n04006 n04500 n05277 n08189	n01294	55		true
n05970	10	0.0750	n07686	n01073	124		true
n05971	10	0.0750	n02215 n05141 n05554	n00559	121		true
n05972	10	0.0750	n06663 n07860 n08191 n08779	n01739	212		true
n05973	11	0.0750	n02137 n04006 n04108 n04500 n05277 n05659 n06416 n06963 n07274 n07275 n07276 n08189 n08190 n08776 n08777 n08778	n03846	124		true
n05974	10	0.0750	n03262 n03732 n04794	n02059	258		true
n05975	10	0.0722	n04824 n06735	n01139	190		true
n05976	10	0.0722		n00324	63		true
n05977	12	0.0707	n03508	n00740 n02026	223		true
n05978	11	0.0707	n04592 n06053 n07555	n00882	98		true
n05979	12	0.0704	n01441	n01878	94		true
n05980	13	0.0704	n06291	n07679	51		true
n05981	91	0.0700	n02230 n05660 n06963 n08189	n01242 n01939 n01993 n03125 n06250 n06982 n07900 n08317 n08645	932		true
n05982	93	0.0700	n04259	n01757 n02096 n05506 n06832	1345		true
n05983	78	0.0700	n07274	n04636 n05642 n07326 n08251 n08864	807		true
n05984	55	0.0700	n02137 n04108 n04500 n05277 n05659 n06416 n06963 n07274 n07275 n07276 n08189 n08190 n08778	n03491 n05285	657		true
n05985	60	0.0700	n04956 n05068	n03107 n05069 n07494 n08945 n08958	489		true
n05986	49	0.0700		n02162 n06229	913		true
n05987	59	0.0700	n02137 n02644 n04108 n08777	n04320 n05396 n09199	572		true
n05988	50	0.0700	n01335 n04006 n04500 n05277 n08189	n04398 n05197 n06252 n07017 n08524 n09379	645		true
n05989	48	0.0700	n02137 n04006 n04108 n04500 n05277 n05659 n06416 n06963 n07274 n07275 n07276 n08189 n08190 n08776 n08777 n08778	n06437 n07010 n07020	537		true
n05990	43	0.0700	n02137 n02644	n03920 n07759	174		true
n05991	38	0.0700	n02137 n07274 n08777	n06688 n09182	743		true
n05992	38	0.0700	n02137 n04108 n06416 n07274 n08777	n04214 n05294 n05845 n06184	486		true
n05993	38	0.0700	n02396 n04007 n04704 n05392 n06663 n06963 n07277 n07694 n08191 n08779 n08780	n01575 n05571 n07194	298		true
n05994	41	0.0700	n04709	n01863 n03111	601		true
n05995	44	0.0700	n04962	n07771 n08903 n09055	293		true
n05996	36	0.0700	n02644 n08776	n04546 n05671 n07081 n08621	264		true
n05997	40	0.0700	n06417 n08192	n03113 n08503	375		true
n05998	35	0.0700	n07278 n07723 n08780	n06693	390		true
n05999	35	0.0700	n07737 n08779	n01082	313		true
n06000	42	0.0700	n02137	n05290	642		true
n06001	37	0.0700	n02137 n04108 n07274 n08189 n08777	n04971 n07668 n08964	439		true
n06002	32	0.0700	n01347 n03680	n02485 n04074 n04587	141		true
n06003	31	0.0700	n02353	n01723 n03651	252		true
n06004	35	0.0700	n02572 n08790	n03359 n09072 n09244	586		true
n06005	33	0.0700	n04969	n03407 n04445 n08505	204		true
n06006	30	0.0700	n03263 n04313	n01401 n02512	339		true
n06007	30	0.0700	n06988	n05558 n06465 n06713	274		true
n06008	31	0.0700	n06974 n08830	n01760 n07397 n08914	734		true
n06009	31	0.0700	n05659 n05660 n07276	n01860 n08317	544		true
n06010	33	0.0700	n01347	n04446 n05678 n07401	521		true
n06011	30	0.0700	n04114	n01043 n03034	155		true
n06012	34	0.0700	n06992	n05295	282		true
n06013	27	0.0700	n06999	n01134 n03739	418		true
n06014	29	0.0700	n02837	n01815 n02743 n04494 n07058	434		true
n06015	28	0.0700	n01644	n04328 n08381	329		true
n06016	27	0.0700	n05285	n02262 n03324 n06846	385		true
n06017	28	0.0700	n04072	n03976 n04086 n04748 n05741	530		true
n06018	28	0.0700	n03732 n08316	n05090	510		true
n06019	27	0.0700	n06441	n01758 n06267	84		true
n06020	25	0.0700	n04788	n01865 n03798	87		true
n06021	31	0.0700	n02398	n01298 n05850 n09147 n09357	343		true
n06022	27	0.0700	n04108 n04500 n06416 n08190 n08776	n01548 n03075 n03613 n04681	356		true
n06023	35	0.0700	n08777 n08800	n02333 n07780	247		true
n06024	26	0.0700	n02137 n04006 n04108 n04500 n05277 n05659 n06416 n06963 n07274 n07275 n07276 n08189 n08190 n08776 n08778	n03045 n04273 n08403	384		true
n06025	30	0.0700	n02137 n04006 n04108 n04500 n05277 n05659 n06416 n06963 n07274 n07275 n07276 n08189 n08190 n08776 n08777 n08778	n01490	224		true
n06026	27	0.0700	n00877 n04018	n04326 n05005	182		true
n06027	27	0.0700	n04428	n01839 n03323	104		true
n06028	25	0.0700	n03969	n03228 n08023	192		true
n06029	23	0.0700	n02480	n06473	312		true
n06030	25	0.0700	n04500 n04869 n05277	n00464 n01859	248		true
n06031	25	0.0700	n06674 n08306	n02746 n04033 n05622 n07423 n07657	199		true
n06032	25	0.0700	n06978 n07694 n07733 n08191	n04093 n07615 n09407	742		true
n06033	21	0.0700	n01347 n03680	n03193 n04991 n06412	181		true
n06034	23	0.0700	n04323 n04785 n07274 n08777	n00273 n06817	251		true
n06035	30	0.0700	n02396 n04704 n07277 n07694 n08779	n06761 n07464	515		true
n06036	28	0.0700	n03011 n04012 n08779	n04222 n05541 n09220	534		true
n06037	23	0.0700	n03541 n04717 n04878	n02743	380		true
n06038	20	0.0700	n02644 n06440	n00307 n00535 n01101	347		true
n06039	23	0.0700	n07792	n04881 n07971	162		true
n06040	27	0.0700	n04438	n05427 n05435 n06257	973		true
n06041	20	0.0700	n06436 n07027	n03780 n03926 n05008	339		true
n06042	22	0.0700	n04719	n01957 n09181	219		true
n06043	22	0.0700	n03070 n03488	n00905 n04095 n05028	500		true
n06044	22	0.0700	n03315 n05531 n06235	n00274 n05469 n08681	76		true
n06045	20	0.0700	n08966	n01492 n03745	121		true
n06046	20	0.0700	n08919	n02946 n04542 n09073	264		true
n06047	23	0.0700	n06967 n07275 n07276 n08189 n08190 n08192 n08776 n08777 n08778	n04598 n05489 n07665	152		true
n06048	19	0.0700	n03917 n08280	n01065 n05906	84		true
n06049	20	0.0700		n03867 n05230 n07552	201		true
n06050	23	0.0700	n04645	n05102 n05212	199		true
n06051	26	0.0700	n03450	n03041 n05612 n07632	614		true
n06052	20	0.0700	n05523	n02106 n04599	134		true
n06053	21	0.0700	n03487 n04518 n06721	n01470 n05978 n06578	177		true
n06054	19	0.0700	n08313	n01184 n05129	121		true
n06055	20	0.0700	n02231 n04006 n05277	n00867 n03078 n08087	142		true
n06056	20	0.0700	n06710 n07719 n08195	n06526 n06602	138		true
n06057	20	0.0700	n07464	n01405 n05500 n06105	462		true
n06058	19	0.0700	n02929 n07288 n08807	n01322 n01946	72		true
n06059	21	0.0700	n02182 n08361	n01762 n09376	333		true
n06060	22	0.0700	n02738 n02890 n03498	n05900	500		true
n06061	19	0.0700	n08349	n02899 n03532	149		true
n06062	19	0.0700	n08341	n05910 n06292	99		true
n06063	18	0.0700	n04500 n05659 n06416 n06963 n07274 n07275 n07276 n08776 n08778	n01391 n01610	165		true
n06064	19	0.0700	n04159 n04367 n06263	n02676	188		true
n06065	19	0.0700	n00099	n00271 n01150 n01170	344		true
n06066	19	0.0700	n03596 n06236 n08190	n01850 n03023 n07658	196		true
n06067	24	0.0700	n04800	n01941 n07502 n07903 n08722 n09542	536		true
n06068	18	0.0700	n04649	n00374 n01304 n08662	205		true
n06069	17	0.0700	n05541 n08899	n00555 n01353	253		true
n06070	20	0.0700	n02572 n06997 n08779	n02885 n02984	523		true
n06071	19	0.0700	n02644 n04108 n06416 n07274 n08190 n08776	n04061 n06124 n09189	253		true
n06072	19	0.0700	n01506 n04983	n05449 n06107	146		true
n06073	17	0.0700	n05092 n08829	n01942 n08691	112		true
n06074	16	0.0700	n06215 n07014	n00704 n02521	167		true
n06075	16	0.0700	n07001	n02003 n02714	113		true
n06076	20	0.0700	n05098	n01389 n02136 n05656	94		true
n06077	16	0.0700	n02740	n05168 n05614	80		true
n06078	19	0.0700	n05306	n03127 n06351 n06661	212		true
n06079	16	0.0700	n02781 n08912	n05353	38		true
n06080	15	0.0700	n03109	n00046 n00466	62		true
n06081	16	0.0700	n04080	n02992	153		true
n06082	15	0.0700	n06437 n07293	n01365 n05476	78		true
n06083	16	0.0700	n02739	n01929 n03819 n09260	58		true
n06084	17	0.0700	n01100	n01493 n04096 n04686	432		true
n06085	15	0.0700	n08213	n01324	1046		true
n06086	15	0.0700	n02866 n08414	n03048	97		true
n06087	16	0.0700	n03012 n03974 n07294 n08817	n03621 n03942	131		true
n06088	15	0.0700	n08259	n01063 n07272	114		true
n06089	19	0.0700	n08879	n04045 n07535	193		true
n06090	15	0.0700	n01335 n04006 n04500 n05277 n08189	n03889 n05607	341		true
n06091	16	0.0700	n07792 n08776	n04549 n06958	88		true
n06092	19	0.0700	n04218 n07366	n03280	88		true
n06093	16	0.0700	n03362	n03432 n06339	268		true
n06094	15	0.0700	n01347	n01917 n03656	95		true
n06095	14	0.0700	n05190 n06765	n02081	90		true
n06096	18	0.0700	n01675 n04573 n06766	n01218 n07996	143		true
n06097	15	0.0700	n08231	n00810 n02795	72		true
n06098	14	0.0700	n03363	n01652 n02372	219		true
n06099	15	0.0700	n04443 n07770 n08340 n08776	n01324 n04411	985		true
n06100	19	0.0700	n06767 n08776	n04411 n06361	1200		true
n06101	18	0.0700	n01347 n03680	n05468 n07217	205		true
n06102	17	0.0700	n04883 n07100	n04774 n06157 n06917 n08652	281		true
n06103	14	0.0700	n02259	n00283 n05502	140		true
n06104	16	0.0700	n08825	n07546	138		true
n06105	15	0.0700	n03747 n04668 n06057	n02851	397		true
n06106	16	0.0700	n04026	n03243 n07265	295		true
n06107	15	0.0700	n02465 n06072	n01563 n01870	124		true
n06108	16	0.0700	n02696 n08394	n03527 n08594	103		true
n06109	13	0.0700	n02137 n02644 n07274 n08189 n08777	n01013 n06194	142		true
n06110	14	0.0700	n09094	n01375	130		true
n06111	15	0.0700	n05290 n07292	n00623 n03994	152		true
n06112	16	0.0700	n08193	n03879 n04853	249		true
n06113	13	0.0700	n08225	n01641 n02680	124		true
n06114	13	0.0700	n05532 n06770 n09007	n00205 n00300	109		true
n06115	13	0.0700	n05396 n09030	n01595	155		true
n06116	14	0.0700	n02982 n05116	n02367 n09525	172		true
n06117	13	0.0700	n04108 n05442	n02111 n04631	176		true
n06118	15	0.0700	n04594	n00435 n00521	310		true
n06119	13	0.0700	n05554 n08977	n01874	130		true
n06120	17	0.0700	n01020	n03463 n07619	390		true
n06121	13	0.0700	n03276 n08378	n01456 n03169	58		true
n06122	13	0.0700	n04582 n07951 n08378	n02131 n02195 n03169	37		true
n06123	13	0.0700	n09089 n09181	n00576	136		true
n06124	13	0.0700	n06071 n06745	n01095 n02881 n03441	149		true
n06125	13	0.0700	n06792 n08190	n01903	114		true
n06126	13	0.0700	n05876	n00294 n01582	63		true
n06127	12	0.0700	n02360 n03595	n00340	89		true
n06128	12	0.0700	n08301	n00731	60		true
n06129	12	0.0700	n01373 n02508 n05064 n06233	n00037	364		true
n06130	12	0.0700	n02512	n01112 n01370	154		true
n06131	12	0.0700	n02644	n00155	35		true
n06132	14	0.0700	n05277 n09061	n01770	162		true
n06133	13	0.0700	n08930	n00615 n02134	289		true
n06134	16	0.0700	n07162	n08182 n08734	88		true
n06135	14	0.0700	n08474 n08777	n04058	179		true
n06136	12	0.0700	n01335 n04006 n04500 n05277 n08189	n02856	394		true
n06137	13	0.0700	n02137 n04006 n04108 n04500 n05277 n05659 n06963 n07274 n07275 n07276 n08189 n08190 n08778	n01395	172		true
n06138	12	0.0700	n08492	n00737	251		true
n06139	11	0.0700	n05705	n00147	279		true
n06140	11	0.0700	n02784	n00752 n01500	146		true
n06141	11	0.0700	n04112 n04423 n05448 n08215	n00832	51		true
n06142	11	0.0700	n04108 n06416 n07274 n08190	n00217	181		true
n06143	11	0.0700	n00945	n00693	153		true
n06144	11	0.0700	n03922	n01381	75		true
n06145	11	0.0700	n07786 n07916		82		true
n06146	12	0.0700	n07161 n07969	n00179	52		true
n06147	12	0.0700	n05841 n08497	n00646 n02999	120		true
n06148	13	0.0700	n07828	n02999 n03059	102		true
n06149	13	0.0700	n01335 n04006 n04500 n05277 n08189	n01471 n07692	96		true
n06150	12	0.0700	n09147	n00390	117		true
n06151	12	0.0700	n07477	n01484 n01986 n02539	341		true
n06152	13	0.0700	n04238 n04881 n07519	n02417 n06636	96		true
n06153	11	0.0700	n06432	n00283	130		true
n06154	11	0.0700	n08193		136		true
n06155	11	0.0700	n04108 n06416 n08190 n08776	n01073	124		true
n06156	11	0.0700	n01881 n02609 n05518	n01277	277		true
n06157	11	0.0700	n04179 n06102	n00855	235		true
n06158	11	0.0700	n09044 n09233	n01487	137		true
n06159	11	0.0700	n01347	n01223	75		true
n06160	12	0.0700	n04045	n01549	138		true
n06161	13	0.0700	n02748 n06551 n08776	n01480	274		true
n06162	11	0.0700	n03698 n07173	n01806	153		true
n06163	12	0.0700	n02173 n03812	n01068 n01363	140		true
n06164	10	0.0700	n01625	n01221	95		true
n06165	10	0.0700	n01335 n04500 n05277	n00429 n00853	69		true
n06166	12	0.0700	n01726 n05713	n03474	124		true
n06167	11	0.0700	n04680	n02728	177		true
n06168	10	0.0700	n01347 n03680	n00551	111		true
n06169	11	0.0700	n07417 n07433	n01809 n01965	74		true
n06170	10	0.0700	n03232 n07926 n08590	n03842	193		true
n06171	10	0.0700	n05115	n00280	89		true
n06172	10	0.0700	n01880 n06963 n08990	n00065	84		true
n06173	10	0.0700	n05342	n02196 n03726	86		true
n06174	10	0.0700	n03646 n08453	n03349	87		true
n06175	11	0.0700	n08459	n01751 n02633	89		true
n06176	10	0.0700	n04108 n04704 n05922 n06416 n07274 n07277 n08190 n08779	n02391 n03628	194		true
n06177	11	0.0700	n03863 n04583	n02178	422		true
n06178	10	0.0700	n03746 n06872 n08036 n09277	n01310	54		true
n06179	11	0.0700	n02137 n04108 n05277 n08777 n08779 n08803	n01486 n03442	84		true
n06180	11	0.0700	n05592 n08423	n00173 n00372	82		true
n06181	10	0.0700	n06311 n07498 n08432	n03717	105		true
n06182	11	0.0700	n04674 n07289	n02861	96		true
n06183	12	0.0700	n04108 n05109	n01142 n02197	507		true
n06184	10	0.0700	n05992 n07078 n09166	n00058	78		true
n06185	10	0.0700	n05444 n05742 n06549	n00917	166		true
n06186	11	0.0700	n01335 n04006 n04500 n05277 n08189	n03720	114		true
n06187	12	0.0700	n04248	n01008 n01018	567		true
n06188	10	0.0700	n08579	n00755	279		true
n06189	12	0.0700	n07904 n08740	n00502 n03446	106		true
n06190	10	0.0700	n05447		330		true
n06191	10	0.0677	n00140 n07073	n03903	192		true
n06192	10	0.0663	n02215 n05141	n01876	77		true
n06193	10	0.0653	n01002	n03219	86		true
n06194	10	0.0653	n06109	n00827	114		true
n06195	10	0.0653	n05582 n06963 n08189 n08778	n01284	150		true
n06196	114	0.0650		n02542 n04259	1635		true
n06197	85	0.0650		n00464 n02239 n02695 n05829 n06966	804		true
n06198	85	0.0650	n04108 n04500 n06416 n07275 n08190 n08776	n01659 n03613 n04681 n05820 n06691 n06969	944		true
n06199	66	0.0650	n04705	n03966 n05066 n07005 n08558	225		true
n06200	68	0.0650	n02137 n04500 n08189	n02141 n03491 n06902 n06933 n08452 n08881	709		true
n06201	66	0.0650	n05187 n07276	n02571 n07702	486		true
n06202	59	0.0650	n02396 n08779	n03010 n03119 n05202	826		true
n06203	48	0.0650	n08215	n01317 n02046 n04314 n04820 n08463	341		true
n06204	50	0.0650	n02398	n04567 n05679	452		true
n06205	44	0.0650	n06968 n07718	n04430 n06770	578		true
n06206	47	0.0650	n01347 n03680	n02775 n06716 n06728	1126		true
n06207	40	0.0650	n04156 n07300	n03114 n04833	585		true
n06208	40	0.0650	n04710	n05097 n07063 n07356 n08892	189		true
n06209	37	0.0650	n05821	n04081 n04797	351		true
n06210	41	0.0650	n08214	n04885 n07684 n07799 n08894 n08951	479		true
n06211	35	0.0650	n02092	n01705 n01761 n04227 n04928	440		true
n06212	38	0.0650	n07739	n04264	574		true
n06213	34	0.0650	n01347 n03680	n04972 n06268 n09423	400		true
n06214	35	0.0650	n04500 n08189	n01761 n02141 n04137 n06902	403		true
n06215	32	0.0650	n02396 n04007 n05391 n05662 n06663 n06963 n08191 n08194	n01202 n02377 n06074	392		true
n06216	32	0.0650	n04427	n00990 n02931	138		true
n06217	34	0.0650	n07304	n02364 n03148 n09017 n09337	215		true
n06218	39	0.0650	n03267	n03869 n04512	303		true
n06219	31	0.0650	n03853	n04016 n04852 n05931	110		true
n06220	37	0.0650	n08851	n01463 n02279 n06776	599		true
n06221	30	0.0650	n08233 n08782 n08787	n03184 n06242	494		true
n06222	28	0.0650	n01178 n02930	n07360	155		true
n06223	29	0.0650	n03401 n08835	n03648 n07373	161		true
n06224	30	0.0650	n07306 n07724	n03563 n04414 n06282 n08134 n09078	532		true
n06225	30	0.0650	n02481 n04638	n01120 n01838 n04777	148		true
n06226	30	0.0650	n02644 n04108 n06416 n07277	n04982 n08448	229		true
n06227	27	0.0650	n01757 n05670	n04201 n05119 n08757	284		true
n06228	35	0.0650	n05831	n07037 n07328	521		true
n06229	24	0.0650	n05986 n06970 n08817	n02356	227		true
n06230	29	0.0650	n03316	n03972	237		true
n06231	28	0.0650	n01214	n02781 n07842 n08376 n08912	91		true
n06232	24	0.0650	n07337 n08834	n01259 n01390	129		true
n06233	23	0.0650	n06702	n00101 n03668 n06129	383		true
n06234	29	0.0650	n05816 n08806	n03642 n08986 n09183	425		true
n06235	30	0.0650	n00001 n00096 n00444	n03332 n03546 n05103 n05182 n06044 n06872 n07075 n07879 n07888 n08036 n08401 n09277	112		true
n06236	27	0.0650	n08870	n03042 n05630 n06066	297		true
n06237	26	0.0650	n02375 n08209	n09022 n09055	139		true
n06238	25	0.0650	n01347 n03680	n05910 n06753	118		true
n06239	27	0.0650	n01644	n03884 n05213 n06572 n09563	275		true
n06240	23	0.0650	n07722	n00551 n01187 n02346 n05914	76		true
n06241	23	0.0650	n04258 n06693 n08294	n00026 n04062	288		true
n06242	22	0.0650	n06221 n08228 n08832	n00026 n00052	388		true
n06243	28	0.0650	n04108 n06663	n05323 n07079	412		true
n06244	32	0.0650	n00926	n02869 n07800	375		true
n06245	22	0.0650	n05524	n00523 n04609 n05319	158		true
n06246	21	0.0650	n04378 n07279	n03273	148		true
n06247	24	0.0650	n05201	n01295 n04603 n04880	164		true
n06248	22	0.0650	n03788	n00482	70		true
n06249	23	0.0650	n02644	n00496 n02207 n07493	154		true
n06250	20	0.0650	n05981 n07762	n00073 n01390	134		true
n06251	23	0.0650	n02644 n03680	n02012 n03455	90		true
n06252	20	0.0650	n05834 n05988 n07721 n08789	n01646	330		true
n06253	20	0.0650	n05199	n05331 n08169	63		true
n06254	24	0.0650	n05411	n04602 n04657 n08037	254		true
n06255	24	0.0650	n05186 n05685 n07339	n02944 n04737 n04816 n06580	303		true
n06256	27	0.0650	n04223 n08800	n02333	202		true
n06257	21	0.0650	n06040	n01652 n08165 n09453	966		true
n06258	24	0.0650	n03262	n03236 n05471 n06283 n06371	331		true
n06259	21	0.0650	n03311 n08840	n01649 n08173	222		true
n06260	18	0.0650	n07020	n03753 n04455	278		true
n06261	22	0.0650	n06697	n00266 n01912 n04736	168		true
n06262	20	0.0650	n02137 n04006 n04108 n04500 n05277 n05659 n06416 n06963 n07274 n07275 n07276 n08189 n08190 n08776 n08777 n08778	n05345 n07561 n09152	299		true
n06263	22	0.0650	n02396 n04007 n05391 n05662 n06663 n06963 n08191 n08194	n01202 n06064	207		true
n06264	24	0.0650	n05286 n07275	n03978 n07950	552		true
n06265	21	0.0650	n07303 n08194	n01941 n05741 n09542	486		true
n06266	18	0.0650	n03960 n07344	n01718 n04533	208		true
n06267	19	0.0650	n06019	n00977 n07123	81		true
n06268	17	0.0650	n06213 n08199 n08227	n00101	52		true
n06269	18	0.0650	n01347 n03680	n05923 n06329 n09351	142		true
n06270	19	0.0650	n00571 n06758 n08923	n02051 n06638	276		true
n06271	21	0.0650	n07045	n02074 n05379 n05776 n07098	260		true
n06272	20	0.0650	n02296	n02617 n02640 n03674 n05729	408		true
n06273	22	0.0650	n02462 n07712	n01148 n02336 n02337 n08162 n09586	240		true
n06274	18	0.0650	n05224	n01765 n02147	136		true
n06275	19	0.0650	n01335 n04006 n04500 n05277 n08189	n04907 n05156	509		true
n06276	18	0.0650	n01347 n03680 n07004	n02503 n02659 n07236	132		true
n06277	17	0.0650	n03182	n03368 n09204	961		true
n06278	16	0.0650	n03680 n05291 n07282 n07366 n08777	n01764	47		true
n06279	17	0.0650	n05868 n07274	n04612 n08171	164		true
n06280	17	0.0650	n08275	n01763 n05936	142		true
n06281	18	0.0650	n08493	n02177 n06644 n06947	287		true
n06282	19	0.0650	n01523 n06224 n08824	n02580	374		true
n06283	18	0.0650	n06258 n06717	n02221 n02385 n06372 n08674	238		true
n06284	22	0.0650	n04434	n03987 n04404 n08009	456		true
n06285	18	0.0650	n05424	n04135 n07542	102		true
n06286	18	0.0650	n05678 n07401	n04105 n06327	357		true
n06287	18	0.0650	n08220	n01781 n08585	215		true
n06288	15	0.0650	n04654	n01846	137		true
n06289	15	0.0650	n04989 n05534 n08964	n02083 n08031	204		true
n06290	16	0.0650	n07958	n02130	127		true
n06291	17	0.0650	n02403 n05298	n00989 n05980	71		true
n06292	15	0.0650	n06062	n04301	78		true
n06293	15	0.0650	n03115 n05283	n01435 n02875	55		true
n06294	19	0.0650	n01347 n03680 n05536	n00845 n06541	114		true
n06295	17	0.0650	n07858	n02349 n06563	86		true
n06296	16	0.0650	n02137 n02644 n04108 n07274 n08189 n08777	n02951 n03251 n03631	187		true
n06297	17	0.0650	n04108 n07355 n08806	n00729 n07527	547		true
n06298	17	0.0650	n02137 n04006 n04500 n05277 n07274 n07276 n08189 n08190	n01444 n09420	208		true
n06299	16	0.0650	n05214 n06723 n07336	n03557 n04846	109		true
n06300	18	0.0650	n02738 n02890 n03498	n03757 n04107 n04626	285		true
n06301	15	0.0650	n07862	n04684 n06389	288		true
n06302	16	0.0650	n07803 n08780	n03477 n05145	313		true
n06303	15	0.0650	n08835	n00746 n05636	45		true
n06304	14	0.0650	n02896	n08700	201		true
n06305	14	0.0650	n01347 n03680	n01865 n05788	73		true
n06306	15	0.0650	n02739 n09106	n06645 n08758	83		true
n06307	16	0.0650	n03277	n04104 n04693	209		true
n06308	14	0.0650	n02357 n07327	n01184	89		true
n06309	16	0.0650	n01118 n09035	n03287 n05655	107		true
n06310	15	0.0650	n05544 n08968	n02281 n05058	252		true
n06311	16	0.0650	n05130	n04494 n06181 n09617	183		true
n06312	15	0.0650	n01400 n08776	n01130 n02990	300		true
n06313	14	0.0650	n02644 n04108 n04704 n06416 n07277 n08190 n08776 n08779	n02391 n04699 n05501	122		true
n06314	15	0.0650	n07396	n07627	286		true
n06315	14	0.0650	n02137 n04006 n04108 n04500 n05277 n05659 n06416 n06963 n07274 n07275 n07276 n08189 n08190 n08776 n08777 n08778	n01131 n02474	186		true
n06316	14	0.0650	n03862 n09127	n03430	231		true
n06317	15	0.0650	n00821	n01625	134		true
n06318	14	0.0650	n08392 n08951	n07586	187		true
n06319	13	0.0650	n06459	n00783	60		true
n06320	14	0.0650	n05277 n06493 n09061	n01770	160		true
n06321	13	0.0650	n07296 n09058	n05169	203		true
n06322	14	0.0650	n05690 n08849	n00524 n01129	192		true
n06323	13	0.0650	n05665 n08225	n02680 n02714	124		true
n06324	14	0.0650	n04122	n00872 n02680	134		true
n06325	14	0.0650	n01347	n01685 n03476	185		true
n06326	13	0.0650	n06963 n07866	n00487	203		true
n06327	15	0.0650	n02891 n06286	n02590 n04195 n08068	299		true
n06328	14	0.0650	n07813	n00213 n01831	462		true
n06329	14	0.0650	n06269	n02766 n02795	112		true
n06330	13	0.0650	n01347 n03680	n01219	76		true
n06331	13	0.0650	n02137 n04006 n04108 n04500 n05277 n05659 n06416 n06963 n07274 n07276 n07285 n08189 n08190 n08776 n08777 n08778	n01630	157		true
n06332	14	0.0650	n01746	n02822 n03710	235		true
n06333	13	0.0650	n05550 n07893		56		true
n06334	14	0.0650	n02840 n03264 n03281 n08405	n00767 n01331	27		true
n06335	18	0.0650	n02137 n04006 n04108 n05277 n07274 n08189 n08777	n01596 n07242 n08658 n08688	563		true
n06336	14	0.0650	n04957 n08790	n02033	306		true
n06337	13	0.0650	n09242	n02265	347		true
n06338	16	0.0650	n07026 n08899	n05724	175		true
n06339	13	0.0650	n06093	n05960	207		true
n06340	12	0.0650	n09050 n09051	n02625	62		true
n06341	12	0.0650	n09013	n01868	380		true
n06342	12	0.0650	n08980	n00495	160		true
n06343	15	0.0650	n01074 n03015 n07843	n00878 n02908	214		true
n06344	12	0.0650	n01678	n02664	69		true
n06345	12	0.0650	n03185 n04990 n08919	n03437	183		true
n06346	15	0.0650	n05324	n00574 n00698	151		true
n06347	15	0.0650	n04704 n07277 n08779	n00615 n03339	249		true
n06348	12	0.0650	n07133	n01738 n02507	76		true
n06349	12	0.0650	n03016	n00784	58		true
n06350	12	0.0650	n04276 n04532 n05074 n07890	n00842	111		true
n06351	13	0.0650	n05670 n06078 n08968	n01713 n02423	177		true
n06352	13	0.0650	n09001	n00814 n01767	189		true
n06353	13	0.0650	n07009 n07276 n08777	n03343 n05650	161		true
n06354	12	0.0650	n05435 n08330	n01473 n01987	965		true
n06355	12	0.0650	n05108 n07860 n08776	n01714	1145		true
n06356	12	0.0650	n02580	n02386	271		true
n06357	12	0.0650	n07059	n01550	879		true
n06358	13	0.0650	n08333	n04194	68		true
n06359	12	0.0650	n01335 n04006 n04500 n05277 n08189		364		true
n06360	11	0.0650	n06520	n00126	88		true
n06361	13	0.0650	n06100 n08544	n01821	595		true
n06362	13	0.0650	n04167	n02080 n03528	134		true
n06363	13	0.0650	n01417 n04442 n06473 n06680	n00660 n00693	168		true
n06364	12	0.0650	n01335 n04500	n00603 n03529	177		true
n06365	12	0.0650	n04125 n07319	n02559	92		true
n06366	12	0.0650	n04590	n01966 n02115	276		true
n06367	12	0.0650	n04234	n00732 n02458	184		true
n06368	12	0.0650	n07306	n00915 n01488	247		true
n06369	12	0.0650	n04834	n00081 n00615	164		true
n06370	11	0.0650	n04006 n04500 n05277 n08189	n00659 n00912	396		true
n06371	13	0.0650	n03732 n06258 n07834 n08525 n09158	n02771	212		true
n06372	12	0.0650	n05471 n06283	n01027 n02425	142		true
n06373	11	0.0650	n01347	n00403 n00716	50		true
n06374	12	0.0650	n09596	n01721 n02639 n03482	101		true
n06375	12	0.0650	n05117	n02876	245		true
n06376	12	0.0650	n08567	n00276	47		true
n06377	11	0.0650	n09161	n01254	415		true
n06378	12	0.0650	n04318 n05664	n01222	83		true
n06379	11	0.0650	n07943		93		true
n06380	11	0.0650	n07467	n00122	151		true
n06381	12	0.0650	n01335 n04006 n04500 n05277 n08189	n01532	293		true
n06382	11	0.0650	n02137 n04006 n04108 n04500 n05277 n05659 n06416 n06963 n07274 n07275 n07276 n08189 n08190 n08776 n08777 n08778	n01574 n01750	100		true
n06383	11	0.0650	n05124 n09243		177		true
n06384	10	0.0650	n07123	n00291	35		true
n06385	10	0.0650	n04643 n04749	n01071	189		true
n06386	10	0.0650	n01335 n04006 n04500 n05277	n02506	184		true
n06387	10	0.0650	n03048	n02311 n02803	67		true
n06388	10	0.0650	n03311 n08189	n01176	112		true
n06389	11	0.0650	n06301	n00371	245		true
n06390	11	0.0650	n08779 n08995	n01599	155		true
n06391	11	0.0650	n07510	n02194	454		true
n06392	11	0.0650	n03495 n04162	n01208	50		true
n06393	11	0.0650	n03190	n02176	201		true
n06394	10	0.0650	n08551	n00719	136		true
n06395	11	0.0650	n07563 n08458	n03093	371		true
n06396	10	0.0650	n07826	n00126	66		true
n06397	11	0.0650	n02137 n02644 n07274 n08189 n08777	n00339 n00812	233		true
n06398	10	0.0650	n01347	n01917 n02156	68		true
n06399	12	0.0650	n06451 n07758 n08330	n01473 n01987 n02372	961		true
n06400	10	0.0650	n05468	n01719	74		true
n06401	11	0.0650	n04661 n08613	n00914	163		true
n06402	10	0.0650	n08231 n09140	n00643	77		true
n06403	10	0.0650	n05032 n05708 n08610	n00222 n00700	80		true
n06404	10	0.0650	n03728 n05277	n00154	85		true
n06405	10	0.0650	n08942	n00302	144		true
n06406	11	0.0650	n05024	n01057	403		true
n06407	11	0.0649	n02675	n00220	83		true
n06408	10	0.0621	n02137 n04006 n04108 n04500 n05277 n05659 n06416 n06963 n07274 n07275 n07276 n08189 n08190 n08776 n08778	n01039	82		true
n06409	14	0.0603	n01961	n04843	246		true
n06410	12	0.0603	n07736	n01233	143		true
n06411	13	0.0603	n03453	n02623	153		true
n06412	11	0.0603	n06033 n07042	n00823	68		true
n06413	11	0.0603	n04500 n04911 n08189	n01385	130		true
n06414	10	0.0603	n05236	n00888	151		true
n06415	10	0.0603	n03987 n08056		176		true
n06416	2301	0.0600		n00415 n00662 n01109 n01348 n02141 n02230 n02613 n02627 n02725 n02976 n03013 n03066 n03129 n03213 n03364 n03405 n03545 n03612 n03681 n03729 n03787 n03824 n03850 n03927 n04023 n04065 n04139 n04144 n04220 n04266 n04373 n04415 n04431 n04433 n04509 n04635 n04648 n04669 n04718 n04759 n04763 n04785 n04833 n04855 n04874 n04896 n04898 n04922 n04936 n04980 n04987 n04993 n05006 n05011 n05034 n05049 n05065 n05085 n05108 n05139 n05223 n05239 n05257 n05293 n05300 n05301 n05308 n05317 n05321 n05351 n05399 n05433 n05446 n05481 n05507 n05509 n05519 n05548 n05573 n05615 n05642 n05645 n05649 n05660 n05663 n05696 n05698 n05702 n05760 n05768 n05814 n05829 n05830 n05837 n05844 n05919 n05927 n05959 n05973 n05984 n05989 n05992 n06022 n06024 n06025 n06063 n06071 n06142 n06155 n06176 n06198 n06226 n06262 n06313 n06315 n06331 n06382 n06408 n06417 n06433 n06445 n06446 n06461 n06463 n06467 n06482 n06507 n06537 n06553 n06585 n06648 n06668 n06675 n06690 n06692 n06736 n06745 n06763 n06772 n06803 n06816 n06825 n06850 n06877 n06878 n06890 n06895 n06906 n06911 n06919 n06922 n06933 n06968 n06972 n06975 n06986 n06988 n06996 n07009 n07031 n07036 n07047 n07068 n07078 n07106 n07112 n07127 n07137 n07138 n07155 n07158 n07163 n07169 n07170 n07193 n07203 n07222 n07227 n07240 n07289 n07293 n07297 n07312 n07313 n07321 n07327 n07330 n07337 n07348 n07364 n07383 n07398 n07407 n07411 n07412 n07413 n07416 n07421 n07428 n07432 n07450 n07453 n07477 n07483 n07486 n07487 n07501 n07507 n07517 n07528 n07537 n07560 n07570 n07577 n07581 n07594 n07621 n07629 n07633 n07635 n07653 n07654 n07666 n07686 n07704 n07709 n07711 n07720 n07729 n07733 n07739 n07743 n07750 n07760 n07762 n07770 n07772 n07773 n07778 n07779 n07791 n07792 n07795 n07802 n07808 n07811 n07825 n07830 n07837 n07844 n07855 n07860 n07861 n07868 n07883 n07885 n07921 n07962 n07978 n07979 n07992 n08010 n08026 n08052 n08055 n08073 n08076 n08093 n08104 n08111 n08114 n08136 n08142 n08149 n08192 n08198 n08211 n08217 n08218 n08221 n08230 n08234 n08236 n08259 n08264 n08269 n08278 n08285 n08310 n08326 n08335 n08382 n08392 n08393 n08396 n08397 n08411 n08419 n08438 n08455 n08456 n08459 n08466 n08471 n08475 n08493 n08494 n08517 n08530 n08550 n08561 n08570 n08573 n08589 n08597 n08600 n08608 n08614 n08641 n08647 n08656 n08657 n08671 n08673 n08686 n08688 n08689 n08708 n08713 n08725 n08730 n08748 n08756 n08765 n08770 n08799 n08801 n08803 n08809 n08812 n08820 n08834 n08839 n08841 n08842 n08843 n08850 n08856 n08872 n08875 n08888 n08890 n08903 n08934 n08935 n08938 n08953 n08964 n08972 n08978 n08981 n08984 n08995 n08996 n08997 n09003 n09004 n09007 n09008 n09015 n09018 n09031 n09036 n09045 n09054 n09076 n09082 n09100 n09117 n09130 n09131 n09151 n09153 n09163 n09165 n09166 n09175 n09197 n09199 n09212 n09214 n09237 n09242 n09259 n09275 n09287 n09292 n09300 n09306 n09310 n09312 n09327 n09347 n09354 n09363 n09370 n09374 n09384 n09385 n09401 n09402 n09408 n09412 n09420 n09436 n09449 n09450 n09457 n09459 n09468 n09469 n09470 n09479 n09492 n09493 n09496 n09498 n09502 n09508 n09527 n09531 n09537 n09543 n09548 n09552 n09555 n09557 n09568 n09572 n09595 n09613 n09616	10716		true
n06417	110	0.0600	n02137 n04006 n04108 n04500 n05277 n05659 n06416 n07274 n08189	n04995 n05165 n05997 n06449 n06981 n07020 n07774 n07960 n08204	1137		true
n06418	78	0.0600	n01857 n05391 n08191 n08779	n05068 n07334 n07380 n07409 n07786 n07916 n08941	612		true
n06419	78	0.0600	n01347	n01317 n02046 n04026 n04314 n04534 n04790 n04820 n07046 n07781 n07937 n07970 n08463 n08531 n09164	625		true
n06420	62	0.0600	n02137 n02644 n04108 n07274 n08189 n08777	n03589 n03920 n07713 n08552	404		true
n06421	49	0.0600	n02396 n04007 n05391 n06663 n06963 n07694 n08191 n08779	n02377 n03682	607		true
n06422	55	0.0600	n02396 n04704 n06963 n07277	n04009 n05587 n06496	265		true
n06423	55	0.0600	n05814	n07718	725		true
n06424	45	0.0600	n04566	n00246 n00999 n05147 n07161 n08948	151		true
n06425	46	0.0600	n07697	n01882 n04712	350		true
n06426	47	0.0600	n01336 n08781	n02183 n02360 n03595 n05076 n07548 n08920	637		true
n06427	40	0.0600	n06974 n07696	n01760 n04444 n05256 n06526	768		true
n06428	39	0.0600	n04965	n03143	136		true
n06429	39	0.0600	n01672 n04960	n04158 n04394 n07070 n08325	208		true
n06430	39	0.0600	n02644 n04704 n07274	n02863 n04143	626		true
n06431	39	0.0600	n05284	n05289	271		true
n06432	47	0.0600	n05396	n03277 n06153 n08903	471		true
n06433	33	0.0600	n02137 n04108 n04500 n05277 n05659 n06416 n06963 n07274 n07275 n07276 n08190 n08776 n08777 n08778	n01014 n01603	412		true
n06434	33	0.0600	n07274 n07759	n05206 n05291	155		true
n06435	39	0.0600	n04068	n05683 n08896	525		true
n06436	33	0.0600	n05511 n07277 n08780	n04640 n06041	516		true
n06437	38	0.0600	n05989	n03495 n04162 n06082 n08334 n08395 n08416	432		true
n06438	34	0.0600	n08199	n01636 n06702	400		true
n06439	33	0.0600	n04431	n04653 n05933 n07489	234		true
n06440	37	0.0600	n02396 n04108 n04704 n07277 n07694 n08779	n06038 n07464 n09552 n09572	732		true
n06441	31	0.0600	n03791	n06019	84		true
n06442	35	0.0600	n04787	n03269 n04329	545		true
n06443	31	0.0600	n08221	n03339 n04869	315		true
n06444	31	0.0600	n04711 n07281	n03739 n06514 n07457 n09143	416		true
n06445	33	0.0600	n02137 n04006 n04108 n04500 n05277 n05659 n06416 n06963 n07274 n07275 n07276 n08189 n08190 n08776	n03506 n04164 n06844 n07159 n09021	384		true
n06446	27	0.0600	n02644 n04108 n04704 n06416 n08776	n05089	367		true
n06447	32	0.0600	n07696 n08814	n07397 n08983	662		true
n06448	30	0.0600	n07696 n08195	n04444 n05533	617		true
n06449	27	0.0600	n06417 n06963 n07276 n08190 n08776 n08777 n08778	n02339 n03943 n05313	320		true
n06450	31	0.0600	n08866	n05684 n05871 n07849	1199		true
n06451	27	0.0600	n01347 n03680	n03182 n03704 n04692 n05427 n06399	976		true
n06452	24	0.0600	n02396 n04006	n00884 n01451	469		true
n06453	24	0.0600	n04500 n04502 n07275 n08776	n04079	211		true
n06454	29	0.0600	n03735 n07795 n08218	n01476	616		true
n06455	28	0.0600	n05200	n01949 n03873 n03882	239		true
n06456	24	0.0600	n04970	n03363 n05136 n07646 n08165 n09424	236		true
n06457	23	0.0600	n02137 n02644 n04108 n07274 n08777	n05242 n07052 n08562	251		true
n06458	27	0.0600	n04716	n03978 n05101	587		true
n06459	22	0.0600	n06712	n06319 n09017	89		true
n06460	24	0.0600	n04108	n05347 n08354	611		true
n06461	24	0.0600	n02137 n04006 n04108 n04500 n05277 n05659 n06416 n06963 n07274 n07275 n07276 n08189 n08190 n08776 n08777 n08778	n03696 n07084 n07121	442		true
n06462	25	0.0600	n08900	n03988 n04340 n07069 n07923	125		true
n06463	21	0.0600	n02137 n04006 n04108 n04500 n05659 n06416 n06663 n06963 n07275 n07694 n08190 n08191 n08776 n08778	n02977 n05016	116		true
n06464	22	0.0600	n00687 n01031 n01048 n05817 n06663 n07694 n07715 n08191 n08779 n08780	n01420 n06594 n08547 n09091	216		true
n06465	21	0.0600	n06007 n08776	n02263 n05918 n09576	177		true
n06466	23	0.0600	n04636 n06675 n07326	n01699 n03044 n04655	312		true
n06467	22	0.0600	n04108 n04500 n06416 n08190 n08776	n01548 n02409 n03075	370		true
n06468	25	0.0600	n01937	n01912 n03693 n04087	175		true
n06469	24	0.0600	n02137 n04006 n04108 n04500 n05277 n07274 n08189 n08777	n03016 n03667 n06507	161		true
n06470	20	0.0600	n05540 n06681 n06963	n04355 n04533 n09444	203		true
n06471	21	0.0600	n07384	n02325 n03077	290		true
n06472	24	0.0600	n02805 n07312 n07713	n01580 n02168 n07589	184		true
n06473	22	0.0600	n06029	n01822 n03082 n04050 n06363 n07691	311		true
n06474	23	0.0600	n05823	n02619 n05147	104		true
n06475	21	0.0600	n03488 n04510	n02552 n04241 n05028	423		true
n06476	23	0.0600	n07363	n03923 n04343	871		true
n06477	21	0.0600	n01522 n05277	n04228 n05233	79		true
n06478	23	0.0600	n08304	n02868 n04526 n06661	350		true
n06479	22	0.0600	n03262 n03732	n07077 n08184 n08711	393		true
n06480	21	0.0600	n04006 n04500 n05277 n08189	n06784	408		true
n06481	20	0.0600	n07314	n00977 n02191	88		true
n06482	22	0.0600	n02137 n04006 n04108 n05659 n06416 n07274 n07275 n07276 n08189 n08190 n08776 n08777	n04606 n07878	214		true
n06483	24	0.0600	n05083	n01781 n04102 n04346 n04762 n08646	227		true
n06484	20	0.0600	n01335 n04006 n04500 n05277 n08189	n00587 n04665 n08586	68		true
n06485	20	0.0600	n02780 n07822 n08236	n01846 n06558	159		true
n06486	22	0.0600	n02125	n03549 n06954	384		true
n06487	21	0.0600	n02462 n07712	n05020 n08162	234		true
n06488	19	0.0600	n01811 n06728	n05439	163		true
n06489	18	0.0600	n08355	n01219 n01325	89		true
n06490	19	0.0600	n03644	n00610 n01677	364		true
n06491	28	0.0600	n02396 n04704 n06663 n06963 n07694 n08191	n03765 n04535 n05938 n06567 n07172 n07575 n09173	334		true
n06492	18	0.0600	n00515	n03652 n04478	58		true
n06493	21	0.0600	n05659 n06736 n07276 n07709	n06320 n07995 n09128	209		true
n06494	22	0.0600	n01347 n03680	n04174 n05236 n05343 n07236	226		true
n06495	18	0.0600	n06683	n02787 n07595	103		true
n06496	19	0.0600	n06422 n06722	n01780 n03245 n07623	131		true
n06497	19	0.0600	n07818	n02681 n08514	230		true
n06498	20	0.0600	n07764 n08818	n03609 n07253	142		true
n06499	17	0.0600	n06729	n02367 n06960	287		true
n06500	19	0.0600	n04007 n04704 n05392 n07277 n07278 n08779 n08780	n03422 n09285	226		true
n06501	17	0.0600	n07838	n01946 n08008	75		true
n06502	16	0.0600	n05310	n01053	131		true
n06503	16	0.0600	n03014 n05086	n03159 n05354	284		true
n06504	21	0.0600	n01880 n02396 n04704 n06963 n07277 n07694 n08191 n08311 n08779 n08780	n08399	587		true
n06505	17	0.0600	n01347 n03680	n02084 n02985	153		true
n06506	17	0.0600	n02137 n07274 n08189 n08777	n00394 n08707 n09432	120		true
n06507	17	0.0600	n05659 n06416 n06469 n06963 n07275 n08190 n08201 n08776 n08778	n00758 n06582	123		true
n06508	18	0.0600	n02027 n04955 n05664 n08784	n02441 n09215	146		true
n06509	16	0.0600	n04704 n06663 n06963 n07694 n08191 n08779	n02002 n02750	200		true
n06510	17	0.0600	n04580	n01320 n08613	197		true
n06511	22	0.0600	n04258	n03604 n04902 n06527	527		true
n06512	19	0.0600	n04277	n00620 n01894 n04846	174		true
n06513	18	0.0600	n05683	n02880 n07525	289		true
n06514	18	0.0600	n04707 n06444 n07761	n00197 n07649	270		true
n06515	17	0.0600	n02137 n08189	n03955 n06854 n09416	163		true
n06516	21	0.0600	n07011 n08189	n05608 n08084	211		true
n06517	18	0.0600	n08361	n01735 n03514	297		true
n06518	19	0.0600	n01335 n04006 n04500 n05277 n08189	n03655 n08526	265		true
n06519	20	0.0600	n06790	n05803 n08569	920		true
n06520	17	0.0600	n04393 n08189 n08515	n04101 n06360 n08016	130		true
n06521	15	0.0600	n06762 n08779	n01846 n09398	135		true
n06522	16	0.0600	n04108 n08190	n02327 n03423	110		true
n06523	16	0.0600	n05860 n07022	n00461 n00715 n02242 n03392	285		true
n06524	15	0.0600	n04108 n06663 n08779	n00993 n06861	637		true
n06525	18	0.0600	n07074	n02293 n05589	88		true
n06526	15	0.0600	n06056 n06427	n00296	110		true
n06527	16	0.0600	n06511	n03293 n04617 n04768	472		true
n06528	15	0.0600	n06784	n01242 n02850	284		true
n06529	15	0.0600	n07799	n00723 n00806	181		true
n06530	16	0.0600	n01604 n02894	n03566 n04758 n06637	168		true
n06531	15	0.0600	n06762 n08190 n08776 n08779	n05925	157		true
n06532	16	0.0600	n03069 n04449	n03084 n06892 n06950	137		true
n06533	17	0.0600	n07399 n08370	n01607 n08684	185		true
n06534	14	0.0600	n04330 n04385	n01563	118		true
n06535	15	0.0600	n03407 n07696	n04841 n05181	97		true
n06536	15	0.0600	n08871 n08928	n02263 n02599	127		true
n06537	16	0.0600	n02137 n04006 n04108 n04500 n05277 n05659 n06416 n06963 n07274 n07275 n07276 n08189 n08190 n08776 n08777 n08778	n00963 n08733	315		true
n06538	15	0.0600	n01906 n03913	n03669 n04552 n09313	294		true
n06539	14	0.0600	n06744	n01551 n02875	68		true
n06540	14	0.0600	n02644 n03680	n01764	38		true
n06541	16	0.0600	n04584 n06294	n03659 n06951	96		true
n06542	16	0.0600	n02644	n00611 n07220	226		true
n06543	15	0.0600	n02378	n01527 n02919	170		true
n06544	14	0.0600	n09155	n03062 n04359	325		true
n06545	14	0.0600	n06992	n01502 n05625	69		true
n06546	15	0.0600	n05526 n07355 n07379 n08905	n01698	243		true
n06547	14	0.0600	n04108	n01831 n03248	621		true
n06548	15	0.0600	n02396 n04704 n08776 n08779	n00736 n03622 n03840	169		true
n06549	15	0.0600	n02646 n05809 n07714	n06185 n07663	217		true
n06550	16	0.0600	n03593 n03743 n04215 n04274 n06724	n01022 n02033	311		true
n06551	16	0.0600	n06732	n03755 n06161	637		true
n06552	14	0.0600	n05446	n00601 n03666	213		true
n06553	17	0.0600	n02137 n04006 n04108 n04500 n05277 n05659 n06416 n06963 n07274 n07275 n07276 n08189 n08190 n08776 n08777 n08778	n02266 n04351	218		true
n06554	14	0.0600	n00728 n08427	n01963 n03821	84		true
n06555	13	0.0600	n08877	n00198 n00956	120		true
n06556	14	0.0600	n04724 n07125	n02444	553		true
n06557	14	0.0600	n03415	n00405 n01234	150		true
n06558	15	0.0600	n06485	n05375 n08106	122		true
n06559	13	0.0600	n06800 n09063	n00357 n01153	101		true
n06560	15	0.0600	n05293 n08917	n04417 n08071 n09510	167		true
n06561	13	0.0600	n01347 n03680	n02799	65		true
n06562	13	0.0600	n08089	n01697 n02058	200		true
n06563	14	0.0600	n03808 n06295	n03373	78		true
n06564	13	0.0600	n02127	n01584	93		true
n06565	14	0.0600	n02137 n05277 n05659 n06963 n08189 n08776 n08778	n02952 n03891 n05802	213		true
n06566	13	0.0600	n07943	n03471	114		true
n06567	14	0.0600	n01880 n06491 n07277 n08779	n02426	154		true
n06568	21	0.0600	n01335 n04006 n04500 n05277 n08189	n04002 n05803	979		true
n06569	19	0.0600	n04082	n03199 n05610	243		true
n06570	13	0.0600	n03919	n02369 n02596	174		true
n06571	12	0.0600		n00064 n00720	46		true
n06572	12	0.0600	n03806 n06239	n00599 n00855	197		true
n06573	13	0.0600	n09065	n01129 n01332	168		true
n06574	13	0.0600	n08748	n00696 n01073	186		true
n06575	12	0.0600	n02295 n05453 n06727	n02110 n02998	91		true
n06576	13	0.0600	n06746	n00551 n01685	140		true
n06577	12	0.0600	n05082 n08858	n01161	1241		true
n06578	13	0.0600	n06053	n03160	122		true
n06579	12	0.0600	n01117 n05576	n00274	55		true
n06580	13	0.0600	n06255 n09148	n00558 n03707	81		true
n06581	12	0.0600	n01880 n02396 n04704 n05392 n06663 n06963 n07277 n07694 n08191 n08779 n08780	n00553	91		true
n06582	12	0.0600	n03729 n06507	n00075	73		true
n06583	13	0.0600	n02333	n01368	119		true
n06584	12	0.0600	n03975	n00241 n03835	1253		true
n06585	13	0.0600	n02137 n04006 n04108 n04500 n05277 n05659 n06416 n06963 n07274 n07275 n07276 n08189 n08190 n08776 n08777 n08778	n00850 n03253	123		true
n06586	14	0.0600	n02676	n04362	121		true
n06587	12	0.0600	n04388	n03777	157		true
n06588	12	0.0600	n03987 n08009	n02219	286		true
n06589	12	0.0600	n02396 n04108 n06963 n08190	n00932	139		true
n06590	13	0.0600	n02190 n05730	n01288	268		true
n06591	12	0.0600	n08789 n08980	n01201	278		true
n06592	15	0.0600	n01335 n04006 n04500 n05277 n08189	n02684 n05059	171		true
n06593	11	0.0600	n08446	n01878	92		true
n06594	12	0.0600	n04024 n06464	n01204	147		true
n06595	11	0.0600	n02128	n00240	185		true
n06596	12	0.0600	n01335 n04006 n04500 n05277 n08189	n03771	182		true
n06597	11	0.0600	n02644 n04108 n07274 n08190 n08779	n01364	148		true
n06598	14	0.0600	n07868 n08370	n01607	129		true
n06599	11	0.0600	n04024 n05086 n07846	n00948	121		true
n06600	11	0.0600	n05419 n06702 n09093	n03668	373		true
n06601	12	0.0600	n02741 n07370 n08548	n00757	108		true
n06602	12	0.0600	n05450 n06056 n08814	n02306	89		true
n06603	13	0.0600	n06738 n08191	n02114 n03529	287		true
n06604	11	0.0600	n07142	n00788	152		true
n06605	12	0.0600	n07036 n08218	n00741	129		true
n06606	13	0.0600	n02137 n02644 n04108 n07274 n08189 n08777	n04560	126		true
n06607	11	0.0600	n04091 n08776	n00430	107		true
n06608	11	0.0600	n09227		46		true
n06609	13	0.0600	n03851 n07277 n08780	n00615 n01701	183		true
n06610	11	0.0600	n05911	n00653 n02766	83		true
n06611	11	0.0600	n04657 n07486 n07779	n00321	152		true
n06612	13	0.0600	n02333 n05228	n00808 n02756	116		true
n06613	12	0.0600	n06709 n07434 n09069	n01713	140		true
n06614	11	0.0600	n04704 n06663 n07277 n07694 n08779 n09155	n03062	302		true
n06615	11	0.0600	n08903	n00283	129		true
n06616	12	0.0600	n03331 n05328	n03832 n03906	106		true
n06617	11	0.0600	n00942 n01707 n05484 n08574	n00154	130		true
n06618	11	0.0600	n03596 n05461 n09167	n01850	133		true
n06619	11	0.0600	n06724	n02565	182		true
n06620	11	0.0600		n01284	329		true
n06621	13	0.0600	n01335 n04006 n04500 n05277 n08189	n01550	930		true
n06622	11	0.0600	n08495	n02918	96		true
n06623	11	0.0600	n02137 n02644 n07274 n08777	n00430 n00883	81		true
n06624	11	0.0600	n05659 n07085	n00778	158		true
n06625	11	0.0600	n05085 n07450	n03132	150		true
n06626	11	0.0600	n07862	n02323	61		true
n06627	10	0.0600	n02644 n09322	n00496	85		true
n06628	10	0.0600	n04901 n09162	n00703	168		true
n06629	10	0.0600	n04383 n04543		51		true
n06630	10	0.0600	n08852	n01024	52		true
n06631	10	0.0600	n02520	n00827	81		true
n06632	11	0.0600	n03039 n07797 n08947	n02721	72		true
n06633	11	0.0600	n02842 n05894	n00301	141		true
n06634	12	0.0600	n01100 n02166	n01804 n03907	229		true
n06635	11	0.0600	n02137 n02644 n07274 n08777	n01266	94		true
n06636	10	0.0600	n02020 n06152	n03905	76		true
n06637	10	0.0600	n06530	n01969	120		true
n06638	11	0.0600	n06270	n02765	72		true
n06639	11	0.0600	n02644	n00792 n03841	183		true
n06640	11	0.0600	n08357	n01368	126		true
n06641	12	0.0600	n02333 n08357	n02451	112		true
n06642	12	0.0600	n03499 n05130	n03678 n03717	117		true
n06643	10	0.0600	n01977	n02604	201		true
n06644	12	0.0600	n06281	n00788 n01369	155		true
n06645	11	0.0600	n03980 n06306	n00434 n00490	62		true
n06646	10	0.0600	n07466	n00857	287		true
n06647	10	0.0600	n02149	n00167	213		true
n06648	11	0.0600	n02137 n04006 n04108 n04500 n05277 n05659 n06416 n06963 n07274 n07275 n07276 n08189 n08190 n08778	n01395	173		true
n06649	10	0.0583	n01351	n00256	27		true
n06650	11	0.0561	n01231	n00276	35		true
n06651	17	0.0556	n04327 n06704 n08190 n08778 n08840	n00425 n01624	186		true
n06652	12	0.0556	n03653 n08543	n00582 n02773	178		true
n06653	10	0.0556	n01464		111		true
n06654	11	0.0556	n02137 n04108 n07279 n07694 n08777 n08779 n08803	n02667 n03442	63		true
n06655	14	0.0553	n05418 n07132 n07308	n01354 n02448	463		true
n06656	13	0.0553	n01347	n00716 n01685	155		true
n06657	13	0.0553	n03456	n02058	148		true
n06658	13	0.0553	n02747	n00850 n01415	205		true
n06659	13	0.0553	n03987 n09231	n02219 n02227	351		true
n06660	11	0.0553	n03120 n07764 n08243 n09067	n00830	79		true
n06661	11	0.0553	n01757 n06078 n06478	n03174	114		true
n06662	10	0.0550	n01299 n01882	n00697	140		true
n06663	1413	0.0550		n00464 n00652 n00888 n01236 n01361 n01425 n01720 n01857 n01858 n01965 n01990 n01991 n02008 n02015 n02064 n02366 n02395 n02645 n02664 n02668 n02835 n02861 n03010 n03297 n03302 n03599 n03601 n03914 n04024 n04060 n04167 n04176 n04203 n04258 n04267 n04311 n04337 n04367 n04371 n04554 n04618 n04691 n04782 n04925 n04974 n04984 n05056 n05094 n05108 n05151 n05154 n05189 n05204 n05224 n05284 n05302 n05315 n05329 n05382 n05393 n05465 n05511 n05513 n05547 n05594 n05693 n05710 n05810 n05864 n05895 n05909 n05913 n05915 n05919 n05920 n05924 n05957 n05972 n05993 n06215 n06243 n06263 n06421 n06463 n06464 n06491 n06509 n06524 n06581 n06614 n06670 n06678 n06684 n06778 n06785 n06792 n06855 n06926 n06931 n06935 n06944 n06973 n06986 n06991 n07012 n07014 n07033 n07061 n07135 n07169 n07190 n07245 n07278 n07307 n07309 n07310 n07324 n07368 n07402 n07411 n07419 n07484 n07495 n07549 n07569 n07579 n07621 n07647 n07655 n07660 n07674 n07701 n07703 n07711 n07723 n07737 n07767 n07865 n07882 n07981 n07990 n08040 n08052 n08057 n08059 n08083 n08113 n08141 n08210 n08257 n08265 n08291 n08309 n08314 n08348 n08354 n08373 n08407 n08410 n08425 n08447 n08472 n08527 n08566 n08581 n08601 n08614 n08632 n08641 n08701 n08712 n08720 n08764 n08775 n08782 n08785 n08790 n08792 n08833 n08847 n08925 n08930 n08979 n09001 n09014 n09069 n09191 n09200 n09221 n09234 n09245 n09272 n09292 n09295 n09338 n09377 n09380 n09413 n09442 n09451 n09461 n09476 n09488 n09513 n09530 n09537 n09572 n09597	8770		true
n06664	64	0.0550	n01347 n07699	n01560 n03691 n06666	362		true
n06665	70	0.0550	n08783	n00587 n01894 n03261 n04923 n07673 n08316 n09486	688		true
n06666	60	0.0550	n06664	n02591 n06671	348		true
n06667	55	0.0550	n04366	n01601 n07314	110		true
n06668	58	0.0550	n02137 n04006 n04108 n04500 n05277 n05659 n06416 n06963 n07274 n07275 n07276 n08189 n08190 n08776 n08777 n08778	n02029 n04368	579		true
n06669	54	0.0550	n07275 n07276 n08189 n08190 n08192 n08776 n08778	n02440 n02479	393		true
n06670	54	0.0550	n06663 n06969 n07694 n08191	n00186 n01099 n03202 n05894	548		true
n06671	53	0.0550	n06666	n00690 n00780 n03419 n03538 n05226	183		true
n06672	50	0.0550	n05066	n04010 n04191 n05965	138		true
n06673	54	0.0550	n08209	n01145 n02403 n03920 n05395 n05535	221		true
n06674	55	0.0550	n01335 n04006 n04500 n05277 n08189	n04964 n06031 n09039 n09591	617		true
n06675	51	0.0550	n04108 n06416 n07274 n07275 n08776	n02695 n04644 n06466	516		true
n06676	52	0.0550	n01335 n04006 n05277	n03355 n09049	735		true
n06677	55	0.0550	n04006 n06972	n03012 n03744 n07294 n07807	424		true
n06678	49	0.0550	n04007 n04634 n05188 n05391 n06663 n08194	n03035 n03225 n05598 n05680	618		true
n06679	50	0.0550	n08216	n03091 n04568 n05491 n05932 n07832	619		true
n06680	39	0.0550	n04637	n01648 n03082 n05717 n06363 n07451	283		true
n06681	42	0.0550	n02886 n04861	n01115 n02071 n05807 n05928 n06470 n07344 n08047	446		true
n06682	51	0.0550	n03178	n04276 n05074	387		true
n06683	43	0.0550	n02137 n02644 n07274 n08777	n05421 n06495 n08859	274		true
n06684	34	0.0550	n01880 n04009 n06663 n07694 n08779	n00192 n05022 n07814	168		true
n06685	36	0.0550	n02137 n08229 n08778	n00273 n04375	395		true
n06686	35	0.0550	n01347	n00063 n04122 n05880 n07150	236		true
n06687	38	0.0550	n03106	n07349 n08271	314		true
n06688	35	0.0550	n05991	n01596 n03230 n03751 n08016	732		true
n06689	29	0.0550	n05828	n00544 n01158	162		true
n06690	35	0.0550	n03589 n06416	n02805	295		true
n06691	32	0.0550	n02137 n04006 n05659 n06198 n06963 n08778	n00098 n02409	611		true
n06692	33	0.0550	n04108 n06416 n07752	n03251 n07357	227		true
n06693	34	0.0550	n05998	n04715 n05862 n06241	376		true
n06694	38	0.0550	n08208	n05407 n07748 n08747	334		true
n06695	34	0.0550	n06963	n03013 n09095	597		true
n06696	31	0.0550	n04314	n05866 n06777	245		true
n06697	37	0.0550	n01937	n06261 n06707 n08512	214		true
n06698	29	0.0550	n08254	n04321	104		true
n06699	29	0.0550	n03222 n08779	n05415 n09108	173		true
n06700	37	0.0550	n05809	n02182 n08361 n09309	553		true
n06701	29	0.0550	n08249	n02331 n04020	153		true
n06702	27	0.0550	n04972 n06438	n06233 n06600	386		true
n06703	31	0.0550	n08193	n01124 n03079 n04495 n07562 n09366 n09611	221		true
n06704	35	0.0550	n08860	n05007 n05425 n05485 n06651	757		true
n06705	30	0.0550	n07334	n05561 n08945	317		true
n06706	27	0.0550	n05066	n03918	161		true
n06707	30	0.0550	n01673 n04207 n04865 n06697	n03361	188		true
n06708	26	0.0550	n02137 n07330 n08776	n03880 n03971 n07405	215		true
n06709	28	0.0550	n03734	n01354 n02868 n06613	733		true
n06710	31	0.0550	n07696	n05026 n05450 n06056 n07065 n08029 n09037	358		true
n06711	27	0.0550	n01347 n03680	n01134 n03193 n05250	403		true
n06712	25	0.0550	n07304	n02364 n06459 n09337	99		true
n06713	27	0.0550	n06007	n05304 n06751	255		true
n06714	27	0.0550	n01347 n03680	n00727 n09217	135		true
n06715	24	0.0550	n03113	n02584 n04563 n04805	211		true
n06716	30	0.0550	n06206	n02726 n05419 n05550 n08521 n09423	1046		true
n06717	28	0.0550	n03261	n06283 n06818 n07424 n08479 n09544	310		true
n06718	23	0.0550	n08296	n00004	351		true
n06719	23	0.0550	n02936	n03742	215		true
n06720	25	0.0550	n07796	n02893	64		true
n06721	28	0.0550	n02027	n03234 n06053 n07555	188		true
n06722	24	0.0550	n08207 n08815	n04279 n06496	169		true
n06723	29	0.0550	n05295	n04277 n04333 n05033 n06299 n09296	235		true
n06724	26	0.0550	n05196	n01816 n06550 n06619 n07145	519		true
n06725	26	0.0550	n03269	n00211 n09088	453		true
n06726	26	0.0550	n02137 n02644 n07274 n08189 n08777	n03641	166		true
n06727	24	0.0550	n02375	n02741 n06575 n07370	138		true
n06728	23	0.0550	n06206 n08199	n01636 n02726 n06488	176		true
n06729	24	0.0550	n04882	n02982 n06499	424		true
n06730	24	0.0550	n08305	n02548 n04408 n09111	283		true
n06731	21	0.0550	n05087	n00579 n00729	242		true
n06732	23	0.0550	n02047	n04286 n06551	724		true
n06733	26	0.0550	n06988 n07332	n01957 n03272	262		true
n06734	23	0.0550	n03542	n02208 n07881	343		true
n06735	22	0.0550	n07285	n02338 n02591 n04420 n05374 n05975	281		true
n06736	27	0.0550	n02137 n04006 n04108 n06416 n07274 n07275 n08189 n08190 n08776 n08777	n02528 n02947 n06493 n08628	340		true
n06737	22	0.0550	n02137 n02644 n07274 n08777	n05766 n08015	113		true
n06738	24	0.0550	n02487 n02546	n03154 n03782 n03813 n03945 n06603 n08539	322		true
n06739	23	0.0550		n04036 n07552	263		true
n06740	20	0.0550	n03792	n05870	136		true
n06741	22	0.0550	n03108	n02003 n03807	116		true
n06742	21	0.0550	n02137 n02644 n07274 n08777	n02787 n07133 n07480	132		true
n06743	23	0.0550	n05277 n05659 n06968 n07275 n08778	n00300 n01863 n09430	196		true
n06744	21	0.0550	n04016	n02408 n06539	96		true
n06745	23	0.0550	n02644 n04108 n06416 n07274 n08190 n08776	n06124 n07974 n09133	243		true
n06746	20	0.0550	n08238	n02312 n06576	162		true
n06747	24	0.0550	n03796 n08776	n04451 n07055	437		true
n06748	23	0.0550	n08941	n03278 n07944	270		true
n06749	20	0.0550	n05203	n07122	84		true
n06750	23	0.0550	n04111 n05196 n08790	n02304 n05705	401		true
n06751	22	0.0550	n06713	n00504 n04829 n05918 n09576	206		true
n06752	20	0.0550	n01335 n04006 n04500 n05277 n08189	n03415 n05035	217		true
n06753	21	0.0550	n06238	n03657 n04601	105		true
n06754	19	0.0550	n01347 n03680	n03462 n04819	163		true
n06755	20	0.0550	n05855	n00585 n05273 n05656	75		true
n06756	19	0.0550	n02137 n02644 n07274 n08189 n08777	n03869 n09281	188		true
n06757	19	0.0550	n05413 n07740	n00114 n00611	208		true
n06758	22	0.0550		n04230 n06270	290		true
n06759	21	0.0550	n01349 n05297	n02127 n07599 n09365	237		true
n06760	21	0.0550	n08957	n05227	345		true
n06761	20	0.0550	n06035	n00450 n00906	395		true
n06762	22	0.0550	n08861	n05875 n06521 n06531	216		true
n06763	18	0.0550	n02644 n04108 n06416 n07274	n05126 n08449	109		true
n06764	19	0.0550	n08915	n01942 n04399	87		true
n06765	20	0.0550	n04637 n05070 n08944	n06095 n07111 n08504	112		true
n06766	22	0.0550	n06976	n06096 n08643	175		true
n06767	20	0.0550	n07299 n07770 n08353	n06100	1200		true
n06768	22	0.0550	n05841	n02235 n02999	247		true
n06769	18	0.0550	n02137 n02644 n07274 n08777	n00756 n01013 n03382	126		true
n06770	20	0.0550	n06205 n07365	n04491 n05243 n06114 n08763	318		true
n06771	20	0.0550	n07694 n08191 n08997	n02289 n03502 n09439	218		true
n06772	21	0.0550	n02644 n04108 n06416 n07274 n07277 n08190 n08197 n08779	n00463 n01405 n07568	258		true
n06773	19	0.0550	n02644	n01223 n08435	202		true
n06774	21	0.0550	n02644 n08190 n08776 n08779	n02391 n04063 n04699 n09077	159		true
n06775	18	0.0550	n01347 n03680	n00518 n05445	111		true
n06776	18	0.0550	n06220	n07926	381		true
n06777	17	0.0550	n06696	n02786 n04129	209		true
n06778	19	0.0550	n01335 n02430 n06663 n08779 n08780	n01341 n08537	183		true
n06779	18	0.0550	n04521	n03648	119		true
n06780	19	0.0550	n08932	n08736 n08749	106		true
n06781	18	0.0550	n03596 n08190	n05722	125		true
n06782	19	0.0550	n04273	n00458 n02317	224		true
n06783	21	0.0550	n04956 n08193	n03079 n04495 n07562	158		true
n06784	19	0.0550	n06480	n04828 n06528	309		true
n06785	17	0.0550	n02396 n04108 n06663	n03366 n03556	231		true
n06786	19	0.0550	n08825	n01611 n07140	255		true
n06787	23	0.0550	n02137 n03311 n04108 n06963 n07275 n08778	n05253 n05750 n07540 n08168	381		true
n06788	20	0.0550	n02644	n01917 n08435 n08718	191		true
n06789	18	0.0550	n02396 n04500 n05277	n00225 n03473	868		true
n06790	21	0.0550	n01335 n04006 n04500 n05277 n08189	n06519	924		true
n06791	17	0.0550		n00036 n01930	83		true
n06792	18	0.0550	n04704 n06663 n07694 n07746 n08191 n08778 n08869	n01355 n03831 n06125 n08710	220		true
n06793	16	0.0550	n07844 n08834	n00224 n01259	105		true
n06794	18	0.0550	n04108 n07274 n08190	n03767 n04103	181		true
n06795	20	0.0550	n04164 n09020	n03453	188		true
n06796	17	0.0550	n04217	n01541	127		true
n06797	16	0.0550	n08930	n00505 n02445	307		true
n06798	18	0.0550	n02644	n01893 n02178 n06870	524		true
n06799	19	0.0550	n01347 n03680	n02707 n03221 n05755	92		true
n06800	16	0.0550	n07390	n01564 n06559	120		true
n06801	16	0.0550	n02357 n07327 n07808	n08729	133		true
n06802	18	0.0550	n09003	n07475 n08628	254		true
n06803	16	0.0550	n02137 n04006 n04108 n04500 n05277 n05659 n06416 n06963 n07274 n07275 n07276 n08189 n08190 n08776 n08777 n08778	n00805	108		true
n06804	17	0.0550	n08858	n03368 n09424	966		true
n06805	16	0.0550	n09074	n02831 n04840	194		true
n06806	17	0.0550		n01198 n03818 n07991	186		true
n06807	18	0.0550	n07696 n08814	n02306 n05355	318		true
n06808	17	0.0550	n04500 n08189	n04137 n04420 n06902	216		true
n06809	15	0.0550	n04706 n08292	n00014	110		true
n06810	17	0.0550	n00480	n03284 n08699	104		true
n06811	15	0.0550	n07317	n02084 n06929	152		true
n06812	16	0.0550		n01063 n05479	193		true
n06813	16	0.0550	n02644	n00748	126		true
n06814	16	0.0550	n01644	n04480 n07650	165		true
n06815	16	0.0550	n03076 n04584	n05348	128		true
n06816	22	0.0550	n02137 n04006 n04108 n04500 n05277 n05659 n06416 n06963 n07274 n07275 n07276 n08189 n08190 n08776 n08777 n08778	n02715 n07159	249		true
n06817	15	0.0550	n03017 n06034	n01464	173		true
n06818	16	0.0550	n02807 n03262 n04372 n06717	n02385 n07201	211		true
n06819	16	0.0550	n08219	n02625 n06925 n08102	82		true
n06820	14	0.0550	n06984	n00036 n00871	68		true
n06821	20	0.0550	n02780 n08776 n08866	n03512	178		true
n06822	14	0.0550	n04108 n09074	n03767 n04840	135		true
n06823	14	0.0550	n05509 n07729 n08777	n00293 n01370	205		true
n06824	15	0.0550	n03647	n09610	312		true
n06825	21	0.0550	n02137 n04108 n06416 n07274 n08189 n08190 n08777	n02951 n03631 n04560 n05558	195		true
n06826	14	0.0550	n02137 n04108 n07274 n08189 n08777	n01891 n03939	147		true
n06827	16	0.0550	n02896	n00143 n04779 n08700	207		true
n06828	14	0.0550	n08231 n09023	n00810	44		true
n06829	15	0.0550	n05419	n00786 n02225 n03394	1023		true
n06830	14	0.0550	n02137 n07274 n08189 n08777	n02663	133		true
n06831	14	0.0550	n07367	n01260	83		true
n06832	15	0.0550	n01776 n05982	n02549	230		true
n06833	15	0.0550	n02644	n02117	224		true
n06834	14	0.0550	n02137 n02644 n07274 n08189 n08777	n02192 n05497	151		true
n06835	17	0.0550	n01347 n03680	n01865 n02733 n03522	80		true
n06836	16	0.0550		n02302 n07513	107		true
n06837	15	0.0550	n05868 n08888	n02719 n05060	141		true
n06838	16	0.0550	n08284	n04479 n04684	312		true
n06839	14	0.0550	n03860	n00904 n02597	126		true
n06840	15	0.0550	n07260	n01581 n09575	108		true
n06841	19	0.0550	n05519 n07056 n08956	n04485 n08185	435		true
n06842	15	0.0550	n05809	n00624 n08060	244		true
n06843	15	0.0550	n02462 n07712	n00619 n01497 n02918	196		true
n06844	14	0.0550	n06445 n08366	n02623 n04933	147		true
n06845	14	0.0550	n07086	n09501	123		true
n06846	15	0.0550	n02433 n06016 n08843	n02217 n04150	126		true
n06847	16	0.0550	n04125 n08486	n00745 n02559	115		true
n06848	14	0.0550	n02137 n04108 n07274 n08189 n08777	n03939	176		true
n06849	13	0.0550	n08383	n00289 n00786	150		true
n06850	14	0.0550	n02644 n04108 n06416 n07274 n08190 n08776	n01095 n02881	151		true
n06851	13	0.0550	n01335 n04006 n04500 n05277 n08189	n00111	216		true
n06852	13	0.0550	n08407	n00356	162		true
n06853	13	0.0550	n05474 n07275 n08331	n01444 n02061	239		true
n06854	15	0.0550	n06515	n02725 n04247	155		true
n06855	14	0.0550	n02396 n04007 n04704 n06663 n06963 n07277 n07694 n08191 n08779	n03024	199		true
n06856	16	0.0550	n01335 n04006 n04500 n05277 n08189	n03379 n03957 n08622	249		true
n06857	14	0.0550	n05090 n07105	n08143	274		true
n06858	14	0.0550	n07032	n02266	188		true
n06859	13	0.0550	n04582 n07473	n02195	83		true
n06860	15	0.0550	n05412	n01553 n09561	208		true
n06861	12	0.0550	n02396 n06524 n08191	n00045	436		true
n06862	12	0.0550	n08266	n00526	193		true
n06863	15	0.0550		n01482 n03532 n04851	119		true
n06864	12	0.0550	n07931 n09093	n01588	202		true
n06865	12	0.0550	n00481 n07703	n01329	173		true
n06866	12	0.0550	n02695 n05829 n08211	n02794	197		true
n06867	12	0.0550	n07962	n01851	211		true
n06868	14	0.0550	n07274 n07299 n07770 n08776	n00325 n00714	960		true
n06869	12	0.0550	n04382	n00129 n00972	33		true
n06870	12	0.0550	n06798	n00431 n01333	390		true
n06871	12	0.0550	n05838	n00984	112		true
n06872	16	0.0550	n01098 n02095 n03315 n05531 n06235	n00274 n01175 n06178	85		true
n06873	12	0.0550	n01977	n00596	122		true
n06874	13	0.0550	n08902	n02172	84		true
n06875	13	0.0550	n07461	n02759 n02824	235		true
n06876	14	0.0550	n07876	n03343 n03891	175		true
n06877	12	0.0550	n06416 n08190 n08358	n00765	224		true
n06878	12	0.0550	n02137 n04006 n04108 n06416 n07274 n08189 n08190 n08776 n08777	n00504	120		true
n06879	13	0.0550	n02396 n08485	n01142	510		true
n06880	12	0.0550	n05809	n03897	142		true
n06881	14	0.0550	n04006 n04500 n05277 n08189	n00799 n02174 n02177	205		true
n06882	12	0.0550	n02644	n03833	85		true
n06883	15	0.0550	n08618	n05142	179		true
n06884	12	0.0550	n03499	n00917 n03678	203		true
n06885	13	0.0550	n05888 n08308 n08975	n01360	136		true
n06886	14	0.0550	n07426 n08960	n05494	164		true
n06887	13	0.0550	n02738 n02890 n04725 n05731	n02024	260		true
n06888	12	0.0550	n05327 n08432	n03207	151		true
n06889	13	0.0550	n04735	n08159	268		true
n06890	11	0.0550	n02137 n04006 n04108 n05659 n06416 n07274 n08189 n08190 n08776 n08777	n00538 n01828	115		true
n06891	11	0.0550	n03405 n07125	n00209	510		true
n06892	11	0.0550	n06532	n01327	133		true
n06893	12	0.0550	n08021	n01920	90		true
n06894	11	0.0550	n04901 n07126	n00399	130		true
n06895	12	0.0550	n02137 n04006 n04108 n04500 n05277 n05659 n06416 n06963 n07274 n07275 n07276 n08189 n08190 n08776 n08777 n08778	n00399 n00432	86		true
n06896	11	0.0550	n07811 n08799	n00351	66		true
n06897	13	0.0550	n08799	n00351 n00647	133		true
n06898	12	0.0550	n09234	n01060	334		true
n06899	12	0.0550	n07771	n01931	89		true
n06900	11	0.0550	n05825	n00286	27		true
n06901	12	0.0550	n01100	n00453	104		true
n06902	11	0.0550	n04006 n05277 n06200 n06214 n06808	n02540 n03092	82		true
n06903	11	0.0550	n05231 n08777	n00556 n01396	114		true
n06904	12	0.0550	n05706	n00721 n03397	543		true
n06905	12	0.0550	n01347	n00733	91		true
n06906	12	0.0550	n02137 n04006 n04108 n04500 n05277 n05659 n06416 n06963 n07274 n07275 n07276 n08189 n08190 n08777 n08778	n00870 n01686	65		true
n06907	12	0.0550	n01335 n04006 n04500 n05277 n08189	n00791 n02603	102		true
n06908	11	0.0550	n01335 n04006 n04500 n05277 n08189		88		true
n06909	11	0.0550	n05187 n05883	n01988	81		true
n06910	11	0.0550	n07700	n02324	86		true
n06911	12	0.0550	n02137 n04006 n04108 n04500 n05277 n05659 n06416 n06963 n07275 n07694 n08190 n08191 n08776 n08778	n01193 n02289	139		true
n06912	11	0.0550	n05240 n08567	n00276	38		true
n06913	12	0.0550	n05561 n08193	n01873	107		true
n06914	11	0.0550	n09161		101		true
n06915	11	0.0550	n07903	n03060	393		true
n06916	13	0.0550	n02396	n00884 n02220	134		true
n06917	11	0.0550	n06102 n07141	n01113	263		true
n06918	12	0.0550	n07916	n02325	195		true
n06919	12	0.0550	n02137 n04006 n04108 n04500 n05277 n05659 n06416 n06963 n07274 n07275 n07276 n08189 n08190 n08776 n08777 n08778	n00956 n02768	129		true
n06920	11	0.0550	n07058	n02352	148		true
n06921	11	0.0550	n01335 n04006 n04500 n05277 n08189	n00755 n01028	124		true
n06922	11	0.0550	n02137 n04006 n04108 n04500 n05277 n05659 n06416 n06963 n07274 n07275 n07276 n08189 n08190 n08776 n08777 n08778	n00180	131		true
n06923	12	0.0550	n01741	n03899	304		true
n06924	12	0.0550	n02137 n04006 n04108 n04500 n06963 n07275 n07694 n08190 n08776 n08778	n02021	86		true
n06925	12	0.0550	n06819	n00883 n01224	52		true
n06926	12	0.0550	n05817 n06663 n08779 n08780	n01643 n03136	125		true
n06927	11	0.0550	n04108 n07274 n08190	n01364	141		true
n06928	12	0.0550	n03159	n00948 n03569	250		true
n06929	10	0.0550	n05084 n06811 n08457	n00436 n01719	83		true
n06930	10	0.0550	n08364	n03673	96		true
n06931	11	0.0550	n02396 n04704 n06663 n06963 n07694 n08191 n08779	n00949	266		true
n06932	13	0.0550	n02382	n00613 n03030	141		true
n06933	11	0.0550	n04006 n04108 n05277 n05659 n06200 n06416 n06963 n07274 n07275 n07276 n08190 n08776 n08777 n08778	n03092	85		true
n06934	10	0.0550	n01882 n09566	n01501	174		true
n06935	10	0.0550	n05404 n06663		201		true
n06936	11	0.0550	n08882	n03397	521		true
n06937	10	0.0550	n04635 n05659 n08776 n08777	n03101	159		true
n06938	10	0.0550	n07374	n00870	59		true
n06939	10	0.0550	n04088		131		true
n06940	11	0.0550	n07725 n09269	n00641	51		true
n06941	10	0.0550	n01347 n08776	n02477	80		true
n06942	12	0.0550	n05595 n08048	n02042 n03585	203		true
n06943	11	0.0550	n01335 n04006 n04500 n05277 n08189	n00920 n00958	313		true
n06944	10	0.0550	n06663 n06963 n07694 n08191	n00916	151		true
n06945	10	0.0550	n01347 n03680	n01533	78		true
n06946	10	0.0550	n02869	n01080	118		true
n06947	11	0.0550	n06281 n08777	n01369	180		true
n06948	10	0.0550	n02748 n07048 n08776	n01284	169		true
n06949	10	0.0521	n04690		94		true
n06950	13	0.0513	n04390 n06532	n00655 n03219	114		true
n06951	10	0.0508	n06541		66		true
n06952	12	0.0505	n04234	n03524	199		true
n06953	10	0.0505	n03454 n05105 n05827		85		true
n06954	13	0.0503	n06486	n00521	290		true
n06955	11	0.0503	n05111 n08913 n09121	n00844	316		true
n06956	11	0.0503	n03319 n05428 n07134 n08356	n00846	117		true
n06957	11	0.0503	n05572	n00624	116		true
n06958	10	0.0503	n04918 n06091 n07488	n00432	57		true
n06959	12	0.0503	n05453	n02110	112		true
n06960	13	0.0503	n06499 n07128	n09406	261		true
n06961	10	0.0503	n02137 n08777 n08800		78		true
n06962	10	0.0503	n07184	n00554 n00800	66		true
n06963	2634	0.0500		n00002 n00606 n01385 n01579 n01857 n01972 n01990 n01991 n02064 n02141 n02260 n02366 n02434 n02453 n02645 n02668 n02685 n02835 n02976 n03026 n03062 n03066 n03067 n03150 n03194 n03213 n03222 n03227 n03302 n03321 n03353 n03364 n03405 n03545 n03599 n03611 n03681 n03729 n03733 n03796 n03824 n03850 n03914 n03916 n03927 n04008 n04066 n04139 n04144 n04167 n04176 n04203 n04258 n04337 n04369 n04374 n04415 n04431 n04433 n04457 n04466 n04554 n04634 n04635 n04669 n04691 n04718 n04759 n04782 n04785 n04814 n04855 n04874 n04896 n04922 n04925 n04936 n04983 n04984 n05034 n05049 n05056 n05065 n05085 n05094 n05108 n05151 n05163 n05204 n05216 n05223 n05224 n05239 n05257 n05300 n05301 n05309 n05315 n05317 n05329 n05351 n05367 n05393 n05397 n05432 n05446 n05465 n05507 n05509 n05511 n05513 n05519 n05548 n05556 n05594 n05663 n05696 n05698 n05710 n05746 n05808 n05814 n05829 n05830 n05837 n05844 n05852 n05883 n05884 n05895 n05909 n05913 n05919 n05954 n05957 n05959 n05973 n05981 n05984 n05989 n05993 n06024 n06025 n06063 n06137 n06172 n06195 n06215 n06262 n06263 n06315 n06326 n06331 n06382 n06408 n06421 n06422 n06433 n06445 n06449 n06461 n06463 n06470 n06491 n06504 n06507 n06509 n06537 n06553 n06565 n06581 n06585 n06589 n06648 n06668 n06691 n06695 n06787 n06803 n06816 n06855 n06895 n06906 n06911 n06919 n06922 n06924 n06931 n06933 n06944 n06968 n06969 n06972 n06976 n06986 n06991 n06996 n07009 n07012 n07014 n07031 n07036 n07048 n07061 n07066 n07103 n07106 n07112 n07127 n07137 n07138 n07148 n07169 n07193 n07199 n07203 n07222 n07227 n07245 n07278 n07289 n07293 n07295 n07297 n07298 n07302 n07308 n07324 n07327 n07337 n07343 n07344 n07355 n07368 n07383 n07402 n07407 n07412 n07416 n07419 n07432 n07438 n07450 n07477 n07486 n07487 n07495 n07501 n07507 n07517 n07528 n07549 n07560 n07569 n07577 n07594 n07621 n07629 n07630 n07653 n07654 n07655 n07660 n07664 n07666 n07701 n07704 n07706 n07711 n07716 n07723 n07739 n07746 n07750 n07755 n07760 n07762 n07767 n07772 n07773 n07774 n07779 n07785 n07791 n07792 n07798 n07802 n07808 n07811 n07813 n07825 n07843 n07844 n07860 n07876 n07883 n07918 n07958 n07960 n07962 n07978 n07979 n07981 n07992 n08010 n08018 n08026 n08055 n08057 n08059 n08073 n08093 n08096 n08098 n08104 n08111 n08113 n08124 n08136 n08149 n08153 n08198 n08205 n08207 n08217 n08218 n08229 n08230 n08234 n08251 n08257 n08259 n08261 n08264 n08278 n08348 n08350 n08364 n08382 n08390 n08392 n08393 n08407 n08410 n08412 n08419 n08438 n08447 n08455 n08466 n08471 n08475 n08493 n08494 n08530 n08566 n08581 n08582 n08589 n08597 n08601 n08614 n08627 n08632 n08641 n08647 n08656 n08657 n08673 n08688 n08708 n08712 n08720 n08765 n08770 n08775 n08790 n08799 n08806 n08809 n08812 n08817 n08820 n08834 n08839 n08843 n08847 n08863 n08872 n08875 n08888 n08930 n08934 n08935 n08938 n08946 n08949 n08953 n08978 n08979 n08981 n08984 n08992 n08997 n09000 n09001 n09007 n09008 n09010 n09015 n09045 n09048 n09054 n09062 n09069 n09082 n09100 n09109 n09122 n09124 n09130 n09131 n09151 n09153 n09165 n09175 n09191 n09200 n09212 n09214 n09221 n09234 n09242 n09245 n09272 n09275 n09287 n09292 n09326 n09329 n09354 n09367 n09374 n09377 n09380 n09384 n09385 n09401 n09412 n09414 n09420 n09428 n09436 n09442 n09449 n09450 n09451 n09457 n09461 n09468 n09469 n09470 n09479 n09491 n09492 n09493 n09502 n09527 n09530 n09531 n09537 n09543 n09548 n09557 n09595 n09597 n09613 n09616	10978		true
n06964	140	0.0500		n01672 n03688 n04384 n05186 n05818 n08235 n08767	1117		true
n06965	90	0.0500		n04959 n05401 n05404 n05432 n05693 n07716 n08949 n08992	1003		true
n06966	66	0.0500	n06197 n07276	n01922 n02571 n03067 n03391 n05847 n08020	644		true
n06967	70	0.0500	n04006 n04108 n04500 n07274	n00516 n05545 n05852 n06047 n07925 n09016	453		true
n06968	79	0.0500	n02137 n04006 n04108 n04500 n06416 n06963 n07274 n07276 n08189 n08190 n08777	n03789 n06205 n06743 n08857 n08962 n09433	797		true
n06969	58	0.0500	n02137 n04006 n05659 n06198 n06963 n08778	n00188 n06670	562		true
n06970	56	0.0500	n07702 n08196	n03067 n04813 n05734 n06229 n07908 n07999 n08564	412		true
n06971	61	0.0500	n01347 n03680	n03490	277		true
n06972	62	0.0500	n02137 n04108 n04500 n05277 n05659 n06416 n06963 n07274 n07275 n08190 n08777 n08778	n03144 n06677	513		true
n06973	54	0.0500	n04564 n06663 n07694 n08191 n08779	n01688 n03410 n04225 n04472 n05143 n07541 n08678 n08990	452		true
n06974	64	0.0500	n01347	n06008 n06427 n07719 n08283	989		true
n06975	49	0.0500	n02137 n04108 n06416 n07274 n08777	n01261 n04463 n06987	457		true
n06976	52	0.0500	n02137 n06963	n02436 n05574 n06766 n08881	401		true
n06977	53	0.0500	n08795	n01229 n06983 n07952	421		true
n06978	55	0.0500	n02396 n04108 n04704 n07277 n08779	n03549 n06032 n07411 n08314 n08372 n09036 n09602	1236		true
n06979	46	0.0500	n04154 n07278 n08782	n01997 n02122 n03422 n04467 n05021	548		true
n06980	44	0.0500	n07705	n04783 n07848 n09582	254		true
n06981	52	0.0500	n06417 n08192	n03113 n04374 n09062	512		true
n06982	49	0.0500	n04369 n05981	n04264 n05398	640		true
n06983	44	0.0500	n06977	n02981 n04363 n07136 n07898 n09038 n09521	375		true
n06984	41	0.0500	n05812	n01706 n03963 n04728 n06820	217		true
n06985	39	0.0500	n08789	n01646 n01923 n05889 n07919	547		true
n06986	40	0.0500	n02137 n04006 n04108 n04500 n05659 n06416 n06663 n06963 n07275 n07694 n08190 n08191 n08776 n08778	n00060 n00186	403		true
n06987	39	0.0500	n02644 n06975 n08189 n08190	n02951 n03631 n04560 n05304 n07332	369		true
n06988	37	0.0500	n02137 n04006 n04108 n06416 n07274 n08189 n08190 n08777	n06007 n06733	345		true
n06989	36	0.0500	n05666 n08203	n03451 n04609	203		true
n06990	36	0.0500	n03851	n00505 n05008 n05725 n05854 n09497	490		true
n06991	37	0.0500	n02396 n04007 n05391 n06663 n06963 n07694 n08191 n08779	n02080 n03079 n04263 n04495 n07562	256		true
n06992	36	0.0500	n08831	n06012 n06545	288		true
n06993	32	0.0500	n03791	n00231 n02100 n07123	56		true
n06994	35	0.0500	n03402 n07305	n01651 n02140 n03966 n04875 n08121 n08558	166		true
n06995	35	0.0500	n00443 n01556 n07708	n06998	155		true
n06996	33	0.0500	n02137 n04006 n04108 n04500 n05277 n06416 n06963 n07275 n08190	n01840 n05840	309		true
n06997	37	0.0500	n04957 n05394 n08250	n05677 n06070 n07877	771		true
n06998	32	0.0500	n06995	n01539 n04513	140		true
n06999	30	0.0500	n01347 n03680	n01198 n06013	421		true
n07000	32	0.0500	n05076	n01889 n02872 n03694 n08430 n08507	467		true
n07001	27	0.0500	n04783 n08263	n04123 n06075 n07821	143		true
n07002	29	0.0500	n00186	n00098	389		true
n07003	31	0.0500	n07757	n03404	248		true
n07004	31	0.0500	n02644	n02901 n03414 n04174 n06276	241		true
n07005	27	0.0500	n06199 n08247	n04875 n05232	144		true
n07006	30	0.0500	n08844	n02811 n05527	294		true
n07007	30	0.0500	n05814 n07275 n07276	n02410 n07365	442		true
n07008	27	0.0500	n02137 n07274 n08777	n00102 n00664	646		true
n07009	29	0.0500	n02137 n04006 n04108 n04500 n05277 n05659 n06416 n06963 n07274 n07275 n08189 n08190 n08776 n08778	n04531 n05262 n06353 n08970	314		true
n07010	26	0.0500	n05989 n08192 n08204	n03753 n03801 n08929	409		true
n07011	30	0.0500	n02137 n02644 n07274 n08777	n03382 n05885 n06516	244		true
n07012	25	0.0500	n02396 n04007 n05391 n06663 n06963 n07694 n08191 n08194	n00011 n03126	232		true
n07013	26	0.0500	n05659 n07275 n07712 n08871	n04080	219		true
n07014	24	0.0500	n02396 n04007 n05391 n06663 n06963 n07694 n08191 n08194	n03126 n06074	229		true
n07015	27	0.0500	n08281	n04577	139		true
n07016	26	0.0500	n08259	n00068 n00743	140		true
n07017	27	0.0500	n05988	n01234 n08980	357		true
n07018	34	0.0500	n01335 n04006 n04500 n05277 n08189	n03435 n04590 n05689 n08635	640		true
n07019	23	0.0500	n02644	n05691 n07131 n07553 n08460	228		true
n07020	23	0.0500	n05065 n05989 n06417 n08192	n05567 n06260	305		true
n07021	26	0.0500	n07275 n07704	n08366	277		true
n07022	24	0.0500	n01425 n07703	n06523	315		true
n07023	27	0.0500	n02137 n04006 n04500 n05277 n07274 n08189	n04164	430		true
n07024	26	0.0500	n08295	n02442 n03415 n04769 n07208	257		true
n07025	26	0.0500	n07766	n01419 n05939	437		true
n07026	28	0.0500	n07384	n03077 n04725 n05731 n06338	471		true
n07027	24	0.0500	n05511 n07277 n08780	n06041 n07580 n09246	416		true
n07028	25	0.0500	n04204 n08189	n05688	628		true
n07029	28	0.0500	n07275 n07704	n03506 n04169 n09021	393		true
n07030	28	0.0500	n02397 n04121	n01620 n02648 n03672 n05648 n07900	276		true
n07031	25	0.0500	n02137 n04006 n04108 n04500 n05277 n05659 n06416 n06963 n07274 n07275 n07276 n08189 n08190	n08408 n09046	338		true
n07032	24	0.0500	n07383	n03870 n05124 n06858 n07228 n09243	297		true
n07033	23	0.0500	n01880 n02396 n04704 n05392 n06663 n07277 n07694 n08191 n08779 n08780	n07866	284		true
n07034	26	0.0500	n04968	n00984 n04659 n05738 n08559	109		true
n07035	24	0.0500	n05821 n07291 n08242	n00762 n01546	147		true
n07036	28	0.0500	n02137 n04006 n04108 n04500 n05277 n05659 n06416 n06963 n07274 n07275 n07276 n08189 n08190 n08776 n08777 n08778	n04899 n06605 n07392 n07460 n07520	331		true
n07037	25	0.0500	n06228	n02586 n02829 n03563 n09114 n09458	397		true
n07038	24	0.0500	n04795	n02683 n04522 n08726	419		true
n07039	20	0.0500	n05837	n00458 n01270 n01631	348		true
n07040	25	0.0500	n03495 n07293	n04389 n05546	231		true
n07041	25	0.0500	n08835	n05636 n07178 n07969 n09104	121		true
n07042	21	0.0500	n01347 n03680	n02843 n06412	107		true
n07043	23	0.0500	n02137 n02644 n08777	n02438 n03387	140		true
n07044	20	0.0500	n04635 n05659 n08776 n08777	n02317 n08519	233		true
n07045	22	0.0500	n04975 n08920	n06271	261		true
n07046	21	0.0500	n06419 n07319	n05144 n08486	325		true
n07047	21	0.0500	n02137 n04006 n04108 n04500 n05277 n05659 n06416 n07274 n07275 n07276 n08189 n08776 n08778	n05715 n09118 n09225	311		true
n07048	24	0.0500	n02612 n02698 n06963 n08189 n08778	n02847 n04806 n06948 n08624	665		true
n07049	24	0.0500	n08189	n02169 n04723	335		true
n07050	20	0.0500	n07806	n00357 n01198	212		true
n07051	21	0.0500	n04023	n04091 n04178 n08025	197		true
n07052	19	0.0500	n06457	n00911 n01752 n03164	208		true
n07053	21	0.0500	n01347 n03680	n02334 n05443 n09224	119		true
n07054	24	0.0500	n03850 n08190	n07461 n09170	377		true
n07055	20	0.0500	n06747	n05955 n08185 n09172 n09551	411		true
n07056	22	0.0500	n03796 n08776	n06841	457		true
n07057	20	0.0500	n08332	n02531 n05110	300		true
n07058	23	0.0500	n03541 n04717 n04878 n06014	n03698 n04094 n06920 n07173	373		true
n07059	24	0.0500	n01335 n04006 n04500 n05277 n08189	n04002 n05133 n06357	964		true
n07060	20	0.0500	n08288	n00929 n03950 n08013	61		true
n07061	19	0.0500	n02396 n04704 n06663 n06963 n07277 n07694 n08191 n08779	n08639	127		true
n07062	20	0.0500	n02137 n02644 n07274 n08777	n01547 n02307	126		true
n07063	22	0.0500	n03354 n03361 n06208	n02136 n04294 n07162	109		true
n07064	20	0.0500	n08965	n04038 n07516 n09210	130		true
n07065	18	0.0500	n06710 n08195	n04232	131		true
n07066	18	0.0500	n02396 n04704 n06963 n07277 n08779	n00555 n01780	207		true
n07067	18	0.0500	n04713 n08255 n08806	n00729 n07198	283		true
n07068	19	0.0500	n05096 n06416 n08190	n00462 n05901	147		true
n07069	21	0.0500	n06462 n08795	n02981 n03748 n07952	94		true
n07070	18	0.0500	n06429	n05891	97		true
n07071	17	0.0500	n04786 n05193	n00498 n00783	76		true
n07072	19	0.0500	n05864	n01956 n09587	198		true
n07073	18	0.0500	n01049 n02486	n03246 n06191 n08020	258		true
n07074	25	0.0500	n04870	n01893 n05159 n06525 n08703 n09274	176		true
n07075	20	0.0500	n03315 n05531 n06235	n05469 n05943	62		true
n07076	18	0.0500	n08992	n00981 n02176 n04251	246		true
n07077	18	0.0500	n06479	n01479 n02042	321		true
n07078	18	0.0500	n02137 n04108 n06416 n07274 n08189 n08190 n08776 n08777	n01367 n01856 n06184	148		true
n07079	21	0.0500	n06243 n08870	n03042 n05461 n07512	275		true
n07080	18	0.0500	n04108 n04500	n03473 n07570	760		true
n07081	18	0.0500	n05996	n03471 n04699	122		true
n07082	20	0.0500	n05121 n05519	n04257 n09577	669		true
n07083	18	0.0500	n08192 n08204	n05134 n05652 n08545	139		true
n07084	20	0.0500	n06461	n02150 n09176	421		true
n07085	20	0.0500	n07276 n07712	n01148 n02336 n05462 n06624	268		true
n07086	18	0.0500	n01705 n01761 n08843	n04150 n06845	155		true
n07087	17	0.0500	n04218	n03196 n04832 n07153	78		true
n07088	17	0.0500	n01347 n03680	n03555 n04910 n07597 n07644	74		true
n07089	18	0.0500	n07333	n01087	43		true
n07090	16	0.0500	n07336	n00620 n03709	140		true
n07091	17	0.0500	n00608	n02341 n04775	47		true
n07092	18	0.0500	n00514 n05659	n01433 n01912	150		true
n07093	18	0.0500	n03693	n01295 n03520 n03584	101		true
n07094	21	0.0500		n07532 n09284	178		true
n07095	16	0.0500	n08226 n08383	n05740	72		true
n07096	22	0.0500	n02399 n04649	n04848 n05586 n07669 n09216	191		true
n07097	16	0.0500	n04167	n01199	166		true
n07098	17	0.0500	n06271	n00340 n00527 n02201 n02226	247		true
n07099	16	0.0500	n05073 n08786	n00551 n01187	56		true
n07100	23	0.0500	n03799	n02313 n06102	305		true
n07101	19	0.0500	n08976	n04290 n04929	185		true
n07102	17	0.0500	n00820	n01969 n02032	342		true
n07103	22	0.0500	n02570 n04108 n06963 n08189	n03244 n08186 n08389 n08741 n09464	636		true
n07104	18	0.0500	n04500 n05106 n08189	n01633 n08143	314		true
n07105	18	0.0500	n08783	n01633 n02956 n06857	405		true
n07106	15	0.0500	n04108 n04500 n06416 n06963 n08778	n00110 n00696	149		true
n07107	15	0.0500	n03405	n00110	352		true
n07108	15	0.0500	n04581	n00021	57		true
n07109	17	0.0500	n04720	n00521 n04621	456		true
n07110	15	0.0500	n02360 n03595	n00340 n04356	106		true
n07111	15	0.0500	n06765	n02189	86		true
n07112	19	0.0500	n02137 n04006 n04108 n04500 n05277 n05659 n06416 n06963 n07274 n07275 n07276 n08189 n08190 n08776 n08777 n08778	n02130 n05335 n08070	177		true
n07113	25	0.0500	n01335 n04006 n04500 n05277 n08189	n02450 n03653 n08543 n09448	353		true
n07114	15	0.0500	n07159	n03065 n03762 n05357	179		true
n07115	16	0.0500	n01428	n02469	90		true
n07116	16	0.0500	n01347	n03712 n08640	219		true
n07117	19	0.0500	n05213	n03697 n09432	196		true
n07118	16	0.0500	n02644 n07818	n02681 n03371	206		true
n07119	16	0.0500	n02644 n08898	n05922	225		true
n07120	20	0.0500	n01272 n04006 n05277	n00867 n01119 n08087	143		true
n07121	16	0.0500	n05446 n06461	n02150 n03826 n04353	354		true
n07122	15	0.0500	n06749	n00033	72		true
n07123	14	0.0500	n06267 n06993	n00146 n06384	55		true
n07124	15	0.0500	n01335 n04500 n05277	n02752	69		true
n07125	19	0.0500	n02976 n03545	n03661 n06556 n06891	641		true
n07126	17	0.0500	n05085	n06894 n08637	159		true
n07127	18	0.0500	n02137 n04006 n04108 n04500 n05277 n05659 n06416 n06963 n08189 n08778	n05247 n08631	563		true
n07128	18	0.0500	n04882	n03553 n04050 n06960	290		true
n07129	16	0.0500	n01388	n00879 n01183	164		true
n07130	15	0.0500	n04885	n00963	199		true
n07131	15	0.0500	n07019	n02903 n05787	130		true
n07132	16	0.0500	n07798 n08399	n06655	463		true
n07133	15	0.0500	n06742	n02949 n06348	107		true
n07134	17	0.0500	n03588 n05277	n02470 n04845 n06956	158		true
n07135	14	0.0500	n02396 n04704 n06663 n07277 n07694 n08779	n00981	113		true
n07136	15	0.0500	n02543 n02973 n04324 n05100 n06983	n01518 n08655	152		true
n07137	14	0.0500	n02137 n04006 n04108 n04500 n05277 n05659 n06416 n06963 n07274 n07276 n08777	n01184	166		true
n07138	14	0.0500	n02137 n04006 n04108 n04500 n05277 n05659 n06416 n06963 n07274 n07275 n07276 n08189 n08190 n08776 n08777 n08778	n00891 n01184	96		true
n07139	14	0.0500	n01371 n08193	n00213	171		true
n07140	15	0.0500	n06786 n08778	n00966 n01007	185		true
n07141	15	0.0500	n04117	n05796 n06917	278		true
n07142	14	0.0500	n04500 n05277	n02174 n06604	178		true
n07143	14	0.0500	n07442	n01875 n02711	187		true
n07144	14	0.0500	n01908	n02711	133		true
n07145	15	0.0500	n03743 n06724	n02033 n02304	381		true
n07146	15	0.0500	n08876 n09249	n03335 n05766	54		true
n07147	14	0.0500	n04108 n05816 n08806	n02522	124		true
n07148	13	0.0500	n02570 n04108 n06963 n07275 n08189 n08190 n08778	n00854	177		true
n07149	13	0.0500	n01347	n00153 n00357	59		true
n07150	15	0.0500	n03407 n06686	n01381 n08175	105		true
n07151	15	0.0500	n01347	n03952 n07639	398		true
n07152	13	0.0500	n05277 n08453	n03349	105		true
n07153	13	0.0500	n07087 n07274 n07282	n05639	68		true
n07154	14	0.0500	n01439 n08788	n04628	276		true
n07155	16	0.0500	n04961 n06416 n08190	n03433	179		true
n07156	14	0.0500	n00743	n00691 n02079	89		true
n07157	14	0.0500	n02644	n00922 n08696	126		true
n07158	13	0.0500	n02137 n04006 n04108 n05277 n05659 n06416 n07274 n07275 n07276 n08189 n08190 n08776 n08777	n00969 n01770	175		true
n07159	16	0.0500	n06445 n06816 n08218	n07114	183		true
n07160	13	0.0500	n01347 n03680	n03704	144		true
n07161	15	0.0500	n04997 n06424	n00746 n06146	62		true
n07162	17	0.0500	n05097 n07063 n07374	n06134	90		true
n07163	14	0.0500	n02137 n04006 n04108 n06416 n07274 n08189 n08190 n08776 n08777	n03250	217		true
n07164	13	0.0500	n02644	n00640	101		true
n07165	13	0.0500	n05000	n00738 n03005	228		true
n07166	14	0.0500	n07696 n08195	n00796 n01138	451		true
n07167	17	0.0500	n01476 n04716	n08715 n09372	471		true
n07168	13	0.0500	n05435 n08330	n01533	966		true
n07169	14	0.0500	n02137 n04006 n04108 n04500 n05277 n06416 n06663 n06963 n07275 n08190 n08778	n01638 n08140	353		true
n07170	14	0.0500	n02137 n04108 n04500 n05277 n06416	n01831 n03473	704		true
n07171	13	0.0500	n05320 n05899 n08922	n01324	1006		true
n07172	13	0.0500	n04007 n06491 n07277 n08779 n08780	n00736	164		true
n07173	15	0.0500	n02646 n07058	n02352 n06162	292		true
n07174	14	0.0500	n02745	n01158 n02752	59		true
n07175	12	0.0500	n04388	n03390	166		true
n07176	12	0.0500	n04108 n04271 n07694 n08190 n08776 n08778	n00209	484		true
n07177	14	0.0500	n01335 n04006 n05277 n08189	n00360 n02993	259		true
n07178	13	0.0500	n07041	n00179	46		true
n07179	15	0.0500	n03692	n05235	112		true
n07180	12	0.0500	n01232 n02942	n03568	507		true
n07181	12	0.0500	n07455	n00395	561		true
n07182	12	0.0500	n04208 n09140	n02795	81		true
n07183	14	0.0500	n02644	n02593	274		true
n07184	15	0.0500	n03328	n02041 n02079 n06962	101		true
n07185	17	0.0500	n07792	n02954 n07518	118		true
n07186	12	0.0500	n01347	n01772	120		true
n07187	13	0.0500	n02137 n07274 n08189 n08777	n00394 n00654	103		true
n07188	12	0.0500	n07729	n00557 n02347	103		true
n07189	13	0.0500	n01335 n04006 n04500 n05277 n08189	n01220 n02603	75		true
n07190	13	0.0500	n02396 n02644 n04108 n06663 n07694 n08779	n02792	102		true
n07191	12	0.0500	n09213	n02629	206		true
n07192	13	0.0500	n05568	n01184	128		true
n07193	12	0.0500	n02137 n04006 n04108 n04500 n05277 n05659 n06416 n06963 n07274 n07275 n07276 n08190 n08776 n08777 n08778	n00489	91		true
n07194	13	0.0500	n04203 n05993	n03773	217		true
n07195	12	0.0500	n01335 n04006 n04500 n05277 n08189	n00905	164		true
n07196	12	0.0500		n00428 n01153	101		true
n07197	13	0.0500	n07461	n09562	297		true
n07198	12	0.0500	n07067 n08345	n00591 n01092	207		true
n07199	14	0.0500	n02396 n06963	n00734 n01142	491		true
n07200	12	0.0500	n07724 n09119	n01599	166		true
n07201	13	0.0500	n06818	n08183	117		true
n07202	12	0.0500	n01335 n04006 n04500 n05277	n01446	138		true
n07203	11	0.0500	n02137 n04006 n04108 n04500 n05277 n05659 n06416 n06963 n07275 n08190 n08776 n08778	n00060	46		true
n07204	12	0.0500	n08301 n09132	n02267	21		true
n07205	11	0.0500	n01335		255		true
n07206	13	0.0500	n05070 n05088 n07740 n08853	n00908 n03099	68		true
n07207	11	0.0500	n04158 n05448	n00832	60		true
n07208	12	0.0500	n07024	n01471	132		true
n07209	11	0.0500	n02519 n07823	n01276	125		true
n07210	12	0.0500	n04213	n03952	383		true
n07211	11	0.0500	n01644	n00599	116		true
n07212	12	0.0500	n03039 n07797 n08947	n02721	154		true
n07213	11	0.0500	n08928	n01140	103		true
n07214	12	0.0500	n05908	n00922	117		true
n07215	11	0.0500	n02137 n08989	n00155	48		true
n07216	12	0.0500	n01374 n07482	n00325 n00463	988		true
n07217	11	0.0500	n06101 n08282	n01832	154		true
n07218	11	0.0500	n01335 n04006 n04500 n05277 n08189	n00287	118		true
n07219	13	0.0500	n09038	n03710	228		true
n07220	11	0.0500	n06542	n00848	199		true
n07221	11	0.0500	n09217	n02349	120		true
n07222	12	0.0500	n02137 n04006 n04108 n04500 n05277 n05659 n06416 n06963 n07274 n07275 n07276 n08189 n08190 n08776 n08777 n08778	n00950 n03846	166		true
n07223	11	0.0500	n07394 n08190 n08389 n08778 n08860	n01569	138		true
n07224	11	0.0500	n07534	n00648	129		true
n07225	12	0.0500	n05572	n00624 n02007	120		true
n07226	13	0.0500	n04006 n04500 n05277 n08189	n04364	405		true
n07227	13	0.0500	n02137 n04006 n04108 n04500 n05277 n05659 n06416 n06963 n07274 n07275 n07276 n08189 n08190 n08776 n08777 n08778	n04364	395		true
n07228	12	0.0500	n05352 n07032	n01131 n02291	176		true
n07229	12	0.0500	n02738 n02890 n07989	n02885	360		true
n07230	10	0.0500	n07965	n00593	182		true
n07231	10	0.0500	n02137 n04006 n04500 n05277 n05659 n07274 n08189		118		true
n07232	10	0.0500	n01335 n04006 n04500 n05277 n08189	n00495	138		true
n07233	11	0.0500	n08393	n02198	73		true
n07234	10	0.0500	n05247	n02764	536		true
n07235	14	0.0500	n04805 n07774 n08946	n04676	90		true
n07236	11	0.0500	n04424 n06276 n06494	n03170	88		true
n07237	10	0.0500	n04529	n01140	96		true
n07238	11	0.0500	n02644	n00749	77		true
n07239	11	0.0500	n04108 n08573	n00154	80		true
n07240	10	0.0500	n04108 n04500 n06416 n08190 n08776		58		true
n07241	11	0.0500	n02644	n00756	53		true
n07242	10	0.0500	n04500 n06335	n00432	462		true
n07243	11	0.0500	n08480 n09290	n01447	77		true
n07244	10	0.0500	n02137 n02644 n07274 n08777	n00953	42		true
n07245	10	0.0500	n02396 n04007 n04704 n05392 n06663 n06963 n07277 n07694 n08191 n08779 n08780		125		true
n07246	12	0.0500	n01318 n08523 n08921	n00824 n02349	52		true
n07247	10	0.0500	n01335 n04006 n04500 n05277 n08189		90		true
n07248	11	0.0500	n02104	n00050	97		true
n07249	10	0.0500	n02011 n05518 n07465	n00857	285		true
n07250	10	0.0500	n01227		164		true
n07251	11	0.0469	n05572 n05827	n02007	85		true
n07252	11	0.0466	n02738 n02890 n07989	n00411	334		true
n07253	10	0.0462	n03659 n06498	n00830	72		true
n07254	10	0.0459	n02615 n08232	n03781	65		true
n07255	11	0.0459	n04135	n02569	58		true
n07256	11	0.0457	n03611	n01189	63		true
n07257	15	0.0455	n01400	n00583	203		true
n07258	14	0.0455	n01997	n00054 n01740	245		true
n07259	11	0.0455	n08564	n00214 n00616	67		true
n07260	17	0.0455	n03151 n05350	n03566 n03845 n06840	188		true
n07261	12	0.0455	n01762 n07536	n00666	183		true
n07262	10	0.0455	n04739 n07275	n00622 n01177	195		true
n07263	17	0.0452	n01339	n00745 n04344	125		true
n07264	16	0.0452	n02183 n03802	n00962 n02226	251		true
n07265	13	0.0452	n06106 n07781	n04557	88		true
n07266	13	0.0452	n02738 n02890 n04725 n05583 n05731	n02024	162		true
n07267	11	0.0452	n02406	n00952	166		true
n07268	12	0.0452	n07532	n03532	96		true
n07269	13	0.0452	n02644	n02307	120		true
n07270	11	0.0452	n05217	n01874	118		true
n07271	10	0.0452	n03274 n09230	n03348	130		true
n07272	10	0.0452	n06088		73		true
n07273	10	0.0452	n04139	n01093	204		true
n07274	2246	0.0450		n00087 n00662 n00748 n00897 n01348 n01644 n01837 n01844 n01952 n02141 n02371 n02434 n02627 n02882 n02991 n03066 n03075 n03150 n03199 n03213 n03280 n03340 n03352 n03367 n03418 n03452 n03502 n03519 n03729 n03731 n03850 n03864 n03867 n03877 n03954 n04081 n04099 n04119 n04144 n04220 n04235 n04262 n04320 n04396 n04400 n04415 n04431 n04509 n04635 n04648 n04669 n04718 n04759 n04850 n04854 n04874 n04891 n04898 n04922 n04936 n04961 n04962 n04979 n04982 n04993 n05006 n05011 n05034 n05065 n05067 n05085 n05139 n05157 n05223 n05239 n05254 n05269 n05282 n05293 n05301 n05317 n05318 n05321 n05362 n05433 n05437 n05438 n05442 n05446 n05474 n05481 n05507 n05509 n05519 n05615 n05641 n05645 n05663 n05684 n05696 n05698 n05702 n05760 n05768 n05804 n05814 n05829 n05830 n05844 n05921 n05927 n05959 n05973 n05983 n05984 n05989 n05991 n05992 n06001 n06024 n06025 n06034 n06063 n06071 n06109 n06137 n06142 n06176 n06262 n06279 n06296 n06298 n06315 n06331 n06335 n06382 n06397 n06408 n06417 n06420 n06430 n06433 n06434 n06445 n06457 n06461 n06469 n06482 n06506 n06537 n06553 n06585 n06597 n06606 n06623 n06635 n06648 n06668 n06675 n06683 n06726 n06736 n06737 n06742 n06745 n06756 n06763 n06769 n06772 n06794 n06803 n06816 n06825 n06826 n06830 n06834 n06848 n06850 n06868 n06878 n06890 n06895 n06906 n06919 n06922 n06927 n06933 n06967 n06968 n06972 n06975 n06988 n07008 n07009 n07011 n07023 n07031 n07036 n07047 n07062 n07078 n07112 n07137 n07138 n07153 n07158 n07163 n07187 n07193 n07222 n07227 n07231 n07244 n07289 n07293 n07297 n07313 n07321 n07327 n07348 n07383 n07387 n07398 n07415 n07416 n07421 n07432 n07450 n07453 n07477 n07478 n07507 n07517 n07528 n07560 n07577 n07581 n07607 n07629 n07633 n07635 n07640 n07653 n07664 n07666 n07686 n07698 n07704 n07709 n07752 n07760 n07772 n07773 n07778 n07779 n07792 n07795 n07811 n07822 n07825 n07826 n07830 n07837 n07855 n07861 n07868 n07883 n07890 n07915 n07962 n07979 n07982 n08010 n08026 n08027 n08032 n08042 n08052 n08073 n08076 n08139 n08142 n08149 n08161 n08176 n08181 n08192 n08198 n08201 n08209 n08211 n08217 n08218 n08219 n08221 n08230 n08234 n08259 n08264 n08269 n08285 n08312 n08326 n08335 n08350 n08365 n08382 n08392 n08393 n08396 n08397 n08419 n08438 n08455 n08456 n08459 n08461 n08466 n08471 n08473 n08475 n08493 n08494 n08517 n08536 n08548 n08550 n08556 n08561 n08570 n08573 n08589 n08597 n08600 n08608 n08636 n08647 n08654 n08656 n08657 n08671 n08673 n08683 n08686 n08689 n08690 n08698 n08708 n08743 n08756 n08770 n08799 n08801 n08803 n08809 n08812 n08817 n08820 n08823 n08838 n08842 n08856 n08863 n08875 n08881 n08907 n08934 n08935 n08938 n08940 n08953 n08965 n08969 n08978 n08984 n08994 n08995 n08996 n09003 n09004 n09007 n09028 n09045 n09054 n09076 n09100 n09131 n09144 n09151 n09153 n09163 n09165 n09166 n09175 n09197 n09198 n09199 n09202 n09207 n09212 n09214 n09222 n09237 n09238 n09242 n09287 n09288 n09300 n09322 n09327 n09330 n09340 n09341 n09354 n09363 n09370 n09374 n09384 n09385 n09401 n09402 n09408 n09412 n09436 n09449 n09450 n09459 n09460 n09468 n09470 n09473 n09474 n09475 n09479 n09490 n09492 n09493 n09496 n09498 n09508 n09509 n09523 n09524 n09527 n09528 n09543 n09548 n09552 n09555 n09557 n09568 n09572 n09584 n09592 n09595 n09612 n09616	9851		true
n07275	1829	0.0450		n00474 n01348 n02141 n02230 n02371 n02434 n02976 n03013 n03066 n03150 n03213 n03340 n03364 n03405 n03545 n03559 n03681 n03718 n03729 n03824 n03850 n03927 n03954 n04036 n04116 n04137 n04139 n04144 n04262 n04266 n04366 n04431 n04433 n04457 n04509 n04563 n04635 n04657 n04669 n04709 n04718 n04722 n04759 n04785 n04855 n04874 n04896 n04922 n04936 n04986 n04992 n05049 n05065 n05078 n05085 n05108 n05140 n05151 n05157 n05223 n05225 n05230 n05239 n05257 n05301 n05317 n05321 n05351 n05367 n05446 n05507 n05509 n05519 n05548 n05645 n05660 n05663 n05696 n05718 n05760 n05770 n05822 n05829 n05830 n05837 n05844 n05852 n05913 n05919 n05954 n05959 n05973 n05984 n05989 n06024 n06025 n06047 n06063 n06137 n06198 n06262 n06264 n06315 n06382 n06408 n06433 n06445 n06453 n06461 n06463 n06482 n06507 n06537 n06553 n06585 n06648 n06668 n06669 n06675 n06736 n06743 n06787 n06803 n06816 n06853 n06895 n06906 n06911 n06919 n06922 n06924 n06933 n06972 n06986 n06996 n07007 n07009 n07013 n07021 n07029 n07031 n07036 n07047 n07112 n07138 n07148 n07158 n07169 n07193 n07203 n07222 n07227 n07262 n07285 n07289 n07293 n07297 n07313 n07326 n07327 n07337 n07383 n07407 n07412 n07415 n07416 n07432 n07450 n07453 n07477 n07486 n07487 n07501 n07507 n07517 n07528 n07537 n07560 n07569 n07577 n07594 n07607 n07629 n07653 n07664 n07666 n07711 n07718 n07739 n07750 n07755 n07756 n07760 n07762 n07772 n07773 n07774 n07779 n07791 n07792 n07795 n07802 n07808 n07811 n07825 n07844 n07860 n07883 n07925 n07962 n07978 n07979 n07992 n08010 n08026 n08052 n08055 n08073 n08093 n08104 n08136 n08198 n08217 n08218 n08221 n08230 n08234 n08259 n08264 n08278 n08285 n08350 n08364 n08365 n08382 n08392 n08393 n08396 n08412 n08419 n08438 n08466 n08471 n08475 n08494 n08530 n08535 n08550 n08589 n08614 n08641 n08643 n08647 n08657 n08673 n08688 n08708 n08725 n08765 n08770 n08799 n08801 n08803 n08809 n08820 n08834 n08839 n08843 n08872 n08875 n08888 n08934 n08935 n08938 n08946 n08953 n08978 n08981 n08984 n08996 n08997 n09003 n09007 n09008 n09016 n09045 n09048 n09054 n09061 n09062 n09082 n09100 n09122 n09124 n09130 n09131 n09135 n09151 n09153 n09163 n09165 n09188 n09212 n09214 n09237 n09242 n09258 n09275 n09287 n09292 n09312 n09319 n09354 n09370 n09374 n09384 n09385 n09401 n09412 n09414 n09420 n09428 n09436 n09449 n09450 n09468 n09469 n09470 n09473 n09479 n09492 n09493 n09494 n09502 n09509 n09527 n09531 n09543 n09548 n09595 n09613 n09616	8635		true
n07276	1592	0.0450		n00696 n01617 n01795 n02141 n02162 n02371 n02397 n02695 n02744 n02886 n03075 n03125 n03144 n03213 n03340 n03544 n03824 n03850 n04080 n04119 n04137 n04139 n04144 n04347 n04374 n04415 n04431 n04509 n04635 n04669 n04706 n04718 n04722 n04759 n04785 n04855 n04861 n04874 n04896 n04922 n04936 n04983 n05034 n05065 n05085 n05223 n05225 n05239 n05257 n05301 n05317 n05374 n05446 n05474 n05507 n05509 n05519 n05548 n05645 n05696 n05698 n05770 n05829 n05830 n05844 n05852 n05954 n05973 n05984 n05989 n06009 n06024 n06025 n06047 n06063 n06137 n06201 n06262 n06298 n06315 n06331 n06353 n06382 n06408 n06433 n06445 n06449 n06461 n06482 n06493 n06537 n06553 n06585 n06648 n06668 n06669 n06803 n06816 n06895 n06906 n06919 n06922 n06933 n06966 n06968 n07007 n07031 n07036 n07047 n07085 n07112 n07137 n07138 n07158 n07193 n07222 n07227 n07293 n07294 n07297 n07313 n07327 n07337 n07352 n07383 n07415 n07416 n07432 n07450 n07453 n07477 n07486 n07507 n07517 n07528 n07560 n07577 n07594 n07601 n07629 n07664 n07666 n07704 n07718 n07739 n07750 n07760 n07762 n07773 n07774 n07779 n07792 n07802 n07808 n07811 n07825 n07844 n07871 n07883 n07960 n07962 n07979 n08010 n08026 n08073 n08093 n08149 n08196 n08198 n08217 n08218 n08230 n08234 n08259 n08264 n08272 n08364 n08365 n08382 n08392 n08393 n08419 n08438 n08455 n08466 n08471 n08475 n08493 n08494 n08535 n08550 n08589 n08647 n08656 n08657 n08673 n08688 n08708 n08770 n08799 n08809 n08812 n08820 n08834 n08850 n08888 n08934 n08935 n08943 n08946 n08953 n08978 n08984 n09003 n09007 n09008 n09018 n09032 n09045 n09048 n09054 n09061 n09062 n09100 n09131 n09151 n09153 n09163 n09165 n09175 n09212 n09214 n09242 n09258 n09287 n09319 n09354 n09374 n09384 n09385 n09399 n09401 n09412 n09414 n09428 n09449 n09450 n09468 n09470 n09479 n09492 n09493 n09494 n09509 n09527 n09543 n09548 n09557 n09595 n09613 n09616	7036		true
n07277	1185	0.0450		n01837 n01857 n02220 n02260 n03036 n03222 n03228 n03599 n03622 n03765 n03787 n03866 n03914 n04165 n04203 n04220 n04258 n04266 n04564 n04634 n04864 n04898 n04925 n04980 n04984 n05017 n05056 n05117 n05284 n05302 n05315 n05329 n05391 n05393 n05399 n05426 n05481 n05513 n05547 n05662 n05702 n05895 n05909 n05941 n05993 n06035 n06176 n06226 n06313 n06347 n06422 n06436 n06440 n06500 n06504 n06567 n06581 n06609 n06614 n06772 n06855 n06978 n07027 n07033 n07061 n07066 n07135 n07172 n07245 n07308 n07324 n07400 n07402 n07635 n07655 n07660 n07723 n07733 n07743 n07770 n07785 n07789 n07798 n07837 n07861 n07868 n07872 n08059 n08194 n08207 n08213 n08236 n08253 n08291 n08309 n08310 n08326 n08344 n08407 n08417 n08447 n08506 n08517 n08581 n08600 n08601 n08608 n08632 n08689 n08712 n08781 n08782 n08787 n08792 n08823 n08925 n08930 n08995 n09014 n09069 n09076 n09160 n09189 n09191 n09200 n09221 n09245 n09259 n09272 n09306 n09327 n09329 n09363 n09377 n09380 n09402 n09459 n09461 n09489 n09496 n09530 n09597	7520		true
n07278	196	0.0450	n02396 n06663 n06963 n07694 n08191	n00847 n03793 n05510 n05686 n05998 n06500 n06979 n07463 n07753 n08228 n08294 n08781 n08787 n09489	1764		true
n07279	92	0.0450	n04008 n04500 n05659	n01164 n01272 n03458 n05768 n06246 n06654 n08052 n08396 n08570	884		true
n07280	78	0.0450	n01335 n04006 n05277	n03706 n04862 n05307 n05600 n07952	870		true
n07281	83	0.0450	n01347 n03680	n03581 n04707 n04884 n06444 n07441	766		true
n07282	72	0.0450	n02137 n02644	n01145 n02012 n05395 n05773 n06278 n07153 n08609	276		true
n07283	64	0.0450	n01347 n03680	n04173 n04860 n08440	615		true
n07284	59	0.0450	n01347 n07700	n05812	836		true
n07285	60	0.0450	n07275	n01489 n05715 n06331 n06735 n08656 n09225 n09373	642		true
n07286	62	0.0450	n05067	n02863 n03590	854		true
n07287	62	0.0450	n01335 n04006 n04500 n05277 n08189	n03385 n04862	1323		true
n07288	52	0.0450	n08212	n01503 n02579 n02932 n03281 n05147 n06058 n08405 n08939	130		true
n07289	56	0.0450	n02137 n04006 n04108 n04500 n05659 n06416 n06963 n07274 n07275 n08190 n08776 n08778	n06182 n08087 n08802 n08867	368		true
n07290	49	0.0450	n01040	n04032 n04505 n05826 n08483	160		true
n07291	52	0.0450	n02137 n02644	n02812 n04435 n05527 n07035 n07819 n08181	389		true
n07292	54	0.0450	n02137	n02812 n03448 n05821 n06111 n07318	705		true
n07293	47	0.0450	n02137 n04006 n04108 n04500 n05277 n05659 n06416 n06963 n07274 n07275 n07276 n08189 n08190 n08776 n08777 n08778	n04162 n05424 n05467 n06082 n07040 n08416 n08551 n09060	355		true
n07294	49	0.0450	n06677 n07276 n08189	n04966 n06087	387		true
n07295	50	0.0450	n04963 n06963	n04011 n08273 n08307	607		true
n07296	50	0.0450	n02835	n01391 n01660 n06321 n09057 n09409	631		true
n07297	45	0.0450	n02137 n04108 n04500 n05277 n05659 n06416 n06963 n07274 n07275 n07276 n08190 n08776 n08777 n08778	n01603 n02330 n04644	484		true
n07298	44	0.0450	n02397 n06963 n08189 n08190	n00472 n00878 n01758 n03598	240		true
n07299	48	0.0450	n07733	n01621 n03549 n04093 n06767 n06868 n07615 n09407 n09602	1484		true
n07300	46	0.0450	n02396 n04108 n04704 n07694 n08190 n08779	n06207 n07912	620		true
n07301	45	0.0450	n05277 n08189 n08198 n08777	n05071	352		true
n07302	45	0.0450	n06963 n07694 n08792	n00322 n01921 n08461 n09409	493		true
n07303	43	0.0450	n05189	n00006 n02699 n06265	522		true
n07304	48	0.0450	n01347 n03680	n02267 n04786 n06217 n06712	298		true
n07305	45	0.0450	n05664	n06994 n08247	215		true
n07306	52	0.0450	n03352	n03224 n03617 n04981 n06224 n06368	759		true
n07307	47	0.0450	n06663	n03964 n07785 n08289 n09329	768		true
n07308	46	0.0450	n05810 n06963 n07277 n07694 n08191 n08779	n02096 n03734 n04734 n06655	850		true
n07309	40	0.0450	n04108 n06663 n07694	n00477 n02770 n04508	487		true
n07310	36	0.0450	n02396 n04108 n04704 n06663 n07694 n08191 n08779	n04157	359		true
n07311	46	0.0450	n04964	n04432 n08293	545		true
n07312	52	0.0450	n04961 n06416 n07698	n05522 n06472 n08695 n08917	437		true
n07313	55	0.0450	n02137 n04006 n04108 n04500 n05277 n05659 n06416 n07274 n07275 n07276 n08189 n08190 n08778	n00563 n03118 n03611 n07918 n09109 n09367	835		true
n07314	33	0.0450	n06667 n08808	n01431 n01758 n06481	104		true
n07315	40	0.0450	n04637	n02081 n03855	310		true
n07316	34	0.0450	n07725 n08200	n01352 n03018 n03317	81		true
n07317	42	0.0450	n01347 n03680	n01960 n02740 n03333 n05491 n06811 n08282	362		true
n07318	37	0.0450	n07292	n03860 n03994 n04435	293		true
n07319	37	0.0450	n02609	n04790 n06365 n07046 n07800 n07937	392		true
n07320	35	0.0450	n08819	n00988 n05703 n05772	249		true
n07321	38	0.0450	n02137 n02644 n04006 n04108 n06416 n07274 n08189 n08777	n05522 n08598	352		true
n07322	33	0.0450	n04505	n01538 n08280	132		true
n07323	34	0.0450	n05813	n04246 n04292 n08999 n09017 n09337	208		true
n07324	33	0.0450	n02396 n04007 n04704 n06663 n06963 n07277 n07694 n08191 n08779	n04020 n04270	227		true
n07325	31	0.0450	n05514	n01340 n01799	337		true
n07326	31	0.0450	n05983 n07275 n08190 n08211 n08777	n04216 n06466	381		true
n07327	33	0.0450	n02137 n04006 n04108 n04500 n05277 n05659 n06416 n06963 n07274 n07275 n07276 n08189 n08190 n08776 n08777 n08778	n04653 n05333 n06308 n06801 n08738	301		true
n07328	33	0.0450	n05067 n06228	n03997 n07841 n08572	513		true
n07329	31	0.0450	n04207 n04865	n05201 n05422	181		true
n07330	29	0.0450	n04006 n04108 n04500 n05277 n06416 n08189	n06708	226		true
n07331	30	0.0450		n02410 n02547 n03231	404		true
n07332	32	0.0450	n04006 n06987	n01995 n06733	320		true
n07333	28	0.0450	n08227	n00101 n07089	64		true
n07334	33	0.0450	n04956 n06418	n03879 n06705	324		true
n07335	28	0.0450	n08303	n00023 n01888 n07680	361		true
n07336	31	0.0450	n02396	n01894 n05033 n06299 n07090 n08041	254		true
n07337	27	0.0450	n02137 n04006 n04108 n04500 n05277 n05659 n06416 n06963 n07275 n07276 n08189 n08190 n08776 n08778	n01680 n06232	140		true
n07338	36	0.0450	n08220 n08266	n03383 n05841 n08497	557		true
n07339	33	0.0450	n07784	n03688 n06255 n09066	374		true
n07340	35	0.0450	n03636	n03864 n04276 n05562 n09028 n09144	288		true
n07341	33	0.0450	n04964	n02746 n07423 n08293	425		true
n07342	28	0.0450	n01660	n03035	517		true
n07343	28	0.0450	n00975 n06963	n03856	179		true
n07344	28	0.0450	n06681 n06963 n08776 n08777 n08778	n02173 n03812 n05956 n06266	379		true
n07345	26	0.0450	n08288	n01426	185		true
n07346	24	0.0450	n04792	n00277 n03071	66		true
n07347	24	0.0450	n01335 n05832	n00545 n01201	506		true
n07348	32	0.0450	n02137 n04006 n04108 n06416 n07274 n08189 n08190 n08776 n08777	n01032 n03437 n07847	423		true
n07349	29	0.0450	n02969 n06687	n04021	250		true
n07350	26	0.0450	n08276	n08384 n09033	681		true
n07351	30	0.0450	n07696 n08195	n03919 n05557 n05878	495		true
n07352	24	0.0450	n07276 n08811 n08867	n00279 n01119 n02245 n02861	188		true
n07353	26	0.0450	n04504	n00984 n02097	93		true
n07354	25	0.0450	n03176	n02585 n02843 n05589 n08092	147		true
n07355	26	0.0450	n02396 n06963 n07694	n03187 n06297 n06546	652		true
n07356	24	0.0450	n05659 n06208	n01389 n05855	103		true
n07357	24	0.0450	n06692 n07771 n08903	n00480	182		true
n07358	23	0.0450	n07753	n05099	354		true
n07359	30	0.0450	n00975	n02839	305		true
n07360	23	0.0450	n06222	n01102 n04703 n05488 n09086 n09394	145		true
n07361	24	0.0450	n04510	n02552 n04988 n05268 n09254	555		true
n07362	22	0.0450	n02891	n02742 n03645 n04195	379		true
n07363	27	0.0450		n04656 n06476 n08603	875		true
n07364	23	0.0450	n02137 n04006 n04108 n04500 n05277 n06416 n08189 n08776	n00566 n07405	260		true
n07365	27	0.0450	n07007 n07718	n03231 n04821 n06770	420		true
n07366	23	0.0450	n02137 n02644	n06092 n06278	99		true
n07367	26	0.0450	n01335 n04006 n04500 n05277 n08189	n04028 n06831 n07396	388		true
n07368	22	0.0450	n02396 n04108 n04704 n06663 n06963 n07694 n08191 n08779	n01225 n02147 n05113	118		true
n07369	20	0.0450	n01347 n07727	n03419 n03995	102		true
n07370	22	0.0450	n06727	n05637 n06601 n09055	138		true
n07371	22	0.0450	n08871	n05211	183		true
n07372	20	0.0450	n00779	n02035 n08421	250		true
n07373	23	0.0450	n06223	n04997	126		true
n07374	25	0.0450	n01937	n02075 n06938 n07162 n07648 n08512	127		true
n07375	25	0.0450	n02806 n04160	n03153 n05728	128		true
n07376	24	0.0450	n02396 n05094 n07694	n02378 n04239	275		true
n07377	22	0.0450	n01335 n04006 n04500 n05277 n08189	n02128 n02302	239		true
n07378	25	0.0450	n05809	n05000 n05130 n07498	316		true
n07379	21	0.0450	n05402	n04892 n06546	313		true
n07380	20	0.0450	n06418 n07735	n03278	233		true
n07381	21	0.0450	n02027 n04202 n08784	n04889 n07533	142		true
n07382	22	0.0450	n08308	n01411 n03770	868		true
n07383	26	0.0450	n02137 n04006 n04108 n04500 n05277 n05659 n06416 n06963 n07274 n07275 n07276 n08189 n08190 n08776 n08777 n08778	n05352 n07032	339		true
n07384	32	0.0450	n03498	n05583 n06471 n07026	527		true
n07385	22	0.0450	n04108 n08190	n01517 n04840 n05018	221		true
n07386	19	0.0450	n08816	n00014 n00589	110		true
n07387	19	0.0450	n02137 n07274 n08777	n00102 n08078	168		true
n07388	23	0.0450	n04978	n01341 n02784 n08678	271		true
n07389	19	0.0450	n08873	n00640 n01564	132		true
n07390	22	0.0450	n08873	n04738 n06800 n09063	243		true
n07391	20	0.0450	n03179 n04882 n05079	n05116	211		true
n07392	20	0.0450	n07036	n04605	225		true
n07393	20	0.0450	n05401 n07716 n08307	n02820 n03127 n05178	145		true
n07394	19	0.0450	n02570 n07801	n04595 n07223	193		true
n07395	21	0.0450	n08361	n00811 n02657 n03514	400		true
n07396	21	0.0450	n07367	n04089 n06314 n07514	382		true
n07397	20	0.0450	n06008 n06447 n07742 n08279	n03605 n05256	572		true
n07398	18	0.0450	n02137 n04108 n06416 n07274 n08189 n08190 n08776 n08777	n00198 n01748	182		true
n07399	21	0.0450	n07724	n06533 n07543	221		true
n07400	19	0.0450	n02396 n04704 n07277 n08779	n01477 n05246	125		true
n07401	23	0.0450	n06010	n05946 n06286 n08075 n08679 n09247	419		true
n07402	19	0.0450	n02396 n04007 n04704 n06663 n06963 n07277 n07694 n08191 n08779	n00704 n02180 n03847	230		true
n07403	19	0.0450		n00656 n01218	156		true
n07404	18	0.0450	n05298	n00989 n02998	101		true
n07405	18	0.0450	n06708 n07364	n00013 n00557	161		true
n07406	19	0.0450	n07829	n01511 n01595	142		true
n07407	19	0.0450	n02137 n04006 n04108 n04500 n05659 n06416 n06963 n07275 n08191	n00104 n04893	191		true
n07408	18	0.0450	n03034	n00127 n02079	106		true
n07409	21	0.0450	n06418 n07697	n07944 n08478	184		true
n07410	20	0.0450	n03176	n02585 n05589 n08092	118		true
n07411	24	0.0450	n06416 n06663 n06978 n07694	n04461	724		true
n07412	19	0.0450	n02137 n04006 n04108 n04500 n05659 n06416 n06963 n07275 n08190 n08776 n08778	n01464 n01826	206		true
n07413	19	0.0450	n02644 n04108 n06416 n08190 n08776 n08779	n02614 n05901	180		true
n07414	19	0.0450	n01616	n01102 n04703 n07583	122		true
n07415	17	0.0450	n02137 n05659 n07274 n07275 n07276 n08189 n08190 n08776 n08777 n08778	n03871	162		true
n07416	19	0.0450	n02137 n04006 n04108 n04500 n05277 n05659 n06416 n06963 n07274 n07275 n07276 n08189 n08190 n08776 n08777 n08778	n01014 n07449	197		true
n07417	17	0.0450	n01399 n04006 n05277	n01583 n03758 n06169	109		true
n07418	19	0.0450	n08269	n02170 n05038 n08694	192		true
n07419	20	0.0450	n02396 n04007 n05391 n06663 n06963 n07694 n08191 n08779	n04897 n05618	292		true
n07420	18	0.0450	n01347	n03286 n05359 n08034	134		true
n07421	19	0.0450	n02644 n04108 n06416 n07274 n08190 n08776	n01111 n02922 n09289	167		true
n07422	20	0.0450	n01708 n02490	n04088	257		true
n07423	18	0.0450	n06031 n07341 n08268	n00753 n01104	166		true
n07424	21	0.0450	n03262 n06717	n02385 n05471 n08674	270		true
n07425	17	0.0450	n08898	n05922	237		true
n07426	21	0.0450	n08192 n08418	n01574 n02561 n03446 n06886	266		true
n07427	17	0.0450	n07874	n03081 n09466	178		true
n07428	18	0.0450	n04108 n06416 n08189 n08190 n08776	n01073 n03125	153		true
n07429	16	0.0450	n04076 n07700 n09033	n00234	276		true
n07430	16	0.0450	n05535	n00756 n01494	112		true
n07431	18	0.0450	n01347 n08777	n00830 n01928 n01948	132		true
n07432	16	0.0450	n02137 n04006 n04108 n04500 n05277 n05659 n06416 n06963 n07274 n07275 n07276 n08189 n08190 n08776 n08777 n08778	n00199 n01191	123		true
n07433	16	0.0450	n00976 n04115 n09035	n03287 n06169	110		true
n07434	19	0.0450	n05697	n04201 n06613	200		true
n07435	17	0.0450	n02644	n03288 n04672	130		true
n07436	19	0.0450	n02644 n03680	n00621 n02585 n05159	89		true
n07437	18	0.0450	n05299	n02710 n05612	331		true
n07438	17	0.0450	n02396 n04108 n06963	n02859	674		true
n07439	17	0.0450	n04258	n02620 n03081	197		true
n07440	18	0.0450	n01335 n04006 n04500 n05277 n08189	n01763 n08011	160		true
n07441	16	0.0450	n07281 n07761	n00197	267		true
n07442	20	0.0450	n04082	n02791 n05475 n07143	255		true
n07443	17	0.0450	n07989	n04613	366		true
n07444	16	0.0450	n08377	n00272	276		true
n07445	16	0.0450	n07694 n07737 n08191 n08780 n08924	n00314	186		true
n07446	17	0.0450	n03487 n05664	n05584	53		true
n07447	16	0.0450	n04723	n03438 n03893	301		true
n07448	17	0.0450		n05585	275		true
n07449	16	0.0450	n07416	n01448 n04103	182		true
n07450	16	0.0450	n02137 n04006 n04108 n04500 n05277 n05659 n06416 n06963 n07274 n07275 n07276 n08189 n08190 n08776 n08777 n08778	n03052 n05365 n06625	187		true
n07451	19	0.0450	n04272 n04442 n05079 n06680	n01822 n03553 n07691	227		true
n07452	16	0.0450	n05557	n03554 n03618	278		true
n07453	16	0.0450	n02137 n04006 n04108 n05277 n05659 n06416 n07274 n07275 n07276 n08189 n08190 n08776 n08777	n05754 n07596	248		true
n07454	15	0.0450	n01347 n03680	n00746	78		true
n07455	16	0.0450	n03041	n01768 n03397 n03885 n07181	584		true
n07456	16	0.0450	n01347 n03680	n02707 n07602	85		true
n07457	15	0.0450	n04884 n05681 n06444	n00451	190		true
n07458	19	0.0450	n05213	n03697 n09432	196		true
n07459	19	0.0450	n08243 n09067	n02368 n03609 n08043	129		true
n07460	15	0.0450	n07036	n02715	185		true
n07461	22	0.0450	n01155 n07054	n03654 n05967 n06875 n07197 n07683 n08022	364		true
n07462	17	0.0450	n04224	n00341 n05968	183		true
n07463	15	0.0450	n07278 n08782	n00902 n09554	199		true
n07464	21	0.0450	n05702 n06035 n06440 n07720 n08952	n06057	473		true
n07465	17	0.0450	n04790	n04920 n07249 n08053	338		true
n07466	17	0.0450	n01247	n01080 n01277 n06646	324		true
n07467	16	0.0450		n02454 n06380	179		true
n07468	17	0.0450	n00942 n01707	n05743	279		true
n07469	19	0.0450	n07876	n03891 n08727 n09243	258		true
n07470	14	0.0450	n02515	n03388 n03478	36		true
n07471	16	0.0450	n02462 n07712	n00778 n02633 n09472	200		true
n07472	15	0.0450	n04108 n08806	n00954 n04750	538		true
n07473	17	0.0450	n03413	n03950 n06859	86		true
n07474	14	0.0450	n04080	n01264	141		true
n07475	14	0.0450	n06802	n00969 n01770	182		true
n07476	14	0.0450	n07696 n08195	n02421	166		true
n07477	17	0.0450	n02137 n04006 n04108 n04500 n05277 n05659 n06416 n06963 n07274 n07275 n07276 n08189 n08190 n08777 n08778 n08889	n02410 n03761 n06151 n08116	372		true
n07478	16	0.0450	n02137 n02644 n04108 n07274 n08777	n02951 n04560	178		true
n07479	18	0.0450	n03641	n07593 n09099	132		true
n07480	16	0.0450	n06742 n08189	n02949 n09342	91		true
n07481	14	0.0450	n08398	n00498	150		true
n07482	15	0.0450	n02099 n05871 n07837	n07216	1001		true
n07483	15	0.0450	n04108 n06416 n09064	n01054	343		true
n07484	15	0.0450	n06663 n07694	n00067 n00282	90		true
n07485	15	0.0450	n08400	n03221 n03377	103		true
n07486	16	0.0450	n02137 n04006 n04108 n04500 n05277 n05659 n06416 n06963 n07275 n07276 n08189 n08190 n08776 n08778	n00224 n06611	213		true
n07487	16	0.0450	n02137 n04006 n04108 n04500 n05277 n05659 n06416 n06963 n07275	n05039 n05040	117		true
n07488	22	0.0450	n07792 n08776	n06958 n07519 n08658	140		true
n07489	14	0.0450	n06439	n01184	97		true
n07490	14	0.0450	n01490	n02753	154		true
n07491	16	0.0450	n07898	n04630 n08655	259		true
n07492	14	0.0450	n05209	n00106	81		true
n07493	14	0.0450	n06249	n00106	101		true
n07494	14	0.0450	n05985 n07697 n07735 n07786	n09446	107		true
n07495	14	0.0450	n02396 n04007 n05391 n06663 n06963 n07694 n08191 n08779	n01124	104		true
n07496	16	0.0450	n01335 n04006 n04500 n05277 n08189	n03093 n08667	410		true
n07497	15	0.0450		n01802	138		true
n07498	19	0.0450	n07378	n03374 n06181 n09556 n09618	272		true
n07499	15	0.0450	n08876	n03333	140		true
n07500	14	0.0450	n02137 n08189	n04256	159		true
n07501	14	0.0450	n02137 n04006 n04108 n04500 n05277 n06416 n06963 n07275 n08189 n08190 n08776 n08778	n02078 n08140	390		true
n07502	14	0.0450	n06067	n00148	388		true
n07503	16	0.0450	n04205 n05809	n04624 n08623	195		true
n07504	13	0.0450	n01993 n07843 n07900	n02908	180		true
n07505	15	0.0450	n08390	n00841	474		true
n07506	13	0.0450	n08190 n08314	n01821	564		true
n07507	14	0.0450	n02137 n04006 n04108 n04500 n05277 n05659 n06416 n06963 n07274 n07275 n07276 n08189 n08190 n08776 n08777 n08778	n01517 n08116	187		true
n07508	13	0.0450	n01347	n00656 n00871	80		true
n07509	14	0.0450	n01347 n03680	n00551 n05788	64		true
n07510	16	0.0450	n02096	n01354 n06391	558		true
n07511	14	0.0450	n02396	n00752 n01935	237		true
n07512	13	0.0450	n07079 n08190	n00849 n01283	210		true
n07513	13	0.0450	n06836	n04196	102		true
n07514	13	0.0450	n07396	n00287	93		true
n07515	14	0.0450	n02644 n07894	n01307 n02351	113		true
n07516	14	0.0450	n07064	n00595 n04482	100		true
n07517	13	0.0450	n02137 n04006 n04108 n04500 n05277 n05659 n06416 n06963 n07274 n07275 n07276 n08189 n08190 n08776 n08777 n08778	n02172	137		true
n07518	14	0.0450	n05325 n07185	n04199	109		true
n07519	16	0.0450	n07488	n02020 n06152	113		true
n07520	13	0.0450	n07036	n00933	188		true
n07521	13	0.0450	n02027 n04667 n08796	n03173	66		true
n07522	15	0.0450	n09367	n03772 n05624	430		true
n07523	18	0.0450	n07793	n01609 n08616	327		true
n07524	13	0.0450	n01335 n04006 n04500 n05277 n08189	n01254	296		true
n07525	14	0.0450	n05831 n06513	n01203	252		true
n07526	13	0.0450	n05750	n02467	184		true
n07527	14	0.0450	n06297	n00954 n01698	504		true
n07528	15	0.0450	n02137 n04006 n04108 n04500 n05277 n05659 n06416 n06963 n07274 n07275 n07276 n08189 n08190 n08776 n08777 n08778	n01444 n03443	202		true
n07529	15	0.0450	n05108	n03778 n09532	1262		true
n07530	13	0.0450	n02646 n05809 n07714		168		true
n07531	14	0.0450	n03509 n08973	n00029	69		true
n07532	17	0.0450	n07094 n08349	n02589 n07268 n07559	130		true
n07533	13	0.0450	n05664 n07381		73		true
n07534	14	0.0450	n04045	n02501 n07224	148		true
n07535	14	0.0450	n06089 n09119	n02501	129		true
n07536	14	0.0450	n01335 n04006 n04500 n05277 n08189	n07261	195		true
n07537	14	0.0450	n04108 n04500 n06416 n07275 n08190	n02454	148		true
n07538	14	0.0450	n04006 n04500 n05277 n08189	n00769 n00971	160		true
n07539	14	0.0450	n07920	n02958 n04496	138		true
n07540	13	0.0450	n06787	n01654	191		true
n07541	12	0.0450	n02430 n06973 n08780	n01500	176		true
n07542	13	0.0450	n06285	n00502 n01208 n01920	79		true
n07543	15	0.0450	n07399	n08684	178		true
n07544	15	0.0450	n05125	n04490 n08179	228		true
n07545	12	0.0450	n05458	n02759 n03479	215		true
n07546	13	0.0450	n02396 n06104	n01007 n03137	113		true
n07547	12	0.0450	n01347 n03680	n03029	101		true
n07548	14	0.0450	n05412 n06426	n01553 n04198	84		true
n07549	12	0.0450	n02396 n04108 n04704 n06663 n06963 n07694 n08190 n08191 n08779	n00361	177		true
n07550	13	0.0450	n04117	n08115	146		true
n07551	12	0.0450	n03414	n02914	77		true
n07552	12	0.0450	n06049 n06739	n03026	133		true
n07553	13	0.0450	n07019	n00646 n01266	111		true
n07554	12	0.0450	n08231	n02795	84		true
n07555	14	0.0450	n03918 n06721	n03619 n05978 n08123	103		true
n07556	13	0.0450	n04707	n03171 n03216	176		true
n07557	12	0.0450	n01347 n03680	n00357	66		true
n07558	14	0.0450	n02644	n02250 n02307	138		true
n07559	13	0.0450	n07532	n00951 n01482	98		true
n07560	13	0.0450	n02137 n04006 n04108 n04500 n05277 n05659 n06416 n06963 n07274 n07275 n07276 n08189 n08190 n08776 n08777 n08778	n03621	115		true
n07561	13	0.0450	n04814 n06262	n03526 n03530	221		true
n07562	12	0.0450	n06703 n06783 n06991 n08954	n00242	71		true
n07563	13	0.0450	n01335 n04006 n04500 n05277 n08189	n06395	384		true
n07564	16	0.0450	n01335 n04006 n04500 n05277 n08189	n03161 n03294 n08617	335		true
n07565	12	0.0450	n03123	n01377	230		true
n07566	12	0.0450	n02233 n04714	n00129	44		true
n07567	12	0.0450	n04083	n02716	104		true
n07568	13	0.0450	n06772 n08776	n01715	173		true
n07569	13	0.0450	n04108 n04500 n06663 n06963 n07275 n08191 n08778 n08779	n01423	136		true
n07570	13	0.0450	n06416 n07080	n01142	480		true
n07571	12	0.0450	n01335 n04006 n04500 n05277 n08189	n03095	219		true
n07572	13	0.0450	n02297	n03899	314		true
n07573	14	0.0450	n02699	n02452 n08721	236		true
n07574	12	0.0450			213		true
n07575	12	0.0450	n04007 n06491	n00736	152		true
n07576	14	0.0450		n08103	104		true
n07577	13	0.0450	n02137 n04006 n04108 n04500 n05277 n05659 n06416 n06963 n07274 n07275 n07276 n08189 n08190 n08776 n08777 n08778	n01444	179		true
n07578	11	0.0450	n07868	n01734	108		true
n07579	11	0.0450	n01614 n06663 n07694 n08191 n08779 n08780	n01500	107		true
n07580	11	0.0450	n07027 n08253	n00327	217		true
n07581	14	0.0450	n02137 n02644 n04006 n04108 n06416 n07274 n08190 n08776	n01828 n04149	180		true
n07582	13	0.0450	n05017	n00713 n02722	349		true
n07583	14	0.0450	n02936 n07414 n07955	n09394	100		true
n07584	13	0.0450	n02396	n02722 n03347	324		true
n07585	12	0.0450	n01742	n01023 n01756	74		true
n07586	12	0.0450	n03504 n06318	n00703 n01450	175		true
n07587	11	0.0450	n01147 n05707	n02309 n02568 n03900	109		true
n07588	11	0.0450	n02644		159		true
n07589	12	0.0450	n06472	n00991	109		true
n07590	11	0.0450	n00761 n04395	n01717	306		true
n07591	11	0.0450	n04116 n04330 n05718 n07909 n08946	n00843	91		true
n07592	11	0.0450	n01347	n01571	542		true
n07593	11	0.0450	n04108 n07479 n09581	n03440	71		true
n07594	11	0.0450	n02137 n04006 n04108 n04500 n05277 n05659 n06416 n06963 n07275 n07276 n08190 n08776	n00224	111		true
n07595	11	0.0450	n06495 n08189	n01206	43		true
n07596	12	0.0450	n07453	n03249	182		true
n07597	11	0.0450	n07088	n00810	38		true
n07598	12	0.0450	n05032 n07928	n00638 n00700	83		true
n07599	12	0.0450	n05309 n06759	n01495	173		true
n07600	11	0.0450	n01347 n03680	n02766	95		true
n07601	11	0.0450	n05277 n07276 n07946 n08189	n00214	119		true
n07602	11	0.0450	n07456	n01325 n02286	52		true
n07603	11	0.0450	n04659 n05738 n08559	n02879	66		true
n07604	11	0.0450	n05277 n08857 n08962	n00394	101		true
n07605	12	0.0450	n08777 n08818	n01948	86		true
n07606	15	0.0450	n09146	n00842 n01827	132		true
n07607	11	0.0450	n02137 n07274 n07275 n08189 n08190 n08777 n08778	n02642	67		true
n07608	11	0.0450	n02181 n03910		73		true
n07609	13	0.0450	n08517 n09305	n03337	147		true
n07610	11	0.0450	n02027	n03173	85		true
n07611	11	0.0450	n04891	n00595	45		true
n07612	11	0.0450	n09157	n00276	46		true
n07613	11	0.0450	n02676	n00828	111		true
n07614	11	0.0450	n07686	n01073	147		true
n07615	11	0.0450	n05334 n06032 n07299 n08190	n02089	405		true
n07616	11	0.0450	n08222	n01874	106		true
n07617	11	0.0450	n05915	n03007	266		true
n07618	11	0.0450	n05393		330		true
n07619	11	0.0450	n06120	n00868	343		true
n07620	11	0.0450	n01335 n04006 n04500 n05277 n08189	n02961	111		true
n07621	13	0.0450	n02396 n04108 n06416 n06663 n06963	n00932 n02855	142		true
n07622	12	0.0450	n07841 n08824	n00174 n00680	324		true
n07623	11	0.0450	n05587 n06496	n00065	84		true
n07624	11	0.0450	n01335 n03370 n03912 n08349 n08868	n00258 n00951	87		true
n07625	12	0.0450	n03655	n03834	166		true
n07626	11	0.0450	n07946 n08190 n08778	n01826	132		true
n07627	12	0.0450	n02582 n06314	n01732	255		true
n07628	13	0.0450	n09242	n04364	442		true
n07629	12	0.0450	n02137 n04006 n04108 n04500 n05277 n05659 n06416 n06963 n07274 n07275 n07276 n08189 n08190 n08776 n08777 n08778	n00601	210		true
n07630	10	0.0450	n05347 n06963 n07694 n08354	n00770	539		true
n07631	10	0.0450	n04019 n04607	n00063	43		true
n07632	10	0.0450	n01576 n06051		44		true
n07633	11	0.0450	n02137 n04006 n04108 n06416 n07274 n08189 n08190 n08776 n08777	n01061 n01828	161		true
n07634	10	0.0450	n01335 n04006 n04500 n05277 n08189		119		true
n07635	10	0.0450	n02644 n04108 n06416 n07274 n07277 n08190 n08776	n01916	165		true
n07636	10	0.0450	n03270 n08820		85		true
n07637	12	0.0450	n01335 n04006 n04500 n05277 n08189	n01830 n02506	125		true
n07638	10	0.0450	n09167	n00849	90		true
n07639	11	0.0450	n07151	n01459	395		true
n07640	10	0.0450	n02137 n02644 n07274 n08189 n08777		73		true
n07641	10	0.0450	n05558 n08335 n08776	n00504 n01140	89		true
n07642	10	0.0450	n04108 n09250	n01060	241		true
n07643	10	0.0450	n03682 n04634	n02229	223		true
n07644	10	0.0450	n07088 n08599	n00653	36		true
n07645	11	0.0450	n02644 n03680	n00974 n01379	48		true
n07646	11	0.0450	n04438 n06456 n07812	n01161	218		true
n07647	10	0.0450	n02396 n04108 n06663 n07694 n08779		117		true
n07648	10	0.0450	n07374	n03101	57		true
n07649	10	0.0450	n06514 n09143	n03171	70		true
n07650	10	0.0450	n05213 n06814	n01670	74		true
n07651	11	0.0450	n01335 n04006 n04500 n05277 n08189	n01487 n02088	83		true
n07652	10	0.0450	n02276	n03845	69		true
n07653	10	0.0450	n02137 n04006 n04108 n04500 n05277 n05659 n06416 n06963 n07274 n07275 n08189 n08190 n08778	n00409	133		true
n07654	10	0.0450	n02137 n06416 n06963 n08191	n01311	178		true
n07655	10	0.0450	n02396 n04007 n04704 n06663 n06963 n07277 n07694 n08191 n08779 n08780	n01701	74		true
n07656	10	0.0450	n05606 n08313	n00489	74		true
n07657	10	0.0450	n06031 n09303 n09591	n01294	64		true
n07658	11	0.0450	n05630 n06066	n00750	101		true
n07659	10	0.0450	n02137 n04006 n04500 n05277 n08189	n00754	94		true
n07660	10	0.0450	n02396 n04007 n04704 n06663 n06963 n07277 n07694 n08191 n08779 n08780		302		true
n07661	12	0.0450	n04034	n02418	182		true
n07662	10	0.0450	n04006 n04500 n05277 n08189	n03256	72		true
n07663	11	0.0450	n03698 n06549	n01806	165		true
n07664	11	0.0450	n02137 n04006 n04108 n04500 n05277 n05659 n06963 n07274 n07275 n07276 n08189 n08190 n08778	n01395	101		true
n07665	11	0.0450	n05313 n06047	n01362	79		true
n07666	10	0.0450	n02137 n04006 n04108 n04500 n05277 n05659 n06416 n06963 n07274 n07275 n07276 n08189 n08190 n08776 n08777 n08778		153		true
n07667	10	0.0435	n04049	n00122	171		true
n07668	10	0.0435	n05011 n06001 n08190		173		true
n07669	14	0.0421	n02544 n07096	n00284 n03773	152		true
n07670	10	0.0419	n02788 n04863	n00166	33		true
n07671	11	0.0408	n01087	n00256	25		true
n07672	12	0.0408	n01884	n01769	135		true
n07673	10	0.0406	n03815 n06665	n00774	51		true
n07674	14	0.0404	n04108 n06663 n08779	n02178	900		true
n07675	14	0.0404	n04733 n05219	n09580	206		true
n07676	12	0.0404	n04707	n00149	241		true
n07677	13	0.0404	n05886	n00736	155		true
n07678	11	0.0404	n01510	n00278	48		true
n07679	11	0.0404	n04040 n05980 n08822	n00155	47		true
n07680	10	0.0404	n04519 n07335		220		true
n07681	12	0.0404	n01335 n04006 n04500 n05277 n08189	n01067	131		true
n07682	13	0.0402	n04233	n00871 n02288	81		true
n07683	14	0.0402	n07461	n01093 n02759 n02824	210		true
n07684	14	0.0402	n05234 n05416 n06210	n03132 n03390 n08637	182		true
n07685	12	0.0402	n03646 n08453	n01951 n03349	125		true
n07686	14	0.0402	n04108 n06416 n07274 n08190 n08776	n05970 n07614	164		true
n07687	11	0.0402	n01347 n03680	n01783	509		true
n07688	13	0.0402	n08322	n02960 n03208	156		true
n07689	11	0.0402	n09238	n00648	88		true
n07690	12	0.0402	n02512 n07728	n01112 n01899	120		true
n07691	11	0.0402	n00945 n01842 n06473 n07451	n01276	196		true
n07692	10	0.0402	n06149	n02087	72		true
n07693	10	0.0402	n04680 n08614 n08779	n02251	1151		true
n07694	1491	0.0400		n01056 n01425 n01678 n01757 n01857 n01858 n01990 n01991 n02064 n02114 n02178 n02220 n02231 n02395 n02645 n02975 n02976 n03010 n03188 n03223 n03302 n03481 n03545 n03599 n03914 n04047 n04127 n04136 n04151 n04156 n04167 n04203 n04220 n04258 n04311 n04337 n04375 n04618 n04691 n04782 n04925 n04959 n04974 n04984 n05001 n05056 n05108 n05151 n05154 n05189 n05204 n05224 n05284 n05302 n05315 n05329 n05382 n05393 n05404 n05465 n05511 n05513 n05547 n05594 n05613 n05617 n05662 n05693 n05710 n05768 n05895 n05909 n05913 n05920 n05924 n05957 n05993 n06032 n06035 n06421 n06440 n06463 n06464 n06491 n06504 n06509 n06581 n06614 n06654 n06670 n06684 n06771 n06792 n06855 n06911 n06924 n06931 n06944 n06973 n06986 n06991 n07012 n07014 n07033 n07061 n07135 n07176 n07190 n07245 n07278 n07300 n07302 n07308 n07309 n07310 n07324 n07355 n07368 n07376 n07402 n07411 n07419 n07445 n07484 n07495 n07549 n07579 n07630 n07647 n07655 n07660 n07701 n07703 n07723 n07767 n07770 n07785 n07798 n07844 n07860 n07865 n07892 n07981 n07998 n08040 n08052 n08057 n08059 n08083 n08113 n08141 n08210 n08213 n08251 n08261 n08265 n08291 n08309 n08314 n08348 n08373 n08396 n08407 n08410 n08425 n08429 n08447 n08472 n08527 n08566 n08581 n08601 n08614 n08632 n08701 n08712 n08720 n08743 n08764 n08775 n08782 n08790 n08806 n08847 n08870 n08930 n08979 n08981 n08996 n09001 n09014 n09036 n09069 n09110 n09167 n09191 n09200 n09221 n09245 n09271 n09272 n09292 n09329 n09355 n09377 n09380 n09396 n09413 n09442 n09451 n09461 n09488 n09530 n09537 n09597	9199		true
n07695	131	0.0400	n05660	n00002 n01742 n01860 n01939 n01970 n01993 n02966 n03424 n03733 n04264 n07843 n07900 n08390 n08645 n09399	988		true
n07696	132	0.0400	n01347	n01588 n02801 n03135 n04145 n04445 n05420 n06427 n06447 n06448 n06535 n06710 n06807 n07166 n07351 n07476 n08069 n08220 n08266 n08279 n08283 n08351 n08451 n08454 n08505 n09087	1918		true
n07697	100	0.0400	n08193	n02353 n05069 n06425 n07409 n07494 n08810 n08958	693		true
n07698	91	0.0400	n02137 n02644 n07274	n03920 n05291 n07312 n07713 n08077 n08552	521		true
n07699	77	0.0400		n05403 n06664 n07727 n08224	450		true
n07700	75	0.0400	n02644	n01223 n04546 n05539 n05963 n06910 n07284 n07429	904		true
n07701	73	0.0400	n02396 n04704 n06663 n06963 n07694 n08191	n05816 n07809 n09084	904		true
n07702	64	0.0400	n06201	n02165 n02436 n06970 n08817	477		true
n07703	58	0.0400	n02396 n04108 n04704 n06663 n07694 n08779	n01003 n01885 n05860 n06865 n07022	608		true
n07704	67	0.0400	n02137 n04006 n04108 n04500 n05277 n05659 n06416 n06963 n07274 n07276 n08189 n08190 n08776 n08777 n08778	n05286 n07021 n07029 n08987	981		true
n07705	62	0.0400	n01347	n01907 n05665 n06980	350		true
n07706	63	0.0400	n02397 n06963 n08189 n08190	n02764 n03685 n05398	636		true
n07707	58	0.0400		n02542 n04425	838		true
n07708	57	0.0400	n01658	n04638 n05515 n06995	226		true
n07709	72	0.0400	n02137 n04006 n04108 n06416 n07274 n08189 n08190 n08776 n08777	n05225 n06493 n08208 n09061 n09258	675		true
n07710	54	0.0400	n02137 n02644 n08777	n03452 n05673 n05874 n08242	441		true
n07711	53	0.0400	n02137 n04006 n04108 n04500 n05659 n06416 n06663 n06963 n07275 n08190 n08191 n08776 n08778	n00188 n03539	1404		true
n07712	61	0.0400	n08208	n01032 n04029 n04051 n04986 n05770 n06273 n06487 n06843 n07013 n07085 n07471 n08495 n09137 n09188 n09387 n09494	527		true
n07713	57	0.0400	n06420 n07698	n01976 n06472 n08298 n08916 n08917 n09559	391		true
n07714	51	0.0400	n02396	n02049 n02260 n02837 n03086 n05444 n05742 n06549 n07530 n09608	614		true
n07715	51	0.0400	n02541	n00337 n01799 n03014 n04793 n05086 n06464 n07865 n07882 n08100	609		true
n07716	47	0.0400	n01757 n06963 n06965	n02127 n03503 n04660 n05117 n07393 n08884	516		true
n07717	62	0.0400	n01335 n04006 n04500 n05277 n08189	n02402 n05669 n08222 n09115	569		true
n07718	53	0.0400	n06423 n07275 n07276	n06205 n07365 n09286	710		true
n07719	59	0.0400	n06974	n04444 n06056 n08814 n09037	910		true
n07720	47	0.0400	n04108 n06416 n08190 n08213	n01445 n02920 n04443 n07464	1514		true
n07721	48	0.0400	n08189	n03438 n03587 n03893 n04249 n05528 n05889 n06252 n07919	545		true
n07722	46	0.0400	n08798	n06240 n07741	221		true
n07723	46	0.0400	n02396 n04007 n04704 n05392 n06663 n06963 n07277 n07694 n08191 n08779	n01377 n04831 n05998 n08294	495		true
n07724	50	0.0400	n03911	n06224 n07200 n07399 n08245	663		true
n07725	41	0.0400	n01347 n03680	n03798 n06940 n07316	100		true
n07726	46	0.0400	n08796	n04945 n05232 n08819	291		true
n07727	43	0.0400	n02644 n07699	n01475 n01558 n02776 n04013 n05319 n07369	318		true
n07728	42	0.0400	n04313	n01589 n02208 n03310 n03615 n04303 n04469 n05944 n07690 n08110 n08751	403		true
n07729	45	0.0400	n04006 n04108 n04500 n05277 n06416 n08189 n08776	n03263 n03880 n06823 n07188	471		true
n07730	42	0.0400	n08782	n03737 n04976 n05516	384		true
n07731	45	0.0400	n01347	n03110 n05417	245		true
n07732	42	0.0400	n05666	n00780 n03538 n08240	290		true
n07733	51	0.0400	n04108 n06416 n07277 n08197 n08779	n05334 n06032 n07299 n08372	1502		true
n07734	44	0.0400	n05816	n07754 n08887	548		true
n07735	45	0.0400	n08193	n05361 n07380 n07494 n07916 n08620 n08954 n09366 n09611	405		true
n07736	42	0.0400	n05073	n02432 n04641 n06410	240		true
n07737	38	0.0400	n01335 n01614 n06663	n05999 n07445	341		true
n07738	38	0.0400	n02644	n01706 n05963	218		true
n07739	42	0.0400	n02137 n04006 n04108 n04500 n05277 n05659 n06416 n06963 n07275 n07276 n08189 n08190 n08776 n08778	n02537 n06212 n08631	574		true
n07740	35	0.0400	n01672 n05186	n01996 n02189 n06757 n07206	262		true
n07741	39	0.0400	n07722	n02346 n03795 n05914 n08567	196		true
n07742	39	0.0400	n01347	n01116 n02742 n07397 n08914	782		true
n07743	48	0.0400	n04108 n06416 n07277 n08190 n08197 n08779	n08340 n08353 n08865	1486		true
n07744	40	0.0400	n01347	n05539 n08256	224		true
n07745	36	0.0400	n01335 n04006 n04500 n05277 n08189	n01019 n01458	492		true
n07746	36	0.0400	n02396 n04108 n06963	n01465 n02378 n05154 n05255 n05775 n06792	425		true
n07747	35	0.0400	n00706	n01687 n02488	295		true
n07748	37	0.0400	n06694	n08871 n08928 n09188 n09494	329		true
n07749	38	0.0400	n02396	n03070 n05268 n08985 n09254	740		true
n07750	36	0.0400	n04006 n04108 n04500 n05277 n05659 n06416 n06963 n07275 n07276 n08190 n08776	n03017 n08267	485		true
n07751	31	0.0400	n08804	n01239 n04408	272		true
n07752	38	0.0400	n02137 n02644 n07274 n08189 n08777	n03578 n04631 n06692 n09535	297		true
n07753	36	0.0400	n07278 n08782	n04715 n07358 n08895	426		true
n07754	34	0.0400	n04713 n07734	n04570	372		true
n07755	40	0.0400	n02570 n04108 n06963 n07275 n08189	n05730 n08860	787		true
n07756	31	0.0400	n04006 n04108 n04500 n05277 n07275 n08189 n08778	n01570 n04792	95		true
n07757	34	0.0400	n01335 n04006 n04500 n05277 n08189	n07003 n09185	274		true
n07758	38	0.0400	n04970	n03814 n04692 n05427 n06399 n08858 n09453	1273		true
n07759	34	0.0400	n05990	n06434	159		true
n07760	31	0.0400	n02137 n04006 n04108 n04500 n05277 n05659 n06416 n06963 n07274 n07275 n07276 n08189 n08190 n08776 n08777	n08877	239		true
n07761	33	0.0400	n04711	n00518 n05174 n06514 n07441	332		true
n07762	30	0.0400	n02137 n04006 n04108 n04500 n05277 n05659 n06416 n06963 n07275 n07276 n08189 n08190 n08776 n08778	n04527 n05542 n06250	267		true
n07763	32	0.0400	n01347 n03680	n04014	277		true
n07764	33	0.0400	n01347 n03680 n08777 n08800	n00031 n06498 n06660	219		true
n07765	31	0.0400	n02927	n01635	149		true
n07766	29	0.0400	n01347 n03680	n00518 n07025	444		true
n07767	32	0.0400	n04564 n06663 n06963 n07694 n08191 n08779 n08780	n04210 n05143	359		true
n07768	34	0.0400	n08190 n08236	n05362 n05846 n09330 n09596	330		true
n07769	31	0.0400	n05522	n05200	273		true
n07770	34	0.0400	n04108 n06416 n07277 n07694 n08190 n08197 n08779	n04093 n06099 n06767 n06868 n09407	1342		true
n07771	38	0.0400	n05995	n04859 n06899 n07357	241		true
n07772	30	0.0400	n02137 n04006 n04108 n04500 n05659 n06416 n06963 n07274 n07275 n08190 n08776 n08778	n00104 n08564	237		true
n07773	30	0.0400	n02137 n04006 n04108 n04500 n05277 n05659 n06416 n06963 n07274 n07275 n07276 n08190 n08776 n08777 n08778	n04075 n05568	322		true
n07774	30	0.0400	n06417 n06963 n07275 n07276 n08190 n08192 n08776 n08777 n08778	n02518 n04330 n04385 n07235 n08503 n08595	234		true
n07775	31	0.0400	n01347 n03680	n04886 n05092	214		true
n07776	29	0.0400	n01335 n04006 n04500 n05277 n08189	n02302 n02516 n08371	257		true
n07777	30	0.0400	n04258 n08781 n08782	n04976 n05021	407		true
n07778	31	0.0400	n02137 n02644 n04006 n04108 n06416 n07274	n05530 n07974	296		true
n07779	34	0.0400	n02137 n04006 n04108 n04500 n05277 n05659 n06416 n06963 n07274 n07275 n07276 n08189 n08190 n08778	n01863 n03999 n05848 n06611 n09353	287		true
n07780	32	0.0400	n06023 n08243	n01403 n04291 n05674	226		true
n07781	30	0.0400	n02011 n06419	n01339 n05570 n07265 n08486	201		true
n07782	29	0.0400	n04711	n04884 n05681	262		true
n07783	28	0.0400	n08192 n08204	n05424 n08415 n09080	177		true
n07784	34	0.0400	n01180 n01535 n02123	n07339	380		true
n07785	26	0.0400	n01880 n02396 n04704 n06963 n07277 n07307 n07694 n08191 n08779 n08780	n01701 n02194 n02213 n09580	641		true
n07786	25	0.0400	n06418 n08193	n01124 n06145 n07494	174		true
n07787	33	0.0400	n01335 n04006 n04500 n05277 n08189	n02856 n04795 n09465	549		true
n07788	27	0.0400		n02828 n05859 n08035	175		true
n07789	27	0.0400	n02396 n04704 n07277 n08779	n05414	257		true
n07790	26	0.0400	n01347	n07864 n08398	185		true
n07791	27	0.0400	n02137 n04108 n04500 n05277 n06416 n06963 n07275 n08190 n08776 n08778	n07817	627		true
n07792	36	0.0400	n02137 n04006 n04108 n04500 n05277 n05659 n06416 n06963 n07274 n07275 n07276 n08189 n08190 n08777 n08778	n05325 n06039 n06091 n07185 n07488 n09278	222		true
n07793	25	0.0400	n04077	n04608 n07523 n09071	350		true
n07794	26	0.0400	n01505	n00482 n05104	68		true
n07795	31	0.0400	n02137 n04006 n04108 n04500 n05277 n05659 n06416 n07274 n07275 n08190 n08776	n06454	643		true
n07796	27	0.0400	n02485 n04074 n04428	n04242 n06720	68		true
n07797	29	0.0400	n04424	n02106 n02469 n02659 n03886 n05720 n06632 n07212 n08000 n09505	271		true
n07798	30	0.0400	n05810 n06963 n07277 n07694 n08191 n08779	n01618 n04201 n07132 n08757	677		true
n07799	23	0.0400	n06210	n00963 n02152 n06529 n09266	375		true
n07800	29	0.0400	n03068 n06244 n07319	n01247 n05581	359		true
n07801	24	0.0400	n08840	n01649 n07394 n08389	286		true
n07802	23	0.0400	n02137 n04006 n04108 n04500 n05277 n06416 n06963 n07275 n07276 n08189 n08190 n08776 n08777	n01840	196		true
n07803	27	0.0400	n00687 n01031 n01048	n01956 n03014 n04924 n06302	395		true
n07804	24	0.0400	n02735 n08297	n01648 n01710	179		true
n07805	23	0.0400	n04112	n03203 n04462	184		true
n07806	25	0.0400	n01347 n03680	n07050 n07930	231		true
n07807	26	0.0400	n03972 n06677	n03974	192		true
n07808	22	0.0400	n02137 n04006 n04108 n04500 n05277 n05659 n06416 n06963 n07275 n07276 n08189 n08190 n08776 n08777 n08778	n01464 n06801	218		true
n07809	22	0.0400	n01880 n07701	n02583 n04664	111		true
n07810	23	0.0400	n04116	n04030	209		true
n07811	23	0.0400	n02137 n04006 n04108 n04500 n05277 n05659 n06416 n06963 n07274 n07275 n07276 n08189 n08190 n08776 n08777 n08778	n02130 n06896	175		true
n07812	24	0.0400	n05082	n07646 n07927 n09426	689		true
n07813	22	0.0400	n06963 n08779	n06328 n09095	570		true
n07814	21	0.0400	n01615 n06684	n00282 n02464	68		true
n07815	24	0.0400	n03799	n02313 n04140 n04938	308		true
n07816	25	0.0400	n02271 n04968	n04659 n05738 n08704 n08705	321		true
n07817	25	0.0400	n07791	n02262 n03324 n09333	617		true
n07818	23	0.0400	n08856	n03185 n06497 n07118	250		true
n07819	24	0.0400	n03860 n07291	n02257	235		true
n07820	21	0.0400	n08906	n02381 n03081	278		true
n07821	23	0.0400	n07001	n00091 n09011	136		true
n07822	24	0.0400	n05399 n07274	n02500 n06485	182		true
n07823	24	0.0400	n02274 n05070	n01408 n03082 n03369 n03532 n05492 n07209	198		true
n07824	21	0.0400	n03067 n05659	n00124 n01281 n05258	154		true
n07825	20	0.0400	n02137 n04006 n04108 n04500 n05277 n05659 n06416 n06963 n07274 n07275 n07276 n08189 n08190 n08776 n08777 n08778	n04885	219		true
n07826	22	0.0400	n02137 n02644 n07274 n08189 n08777	n04811 n06396	126		true
n07827	20	0.0400	n00607	n02129	26		true
n07828	24	0.0400	n01347	n03597 n06148	130		true
n07829	21	0.0400	n05527 n08777	n07406	145		true
n07830	24	0.0400	n02137 n02644 n04006 n04108 n06416 n07274 n08190 n08776	n05758 n07974	260		true
n07831	20	0.0400	n04568 n08243	n00031 n01772	136		true
n07832	20	0.0400	n04977 n06679	n00830 n02817 n05168	133		true
n07833	23	0.0400	n08328	n03047 n04887	337		true
n07834	21	0.0400	n03262 n08320	n05471 n06371	261		true
n07835	20	0.0400	n04316 n04367	n02209 n02384 n04748	397		true
n07836	23	0.0400	n04514 n08233	n03184 n03384	400		true
n07837	23	0.0400	n02644 n04108 n06416 n07274 n07277 n08190 n08197 n08779	n01774 n07482 n09487	1147		true
n07838	20	0.0400	n05826	n06501	79		true
n07839	23	0.0400	n04426 n08779	n01516 n08577 n09316	358		true
n07840	21	0.0400	n01335 n04006 n04500 n05277 n08189	n04769 n04888	208		true
n07841	27	0.0400	n03590 n04981 n07328	n01523 n07622 n09458	490		true
n07842	21	0.0400	n06231	n09180	69		true
n07843	21	0.0400	n01883 n02397 n06963 n07695 n08189	n01620 n06343 n07504 n09253	255		true
n07844	19	0.0400	n02137 n04006 n04108 n04500 n05277 n05659 n06416 n06963 n07275 n07276 n07694 n08189 n08190 n08191 n08776 n08778	n01680 n06793	116		true
n07845	22	0.0400	n00189 n01000	n03979 n04234 n09268	326		true
n07846	23	0.0400	n01602	n01956 n06599 n08547	250		true
n07847	19	0.0400	n07348	n01148 n02336	279		true
n07848	20	0.0400	n05665 n06980 n08256	n03807 n05929	156		true
n07849	21	0.0400	n04443 n06450	n01374 n03951	1142		true
n07850	21	0.0400	n08931	n03648 n09203	133		true
n07851	21	0.0400	n08835	n04521	144		true
n07852	20	0.0400	n01347	n02999 n03421	137		true
n07853	19	0.0400	n04009 n08779	n01780	138		true
n07854	20	0.0400	n04317 n08817	n03621 n04813 n05734	182		true
n07855	24	0.0400	n02137 n04006 n04108 n04500 n05277 n06416 n07274 n08189 n08190 n08776 n08777	n05549 n09428	281		true
n07856	20	0.0400	n08940	n02787 n04483 n04623	102		true
n07857	22	0.0400	n05094	n03831 n04239 n04763	323		true
n07858	20	0.0400	n08921	n06295 n07976	95		true
n07859	19	0.0400	n08360	n00656 n01406	207		true
n07860	21	0.0400	n02137 n04006 n04108 n04500 n06416 n06963 n07275 n07694 n08190 n08778	n04680 n05972 n06355	1268		true
n07861	20	0.0400	n02396 n02644 n04108 n04704 n06416 n07274 n07277 n08779	n00909 n05246	126		true
n07862	19	0.0400	n01335 n04006 n04500 n05277 n08189	n06301 n06626	292		true
n07863	20	0.0400	n03114	n03979	363		true
n07864	20	0.0400	n07790	n02844 n04743	128		true
n07865	18	0.0400	n00687 n01031 n01048 n05817 n06663 n07694 n07715 n08191 n08779 n08780	n01420	148		true
n07866	22	0.0400	n07033	n03123 n06326 n07965	276		true
n07867	19	0.0400	n01399	n01720 n03472 n09415	126		true
n07868	20	0.0400	n04108 n04704 n06416 n07274 n07277 n08190 n08776 n08779	n06598 n07578 n09604	197		true
n07869	20	0.0400	n03541 n04717 n04878	n05130	238		true
n07870	19	0.0400	n01335 n04006 n04500 n05277 n08189	n03749 n05252 n08668	282		true
n07871	19	0.0400	n07276 n08970	n00108 n03343	209		true
n07872	22	0.0400	n04704 n07277 n08190 n08211 n08779	n03339 n03747	489		true
n07873	22	0.0400	n04006 n04500 n05277 n08189	n03331 n05328	211		true
n07874	21	0.0400	n03227	n03723 n07427	180		true
n07875	18	0.0400	n08214 n08264	n00180 n00963	191		true
n07876	23	0.0400	n02137 n05277 n05659 n06963 n08189 n08776 n08778	n06876 n07469	272		true
n07877	21	0.0400	n03011 n04012 n06997	n04361 n07922	625		true
n07878	19	0.0400	n06482	n01726 n05713 n05748	153		true
n07879	19	0.0400	n03315 n05531 n06235	n04475 n05943	80		true
n07880	21	0.0400	n05314	n04035	248		true
n07881	17	0.0400	n06734	n00293 n04058	304		true
n07882	18	0.0400	n05817 n06663 n07715 n08779	n01420 n08592	147		true
n07883	18	0.0400	n02137 n04006 n04108 n04500 n05277 n05659 n06416 n06963 n07274 n07275 n07276 n08189 n08190 n08776 n08777 n08778	n02167	135		true
n07884	22	0.0400	n04445	n01665 n02224 n02814 n04842 n08768	153		true
n07885	17	0.0400	n04006 n05865 n06416	n02083 n03371	282		true
n07886	19	0.0400	n04501	n00901 n08085	283		true
n07887	18	0.0400	n01315	n01566 n08467	122		true
n07888	19	0.0400	n01098 n02095 n03315 n05531 n06235	n01310 n03296	85		true
n07889	17	0.0400	n04977	n04132 n05138	84		true
n07890	21	0.0400	n02137 n02644 n07274 n08189 n08777	n01855 n02989 n06350 n08004	172		true
n07891	19	0.0400	n05509	n04671 n08474	247		true
n07892	18	0.0400	n02272 n04006 n05277 n07694	n02363 n02526	122		true
n07893	18	0.0400	n01347 n03680	n06333	70		true
n07894	20	0.0400		n01943 n03173 n07515	207		true
n07895	19	0.0400	n04326	n03467 n05966	154		true
n07896	17	0.0400	n01991	n05968	190		true
n07897	17	0.0400	n08193	n00782	96		true
n07898	19	0.0400	n02810 n06983	n02335 n02751 n07491	278		true
n07899	20	0.0400	n02888 n05307	n01887	256		true
n07900	18	0.0400	n05981 n07030 n07695	n03043 n07504	202		true
n07901	23	0.0400	n02296	n03425 n03674 n05579	554		true
n07902	18	0.0400	n08807	n01946 n09515	70		true
n07903	18	0.0400	n01660 n06067	n01241 n06915	483		true
n07904	18	0.0400	n05313	n01574 n02495 n06189	166		true
n07905	17	0.0400	n05542	n00224 n01970 n02966	134		true
n07906	17	0.0400	n01602 n05086	n00342 n00948	183		true
n07907	16	0.0400	n02069	n01198	179		true
n07908	17	0.0400	n03012 n03974 n06970 n08817	n00860	133		true
n07909	16	0.0400	n02465 n04809	n03516 n07591	126		true
n07910	17	0.0400	n03272 n08776	n00576 n01367	156		true
n07911	18	0.0400	n00189 n01000	n01026 n09268	294		true
n07912	16	0.0400	n07300 n08197	n05027	195		true
n07913	18	0.0400	n04876	n03421	125		true
n07914	17	0.0400	n05206	n03658 n05496	52		true
n07915	20	0.0400	n02137 n02644 n07274 n08189 n08777	n00756 n04044 n09437	136		true
n07916	19	0.0400	n06418 n07735	n05369 n06145 n06918	245		true
n07917	16	0.0400	n01347 n03680	n00197	237		true
n07918	17	0.0400	n06963 n07313 n08776 n08777	n00850 n01189 n02671	292		true
n07919	16	0.0400	n05197 n06985 n07721	n00545	424		true
n07920	18	0.0400	n05554	n07539 n09226	173		true
n07921	16	0.0400	n04108 n04500 n05277 n06416	n05245	883		true
n07922	17	0.0400	n05677 n07877	n02621 n05744	610		true
n07923	16	0.0400	n06462	n03660 n04194	84		true
n07924	17	0.0400	n09076	n04740	140		true
n07925	21	0.0400	n05277 n06967 n07275 n08190 n08778	n02440 n03027 n08111 n09193	198		true
n07926	16	0.0400	n06776	n01594 n06170	348		true
n07927	15	0.0400	n07812 n08858	n01652 n08165	677		true
n07928	17	0.0400	n02028 n03961	n01320 n07598	183		true
n07929	16	0.0400	n01937 n08300	n02816	87		true
n07930	16	0.0400	n04707 n07806	n01198 n03171	185		true
n07931	16	0.0400	n01347	n06864	321		true
n07932	17	0.0400	n03680 n05843	n01764 n03240	62		true
n07933	16	0.0400	n01858 n05278	n02750 n05968	198		true
n07934	16	0.0400	n08958	n01460	157		true
n07935	16	0.0400	n03262 n03732	n02771	226		true
n07936	15	0.0400	n01335 n04006 n04500 n05277 n08189	n01763	119		true
n07937	17	0.0400	n06419 n07319	n04920	312		true
n07938	18	0.0400	n01881	n02710 n04920	343		true
n07939	15	0.0400	n05436	n05263	129		true
n07940	16	0.0400	n08919	n04542 n08619	226		true
n07941	17	0.0400	n02644 n08190 n08776	n01024 n02344 n08621	92		true
n07942	15	0.0400	n04258	n03081	181		true
n07943	16	0.0400	n02644 n08898	n06379 n06566	140		true
n07944	16	0.0400	n06748 n07409	n01460 n05361	145		true
n07945	15	0.0400	n01335 n04006 n04500 n05277 n08189	n03820	111		true
n07946	16	0.0400	n09275	n07601 n07626	163		true
n07947	15	0.0400	n01335 n04006 n04500 n05277 n08189	n02478 n04497	291		true
n07948	16	0.0400	n03011 n04012 n08779	n00555 n05784	336		true
n07949	15	0.0400	n04006 n04500 n05277 n08189	n09386	280		true
n07950	15	0.0400	n06264	n02498 n05504	482		true
n07951	16	0.0400	n02294	n03950 n05050 n06122	37		true
n07952	15	0.0400	n06977 n07069 n07280 n08333	n04194	67		true
n07953	15	0.0400	n01335 n05277 n08779	n01868 n09476	390		true
n07954	18	0.0400	n08986	n01810 n09250	353		true
n07955	18	0.0400	n04726	n01582 n07583 n09484	123		true
n07956	20	0.0400	n01335 n04006 n04500 n05277 n08189	n03653	268		true
n07957	16	0.0400	n08961	n02754 n05926	135		true
n07958	17	0.0400	n03270 n06963	n06290	134		true
n07959	14	0.0400	n01373	n04298	387		true
n07960	16	0.0400	n06417 n06963 n07276 n08192 n08776 n08777 n09016	n02518	161		true
n07961	14	0.0400	n02396 n08190 n08191 n08779 n08847	n00045	215		true
n07962	17	0.0400	n02137 n04006 n04108 n04500 n05277 n05659 n06416 n06963 n07274 n07275 n07276 n08189 n08190 n08776 n08777 n08778	n02216 n04141 n04551 n06867	290		true
n07963	14	0.0400	n03269 n03967 n08854	n00905	343		true
n07964	17	0.0400	n08190 n08448 n08779	n02282 n02391 n04699	111		true
n07965	17	0.0400	n07866 n08787	n03982 n07230	241		true
n07966	15	0.0400	n02891	n00038	209		true
n07967	14	0.0400	n02774 n03684 n05391	n01980	213		true
n07968	16	0.0400	n01857 n05391 n08191 n08779	n02320	83		true
n07969	16	0.0400	n04997 n07041	n01209 n06146	82		true
n07970	14	0.0400	n02609 n06419	n00395	109		true
n07971	14	0.0400	n06039 n08382	n02446	118		true
n07972	15	0.0400	n04114	n00127 n00554	123		true
n07973	15	0.0400	n02096	n02876	187		true
n07974	19	0.0400	n04993 n06745 n07778 n07830	n02305 n03283 n04061 n05790	190		true
n07975	18	0.0400	n09070	n04622 n05647 n08114	807		true
n07976	14	0.0400	n07858	n04419	67		true
n07977	14	0.0400	n04432	n01434	271		true
n07978	16	0.0400	n02137 n04108 n04500 n06416 n06963 n07275 n08778	n01242 n02158	215		true
n07979	14	0.0400	n02137 n04006 n04108 n04500 n05277 n05659 n06416 n06963 n07274 n07275 n07276 n08189 n08190 n08776 n08777 n08778	n00758 n01565	372		true
n07980	15	0.0400	n03981	n03945 n04001	449		true
n07981	14	0.0400	n02396 n04007 n04704 n06663 n06963 n07694 n08191 n08779	n01544	224		true
n07982	16	0.0400	n02137 n07274 n08189 n08777	n01596 n01871 n05953	613		true
n07983	14	0.0400	n08939	n01946	49		true
n07984	14	0.0400	n05123	n04625	169		true
n07985	14	0.0400	n05886	n00459	151		true
n07986	19	0.0400	n03454 n05105	n05252 n05572	187		true
n07987	16	0.0400	n04436 n08309	n02010 n02428	159		true
n07988	14	0.0400	n09242	n04847	528		true
n07989	20	0.0400	n03498	n04626 n07229 n07252 n07443	391		true
n07990	13	0.0400	n02644 n06663	n01850 n02598	221		true
n07991	13	0.0400	n06806		91		true
n07992	13	0.0400	n02137 n04006 n04108 n04500 n05659 n06416 n06963 n07275 n08190 n08778	n00273	194		true
n07993	13	0.0400	n08364	n01563 n03673	113		true
n07994	13	0.0400	n01347 n03680	n01929	58		true
n07995	13	0.0400	n05277 n06493 n09061	n00392	135		true
n07996	13	0.0400	n05277 n06096	n01608 n02592	115		true
n07997	13	0.0400	n05073 n08786	n00551	57		true
n07998	15	0.0400	n03411 n04108 n07694 n08776 n08778	n03661	630		true
n07999	14	0.0400	n04317 n06970 n08817	n01106	176		true
n08000	14	0.0400	n07797	n00469 n03715	108		true
n08001	14	0.0400	n01347	n00984 n08653	130		true
n08002	14	0.0400	n01955 n03112	n00936 n03953	69		true
n08003	15	0.0400	n01335 n04500 n05277	n02308 n03782	123		true
n08004	14	0.0400	n07890	n00842 n05497	131		true
n08005	15	0.0400	n05701	n01735 n02994	233		true
n08006	14	0.0400	n05227 n08321	n00174 n05180	283		true
n08007	14	0.0400	n00944 n02105	n01159 n01346	453		true
n08008	13	0.0400	n06501	n04562	64		true
n08009	15	0.0400	n03968 n04585 n06284	n06588	300		true
n08010	15	0.0400	n02137 n04006 n04108 n04500 n05277 n05659 n06416 n06963 n07274 n07275 n07276 n08189 n08190 n08776 n08778	n02177 n08754	273		true
n08011	13	0.0400	n07440	n01280 n05798	133		true
n08012	14	0.0400	n01335 n04006 n04500 n05277 n08189	n05385	360		true
n08013	14	0.0400	n07060	n02195 n03724	39		true
n08014	12	0.0400	n03804 n05001	n00060	100		true
n08015	17	0.0400	n06737 n09051	n02625 n03465 n04101	101		true
n08016	13	0.0400	n06520 n06688 n09051	n01455 n02852	97		true
n08017	14	0.0400	n04666	n00603 n00713	300		true
n08018	12	0.0400	n04108 n06963 n08191	n00224	140		true
n08019	14	0.0400	n04264	n00841	494		true
n08020	12	0.0400	n06966 n07073	n01699	220		true
n08021	14	0.0400	n05114	n02525 n06893	109		true
n08022	13	0.0400	n07461	n01093 n02759	245		true
n08023	13	0.0400	n06028	n08108	84		true
n08024	13	0.0400	n08820	n04934	133		true
n08025	14	0.0400	n07051	n01771 n03894	126		true
n08026	13	0.0400	n02137 n04006 n04108 n04500 n05277 n05659 n06416 n06963 n07274 n07275 n07276 n08189 n08190 n08776 n08777 n08778	n03092	93		true
n08027	13	0.0400	n02137 n02644 n07274 n08777	n02307 n03338	113		true
n08028	12	0.0400	n04229 n05358 n05905	n01113 n02390	129		true
n08029	12	0.0400	n06710 n08814	n00887	262		true
n08030	12	0.0400	n03647		120		true
n08031	12	0.0400	n06289	n00078 n00622	188		true
n08032	12	0.0400	n02137 n02644 n07274 n08777	n00126	112		true
n08033	13	0.0400	n00961	n01054	212		true
n08034	12	0.0400	n07420	n00973 n02714	101		true
n08035	12	0.0400	n07788	n00462	48		true
n08036	13	0.0400	n01098 n02095 n03315 n04871 n05531 n06235	n06178	63		true
n08037	15	0.0400	n03646 n04998 n06254 n09223	n03670 n04200 n04299	158		true
n08038	12	0.0400	n01347 n03680	n00357	69		true
n08039	12	0.0400	n03042 n08190	n00833 n01850	174		true
n08040	13	0.0400	n02644 n04108 n06663 n07694 n08190 n08779	n04106	194		true
n08041	12	0.0400	n07336	n00620	143		true
n08042	13	0.0400	n02137 n02644 n07274 n08777	n04307	125		true
n08043	12	0.0400	n07459	n02160	89		true
n08044	14	0.0400	n04160 n08874	n02172 n04700	92		true
n08045	13	0.0400	n05330	n01947	191		true
n08046	13	0.0400	n04815	n02473	107		true
n08047	12	0.0400	n06681	n00353	194		true
n08048	15	0.0400	n03262 n03732 n04794	n06942	276		true
n08049	13	0.0400	n03653 n04342	n01640	122		true
n08050	13	0.0400	n05689	n01966	394		true
n08051	12	0.0400	n05400	n00148	379		true
n08052	12	0.0400	n03534 n06416 n06663 n07274 n07275 n07279 n07694 n08190 n08776 n08778 n08779	n03088	236		true
n08053	12	0.0400	n00926 n07465	n01277 n03580	306		true
n08054	13	0.0400	n09115	n02716	130		true
n08055	14	0.0400	n02137 n04006 n04108 n04500 n05277 n06416 n06963 n07275 n08189 n08776 n08778	n00472 n01142	478		true
n08056	14	0.0400	n05221	n03057 n06415	187		true
n08057	14	0.0400	n01880 n02396 n04704 n06663 n06963 n07694 n08191	n01516 n02565	361		true
n08058	12	0.0400	n05899	n00325	1000		true
n08059	13	0.0400	n02396 n04007 n04704 n06663 n06963 n07277 n07694 n08191 n08779	n02832 n03779	210		true
n08060	12	0.0400	n04205 n06842	n02352	218		true
n08061	12	0.0400	n04027 n08909	n00439 n01458	57		true
n08062	13	0.0400	n04270 n05391	n03480	128		true
n08063	11	0.0400	n01335 n05277		233		true
n08064	12	0.0400	n08779 n08869	n01046 n02828	116		true
n08065	13	0.0400	n05876	n00294 n02005	118		true
n08066	12	0.0400	n05463 n09090	n02343	166		true
n08067	11	0.0400	n01507	n03570	164		true
n08068	11	0.0400	n06327	n00887	257		true
n08069	12	0.0400	n07696 n08195	n00797 n02421	114		true
n08070	13	0.0400	n07112	n02499	116		true
n08071	11	0.0400	n06560 n09190	n02533	107		true
n08072	13	0.0400	n08430	n01268 n02201 n02734	185		true
n08073	11	0.0400	n02137 n04006 n04108 n04500 n05277 n05659 n06416 n06963 n07274 n07275 n07276 n08189 n08190 n08776 n08777 n08778	n00758 n00912	400		true
n08074	13	0.0400	n03506 n04164	n00741 n02290	251		true
n08075	11	0.0400	n07401	n01571	198		true
n08076	11	0.0400	n02137 n02644 n04006 n04108 n06416 n07274 n08189 n08190 n08776 n08777	n03139	196		true
n08077	14	0.0400	n04961 n07698	n05940	117		true
n08078	11	0.0400	n07387	n00203	137		true
n08079	11	0.0400	n01076	n00680	269		true
n08080	11	0.0400	n09078	n00680 n00915	256		true
n08081	12	0.0400	n01347 n03680	n00498	37		true
n08082	12	0.0400	n01347	n02562	597		true
n08083	11	0.0400	n02396 n06663 n07694 n08191 n08779	n00477 n00615	168		true
n08084	14	0.0400	n05421 n06516	n03398 n05381	161		true
n08085	11	0.0400	n07886	n00122	256		true
n08086	11	0.0400	n03697	n01670 n02917	88		true
n08087	11	0.0400	n06055 n07120 n07289	n00156	68		true
n08088	11	0.0400	n01335 n04006 n04500 n05277 n08189	n01502	213		true
n08089	14	0.0400	n03456 n05544	n06562	215		true
n08090	12	0.0400	n04108	n00869 n02473	101		true
n08091	14	0.0400	n09162	n05626	279		true
n08092	12	0.0400	n07354 n07410	n00204	85		true
n08093	11	0.0400	n02137 n04006 n04108 n04500 n05277 n05659 n06416 n06963 n07275 n07276 n08190 n08776	n03576	400		true
n08094	11	0.0400		n02960	109		true
n08095	13	0.0400	n09231 n09309	n02219 n03665	371		true
n08096	11	0.0400	n04067 n04108 n06963 n08189	n00854	141		true
n08097	12	0.0400	n01335 n04006 n04500 n05277 n08189	n01028	145		true
n08098	11	0.0400	n04006 n04681 n05659 n06963	n01826	165		true
n08099	11	0.0400	n02396 n04006 n04500 n05277 n08189		143		true
n08100	11	0.0400	n05277 n07715	n01409	213		true
n08101	11	0.0400	n01194	n02055	47		true
n08102	11	0.0400	n06819 n08189	n01224	70		true
n08103	10	0.0400	n07576	n01612	47		true
n08104	11	0.0400	n02137 n04006 n04108 n04500 n05659 n06416 n06963 n07275 n08190 n08776 n08778	n00209	471		true
n08105	10	0.0400	n01813 n08805	n01598	142		true
n08106	11	0.0400	n06558	n02246 n02639	94		true
n08107	10	0.0400	n01347 n03680	n00357	59		true
n08108	10	0.0400	n03036 n03228 n08023	n00825	68		true
n08109	11	0.0400	n04108 n08779	n01046 n02828	38		true
n08110	10	0.0400	n02512 n07728	n01112 n02347	100		true
n08111	11	0.0400	n02137 n04262 n05659 n06416 n06963 n07925	n02005	114		true
n08112	10	0.0400	n03265	n01951	89		true
n08113	10	0.0400	n02396 n04108 n04704 n06663 n06963 n07694 n08190 n08191 n08779	n00361	144		true
n08114	10	0.0400	n06416 n07975 n08776		706		true
n08115	10	0.0400	n07550 n08422	n02390	132		true
n08116	10	0.0400	n04351 n07477 n07507	n01986	151		true
n08117	10	0.0400	n04814	n00891	147		true
n08118	10	0.0400	n08776 n09199	n00401	127		true
n08119	10	0.0400	n05860	n00461	200		true
n08120	11	0.0400	n01347	n00640	57		true
n08121	10	0.0400	n04955 n06994	n00995	21		true
n08122	10	0.0400	n01442	n01334	257		true
n08123	10	0.0400	n07555	n02373	71		true
n08124	10	0.0400	n02137 n04500 n05659 n06963 n08221 n08776 n08778	n01486	128		true
n08125	10	0.0400	n02396 n04006 n04500 n05277 n08189	n00557	73		true
n08126	11	0.0400	n04108 n04500	n02037	185		true
n08127	11	0.0400	n01335 n04006 n04500 n05277 n08189	n01502	231		true
n08128	11	0.0400	n00187 n09297	n00051	292		true
n08129	11	0.0400	n02183 n08920	n01268 n02226	244		true
n08130	10	0.0400	n01908	n01753	74		true
n08131	10	0.0400	n09178	n00555	150		true
n08132	11	0.0400	n01335 n04006 n04500 n05277	n01457	303		true
n08133	10	0.0400	n03176		87		true
n08134	11	0.0400	n02586 n06224 n08824	n00174	219		true
n08135	10	0.0400	n04534	n00857	304		true
n08136	11	0.0400	n02137 n04006 n04108 n04500 n06416 n06963 n07275 n08190 n08776 n08778	n00428 n02395	137		true
n08137	11	0.0400	n09136	n00556	231		true
n08138	11	0.0400	n01335 n04006 n04500 n05277 n08189	n01487	113		true
n08139	10	0.0400	n02137 n02644 n07274 n08189 n08777	n02636 n02763	137		true
n08140	10	0.0400	n07169 n07501	n00241	285		true
n08141	10	0.0400	n06663 n07694 n08191 n08779		306		true
n08142	10	0.0400	n02644 n04108 n04704 n06416 n07274 n08190 n08776 n08779		141		true
n08143	13	0.0400	n06857 n07104	n01200	251		true
n08144	10	0.0400	n04006 n04500 n05277 n08189	n03063	122		true
n08145	10	0.0400	n02396 n04006 n04500 n05277 n08189	n01028	101		true
n08146	12	0.0400	n01649 n08173	n00966 n02965	176		true
n08147	10	0.0400	n01335 n04006 n04500 n05277 n08189	n00958	182		true
n08148	11	0.0400	n04006 n04500 n05277 n08189	n01212	108		true
n08149	10	0.0400	n02137 n04006 n04108 n04500 n05277 n05659 n06416 n06963 n07274 n07276 n08189 n08190 n08776 n08777 n08778		138		true
n08150	12	0.0396	n01862	n03217	108		true
n08151	12	0.0376	n05433 n08777	n00205	100		true
n08152	10	0.0373	n02708 n09482	n02039	53		true
n08153	10	0.0372	n03118 n06963 n08776 n08777	n00968	76		true
n08154	11	0.0368	n05596	n02505	253		true
n08155	10	0.0365	n02320 n09218	n03725	50		true
n08156	11	0.0357	n03269 n04329	n01586	315		true
n08157	10	0.0357	n05576 n08540 n09052	n01950	44		true
n08158	11	0.0355	n08220 n08646	n01383 n03389	108		true
n08159	10	0.0355	n02014 n06889	n00419	256		true
n08160	10	0.0355	n04096 n05248		315		true
n08161	11	0.0355	n02137 n02644 n07274 n08189 n08777	n00827	85		true
n08162	16	0.0354	n04029 n06273 n06487	n01186 n02918	200		true
n08163	15	0.0354	n01508	n00851 n02724	30		true
n08164	14	0.0354	n08781	n02734 n05184	197		true
n08165	10	0.0354	n06257 n06456 n07927	n02601	220		true
n08166	21	0.0352	n05085	n04901 n05626	240		true
n08167	13	0.0352	n08989	n09512	55		true
n08168	14	0.0352	n06787 n09010	n02624	170		true
n08169	12	0.0352	n01559 n06253	n02537 n03567	53		true
n08170	13	0.0352	n08419	n00668	195		true
n08171	12	0.0352	n06279	n00756 n01039	95		true
n08172	13	0.0352	n08218	n01159	445		true
n08173	17	0.0352	n03547 n04327 n06259	n03198 n05265 n08146	207		true
n08174	11	0.0352	n03593 n04905	n00147	120		true
n08175	12	0.0352	n07150	n00872	91		true
n08176	11	0.0352	n02137 n04006 n04108 n04500 n07274 n08189 n08777	n01039	81		true
n08177	13	0.0352	n03732	n01200	229		true
n08178	11	0.0352	n01335 n04500 n05277	n02308	108		true
n08179	10	0.0352	n07544	n00969	184		true
n08180	10	0.0352	n01075 n04572	n00886	75		true
n08181	10	0.0352	n07274 n07291 n08242	n00789	62		true
n08182	13	0.0352	n06134 n08892	n01981	80		true
n08183	10	0.0352	n07201 n08479	n01027	77		true
n08184	10	0.0352	n02783 n03417 n03508 n06479		189		true
n08185	11	0.0352	n02705 n06841 n07055	n02720	294		true
n08186	11	0.0352	n05007 n07103 n08190 n08778	n00854	498		true
n08187	10	0.0352	n02748		164		true
n08188	11	0.0352	n02215	n01876	80		true
n08189	2800	0.0350		n00002 n00525 n00571 n00662 n00664 n00884 n00895 n00916 n01078 n01227 n01972 n02298 n02371 n02882 n02886 n03012 n03017 n03270 n03283 n03340 n03395 n03488 n03519 n03537 n03729 n03733 n03744 n03824 n03850 n03864 n03916 n03927 n03954 n03967 n04034 n04099 n04119 n04134 n04139 n04144 n04205 n04235 n04323 n04366 n04369 n04370 n04381 n04396 n04412 n04415 n04431 n04473 n04586 n04635 n04642 n04648 n04669 n04670 n04721 n04759 n04772 n04814 n04855 n04861 n04868 n04874 n04896 n04916 n04917 n04922 n04947 n04961 n04962 n04979 n04990 n05006 n05011 n05034 n05048 n05049 n05065 n05085 n05135 n05157 n05216 n05223 n05239 n05257 n05264 n05282 n05301 n05307 n05314 n05317 n05344 n05351 n05367 n05372 n05374 n05433 n05438 n05442 n05446 n05474 n05507 n05509 n05519 n05548 n05568 n05573 n05597 n05615 n05641 n05645 n05661 n05668 n05696 n05698 n05746 n05750 n05758 n05763 n05777 n05783 n05790 n05804 n05809 n05814 n05830 n05834 n05837 n05844 n05852 n05858 n05868 n05885 n05898 n05919 n05954 n05964 n05969 n05973 n05981 n05984 n05988 n05989 n06001 n06024 n06025 n06047 n06090 n06109 n06136 n06137 n06149 n06186 n06195 n06200 n06214 n06262 n06275 n06296 n06298 n06315 n06331 n06335 n06359 n06370 n06381 n06382 n06388 n06397 n06408 n06413 n06417 n06420 n06445 n06461 n06469 n06480 n06482 n06484 n06506 n06515 n06516 n06518 n06520 n06537 n06553 n06565 n06568 n06585 n06592 n06596 n06606 n06621 n06648 n06668 n06669 n06674 n06726 n06736 n06752 n06756 n06790 n06803 n06808 n06816 n06825 n06826 n06830 n06834 n06848 n06851 n06856 n06878 n06881 n06890 n06895 n06906 n06907 n06908 n06919 n06921 n06922 n06943 n06968 n06987 n06988 n07009 n07018 n07023 n07028 n07031 n07036 n07047 n07048 n07049 n07059 n07078 n07103 n07104 n07112 n07113 n07127 n07138 n07148 n07158 n07163 n07177 n07187 n07189 n07195 n07218 n07222 n07226 n07227 n07231 n07232 n07247 n07287 n07293 n07294 n07298 n07301 n07313 n07321 n07327 n07330 n07337 n07348 n07364 n07367 n07377 n07383 n07398 n07415 n07416 n07428 n07432 n07440 n07450 n07453 n07477 n07480 n07486 n07496 n07500 n07501 n07507 n07517 n07524 n07528 n07536 n07538 n07560 n07563 n07564 n07571 n07577 n07595 n07601 n07607 n07620 n07629 n07633 n07634 n07637 n07640 n07651 n07653 n07659 n07662 n07664 n07666 n07681 n07704 n07706 n07709 n07717 n07721 n07729 n07739 n07745 n07752 n07755 n07756 n07757 n07760 n07762 n07776 n07779 n07787 n07792 n07802 n07808 n07811 n07825 n07826 n07840 n07843 n07844 n07855 n07862 n07870 n07873 n07876 n07883 n07890 n07915 n07936 n07945 n07947 n07949 n07956 n07962 n07979 n07982 n08010 n08012 n08026 n08055 n08073 n08076 n08088 n08096 n08097 n08099 n08102 n08125 n08127 n08138 n08139 n08144 n08145 n08147 n08148 n08149 n08161 n08176 n08201 n08205 n08209 n08218 n08230 n08234 n08259 n08264 n08269 n08275 n08277 n08284 n08295 n08296 n08303 n08306 n08308 n08312 n08328 n08335 n08350 n08365 n08374 n08377 n08382 n08388 n08390 n08392 n08393 n08397 n08412 n08413 n08419 n08438 n08442 n08455 n08456 n08459 n08466 n08471 n08473 n08475 n08485 n08488 n08491 n08493 n08494 n08533 n08535 n08548 n08550 n08556 n08561 n08568 n08573 n08589 n08597 n08629 n08634 n08636 n08643 n08647 n08654 n08656 n08657 n08664 n08665 n08666 n08669 n08671 n08673 n08687 n08690 n08698 n08708 n08714 n08717 n08723 n08756 n08770 n08789 n08795 n08799 n08808 n08809 n08812 n08820 n08825 n08834 n08839 n08841 n08850 n08854 n08868 n08872 n08880 n08885 n08888 n08908 n08909 n08933 n08934 n08935 n08936 n08938 n08942 n08953 n08955 n08969 n08974 n08975 n08978 n08984 n08985 n08994 n09003 n09007 n09008 n09010 n09015 n09018 n09028 n09044 n09045 n09054 n09075 n09079 n09100 n09113 n09116 n09131 n09144 n09153 n09161 n09163 n09165 n09175 n09179 n09184 n09197 n09198 n09199 n09202 n09207 n09214 n09222 n09232 n09233 n09235 n09237 n09239 n09242 n09248 n09282 n09287 n09300 n09308 n09312 n09319 n09320 n09340 n09354 n09361 n09364 n09370 n09374 n09375 n09383 n09384 n09385 n09399 n09401 n09412 n09414 n09429 n09436 n09447 n09449 n09450 n09460 n09462 n09468 n09469 n09470 n09474 n09475 n09478 n09479 n09492 n09493 n09502 n09508 n09509 n09519 n09524 n09527 n09533 n09539 n09540 n09543 n09545 n09548 n09549 n09557 n09568 n09571 n09584 n09594 n09595 n09607 n09613 n09616	10253		true
n08190	2460	0.0350		n00662 n00699 n00853 n01155 n01782 n01883 n01915 n01954 n01972 n02141 n02174 n02287 n02371 n02434 n02588 n02725 n02770 n02976 n02991 n03007 n03013 n03067 n03129 n03150 n03175 n03213 n03244 n03302 n03340 n03364 n03405 n03445 n03481 n03545 n03644 n03681 n03729 n03786 n03787 n03824 n03877 n03927 n03949 n03955 n04015 n04047 n04065 n04116 n04136 n04139 n04144 n04156 n04157 n04220 n04262 n04366 n04415 n04431 n04433 n04461 n04463 n04509 n04563 n04635 n04669 n04718 n04744 n04751 n04759 n04763 n04785 n04839 n04850 n04855 n04874 n04893 n04896 n04898 n04922 n04936 n04987 n04990 n04992 n04993 n05006 n05034 n05054 n05065 n05078 n05085 n05108 n05126 n05128 n05140 n05163 n05223 n05239 n05246 n05255 n05257 n05301 n05317 n05321 n05367 n05425 n05446 n05474 n05481 n05507 n05509 n05519 n05613 n05642 n05645 n05649 n05660 n05663 n05671 n05696 n05698 n05702 n05718 n05730 n05746 n05750 n05768 n05805 n05814 n05830 n05837 n05844 n05852 n05919 n05927 n05954 n05959 n05973 n05984 n05989 n06022 n06024 n06025 n06047 n06066 n06071 n06125 n06137 n06142 n06155 n06176 n06198 n06262 n06298 n06313 n06315 n06331 n06382 n06408 n06433 n06445 n06449 n06461 n06463 n06467 n06482 n06507 n06522 n06531 n06537 n06553 n06585 n06589 n06597 n06648 n06651 n06668 n06669 n06736 n06745 n06772 n06774 n06781 n06794 n06803 n06816 n06825 n06850 n06877 n06878 n06890 n06895 n06906 n06911 n06919 n06922 n06924 n06927 n06933 n06968 n06972 n06986 n06987 n06988 n06996 n07009 n07031 n07036 n07054 n07068 n07078 n07112 n07138 n07148 n07155 n07158 n07163 n07169 n07176 n07193 n07203 n07222 n07223 n07227 n07240 n07289 n07293 n07297 n07298 n07300 n07313 n07326 n07327 n07337 n07348 n07383 n07385 n07398 n07412 n07413 n07415 n07416 n07421 n07428 n07432 n07450 n07453 n07477 n07486 n07501 n07506 n07507 n07512 n07517 n07528 n07537 n07549 n07560 n07577 n07581 n07594 n07607 n07615 n07626 n07629 n07633 n07635 n07653 n07664 n07666 n07668 n07686 n07704 n07706 n07709 n07711 n07720 n07739 n07743 n07750 n07760 n07762 n07768 n07770 n07772 n07773 n07774 n07779 n07791 n07792 n07795 n07802 n07808 n07811 n07825 n07830 n07837 n07844 n07855 n07860 n07868 n07872 n07883 n07925 n07941 n07961 n07962 n07964 n07979 n07992 n08010 n08026 n08039 n08040 n08052 n08073 n08076 n08093 n08104 n08113 n08136 n08142 n08149 n08186 n08198 n08205 n08217 n08218 n08221 n08230 n08234 n08259 n08264 n08269 n08278 n08285 n08310 n08326 n08335 n08350 n08364 n08365 n08382 n08392 n08393 n08396 n08397 n08411 n08412 n08419 n08438 n08456 n08459 n08466 n08471 n08472 n08475 n08493 n08494 n08502 n08517 n08527 n08530 n08534 n08535 n08550 n08561 n08570 n08589 n08597 n08598 n08600 n08605 n08608 n08614 n08619 n08629 n08636 n08641 n08647 n08656 n08657 n08671 n08673 n08686 n08688 n08689 n08690 n08695 n08708 n08713 n08725 n08730 n08741 n08748 n08756 n08765 n08770 n08794 n08799 n08803 n08809 n08812 n08817 n08820 n08834 n08839 n08842 n08843 n08849 n08863 n08866 n08872 n08875 n08888 n08890 n08917 n08934 n08935 n08938 n08946 n08953 n08978 n08981 n08984 n08995 n08996 n08997 n09003 n09004 n09007 n09008 n09016 n09031 n09036 n09045 n09054 n09062 n09070 n09076 n09082 n09100 n09117 n09130 n09131 n09134 n09135 n09151 n09153 n09155 n09163 n09165 n09167 n09175 n09197 n09212 n09214 n09225 n09237 n09242 n09248 n09251 n09259 n09287 n09292 n09300 n09306 n09310 n09312 n09327 n09347 n09354 n09355 n09363 n09370 n09374 n09384 n09385 n09396 n09401 n09402 n09408 n09412 n09413 n09414 n09416 n09436 n09442 n09449 n09450 n09457 n09459 n09468 n09469 n09470 n09473 n09479 n09492 n09493 n09496 n09498 n09502 n09503 n09508 n09509 n09523 n09527 n09531 n09537 n09543 n09548 n09552 n09555 n09557 n09568 n09572 n09595 n09602 n09613 n09616	10876		true
n08191	1341	0.0350		n01602 n01757 n01782 n01990 n01991 n02015 n02064 n02366 n02395 n02645 n02668 n02722 n02770 n02976 n03010 n03105 n03114 n03302 n03545 n03599 n03681 n03730 n03782 n03813 n03914 n03951 n04066 n04167 n04176 n04203 n04239 n04258 n04322 n04337 n04375 n04554 n04691 n04782 n04855 n04866 n04925 n04956 n04974 n04980 n04984 n05056 n05108 n05151 n05189 n05204 n05224 n05284 n05300 n05302 n05315 n05329 n05382 n05393 n05465 n05511 n05513 n05547 n05594 n05710 n05895 n05909 n05913 n05919 n05924 n05957 n05972 n05993 n06032 n06215 n06263 n06418 n06421 n06463 n06464 n06491 n06504 n06509 n06581 n06603 n06670 n06771 n06792 n06855 n06861 n06911 n06931 n06944 n06973 n06986 n06991 n07012 n07014 n07033 n07061 n07245 n07278 n07308 n07310 n07324 n07368 n07402 n07407 n07419 n07445 n07495 n07549 n07569 n07579 n07654 n07655 n07660 n07701 n07711 n07723 n07767 n07785 n07798 n07844 n07865 n07961 n07968 n07981 n08018 n08057 n08059 n08083 n08113 n08141 n08193 n08210 n08257 n08261 n08291 n08309 n08314 n08348 n08373 n08407 n08410 n08447 n08581 n08601 n08605 n08614 n08627 n08632 n08712 n08713 n08720 n08775 n08782 n08790 n08913 n08930 n08979 n08981 n08996 n09001 n09014 n09036 n09069 n09130 n09155 n09191 n09200 n09221 n09245 n09272 n09292 n09295 n09329 n09338 n09377 n09380 n09442 n09451 n09461 n09488 n09530 n09537 n09565 n09597 n09602	8367		true
n08192	150	0.0350	n02137 n04006 n04108 n04500 n05277 n05659 n06416 n07274	n03495 n04162 n04995 n05313 n05367 n05467 n05545 n05852 n05997 n06047 n06669 n06981 n07010 n07020 n07083 n07426 n07774 n07783 n07960 n08334 n08535 n08960 n09060 n09265	1229		true
n08193	130	0.0350	n01857 n05391 n08191 n08779	n01645 n06112 n06154 n06703 n06783 n06913 n07139 n07697 n07735 n07786 n07897 n08941 n09603	923		true
n08194	114	0.0350	n04704 n07277 n08779	n01391 n02915 n03403 n04066 n04270 n04810 n05349 n06215 n06263 n06265 n06678 n07012 n07014 n08627	967		true
n08195	107	0.0350	n01347	n02801 n04969 n05026 n05450 n06056 n06448 n07065 n07166 n07351 n07476 n08069 n08266 n08283	1343		true
n08196	91	0.0350	n07276	n02436 n06970 n08817 n08863 n08881	730		true
n08197	105	0.0350	n02396 n04704	n01978 n02613 n05017 n05617 n06772 n07733 n07743 n07770 n07837 n07912 n08213 n09014	2020		true
n08198	91	0.0350	n02137 n04006 n04108 n04500 n05659 n06416 n06963 n07274 n07275 n07276 n08190 n08776 n08778	n02181 n03910 n05040 n07301 n09361	575		true
n08199	72	0.0350	n01347 n03680	n02460 n04972 n06268 n06438 n06728 n09423	561		true
n08200	63	0.0350	n05064	n03056 n04714 n05104 n07316	190		true
n08201	65	0.0350	n02137 n04006 n04108 n04500 n05277 n07274 n08189 n08777	n02694 n03253 n06507	279		true
n08202	70	0.0350	n01347	n00760 n01528 n02460 n05740 n09017	333		true
n08203	59	0.0350	n01347	n02581 n02892 n03691 n06989	360		true
n08204	65	0.0350	n05065 n06417	n00438 n03495 n04162 n05313 n05467 n05545 n05567 n07010 n07083 n07783 n08334 n08418 n08960 n09060 n09265	648		true
n08205	57	0.0350	n02397 n06963 n08189 n08190	n00878 n03598 n03791	250		true
n08206	61	0.0350	n01858 n01880	n00187 n00543 n08570 n09297	890		true
n08207	61	0.0350	n02396 n04704 n06963 n07277 n08779	n00479 n00818 n02121 n06722 n09108	501		true
n08208	69	0.0350	n07709	n06694 n07712	615		true
n08209	58	0.0350	n02137 n02644 n04108 n07274 n08189 n08777	n06237 n06673 n08552	238		true
n08210	62	0.0350	n01880 n02396 n04704 n05392 n06663 n07694 n08191 n08779 n08780	n04963 n05862	688		true
n08211	62	0.0350	n04108 n06416 n07274 n08776	n02815 n06866 n07326 n07872 n08849 n09196	914		true
n08212	56	0.0350	n01040	n04032 n05826 n07288	143		true
n08213	56	0.0350	n07277 n07694 n08197 n08779	n05930 n06085 n07720 n08353 n08890	1607		true
n08214	55	0.0350	n05507	n04903 n05305 n05416 n06210 n07875	560		true
n08215	52	0.0350	n01347	n06141 n06203	358		true
n08216	57	0.0350	n01347 n03680	n06679 n08282	694		true
n08217	51	0.0350	n04006 n04108 n04500 n05277 n05659 n06416 n06963 n07274 n07275 n07276 n08190 n08776	n01910 n02677 n03537	444		true
n08218	58	0.0350	n02137 n04006 n04108 n04500 n05277 n05659 n06416 n06963 n07274 n07275 n07276 n08189 n08190 n08776 n08777 n08778	n03506 n04164 n06454 n06605 n07159 n08172 n08716 n08987 n09021	908		true
n08219	60	0.0350	n02137 n02644 n07274 n08777	n02438 n04872 n05288 n06819 n08445 n09050	308		true
n08220	54	0.0350	n07696	n04569 n06287 n07338 n08158 n08499	703		true
n08221	48	0.0350	n04108 n06416 n07274 n07275 n08190 n08777	n02330 n04655 n06443 n08124	548		true
n08222	51	0.0350	n07717	n04219 n07616 n08239 n08976	485		true
n08223	49	0.0350	n01347 n03680	n04470 n04994 n05092 n05127 n08826 n08829 n09504	345		true
n08224	44	0.0350	n01347 n03680 n07699	n00760 n01974 n03133	271		true
n08225	45	0.0350	n01347	n00795 n00801 n04639 n05359 n05588 n06113 n06323	279		true
n08226	40	0.0350	n05813	n00486 n01759 n04766 n07095	222		true
n08227	39	0.0350	n04708	n03056 n05104 n06268 n07333	95		true
n08228	41	0.0350	n07278 n08782	n01248 n04715 n06242	697		true
n08229	38	0.0350	n04006 n05277 n05659 n05820 n06963	n06685	400		true
n08230	43	0.0350	n02137 n04006 n04108 n04500 n05277 n05659 n06416 n06963 n07274 n07275 n07276 n08189 n08190 n08776 n08777 n08778	n04075 n08424	375		true
n08231	43	0.0350	n01347 n03680	n04208 n06097 n06402 n06828 n07554	171		true
n08232	41	0.0350	n03488	n07254 n08846	586		true
n08233	40	0.0350	n05510 n08781	n05538 n06221 n07836	647		true
n08234	38	0.0350	n02137 n04006 n04108 n04500 n05277 n05659 n06416 n06963 n07274 n07275 n07276 n08189 n08190 n08776 n08777 n08778	n01733 n03801 n04389 n04727 n05467 n08929 n09060	606		true
n08235	38	0.0350	n04423 n06964	n04211 n04873	270		true
n08236	46	0.0350	n02396 n02644 n04108 n04704 n06416 n07277 n08779	n06485 n07768 n08961	405		true
n08237	37	0.0350	n04780	n04112	249		true
n08238	39	0.0350	n01347	n04791 n05149 n06746	694		true
n08239	42	0.0350	n08222	n03614 n04929 n05254 n08959	409		true
n08240	34	0.0350	n07732	n00141 n00760	262		true
n08241	42	0.0350	n04966	n01196 n01959 n02436 n05789 n09522	351		true
n08242	38	0.0350	n07710	n02811 n07035 n08181	294		true
n08243	48	0.0350	n08800	n03076 n06660 n07459 n07780 n07831	613		true
n08244	39	0.0350	n05286	n03735	713		true
n08245	42	0.0350	n04068 n07724	n02769 n05683 n05831	578		true
n08246	49	0.0350	n08248	n03951 n08838	429		true
n08247	39	0.0350	n07305	n00988 n04667 n05772 n07005 n08558 n09352	193		true
n08248	58	0.0350	n02396 n05399	n05617 n08246 n08866	1344		true
n08249	33	0.0350	n05289	n06701	193		true
n08250	41	0.0350	n02202 n05808	n03743 n06997	853		true
n08251	33	0.0350	n04704 n05983 n06963 n07694 n08779	n02574	375		true
n08252	34	0.0350	n03792	n08855	177		true
n08253	35	0.0350	n05511 n07277 n08780	n05008 n05854 n07580 n09246 n09514	526		true
n08254	33	0.0350	n01040 n03635	n01461 n06698	108		true
n08255	36	0.0350	n03536	n03187 n03642 n04892 n07067 n09251	588		true
n08256	36	0.0350	n07744 n08797	n04071 n07848	218		true
n08257	34	0.0350	n06663 n06963 n08191	n00058 n05008 n05854	479		true
n08258	32	0.0350	n08799	n02255 n08313	280		true
n08259	34	0.0350	n02137 n04006 n04108 n04500 n05277 n05659 n06416 n06963 n07274 n07275 n07276 n08189 n08190 n08776 n08777 n08778	n05040 n05244 n06088 n07016 n08660	207		true
n08260	35	0.0350	n02064	n00734 n00847 n02050 n02183 n02945 n05776	487		true
n08261	33	0.0350	n01776 n06963 n07694 n08191 n08779	n02213 n05670	369		true
n08262	35	0.0350	n01557	n01451 n02934	578		true
n08263	30	0.0350	n01347	n07001	164		true
n08264	32	0.0350	n02137 n04006 n04108 n04500 n05277 n05659 n06416 n06963 n07274 n07275 n07276 n08189 n08190 n08776 n08777 n08778	n04903 n04909 n05305 n05933 n07875	309		true
n08265	31	0.0350	n05817 n06663 n07694 n08779 n08780	n04793	442		true
n08266	38	0.0350	n07696 n08195	n06862 n07338 n09332	585		true
n08267	33	0.0350	n07750	n01910 n02409 n04323	471		true
n08268	33	0.0350	n04964	n02746 n07423 n08293	425		true
n08269	34	0.0350	n02137 n02644 n04006 n04108 n06416 n07274 n08189 n08190 n08776 n08777	n04719 n07418 n09089	339		true
n08270	28	0.0350	n05403	n04036 n05408	240		true
n08271	33	0.0350	n06687	n04217 n05869 n09344	306		true
n08272	32	0.0350	n03729 n07276	n02809 n03745	200		true
n08273	36	0.0350	n05397 n07295	n05544 n08304 n08968	566		true
n08274	31	0.0350	n02396	n04333 n04687 n05033 n05625	311		true
n08275	38	0.0350	n01335 n04006 n04500 n05277 n08189	n04278 n05669 n06280	321		true
n08276	35	0.0350	n01347	n03965 n07350	696		true
n08277	32	0.0350	n01335 n04006 n04500 n05277 n08189	n04769 n05658 n05676	402		true
n08278	34	0.0350	n02137 n04006 n04108 n04500 n05277 n05659 n06416 n06963 n07275 n08190	n05591 n05840	346		true
n08279	29	0.0350	n07696 n08814	n01116 n07397	717		true
n08280	28	0.0350	n07322	n02579 n06048	118		true
n08281	33	0.0350	n01347 n03680	n02817 n05168 n07015 n09106	188		true
n08282	34	0.0350	n07317 n08216	n03712 n04041 n05084 n05138 n05368 n07217 n08457	285		true
n08283	30	0.0350	n06974 n07696 n08195	n01760 n09195	646		true
n08284	33	0.0350	n01335 n04006 n04500 n05277 n08189	n02773 n03839 n05689 n06838 n09448 n09507	526		true
n08285	32	0.0350	n04108 n06416 n07274 n07275 n08190 n08776	n02491	667		true
n08286	28	0.0350	n05833	n02452 n02867 n03548 n09553	510		true
n08287	37	0.0350	n04967 n05280	n04434	578		true
n08288	32	0.0350	n02294	n03413 n07060 n07345	203		true
n08289	32	0.0350	n07307	n08311	649		true
n08290	28	0.0350	n01347	n04601 n05529	138		true
n08291	28	0.0350	n02396 n04704 n06663 n07277 n07694 n08191 n08779	n01341 n01728 n08990	228		true
n08292	27	0.0350	n03729 n05071	n00261 n01063 n06809	190		true
n08293	29	0.0350	n07311 n07341 n08268	n04033 n05596	374		true
n08294	26	0.0350	n07278 n07723	n06241	311		true
n08295	30	0.0350	n01335 n04006 n04500 n05277 n08189	n02087 n07024	265		true
n08296	26	0.0350	n01335 n04006 n04500 n05277 n08189	n03396 n06718	367		true
n08297	28	0.0350	n04158 n05070	n01975 n07804	187		true
n08298	26	0.0350	n02805 n07713	n04645	211		true
n08299	33	0.0350	n04507	n05410	222		true
n08300	29	0.0350	n04635 n05659 n08776 n08777	n04802 n07929	198		true
n08301	28	0.0350	n01347	n00804 n06128 n07204	83		true
n08302	29	0.0350	n08859	n02520 n02787 n05964	178		true
n08303	31	0.0350	n01335 n04006 n04500 n05277 n08189	n05856 n07335	376		true
n08304	32	0.0350	n08273	n05306 n06478	461		true
n08305	28	0.0350	n08804	n06730 n08478	324		true
n08306	28	0.0350	n01335 n04006 n04500 n05277 n08189	n02902 n06031	218		true
n08307	32	0.0350	n01776 n05397 n07295	n04660 n05306 n07393	340		true
n08308	33	0.0350	n01335 n04006 n04500 n05277 n08189	n03706 n06885 n07382 n08362 n09368	912		true
n08309	28	0.0350	n02396 n04007 n04704 n06663 n07277 n07694 n08191 n08779	n02331 n03921 n07987	196		true
n08310	27	0.0350	n02644 n04108 n04704 n06416 n07277 n08190 n08779	n00481 n03122 n03928	282		true
n08311	31	0.0350	n08289	n05418 n06504	644		true
n08312	27	0.0350	n05396 n07274 n08189	n00283 n09019	342		true
n08313	24	0.0350	n08258	n06054 n07656	156		true
n08314	32	0.0350	n06663 n06978 n07694 n08191	n04461 n05334 n07506 n09070	885		true
n08315	26	0.0350	n02863	n00448 n01793 n05110	416		true
n08316	30	0.0350	n06665	n01633 n06018	525		true
n08317	27	0.0350	n04369 n05981 n06009	n00841 n01390	530		true
n08318	25	0.0350	n04071	n03807 n04652 n08650	140		true
n08319	24	0.0350	n02181 n03910	n08966	129		true
n08320	24	0.0350	n08783	n07834 n09158 n09485	269		true
n08321	26	0.0350	n03352	n00915 n01734 n03298 n03997 n08006	469		true
n08322	27	0.0350	n02644	n02001 n07688 n08360	238		true
n08323	24	0.0350	n04967 n05280	n03412	215		true
n08324	22	0.0350	n01030	n00007 n00056	2		true
n08325	27	0.0350	n06429 n08862	n03515 n05448 n05487 n05716	113		true
n08326	26	0.0350	n02644 n04108 n04704 n06416 n07274 n07277 n08190 n08776 n08779	n08370	350		true
n08327	26	0.0350	n08822	n00749 n09055	174		true
n08328	29	0.0350	n01335 n04006 n04500 n05277 n08189	n03095 n03124 n07833	481		true
n08329	25	0.0350	n04970	n09042 n09228	973		true
n08330	26	0.0350	n04970	n04692 n04946 n06354 n06399 n07168 n09204 n09228	1247		true
n08331	26	0.0350	n04206	n01321 n04285 n06853	412		true
n08332	28	0.0350	n04260	n02921 n04064 n04409 n07057	455		true
n08333	22	0.0350	n08795	n05600 n06358 n07952	291		true
n08334	21	0.0350	n06437 n08192 n08204	n01123 n03836 n05476	251		true
n08335	22	0.0350	n02137 n04006 n04108 n06416 n07274 n08189 n08190 n08777	n01367 n01877 n03428 n07641	262		true
n08336	26	0.0350	n08348	n05958 n08487 n09169	423		true
n08337	25	0.0350	n01347 n03680	n03074 n09139	202		true
n08338	22	0.0350	n01347	n02943	151		true
n08339	21	0.0350	n04783 n05665	n02714 n03807	140		true
n08340	31	0.0350	n07743	n01445 n02099 n06099 n08743 n09565	1185		true
n08341	22	0.0350	n01347 n03680	n06062	112		true
n08342	24	0.0350	n02271 n04504	n04659 n05738 n05755	116		true
n08343	29	0.0350	n01347 n03680	n01924 n03091 n03333 n04132 n08755 n09206	200		true
n08344	27	0.0350	n01336 n04704 n05392 n07277	n02183 n02945 n08430 n08507 n09335	357		true
n08345	22	0.0350	n04570	n02583 n07198	225		true
n08346	22	0.0350	n01347	n04289 n04597	144		true
n08347	24	0.0350	n02296 n08793	n02937	439		true
n08348	27	0.0350	n01880 n02396 n04704 n06663 n06963 n07694 n08191 n08779	n08336	446		true
n08349	26	0.0350	n05818	n06061 n07532 n07624 n09171	207		true
n08350	22	0.0350	n02137 n04006 n04108 n04500 n05277 n05659 n06963 n07274 n07275 n08189 n08190 n08776 n08778	n00501 n04185	193		true
n08351	24	0.0350	n07696 n08814	n00635 n09195	495		true
n08352	22	0.0350	n04864 n05846	n00481 n03122 n03928	257		true
n08353	26	0.0350	n07743 n08213	n03703 n04093 n06767 n08544	1265		true
n08354	20	0.0350	n06460 n06663	n04127 n07630	601		true
n08355	22	0.0350	n04504	n04835 n05755 n06489	401		true
n08356	25	0.0350	n04006 n05682	n02749 n02944 n05063 n06956 n09360	213		true
n08357	22	0.0350	n04120	n00808 n04090 n06640 n06641	174		true
n08358	20	0.0350	n02396 n02644 n04108 n04165	n00307 n01101 n06877 n09572	316		true
n08359	22	0.0350		n03667 n04236	240		true
n08360	22	0.0350	n08322	n07859	226		true
n08361	30	0.0350	n06700	n06059 n06517 n07395	458		true
n08362	22	0.0350	n08308	n03020 n03385	860		true
n08363	23	0.0350	n01426	n02055 n02781	84		true
n08364	22	0.0350	n03113 n06963 n07275 n07276 n08190 n08776 n08777 n08778	n04385 n06930 n07993	170		true
n08365	20	0.0350	n02137 n05659 n07274 n07275 n07276 n08189 n08190 n08776 n08777 n08778	n01779 n09255	196		true
n08366	23	0.0350	n07021	n04169 n06844	247		true
n08367	21	0.0350	n04441	n00241 n04185	326		true
n08368	21	0.0350	n01490	n02102 n05339	105		true
n08369	23	0.0350	n03449	n02594 n05012	90		true
n08370	22	0.0350	n08326	n06533 n06598	247		true
n08371	19	0.0350	n07776	n00111 n01067	179		true
n08372	20	0.0350	n04980 n06978 n07733	n04594	344		true
n08373	20	0.0350	n02396 n04704 n06663 n07694 n08191 n08779	n04456	194		true
n08374	20	0.0350	n01335 n04006 n04500 n05277 n08189	n02442 n04769 n05035	217		true
n08375	22	0.0350	n05809	n05327 n08677	297		true
n08376	19	0.0350	n06231	n03326 n03478	66		true
n08377	19	0.0350	n01335 n04006 n04500 n05277 n08189	n05600 n07444	294		true
n08378	19	0.0350	n02515	n04523 n06121 n06122	59		true
n08379	20	0.0350	n03801 n08929	n01540 n01626 n09392	355		true
n08380	25	0.0350	n03107 n05069	n02940	292		true
n08381	19	0.0350	n06015	n04244	209		true
n08382	19	0.0350	n02137 n04006 n04108 n04500 n05277 n05659 n06416 n06963 n07274 n07275 n07276 n08189 n08190 n08777 n08778	n01039 n07971	164		true
n08383	21	0.0350	n08999	n03483 n06849 n07095	163		true
n08384	20	0.0350	n07350	n05456	630		true
n08385	20	0.0350	n05205	n00212 n01187 n02594	83		true
n08386	18	0.0350	n02644 n04979	n05569	213		true
n08387	21	0.0350	n02491 n04716	n03992 n08744	550		true
n08388	20	0.0350	n01335 n04006 n04500 n05277 n08189	n01458 n02184 n05658	303		true
n08389	18	0.0350	n07103 n07801	n01624 n05371 n07223	236		true
n08390	19	0.0350	n02397 n06963 n07695 n08189	n01456 n07505	474		true
n08391	18	0.0350	n03542	n03902 n04671	255		true
n08392	17	0.0350	n02137 n04006 n04108 n04500 n05277 n05659 n06416 n06963 n07274 n07275 n07276 n08189 n08190 n08776 n08777 n08778	n06318	217		true
n08393	18	0.0350	n02137 n04006 n04108 n04500 n05277 n05659 n06416 n06963 n07274 n07275 n07276 n08189 n08190 n08776 n08777 n08778	n04895 n07233 n08591	265		true
n08394	22	0.0350	n00139	n04537 n06108	133		true
n08395	18	0.0350	n06437	n01540 n04293	264		true
n08396	17	0.0350	n02137 n03534 n04006 n04108 n05277 n06416 n07274 n07275 n07279 n07694 n08190 n08776 n08777 n08778	n03078 n04765	114		true
n08397	22	0.0350	n02137 n04006 n04108 n06416 n07274 n08189 n08190 n08776 n08777	n05452 n08495 n09387	240		true
n08398	18	0.0350	n07790	n03237 n04913 n07481	160		true
n08399	20	0.0350	n06504	n03649 n07132	563		true
n08400	19	0.0350	n01347 n03680	n05923 n07485	115		true
n08401	19	0.0350	n03315 n05531 n06235	n00274 n04952	72		true
n08402	17	0.0350	n01347	n00063 n03135	186		true
n08403	19	0.0350	n06024	n01631 n02317	367		true
n08404	18	0.0350	n05305	n00701 n00963	244		true
n08405	19	0.0350	n03917 n07288	n01478 n06334 n08644	56		true
n08406	19	0.0350	n03262 n03732	n05595	253		true
n08407	18	0.0350	n02396 n04007 n04704 n05392 n06663 n06963 n07277 n07694 n08191 n08779 n08780	n00026 n03727 n06852	174		true
n08408	19	0.0350	n07031	n03343 n05262	286		true
n08409	18	0.0350	n02644	n00721 n05631	483		true
n08410	19	0.0350	n02396 n06663 n06963 n07694 n08191	n02185 n09378	263		true
n08411	22	0.0350	n04108 n06416 n08190 n08776	n01943 n03613 n04681	261		true
n08412	17	0.0350	n02137 n04006 n04108 n04500 n05277 n06963 n07275 n08189 n08190 n08776 n08778	n00180 n04046	72		true
n08413	17	0.0350	n04006 n04108 n04500 n05277 n08189	n02637	412		true
n08414	19	0.0350	n02700	n01069 n06086	121		true
n08415	18	0.0350	n07783	n00982 n01208 n01920	119		true
n08416	16	0.0350	n06437 n07293	n01123 n01365	96		true
n08417	16	0.0350	n02644 n07277 n08779 n08842	n02282	96		true
n08418	23	0.0350	n08204	n02339 n07426	306		true
n08419	19	0.0350	n02137 n04006 n04108 n04500 n05277 n05659 n06416 n06963 n07274 n07275 n07276 n08189 n08190 n08776 n08777 n08778	n01779 n04555 n08170	262		true
n08420	16	0.0350	n05093	n01233	176		true
n08421	17	0.0350	n07372	n01820 n01980	223		true
n08422	20	0.0350	n04883	n03884 n04774 n04938 n08115 n08652	300		true
n08423	17	0.0350		n00731 n06180	119		true
n08424	16	0.0350	n08230	n02677 n05041	119		true
n08425	16	0.0350	n02644 n04108 n06663 n07694 n08779	n01283 n01879	205		true
n08426	19	0.0350	n02934 n04500	n04732 n05757	513		true
n08427	19	0.0350	n03153 n08816	n03810 n06554	101		true
n08428	18	0.0350	n08940	n03695 n04483 n05135	75		true
n08429	19	0.0350	n02272 n04006 n07694	n00279 n00867 n02245 n02861	164		true
n08430	16	0.0350	n07000 n08344	n08072	208		true
n08431	18	0.0350	n05307	n03571 n09290	234		true
n08432	20	0.0350	n03541 n04717 n04878	n03374 n05623 n06181 n06888 n09618	233		true
n08433	17	0.0350	n04277 n08950	n04042	158		true
n08434	18	0.0350	n02545	n00360 n04757	424		true
n08435	16	0.0350	n06773 n06788	n00871 n01406	183		true
n08436	16	0.0350	n02644	n03006 n03462	169		true
n08437	16	0.0350	n03011 n04012 n08779	n00555	424		true
n08438	17	0.0350	n02137 n04006 n04108 n04500 n05277 n05659 n06416 n06963 n07274 n07275 n07276 n08189 n08190 n08776 n08777	n02768 n05459	129		true
n08439	16	0.0350	n01881 n02011	n00745	114		true
n08440	18	0.0350	n07283	n01217	518		true
n08441	16	0.0350	n09010	n04702	633		true
n08442	16	0.0350	n01335 n04006 n04500 n05277 n08189	n08579	382		true
n08443	16	0.0350	n02738 n02890 n03498	n04626	328		true
n08444	17	0.0350	n03009 n04017	n00665 n01765	139		true
n08445	15	0.0350	n08219	n00883 n01628	96		true
n08446	15	0.0350	n02358	n05267 n06593	103		true
n08447	16	0.0350	n02396 n04704 n05392 n06663 n06963 n07277 n07694 n08191	n01694	337		true
n08448	18	0.0350	n04704 n06226	n07964	113		true
n08449	15	0.0350	n06763	n01024	86		true
n08450	16	0.0350		n00403 n01465	206		true
n08451	16	0.0350	n07696 n08814	n03675 n04935	370		true
n08452	19	0.0350	n04006 n05277 n06200	n01958 n02540 n04936	136		true
n08453	17	0.0350	n08857 n08962	n03559 n06174 n07152 n07685	164		true
n08454	19	0.0350	n07696 n08814	n05566	341		true
n08455	15	0.0350	n02137 n04006 n04108 n06416 n06963 n07274 n07276 n08189 n08777	n05945	305		true
n08456	15	0.0350	n02137 n04006 n04108 n05277 n06416 n07274 n08189 n08190 n08777	n01251	168		true
n08457	17	0.0350	n08282 n08818	n03091 n06929	133		true
n08458	17	0.0350	n08854 n08985	n03517 n06395	441		true
n08459	16	0.0350	n02137 n02644 n04006 n04108 n06416 n07274 n08189 n08190 n08776 n08777	n06175	126		true
n08460	18	0.0350	n07019	n04346 n08585	208		true
n08461	16	0.0350	n05662 n07274 n07302	n00574	141		true
n08462	15	0.0350	n01347 n03680	n03555	73		true
n08463	19	0.0350	n01881 n06203 n06419	n05612 n08554	156		true
n08464	15	0.0350	n01347 n03680	n00656 n00733	106		true
n08465	16	0.0350	n04808	n04097 n05478	215		true
n08466	16	0.0350	n02137 n04006 n04108 n04500 n05277 n05659 n06416 n06963 n07274 n07275 n07276 n08189 n08190 n08776 n08777	n00198 n00214	109		true
n08467	15	0.0350	n04117 n07887	n04544	110		true
n08468	15	0.0350	n08932	n03059 n08704	99		true
n08469	17	0.0350	n00001 n00096 n00444	n01310 n02626	62		true
n08470	15	0.0350	n01491	n03896	132		true
n08471	16	0.0350	n02137 n04006 n04108 n04500 n05277 n05659 n06416 n06963 n07274 n07275 n07276 n08189 n08190 n08776 n08777 n08778	n05789	134		true
n08472	15	0.0350	n02396 n02644 n04108 n06663 n07694 n08190 n08779	n03334	126		true
n08473	17	0.0350	n02137 n02644 n07274 n08189 n08777	n01670 n04044	123		true
n08474	15	0.0350	n07891	n06135	222		true
n08475	15	0.0350	n02137 n04006 n04108 n04500 n05277 n05659 n06416 n06963 n07274 n07275 n07276 n08189 n08190 n08776 n08777 n08778	n08660	100		true
n08476	18	0.0350	n04258 n08781 n08782	n01009 n01979 n09554	355		true
n08477	16	0.0350	n01229	n01064	246		true
n08478	15	0.0350	n07409 n08305 n08810	n03705 n04408	150		true
n08479	16	0.0350	n02807 n03262 n04372 n06717	n08183 n09573	167		true
n08480	17	0.0350	n09368	n07243 n08569	818		true
n08481	15	0.0350	n04722 n05277 n05659	n02410 n05779	385		true
n08482	17	0.0350	n01347	n01772 n09615	172		true
n08483	17	0.0350	n02138 n07290	n00243 n01065	107		true
n08484	16	0.0350	n05314	n03195 n05155	209		true
n08485	17	0.0350	n04006 n04108 n04500 n05277 n08189	n00472 n06879	610		true
n08486	18	0.0350	n07046 n07781	n06847	139		true
n08487	23	0.0350	n08336	n02618 n05559	383		true
n08488	16	0.0350	n01335 n04006 n04500 n05277 n08189	n01413 n02060	200		true
n08489	19	0.0350	n01523	n01549 n02586 n02829 n03563	327		true
n08490	15	0.0350	n05277	n00980	104		true
n08491	16	0.0350	n01335 n04006 n04500 n05277 n08189	n00802 n03713	995		true
n08492	16	0.0350	n03732	n02221 n06138	319		true
n08493	20	0.0350	n02137 n04006 n04108 n05277 n05659 n06416 n06963 n07274 n07276 n08189 n08190 n08776 n08778	n06281	297		true
n08494	16	0.0350	n02137 n04006 n04108 n04500 n05277 n05659 n06416 n06963 n07274 n07275 n07276 n08189 n08190 n08776 n08777 n08778	n02266 n05611	189		true
n08495	16	0.0350	n07712 n08397	n02337 n06622	172		true
n08496	15	0.0350	n01957	n01663	152		true
n08497	17	0.0350	n07338	n02369 n06147	178		true
n08498	15	0.0350	n01463	n02596 n04240	316		true
n08499	17	0.0350	n08220	n02279	210		true
n08500	15	0.0350		n02524	109		true
n08501	16	0.0350	n03362	n03707 n04778 n05960	181		true
n08502	16	0.0350	n04023 n08190	n01751 n03433	128		true
n08503	14	0.0350	n05997 n07774	n00982 n01362 n03163	99		true
n08504	17	0.0350	n03797 n06765 n08853	n05002	103		true
n08505	15	0.0350	n06005 n07696	n04842	104		true
n08506	14	0.0350	n01336 n04704 n05392 n07277	n02112 n04356	122		true
n08507	14	0.0350	n07000 n08344	n00960 n02734	188		true
n08508	20	0.0350	n09050	n09249	88		true
n08509	14	0.0350	n01347 n03680	n00641	45		true
n08510	15	0.0350	n01347 n03680	n00823	64		true
n08511	14	0.0350	n01347 n03680	n00584 n01219	125		true
n08512	16	0.0350	n06697 n07374	n00800 n01981	90		true
n08513	15	0.0350	n01347	n03172	102		true
n08514	16	0.0350	n06497	n00506 n03437	216		true
n08515	19	0.0350	n02644	n06520	237		true
n08516	14	0.0350	n03729 n05839	n00068 n00261	94		true
n08517	17	0.0350	n02644 n04108 n06416 n07274 n07277 n08190 n08776	n01916 n07609	196		true
n08518	14	0.0350	n03352	n05490	247		true
n08519	15	0.0350	n07044 n08953	n00805 n00870	94		true
n08520	16	0.0350	n04653	n00806 n05606	119		true
n08521	18	0.0350	n06716	n02554 n03668 n08661	1023		true
n08522	15	0.0350	n04902	n02802 n03425	351		true
n08523	19	0.0350	n01938 n02577 n02737	n04138 n04192 n07246	76		true
n08524	15	0.0350	n05988 n08789	n01201 n03587	296		true
n08525	17	0.0350	n03262 n04372 n05672	n06371	226		true
n08526	15	0.0350	n06518	n01735 n09463	236		true
n08527	15	0.0350	n02396 n04108 n06663 n07694 n08190 n08779	n03556	215		true
n08528	14	0.0350		n01564	283		true
n08529	15	0.0350		n01782 n03006	123		true
n08530	14	0.0350	n02137 n04006 n04108 n04500 n06416 n06963 n07275 n08190 n08778 n08779	n00150 n01739	250		true
n08531	14	0.0350	n00926 n06419	n03243 n03580	314		true
n08532	14	0.0350	n09077	n00871 n01024	118		true
n08533	15	0.0350	n04006 n04500 n05277 n08189	n01176 n02955	258		true
n08534	15	0.0350	n02644 n08190 n08776 n08779	n02391 n04063	148		true
n08535	14	0.0350	n07275 n07276 n08189 n08190 n08192 n08776 n08778	n02109	202		true
n08536	13	0.0350	n02137 n02644 n07274 n08777	n03335 n03892	70		true
n08537	14	0.0350	n05817 n06778	n01643 n01800	159		true
n08538	14	0.0350	n04713	n02522	94		true
n08539	15	0.0350	n06738	n02114 n02308	262		true
n08540	14	0.0350	n01001 n01504 n04460	n02412 n08157	57		true
n08541	13	0.0350	n05286	n02153	234		true
n08542	15	0.0350	n04670	n02135 n03937	196		true
n08543	16	0.0350	n07113	n00468 n06652	272		true
n08544	15	0.0350	n04461 n08353 n08776	n02920 n06361	638		true
n08545	13	0.0350	n05424 n07083	n01208	87		true
n08546	13	0.0350	n03228 n08777		152		true
n08547	15	0.0350	n06464 n07846	n01204 n09403	203		true
n08548	14	0.0350	n02137 n02644 n04108 n07274 n08189 n08777	n06601	113		true
n08549	13	0.0350	n03849	n00577	18		true
n08550	14	0.0350	n02137 n04006 n04108 n04500 n05277 n05659 n06416 n07274 n07275 n07276 n08189 n08190 n08776 n08777	n02561	212		true
n08551	14	0.0350	n03801 n07293 n08929	n01066 n06394	198		true
n08552	13	0.0350	n06420 n07698 n08209	n00749	93		true
n08553	14	0.0350	n04334 n08917	n01467 n04417	156		true
n08554	14	0.0350	n01317 n03041 n04534 n04820 n08463	n01768 n05948	138		true
n08555	15	0.0350	n03851 n04812	n04834	234		true
n08556	13	0.0350	n02137 n02644 n07274 n08189 n08777	n00339	236		true
n08557	15	0.0350	n09104	n03634 n03941	79		true
n08558	14	0.0350	n04955 n06199 n06994 n08247	n03564	27		true
n08559	16	0.0350	n02271 n07034 n08827	n07603 n08736	69		true
n08560	13	0.0350	n04108	n00993	562		true
n08561	13	0.0350	n02137 n04006 n04108 n06416 n07274 n08189 n08190 n08778	n00205	99		true
n08562	13	0.0350	n06457	n01752 n03164	104		true
n08563	13	0.0350	n02435	n00677 n01988	98		true
n08564	16	0.0350	n03320 n06970 n07772	n00860 n07259	110		true
n08565	13	0.0350	n01347	n04945	136		true
n08566	16	0.0350	n02396 n06663 n06963 n07694 n08779	n01527 n01553	163		true
n08567	15	0.0350	n07741	n06376 n06912	52		true
n08568	13	0.0350	n04006 n08189	n00971	123		true
n08569	14	0.0350	n06519 n08480	n04054	807		true
n08570	13	0.0350	n02396 n04007 n06416 n07274 n07279 n08190 n08206 n08776 n08778	n03088 n05795	246		true
n08571	13	0.0350	n04203	n01303	275		true
n08572	13	0.0350	n07328 n09114	n00174 n00534	228		true
n08573	17	0.0350	n02137 n04006 n05277 n06416 n07274 n08189 n08777	n00754 n01729 n07239	207		true
n08574	16	0.0350	n04285	n03784 n03898 n06617	174		true
n08575	14	0.0350	n02644	n05781	164		true
n08576	14	0.0350	n02644	n03006 n09456	163		true
n08577	13	0.0350	n07839	n02565	153		true
n08578	16	0.0350	n04987 n08898	n04416 n04418	619		true
n08579	14	0.0350	n08442	n05385 n06188	349		true
n08580	13	0.0350	n05888	n00528	149		true
n08581	13	0.0350	n02396 n04704 n06663 n06963 n07277 n07694 n08191 n08779 n08780	n01801	246		true
n08582	15	0.0350	n03009 n04017 n06963	n01765 n04476	256		true
n08583	12	0.0350	n09601	n01190 n02717	285		true
n08584	12	0.0350	n05314	n00164 n01176	136		true
n08585	14	0.0350	n06287 n08460	n00646 n00809 n03389	183		true
n08586	12	0.0350	n06484	n02323	43		true
n08587	13	0.0350	n00001 n00096 n00444	n02626	55		true
n08588	12	0.0350	n05455	n00419 n03386	68		true
n08589	12	0.0350	n02137 n04006 n04108 n04500 n05277 n05659 n06416 n06963 n07274 n07275 n07276 n08189 n08190 n08776 n08777 n08778	n00616 n00880	103		true
n08590	13	0.0350	n01347	n06170	214		true
n08591	12	0.0350	n08393	n00351	231		true
n08592	12	0.0350	n05086 n07882 n09091	n00039	98		true
n08593	13	0.0350	n01347 n03680	n00281 n00442 n02967	36		true
n08594	12	0.0350	n04581 n06108	n00427	81		true
n08595	12	0.0350	n07774		92		true
n08596	12	0.0350	n01644	n02390	137		true
n08597	12	0.0350	n02137 n04108 n06416 n06963 n07274 n08189 n08190 n08777	n00066	143		true
n08598	15	0.0350	n07321 n08190 n08776	n00991	186		true
n08599	13	0.0350	n01347 n03680	n07644	472		true
n08600	14	0.0350	n02396 n02644 n04108 n04704 n06416 n07274 n07277 n08190 n08776 n08779	n05617	999		true
n08601	13	0.0350	n02396 n04007 n04704 n06663 n06963 n07277 n07694 n08191 n08779	n00722 n02134	242		true
n08602	14	0.0350	n04085 n05895	n08762	342		true
n08603	13	0.0350	n01347 n07363	n03022	101		true
n08604	12	0.0350	n01347 n03680	n01219	84		true
n08605	13	0.0350	n02396 n04108 n08190 n08191	n00431 n03055	234		true
n08606	12	0.0350	n04352	n03205	133		true
n08607	13	0.0350	n09031 n09347	n00464 n01307 n02351	122		true
n08608	12	0.0350	n02644 n04108 n06416 n07274 n07277 n08190 n08776	n01916	202		true
n08609	13	0.0350	n03280 n07282	n03948	77		true
n08610	13	0.0350	n03360 n05551	n01600 n06403	98		true
n08611	14	0.0350	n04902	n01303 n05646	276		true
n08612	13	0.0350	n01880 n03862	n01422	236		true
n08613	13	0.0350	n06510	n06401	171		true
n08614	14	0.0350	n02137 n04006 n04108 n04500 n05659 n06416 n06663 n06963 n07275 n07694 n08190 n08191 n08776 n08778	n03835 n07693	1200		true
n08615	12	0.0350	n01762 n05221	n00811	249		true
n08616	14	0.0350	n07523	n01747 n02505	314		true
n08617	12	0.0350	n07564	n03630	123		true
n08618	16	0.0350	n05122	n06883	182		true
n08619	12	0.0350	n04214 n07940 n08190	n01345	210		true
n08620	13	0.0350	n07735 n09123	n02325	214		true
n08621	12	0.0350	n05996 n07941	n00684 n01223	63		true
n08622	12	0.0350	n06856	n03257	194		true
n08623	12	0.0350	n07503	n00738	142		true
n08624	13	0.0350	n05216 n07048	n04702	553		true
n08625	13	0.0350	n02402	n01875 n01901	164		true
n08626	14	0.0350	n00944 n02105	n02498 n02874	446		true
n08627	11	0.0350	n02396 n04007 n05188 n05391 n06963 n08191 n08194	n01305	211		true
n08628	13	0.0350	n06736 n06802	n00969 n01770	211		true
n08629	11	0.0350	n05293 n08189 n08190 n08776 n08777	n01111	104		true
n08630	11	0.0350	n01463	n02025	286		true
n08631	13	0.0350	n07127 n07739	n00894 n01785 n02764	450		true
n08632	15	0.0350	n02396 n04704 n06663 n06963 n07277 n07694 n08191 n08779	n01749 n08639	162		true
n08633	12	0.0350	n09184	n03130	140		true
n08634	11	0.0350	n01335 n04006 n04500 n05277 n08189	n00439	67		true
n08635	11	0.0350	n07018		284		true
n08636	11	0.0350	n02137 n07274 n08189 n08190	n01748	140		true
n08637	11	0.0350	n07126 n07684	n01450	105		true
n08638	11	0.0350	n05913		115		true
n08639	12	0.0350	n07061 n08632	n01553 n02997	80		true
n08640	11	0.0350	n07116		177		true
n08641	11	0.0350	n02137 n04108 n04500 n06416 n06663 n06963 n07275 n08190	n02158	188		true
n08642	12	0.0350	n03741	n02916	387		true
n08643	11	0.0350	n04108 n04500 n06766 n07275 n08189		50		true
n08644	13	0.0350	n03281 n05823 n08405	n02449	46		true
n08645	13	0.0350	n02397 n05981 n07695	n00841	475		true
n08646	16	0.0350	n06483	n02903 n08158	141		true
n08647	11	0.0350	n02137 n04006 n04108 n04500 n05277 n05659 n06416 n06963 n07274 n07275 n07276 n08189 n08190 n08776 n08777 n08778	n03443	160		true
n08648	11	0.0350	n01347 n03680	n02269	537		true
n08649	11	0.0350	n05813	n00289	199		true
n08650	11	0.0350	n08318		56		true
n08651	11	0.0350	n05911	n01333 n02766	144		true
n08652	11	0.0350	n06102 n08422	n00599 n00855	194		true
n08653	11	0.0350	n08001	n02476	123		true
n08654	11	0.0350	n05454 n07274 n08189		103		true
n08655	11	0.0350	n05580 n07136 n07491	n02345	140		true
n08656	11	0.0350	n02137 n04006 n04108 n04500 n05277 n05659 n06416 n06963 n07274 n07276 n07285 n08189 n08190 n08776 n08777 n08778	n02036	86		true
n08657	12	0.0350	n02137 n04006 n04108 n04500 n05277 n05659 n06416 n06963 n07274 n07275 n07276 n08189 n08190 n08776 n08777 n08778	n00852	121		true
n08658	11	0.0350	n06335 n07488	n01716	58		true
n08659	12	0.0350	n04605	n03577	175		true
n08660	12	0.0350	n08259 n08475	n01160	80		true
n08661	13	0.0350	n08521	n02225 n03394	1022		true
n08662	12	0.0350	n00479 n00818 n06068 n09216	n03773	174		true
n08663	11	0.0350	n02137 n02644 n04108	n02473	95		true
n08664	11	0.0350	n01335 n04006 n04500 n05277 n08189		258		true
n08665	12	0.0350	n01335 n04006 n04500 n05277 n08189	n00582	91		true
n08666	12	0.0350	n04006 n04500 n05277 n08189	n02427	178		true
n08667	12	0.0350	n07496	n03665	344		true
n08668	12	0.0350	n07870	n01904	249		true
n08669	13	0.0350	n01335 n04006 n04500 n05277 n08189	n00811 n01904	399		true
n08670	12	0.0350	n03038	n00914 n01009	233		true
n08671	13	0.0350	n02137 n04006 n04108 n06416 n07274 n08189 n08190 n08776 n08777	n02263	133		true
n08672	11	0.0350	n04291		91		true
n08673	11	0.0350	n02137 n04006 n04108 n04500 n05277 n05659 n06416 n06963 n07274 n07275 n07276 n08189 n08190 n08776 n08777 n08778	n01686	93		true
n08674	11	0.0350	n06283 n07424 n09120	n02059	186		true
n08675	12	0.0350	n02644 n05277	n02388	77		true
n08676	13	0.0350	n03499	n01806	201		true
n08677	13	0.0350	n08375	n03207 n03209	193		true
n08678	10	0.0350	n06973 n07388	n00752	149		true
n08679	10	0.0350	n07401		128		true
n08680	10	0.0350	n01341 n05924	n01500	122		true
n08681	11	0.0350	n06044 n09482	n03090	42		true
n08682	10	0.0350		n00774 n01398	46		true
n08683	10	0.0350	n02137 n02644 n04108 n07274 n08777 n08926	n01788	75		true
n08684	12	0.0350	n06533 n07543	n00915 n02880	147		true
n08685	10	0.0350	n03930	n02533	103		true
n08686	10	0.0350	n04108 n06416 n07274 n08190 n08776 n08777	n00684 n03673	89		true
n08687	10	0.0350	n03311 n08189	n00854 n01176	131		true
n08688	11	0.0350	n04500 n05659 n06335 n06416 n06963 n07275 n07276 n08190 n08776 n08778	n01716	66		true
n08689	10	0.0350	n04108 n04704 n06416 n07274 n07277 n08190 n08776		154		true
n08690	10	0.0350	n02137 n04006 n04108 n07274 n08189 n08190 n08777		88		true
n08691	10	0.0350	n05616 n06073	n01773	73		true
n08692	10	0.0350	n01347		153		true
n08693	11	0.0350	n00926	n00244	54		true
n08694	11	0.0350	n07418	n03139	135		true
n08695	10	0.0350	n01976 n04023 n07312 n08190 n08776	n03140	105		true
n08696	10	0.0350	n05908 n07157	n02504	98		true
n08697	10	0.0350	n09581	n00595	44		true
n08698	11	0.0350	n02137 n02644 n07274 n08189 n08777	n03398	147		true
n08699	12	0.0350	n06810	n01568	79		true
n08700	10	0.0350	n06304 n06827	n01026	175		true
n08701	11	0.0350	n03534 n04704 n06663 n07694 n08776 n08779	n00412 n02155	194		true
n08702	10	0.0350	n05608		130		true
n08703	10	0.0350	n07074	n02293	72		true
n08704	10	0.0350	n07816 n08468		97		true
n08705	10	0.0350	n05737 n07816		272		true
n08706	10	0.0350	n04657	n00394	97		true
n08707	11	0.0350	n06506	n02917	72		true
n08708	10	0.0350	n02137 n04006 n04108 n04500 n05277 n05659 n06416 n06963 n07274 n07275 n07276 n08189 n08190 n08776 n08777 n08778		182		true
n08709	10	0.0350	n02644		98		true
n08710	10	0.0350	n06792 n08779	n01029	158		true
n08711	10	0.0350	n02783 n03417 n03508 n06479		312		true
n08712	10	0.0350	n02396 n04007 n04704 n06663 n06963 n07277 n07694 n08191 n08779	n00555	128		true
n08713	11	0.0350	n02396 n06416 n08190 n08191 n08779 n08847 n09000	n02244	124		true
n08714	10	0.0350	n01335 n04006 n04500 n05277 n08189		96		true
n08715	10	0.0350	n03992 n07167		287		true
n08716	10	0.0350	n08218	n01346	278		true
n08717	10	0.0350	n01335 n04006 n04500 n05277 n08189		101		true
n08718	10	0.0350	n06788	n02831	141		true
n08719	11	0.0350	n03811	n00244 n00857	275		true
n08720	10	0.0350	n02396 n04704 n06663 n06963 n07694 n08191	n00932	127		true
n08721	11	0.0350	n04072 n07573	n00363 n01397	228		true
n08722	10	0.0350	n06067	n01397	163		true
n08723	10	0.0350	n01335 n04006 n04500 n05277 n08189		74		true
n08724	10	0.0350	n05572	n00624	140		true
n08725	11	0.0350	n04108 n04500 n06416 n07275 n08190 n08776	n02454	121		true
n08726	10	0.0350	n07038	n01413 n02119	157		true
n08727	10	0.0350	n07469	n01131	105		true
n08728	10	0.0350	n05632	n02860	259		true
n08729	12	0.0326	n05896 n06801	n00125	111		true
n08730	11	0.0323	n02644 n04108 n04704 n06416 n08190 n08776	n01572	265		true
n08731	11	0.0317	n02210	n00366	40		true
n08732	10	0.0316	n02027 n04202		49		true
n08733	10	0.0311	n06537		239		true
n08734	10	0.0309	n02075 n06134	n00266	65		true
n08735	11	0.0306	n00519	n00083	107		true
n08736	10	0.0306	n06780 n08559		54		true
n08737	13	0.0305	n05551	n00700	71		true
n08738	12	0.0305	n02357 n07327	n00489	70		true
n08739	12	0.0305	n04034	n02833	72		true
n08740	14	0.0305	n05424 n09080	n02525 n06189	113		true
n08741	11	0.0305	n05007 n07103 n08190		503		true
n08742	10	0.0305	n03501 n05191	n01210	219		true
n08743	10	0.0305	n02644 n07274 n07694 n08340	n00325	927		true
n08744	16	0.0303	n00944 n02105 n05101 n08387	n01159 n02498 n05504 n05629	498		true
n08745	13	0.0303	n02612 n02698 n05216	n00497	242		true
n08746	13	0.0303	n04897	n03305 n03956	242		true
n08747	11	0.0303	n06694 n09003	n00392	127		true
n08748	14	0.0303	n04108 n06416 n08190 n08776	n06574	192		true
n08749	11	0.0303	n05738 n06780		67		true
n08750	12	0.0303	n01347 n03680	n00276	42		true
n08751	11	0.0303	n02512 n07728	n02347	138		true
n08752	10	0.0303	n05737		69		true
n08753	10	0.0303	n09370	n00622	159		true
n08754	10	0.0303	n05573 n08010 n09046	n00402	182		true
n08755	15	0.0302	n04568 n05084 n08343 n08818	n01928	102		true
n08756	14	0.0302	n02137 n02644 n04006 n04108 n06416 n07274 n08189 n08190 n08776 n08777	n03083	134		true
n08757	12	0.0302	n04734 n05697 n06227 n07798	n00981	131		true
n08758	12	0.0302	n06306	n01929	70		true
n08759	12	0.0302	n09128	n01770	120		true
n08760	11	0.0302	n05234	n00399 n00723	159		true
n08761	13	0.0302	n04925	n04937	214		true
n08762	12	0.0302	n04827 n08602	n00615	322		true
n08763	11	0.0302	n05659 n06770	n00300	259		true
n08764	10	0.0302	n02396 n04108 n06663 n07694 n08779	n00431	120		true
n08765	10	0.0302	n02137 n04006 n04108 n04500 n05277 n05659 n06416 n06963 n07275 n08190 n08776 n08778	n01631	358		true
n08766	12	0.0302	n03512	n01096 n01721 n03482	115		true
n08767	11	0.0302	n04780 n06964	n00210	95		true
n08768	11	0.0302	n02030 n03922 n07884	n01381	93		true
n08769	11	0.0302	n04467	n01009	148		true
n08770	11	0.0302	n02137 n04006 n04108 n04500 n05277 n05659 n06416 n06963 n07274 n07275 n07276 n08189 n08190 n08776 n08777 n08778	n01851	193		true
n08771	10	0.0302	n01347 n03680	n00335	102		true
n08772	11	0.0302	n02644 n08777	n01772	73		true
n08773	10	0.0302	n04739 n09428	n01177	133		true
n08774	10	0.0302	n01676	n00896	85		true
n08775	10	0.0302	n02396 n06663 n06963 n07694 n08191 n08779		186		true
n08776	2342	0.0300		n00027 n00217 n00259 n00394 n00396 n00461 n00514 n00568 n00662 n00682 n00686 n00854 n01107 n01651 n01844 n02061 n02099 n02141 n02230 n02371 n02556 n02653 n02668 n02906 n02976 n03111 n03116 n03144 n03204 n03213 n03270 n03364 n03405 n03545 n03611 n03623 n03631 n03681 n03703 n03729 n03787 n03824 n03850 n03877 n03949 n03960 n03999 n04093 n04119 n04139 n04144 n04214 n04266 n04338 n04374 n04415 n04431 n04433 n04458 n04463 n04466 n04560 n04621 n04622 n04648 n04669 n04679 n04680 n04744 n04751 n04759 n04785 n04804 n04814 n04839 n04849 n04850 n04854 n04874 n04881 n04893 n04896 n04898 n04922 n04936 n04983 n04987 n04990 n04993 n05006 n05011 n05034 n05049 n05054 n05065 n05085 n05121 n05126 n05128 n05208 n05223 n05239 n05246 n05257 n05278 n05285 n05301 n05311 n05317 n05321 n05325 n05351 n05430 n05446 n05481 n05485 n05507 n05509 n05519 n05548 n05591 n05613 n05615 n05642 n05663 n05690 n05696 n05698 n05760 n05768 n05829 n05830 n05837 n05844 n05852 n05899 n05927 n05954 n05959 n05973 n05989 n05996 n06022 n06024 n06025 n06047 n06063 n06071 n06091 n06099 n06100 n06155 n06161 n06198 n06262 n06312 n06313 n06315 n06331 n06355 n06382 n06408 n06433 n06445 n06446 n06449 n06453 n06461 n06463 n06465 n06467 n06482 n06507 n06531 n06537 n06548 n06553 n06565 n06585 n06607 n06668 n06669 n06675 n06708 n06736 n06745 n06747 n06774 n06803 n06816 n06821 n06850 n06868 n06878 n06890 n06895 n06911 n06919 n06922 n06924 n06933 n06937 n06941 n06948 n06986 n07009 n07036 n07044 n07047 n07056 n07078 n07112 n07138 n07158 n07163 n07176 n07193 n07203 n07222 n07227 n07240 n07289 n07293 n07297 n07327 n07337 n07344 n07348 n07364 n07383 n07398 n07412 n07413 n07415 n07416 n07421 n07428 n07432 n07450 n07453 n07486 n07488 n07501 n07507 n07517 n07528 n07560 n07568 n07577 n07581 n07594 n07629 n07633 n07635 n07641 n07666 n07686 n07704 n07709 n07711 n07729 n07739 n07750 n07760 n07762 n07772 n07773 n07774 n07791 n07795 n07802 n07808 n07811 n07825 n07830 n07844 n07855 n07868 n07876 n07883 n07910 n07918 n07941 n07960 n07962 n07979 n07998 n08010 n08026 n08052 n08055 n08073 n08076 n08093 n08104 n08114 n08118 n08124 n08136 n08142 n08149 n08153 n08198 n08211 n08217 n08218 n08230 n08234 n08259 n08264 n08269 n08285 n08300 n08326 n08350 n08364 n08365 n08392 n08393 n08396 n08397 n08411 n08412 n08419 n08438 n08459 n08466 n08471 n08475 n08493 n08494 n08517 n08534 n08535 n08544 n08550 n08570 n08589 n08598 n08600 n08608 n08614 n08629 n08647 n08656 n08657 n08671 n08673 n08686 n08688 n08689 n08695 n08701 n08708 n08725 n08730 n08748 n08756 n08765 n08770 n08799 n08803 n08809 n08820 n08834 n08839 n08842 n08843 n08850 n08875 n08889 n08898 n08917 n08935 n08938 n08946 n08953 n08956 n08964 n08978 n08981 n08984 n08995 n08996 n08997 n09003 n09004 n09008 n09018 n09031 n09036 n09045 n09046 n09048 n09054 n09062 n09076 n09100 n09109 n09122 n09124 n09131 n09134 n09151 n09153 n09163 n09165 n09175 n09197 n09212 n09214 n09236 n09242 n09275 n09278 n09287 n09292 n09297 n09300 n09306 n09310 n09325 n09327 n09330 n09347 n09353 n09354 n09363 n09367 n09370 n09374 n09384 n09385 n09401 n09402 n09407 n09408 n09412 n09414 n09420 n09433 n09436 n09449 n09450 n09459 n09468 n09469 n09470 n09479 n09492 n09493 n09496 n09498 n09502 n09508 n09527 n09531 n09548 n09555 n09557 n09560 n09565 n09568 n09570 n09595 n09602 n09613 n09616	10400		true
n08777	1992	0.0300		n00022 n00056 n00070 n00071 n00087 n00088 n00224 n00291 n00472 n00483 n00514 n00516 n00562 n00662 n00730 n00787 n00904 n00975 n01272 n01383 n01608 n01844 n01952 n01954 n02141 n02371 n02434 n02592 n02627 n02725 n02812 n02882 n03017 n03026 n03076 n03097 n03120 n03150 n03213 n03267 n03270 n03280 n03283 n03367 n03519 n03537 n03611 n03724 n03729 n03742 n03796 n03827 n03850 n03901 n03999 n04015 n04116 n04119 n04139 n04144 n04235 n04273 n04378 n04396 n04415 n04431 n04435 n04466 n04563 n04646 n04648 n04669 n04677 n04759 n04814 n04823 n04874 n04891 n04922 n04936 n04961 n04962 n04979 n05006 n05011 n05034 n05065 n05074 n05085 n05139 n05140 n05170 n05223 n05239 n05275 n05282 n05285 n05301 n05311 n05317 n05318 n05344 n05374 n05438 n05442 n05446 n05491 n05507 n05519 n05536 n05615 n05634 n05641 n05645 n05661 n05698 n05718 n05758 n05790 n05804 n05814 n05819 n05830 n05844 n05852 n05868 n05882 n05908 n05932 n05959 n05973 n05987 n05989 n05991 n05992 n06001 n06023 n06025 n06034 n06047 n06109 n06135 n06179 n06262 n06278 n06296 n06315 n06331 n06335 n06353 n06382 n06397 n06420 n06433 n06449 n06457 n06461 n06469 n06482 n06506 n06537 n06553 n06585 n06606 n06623 n06635 n06654 n06668 n06683 n06726 n06736 n06737 n06742 n06756 n06769 n06803 n06816 n06823 n06825 n06826 n06830 n06834 n06848 n06878 n06890 n06895 n06903 n06906 n06919 n06922 n06933 n06937 n06947 n06961 n06968 n06972 n06975 n06988 n07008 n07011 n07036 n07043 n07044 n07062 n07078 n07112 n07137 n07138 n07158 n07163 n07187 n07193 n07222 n07227 n07244 n07293 n07297 n07301 n07321 n07326 n07327 n07344 n07348 n07383 n07387 n07398 n07415 n07416 n07431 n07432 n07450 n07453 n07477 n07478 n07507 n07517 n07528 n07560 n07577 n07605 n07607 n07629 n07633 n07640 n07666 n07704 n07709 n07710 n07752 n07760 n07764 n07773 n07774 n07792 n07802 n07808 n07811 n07825 n07826 n07829 n07855 n07883 n07890 n07915 n07918 n07960 n07962 n07979 n07982 n08026 n08027 n08032 n08042 n08073 n08076 n08139 n08149 n08151 n08153 n08161 n08176 n08201 n08209 n08218 n08219 n08221 n08230 n08234 n08259 n08264 n08269 n08300 n08335 n08364 n08365 n08382 n08392 n08393 n08396 n08397 n08419 n08438 n08455 n08456 n08459 n08466 n08471 n08473 n08475 n08494 n08536 n08546 n08548 n08550 n08556 n08573 n08589 n08597 n08629 n08647 n08656 n08657 n08671 n08673 n08683 n08686 n08690 n08698 n08708 n08756 n08770 n08772 n08799 n08809 n08812 n08817 n08820 n08856 n08876 n08888 n08893 n08934 n08935 n08940 n08946 n08953 n08965 n08969 n08970 n08978 n08984 n09003 n09004 n09007 n09028 n09045 n09054 n09062 n09067 n09100 n09109 n09129 n09131 n09135 n09153 n09163 n09165 n09166 n09175 n09197 n09198 n09202 n09207 n09212 n09214 n09222 n09237 n09242 n09287 n09288 n09300 n09317 n09322 n09340 n09341 n09354 n09361 n09367 n09370 n09374 n09384 n09385 n09401 n09412 n09420 n09436 n09449 n09450 n09460 n09468 n09470 n09474 n09490 n09493 n09508 n09511 n09524 n09527 n09528 n09543 n09548 n09557 n09560 n09568 n09570 n09584 n09595 n09613 n09616	8071		true
n08778	1893	0.0300		n00152 n00361 n00970 n00975 n01109 n01348 n01649 n01659 n02141 n02230 n02371 n02434 n02804 n02976 n03013 n03017 n03066 n03150 n03166 n03213 n03231 n03244 n03302 n03364 n03405 n03545 n03559 n03681 n03729 n03824 n03850 n03916 n03927 n04116 n04119 n04139 n04144 n04188 n04262 n04266 n04323 n04366 n04415 n04430 n04431 n04433 n04457 n04466 n04509 n04563 n04635 n04657 n04669 n04709 n04718 n04759 n04785 n04821 n04855 n04869 n04874 n04893 n04896 n04922 n04936 n04992 n05034 n05049 n05065 n05085 n05094 n05108 n05140 n05151 n05154 n05216 n05223 n05239 n05257 n05301 n05317 n05351 n05367 n05425 n05446 n05507 n05509 n05548 n05591 n05613 n05645 n05660 n05663 n05696 n05698 n05718 n05730 n05760 n05768 n05829 n05830 n05837 n05844 n05852 n05913 n05919 n05954 n05959 n05973 n05984 n05989 n06024 n06025 n06047 n06063 n06137 n06195 n06262 n06315 n06331 n06382 n06408 n06433 n06449 n06461 n06463 n06507 n06537 n06553 n06565 n06585 n06648 n06651 n06668 n06669 n06685 n06691 n06743 n06787 n06792 n06803 n06816 n06895 n06906 n06911 n06919 n06922 n06924 n06933 n06969 n06972 n06986 n07009 n07036 n07047 n07048 n07106 n07112 n07127 n07138 n07140 n07148 n07169 n07176 n07193 n07203 n07222 n07223 n07227 n07289 n07293 n07297 n07313 n07327 n07337 n07344 n07383 n07412 n07415 n07416 n07432 n07450 n07477 n07486 n07501 n07507 n07517 n07528 n07560 n07569 n07577 n07607 n07626 n07629 n07653 n07664 n07666 n07704 n07711 n07739 n07756 n07762 n07772 n07773 n07774 n07779 n07791 n07792 n07808 n07811 n07825 n07844 n07860 n07876 n07883 n07925 n07962 n07978 n07979 n07992 n07998 n08010 n08026 n08052 n08055 n08073 n08104 n08124 n08136 n08149 n08186 n08198 n08218 n08230 n08234 n08259 n08264 n08350 n08364 n08365 n08382 n08392 n08393 n08396 n08412 n08419 n08471 n08475 n08493 n08494 n08530 n08535 n08561 n08570 n08589 n08614 n08647 n08656 n08657 n08673 n08688 n08708 n08765 n08770 n08799 n08803 n08809 n08812 n08817 n08834 n08839 n08843 n08863 n08872 n08875 n08888 n08934 n08935 n08938 n08946 n08953 n08978 n08981 n08984 n08996 n08997 n09007 n09008 n09010 n09015 n09016 n09018 n09045 n09046 n09048 n09054 n09062 n09082 n09100 n09122 n09124 n09130 n09131 n09135 n09151 n09153 n09165 n09175 n09212 n09214 n09237 n09242 n09287 n09292 n09312 n09354 n09374 n09384 n09385 n09401 n09412 n09414 n09420 n09428 n09436 n09449 n09450 n09464 n09468 n09469 n09470 n09473 n09475 n09479 n09492 n09493 n09495 n09502 n09527 n09531 n09548 n09557 n09571 n09595 n09613 n09616	8822		true
n08779	1644	0.0300		n00888 n01336 n01348 n01361 n01578 n01615 n01757 n01858 n01991 n02220 n02260 n02308 n02378 n02395 n02531 n02622 n02669 n02691 n02722 n02738 n02770 n02780 n02815 n02890 n02991 n03036 n03228 n03302 n03352 n03366 n03498 n03599 n03601 n03765 n03866 n03914 n04024 n04047 n04079 n04110 n04136 n04156 n04165 n04167 n04176 n04203 n04220 n04239 n04258 n04266 n04337 n04375 n04409 n04535 n04620 n04664 n04691 n04781 n04839 n04864 n04879 n04898 n04925 n04956 n04959 n04974 n04980 n04984 n05056 n05067 n05096 n05108 n05151 n05154 n05189 n05204 n05224 n05229 n05278 n05284 n05302 n05315 n05329 n05393 n05404 n05426 n05465 n05511 n05513 n05547 n05594 n05662 n05671 n05702 n05710 n05749 n05752 n05768 n05816 n05835 n05864 n05895 n05909 n05924 n05938 n05957 n05972 n05993 n05999 n06035 n06036 n06070 n06176 n06179 n06202 n06313 n06347 n06390 n06418 n06421 n06440 n06464 n06500 n06504 n06509 n06521 n06524 n06531 n06548 n06567 n06581 n06597 n06614 n06654 n06684 n06699 n06772 n06774 n06778 n06855 n06926 n06931 n06973 n06978 n06991 n07033 n07061 n07066 n07135 n07172 n07190 n07245 n07300 n07308 n07310 n07324 n07368 n07400 n07402 n07413 n07419 n07495 n07549 n07569 n07579 n07647 n07655 n07660 n07674 n07693 n07703 n07723 n07733 n07743 n07767 n07770 n07785 n07789 n07798 n07813 n07837 n07839 n07853 n07861 n07865 n07868 n07872 n07882 n07948 n07953 n07961 n07964 n07968 n07981 n08040 n08052 n08059 n08064 n08083 n08109 n08113 n08141 n08142 n08193 n08194 n08207 n08210 n08213 n08236 n08251 n08261 n08265 n08291 n08309 n08310 n08326 n08348 n08373 n08407 n08417 n08425 n08437 n08472 n08527 n08530 n08534 n08566 n08581 n08600 n08601 n08632 n08701 n08710 n08712 n08713 n08764 n08775 n08781 n08782 n08787 n08790 n08792 n08794 n08806 n08815 n08823 n08849 n08866 n08870 n08875 n08899 n08904 n08907 n08910 n08913 n08925 n08930 n08979 n09001 n09013 n09014 n09053 n09069 n09076 n09084 n09117 n09160 n09167 n09173 n09178 n09191 n09196 n09200 n09221 n09238 n09245 n09259 n09271 n09272 n09292 n09295 n09306 n09314 n09327 n09329 n09338 n09377 n09380 n09396 n09402 n09413 n09442 n09459 n09461 n09488 n09489 n09496 n09498 n09513 n09530 n09531 n09537 n09597	9768		true
n08780	478	0.0300		n01328 n02064 n02180 n02993 n03010 n03765 n03914 n04203 n04258 n04691 n04924 n04925 n05284 n05710 n05810 n05864 n05924 n05993 n05998 n06302 n06436 n06464 n06500 n06504 n06581 n06609 n06778 n06926 n07027 n07033 n07172 n07245 n07445 n07541 n07579 n07655 n07660 n07767 n07785 n07865 n08210 n08253 n08265 n08407 n08581 n08781 n08782 n08787 n08793 n08990 n09069 n09329 n09461 n09476 n09489 n09530	3991		true
n08781	170	0.0300	n04007 n04704 n05392 n07277 n07278 n08779 n08780	n02028 n03961 n04171 n04265 n04580 n05412 n05431 n05508 n05516 n06426 n07777 n08164 n08233 n08476 n08832 n08895 n08967 n09024 n09156	1622		true
n08782	108	0.0300	n02396 n04007 n04704 n05392 n06663 n07277 n07694 n08191 n08779 n08780	n04514 n05457 n06221 n06979 n07463 n07730 n07753 n07777 n08228 n08476 n08832 n08967	1238		true
n08783	89	0.0300	n01227	n02807 n06665 n07105 n08320 n08831 n09120 n09358 n09520 n09538 n09579	894		true
n08784	78	0.0300	n01347	n00764 n01812 n06508 n07381 n08819	611		true
n08785	74	0.0300	n06663	n00898 n03687 n05418 n08949 n08992	1072		true
n08786	68	0.0300	n01347 n03680	n02895 n03561 n03769 n03795 n04503 n05149 n07099 n07997 n09157	352		true
n08787	68	0.0300	n04007 n04704 n05392 n07277 n07278 n08779 n08780	n04514 n05021 n05457 n05516 n06221 n07965 n08832	788		true
n08788	64	0.0300	n02644	n03122 n03928 n04958 n07154	725		true
n08789	63	0.0300	n04006 n04500 n05277 n08189	n05197 n05528 n05676 n05832 n06252 n06591 n06985 n08524	691		true
n08790	62	0.0300	n02396 n04007 n05391 n06663 n06963 n07694 n08191 n08779	n00006 n02565 n03743 n04215 n04274 n04801 n06004 n06336 n06750 n09316	761		true
n08791	56	0.0300		n02777 n03072 n04422	391		true
n08792	58	0.0300	n04704 n06663 n07277 n08779	n02209 n04133 n04284 n04748 n07302	694		true
n08793	58	0.0300	n05393 n08780	n05508 n08347	713		true
n08794	51	0.0300	n02396 n04108 n04704 n08190 n08779	n00535 n04155	594		true
n08795	58	0.0300	n01335 n04006 n04500 n05277 n08189	n06977 n07069 n08333	613		true
n08796	52	0.0300	n04705	n07521 n07726	303		true
n08797	53	0.0300	n02644	n05191 n08256	468		true
n08798	51	0.0300	n01347 n03680	n02312 n03561 n05149 n07722	244		true
n08799	48	0.0300	n02137 n04006 n04108 n04500 n05277 n05659 n06416 n06963 n07274 n07275 n07276 n08189 n08190 n08776 n08777 n08778	n05305 n05933 n06896 n06897 n08258	418		true
n08800	58	0.0300	n02644	n04584 n06023 n06256 n06961 n07764 n08243	656		true
n08801	50	0.0300	n06416 n07274 n07275	n01391 n01491 n03339 n03874 n05690 n09196	470		true
n08802	48	0.0300	n05663 n07289	n08811	323		true
n08803	51	0.0300	n03534 n04500 n05659 n06416 n07274 n07275 n08190 n08776 n08778	n01399 n04079 n04765 n06179 n06654	355		true
n08804	47	0.0300	n05069	n01460 n01905 n07751 n08305	402		true
n08805	48	0.0300	n01335 n04500 n05277	n01298 n05537 n05828 n08105 n09357	506		true
n08806	49	0.0300	n02396 n06963 n07694 n08779	n02957 n04892 n06234 n06297 n07067 n07147 n07472 n09251	1066		true
n08807	44	0.0300	n01347 n03680	n00999 n01314 n06058 n07902	149		true
n08808	42	0.0300	n08189	n00625 n02098 n07314	156		true
n08809	41	0.0300	n02137 n04006 n04108 n04500 n05277 n05659 n06416 n06963 n07274 n07275 n07276 n08189 n08190 n08776 n08777 n08778	n00743 n02255	308		true
n08810	43	0.0300	n07697	n04712 n08478	275		true
n08811	47	0.0300	n08802	n03033 n04511 n07352	318		true
n08812	41	0.0300	n02137 n04006 n04108 n05277 n05659 n06416 n06963 n07274 n07276 n08189 n08190 n08777 n08778	n04506	477		true
n08813	43	0.0300	n02644	n01223 n04063 n04728 n05539 n05901	316		true
n08814	51	0.0300	n07719	n02590 n06447 n06602 n06807 n08029 n08279 n08351 n08451 n08454 n08914 n09087 n09247 n09601	884		true
n08815	41	0.0300	n02396 n08779	n04210 n04440 n06722	417		true
n08816	47	0.0300	n02181 n03910 n04706	n00728 n02809 n04927 n07386 n08427	251		true
n08817	43	0.0300	n02137 n05659 n06963 n07274 n07702 n08190 n08196 n08777 n08778	n01196 n06087 n06229 n07854 n07908 n07999	353		true
n08818	43	0.0300	n01347 n03680	n04977 n05491 n06498 n07605 n08457 n08755 n09206 n09262	242		true
n08819	44	0.0300	n07726 n08784	n05195 n07320	266		true
n08820	38	0.0300	n02137 n04006 n04108 n04500 n05277 n05659 n06416 n06963 n07274 n07275 n07276 n08189 n08190 n08776 n08777	n01147 n03530 n04688 n07636 n08024 n09495	312		true
n08821	36	0.0300	n02396	n01073 n03877 n03988	231		true
n08822	36	0.0300	n05395	n07679 n08327	194		true
n08823	41	0.0300	n04704 n07274 n07277 n08779	n02905 n03339 n05642 n08864	698		true
n08824	36	0.0300	n03911	n03563 n04414 n06282 n07622 n08134 n09458	581		true
n08825	41	0.0300	n04006 n04500 n05277 n08189	n03195 n06104 n06786 n08840	487		true
n08826	37	0.0300	n08223	n03592 n08915 n08982	189		true
n08827	40	0.0300	n04968	n05738 n05838 n08559 n08932	365		true
n08828	35	0.0300	n05520	n04510	643		true
n08829	34	0.0300	n08223	n04325 n05270 n05616 n06073	158		true
n08830	37	0.0300	n01347	n02590 n05533 n06008	774		true
n08831	38	0.0300	n08783	n06992	300		true
n08832	33	0.0300	n04154 n08781 n08782 n08787	n02122 n06242	582		true
n08833	37	0.0300	n06663	n04456 n04651	668		true
n08834	32	0.0300	n02137 n04006 n04108 n04500 n05277 n05659 n06416 n06963 n07275 n07276 n08189 n08190 n08776 n08778	n05542 n06232 n06793	289		true
n08835	38	0.0300	n01347 n03680	n04755 n06223 n06303 n07041 n07851	204		true
n08836	37	0.0300	n02735	n04272 n04882 n05079	497		true
n08837	32	0.0300	n01040 n03790	n00166 n00767 n02619	139		true
n08838	46	0.0300	n07274 n08246	n08861	396		true
n08839	32	0.0300	n02137 n04006 n04108 n04500 n05277 n05659 n06416 n06963 n07275 n08189 n08190 n08776 n08778	n01390 n01785 n02764 n03901	613		true
n08840	37	0.0300	n08825	n01385 n03137 n06259 n06651 n07801	349		true
n08841	35	0.0300	n02137 n04006 n04108 n04500 n05277 n06416 n08189	n03598 n05857 n09048 n09124	442		true
n08842	35	0.0300	n04108 n04704 n06416 n07274 n08190 n08776	n08417 n08852	246		true
n08843	34	0.0300	n02137 n04108 n04500 n05277 n06416 n06963 n07275 n08190 n08776 n08778	n00954 n04078 n06846 n07086	707		true
n08844	32	0.0300	n02137 n02644	n07006	338		true
n08845	34	0.0300	n03144	n04317	299		true
n08846	35	0.0300	n08232	n02128 n04516 n04973	492		true
n08847	35	0.0300	n04108 n06663 n06963 n07694	n02378 n04239 n07961 n08713	426		true
n08848	34	0.0300		n02108 n05300	846		true
n08849	32	0.0300	n08190 n08211 n08779	n02905 n03321 n03339 n06322 n09065	540		true
n08850	35	0.0300	n02137 n04006 n04108 n04500 n05277 n06416 n07276 n08189 n08776	n02434 n08878	340		true
n08851	39	0.0300	n04569	n03232 n06220	601		true
n08852	32	0.0300	n08842	n05081 n06630	227		true
n08853	33	0.0300	n01672 n05186	n03760 n04211 n07206 n08504	143		true
n08854	35	0.0300	n01335 n04006 n04500 n05277 n08189	n02014 n02615 n07963 n08458	476		true
n08855	32	0.0300	n08252	n03226 n04600	168		true
n08856	32	0.0300	n02137 n04108 n06416 n07274 n08777	n05294 n07818	297		true
n08857	33	0.0300	n06968	n03646 n05532 n07604 n08453 n09223	276		true
n08858	33	0.0300	n07758	n03182 n05136 n06577 n06804 n07927	1269		true
n08859	36	0.0300	n06683	n03398 n03719 n08302 n09025	247		true
n08860	37	0.0300	n05822 n07755	n05265 n06704 n07223	768		true
n08861	43	0.0300	n08838	n02780 n05463 n06762	367		true
n08862	30	0.0300	n01347	n01917 n08325	125		true
n08863	29	0.0300	n02137 n05659 n06963 n07274 n08190 n08196 n08778	n00102 n01218 n02592	266		true
n08864	29	0.0300	n05983 n08823	n05409	371		true
n08865	42	0.0300	n07743	n03703 n08922 n09325	1480		true
n08866	45	0.0300	n08190 n08248 n08779	n06450 n06821	1269		true
n08867	29	0.0300	n02272 n07289	n00104 n02744 n07352	227		true
n08868	37	0.0300	n02396 n04006 n04500 n05277 n08189	n01708 n01847 n02490 n07624	422		true
n08869	30	0.0300	n04108 n04500	n02378 n05154 n06792 n08064	318		true
n08870	33	0.0300	n04267 n07694 n08779	n03596 n06236 n07079	370		true
n08871	32	0.0300	n05407 n07748	n06536 n07013 n07371	295		true
n08872	29	0.0300	n02137 n04006 n04108 n04500 n05277 n05659 n06416 n06963 n07275 n08189 n08190 n08778	n01844 n04441	467		true
n08873	32	0.0300	n01347	n05451 n07389 n07390	285		true
n08874	31	0.0300	n02806	n01789 n08044	156		true
n08875	27	0.0300	n04500 n05277 n05659 n06416 n06963 n07274 n07275 n08190 n08776 n08778 n08779	n01623 n02239 n05296	355		true
n08876	30	0.0300	n02644 n08777	n07146 n07499	239		true
n08877	30	0.0300	n07760	n05215 n05459 n06555	234		true
n08878	32	0.0300	n08850	n03150 n03971	326		true
n08879	34	0.0300	n08907	n04450 n06089 n09078 n09119	504		true
n08880	27	0.0300	n04006 n04500 n05277 n08189	n00422 n03158 n03408	363		true
n08881	27	0.0300	n03013 n05659 n06200 n06976 n07274 n08196	n01675 n04573	258		true
n08882	31	0.0300	n01347 n03680	n04675 n05733 n06936 n09023	526		true
n08883	27	0.0300	n01347	n05539 n05963	157		true
n08884	27	0.0300	n07716	n00981 n03127	431		true
n08885	28	0.0300	n04006 n04500 n05277 n05659 n08189	n02661 n02850 n03167 n05657	333		true
n08886	31	0.0300	n01285 n01790	n02937 n04902 n09154	612		true
n08887	30	0.0300	n07734	n02911 n03274 n08905	519		true
n08888	29	0.0300	n02137 n04006 n04108 n04500 n05277 n06416 n06963 n07275 n07276 n08189 n08190 n08777 n08778	n01840 n06837	270		true
n08889	31	0.0300	n08776	n03072 n04351 n07477	420		true
n08890	29	0.0300	n02644 n04108 n06416 n08190 n08213	n00535 n04443	1194		true
n08891	30	0.0300	n03789	n05411	280		true
n08892	31	0.0300	n03354 n06208	n04294 n05098 n08182 n08918	143		true
n08893	29	0.0300	n02137 n08777	n01766 n04090 n05228 n05454 n05774	251		true
n08894	29	0.0300	n06210	n03504 n09162	406		true
n08895	28	0.0300	n04258 n07753 n08781	n01293 n01902 n09041	314		true
n08896	30	0.0300	n06435	n08957 n09114	461		true
n08897	27	0.0300	n03118	n04451 n04948 n05460 n05955	477		true
n08898	29	0.0300	n08776	n05644 n07119 n07425 n07943 n08578	727		true
n08899	29	0.0300	n02202 n08779	n03049 n03077 n06069 n06338 n09177 n09311	349		true
n08900	27	0.0300	n02396	n06462	148		true
n08901	28	0.0300	n01347 n03680	n03039 n05236 n09059 n09263	327		true
n08902	28	0.0300	n03145	n02316 n04999 n06874 n09395	143		true
n08903	26	0.0300	n05995 n06416 n06432	n06615 n07357	205		true
n08904	26	0.0300	n04866 n08779	n05095 n09218	178		true
n08905	26	0.0300	n08887	n01786 n03187 n06546	476		true
n08906	24	0.0300	n04258	n01997 n07820	286		true
n08907	35	0.0300	n03787 n07274 n08779	n08879	549		true
n08908	27	0.0300	n01335 n04006 n04500 n05277 n08189	n00404 n05383 n05701	378		true
n08909	25	0.0300	n01335 n04006 n04500 n05277 n08189	n03470 n04360 n04769 n08061	217		true
n08910	28	0.0300	n04782 n08779	n01816 n05687 n09169	597		true
n08911	26	0.0300	n04436	n02492 n02865 n03921	216		true
n08912	25	0.0300	n06231	n00929 n03276 n05050 n06079	65		true
n08913	24	0.0300	n01906 n03913 n08191 n08779	n00098 n06955	409		true
n08914	24	0.0300	n06008 n07742 n08814	n02517 n04105 n05256	617		true
n08915	26	0.0300	n08826	n02334 n05270 n05336 n06764 n09260	114		true
n08916	23	0.0300	n04006 n07713	n00042 n01062	138		true
n08917	25	0.0300	n02805 n07312 n07713 n08190 n08776	n04128 n06560 n08553 n09101 n09190	249		true
n08918	24	0.0300	n08892	n00315 n00946 n01981 n05656	120		true
n08919	26	0.0300	n04073	n06046 n06345 n07940	325		true
n08920	26	0.0300	n06426	n02050 n07045 n08129	299		true
n08921	25	0.0300	n01938 n02577 n02737	n03808 n07246 n07858	95		true
n08922	38	0.0300	n08865	n01445 n02099 n02920 n04443 n05871 n07171 n09090	1447		true
n08923	27	0.0300	n05277	n06270	328		true
n08924	23	0.0300	n02541 n08925	n00484 n07445	380		true
n08925	25	0.0300	n02396 n04704 n06663 n07277 n08779	n00699 n08924	422		true
n08926	25	0.0300		n02524 n02627 n08683 n09322	255		true
n08927	25	0.0300	n04720	n01621 n04666	530		true
n08928	25	0.0300	n05407 n07748	n04986 n06536 n07213 n09323	228		true
n08929	22	0.0300	n03495 n07010 n08234	n05719 n08379 n08551	382		true
n08930	24	0.0300	n02396 n04007 n04704 n06663 n06963 n07277 n07694 n08191 n08779	n04386 n06133 n06797	347		true
n08931	22	0.0300		n07850	147		true
n08932	24	0.0300	n02271 n08827	n05004 n06780 n08468	305		true
n08933	23	0.0300	n01335 n04006 n04500 n05277 n08189	n05700	207		true
n08934	23	0.0300	n02137 n04006 n04108 n04500 n05277 n05659 n06416 n06963 n07274 n07275 n07276 n08189 n08190 n08777 n08778	n02317	264		true
n08935	25	0.0300	n02137 n04006 n04108 n04500 n05277 n05659 n06416 n06963 n07274 n07275 n07276 n08189 n08190 n08776 n08777 n08778	n02104 n02317 n05434	280		true
n08936	29	0.0300	n01335 n04006 n04500 n05277 n08189	n03653 n03935 n04342 n09507 n09610	502		true
n08937	24	0.0300	n01347	n01419 n04357	554		true
n08938	28	0.0300	n02137 n04006 n04108 n04500 n05277 n06416 n06963 n07274 n07275 n08189 n08190 n08776 n08778	n05552 n09002	401		true
n08939	22	0.0300	n07288	n01692 n07983	79		true
n08940	24	0.0300	n02137 n02644 n07274 n08777	n07856 n08428	122		true
n08941	24	0.0300	n06418 n08193	n06748	270		true
n08942	28	0.0300	n01335 n04006 n04500 n05277 n08189	n04100 n05888 n06405	273		true
n08943	21	0.0300	n05837 n07276	n00458 n01259 n01631	321		true
n08944	23	0.0300	n02735	n03760 n06765	124		true
n08945	26	0.0300	n05985 n06705	n03998 n04280 n09566	300		true
n08946	23	0.0300	n03113 n06963 n07275 n07276 n08190 n08776 n08777 n08778	n07235 n07591 n09194	206		true
n08947	26	0.0300	n04424	n01731 n04151 n04599 n06632 n07212	229		true
n08948	23	0.0300	n02573 n06424	n00992 n02186 n03429	73		true
n08949	21	0.0300	n01757 n06963 n06965 n08785	n00507 n00981 n04251	234		true
n08950	23	0.0300	n05295	n05625 n08433	228		true
n08951	23	0.0300	n06210	n03504 n05365 n06318	365		true
n08952	29	0.0300	n02613	n04668 n05555 n07464	594		true
n08953	21	0.0300	n02137 n04006 n04108 n04500 n05277 n05659 n06416 n06963 n07274 n07275 n07276 n08189 n08190 n08776 n08777 n08778	n05434 n08519	140		true
n08954	24	0.0300	n07735	n01727 n04495 n05369 n07562	187		true
n08955	21	0.0300	n01335 n04006 n04500 n05277 n08189	n01577	327		true
n08956	27	0.0300	n03796 n08776	n03805 n04451 n06841	492		true
n08957	24	0.0300	n03590 n08896	n01203 n06760	425		true
n08958	23	0.0300	n05985 n07697	n03705 n07934 n09446	205		true
n08959	27	0.0300	n02402 n08239	n04082	293		true
n08960	25	0.0300	n08192 n08204	n05134 n05652 n06886	234		true
n08961	23	0.0300	n02780 n08236	n04654 n07957	191		true
n08962	25	0.0300	n06968	n03646 n07604 n08453	211		true
n08963	20	0.0300	n03263 n05819	n01429	281		true
n08964	20	0.0300	n04006 n06001 n06416 n08776	n06289 n09267	259		true
n08965	24	0.0300	n02137 n02644 n07274 n08777	n05874 n07064	179		true
n08966	23	0.0300	n03145 n08319	n06045 n09395	129		true
n08967	23	0.0300	n04258 n08781 n08782	n03293 n05473	518		true
n08968	24	0.0300	n01776 n08273	n00902 n05119 n06310 n06351	371		true
n08969	21	0.0300	n02137 n04006 n04108 n05277 n07274 n08189 n08777	n01251 n01596	653		true
n08970	21	0.0300	n07009 n08777	n04185 n07871	219		true
n08971	20	0.0300	n01347	n04289 n05443	168		true
n08972	23	0.0300	n04108 n05414 n06416	n01157	204		true
n08973	21	0.0300	n02610	n01510 n07531	94		true
n08974	23	0.0300	n01335 n04006 n04500 n05277 n08189	n03830 n04701 n04746 n09168	437		true
n08975	24	0.0300	n01335 n04006 n04500 n05277 n08189	n05709 n06885	874		true
n08976	21	0.0300	n05669 n08222	n07101	200		true
n08977	23	0.0300	n04212 n04219	n05217 n06119 n09467	224		true
n08978	22	0.0300	n02137 n04006 n04108 n04500 n05277 n05659 n06416 n06963 n07274 n07275 n07276 n08189 n08190 n08776 n08777 n08778	n02266 n03300 n04193	250		true
n08979	21	0.0300	n02396 n04007 n05391 n06663 n06963 n07694 n08191 n08779	n01124 n03049	228		true
n08980	24	0.0300	n07017	n02169 n06342 n06591	350		true
n08981	21	0.0300	n02137 n04006 n04108 n04500 n05659 n06416 n06963 n07275 n07694 n08190 n08191 n08776 n08778	n00224 n05016	166		true
n08982	21	0.0300	n08826	n04399 n04597	82		true
n08983	24	0.0300	n06447	n05256 n05355 n09195	578		true
n08984	20	0.0300	n02137 n04006 n04108 n04500 n05277 n05659 n06416 n06963 n07274 n07275 n07276 n08189 n08190 n08776 n08777 n08778	n02446 n04189	242		true
n08985	23	0.0300	n01335 n04006 n04500 n05277 n07749 n08189	n05028 n08458	473		true
n08986	25	0.0300	n06234	n02147 n07954 n09043	395		true
n08987	20	0.0300	n07704 n08218	n00912 n02623	459		true
n08988	20	0.0300	n02644	n00764 n03471	288		true
n08989	20	0.0300	n02644	n07215 n08167	93		true
n08990	20	0.0300	n02430 n06973 n08291 n08780	n01136 n06172	180		true
n08991	20	0.0300	n01937	n05440	132		true
n08992	21	0.0300	n01757 n06963 n06965 n08785	n07076	275		true
n08993	22	0.0300		n03994 n09040	167		true
n08994	22	0.0300	n05074 n07274 n08189	n02989 n05562	179		true
n08995	22	0.0300	n02644 n04108 n04704 n06416 n07274 n07277 n08190 n08776	n02922 n06390 n09305	258		true
n08996	20	0.0300	n04008 n04500 n05659 n06416 n07274 n07275 n07694 n08190 n08191 n08776 n08778	n00104	213		true
n08997	23	0.0300	n02137 n04006 n04108 n04500 n05659 n06416 n06963 n07275 n08190 n08776 n08778	n06771 n09526	238		true
n08998	20	0.0300	n00514 n05659	n04087	168		true
n08999	22	0.0300	n07323	n08383	165		true
n09000	22	0.0300	n04108 n04500 n06963	n03831 n04239 n05775 n08713	262		true
n09001	24	0.0300	n02396 n04007 n04704 n06663 n06963 n07694 n08191 n08779	n01412 n01507 n06352	353		true
n09002	23	0.0300	n08938	n09162	376		true
n09003	22	0.0300	n02137 n04006 n04108 n05277 n05659 n06416 n07274 n07275 n07276 n08189 n08190 n08776 n08777	n02947 n06802 n08747	296		true
n09004	19	0.0300	n02137 n04108 n06416 n07274 n08190 n08776 n08777	n01105 n04533	189		true
n09005	19	0.0300	n01347	n02334 n04289	170		true
n09006	20	0.0300	n02644	n02960 n04289	162		true
n09007	19	0.0300	n02137 n04006 n04108 n04500 n06416 n06963 n07274 n07275 n07276 n08189 n08190 n08777 n08778	n01951 n02906 n06114	161		true
n09008	21	0.0300	n02137 n04006 n04108 n04500 n05277 n06416 n06963 n07275 n07276 n08189 n08190 n08776 n08778	n04039 n05937	269		true
n09009	21	0.0300	n02778	n00544 n00799	151		true
n09010	23	0.0300	n05078 n06963 n08189 n08778	n01654 n04248 n05253 n08168 n08441	718		true
n09011	20	0.0300	n05665 n07821	n00033 n02714	124		true
n09012	19	0.0300	n02936	n03600	217		true
n09013	18	0.0300	n02396 n08779	n00503 n06341	400		true
n09014	23	0.0300	n04108 n06663 n07277 n07694 n08191 n08197 n08779	n01749 n04093	755		true
n09015	22	0.0300	n02137 n04006 n04108 n04500 n05277 n05659 n06416 n06963 n08189 n08778	n00073 n05247	589		true
n09016	21	0.0300	n05277 n06967 n07275 n08190 n08778	n02037 n07960	231		true
n09017	18	0.0300	n06217 n06459 n07323 n08202	n03046	81		true
n09018	21	0.0300	n02137 n04006 n04108 n05277 n06416 n07276 n08189 n08776 n08778	n03867 n05715	308		true
n09019	24	0.0300	n08312	n03984 n05045 n05342	295		true
n09020	29	0.0300	n04874	n04169 n05125 n06795	333		true
n09021	22	0.0300	n06445 n07029 n08218	n01817 n09256 n09336	211		true
n09022	19	0.0300	n06237	n01172 n05453	112		true
n09023	21	0.0300	n08882	n04825 n06828 n09138	526		true
n09024	19	0.0300	n08781	n05021 n05457	359		true
n09025	18	0.0300	n08859	n01738 n05964	186		true
n09026	19	0.0300	n01347 n03680	n03704 n05643	241		true
n09027	18	0.0300	n04710 n05201	n03520	93		true
n09028	21	0.0300	n07274 n07340 n08189 n08777	n02159 n05171	201		true
n09029	19	0.0300	n01335 n04500 n05277	n01056 n02308 n02752 n03782	126		true
n09030	20	0.0300	n04320	n02681 n04604 n06115	242		true
n09031	19	0.0300	n04108 n06416 n08190 n08776	n04245 n08607	566		true
n09032	22	0.0300	n03729 n07276	n00935 n03745	144		true
n09033	19	0.0300	n03965 n07350	n02477 n07429	276		true
n09034	19	0.0300	n01399	n05897	122		true
n09035	22	0.0300	n01399 n04006 n05277	n01583 n06309 n07433	142		true
n09036	19	0.0300	n06416 n06978 n07694 n08190 n08191 n08776	n02089 n05620	529		true
n09037	18	0.0300	n06710 n07719	n00296	188		true
n09038	23	0.0300	n01977 n06983	n02751 n05580 n07219	292		true
n09039	21	0.0300	n06674	n05596	306		true
n09040	18	0.0300	n08993	n04392	147		true
n09041	18	0.0300	n08895	n00026	263		true
n09042	20	0.0300	n08329	n03814	243		true
n09043	21	0.0300	n08986	n05559	347		true
n09044	21	0.0300	n01335 n04006 n04500 n05277 n08189	n02088 n03830 n06158	289		true
n09045	20	0.0300	n02137 n04006 n04108 n04500 n05277 n05659 n06416 n06963 n07274 n07275 n07276 n08189 n08190 n08776 n08777 n08778	n01160 n01953	140		true
n09046	21	0.0300	n07031 n08776 n08778	n02177 n02952 n05262 n08754	305		true
n09047	19	0.0300	n01347 n03680	n05015	121		true
n09048	23	0.0300	n05659 n06963 n07275 n07276 n08776 n08778 n08841	n01376 n03043 n04365 n04856	308		true
n09049	19	0.0300	n06676	n00272 n01868	388		true
n09050	22	0.0300	n08219	n06340 n08508	106		true
n09051	22	0.0300	n04393	n06340 n08015 n08016	138		true
n09052	18	0.0300	n05694	n03296 n08157	79		true
n09053	17	0.0300	n02064 n08779	n04619	186		true
n09054	18	0.0300	n02137 n04006 n04108 n04500 n05277 n05659 n06416 n06963 n07274 n07275 n07276 n08189 n08190 n08776 n08777 n08778	n01128 n05234	212		true
n09055	18	0.0300	n02295 n02741 n05535 n05995 n06237 n07370 n08327	n00417	122		true
n09056	18	0.0300	n03111	n01255 n02823	181		true
n09057	19	0.0300	n01921 n07296	n03625 n04810	209		true
n09058	18	0.0300	n01921	n04754 n06321	241		true
n09059	18	0.0300	n08901	n01541	193		true
n09060	18	0.0300	n07293 n08192 n08204 n08234	n01819 n03201	173		true
n09061	22	0.0300	n05659 n07275 n07276 n07709	n06132 n06320 n07995 n09137	317		true
n09062	18	0.0300	n06963 n06981 n07275 n07276 n08190 n08776 n08777 n08778	n01779 n01945	208		true
n09063	19	0.0300	n07390	n03476 n06559 n09454	224		true
n09064	18	0.0300	n02644 n04704	n05128 n07483	365		true
n09065	17	0.0300	n04704 n04869 n08849	n06573	218		true
n09066	17	0.0300	n05277 n07339	n02086 n02470 n02904	169		true
n09067	23	0.0300	n01347 n03680 n08777	n06660 n07459	147		true
n09068	19	0.0300	n01347 n03680	n03522 n05238	95		true
n09069	20	0.0300	n02396 n04007 n04704 n05392 n06663 n06963 n07277 n07694 n08191 n08779 n08780	n02868 n06613	329		true
n09070	20	0.0300	n08190 n08314	n07975	820		true
n09071	18	0.0300	n01020 n07793	n01033	333		true
n09072	19	0.0300	n04801 n06004	n04905	271		true
n09073	18	0.0300	n06046	n00078 n01613	206		true
n09074	19	0.0300		n04236 n06805 n06822	216		true
n09075	18	0.0300	n01335 n04006 n04500 n05277 n08189	n03047	309		true
n09076	19	0.0300	n02644 n04108 n04704 n06416 n07274 n07277 n08190 n08776 n08779	n07924	152		true
n09077	17	0.0300	n05671 n06774	n08532	137		true
n09078	17	0.0300	n06224 n08879	n02386 n08080	369		true
n09079	20	0.0300	n01335 n04006 n04500 n05277 n08189	n03632 n05123	241		true
n09080	21	0.0300	n07783	n04731 n05114 n08740	149		true
n09081	19	0.0300	n04215 n04274	n02984 n05917	523		true
n09082	17	0.0300	n02137 n04108 n04500 n06416 n06963 n07275 n08190 n08778	n02158 n03427	315		true
n09083	18	0.0300	n01995	n00576 n01656	191		true
n09084	18	0.0300	n01880 n07701 n08779	n02658 n09316	138		true
n09085	17	0.0300	n05224	n03511	143		true
n09086	16	0.0300	n07360	n01088 n05747	127		true
n09087	17	0.0300	n07696 n08814	n02717	356		true
n09088	21	0.0300	n06725	n02014 n05455	371		true
n09089	18	0.0300	n08269	n06123	173		true
n09090	19	0.0300	n02644 n08922	n03951 n08066 n09565	485		true
n09091	18	0.0300	n01602 n06464	n08592 n09403	198		true
n09092	16	0.0300	n01603 n04216 n04655	n00140	246		true
n09093	18	0.0300	n01347	n03952 n06600 n06864	394		true
n09094	17	0.0300	n04220	n06110	242		true
n09095	16	0.0300	n06695 n07813	n02818	468		true
n09096	16	0.0300	n01603	n00124 n00895	234		true
n09097	20	0.0300	n02137	n03438 n05231	180		true
n09098	17	0.0300	n05011	n03460	265		true
n09099	16	0.0300	n07479	n04471	120		true
n09100	19	0.0300	n02137 n04006 n04108 n04500 n05277 n05659 n06416 n06963 n07274 n07275 n07276 n08189 n08190 n08776 n08777 n08778	n04995	283		true
n09101	17	0.0300	n08917	n03206 n09510	177		true
n09102	17	0.0300	n05299	n01576	80		true
n09103	16	0.0300	n01347	n03237	73		true
n09104	17	0.0300	n07041	n08557	96		true
n09105	18	0.0300	n04875	n03564	78		true
n09106	19	0.0300	n08281	n04132 n06306	117		true
n09107	17	0.0300	n01708 n02490	n03019	261		true
n09108	16	0.0300	n04009 n06699 n08207	n01780	129		true
n09109	19	0.0300	n06963 n07313 n08776 n08777	n03772 n05759 n09577	629		true
n09110	16	0.0300	n03681 n04006 n05277 n07694	n01797	85		true
n09111	18	0.0300	n06730	n00581 n03998	239		true
n09112	17	0.0300	n01708 n02490	n01888 n04053	241		true
n09113	17	0.0300	n02137 n08189	n05585	169		true
n09114	17	0.0300	n05683 n07037 n08896	n01203 n01734 n03997 n08572	279		true
n09115	17	0.0300	n07717	n08054	164		true
n09116	18	0.0300	n01335 n04006 n04500 n05277 n08189	n09303	274		true
n09117	16	0.0300	n04108 n04704 n06416 n08190 n08779	n05382	446		true
n09118	16	0.0300	n03850 n07047	n02955 n05483	256		true
n09119	21	0.0300	n08879	n07200 n07535 n09305	243		true
n09120	19	0.0300	n08783	n05061 n08674 n09359	242		true
n09121	19	0.0300	n01906 n03913	n02053 n04250 n06955	434		true
n09122	16	0.0300	n02137 n04108 n04500 n05277 n06963 n07275 n08776 n08778	n04947 n05245	773		true
n09123	19	0.0300	n05583	n03049 n08620	265		true
n09124	20	0.0300	n06963 n07275 n08776 n08778 n08841	n03167 n03427 n04365 n04828	327		true
n09125	20	0.0300	n02294	n02055 n05050 n05353 n05745	54		true
n09126	15	0.0300	n01335 n01614	n01500	283		true
n09127	16	0.0300	n04984	n05373 n06316	305		true
n09128	16	0.0300	n06493	n01519 n08759	162		true
n09129	15	0.0300	n03792 n08777	n02188	140		true
n09130	15	0.0300	n02137 n04006 n04108 n04500 n05277 n05659 n06416 n06963 n07275 n08190 n08191 n08778	n01638	375		true
n09131	15	0.0300	n02137 n04006 n04108 n04500 n05277 n05659 n06416 n06963 n07274 n07275 n07276 n08189 n08190 n08776 n08777 n08778	n04189	104		true
n09132	16	0.0300	n02644 n03680	n07204	34		true
n09133	15	0.0300	n06745	n03080	123		true
n09134	16	0.0300	n03549 n08190 n08776	n00714 n04550	355		true
n09135	15	0.0300	n03409 n07275 n08190 n08777 n08778	n02216	204		true
n09136	19	0.0300	n02137	n03438 n05753 n08137 n09375	282		true
n09137	16	0.0300	n07712 n09061	n00392 n00619	221		true
n09138	17	0.0300	n09023	n03397 n03663 n04940	523		true
n09139	16	0.0300	n05813 n08337	n09583	152		true
n09140	19	0.0300	n01347 n03680	n03373 n05923 n06402 n07182	130		true
n09141	17	0.0300	n01347 n03680	n00204 n02563	163		true
n09142	15	0.0300	n01347	n00234	250		true
n09143	17	0.0300	n04707 n06444	n05025 n07649	199		true
n09144	18	0.0300	n05074 n07274 n07340 n08189	n00617 n03763 n05171	160		true
n09145	15	0.0300	n01644	n04480	157		true
n09146	16	0.0300	n04276 n05562	n07606	136		true
n09147	17	0.0300	n06021	n02308 n06150	146		true
n09148	18	0.0300	n03588 n03912 n05186 n05277	n04778 n06580	185		true
n09149	20	0.0300	n02396 n04006 n05277	n03195 n04911	206		true
n09150	16	0.0300	n05843	n03240 n05773	85		true
n09151	16	0.0300	n04108 n04500 n05659 n06416 n06963 n07274 n07275 n07276 n08190 n08776 n08778	n03346 n05472	195		true
n09152	17	0.0300	n06262	n03526 n04551	284		true
n09153	15	0.0300	n02137 n04006 n04108 n04500 n05277 n05659 n06416 n06963 n07274 n07275 n07276 n08189 n08190 n08776 n08777 n08778	n02715 n04493	156		true
n09154	18	0.0300	n08886	n03293 n05579	527		true
n09155	18	0.0300	n02396 n04108 n08190 n08191	n06544 n06614	405		true
n09156	19	0.0300	n08781	n02074 n05776	325		true
n09157	16	0.0300	n08786	n01231 n07612	48		true
n09158	17	0.0300	n04447 n08320	n04352 n06371	224		true
n09159	16	0.0300	n03541 n04717 n04878	n03207 n04624	187		true
n09160	17	0.0300	n04704 n07277 n08779	n01607	126		true
n09161	17	0.0300	n01335 n04006 n04500 n05277 n08189	n03161 n06377 n06914	450		true
n09162	19	0.0300	n03543 n04388 n05416 n08894 n09002	n02678 n03390 n06628 n08091	363		true
n09163	17	0.0300	n02137 n04006 n04108 n05659 n06416 n07274 n07275 n07276 n08189 n08190 n08776 n08777	n01264 n03474	176		true
n09164	16	0.0300	n02609 n06419	n02689	122		true
n09165	16	0.0300	n02137 n04006 n04108 n04500 n05277 n05659 n06416 n06963 n07274 n07275 n07276 n08189 n08190 n08776 n08777 n08778	n03299 n09562	323		true
n09166	16	0.0300	n02137 n04108 n06416 n07274 n08777	n01261 n06184	179		true
n09167	16	0.0300	n05323 n07694 n08190 n08779	n06618 n07638	226		true
n09168	15	0.0300	n08974	n01457	373		true
n09169	17	0.0300	n08336 n08910	n02618 n02957	368		true
n09170	16	0.0300	n07054	n02955 n09562	289		true
n09171	15	0.0300	n08349	n02589	134		true
n09172	16	0.0300	n03741 n07055	n00998 n01736	386		true
n09173	16	0.0300	n06491 n08779	n05782	216		true
n09174	16	0.0300	n05277	n03953	106		true
n09175	18	0.0300	n02137 n04006 n04108 n04500 n05277 n05659 n06416 n06963 n07274 n07276 n08189 n08190 n08776 n08777 n08778	n01750 n02339 n03943	256		true
n09176	16	0.0300	n07084	n02265 n02291	368		true
n09177	15	0.0300	n08899	n04498	153		true
n09178	16	0.0300	n05677 n08779	n08131	321		true
n09179	15	0.0300	n04006 n04500 n05277 n08189	n00225	387		true
n09180	18	0.0300	n02294 n07842	n01402 n03950 n05050	68		true
n09181	15	0.0300	n06042	n06123	182		true
n09182	15	0.0300	n02644 n05991	n03699	146		true
n09183	14	0.0300	n04108 n06234	n03053	208		true
n09184	16	0.0300	n01335 n04006 n04500 n05277 n08189	n01611 n08633	212		true
n09185	14	0.0300	n07757	n03165	102		true
n09186	16	0.0300	n02644	n00809 n00922 n03389	198		true
n09187	15	0.0300	n04720	n00713	538		true
n09188	14	0.0300	n05407 n05659 n07275 n07712 n07748	n01519	105		true
n09189	14	0.0300	n06071 n07277	n01095 n01916	196		true
n09190	17	0.0300	n05805 n08917	n03930 n08071	147		true
n09191	14	0.0300	n02396 n04704 n06663 n06963 n07277 n07694 n08191 n08779	n01553	102		true
n09192	17	0.0300	n02644	n00179 n02307	105		true
n09193	15	0.0300	n04262 n07925	n03876	174		true
n09194	14	0.0300	n04983 n08946	n03163	116		true
n09195	16	0.0300	n08283 n08351 n08983	n01829 n05356	418		true
n09196	16	0.0300	n02695 n08211 n08779 n08801	n02247 n02794	159		true
n09197	14	0.0300	n02137 n04108 n06416 n07274 n08189 n08190 n08776 n08777	n05052 n05769	175		true
n09198	16	0.0300	n02137 n04108 n07274 n08189 n08777	n01986 n03939	191		true
n09199	15	0.0300	n05987 n06416 n07274 n08189	n00313 n08118	157		true
n09200	14	0.0300	n02396 n04007 n04704 n06663 n06963 n07277 n07694 n08191 n08779	n02445	229		true
n09201	14	0.0300	n01347 n03680	n01322	56		true
n09202	15	0.0300	n02137 n02644 n07274 n08189 n08777	n01854 n03398	167		true
n09203	14	0.0300	n07850	n00462 n01209	92		true
n09204	14	0.0300	n06277 n08330	n02372 n03525	961		true
n09205	17	0.0300	n01347 n03680	n03712 n04942	198		true
n09206	14	0.0300	n04568 n05084 n08343 n08818	n01712	77		true
n09207	15	0.0300	n02137 n04108 n07274 n08189 n08777	n01244 n02238	96		true
n09208	16	0.0300	n05873	n02876 n09580	224		true
n09209	16	0.0300	n04320	n00499 n01752 n03726	114		true
n09210	16	0.0300	n07064	n00595 n04492	96		true
n09211	16	0.0300	n01347	n05605	509		true
n09212	14	0.0300	n02137 n04006 n04108 n04500 n05277 n05659 n06416 n06963 n07274 n07275 n07276 n08190 n08776 n08777 n08778	n03526	223		true
n09213	15	0.0300	n02644	n07191	220		true
n09214	14	0.0300	n02137 n04006 n04108 n04500 n05277 n05659 n06416 n06963 n07274 n07275 n07276 n08189 n08190 n08776 n08777 n08778	n00199 n00723	183		true
n09215	15	0.0300	n06508	n04919	134		true
n09216	15	0.0300	n07096	n01947 n08662	178		true
n09217	15	0.0300	n06714	n04419 n07221	127		true
n09218	16	0.0300	n08904	n08155 n09445	123		true
n09219	14	0.0300	n02126	n03060 n03766	446		true
n09220	14	0.0300	n06036	n00555 n01192	399		true
n09221	15	0.0300	n02396 n04704 n06663 n06963 n07277 n07694 n08191 n08779	n03342	245		true
n09222	16	0.0300	n02137 n02644 n07274 n08189 n08777	n03701 n03719	176		true
n09223	17	0.0300	n08857	n08037	176		true
n09224	15	0.0300	n07053	n05270	102		true
n09225	14	0.0300	n07047 n07285 n08190	n01093 n05363	256		true
n09226	14	0.0300	n07920	n04496	141		true
n09227	15	0.0300	n01347 n03680	n01533 n06608	72		true
n09228	14	0.0300	n05435 n08329 n08330	n01473 n01533	968		true
n09229	15	0.0300	n05550	n02554	70		true
n09230	17	0.0300	n04108 n05816	n02587 n07271	260		true
n09231	19	0.0300	n02182 n05221	n06659 n08095	392		true
n09232	14	0.0300	n01335 n04006 n04500 n05277 n08189	n01487 n02088	166		true
n09233	15	0.0300	n01335 n04006 n04500 n05277 n08189	n03830 n06158	252		true
n09234	16	0.0300	n06663 n06963	n01516 n02565 n06898	383		true
n09235	16	0.0300	n01335 n04006 n04500 n05277 n08189	n01294 n02856 n04857	246		true
n09236	16	0.0300	n02644 n08776	n04546 n04698	230		true
n09237	19	0.0300	n02137 n04006 n04108 n06416 n07274 n07275 n08189 n08190 n08777 n08778	n02853 n04056 n04193	162		true
n09238	19	0.0300	n03787 n07274 n08779	n02769 n02880 n05152 n07689	166		true
n09239	16	0.0300	n01335 n04006 n04500 n05277 n08189	n00557 n03379	159		true
n09240	15	0.0300	n01335 n04006 n04500 n05277	n02004	169		true
n09241	14	0.0300	n04500 n05712	n02351 n02454	488		true
n09242	22	0.0300	n02137 n04006 n04108 n04500 n05277 n05659 n06416 n06963 n07274 n07275 n07276 n08189 n08190 n08776 n08777 n08778	n06337 n07628 n07988	643		true
n09243	16	0.0300	n07032 n07469	n03756 n06383	236		true
n09244	16	0.0300	n03977 n06004	n09390	338		true
n09245	16	0.0300	n02396 n04007 n04704 n06663 n06963 n07277 n07694 n08191 n08779	n09246	319		true
n09246	13	0.0300	n07027 n08253 n09245	n02326 n03780	301		true
n09247	13	0.0300	n04446 n07401 n08814	n04105	290		true
n09248	13	0.0300	n02137 n04006 n04500 n05277 n08189 n08190	n03256	108		true
n09249	18	0.0300	n08508	n07146 n09389	72		true
n09250	15	0.0300	n05559 n07954	n02911 n07642 n09419	324		true
n09251	13	0.0300	n08190 n08255 n08806	n02107	323		true
n09252	15	0.0300	n03505	n00495 n03893	153		true
n09253	13	0.0300	n07843	n02908	207		true
n09254	14	0.0300	n04720 n07361 n07749	n00603 n01072	374		true
n09255	13	0.0300	n08365	n02821	102		true
n09256	13	0.0300	n04169 n09021	n02623	142		true
n09257	14	0.0300	n05854	n03570 n03780	342		true
n09258	15	0.0300	n05659 n07275 n07276 n07709	n01264 n01770	195		true
n09259	14	0.0300	n02644 n04108 n04704 n06416 n07277 n08190 n08779	n02282	72		true
n09260	13	0.0300	n06083 n08915	n03523	47		true
n09261	13	0.0300	n01347	n02040	44		true
n09262	13	0.0300	n05084 n08818	n00490 n01719	82		true
n09263	14	0.0300	n04707 n08901	n02721 n03715	157		true
n09264	15	0.0300	n05023	n03878	229		true
n09265	15	0.0300	n08192 n08204	n03753	236		true
n09266	13	0.0300	n07799	n00723 n00822	236		true
n09267	13	0.0300	n08964	n02083 n03439	204		true
n09268	14	0.0300	n07845 n07911	n02365 n05390	284		true
n09269	14	0.0300	n01347 n03680	n06940	72		true
n09270	14	0.0300	n05880	n02912 n05046	127		true
n09271	15	0.0300	n02396 n04704 n07694 n08779	n01895 n04554	196		true
n09272	14	0.0300	n02396 n04007 n04704 n06663 n06963 n07277 n07694 n08191 n08779	n03305 n03336	249		true
n09273	13	0.0300	n01347 n03680	n00783	73		true
n09274	13	0.0300	n07074	n02799	92		true
n09275	17	0.0300	n02137 n04006 n04108 n04500 n05659 n06416 n06963 n07275 n08776	n07946	168		true
n09276	13	0.0300	n01347 n03680	n00584 n01219	122		true
n09277	15	0.0300	n03315 n04871 n05531 n06235	n00816 n06178	69		true
n09278	15	0.0300	n07792 n08776	n01716 n01750 n03905	97		true
n09279	13	0.0300	n01937	n00870	97		true
n09280	13	0.0300	n01347	n01772	94		true
n09281	14	0.0300	n06756	n02192	141		true
n09282	13	0.0300	n01335 n04006 n04500 n05277 n08189	n01914	196		true
n09283	15	0.0300	n03912	n00592 n00951 n01482	110		true
n09284	15	0.0300	n07094	n00951 n01482 n02506	137		true
n09285	16	0.0300	n06500	n03384 n03958	143		true
n09286	15	0.0300	n05277 n05659 n07718	n04152 n05779	397		true
n09287	13	0.0300	n02137 n04006 n04108 n04500 n05277 n05659 n06416 n06963 n07274 n07275 n07276 n08189 n08190 n08776 n08777 n08778	n01450	194		true
n09288	13	0.0300	n02137 n02644 n07274 n08777	n02625	64		true
n09289	14	0.0300	n07421	n00648 n03131	115		true
n09290	15	0.0300	n08431	n01702 n07243	223		true
n09291	13	0.0300	n04283	n00452	94		true
n09292	13	0.0300	n02137 n04006 n04108 n04500 n05659 n06416 n06663 n06963 n07275 n07694 n08190 n08191 n08776 n08778 n08779	n01714	1160		true
n09293	14	0.0300	n02644 n04108	n02473 n04773	120		true
n09294	13	0.0300	n03977	n00147	306		true
n09295	13	0.0300	n02396 n04108 n06663 n08191 n08779	n00045	230		true
n09296	13	0.0300	n06723	n00587	59		true
n09297	18	0.0300	n02396 n04007 n08206 n08776	n05795 n08128	349		true
n09298	15	0.0300	n01523	n04414	400		true
n09299	15	0.0300	n02613	n01895 n09452	201		true
n09300	13	0.0300	n02137 n04006 n04108 n06416 n07274 n08189 n08190 n08776 n08777	n01367	125		true
n09301	19	0.0300	n00820	n01961 n02032 n03934	274		true
n09302	14	0.0300	n02644	n02558 n03006	197		true
n09303	16	0.0300	n09116	n04857 n07657	231		true
n09304	13	0.0300	n04970	n04946	1264		true
n09305	16	0.0300	n08995 n09119	n02501 n07609	176		true
n09306	13	0.0300	n02644 n04108 n04704 n06416 n07277 n08190 n08776 n08779	n02391	142		true
n09307	13	0.0300	n01227	n02221	162		true
n09308	13	0.0300	n01335 n04006 n04500 n05277 n08189	n01499 n03906	92		true
n09309	16	0.0300	n05221 n06700	n08095	414		true
n09310	13	0.0300	n04108 n06416 n08190 n08776	n03628	223		true
n09311	15	0.0300	n04725 n05731 n08899	n04107 n04498	161		true
n09312	13	0.0300	n02137 n04006 n04108 n04500 n05277 n05659 n06416 n07275 n08189 n08190 n08778	n03350	141		true
n09313	13	0.0300	n05111 n06538	n01513	239		true
n09314	12	0.0300	n01335 n05277 n08779	n00360	338		true
n09315	12	0.0300	n05318	n03892	74		true
n09316	12	0.0300	n05196 n07839 n08790 n09084	n00147 n00813	124		true
n09317	14	0.0300	n02644 n08777	n01948 n03387	84		true
n09318	12	0.0300	n02644 n03588 n03912 n05186	n03098	128		true
n09319	14	0.0300	n04108 n04500 n07275 n07276 n08189	n04420 n05634	183		true
n09320	15	0.0300	n01335 n04006 n04500 n05277 n08189	n00799 n04932	124		true
n09321	13	0.0300	n01860	n04253	322		true
n09322	13	0.0300	n02137 n07274 n08777 n08926	n06627	157		true
n09323	13	0.0300	n08928	n02263	109		true
n09324	13	0.0300	n01347	n02590	288		true
n09325	12	0.0300	n02644 n08776 n08865	n00463	435		true
n09326	13	0.0300	n03270 n06963	n09605	155		true
n09327	12	0.0300	n02644 n04108 n04704 n06416 n07274 n07277 n08190 n08776 n08779	n00825 n02500	94		true
n09328	12	0.0300	n01347	n00357	94		true
n09329	13	0.0300	n01880 n02396 n04704 n06963 n07277 n07307 n07694 n08191 n08779 n08780	n01701	470		true
n09330	13	0.0300	n07274 n07768 n08776	n02754	133		true
n09331	12	0.0300	n02644		164		true
n09332	13	0.0300	n08266	n01593	312		true
n09333	16	0.0300	n07817	n04150 n09411	427		true
n09334	12	0.0300	n01417		80		true
n09335	14	0.0300	n08344	n01268 n04937	205		true
n09336	14	0.0300	n03506 n09021	n02342	161		true
n09337	13	0.0300	n02972 n06217 n06712 n07323	n00786 n02225	64		true
n09338	13	0.0300	n02396 n04108 n06663 n08191 n08779	n01127	683		true
n09339	12	0.0300	n01347 n03680	n00288	60		true
n09340	13	0.0300	n02137 n02644 n07274 n08189 n08777	n02132	106		true
n09341	12	0.0300	n02137 n02644 n07274 n08777	n00595 n01266	91		true
n09342	12	0.0300	n07480	n01206	52		true
n09343	14	0.0300	n00708 n04224	n01358 n04153	236		true
n09344	12	0.0300	n02069 n04377 n08271		83		true
n09345	12	0.0300	n01347 n03680	n02726	63		true
n09346	14	0.0300	n02644	n01096 n01528	208		true
n09347	18	0.0300	n04108 n06416 n08190 n08776	n04418 n04558 n08607	618		true
n09348	12	0.0300	n03401	n01209	77		true
n09349	13	0.0300		n00993	546		true
n09350	12	0.0300	n01347 n03680		54		true
n09351	13	0.0300	n06269	n03377	126		true
n09352	12	0.0300	n03966 n04955 n08247	n00564 n03716	51		true
n09353	12	0.0300	n04657 n07779 n08776	n00865	125		true
n09354	12	0.0300	n02137 n04006 n04108 n04500 n05277 n05659 n06416 n06963 n07274 n07275 n07276 n08189 n08190 n08776 n08777 n08778	n00068	93		true
n09355	13	0.0300	n04108 n07694 n08190	n04106	189		true
n09356	12	0.0300		n00951	185		true
n09357	14	0.0300	n02487 n02546 n06021 n08805	n03782 n09471	137		true
n09358	14	0.0300	n08783	n02422	228		true
n09359	12	0.0300	n09120	n02422 n02425	125		true
n09360	13	0.0300	n02396 n05277 n05428 n08356	n02288	106		true
n09361	12	0.0300	n05277 n08189 n08198 n08777	n00068	92		true
n09362	12	0.0300	n05325	n01177	99		true
n09363	12	0.0300	n02644 n04108 n04704 n06416 n07274 n07277 n08190 n08776	n00648	105		true
n09364	12	0.0300	n01335 n04006 n04500 n05277 n08189	n01344	396		true
n09365	12	0.0300	n03456 n06759	n00507	199		true
n09366	12	0.0300	n06703 n07735	n00242	77		true
n09367	17	0.0300	n06963 n07313 n08776 n08777	n07522	439		true
n09368	18	0.0300	n08308	n08480	821		true
n09369	12	0.0300	n05067 n05683 n05831	n00534	123		true
n09370	13	0.0300	n02137 n04006 n04108 n05277 n06416 n07274 n07275 n08189 n08190 n08776 n08777	n03574 n08753	215		true
n09371	12	0.0300	n03811	n01277	272		true
n09372	13	0.0300	n05321 n07167	n02874	438		true
n09373	12	0.0300	n04144 n07285	n01093 n02759	222		true
n09374	12	0.0300	n02137 n04006 n04108 n04500 n05277 n05659 n06416 n06963 n07274 n07275 n07276 n08189 n08190 n08776 n08777 n08778		188		true
n09375	14	0.0300	n08189 n09136	n05170	225		true
n09376	12	0.0300	n05221 n06059	n02219	266		true
n09377	12	0.0300	n02396 n04007 n04704 n06663 n06963 n07277 n07694 n08191 n08779		116		true
n09378	13	0.0300	n04337 n08410	n03342	206		true
n09379	13	0.0300	n05988	n01964 n03587	243		true
n09380	13	0.0300	n01880 n02396 n04704 n06663 n06963 n07277 n07694 n08191 n08779	n03779	130		true
n09381	12	0.0300	n01762		240		true
n09382	12	0.0300	n05007 n05425	n00854	540		true
n09383	14	0.0300	n01335 n04006 n04500 n05277 n08189	n02060 n02683	272		true
n09384	14	0.0300	n02137 n04006 n04108 n04500 n05277 n05659 n06416 n06963 n07274 n07275 n07276 n08189 n08190 n08776 n08777 n08778	n03666 n05653	192		true
n09385	12	0.0300	n02137 n04006 n04108 n04500 n05277 n05659 n06416 n06963 n07274 n07275 n07276 n08189 n08190 n08776 n08777 n08778	n02474	156		true
n09386	13	0.0300	n05659 n07949	n00495 n02637	234		true
n09387	11	0.0300	n07712 n08397	n02918	133		true
n09388	11	0.0300		n00770	115		true
n09389	12	0.0300	n09249	n02625	60		true
n09390	11	0.0300	n04905 n09244	n00147	172		true
n09391	11	0.0300	n01347	n00064	140		true
n09392	11	0.0300	n05719 n08379	n00393 n01587	132		true
n09393	12	0.0300	n05101	n00702 n02153	307		true
n09394	11	0.0300	n05853 n07360 n07583	n01088	93		true
n09395	11	0.0300	n08902 n08966	n01168	58		true
n09396	11	0.0300	n02396 n02644 n04108 n04704 n07694 n08190 n08779	n00535	103		true
n09397	12	0.0300	n01813	n03904	153		true
n09398	11	0.0300	n06521	n02246	107		true
n09399	11	0.0300	n05659 n07276 n07695 n08189	n02686	302		true
n09400	11	0.0300	n01347		404		true
n09401	11	0.0300	n02137 n04006 n04108 n04500 n05277 n05659 n06416 n06963 n07274 n07275 n07276 n08189 n08190 n08776 n08777 n08778	n00399	93		true
n09402	11	0.0300	n02644 n04108 n04704 n06416 n07274 n07277 n08190 n08776 n08779		101		true
n09403	11	0.0300	n05086 n08547 n09091	n00342	187		true
n09404	12	0.0300	n05018	n02327 n03667	101		true
n09405	11	0.0300	n04325	n00434	57		true
n09406	12	0.0300	n06960	n02760 n03004	238		true
n09407	11	0.0300	n06032 n07299 n07770 n08776	n00714	577		true
n09408	12	0.0300	n02644 n04108 n06416 n07274 n08190 n08776	n01751 n02633	93		true
n09409	12	0.0300	n02396 n07296 n07302	n01305 n03625	198		true
n09410	11	0.0300	n03461 n04686	n01520	302		true
n09411	14	0.0300	n09333	n00455 n01831	415		true
n09412	11	0.0300	n02137 n04006 n04108 n04500 n05277 n05659 n06416 n06963 n07274 n07275 n07276 n08189 n08190 n08776 n08777 n08778	n03575	93		true
n09413	13	0.0300	n02396 n02644 n04108 n06663 n07694 n08190 n08779	n01850 n02598	147		true
n09414	12	0.0300	n02137 n04006 n04108 n04500 n05277 n05659 n06963 n07275 n07276 n08189 n08190 n08776 n08778	n03901	436		true
n09415	13	0.0300	n07867	n01583 n02667	93		true
n09416	11	0.0300	n04006 n04500 n05277 n06515 n08190	n03256	116		true
n09417	11	0.0300	n05028	n00211 n00603	186		true
n09418	13	0.0300	n03460	n03139 n03439	160		true
n09419	11	0.0300	n04108 n09250	n01786	240		true
n09420	11	0.0300	n04108 n05659 n06298 n06416 n06963 n07275 n08776 n08777 n08778	n00566 n00971	152		true
n09421	12	0.0300	n01347	n00549	95		true
n09422	12	0.0300	n01347 n03680	n01783	479		true
n09423	11	0.0300	n03788 n06213 n06716 n08199	n03668	367		true
n09424	11	0.0300	n03814 n06456 n06804	n00212	182		true
n09425	11	0.0300	n01347 n03680	n00643	73		true
n09426	11	0.0300	n05427 n07812	n01473 n02601	229		true
n09427	14	0.0300	n03401	n00246 n01209	109		true
n09428	14	0.0300	n05659 n06963 n07275 n07276 n07855 n08778	n02417 n08773	147		true
n09429	11	0.0300	n02137 n04006 n04500 n05277 n08189	n03955	225		true
n09430	13	0.0300	n06743	n00865 n03670	124		true
n09431	11	0.0300	n01937	n00870	97		true
n09432	11	0.0300	n05739 n06506 n07117 n07458	n02917	82		true
n09433	11	0.0300	n04821 n06968 n08776	n00300	264		true
n09434	11	0.0300	n02137		116		true
n09435	12	0.0300	n01347	n01167 n02827	182		true
n09436	11	0.0300	n02137 n04006 n04108 n04500 n05277 n05659 n06416 n06963 n07274 n07275 n08189 n08190 n08776 n08777 n08778	n01177	96		true
n09437	11	0.0300	n07915	n01855	68		true
n09438	12	0.0300	n01403	n02160	79		true
n09439	11	0.0300	n02272 n06771	n02008	143		true
n09440	11	0.0300	n02846	n00489	114		true
n09441	11	0.0300	n04088		76		true
n09442	12	0.0300	n04108 n06663 n06963 n07694 n08190 n08191 n08779	n03094	282		true
n09443	11	0.0300	n04514	n00807	157		true
n09444	11	0.0300	n01115 n01687 n06470	n00353	177		true
n09445	11	0.0300	n09218	n00220	107		true
n09446	12	0.0300	n07494 n08958	n00581	95		true
n09447	11	0.0300	n01335 n04006 n04500 n05277 n08189	n03839	293		true
n09448	11	0.0300	n07113 n08284		184		true
n09449	12	0.0300	n02137 n04006 n04108 n04500 n05277 n05659 n06416 n06963 n07274 n07275 n07276 n08189 n08190 n08776 n08777 n08778	n00864	147		true
n09450	11	0.0300	n02137 n04006 n04108 n04500 n05277 n05659 n06416 n06963 n07274 n07275 n07276 n08189 n08190 n08776 n08777 n08778	n00864	142		true
n09451	11	0.0300	n02396 n06663 n06963 n07694 n08191	n03718	185		true
n09452	11	0.0300	n05555 n09299	n01774	138		true
n09453	13	0.0300	n06257 n07758	n01473 n02456	359		true
n09454	11	0.0300	n09063	n00357	103		true
n09455	11	0.0300	n02644	n03006	190		true
n09456	11	0.0300	n01347 n03680 n08576		133		true
n09457	12	0.0300	n04108 n04500 n06416 n06963 n08190	n02158	223		true
n09458	11	0.0300	n05683 n07037 n07841 n08824	n00174	220		true
n09459	12	0.0300	n02644 n04108 n04704 n06416 n07274 n07277 n08190 n08776 n08779	n02391	110		true
n09460	11	0.0300	n02137 n07274 n08189 n08777	n02132	100		true
n09461	12	0.0300	n01880 n02396 n04704 n06663 n06963 n07277 n07694 n08191 n08779 n08780	n00736 n02426	334		true
n09462	12	0.0300	n01335 n04006 n04500 n05277 n08189	n00559 n02427	199		true
n09463	12	0.0300	n08526	n00738 n03005	214		true
n09464	12	0.0300	n07103 n08778	n00854 n01018	532		true
n09465	12	0.0300	n07787	n02119	277		true
n09466	12	0.0300	n07427	n00345 n02428	108		true
n09467	11	0.0300	n04083 n05916 n08977		120		true
n09468	12	0.0300	n02137 n04006 n04108 n04500 n05277 n05659 n06416 n06963 n07274 n07275 n07276 n08189 n08190 n08776 n08777 n08778	n03577	203		true
n09469	10	0.0300	n02137 n04006 n04108 n04500 n05277 n06416 n06963 n07275 n08189 n08190 n08776 n08778	n00787	67		true
n09470	10	0.0300	n02137 n04006 n04108 n04500 n05277 n05659 n06416 n06963 n07274 n07275 n07276 n08189 n08190 n08776 n08777 n08778	n01736	124		true
n09471	10	0.0300	n01298 n05466 n09357	n01078 n02308	101		true
n09472	10	0.0300	n07471	n00619	151		true
n09473	12	0.0300	n04006 n04108 n04500 n05277 n07274 n07275 n08190 n08778	n00083 n02037	156		true
n09474	10	0.0300	n02137 n02644 n07274 n08189 n08777		97		true
n09475	10	0.0300	n02137 n04006 n04108 n07274 n08189 n08778	n03097	151		true
n09476	10	0.0300	n05817 n06663 n07953 n08780	n03136	115		true
n09477	10	0.0300	n02644		203		true
n09478	11	0.0300	n01335 n04006 n04500 n05277 n08189	n00258 n02506	110		true
n09479	11	0.0300	n02137 n04006 n04108 n04500 n05277 n05659 n06416 n06963 n07274 n07275 n07276 n08189 n08190 n08776 n08778	n01168	90		true
n09480	10	0.0300	n02644	n02371	40		true
n09481	10	0.0300	n04475 n04900		50		true
n09482	14	0.0300	n04475	n08152 n08681	64		true
n09483	10	0.0300	n01347 n03680	n00551	51		true
n09484	10	0.0300	n07955	n00332	93		true
n09485	10	0.0300	n04447 n08320		123		true
n09486	11	0.0300	n04333 n06665	n02422	110		true
n09487	10	0.0300	n01374 n07837		187		true
n09488	10	0.0300	n02396 n04704 n06663 n07694 n08191 n08779	n01127	273		true
n09489	12	0.0300	n04007 n04704 n05392 n07277 n07278 n08779 n08780	n03958	136		true
n09490	11	0.0300	n02137 n02644 n07274 n08777	n02307	137		true
n09491	10	0.0300	n06963	n00847	213		true
n09492	10	0.0300	n02137 n04006 n04108 n04500 n05277 n05659 n06416 n06963 n07274 n07275 n07276 n08189 n08190 n08776 n08778	n01631	354		true
n09493	10	0.0300	n02137 n04006 n04108 n04500 n05277 n05659 n06416 n06963 n07274 n07275 n07276 n08189 n08190 n08776 n08777 n08778	n01279	81		true
n09494	10	0.0300	n05277 n05407 n05659 n07275 n07276 n07712 n07748		117		true
n09495	10	0.0300	n08778 n08820		65		true
n09496	11	0.0300	n02644 n04108 n04704 n06416 n07274 n07277 n08190 n08776 n08779	n00909	188		true
n09497	10	0.0300	n04640 n06990		243		true
n09498	11	0.0300	n02644 n04108 n06416 n07274 n08190 n08776 n08779	n02117	99		true
n09499	10	0.0300	n02644		40		true
n09500	11	0.0300	n01347	n00887 n01459	550		true
n09501	12	0.0300	n06845	n02090 n03306	120		true
n09502	10	0.0300	n02137 n04006 n04108 n04500 n05277 n05659 n06416 n06963 n07275 n08189 n08190 n08776 n08778	n00241	289		true
n09503	12	0.0300	n04108 n08190	n01370 n02178	492		true
n09504	10	0.0300	n05281 n08223		150		true
n09505	10	0.0300	n04174 n05236 n07797	n00888	124		true
n09506	10	0.0300	n02644 n03680		161		true
n09507	10	0.0300	n08284 n08936		268		true
n09508	11	0.0300	n02137 n02644 n04006 n04108 n06416 n07274 n08189 n08190 n08776 n08777	n03139	133		true
n09509	10	0.0300	n02137 n04006 n04108 n04500 n05277 n05659 n07274 n07275 n07276 n08189 n08190		88		true
n09510	12	0.0300	n05102 n06560 n09101	n02533 n02564	148		true
n09511	10	0.0300	n00780 n03538 n08777	n00845	49		true
n09512	10	0.0300	n02137 n08167	n00155	49		true
n09513	10	0.0300	n02396 n04704 n06663 n08779	n00699	165		true
n09514	11	0.0300	n03851 n08253	n00615	203		true
n09515	11	0.0300	n07902	n00123 n00366	48		true
n09516	10	0.0300	n02644 n03680	n00621 n00974	67		true
n09517	11	0.0300	n01347	n02393	366		true
n09518	10	0.0300	n05739	n00654	79		true
n09519	10	0.0300	n01335 n04006 n04500 n05277 n08189	n00659	228		true
n09520	10	0.0300	n08783		144		true
n09521	10	0.0300	n01229 n06983	n00596	112		true
n09522	10	0.0300	n03012 n08241	n01988	89		true
n09523	10	0.0300	n02644 n04108 n07274 n08190		228		true
n09524	10	0.0300	n02137 n02644 n04108 n07274 n08189 n08777	n02196	96		true
n09525	10	0.0300	n06116	n00717	69		true
n09526	10	0.0300	n05277 n08997	n02289	128		true
n09527	12	0.0300	n02137 n04006 n04108 n04500 n05277 n05659 n06416 n06963 n07274 n07275 n07276 n08189 n08190 n08776 n08777 n08778	n00410 n03346	93		true
n09528	10	0.0300	n02137 n02644 n07274 n08777		89		true
n09529	10	0.0300	n04526	n00295	110		true
n09530	10	0.0300	n01880 n02396 n04704 n05392 n06663 n06963 n07277 n07694 n08191 n08779 n08780		221		true
n09531	10	0.0300	n02137 n04006 n04108 n04500 n05659 n06416 n06963 n07275 n08190 n08776 n08778 n08779	n02251	1130		true
n09532	11	0.0300	n04541 n07529	n02394	1174		true
n09533	10	0.0300	n01335 n04006 n04500 n05277 n08189	n00958	188		true
n09534	10	0.0300	n01665	n00796	91		true
n09535	10	0.0300	n07752	n00957	91		true
n09536	10	0.0300	n01347 n03680	n00721	61		true
n09537	11	0.0300	n02396 n04108 n06416 n06663 n06963 n07694 n08190 n08191 n08779	n01739	196		true
n09538	10	0.0300	n08783		304		true
n09539	10	0.0300	n01335 n04006 n04500 n05277 n08189		201		true
n09540	10	0.0300	n01335 n04006 n04500 n05277 n08189		103		true
n09541	10	0.0300	n04284	n00175	350		true
n09542	10	0.0300	n06067 n06265	n01397	193		true
n09543	10	0.0300	n02137 n04006 n04108 n04500 n05659 n06416 n06963 n07274 n07275 n07276 n08189 n08190 n08777	n02964	163		true
n09544	11	0.0300	n03262 n03732 n05672 n06717	n02221	151		true
n09545	10	0.0300	n02396 n04006 n04500 n05277 n08189	n02427	197		true
n09546	11	0.0300	n01347 n03680	n00385	65		true
n09547	10	0.0300	n04002	n00802	888		true
n09548	10	0.0300	n02137 n04006 n04108 n04500 n05277 n05659 n06416 n06963 n07274 n07275 n07276 n08189 n08190 n08776 n08777 n08778	n00455	154		true
n09549	10	0.0300	n04006 n04500 n05277 n08189		136		true
n09550	11	0.0294	n05546		137		true
n09551	14	0.0286	n05121 n07055	n00998 n01736	370		true
n09552	10	0.0280	n02644 n06416 n06440 n07274 n08190	n01774	228		true
n09553	11	0.0275	n01941 n08286		187		true
n09554	12	0.0272	n07463 n08476	n00236	187		true
n09555	12	0.0269	n02644 n04108 n06416 n07274 n08190 n08776	n02117	78		true
n09556	12	0.0269	n05000 n07498		208		true
n09557	12	0.0269	n02137 n04006 n04108 n05277 n05659 n06416 n06963 n07274 n07276 n08189 n08190 n08776 n08777 n08778	n00170 n01131	128		true
n09558	13	0.0269	n00270 n03330	n00319 n03848	107		true
n09559	10	0.0266	n07713	n01152	93		true
n09560	14	0.0266	n03118 n08776 n08777	n05624	393		true
n09561	11	0.0265	n06860	n03627	194		true
n09562	10	0.0265	n04139 n07197 n09165 n09170	n01093	250		true
n09563	12	0.0262	n03806 n06239	n02963	90		true
n09564	12	0.0260	n01745	n01833	181		true
n09565	11	0.0256	n04443 n08191 n08340 n08776 n09090	n01169	365		true
n09566	15	0.0255	n02940 n08945	n02019 n03031 n06934	228		true
n09567	11	0.0255	n01347	n03675	233		true
n09568	15	0.0254	n02137 n02644 n04006 n04108 n06416 n07274 n08189 n08190 n08776 n08777	n00890 n00991	174		true
n09569	13	0.0254	n01032	n01186	175		true
n09570	11	0.0254	n01181 n04006 n08776 n08777		191		true
n09571	11	0.0254	n04006 n04500 n05277 n08189 n08778	n01008	239		true
n09572	10	0.0254	n06416 n06440 n06663 n07274 n08190 n08358	n00423	253		true
n09573	13	0.0253	n05672 n08479	n01027	134		true
n09574	12	0.0253	n04537	n01090	57		true
n09575	12	0.0253	n06840	n00934	78		true
n09576	10	0.0253	n05659 n06465 n06751		95		true
n09577	11	0.0253	n07082 n09109	n00651 n01415	576		true
n09578	10	0.0253	n01347	n01917	72		true
n09579	11	0.0253	n08783	n01027	109		true
n09580	10	0.0253	n07675 n07785 n09208	n00248	102		true
n09581	20	0.0251	n03641	n04811 n07593 n08697	101		true
n09582	14	0.0251	n05665 n06980	n02912	136		true
n09583	15	0.0251	n09139	n03341 n04766	149		true
n09584	16	0.0251	n02137 n07274 n08189 n08777	n05251	122		true
n09585	14	0.0251	n05809	n03209	187		true
n09586	15	0.0251	n04029 n06273	n01186 n02918	141		true
n09587	13	0.0251	n07072	n01204 n03136	176		true
n09588	12	0.0251	n01347 n03680	n01233	136		true
n09589	12	0.0251	n02644	n01528	205		true
n09590	12	0.0251	n05884	n00215	232		true
n09591	13	0.0251	n06674	n07657	83		true
n09592	12	0.0251	n02137 n07274		161		true
n09593	12	0.0251	n02644	n02111	120		true
n09594	12	0.0251	n01335 n04006 n04500 n05277 n08189	n00755 n00802	878		true
n09595	11	0.0251	n02137 n04006 n04108 n04500 n05277 n05659 n06416 n06963 n07274 n07275 n07276 n08189 n08190 n08776 n08777 n08778		163		true
n09596	16	0.0251	n03512 n07768	n02754 n05375 n06374	134		true
n09597	12	0.0251	n02396 n04704 n06663 n06963 n07277 n07694 n08191 n08779	n02876	176		true
n09598	15	0.0251	n03864 n05454	n04539	137		true
n09599	12	0.0251	n02051	n01044	169		true
n09600	12	0.0251	n02331 n04020	n02222	82		true
n09601	13	0.0251	n08814	n08583	329		true
n09602	11	0.0251	n06978 n07299 n08190 n08191 n08776	n00713	484		true
n09603	12	0.0251	n02466 n08193	n00242 n03533	105		true
n09604	10	0.0251	n07868	n00671	91		true
n09605	10	0.0251	n09326		132		true
n09606	10	0.0251	n01347	n00646	77		true
n09607	10	0.0251	n01335 n04006 n04500 n05277 n08189		210		true
n09608	10	0.0251	n01335 n04006 n04500 n05277 n07714		98		true
n09609	10	0.0251	n04088		79		true
n09610	10	0.0251	n06824 n08936		255		true
n09611	10	0.0251	n06703 n07735	n00242	67		true
n09612	10	0.0251	n07274		151		true
n09613	11	0.0251	n02137 n04006 n04108 n04500 n05277 n06416 n06963 n07275 n07276 n08189 n08190 n08776 n08777 n08778	n02719	106		true
n09614	11	0.0251	n05101	n01211	321		true
n09615	10	0.0251	n08482	n00560	120		true
n09616	11	0.0251	n02137 n04006 n04108 n04500 n05277 n05659 n06416 n06963 n07274 n07275 n07276 n08189 n08190 n08776 n08777 n08778	n00794	185		true
n09617	10	0.0251	n03499 n06311		103		true
n09618	11	0.0251	n03499 n05130 n07498 n08432	n00738 n03717	144		true
